CHAIN config loaded: chain_id=91938 moniker=Mainnet-Node-1 genesis_path=genesis.json genesis_hash=bcfca8ea5bca4a07d4a32b1f8fe1770316615962bb3487c1fcf3c2dca6a17405
P2P config loaded: listen= external= seeds=4 persistent=4 persist_peer_id_refresh=false
P2P config loaded: persist_peer_id_refresh=false (explicit)
P2P config loaded: prune_localhost_on_refused=true (explicit)
P2P config loaded: prune_localhost_refused_failures=3 (explicit)
CONSENSUS config loaded: propose=3s prevote=1s precommit=1s commit=5s min_block_interval=4s recompute_pause=4s weak_subjectivity_depth=2048 max_future_gap=256 validator_set_commitment_v2_height=1 validator_set_hash_v3_height=0 deterministic_tx_order=true round_timeout=2s round_max=0 round_skew=1 barrier_relax=1m0s barrier_drop=1 barrier_retry_mode=per_block exec_quorum_emergency=true penalty_mode=converged_only invalid_proposer_q=4 exec_mismatch_q=3 exec_mismatch_slash=5 propose_requires_sync_ready=true post_block_safe_mode=true safe_mode_min=2s safe_mode_max=8s safe_mode_history=32 safe_mode_live_quorum_bps=6700
CONSENSUS config loaded: weak_subjectivity_depth=2048 (explicit)
CONSENSUS config loaded: max_future_block_gap=256 (explicit)
CONSENSUS config loaded: validator_set_commitment_v2_height=1 (explicit)
CONSENSUS config loaded: enforce_deterministic_tx_order=true (explicit)
CONSENSUS config loaded: proposer_round_timeout_seconds=2 (explicit)
CONSENSUS config loaded: proposer_round_max_skew=1 (explicit)
CONSENSUS config loaded: transition_barrier_relax_seconds=60 (explicit)
CONSENSUS config loaded: transition_barrier_max_drop=1 (explicit)
CONSENSUS config loaded: transition_barrier_retry_mode=per_block (explicit)
CONSENSUS config loaded: exec_quorum_emergency_enabled=true (explicit)
CONSENSUS config loaded: penalty_enforce_mode=converged_only (explicit)
CONSENSUS config loaded: invalid_proposer_quarantine_after=4 (explicit)
CONSENSUS config loaded: exec_mismatch_quarantine_after=3 (explicit)
CONSENSUS config loaded: exec_mismatch_slash_after=5 (explicit)
CONSENSUS config loaded: propose_requires_sync_ready=true (explicit)
CONSENSUS config loaded: core_pending_excluded_from_proposer=true (explicit)
CONSENSUS config loaded: core_activation_effective_height_buffer=64 (explicit)
CONSENSUS config loaded: post_block_safe_mode_enabled=true (explicit)
CONSENSUS config loaded: post_block_safe_mode_min_seconds=2 (explicit)
CONSENSUS config loaded: post_block_safe_mode_max_seconds=8 (explicit)
CONSENSUS config loaded: post_block_safe_mode_history_blocks=32 (explicit)
CONSENSUS config loaded: post_block_safe_mode_live_quorum_bps=6700 (explicit)
RPC config loaded: addr=127.0.0.1:26657 cors=[*] tls_cert=false tls_key=false auth_read=false auth_submit=false token_full=false token_read=false token_submit=false
VALIDATOR config loaded: dynamic=true deterministic=true equal_chance=true active_set=5 min_active=4 min_stake=100 cap=0.0500 uptime_window=1000 recovery=0.30 long_uptime=0.95 require_stake=true core_stake_exempt=true onboarding_grace_blocks=64 onboarding_max_new_slots=1 onboarding_strict_activation=true activation_delay=5 activation_model_v2_height=0 inactive_remove_blocks=8 rotation_window=50 banned=0 inactivity_penalty=true burn_bps=100 jail=500 cooldown=50 inactive_permanent=false heartbeat_ttl=25s grace=10s drift_blocks=8 rejoin_heartbeats=3 rejoin_signed=1 rejoin_window=16 fail_on_key_unavailable=true allow_identity_rotation=false active_set_mode=adaptive_committee max_active_committee=512 adaptive_log_mult=16 committee_rotation=32 activity_window=64 min_signed=1 heartbeat_scope=committee_only required_key_fingerprint= backup_required=true backup_dir=secure-backups backup_max_age_h=24 restore_on_missing=true allow_env_password_in_production=true password_mode=file_or_prompt
VALIDATOR config loaded: equal_chance_selection=true (explicit)
VALIDATOR config loaded: require_stake=true (explicit)
VALIDATOR config loaded: core_stake_exempt=true (explicit)
VALIDATOR config loaded: inactivity_penalty_enabled=true (explicit)
VALIDATOR config loaded: inactivity_penalty_burn_bps=100 (explicit)
VALIDATOR config loaded: inactivity_penalty_jail_blocks=500 (explicit)
VALIDATOR config loaded: inactivity_penalty_cooldown_blocks=50 (explicit)
VALIDATOR config loaded: permanent_remove_on_inactive=false (explicit)
VALIDATOR config loaded: liveness_heartbeat_ttl_seconds=25 (explicit)
VALIDATOR config loaded: liveness_grace_seconds=10 (explicit)
VALIDATOR config loaded: liveness_max_height_drift_blocks=8 (explicit)
VALIDATOR config loaded: rejoin_required_heartbeats=3 (explicit)
VALIDATOR config loaded: rejoin_required_signed_blocks=1 (explicit)
VALIDATOR config loaded: rejoin_window_blocks=16 (explicit)
VALIDATOR config loaded: fail_on_key_unavailable=true (explicit)
VALIDATOR config loaded: allow_identity_rotation_on_existing_chain=false (explicit)
VALIDATOR config loaded: active_set_mode=adaptive_committee (explicit)
VALIDATOR config loaded: max_active_committee=512 (explicit)
VALIDATOR config loaded: adaptive_committee_log_multiplier=16 (explicit)
VALIDATOR config loaded: committee_rotation_blocks=32 (explicit)
VALIDATOR config loaded: selection_activity_window_blocks=64 (explicit)
VALIDATOR config loaded: selection_min_signed_blocks=1 (explicit)
VALIDATOR config loaded: onboarding_grace_blocks=64 (explicit)
VALIDATOR config loaded: onboarding_max_new_slots=1 (explicit)
VALIDATOR config loaded: onboarding_strict_activation=true (explicit)
VALIDATOR config loaded: validator_set_activation_model_v2_height=0 (explicit)
VALIDATOR config loaded: validator_set_autoheal_mode=validator_quorum (explicit)
VALIDATOR config loaded: validator_set_autoheal_trusted_only_on_mismatch=true (explicit)
VALIDATOR config loaded: validator_set_autoheal_near_tip_force_after=2 (explicit)
VALIDATOR config loaded: validator_set_autoheal_pause_seconds=6 (explicit)
VALIDATOR config loaded: onboarding_bootstrap_lane_enabled=true (explicit)
VALIDATOR config loaded: onboarding_bootstrap_max_new_slots=1 (explicit)
VALIDATOR config loaded: onboarding_bootstrap_require_stake=true (explicit)
VALIDATOR config loaded: onboarding_bootstrap_require_not_jailed=true (explicit)
VALIDATOR config loaded: heartbeat_scope=committee_only (explicit)
VALIDATOR config loaded: required_key_fingerprint= (explicit)
VALIDATOR config loaded: key_backup_required=true (explicit)
VALIDATOR config loaded: key_backup_dir=secure-backups (explicit)
VALIDATOR config loaded: key_backup_max_age_hours=24 (explicit)
VALIDATOR config loaded: key_restore_allowed_on_missing=true (explicit)
VALIDATOR config loaded: allow_env_password_in_production=true (explicit)
VALIDATOR config loaded: core_env_password_allowed=true (explicit)
VALIDATOR config loaded: core_password_file= (explicit)
VALIDATOR config loaded: password_mode=file_or_prompt (explicit)
PROMO config loaded: obs=50 dcs=0.8500 uptime=98.00% div=70.00% div_epochs=20 srp=0.9000 srp_alpha=0.15 rate=1/100 test=false
NET config loaded: disable_dht=false block_public_peers=false diversity=true max_subnet=8 v4=24 v6=64 self_heal=true interval=5s min_peers=3 stall=20s autonat=false relay=false hole_punch=false
NET config loaded: mdns=true
NET config loaded: peer_diversity_enabled=true (explicit)
NET config loaded: peer_diversity_max_per_subnet=8 (explicit)
NET config loaded: peer_diversity_ipv4_prefix=24 (explicit)
NET config loaded: peer_diversity_ipv6_prefix=64 (explicit)
SYNC config loaded: snapshot_threshold_blocks=2000 (explicit)
SYNC config loaded: fresh_join_fallback_block_replay_enabled=true (explicit)
SYNC config loaded: snapshot_publish_new_node_threshold_blocks=50 (explicit)
SYNC config loaded: snapshot_publish_lag_threshold_blocks=20 (explicit)
SYNC config loaded: snapshot_publish_reannounce_cooldown_seconds=12 (explicit)
SYNC config loaded: snapshot_warmup_seconds=10 (explicit)
SYNC config loaded: fast_block_sync_max_blocks=256 (explicit)
SYNC config loaded: restart_snapshot_grace_blocks=256 (explicit)
SYNC config loaded: delta_replay_max_blocks=50000 (explicit)
SYNC config loaded: delta_replay_batch_blocks=1024 (explicit)
SYNC config loaded: delta_replay_verify_workers=8 (explicit)
SYNC config loaded: direct_gossip_max_blocks=128 (explicit)
SYNC config loaded: range_fetch_max_blocks=50000 (explicit)
SYNC config loaded: snapshot_delta_max_blocks=10000000 (explicit)
SYNC config loaded: snapshot_chunk_size_bytes=1048576 (explicit)
SYNC config loaded: snapshot_parallel_chunks=8 (explicit)
SYNC config loaded: sync_stall_seconds=180 (explicit)
SYNC config loaded: sync_peer_timeout_seconds=15 (explicit)
SYNC config loaded: snapshot_anchor_timeout_seconds=10 (explicit)
SYNC config loaded: snapshot_anchor_max_retries=6 (explicit)
SYNC config loaded: checkpoint_interval_blocks=32 (explicit)
SYNC config loaded: snapshot_checkpoint_domain=MSC_SNAPSHOT_V1 (explicit)
SYNC config loaded: snapshot_checkpoint_v2_height=0 (explicit)
SYNC config loaded: snapshot_session_ttl_seconds=0 (explicit)
SYNC config loaded: snapshot_quorum_apply_watchdog_seconds=15 (explicit)
SYNC config loaded: snapshot_session_reset_watchdog_seconds=60 (explicit)
SYNC config loaded: snapshot_invalid_proof_quarantine_after=3 (explicit)
SYNC config loaded: history_mode=background (explicit)
SYNC config loaded: trusted_snapshot_require_checkpoint_proof=true (explicit)
EVM config ignored: stack hard-disabled in this build
DTL config loaded: contract_runtime_removed=true contracts_v2=false compat_rpc_subset=false v2_activation_height=0 logs_index_enabled=true oracle_min_signers=3 oracle_staleness=120 lending_accrual_interval=1 beacon_delay=8 router_enabled=true router_max_hops=4 router_deadline_max_blocks=30 router_max_price_impact_bps=3000 router_quote_max_paths=16 defi_farm_enabled=true gamefi_season_enabled=true gamefi_reward_token=MSC
WARN dtl.solidity_like_runtime_enabled ignored: contract runtime removed
DTL config loaded: contracts_v2_enabled=false (explicit)
DTL config loaded: compat_rpc_subset_enabled=false (explicit)
DTL config loaded: v2_activation_height=0 (explicit)
DTL config loaded: logs_index_enabled=true (explicit)
DTL config loaded: oracle_min_signers=3 (explicit)
DTL config loaded: oracle_max_staleness_blocks=120 (explicit)
DTL config loaded: lending_accrual_interval_blocks=1 (explicit)
DTL config loaded: game_beacon_delay_blocks=8 (explicit)
WARN dtl.max_contract_call_depth ignored: contract runtime removed
WARN dtl.bytecode_runtime_enabled ignored: contract runtime removed
WARN dtl.bytecode_activation_height ignored: contract runtime removed
WARN dtl.bytecode_max_size ignored: contract runtime removed
WARN dtl.bytecode_require_canonical ignored: contract runtime removed
DTL config loaded: router_enabled=true (explicit)
DTL config loaded: router_max_hops=4 (explicit)
DTL config loaded: router_deadline_max_blocks=30 (explicit)
DTL config loaded: router_max_price_impact_bps=3000 (explicit)
DTL config loaded: router_quote_max_paths=16 (explicit)
DTL config loaded: defi_farm_enabled=true (explicit)
DTL config loaded: gamefi_season_enabled=true (explicit)
DTL config loaded: gamefi_reward_token=MSC (explicit)
DTL config loaded: gamefi_season_length_blocks=43200 (explicit)
DTL config loaded: gamefi_claim_grace_blocks=21600 (explicit)
DTL config loaded: gamefi_fee_share_from_pool_bps=2500 (explicit)
DTL config loaded: gamefi_fee_share_from_lending_bps=2000 (explicit)
DTL config loaded: gamefi_duel_win_points=100 (explicit)
DTL config loaded: gamefi_tournament_win_points=600 (explicit)
DTL config loaded: gamefi_tournament_participation_points=80 (explicit)
DTL config loaded: farm_min_stake_blocks=50 (explicit)
DTL config loaded: farm_lp_points_per_block=1 (explicit)
DTL config loaded: farm_max_multiplier_bps=30000 (explicit)
DTL config loaded: gamefi_max_reward_per_account_per_season=1000000 (explicit)
[DTL-CONTRACT-RUNTIME] removed=true
TOKENOMICS config loaded: allow_treasury_ops=false
TOKENOMICS config loaded: random_user_reward_enabled=true
TOKENOMICS config loaded: random_user_reward_chance_bps=2500
TOKENOMICS config loaded: emission_enabled=true
TOKENOMICS config loaded: emission_min_reward=2
TOKENOMICS config loaded: emission_max_reward=4
TOKENOMICS config loaded: work_block_reward_enabled=true
TOKENOMICS config loaded: work_block_base_reward=2
TOKENOMICS config loaded: emission_jackpot_chance_bps=100
TOKENOMICS config loaded: emission_base_chance_bps=10000
TOKENOMICS config loaded: emission_high_chance_after_blocks=1105840
TOKENOMICS config loaded: emission_high_chance_bps=10000
TOKENOMICS config loaded: emission_halving_interval_blocks=1105840
TOKENOMICS config loaded: emission_treasury_bps=2000
TOKENOMICS config loaded: emission_validator_bps=7200
TOKENOMICS config loaded: emission_burn_bps=800
TOKENOMICS config loaded: emission_interval_mode=false
TOKENOMICS config loaded: emission_gap_min_blocks=4
TOKENOMICS config loaded: emission_gap_max_blocks=6
TOKENOMICS config loaded: emission_validator_to_proposer=false
TOKENOMICS config loaded: supply_burn_floor=62000000
TOKENOMICS config loaded: unified_team_reward_enabled=true
TOKENOMICS config loaded: unified_team_reward_treasury_bps=2000
TOKENOMICS config loaded: unified_team_reward_proposer_bps=3500
TOKENOMICS config loaded: unified_team_reward_validator_bps=4500
AUTH config loaded: require_wallet=true open_browser=true timeout=600s challenge_ttl=180s token_ttl=86400s core=[A B C D]
CORE config loaded: registry_path=core_validators.json (explicit)
CORE config loaded: registry_enforcement=warn (explicit)
CORE config loaded: registry_min_signatures=0 (explicit)
CORE config loaded: registry_reload_seconds=10 (explicit)
STORAGE config loaded: key_env=MSC_DB_ENCRYPTION_KEY key_file= key_hex=false key_b64=false
STORAGE runtime: db_encryption=false
2026/05/18 00:44:15 RPC address resolved: 127.0.0.1:26663 (source=cli)
===============================================
===============================================
Node ID     : H
Mode        : full
Role        : validator
Data Dir    : data/H
Listen Port : 7007
===============================================
2026/05/18 00:44:15 [PEER-BOOTSTRAP-RECONCILE] base=/ip4/127.0.0.1/tcp/7001 old=12D3KooWGpHi5kd7qv2bb4kt8mj82B5qZKPvfyTxEcg5XvbxaTXg new=12D3KooWPVKESWFG9sS8G6vjhfPn54kWuNFkkuHwG4yQXhYRcXjX source=peers.json
2026/05/18 00:44:15 [PEER-BOOTSTRAP-RECONCILE] base=/ip4/127.0.0.1/tcp/7002 old=12D3KooWNV3HvPD8CJkhRRdvgv5mvshg49kE4cbQnbkhZq1G7msh new=12D3KooWHdmUKc1bYKY3scg6TqGhK3SutwH9hu1aAez4VmvwkEyk source=peers.json
2026/05/18 00:44:15 [PEER-BOOTSTRAP-RECONCILE] base=/ip4/127.0.0.1/tcp/7003 old=12D3KooWETqJcDdusDVo7kZnu5KC56eowZXtQmLkpbpBVME5ijEN new=12D3KooWD9ed8zJXbW8uUU6XHD2UYrsQQEvnuXReJWFeo52dvdf8 source=peers.json
2026/05/18 00:44:15 [PEER-BOOTSTRAP-RECONCILE] base=/ip4/127.0.0.1/tcp/7004 old=12D3KooWGMgUyWLAv69e7RP2BHtN5PJyVfwFo8ZM95mzKNsJSZ5V new=12D3KooWE7bMkbbpLoSHKB43JdTZm9zkgqvf1iCQdGAqFFBDa42W source=peers.json
2026/05/18 00:44:15 validator key unlocked
2026/05/18 00:44:15 [KEY-AUDIT] validator=H backup_present=true backup_age_s=0 integrity=true
2026/05/18 00:44:15 [IDENTITY] key_loaded=true validator=H fingerprint=61e8a0f96333ee7b expected= match=true source=existing mode=strict
2026/05/18 00:44:16 SECURITY: storage DB encryption is disabled. Configure [storage] encryption key and OS disk encryption (BitLocker/LUKS/FileVault).
2026/05/18 00:44:16 [JOB 1] WAL file C:\Users\Mohammad Talha\OneDrive\Desktop\msc-chain\data\H\node_H\state.db\000164.log with log number 000164 stopped reading at offset: 255200; replayed 93 keys in 47 batches
2026/05/18 00:44:16 [JOB 1] WAL file C:\Users\Mohammad Talha\OneDrive\Desktop\msc-chain\data\H\node_H\state.db\000168.log with log number 000168 stopped reading at offset: 918326; replayed 332 keys in 163 batches
2026/05/18 00:44:16 [JOB 1] WAL file C:\Users\Mohammad Talha\OneDrive\Desktop\msc-chain\data\H\node_H\blocks.db\000119.log with log number 000119 stopped reading at offset: 90972; replayed 50 keys in 50 batches
2026/05/18 00:44:16 [JOB 1] WAL file C:\Users\Mohammad Talha\OneDrive\Desktop\msc-chain\data\H\node_H\tx.db\000106.log with log number 000106 stopped reading at offset: 0; replayed 0 keys in 0 batches
2026/05/18 00:44:16 [JOB 1] WAL file C:\Users\Mohammad Talha\OneDrive\Desktop\msc-chain\data\H\node_H\meta.db\000119.log with log number 000119 stopped reading at offset: 51033; replayed 174 keys in 174 batches
[REGISTRY-BOOTSTRAP] height=0 chain_height=1879 reason=early_height
[WARN] consensus validator set unresolved height=1 chain_height=1879 expected_hash= local_hash= local_source=none snapshot_missing=false
2026/05/18 00:44:16 [REGISTRY-MISSING] height=1 chain_tip=1879
[REGISTRY-MISSING] height=1 chain_height=1879 db_state=true
[REGISTRY-BOOTSTRAP] height=1 chain_height=1879 reason=early_height
2026/05/18 00:44:16 [REGISTRY-HISTORY-REBUILD] height=1024 status=scheduled reason=consensus_set_unresolved
[WARN] consensus validator set unresolved height=2 chain_height=1879 expected_hash=34a93d19 local_hash= local_source=none snapshot_missing=false
2026/05/18 00:44:16 [REGISTRY-HISTORY-REBUILD] height=1024 status=started reason=consensus_set_unresolved
2026/05/18 00:44:16 [REGISTRY-HISTORY-REBUILD] height=1024 status=ok reason=consensus_set_unresolved
[WARN] consensus validator set unresolved height=3 chain_height=1879 expected_hash=34a93d19 local_hash= local_source=none snapshot_missing=false
[WARN] consensus validator set unresolved height=4 chain_height=1879 expected_hash=34a93d19 local_hash= local_source=none snapshot_missing=false
[WARN] consensus validator set unresolved height=5 chain_height=1879 expected_hash=34a93d19 local_hash= local_source=none snapshot_missing=false
[WARN] consensus validator set unresolved height=6 chain_height=1879 expected_hash=34a93d19 local_hash= local_source=none snapshot_missing=false
[WARN] consensus validator set unresolved height=7 chain_height=1879 expected_hash=34a93d19 local_hash= local_source=none snapshot_missing=false
[WARN] consensus validator set unresolved height=8 chain_height=1879 expected_hash=34a93d19 local_hash= local_source=none snapshot_missing=false
[WARN] consensus validator set unresolved height=9 chain_height=1879 expected_hash=34a93d19 local_hash= local_source=none snapshot_missing=false
[WARN] consensus validator set unresolved height=10 chain_height=1879 expected_hash=34a93d19 local_hash= local_source=none snapshot_missing=false
[WARN] consensus validator set unresolved height=11 chain_height=1879 expected_hash=34a93d19 local_hash= local_source=none snapshot_missing=false
[WARN] consensus validator set unresolved height=12 chain_height=1879 expected_hash=34a93d19 local_hash= local_source=none snapshot_missing=false
[WARN] consensus validator set unresolved height=13 chain_height=1879 expected_hash=34a93d19 local_hash= local_source=none snapshot_missing=false
[WARN] consensus validator set unresolved height=14 chain_height=1879 expected_hash=34a93d19 local_hash= local_source=none snapshot_missing=false
[WARN] consensus validator set unresolved height=15 chain_height=1879 expected_hash=34a93d19 local_hash= local_source=none snapshot_missing=false
[WARN] consensus validator set unresolved height=16 chain_height=1879 expected_hash=34a93d19 local_hash= local_source=none snapshot_missing=false
[WARN] consensus validator set unresolved height=17 chain_height=1879 expected_hash=34a93d19 local_hash= local_source=none snapshot_missing=false
[WARN] consensus validator set unresolved height=18 chain_height=1879 expected_hash=34a93d19 local_hash= local_source=none snapshot_missing=false
[WARN] consensus validator set unresolved height=19 chain_height=1879 expected_hash=34a93d19 local_hash= local_source=none snapshot_missing=false
[WARN] consensus validator set unresolved height=20 chain_height=1879 expected_hash=34a93d19 local_hash= local_source=none snapshot_missing=false
[WARN] consensus validator set unresolved height=21 chain_height=1879 expected_hash=34a93d19 local_hash= local_source=none snapshot_missing=false
[WARN] consensus validator set unresolved height=22 chain_height=1879 expected_hash=34a93d19 local_hash= local_source=none snapshot_missing=false
[WARN] consensus validator set unresolved height=23 chain_height=1879 expected_hash=34a93d19 local_hash= local_source=none snapshot_missing=false
[WARN] consensus validator set unresolved height=24 chain_height=1879 expected_hash=34a93d19 local_hash= local_source=none snapshot_missing=false
[WARN] consensus validator set unresolved height=25 chain_height=1879 expected_hash=34a93d19 local_hash= local_source=none snapshot_missing=false
[WARN] consensus validator set unresolved height=26 chain_height=1879 expected_hash=34a93d19 local_hash= local_source=none snapshot_missing=false
[WARN] consensus validator set unresolved height=27 chain_height=1879 expected_hash=34a93d19 local_hash= local_source=none snapshot_missing=false
[WARN] consensus validator set unresolved height=28 chain_height=1879 expected_hash=34a93d19 local_hash= local_source=none snapshot_missing=false
[WARN] consensus validator set unresolved height=29 chain_height=1879 expected_hash=34a93d19 local_hash= local_source=none snapshot_missing=false
[WARN] consensus validator set unresolved height=30 chain_height=1879 expected_hash=34a93d19 local_hash= local_source=none snapshot_missing=false
[WARN] consensus validator set unresolved height=31 chain_height=1879 expected_hash=34a93d19 local_hash= local_source=none snapshot_missing=false
[WARN] consensus validator set unresolved height=32 chain_height=1879 expected_hash=34a93d19 local_hash= local_source=none snapshot_missing=false
[WARN] consensus validator set unresolved height=33 chain_height=1879 expected_hash=34a93d19 local_hash= local_source=none snapshot_missing=false
[WARN] consensus validator set unresolved height=34 chain_height=1879 expected_hash=34a93d19 local_hash= local_source=none snapshot_missing=false
[WARN] consensus validator set unresolved height=35 chain_height=1879 expected_hash=34a93d19 local_hash= local_source=none snapshot_missing=false
[WARN] consensus validator set unresolved height=36 chain_height=1879 expected_hash=34a93d19 local_hash= local_source=none snapshot_missing=false
[WARN] consensus validator set unresolved height=37 chain_height=1879 expected_hash=34a93d19 local_hash= local_source=none snapshot_missing=false
[WARN] consensus validator set unresolved height=38 chain_height=1879 expected_hash=34a93d19 local_hash= local_source=none snapshot_missing=false
[WARN] consensus validator set unresolved height=39 chain_height=1879 expected_hash=34a93d19 local_hash= local_source=none snapshot_missing=false
[WARN] consensus validator set unresolved height=40 chain_height=1879 expected_hash=34a93d19 local_hash= local_source=none snapshot_missing=false
[WARN] consensus validator set unresolved height=41 chain_height=1879 expected_hash=34a93d19 local_hash= local_source=none snapshot_missing=false
[WARN] consensus validator set unresolved height=42 chain_height=1879 expected_hash=34a93d19 local_hash= local_source=none snapshot_missing=false
[WARN] consensus validator set unresolved height=43 chain_height=1879 expected_hash=34a93d19 local_hash= local_source=none snapshot_missing=false
[WARN] consensus validator set unresolved height=44 chain_height=1879 expected_hash=34a93d19 local_hash= local_source=none snapshot_missing=false
[WARN] consensus validator set unresolved height=45 chain_height=1879 expected_hash=34a93d19 local_hash= local_source=none snapshot_missing=false
[WARN] consensus validator set unresolved height=46 chain_height=1879 expected_hash=34a93d19 local_hash= local_source=none snapshot_missing=false
[WARN] consensus validator set unresolved height=47 chain_height=1879 expected_hash=34a93d19 local_hash= local_source=none snapshot_missing=false
[WARN] consensus validator set unresolved height=48 chain_height=1879 expected_hash=34a93d19 local_hash= local_source=none snapshot_missing=false
[WARN] consensus validator set unresolved height=49 chain_height=1879 expected_hash=34a93d19 local_hash= local_source=none snapshot_missing=false
[WARN] consensus validator set unresolved height=50 chain_height=1879 expected_hash=34a93d19 local_hash= local_source=none snapshot_missing=false
[WARN] consensus validator set unresolved height=51 chain_height=1879 expected_hash=34a93d19 local_hash= local_source=none snapshot_missing=false
[WARN] consensus validator set unresolved height=52 chain_height=1879 expected_hash=34a93d19 local_hash= local_source=none snapshot_missing=false
[WARN] consensus validator set unresolved height=53 chain_height=1879 expected_hash=34a93d19 local_hash= local_source=none snapshot_missing=false
[WARN] consensus validator set unresolved height=54 chain_height=1879 expected_hash=34a93d19 local_hash= local_source=none snapshot_missing=false
[WARN] consensus validator set unresolved height=55 chain_height=1879 expected_hash=34a93d19 local_hash= local_source=none snapshot_missing=false
[WARN] consensus validator set unresolved height=56 chain_height=1879 expected_hash=34a93d19 local_hash= local_source=none snapshot_missing=false
[WARN] consensus validator set unresolved height=57 chain_height=1879 expected_hash=34a93d19 local_hash= local_source=none snapshot_missing=false
[WARN] consensus validator set unresolved height=58 chain_height=1879 expected_hash=34a93d19 local_hash= local_source=none snapshot_missing=false
[WARN] consensus validator set unresolved height=59 chain_height=1879 expected_hash=34a93d19 local_hash= local_source=none snapshot_missing=false
[WARN] consensus validator set unresolved height=60 chain_height=1879 expected_hash=34a93d19 local_hash= local_source=none snapshot_missing=false
[WARN] consensus validator set unresolved height=61 chain_height=1879 expected_hash=34a93d19 local_hash= local_source=none snapshot_missing=false
[WARN] consensus validator set unresolved height=62 chain_height=1879 expected_hash=34a93d19 local_hash= local_source=none snapshot_missing=false
[WARN] consensus validator set unresolved height=63 chain_height=1879 expected_hash=34a93d19 local_hash= local_source=none snapshot_missing=false
[WARN] consensus validator set unresolved height=64 chain_height=1879 expected_hash=34a93d19 local_hash= local_source=none snapshot_missing=false
[WARN] consensus validator set unresolved height=65 chain_height=1879 expected_hash=34a93d19 local_hash= local_source=none snapshot_missing=false
[WARN] consensus validator set unresolved height=66 chain_height=1879 expected_hash=34a93d19 local_hash= local_source=none snapshot_missing=false
[WARN] consensus validator set unresolved height=67 chain_height=1879 expected_hash=34a93d19 local_hash= local_source=none snapshot_missing=false
[WARN] consensus validator set unresolved height=68 chain_height=1879 expected_hash=34a93d19 local_hash= local_source=none snapshot_missing=false
[WARN] consensus validator set unresolved height=69 chain_height=1879 expected_hash=34a93d19 local_hash= local_source=none snapshot_missing=false
[WARN] consensus validator set unresolved height=70 chain_height=1879 expected_hash=34a93d19 local_hash= local_source=none snapshot_missing=false
[WARN] consensus validator set unresolved height=71 chain_height=1879 expected_hash=34a93d19 local_hash= local_source=none snapshot_missing=false
[WARN] consensus validator set unresolved height=72 chain_height=1879 expected_hash=34a93d19 local_hash= local_source=none snapshot_missing=false
[WARN] consensus validator set unresolved height=73 chain_height=1879 expected_hash=34a93d19 local_hash= local_source=none snapshot_missing=false
[WARN] consensus validator set unresolved height=74 chain_height=1879 expected_hash=34a93d19 local_hash= local_source=none snapshot_missing=false
[WARN] consensus validator set unresolved height=75 chain_height=1879 expected_hash=34a93d19 local_hash= local_source=none snapshot_missing=false
[WARN] consensus validator set unresolved height=76 chain_height=1879 expected_hash=34a93d19 local_hash= local_source=none snapshot_missing=false
[WARN] consensus validator set unresolved height=77 chain_height=1879 expected_hash=34a93d19 local_hash= local_source=none snapshot_missing=false
[WARN] consensus validator set unresolved height=78 chain_height=1879 expected_hash=34a93d19 local_hash= local_source=none snapshot_missing=false
[WARN] consensus validator set unresolved height=79 chain_height=1879 expected_hash=34a93d19 local_hash= local_source=none snapshot_missing=false
[WARN] consensus validator set unresolved height=80 chain_height=1879 expected_hash=34a93d19 local_hash= local_source=none snapshot_missing=false
[WARN] consensus validator set unresolved height=81 chain_height=1879 expected_hash=34a93d19 local_hash= local_source=none snapshot_missing=false
[WARN] consensus validator set unresolved height=82 chain_height=1879 expected_hash=34a93d19 local_hash= local_source=none snapshot_missing=false
[WARN] consensus validator set unresolved height=83 chain_height=1879 expected_hash=34a93d19 local_hash= local_source=none snapshot_missing=false
[WARN] consensus validator set unresolved height=84 chain_height=1879 expected_hash=34a93d19 local_hash= local_source=none snapshot_missing=false
[WARN] consensus validator set unresolved height=85 chain_height=1879 expected_hash=34a93d19 local_hash= local_source=none snapshot_missing=false
[WARN] consensus validator set unresolved height=86 chain_height=1879 expected_hash=34a93d19 local_hash= local_source=none snapshot_missing=false
[WARN] consensus validator set unresolved height=87 chain_height=1879 expected_hash=34a93d19 local_hash= local_source=none snapshot_missing=false
[WARN] consensus validator set unresolved height=88 chain_height=1879 expected_hash=34a93d19 local_hash= local_source=none snapshot_missing=false
[WARN] consensus validator set unresolved height=89 chain_height=1879 expected_hash=34a93d19 local_hash= local_source=none snapshot_missing=false
[WARN] consensus validator set unresolved height=90 chain_height=1879 expected_hash=34a93d19 local_hash= local_source=none snapshot_missing=false
[WARN] consensus validator set unresolved height=91 chain_height=1879 expected_hash=34a93d19 local_hash= local_source=none snapshot_missing=false
[WARN] consensus validator set unresolved height=92 chain_height=1879 expected_hash=34a93d19 local_hash= local_source=none snapshot_missing=false
[WARN] consensus validator set unresolved height=93 chain_height=1879 expected_hash=34a93d19 local_hash= local_source=none snapshot_missing=false
[WARN] consensus validator set unresolved height=94 chain_height=1879 expected_hash=34a93d19 local_hash= local_source=none snapshot_missing=false
[WARN] consensus validator set unresolved height=95 chain_height=1879 expected_hash=34a93d19 local_hash= local_source=none snapshot_missing=false
[WARN] consensus validator set unresolved height=96 chain_height=1879 expected_hash=34a93d19 local_hash= local_source=none snapshot_missing=false
[WARN] consensus validator set unresolved height=97 chain_height=1879 expected_hash=34a93d19 local_hash= local_source=none snapshot_missing=false
[WARN] consensus validator set unresolved height=98 chain_height=1879 expected_hash=34a93d19 local_hash= local_source=none snapshot_missing=false
[WARN] consensus validator set unresolved height=99 chain_height=1879 expected_hash=34a93d19 local_hash= local_source=none snapshot_missing=false
[WARN] consensus validator set unresolved height=100 chain_height=1879 expected_hash=34a93d19 local_hash= local_source=none snapshot_missing=false
[WARN] consensus validator set unresolved height=101 chain_height=1879 expected_hash=34a93d19 local_hash= local_source=none snapshot_missing=false
[WARN] consensus validator set unresolved height=102 chain_height=1879 expected_hash=34a93d19 local_hash= local_source=none snapshot_missing=false
[WARN] consensus validator set unresolved height=103 chain_height=1879 expected_hash=34a93d19 local_hash= local_source=none snapshot_missing=false
[WARN] consensus validator set unresolved height=104 chain_height=1879 expected_hash=34a93d19 local_hash= local_source=none snapshot_missing=false
[WARN] consensus validator set unresolved height=105 chain_height=1879 expected_hash=34a93d19 local_hash= local_source=none snapshot_missing=false
[WARN] consensus validator set unresolved height=106 chain_height=1879 expected_hash=34a93d19 local_hash= local_source=none snapshot_missing=false
[WARN] consensus validator set unresolved height=107 chain_height=1879 expected_hash=34a93d19 local_hash= local_source=none snapshot_missing=false
[WARN] consensus validator set unresolved height=108 chain_height=1879 expected_hash=34a93d19 local_hash= local_source=none snapshot_missing=false
[WARN] consensus validator set unresolved height=109 chain_height=1879 expected_hash=34a93d19 local_hash= local_source=none snapshot_missing=false
[WARN] consensus validator set unresolved height=110 chain_height=1879 expected_hash=34a93d19 local_hash= local_source=none snapshot_missing=false
[WARN] consensus validator set unresolved height=111 chain_height=1879 expected_hash=34a93d19 local_hash= local_source=none snapshot_missing=false
[WARN] consensus validator set unresolved height=112 chain_height=1879 expected_hash=34a93d19 local_hash= local_source=none snapshot_missing=false
[WARN] consensus validator set unresolved height=113 chain_height=1879 expected_hash=34a93d19 local_hash= local_source=none snapshot_missing=false
[WARN] consensus validator set unresolved height=114 chain_height=1879 expected_hash=34a93d19 local_hash= local_source=none snapshot_missing=false
[WARN] consensus validator set unresolved height=115 chain_height=1879 expected_hash=34a93d19 local_hash= local_source=none snapshot_missing=false
[WARN] consensus validator set unresolved height=116 chain_height=1879 expected_hash=34a93d19 local_hash= local_source=none snapshot_missing=false
[WARN] consensus validator set unresolved height=117 chain_height=1879 expected_hash=34a93d19 local_hash= local_source=none snapshot_missing=false
[WARN] consensus validator set unresolved height=118 chain_height=1879 expected_hash=34a93d19 local_hash= local_source=none snapshot_missing=false
[WARN] consensus validator set unresolved height=119 chain_height=1879 expected_hash=34a93d19 local_hash= local_source=none snapshot_missing=false
[WARN] consensus validator set unresolved height=120 chain_height=1879 expected_hash=34a93d19 local_hash= local_source=none snapshot_missing=false
[WARN] consensus validator set unresolved height=121 chain_height=1879 expected_hash=34a93d19 local_hash= local_source=none snapshot_missing=false
[WARN] consensus validator set unresolved height=122 chain_height=1879 expected_hash=34a93d19 local_hash= local_source=none snapshot_missing=false
[WARN] consensus validator set unresolved height=123 chain_height=1879 expected_hash=34a93d19 local_hash= local_source=none snapshot_missing=false
[WARN] consensus validator set unresolved height=124 chain_height=1879 expected_hash=34a93d19 local_hash= local_source=none snapshot_missing=false
[WARN] consensus validator set unresolved height=125 chain_height=1879 expected_hash=34a93d19 local_hash= local_source=none snapshot_missing=false
[WARN] consensus validator set unresolved height=126 chain_height=1879 expected_hash=34a93d19 local_hash= local_source=none snapshot_missing=false
[WARN] consensus validator set unresolved height=127 chain_height=1879 expected_hash=34a93d19 local_hash= local_source=none snapshot_missing=false
[WARN] consensus validator set unresolved height=128 chain_height=1879 expected_hash=34a93d19 local_hash= local_source=none snapshot_missing=false
[WARN] consensus validator set unresolved height=129 chain_height=1879 expected_hash=34a93d19 local_hash= local_source=none snapshot_missing=false
[WARN] consensus validator set unresolved height=130 chain_height=1879 expected_hash=34a93d19 local_hash= local_source=none snapshot_missing=false
[WARN] consensus validator set unresolved height=131 chain_height=1879 expected_hash=34a93d19 local_hash= local_source=none snapshot_missing=false
[WARN] consensus validator set unresolved height=132 chain_height=1879 expected_hash=34a93d19 local_hash= local_source=none snapshot_missing=false
[WARN] consensus validator set unresolved height=133 chain_height=1879 expected_hash=34a93d19 local_hash= local_source=none snapshot_missing=false
[WARN] consensus validator set unresolved height=134 chain_height=1879 expected_hash=34a93d19 local_hash= local_source=none snapshot_missing=false
[WARN] consensus validator set unresolved height=135 chain_height=1879 expected_hash=34a93d19 local_hash= local_source=none snapshot_missing=false
[WARN] consensus validator set unresolved height=136 chain_height=1879 expected_hash=34a93d19 local_hash= local_source=none snapshot_missing=false
[WARN] consensus validator set unresolved height=137 chain_height=1879 expected_hash=34a93d19 local_hash= local_source=none snapshot_missing=false
[WARN] consensus validator set unresolved height=138 chain_height=1879 expected_hash=34a93d19 local_hash= local_source=none snapshot_missing=false
[WARN] consensus validator set unresolved height=139 chain_height=1879 expected_hash=34a93d19 local_hash= local_source=none snapshot_missing=false
[WARN] consensus validator set unresolved height=140 chain_height=1879 expected_hash=34a93d19 local_hash= local_source=none snapshot_missing=false
[WARN] consensus validator set unresolved height=141 chain_height=1879 expected_hash=34a93d19 local_hash= local_source=none snapshot_missing=false
[WARN] consensus validator set unresolved height=142 chain_height=1879 expected_hash=34a93d19 local_hash= local_source=none snapshot_missing=false
[WARN] consensus validator set unresolved height=143 chain_height=1879 expected_hash=34a93d19 local_hash= local_source=none snapshot_missing=false
[WARN] consensus validator set unresolved height=144 chain_height=1879 expected_hash=34a93d19 local_hash= local_source=none snapshot_missing=false
[WARN] consensus validator set unresolved height=145 chain_height=1879 expected_hash=34a93d19 local_hash= local_source=none snapshot_missing=false
[WARN] consensus validator set unresolved height=146 chain_height=1879 expected_hash=34a93d19 local_hash= local_source=none snapshot_missing=false
[WARN] consensus validator set unresolved height=147 chain_height=1879 expected_hash=34a93d19 local_hash= local_source=none snapshot_missing=false
[WARN] consensus validator set unresolved height=148 chain_height=1879 expected_hash=34a93d19 local_hash= local_source=none snapshot_missing=false
[WARN] consensus validator set unresolved height=149 chain_height=1879 expected_hash=34a93d19 local_hash= local_source=none snapshot_missing=false
[WARN] consensus validator set unresolved height=150 chain_height=1879 expected_hash=34a93d19 local_hash= local_source=none snapshot_missing=false
[WARN] consensus validator set unresolved height=151 chain_height=1879 expected_hash=34a93d19 local_hash= local_source=none snapshot_missing=false
[WARN] consensus validator set unresolved height=152 chain_height=1879 expected_hash=34a93d19 local_hash= local_source=none snapshot_missing=false
[WARN] consensus validator set unresolved height=153 chain_height=1879 expected_hash=34a93d19 local_hash= local_source=none snapshot_missing=false
[WARN] consensus validator set unresolved height=154 chain_height=1879 expected_hash=34a93d19 local_hash= local_source=none snapshot_missing=false
[WARN] consensus validator set unresolved height=155 chain_height=1879 expected_hash=34a93d19 local_hash= local_source=none snapshot_missing=false
[WARN] consensus validator set unresolved height=156 chain_height=1879 expected_hash=34a93d19 local_hash= local_source=none snapshot_missing=false
[WARN] consensus validator set unresolved height=157 chain_height=1879 expected_hash=34a93d19 local_hash= local_source=none snapshot_missing=false
[WARN] consensus validator set unresolved height=158 chain_height=1879 expected_hash=34a93d19 local_hash= local_source=none snapshot_missing=false
[WARN] consensus validator set unresolved height=159 chain_height=1879 expected_hash=34a93d19 local_hash= local_source=none snapshot_missing=false
[WARN] consensus validator set unresolved height=160 chain_height=1879 expected_hash=34a93d19 local_hash= local_source=none snapshot_missing=false
[WARN] consensus validator set unresolved height=161 chain_height=1879 expected_hash=34a93d19 local_hash= local_source=none snapshot_missing=false
[WARN] consensus validator set unresolved height=162 chain_height=1879 expected_hash=34a93d19 local_hash= local_source=none snapshot_missing=false
[WARN] consensus validator set unresolved height=163 chain_height=1879 expected_hash=34a93d19 local_hash= local_source=none snapshot_missing=false
[WARN] consensus validator set unresolved height=164 chain_height=1879 expected_hash=34a93d19 local_hash= local_source=none snapshot_missing=false
[WARN] consensus validator set unresolved height=165 chain_height=1879 expected_hash=34a93d19 local_hash= local_source=none snapshot_missing=false
[WARN] consensus validator set unresolved height=166 chain_height=1879 expected_hash=34a93d19 local_hash= local_source=none snapshot_missing=false
[WARN] consensus validator set unresolved height=167 chain_height=1879 expected_hash=34a93d19 local_hash= local_source=none snapshot_missing=false
[WARN] consensus validator set unresolved height=168 chain_height=1879 expected_hash=34a93d19 local_hash= local_source=none snapshot_missing=false
[WARN] consensus validator set unresolved height=169 chain_height=1879 expected_hash=34a93d19 local_hash= local_source=none snapshot_missing=false
[WARN] consensus validator set unresolved height=170 chain_height=1879 expected_hash=34a93d19 local_hash= local_source=none snapshot_missing=false
[WARN] consensus validator set unresolved height=171 chain_height=1879 expected_hash=34a93d19 local_hash= local_source=none snapshot_missing=false
[WARN] consensus validator set unresolved height=172 chain_height=1879 expected_hash=34a93d19 local_hash= local_source=none snapshot_missing=false
[WARN] consensus validator set unresolved height=173 chain_height=1879 expected_hash=34a93d19 local_hash= local_source=none snapshot_missing=false
[WARN] consensus validator set unresolved height=174 chain_height=1879 expected_hash=34a93d19 local_hash= local_source=none snapshot_missing=false
[WARN] consensus validator set unresolved height=175 chain_height=1879 expected_hash=34a93d19 local_hash= local_source=none snapshot_missing=false
[WARN] consensus validator set unresolved height=176 chain_height=1879 expected_hash=34a93d19 local_hash= local_source=none snapshot_missing=false
[WARN] consensus validator set unresolved height=177 chain_height=1879 expected_hash=34a93d19 local_hash= local_source=none snapshot_missing=false
[WARN] consensus validator set unresolved height=178 chain_height=1879 expected_hash=34a93d19 local_hash= local_source=none snapshot_missing=false
[WARN] consensus validator set unresolved height=179 chain_height=1879 expected_hash=34a93d19 local_hash= local_source=none snapshot_missing=false
[WARN] consensus validator set unresolved height=180 chain_height=1879 expected_hash=34a93d19 local_hash= local_source=none snapshot_missing=false
[WARN] consensus validator set unresolved height=181 chain_height=1879 expected_hash=34a93d19 local_hash= local_source=none snapshot_missing=false
[WARN] consensus validator set unresolved height=182 chain_height=1879 expected_hash=34a93d19 local_hash= local_source=none snapshot_missing=false
[WARN] consensus validator set unresolved height=183 chain_height=1879 expected_hash=34a93d19 local_hash= local_source=none snapshot_missing=false
[WARN] consensus validator set unresolved height=184 chain_height=1879 expected_hash=34a93d19 local_hash= local_source=none snapshot_missing=false
[WARN] consensus validator set unresolved height=185 chain_height=1879 expected_hash=34a93d19 local_hash= local_source=none snapshot_missing=false
[WARN] consensus validator set unresolved height=186 chain_height=1879 expected_hash=34a93d19 local_hash= local_source=none snapshot_missing=false
[WARN] consensus validator set unresolved height=187 chain_height=1879 expected_hash=34a93d19 local_hash= local_source=none snapshot_missing=false
[WARN] consensus validator set unresolved height=188 chain_height=1879 expected_hash=34a93d19 local_hash= local_source=none snapshot_missing=false
[WARN] consensus validator set unresolved height=189 chain_height=1879 expected_hash=34a93d19 local_hash= local_source=none snapshot_missing=false
[WARN] consensus validator set unresolved height=190 chain_height=1879 expected_hash=34a93d19 local_hash= local_source=none snapshot_missing=false
[WARN] consensus validator set unresolved height=191 chain_height=1879 expected_hash=34a93d19 local_hash= local_source=none snapshot_missing=false
[WARN] consensus validator set unresolved height=192 chain_height=1879 expected_hash=34a93d19 local_hash= local_source=none snapshot_missing=false
[WARN] consensus validator set unresolved height=193 chain_height=1879 expected_hash=34a93d19 local_hash= local_source=none snapshot_missing=false
[WARN] consensus validator set unresolved height=194 chain_height=1879 expected_hash=34a93d19 local_hash= local_source=none snapshot_missing=false
[WARN] consensus validator set unresolved height=195 chain_height=1879 expected_hash=34a93d19 local_hash= local_source=none snapshot_missing=false
[WARN] consensus validator set unresolved height=196 chain_height=1879 expected_hash=34a93d19 local_hash= local_source=none snapshot_missing=false
[WARN] consensus validator set unresolved height=197 chain_height=1879 expected_hash=34a93d19 local_hash= local_source=none snapshot_missing=false
[WARN] consensus validator set unresolved height=198 chain_height=1879 expected_hash=34a93d19 local_hash= local_source=none snapshot_missing=false
[WARN] consensus validator set unresolved height=199 chain_height=1879 expected_hash=34a93d19 local_hash= local_source=none snapshot_missing=false
[WARN] consensus validator set unresolved height=200 chain_height=1879 expected_hash=34a93d19 local_hash= local_source=none snapshot_missing=false
[WARN] consensus validator set unresolved height=201 chain_height=1879 expected_hash=34a93d19 local_hash= local_source=none snapshot_missing=false
[WARN] consensus validator set unresolved height=202 chain_height=1879 expected_hash=34a93d19 local_hash= local_source=none snapshot_missing=false
[WARN] consensus validator set unresolved height=203 chain_height=1879 expected_hash=34a93d19 local_hash= local_source=none snapshot_missing=false
[WARN] consensus validator set unresolved height=204 chain_height=1879 expected_hash=34a93d19 local_hash= local_source=none snapshot_missing=false
[WARN] consensus validator set unresolved height=205 chain_height=1879 expected_hash=34a93d19 local_hash= local_source=none snapshot_missing=false
[WARN] consensus validator set unresolved height=206 chain_height=1879 expected_hash=34a93d19 local_hash= local_source=none snapshot_missing=false
[WARN] consensus validator set unresolved height=207 chain_height=1879 expected_hash=34a93d19 local_hash= local_source=none snapshot_missing=false
[WARN] consensus validator set unresolved height=208 chain_height=1879 expected_hash=34a93d19 local_hash= local_source=none snapshot_missing=false
[WARN] consensus validator set unresolved height=209 chain_height=1879 expected_hash=34a93d19 local_hash= local_source=none snapshot_missing=false
[WARN] consensus validator set unresolved height=210 chain_height=1879 expected_hash=34a93d19 local_hash= local_source=none snapshot_missing=false
[WARN] consensus validator set unresolved height=211 chain_height=1879 expected_hash=34a93d19 local_hash= local_source=none snapshot_missing=false
[WARN] consensus validator set unresolved height=212 chain_height=1879 expected_hash=34a93d19 local_hash= local_source=none snapshot_missing=false
[WARN] consensus validator set unresolved height=213 chain_height=1879 expected_hash=34a93d19 local_hash= local_source=none snapshot_missing=false
[WARN] consensus validator set unresolved height=214 chain_height=1879 expected_hash=34a93d19 local_hash= local_source=none snapshot_missing=false
[WARN] consensus validator set unresolved height=215 chain_height=1879 expected_hash=34a93d19 local_hash= local_source=none snapshot_missing=false
[WARN] consensus validator set unresolved height=216 chain_height=1879 expected_hash=34a93d19 local_hash= local_source=none snapshot_missing=false
[WARN] consensus validator set unresolved height=217 chain_height=1879 expected_hash=34a93d19 local_hash= local_source=none snapshot_missing=false
[WARN] consensus validator set unresolved height=218 chain_height=1879 expected_hash=34a93d19 local_hash= local_source=none snapshot_missing=false
[WARN] consensus validator set unresolved height=219 chain_height=1879 expected_hash=34a93d19 local_hash= local_source=none snapshot_missing=false
[WARN] consensus validator set unresolved height=220 chain_height=1879 expected_hash=34a93d19 local_hash= local_source=none snapshot_missing=false
[WARN] consensus validator set unresolved height=221 chain_height=1879 expected_hash=34a93d19 local_hash= local_source=none snapshot_missing=false
[WARN] consensus validator set unresolved height=222 chain_height=1879 expected_hash=34a93d19 local_hash= local_source=none snapshot_missing=false
2026/05/18 00:44:21 [REGISTRY-HISTORY-REBUILD] height=1244 status=scheduled reason=consensus_set_unresolved
2026/05/18 00:44:21 [REGISTRY-HISTORY-REBUILD] height=1244 status=started reason=consensus_set_unresolved
2026/05/18 00:44:21 [REGISTRY-HISTORY-REBUILD] height=1244 status=ok reason=consensus_set_unresolved
[WARN] consensus validator set unresolved height=223 chain_height=1879 expected_hash=34a93d19 local_hash= local_source=none snapshot_missing=false
[WARN] consensus validator set unresolved height=224 chain_height=1879 expected_hash=34a93d19 local_hash= local_source=none snapshot_missing=false
[WARN] consensus validator set unresolved height=225 chain_height=1879 expected_hash=34a93d19 local_hash= local_source=none snapshot_missing=false
[WARN] consensus validator set unresolved height=226 chain_height=1879 expected_hash=34a93d19 local_hash= local_source=none snapshot_missing=false
[WARN] consensus validator set unresolved height=227 chain_height=1879 expected_hash=34a93d19 local_hash= local_source=none snapshot_missing=false
[WARN] consensus validator set unresolved height=228 chain_height=1879 expected_hash=34a93d19 local_hash= local_source=none snapshot_missing=false
[WARN] consensus validator set unresolved height=229 chain_height=1879 expected_hash=34a93d19 local_hash= local_source=none snapshot_missing=false
[WARN] consensus validator set unresolved height=230 chain_height=1879 expected_hash=34a93d19 local_hash= local_source=none snapshot_missing=false
[WARN] consensus validator set unresolved height=231 chain_height=1879 expected_hash=34a93d19 local_hash= local_source=none snapshot_missing=false
[WARN] consensus validator set unresolved height=232 chain_height=1879 expected_hash=34a93d19 local_hash= local_source=none snapshot_missing=false
[WARN] consensus validator set unresolved height=233 chain_height=1879 expected_hash=34a93d19 local_hash= local_source=none snapshot_missing=false
[WARN] consensus validator set unresolved height=234 chain_height=1879 expected_hash=34a93d19 local_hash= local_source=none snapshot_missing=false
[WARN] consensus validator set unresolved height=235 chain_height=1879 expected_hash=34a93d19 local_hash= local_source=none snapshot_missing=false
[WARN] consensus validator set unresolved height=236 chain_height=1879 expected_hash=34a93d19 local_hash= local_source=none snapshot_missing=false
[WARN] consensus validator set unresolved height=237 chain_height=1879 expected_hash=34a93d19 local_hash= local_source=none snapshot_missing=false
[WARN] consensus validator set unresolved height=238 chain_height=1879 expected_hash=34a93d19 local_hash= local_source=none snapshot_missing=false
[WARN] consensus validator set unresolved height=239 chain_height=1879 expected_hash=34a93d19 local_hash= local_source=none snapshot_missing=false
[WARN] consensus validator set unresolved height=240 chain_height=1879 expected_hash=34a93d19 local_hash= local_source=none snapshot_missing=false
[WARN] consensus validator set unresolved height=241 chain_height=1879 expected_hash=34a93d19 local_hash= local_source=none snapshot_missing=false
[WARN] consensus validator set unresolved height=242 chain_height=1879 expected_hash=34a93d19 local_hash= local_source=none snapshot_missing=false
[WARN] consensus validator set unresolved height=243 chain_height=1879 expected_hash=34a93d19 local_hash= local_source=none snapshot_missing=false
[WARN] consensus validator set unresolved height=244 chain_height=1879 expected_hash=34a93d19 local_hash= local_source=none snapshot_missing=false
[WARN] consensus validator set unresolved height=245 chain_height=1879 expected_hash=34a93d19 local_hash= local_source=none snapshot_missing=false
[WARN] consensus validator set unresolved height=246 chain_height=1879 expected_hash=34a93d19 local_hash= local_source=none snapshot_missing=false
[WARN] consensus validator set unresolved height=247 chain_height=1879 expected_hash=34a93d19 local_hash= local_source=none snapshot_missing=false
[WARN] consensus validator set unresolved height=248 chain_height=1879 expected_hash=34a93d19 local_hash= local_source=none snapshot_missing=false
[WARN] consensus validator set unresolved height=249 chain_height=1879 expected_hash=34a93d19 local_hash= local_source=none snapshot_missing=false
[WARN] consensus validator set unresolved height=250 chain_height=1879 expected_hash=34a93d19 local_hash= local_source=none snapshot_missing=false
[WARN] consensus validator set unresolved height=251 chain_height=1879 expected_hash=34a93d19 local_hash= local_source=none snapshot_missing=false
[WARN] consensus validator set unresolved height=252 chain_height=1879 expected_hash=34a93d19 local_hash= local_source=none snapshot_missing=false
[WARN] consensus validator set unresolved height=253 chain_height=1879 expected_hash=34a93d19 local_hash= local_source=none snapshot_missing=false
[WARN] consensus validator set unresolved height=254 chain_height=1879 expected_hash=34a93d19 local_hash= local_source=none snapshot_missing=false
[WARN] consensus validator set unresolved height=255 chain_height=1879 expected_hash=34a93d19 local_hash= local_source=none snapshot_missing=false
[WARN] consensus validator set unresolved height=256 chain_height=1879 expected_hash=34a93d19 local_hash= local_source=none snapshot_missing=false
[WARN] consensus validator set unresolved height=257 chain_height=1879 expected_hash=34a93d19 local_hash= local_source=none snapshot_missing=false
[WARN] consensus validator set unresolved height=258 chain_height=1879 expected_hash=34a93d19 local_hash= local_source=none snapshot_missing=false
[WARN] consensus validator set unresolved height=259 chain_height=1879 expected_hash=34a93d19 local_hash= local_source=none snapshot_missing=false
[WARN] consensus validator set unresolved height=260 chain_height=1879 expected_hash=34a93d19 local_hash= local_source=none snapshot_missing=false
[WARN] consensus validator set unresolved height=261 chain_height=1879 expected_hash=34a93d19 local_hash= local_source=none snapshot_missing=false
[WARN] consensus validator set unresolved height=262 chain_height=1879 expected_hash=34a93d19 local_hash= local_source=none snapshot_missing=false
[WARN] consensus validator set unresolved height=263 chain_height=1879 expected_hash=34a93d19 local_hash= local_source=none snapshot_missing=false
[WARN] consensus validator set unresolved height=264 chain_height=1879 expected_hash=34a93d19 local_hash= local_source=none snapshot_missing=false
[WARN] consensus validator set unresolved height=265 chain_height=1879 expected_hash=34a93d19 local_hash= local_source=none snapshot_missing=false
[WARN] consensus validator set unresolved height=266 chain_height=1879 expected_hash=34a93d19 local_hash= local_source=none snapshot_missing=false
[WARN] consensus validator set unresolved height=267 chain_height=1879 expected_hash=34a93d19 local_hash= local_source=none snapshot_missing=false
[WARN] consensus validator set unresolved height=268 chain_height=1879 expected_hash=34a93d19 local_hash= local_source=none snapshot_missing=false
[WARN] consensus validator set unresolved height=269 chain_height=1879 expected_hash=34a93d19 local_hash= local_source=none snapshot_missing=false
[WARN] consensus validator set unresolved height=270 chain_height=1879 expected_hash=34a93d19 local_hash= local_source=none snapshot_missing=false
[WARN] consensus validator set unresolved height=271 chain_height=1879 expected_hash=34a93d19 local_hash= local_source=none snapshot_missing=false
[WARN] consensus validator set unresolved height=272 chain_height=1879 expected_hash=34a93d19 local_hash= local_source=none snapshot_missing=false
[WARN] consensus validator set unresolved height=273 chain_height=1879 expected_hash=34a93d19 local_hash= local_source=none snapshot_missing=false
[WARN] consensus validator set unresolved height=274 chain_height=1879 expected_hash=34a93d19 local_hash= local_source=none snapshot_missing=false
[WARN] consensus validator set unresolved height=275 chain_height=1879 expected_hash=34a93d19 local_hash= local_source=none snapshot_missing=false
[WARN] consensus validator set unresolved height=276 chain_height=1879 expected_hash=34a93d19 local_hash= local_source=none snapshot_missing=false
[WARN] consensus validator set unresolved height=277 chain_height=1879 expected_hash=34a93d19 local_hash= local_source=none snapshot_missing=false
[WARN] consensus validator set unresolved height=278 chain_height=1879 expected_hash=34a93d19 local_hash= local_source=none snapshot_missing=false
[WARN] consensus validator set unresolved height=279 chain_height=1879 expected_hash=34a93d19 local_hash= local_source=none snapshot_missing=false
[WARN] consensus validator set unresolved height=280 chain_height=1879 expected_hash=34a93d19 local_hash= local_source=none snapshot_missing=false
[WARN] consensus validator set unresolved height=281 chain_height=1879 expected_hash=34a93d19 local_hash= local_source=none snapshot_missing=false
[WARN] consensus validator set unresolved height=282 chain_height=1879 expected_hash=34a93d19 local_hash= local_source=none snapshot_missing=false
[WARN] consensus validator set unresolved height=283 chain_height=1879 expected_hash=34a93d19 local_hash= local_source=none snapshot_missing=false
[WARN] consensus validator set unresolved height=284 chain_height=1879 expected_hash=34a93d19 local_hash= local_source=none snapshot_missing=false
[WARN] consensus validator set unresolved height=285 chain_height=1879 expected_hash=34a93d19 local_hash= local_source=none snapshot_missing=false
[WARN] consensus validator set unresolved height=286 chain_height=1879 expected_hash=34a93d19 local_hash= local_source=none snapshot_missing=false
[WARN] consensus validator set unresolved height=287 chain_height=1879 expected_hash=34a93d19 local_hash= local_source=none snapshot_missing=false
[WARN] consensus validator set unresolved height=288 chain_height=1879 expected_hash=34a93d19 local_hash= local_source=none snapshot_missing=false
[WARN] consensus validator set unresolved height=289 chain_height=1879 expected_hash=34a93d19 local_hash= local_source=none snapshot_missing=false
[WARN] consensus validator set unresolved height=290 chain_height=1879 expected_hash=34a93d19 local_hash= local_source=none snapshot_missing=false
[WARN] consensus validator set unresolved height=291 chain_height=1879 expected_hash=34a93d19 local_hash= local_source=none snapshot_missing=false
[WARN] consensus validator set unresolved height=292 chain_height=1879 expected_hash=34a93d19 local_hash= local_source=none snapshot_missing=false
[WARN] consensus validator set unresolved height=293 chain_height=1879 expected_hash=34a93d19 local_hash= local_source=none snapshot_missing=false
[WARN] consensus validator set unresolved height=294 chain_height=1879 expected_hash=34a93d19 local_hash= local_source=none snapshot_missing=false
[WARN] consensus validator set unresolved height=295 chain_height=1879 expected_hash=34a93d19 local_hash= local_source=none snapshot_missing=false
[WARN] consensus validator set unresolved height=296 chain_height=1879 expected_hash=34a93d19 local_hash= local_source=none snapshot_missing=false
[WARN] consensus validator set unresolved height=297 chain_height=1879 expected_hash=34a93d19 local_hash= local_source=none snapshot_missing=false
2026/05/18 00:44:26 [REGISTRY-HISTORY-REBUILD] height=1320 status=scheduled reason=consensus_set_unresolved
2026/05/18 00:44:26 [REGISTRY-HISTORY-REBUILD] height=1320 status=started reason=consensus_set_unresolved
[WARN] consensus validator set unresolved height=298 chain_height=1879 expected_hash=34a93d19 local_hash= local_source=none snapshot_missing=false
2026/05/18 00:44:26 [REGISTRY-HISTORY-REBUILD] height=1320 status=ok reason=consensus_set_unresolved
[WARN] consensus validator set unresolved height=299 chain_height=1879 expected_hash=34a93d19 local_hash= local_source=none snapshot_missing=false
[WARN] consensus validator set unresolved height=300 chain_height=1879 expected_hash=34a93d19 local_hash= local_source=none snapshot_missing=false
[WARN] consensus validator set unresolved height=301 chain_height=1879 expected_hash=34a93d19 local_hash= local_source=none snapshot_missing=false
[WARN] consensus validator set unresolved height=302 chain_height=1879 expected_hash=34a93d19 local_hash= local_source=none snapshot_missing=false
[WARN] consensus validator set unresolved height=303 chain_height=1879 expected_hash=34a93d19 local_hash= local_source=none snapshot_missing=false
[WARN] consensus validator set unresolved height=304 chain_height=1879 expected_hash=34a93d19 local_hash= local_source=none snapshot_missing=false
[WARN] consensus validator set unresolved height=305 chain_height=1879 expected_hash=34a93d19 local_hash= local_source=none snapshot_missing=false
[WARN] consensus validator set unresolved height=306 chain_height=1879 expected_hash=34a93d19 local_hash= local_source=none snapshot_missing=false
[WARN] consensus validator set unresolved height=307 chain_height=1879 expected_hash=34a93d19 local_hash= local_source=none snapshot_missing=false
[WARN] consensus validator set unresolved height=308 chain_height=1879 expected_hash=34a93d19 local_hash= local_source=none snapshot_missing=false
[WARN] consensus validator set unresolved height=309 chain_height=1879 expected_hash=34a93d19 local_hash= local_source=none snapshot_missing=false
[WARN] consensus validator set unresolved height=310 chain_height=1879 expected_hash=34a93d19 local_hash= local_source=none snapshot_missing=false
[WARN] consensus validator set unresolved height=311 chain_height=1879 expected_hash=34a93d19 local_hash= local_source=none snapshot_missing=false
[WARN] consensus validator set unresolved height=312 chain_height=1879 expected_hash=34a93d19 local_hash= local_source=none snapshot_missing=false
[WARN] consensus validator set unresolved height=313 chain_height=1879 expected_hash=34a93d19 local_hash= local_source=none snapshot_missing=false
[WARN] consensus validator set unresolved height=314 chain_height=1879 expected_hash=34a93d19 local_hash= local_source=none snapshot_missing=false
[WARN] consensus validator set unresolved height=315 chain_height=1879 expected_hash=34a93d19 local_hash= local_source=none snapshot_missing=false
[WARN] consensus validator set unresolved height=316 chain_height=1879 expected_hash=34a93d19 local_hash= local_source=none snapshot_missing=false
[WARN] consensus validator set unresolved height=317 chain_height=1879 expected_hash=34a93d19 local_hash= local_source=none snapshot_missing=false
[WARN] consensus validator set unresolved height=318 chain_height=1879 expected_hash=34a93d19 local_hash= local_source=none snapshot_missing=false
[WARN] consensus validator set unresolved height=319 chain_height=1879 expected_hash=34a93d19 local_hash= local_source=none snapshot_missing=false
[WARN] consensus validator set unresolved height=320 chain_height=1879 expected_hash=34a93d19 local_hash= local_source=none snapshot_missing=false
[WARN] consensus validator set unresolved height=321 chain_height=1879 expected_hash=34a93d19 local_hash= local_source=none snapshot_missing=false
[WARN] consensus validator set unresolved height=322 chain_height=1879 expected_hash=34a93d19 local_hash= local_source=none snapshot_missing=false
[WARN] consensus validator set unresolved height=323 chain_height=1879 expected_hash=34a93d19 local_hash= local_source=none snapshot_missing=false
[WARN] consensus validator set unresolved height=324 chain_height=1879 expected_hash=34a93d19 local_hash= local_source=none snapshot_missing=false
[WARN] consensus validator set unresolved height=325 chain_height=1879 expected_hash=34a93d19 local_hash= local_source=none snapshot_missing=false
[WARN] consensus validator set unresolved height=326 chain_height=1879 expected_hash=34a93d19 local_hash= local_source=none snapshot_missing=false
[WARN] consensus validator set unresolved height=327 chain_height=1879 expected_hash=34a93d19 local_hash= local_source=none snapshot_missing=false
[WARN] consensus validator set unresolved height=328 chain_height=1879 expected_hash=34a93d19 local_hash= local_source=none snapshot_missing=false
[WARN] consensus validator set unresolved height=329 chain_height=1879 expected_hash=34a93d19 local_hash= local_source=none snapshot_missing=false
[WARN] consensus validator set unresolved height=330 chain_height=1879 expected_hash=34a93d19 local_hash= local_source=none snapshot_missing=false
[WARN] consensus validator set unresolved height=331 chain_height=1879 expected_hash=34a93d19 local_hash= local_source=none snapshot_missing=false
[WARN] consensus validator set unresolved height=332 chain_height=1879 expected_hash=34a93d19 local_hash= local_source=none snapshot_missing=false
[WARN] consensus validator set unresolved height=333 chain_height=1879 expected_hash=34a93d19 local_hash= local_source=none snapshot_missing=false
[WARN] consensus validator set unresolved height=334 chain_height=1879 expected_hash=34a93d19 local_hash= local_source=none snapshot_missing=false
[WARN] consensus validator set unresolved height=335 chain_height=1879 expected_hash=34a93d19 local_hash= local_source=none snapshot_missing=false
[WARN] consensus validator set unresolved height=336 chain_height=1879 expected_hash=34a93d19 local_hash= local_source=none snapshot_missing=false
[WARN] consensus validator set unresolved height=337 chain_height=1879 expected_hash=34a93d19 local_hash= local_source=none snapshot_missing=false
[WARN] consensus validator set unresolved height=338 chain_height=1879 expected_hash=34a93d19 local_hash= local_source=none snapshot_missing=false
[WARN] consensus validator set unresolved height=339 chain_height=1879 expected_hash=34a93d19 local_hash= local_source=none snapshot_missing=false
[WARN] consensus validator set unresolved height=340 chain_height=1879 expected_hash=34a93d19 local_hash= local_source=none snapshot_missing=false
[WARN] consensus validator set unresolved height=341 chain_height=1879 expected_hash=34a93d19 local_hash= local_source=none snapshot_missing=false
[WARN] consensus validator set unresolved height=342 chain_height=1879 expected_hash=34a93d19 local_hash= local_source=none snapshot_missing=false
[WARN] consensus validator set unresolved height=343 chain_height=1879 expected_hash=34a93d19 local_hash= local_source=none snapshot_missing=false
[WARN] consensus validator set unresolved height=344 chain_height=1879 expected_hash=34a93d19 local_hash= local_source=none snapshot_missing=false
[WARN] consensus validator set unresolved height=345 chain_height=1879 expected_hash=34a93d19 local_hash= local_source=none snapshot_missing=false
[WARN] consensus validator set unresolved height=346 chain_height=1879 expected_hash=34a93d19 local_hash= local_source=none snapshot_missing=false
[WARN] consensus validator set unresolved height=347 chain_height=1879 expected_hash=34a93d19 local_hash= local_source=none snapshot_missing=false
[WARN] consensus validator set unresolved height=348 chain_height=1879 expected_hash=34a93d19 local_hash= local_source=none snapshot_missing=false
[WARN] consensus validator set unresolved height=349 chain_height=1879 expected_hash=34a93d19 local_hash= local_source=none snapshot_missing=false
[WARN] consensus validator set unresolved height=350 chain_height=1879 expected_hash=34a93d19 local_hash= local_source=none snapshot_missing=false
[WARN] consensus validator set unresolved height=351 chain_height=1879 expected_hash=34a93d19 local_hash= local_source=none snapshot_missing=false
[WARN] consensus validator set unresolved height=352 chain_height=1879 expected_hash=34a93d19 local_hash= local_source=none snapshot_missing=false
[WARN] consensus validator set unresolved height=353 chain_height=1879 expected_hash=34a93d19 local_hash= local_source=none snapshot_missing=false
[WARN] consensus validator set unresolved height=354 chain_height=1879 expected_hash=34a93d19 local_hash= local_source=none snapshot_missing=false
[WARN] consensus validator set unresolved height=355 chain_height=1879 expected_hash=34a93d19 local_hash= local_source=none snapshot_missing=false
[WARN] consensus validator set unresolved height=356 chain_height=1879 expected_hash=34a93d19 local_hash= local_source=none snapshot_missing=false
[WARN] consensus validator set unresolved height=357 chain_height=1879 expected_hash=34a93d19 local_hash= local_source=none snapshot_missing=false
[WARN] consensus validator set unresolved height=358 chain_height=1879 expected_hash=34a93d19 local_hash= local_source=none snapshot_missing=false
[WARN] consensus validator set unresolved height=359 chain_height=1879 expected_hash=34a93d19 local_hash= local_source=none snapshot_missing=false
[WARN] consensus validator set unresolved height=360 chain_height=1879 expected_hash=34a93d19 local_hash= local_source=none snapshot_missing=false
[WARN] consensus validator set unresolved height=361 chain_height=1879 expected_hash=34a93d19 local_hash= local_source=none snapshot_missing=false
[WARN] consensus validator set unresolved height=362 chain_height=1879 expected_hash=34a93d19 local_hash= local_source=none snapshot_missing=false
2026/05/18 00:44:31 [REGISTRY-HISTORY-REBUILD] height=1385 status=scheduled reason=consensus_set_unresolved
2026/05/18 00:44:31 [REGISTRY-HISTORY-REBUILD] height=1385 status=started reason=consensus_set_unresolved
[WARN] consensus validator set unresolved height=363 chain_height=1879 expected_hash=34a93d19 local_hash= local_source=none snapshot_missing=false
2026/05/18 00:44:31 [REGISTRY-HISTORY-REBUILD] height=1385 status=ok reason=consensus_set_unresolved
[WARN] consensus validator set unresolved height=364 chain_height=1879 expected_hash=34a93d19 local_hash= local_source=none snapshot_missing=false
[WARN] consensus validator set unresolved height=365 chain_height=1879 expected_hash=34a93d19 local_hash= local_source=none snapshot_missing=false
[WARN] consensus validator set unresolved height=366 chain_height=1879 expected_hash=34a93d19 local_hash= local_source=none snapshot_missing=false
[WARN] consensus validator set unresolved height=367 chain_height=1879 expected_hash=34a93d19 local_hash= local_source=none snapshot_missing=false
[WARN] consensus validator set unresolved height=368 chain_height=1879 expected_hash=34a93d19 local_hash= local_source=none snapshot_missing=false
[WARN] consensus validator set unresolved height=369 chain_height=1879 expected_hash=34a93d19 local_hash= local_source=none snapshot_missing=false
[WARN] consensus validator set unresolved height=370 chain_height=1879 expected_hash=34a93d19 local_hash= local_source=none snapshot_missing=false
[WARN] consensus validator set unresolved height=371 chain_height=1879 expected_hash=34a93d19 local_hash= local_source=none snapshot_missing=false
[WARN] consensus validator set unresolved height=372 chain_height=1879 expected_hash=34a93d19 local_hash= local_source=none snapshot_missing=false
[WARN] consensus validator set unresolved height=373 chain_height=1879 expected_hash=34a93d19 local_hash= local_source=none snapshot_missing=false
[WARN] consensus validator set unresolved height=374 chain_height=1879 expected_hash=34a93d19 local_hash= local_source=none snapshot_missing=false
[WARN] consensus validator set unresolved height=375 chain_height=1879 expected_hash=34a93d19 local_hash= local_source=none snapshot_missing=false
[WARN] consensus validator set unresolved height=376 chain_height=1879 expected_hash=34a93d19 local_hash= local_source=none snapshot_missing=false
[WARN] consensus validator set unresolved height=377 chain_height=1879 expected_hash=34a93d19 local_hash= local_source=none snapshot_missing=false
[WARN] consensus validator set unresolved height=378 chain_height=1879 expected_hash=34a93d19 local_hash= local_source=none snapshot_missing=false
[WARN] consensus validator set unresolved height=379 chain_height=1879 expected_hash=34a93d19 local_hash= local_source=none snapshot_missing=false
[WARN] consensus validator set unresolved height=380 chain_height=1879 expected_hash=34a93d19 local_hash= local_source=none snapshot_missing=false
[WARN] consensus validator set unresolved height=381 chain_height=1879 expected_hash=34a93d19 local_hash= local_source=none snapshot_missing=false
[WARN] consensus validator set unresolved height=382 chain_height=1879 expected_hash=34a93d19 local_hash= local_source=none snapshot_missing=false
[WARN] consensus validator set unresolved height=383 chain_height=1879 expected_hash=34a93d19 local_hash= local_source=none snapshot_missing=false
[WARN] consensus validator set unresolved height=384 chain_height=1879 expected_hash=34a93d19 local_hash= local_source=none snapshot_missing=false
[WARN] consensus validator set unresolved height=385 chain_height=1879 expected_hash=34a93d19 local_hash= local_source=none snapshot_missing=false
[WARN] consensus validator set unresolved height=386 chain_height=1879 expected_hash=34a93d19 local_hash= local_source=none snapshot_missing=false
[WARN] consensus validator set unresolved height=387 chain_height=1879 expected_hash=34a93d19 local_hash= local_source=none snapshot_missing=false
[WARN] consensus validator set unresolved height=388 chain_height=1879 expected_hash=34a93d19 local_hash= local_source=none snapshot_missing=false
[WARN] consensus validator set unresolved height=389 chain_height=1879 expected_hash=34a93d19 local_hash= local_source=none snapshot_missing=false
[WARN] consensus validator set unresolved height=390 chain_height=1879 expected_hash=34a93d19 local_hash= local_source=none snapshot_missing=false
[WARN] consensus validator set unresolved height=391 chain_height=1879 expected_hash=34a93d19 local_hash= local_source=none snapshot_missing=false
[WARN] consensus validator set unresolved height=392 chain_height=1879 expected_hash=34a93d19 local_hash= local_source=none snapshot_missing=false
[WARN] consensus validator set unresolved height=393 chain_height=1879 expected_hash=34a93d19 local_hash= local_source=none snapshot_missing=false
[WARN] consensus validator set unresolved height=394 chain_height=1879 expected_hash=34a93d19 local_hash= local_source=none snapshot_missing=false
[WARN] consensus validator set unresolved height=395 chain_height=1879 expected_hash=34a93d19 local_hash= local_source=none snapshot_missing=false
[WARN] consensus validator set unresolved height=396 chain_height=1879 expected_hash=34a93d19 local_hash= local_source=none snapshot_missing=false
[WARN] consensus validator set unresolved height=397 chain_height=1879 expected_hash=34a93d19 local_hash= local_source=none snapshot_missing=false
[WARN] consensus validator set unresolved height=398 chain_height=1879 expected_hash=34a93d19 local_hash= local_source=none snapshot_missing=false
[WARN] consensus validator set unresolved height=399 chain_height=1879 expected_hash=34a93d19 local_hash= local_source=none snapshot_missing=false
[WARN] consensus validator set unresolved height=400 chain_height=1879 expected_hash=34a93d19 local_hash= local_source=none snapshot_missing=false
[WARN] consensus validator set unresolved height=401 chain_height=1879 expected_hash=34a93d19 local_hash= local_source=none snapshot_missing=false
[WARN] consensus validator set unresolved height=402 chain_height=1879 expected_hash=34a93d19 local_hash= local_source=none snapshot_missing=false
[WARN] consensus validator set unresolved height=403 chain_height=1879 expected_hash=34a93d19 local_hash= local_source=none snapshot_missing=false
[WARN] consensus validator set unresolved height=404 chain_height=1879 expected_hash=34a93d19 local_hash= local_source=none snapshot_missing=false
[WARN] consensus validator set unresolved height=405 chain_height=1879 expected_hash=34a93d19 local_hash= local_source=none snapshot_missing=false
[WARN] consensus validator set unresolved height=406 chain_height=1879 expected_hash=34a93d19 local_hash= local_source=none snapshot_missing=false
[WARN] consensus validator set unresolved height=407 chain_height=1879 expected_hash=34a93d19 local_hash= local_source=none snapshot_missing=false
[WARN] consensus validator set unresolved height=408 chain_height=1879 expected_hash=34a93d19 local_hash= local_source=none snapshot_missing=false
[WARN] consensus validator set unresolved height=409 chain_height=1879 expected_hash=34a93d19 local_hash= local_source=none snapshot_missing=false
[WARN] consensus validator set unresolved height=410 chain_height=1879 expected_hash=34a93d19 local_hash= local_source=none snapshot_missing=false
[WARN] consensus validator set unresolved height=411 chain_height=1879 expected_hash=34a93d19 local_hash= local_source=none snapshot_missing=false
[WARN] consensus validator set unresolved height=412 chain_height=1879 expected_hash=34a93d19 local_hash= local_source=none snapshot_missing=false
[WARN] consensus validator set unresolved height=413 chain_height=1879 expected_hash=34a93d19 local_hash= local_source=none snapshot_missing=false
[WARN] consensus validator set unresolved height=414 chain_height=1879 expected_hash=34a93d19 local_hash= local_source=none snapshot_missing=false
[WARN] consensus validator set unresolved height=415 chain_height=1879 expected_hash=34a93d19 local_hash= local_source=none snapshot_missing=false
[WARN] consensus validator set unresolved height=416 chain_height=1879 expected_hash=34a93d19 local_hash= local_source=none snapshot_missing=false
[WARN] consensus validator set unresolved height=417 chain_height=1879 expected_hash=34a93d19 local_hash= local_source=none snapshot_missing=false
[WARN] consensus validator set unresolved height=418 chain_height=1879 expected_hash=34a93d19 local_hash= local_source=none snapshot_missing=false
[WARN] consensus validator set unresolved height=419 chain_height=1879 expected_hash=34a93d19 local_hash= local_source=none snapshot_missing=false
[WARN] consensus validator set unresolved height=420 chain_height=1879 expected_hash=34a93d19 local_hash= local_source=none snapshot_missing=false
[WARN] consensus validator set unresolved height=421 chain_height=1879 expected_hash=34a93d19 local_hash= local_source=none snapshot_missing=false
[WARN] consensus validator set unresolved height=422 chain_height=1879 expected_hash=34a93d19 local_hash= local_source=none snapshot_missing=false
[WARN] consensus validator set unresolved height=423 chain_height=1879 expected_hash=34a93d19 local_hash= local_source=none snapshot_missing=false
[WARN] consensus validator set unresolved height=424 chain_height=1879 expected_hash=34a93d19 local_hash= local_source=none snapshot_missing=false
[WARN] consensus validator set unresolved height=425 chain_height=1879 expected_hash=34a93d19 local_hash= local_source=none snapshot_missing=false
[WARN] consensus validator set unresolved height=426 chain_height=1879 expected_hash=34a93d19 local_hash= local_source=none snapshot_missing=false
[WARN] consensus validator set unresolved height=427 chain_height=1879 expected_hash=34a93d19 local_hash= local_source=none snapshot_missing=false
[WARN] consensus validator set unresolved height=428 chain_height=1879 expected_hash=34a93d19 local_hash= local_source=none snapshot_missing=false
[WARN] consensus validator set unresolved height=429 chain_height=1879 expected_hash=34a93d19 local_hash= local_source=none snapshot_missing=false
[WARN] consensus validator set unresolved height=430 chain_height=1879 expected_hash=34a93d19 local_hash= local_source=none snapshot_missing=false
[WARN] consensus validator set unresolved height=431 chain_height=1879 expected_hash=34a93d19 local_hash= local_source=none snapshot_missing=false
[WARN] consensus validator set unresolved height=432 chain_height=1879 expected_hash=34a93d19 local_hash= local_source=none snapshot_missing=false
[WARN] consensus validator set unresolved height=433 chain_height=1879 expected_hash=34a93d19 local_hash= local_source=none snapshot_missing=false
[WARN] consensus validator set unresolved height=434 chain_height=1879 expected_hash=34a93d19 local_hash= local_source=none snapshot_missing=false
[WARN] consensus validator set unresolved height=435 chain_height=1879 expected_hash=34a93d19 local_hash= local_source=none snapshot_missing=false
[WARN] consensus validator set unresolved height=436 chain_height=1879 expected_hash=34a93d19 local_hash= local_source=none snapshot_missing=false
[WARN] consensus validator set unresolved height=437 chain_height=1879 expected_hash=34a93d19 local_hash= local_source=none snapshot_missing=false
[WARN] consensus validator set unresolved height=438 chain_height=1879 expected_hash=34a93d19 local_hash= local_source=none snapshot_missing=false
[WARN] consensus validator set unresolved height=439 chain_height=1879 expected_hash=34a93d19 local_hash= local_source=none snapshot_missing=false
[WARN] consensus validator set unresolved height=440 chain_height=1879 expected_hash=34a93d19 local_hash= local_source=none snapshot_missing=false
[WARN] consensus validator set unresolved height=441 chain_height=1879 expected_hash=34a93d19 local_hash= local_source=none snapshot_missing=false
[WARN] consensus validator set unresolved height=442 chain_height=1879 expected_hash=34a93d19 local_hash= local_source=none snapshot_missing=false
[WARN] consensus validator set unresolved height=443 chain_height=1879 expected_hash=34a93d19 local_hash= local_source=none snapshot_missing=false
[WARN] consensus validator set unresolved height=444 chain_height=1879 expected_hash=34a93d19 local_hash= local_source=none snapshot_missing=false
[WARN] consensus validator set unresolved height=445 chain_height=1879 expected_hash=34a93d19 local_hash= local_source=none snapshot_missing=false
[WARN] consensus validator set unresolved height=446 chain_height=1879 expected_hash=34a93d19 local_hash= local_source=none snapshot_missing=false
[WARN] consensus validator set unresolved height=447 chain_height=1879 expected_hash=34a93d19 local_hash= local_source=none snapshot_missing=false
[WARN] consensus validator set unresolved height=448 chain_height=1879 expected_hash=34a93d19 local_hash= local_source=none snapshot_missing=false
[WARN] consensus validator set unresolved height=449 chain_height=1879 expected_hash=34a93d19 local_hash= local_source=none snapshot_missing=false
[WARN] consensus validator set unresolved height=450 chain_height=1879 expected_hash=34a93d19 local_hash= local_source=none snapshot_missing=false
[WARN] consensus validator set unresolved height=451 chain_height=1879 expected_hash=34a93d19 local_hash= local_source=none snapshot_missing=false
[WARN] consensus validator set unresolved height=452 chain_height=1879 expected_hash=34a93d19 local_hash= local_source=none snapshot_missing=false
[WARN] consensus validator set unresolved height=453 chain_height=1879 expected_hash=34a93d19 local_hash= local_source=none snapshot_missing=false
[WARN] consensus validator set unresolved height=454 chain_height=1879 expected_hash=34a93d19 local_hash= local_source=none snapshot_missing=false
[WARN] consensus validator set unresolved height=455 chain_height=1879 expected_hash=34a93d19 local_hash= local_source=none snapshot_missing=false
[WARN] consensus validator set unresolved height=456 chain_height=1879 expected_hash=34a93d19 local_hash= local_source=none snapshot_missing=false
[WARN] consensus validator set unresolved height=457 chain_height=1879 expected_hash=34a93d19 local_hash= local_source=none snapshot_missing=false
[WARN] consensus validator set unresolved height=458 chain_height=1879 expected_hash=34a93d19 local_hash= local_source=none snapshot_missing=false
[WARN] consensus validator set unresolved height=459 chain_height=1879 expected_hash=34a93d19 local_hash= local_source=none snapshot_missing=false
[WARN] consensus validator set unresolved height=460 chain_height=1879 expected_hash=34a93d19 local_hash= local_source=none snapshot_missing=false
[WARN] consensus validator set unresolved height=461 chain_height=1879 expected_hash=34a93d19 local_hash= local_source=none snapshot_missing=false
[WARN] consensus validator set unresolved height=462 chain_height=1879 expected_hash=34a93d19 local_hash= local_source=none snapshot_missing=false
[WARN] consensus validator set unresolved height=463 chain_height=1879 expected_hash=34a93d19 local_hash= local_source=none snapshot_missing=false
[WARN] consensus validator set unresolved height=464 chain_height=1879 expected_hash=34a93d19 local_hash= local_source=none snapshot_missing=false
[WARN] consensus validator set unresolved height=465 chain_height=1879 expected_hash=34a93d19 local_hash= local_source=none snapshot_missing=false
[WARN] consensus validator set unresolved height=466 chain_height=1879 expected_hash=34a93d19 local_hash= local_source=none snapshot_missing=false
[WARN] consensus validator set unresolved height=467 chain_height=1879 expected_hash=34a93d19 local_hash= local_source=none snapshot_missing=false
[WARN] consensus validator set unresolved height=468 chain_height=1879 expected_hash=34a93d19 local_hash= local_source=none snapshot_missing=false
[WARN] consensus validator set unresolved height=469 chain_height=1879 expected_hash=34a93d19 local_hash= local_source=none snapshot_missing=false
[WARN] consensus validator set unresolved height=470 chain_height=1879 expected_hash=34a93d19 local_hash= local_source=none snapshot_missing=false
[WARN] consensus validator set unresolved height=471 chain_height=1879 expected_hash=34a93d19 local_hash= local_source=none snapshot_missing=false
[WARN] consensus validator set unresolved height=472 chain_height=1879 expected_hash=34a93d19 local_hash= local_source=none snapshot_missing=false
[WARN] consensus validator set unresolved height=473 chain_height=1879 expected_hash=34a93d19 local_hash= local_source=none snapshot_missing=false
[WARN] consensus validator set unresolved height=474 chain_height=1879 expected_hash=34a93d19 local_hash= local_source=none snapshot_missing=false
[WARN] consensus validator set unresolved height=475 chain_height=1879 expected_hash=34a93d19 local_hash= local_source=none snapshot_missing=false
[WARN] consensus validator set unresolved height=476 chain_height=1879 expected_hash=34a93d19 local_hash= local_source=none snapshot_missing=false
[WARN] consensus validator set unresolved height=477 chain_height=1879 expected_hash=34a93d19 local_hash= local_source=none snapshot_missing=false
[WARN] consensus validator set unresolved height=478 chain_height=1879 expected_hash=34a93d19 local_hash= local_source=none snapshot_missing=false
[WARN] consensus validator set unresolved height=479 chain_height=1879 expected_hash=34a93d19 local_hash= local_source=none snapshot_missing=false
[WARN] consensus validator set unresolved height=480 chain_height=1879 expected_hash=34a93d19 local_hash= local_source=none snapshot_missing=false
[WARN] consensus validator set unresolved height=481 chain_height=1879 expected_hash=34a93d19 local_hash= local_source=none snapshot_missing=false
[WARN] consensus validator set unresolved height=482 chain_height=1879 expected_hash=34a93d19 local_hash= local_source=none snapshot_missing=false
[WARN] consensus validator set unresolved height=483 chain_height=1879 expected_hash=34a93d19 local_hash= local_source=none snapshot_missing=false
[WARN] consensus validator set unresolved height=484 chain_height=1879 expected_hash=34a93d19 local_hash= local_source=none snapshot_missing=false
[WARN] consensus validator set unresolved height=485 chain_height=1879 expected_hash=34a93d19 local_hash= local_source=none snapshot_missing=false
[WARN] consensus validator set unresolved height=486 chain_height=1879 expected_hash=34a93d19 local_hash= local_source=none snapshot_missing=false
[WARN] consensus validator set unresolved height=487 chain_height=1879 expected_hash=34a93d19 local_hash= local_source=none snapshot_missing=false
[WARN] consensus validator set unresolved height=488 chain_height=1879 expected_hash=34a93d19 local_hash= local_source=none snapshot_missing=false
[WARN] consensus validator set unresolved height=489 chain_height=1879 expected_hash=34a93d19 local_hash= local_source=none snapshot_missing=false
[WARN] consensus validator set unresolved height=490 chain_height=1879 expected_hash=34a93d19 local_hash= local_source=none snapshot_missing=false
[WARN] consensus validator set unresolved height=491 chain_height=1879 expected_hash=34a93d19 local_hash= local_source=none snapshot_missing=false
[WARN] consensus validator set unresolved height=492 chain_height=1879 expected_hash=34a93d19 local_hash= local_source=none snapshot_missing=false
[WARN] consensus validator set unresolved height=493 chain_height=1879 expected_hash=34a93d19 local_hash= local_source=none snapshot_missing=false
[WARN] consensus validator set unresolved height=494 chain_height=1879 expected_hash=34a93d19 local_hash= local_source=none snapshot_missing=false
[WARN] consensus validator set unresolved height=495 chain_height=1879 expected_hash=34a93d19 local_hash= local_source=none snapshot_missing=false
[WARN] consensus validator set unresolved height=496 chain_height=1879 expected_hash=34a93d19 local_hash= local_source=none snapshot_missing=false
[WARN] consensus validator set unresolved height=497 chain_height=1879 expected_hash=34a93d19 local_hash= local_source=none snapshot_missing=false
[WARN] consensus validator set unresolved height=498 chain_height=1879 expected_hash=34a93d19 local_hash= local_source=none snapshot_missing=false
[WARN] consensus validator set unresolved height=499 chain_height=1879 expected_hash=34a93d19 local_hash= local_source=none snapshot_missing=false
[WARN] consensus validator set unresolved height=500 chain_height=1879 expected_hash=34a93d19 local_hash= local_source=none snapshot_missing=false
[WARN] consensus validator set unresolved height=501 chain_height=1879 expected_hash=34a93d19 local_hash= local_source=none snapshot_missing=false
[WARN] consensus validator set unresolved height=502 chain_height=1879 expected_hash=34a93d19 local_hash= local_source=none snapshot_missing=false
[WARN] consensus validator set unresolved height=503 chain_height=1879 expected_hash=34a93d19 local_hash= local_source=none snapshot_missing=false
[WARN] consensus validator set unresolved height=504 chain_height=1879 expected_hash=34a93d19 local_hash= local_source=none snapshot_missing=false
[WARN] consensus validator set unresolved height=505 chain_height=1879 expected_hash=34a93d19 local_hash= local_source=none snapshot_missing=false
[WARN] consensus validator set unresolved height=506 chain_height=1879 expected_hash=34a93d19 local_hash= local_source=none snapshot_missing=false
[WARN] consensus validator set unresolved height=507 chain_height=1879 expected_hash=34a93d19 local_hash= local_source=none snapshot_missing=false
[WARN] consensus validator set unresolved height=508 chain_height=1879 expected_hash=34a93d19 local_hash= local_source=none snapshot_missing=false
[WARN] consensus validator set unresolved height=509 chain_height=1879 expected_hash=34a93d19 local_hash= local_source=none snapshot_missing=false
[WARN] consensus validator set unresolved height=510 chain_height=1879 expected_hash=34a93d19 local_hash= local_source=none snapshot_missing=false
[WARN] consensus validator set unresolved height=511 chain_height=1879 expected_hash=34a93d19 local_hash= local_source=none snapshot_missing=false
[WARN] consensus validator set unresolved height=512 chain_height=1879 expected_hash=34a93d19 local_hash= local_source=none snapshot_missing=false
[WARN] consensus validator set unresolved height=513 chain_height=1879 expected_hash=34a93d19 local_hash= local_source=none snapshot_missing=false
[WARN] consensus validator set unresolved height=514 chain_height=1879 expected_hash=34a93d19 local_hash= local_source=none snapshot_missing=false
[WARN] consensus validator set unresolved height=515 chain_height=1879 expected_hash=34a93d19 local_hash= local_source=none snapshot_missing=false
[WARN] consensus validator set unresolved height=516 chain_height=1879 expected_hash=34a93d19 local_hash= local_source=none snapshot_missing=false
[WARN] consensus validator set unresolved height=517 chain_height=1879 expected_hash=34a93d19 local_hash= local_source=none snapshot_missing=false
[WARN] consensus validator set unresolved height=518 chain_height=1879 expected_hash=34a93d19 local_hash= local_source=none snapshot_missing=false
[WARN] consensus validator set unresolved height=519 chain_height=1879 expected_hash=34a93d19 local_hash= local_source=none snapshot_missing=false
[WARN] consensus validator set unresolved height=520 chain_height=1879 expected_hash=34a93d19 local_hash= local_source=none snapshot_missing=false
[WARN] consensus validator set unresolved height=521 chain_height=1879 expected_hash=34a93d19 local_hash= local_source=none snapshot_missing=false
[WARN] consensus validator set unresolved height=522 chain_height=1879 expected_hash=34a93d19 local_hash= local_source=none snapshot_missing=false
[WARN] consensus validator set unresolved height=523 chain_height=1879 expected_hash=34a93d19 local_hash= local_source=none snapshot_missing=false
[WARN] consensus validator set unresolved height=524 chain_height=1879 expected_hash=34a93d19 local_hash= local_source=none snapshot_missing=false
[WARN] consensus validator set unresolved height=525 chain_height=1879 expected_hash=34a93d19 local_hash= local_source=none snapshot_missing=false
[WARN] consensus validator set unresolved height=526 chain_height=1879 expected_hash=34a93d19 local_hash= local_source=none snapshot_missing=false
[WARN] consensus validator set unresolved height=527 chain_height=1879 expected_hash=34a93d19 local_hash= local_source=none snapshot_missing=false
[WARN] consensus validator set unresolved height=528 chain_height=1879 expected_hash=34a93d19 local_hash= local_source=none snapshot_missing=false
[WARN] consensus validator set unresolved height=529 chain_height=1879 expected_hash=34a93d19 local_hash= local_source=none snapshot_missing=false
[WARN] consensus validator set unresolved height=530 chain_height=1879 expected_hash=34a93d19 local_hash= local_source=none snapshot_missing=false
[WARN] consensus validator set unresolved height=531 chain_height=1879 expected_hash=34a93d19 local_hash= local_source=none snapshot_missing=false
[WARN] consensus validator set unresolved height=532 chain_height=1879 expected_hash=34a93d19 local_hash= local_source=none snapshot_missing=false
[WARN] consensus validator set unresolved height=533 chain_height=1879 expected_hash=34a93d19 local_hash= local_source=none snapshot_missing=false
[WARN] consensus validator set unresolved height=534 chain_height=1879 expected_hash=34a93d19 local_hash= local_source=none snapshot_missing=false
[WARN] consensus validator set unresolved height=535 chain_height=1879 expected_hash=34a93d19 local_hash= local_source=none snapshot_missing=false
[WARN] consensus validator set unresolved height=536 chain_height=1879 expected_hash=34a93d19 local_hash= local_source=none snapshot_missing=false
[WARN] consensus validator set unresolved height=537 chain_height=1879 expected_hash=34a93d19 local_hash= local_source=none snapshot_missing=false
[WARN] consensus validator set unresolved height=538 chain_height=1879 expected_hash=34a93d19 local_hash= local_source=none snapshot_missing=false
[WARN] consensus validator set unresolved height=539 chain_height=1879 expected_hash=34a93d19 local_hash= local_source=none snapshot_missing=false
[WARN] consensus validator set unresolved height=540 chain_height=1879 expected_hash=34a93d19 local_hash= local_source=none snapshot_missing=false
[WARN] consensus validator set unresolved height=541 chain_height=1879 expected_hash=34a93d19 local_hash= local_source=none snapshot_missing=false
[WARN] consensus validator set unresolved height=542 chain_height=1879 expected_hash=34a93d19 local_hash= local_source=none snapshot_missing=false
[WARN] consensus validator set unresolved height=543 chain_height=1879 expected_hash=34a93d19 local_hash= local_source=none snapshot_missing=false
[WARN] consensus validator set unresolved height=544 chain_height=1879 expected_hash=34a93d19 local_hash= local_source=none snapshot_missing=false
[WARN] consensus validator set unresolved height=545 chain_height=1879 expected_hash=34a93d19 local_hash= local_source=none snapshot_missing=false
[WARN] consensus validator set unresolved height=546 chain_height=1879 expected_hash=34a93d19 local_hash= local_source=none snapshot_missing=false
[WARN] consensus validator set unresolved height=547 chain_height=1879 expected_hash=34a93d19 local_hash= local_source=none snapshot_missing=false
[WARN] consensus validator set unresolved height=548 chain_height=1879 expected_hash=34a93d19 local_hash= local_source=none snapshot_missing=false
[WARN] consensus validator set unresolved height=549 chain_height=1879 expected_hash=34a93d19 local_hash= local_source=none snapshot_missing=false
[WARN] consensus validator set unresolved height=550 chain_height=1879 expected_hash=34a93d19 local_hash= local_source=none snapshot_missing=false
[WARN] consensus validator set unresolved height=551 chain_height=1879 expected_hash=34a93d19 local_hash= local_source=none snapshot_missing=false
[WARN] consensus validator set unresolved height=552 chain_height=1879 expected_hash=34a93d19 local_hash= local_source=none snapshot_missing=false
[WARN] consensus validator set unresolved height=553 chain_height=1879 expected_hash=34a93d19 local_hash= local_source=none snapshot_missing=false
[WARN] consensus validator set unresolved height=554 chain_height=1879 expected_hash=34a93d19 local_hash= local_source=none snapshot_missing=false
[WARN] consensus validator set unresolved height=555 chain_height=1879 expected_hash=34a93d19 local_hash= local_source=none snapshot_missing=false
[WARN] consensus validator set unresolved height=556 chain_height=1879 expected_hash=34a93d19 local_hash= local_source=none snapshot_missing=false
[WARN] consensus validator set unresolved height=557 chain_height=1879 expected_hash=34a93d19 local_hash= local_source=none snapshot_missing=false
[WARN] consensus validator set unresolved height=558 chain_height=1879 expected_hash=34a93d19 local_hash= local_source=none snapshot_missing=false
[WARN] consensus validator set unresolved height=559 chain_height=1879 expected_hash=34a93d19 local_hash= local_source=none snapshot_missing=false
[WARN] consensus validator set unresolved height=560 chain_height=1879 expected_hash=34a93d19 local_hash= local_source=none snapshot_missing=false
[WARN] consensus validator set unresolved height=561 chain_height=1879 expected_hash=34a93d19 local_hash= local_source=none snapshot_missing=false
[WARN] consensus validator set unresolved height=562 chain_height=1879 expected_hash=34a93d19 local_hash= local_source=none snapshot_missing=false
[WARN] consensus validator set unresolved height=563 chain_height=1879 expected_hash=34a93d19 local_hash= local_source=none snapshot_missing=false
[WARN] consensus validator set unresolved height=564 chain_height=1879 expected_hash=34a93d19 local_hash= local_source=none snapshot_missing=false
[WARN] consensus validator set unresolved height=565 chain_height=1879 expected_hash=34a93d19 local_hash= local_source=none snapshot_missing=false
[WARN] consensus validator set unresolved height=566 chain_height=1879 expected_hash=34a93d19 local_hash= local_source=none snapshot_missing=false
[WARN] consensus validator set unresolved height=567 chain_height=1879 expected_hash=34a93d19 local_hash= local_source=none snapshot_missing=false
[WARN] consensus validator set unresolved height=568 chain_height=1879 expected_hash=34a93d19 local_hash= local_source=none snapshot_missing=false
[WARN] consensus validator set unresolved height=569 chain_height=1879 expected_hash=34a93d19 local_hash= local_source=none snapshot_missing=false
[WARN] consensus validator set unresolved height=570 chain_height=1879 expected_hash=34a93d19 local_hash= local_source=none snapshot_missing=false
[WARN] consensus validator set unresolved height=571 chain_height=1879 expected_hash=34a93d19 local_hash= local_source=none snapshot_missing=false
[WARN] consensus validator set unresolved height=572 chain_height=1879 expected_hash=34a93d19 local_hash= local_source=none snapshot_missing=false
[WARN] consensus validator set unresolved height=573 chain_height=1879 expected_hash=34a93d19 local_hash= local_source=none snapshot_missing=false
[WARN] consensus validator set unresolved height=574 chain_height=1879 expected_hash=34a93d19 local_hash= local_source=none snapshot_missing=false
[WARN] consensus validator set unresolved height=575 chain_height=1879 expected_hash=34a93d19 local_hash= local_source=none snapshot_missing=false
[WARN] consensus validator set unresolved height=576 chain_height=1879 expected_hash=34a93d19 local_hash= local_source=none snapshot_missing=false
[WARN] consensus validator set unresolved height=577 chain_height=1879 expected_hash=34a93d19 local_hash= local_source=none snapshot_missing=false
[WARN] consensus validator set unresolved height=578 chain_height=1879 expected_hash=34a93d19 local_hash= local_source=none snapshot_missing=false
[WARN] consensus validator set unresolved height=579 chain_height=1879 expected_hash=34a93d19 local_hash= local_source=none snapshot_missing=false
[WARN] consensus validator set unresolved height=580 chain_height=1879 expected_hash=34a93d19 local_hash= local_source=none snapshot_missing=false
[WARN] consensus validator set unresolved height=581 chain_height=1879 expected_hash=34a93d19 local_hash= local_source=none snapshot_missing=false
[WARN] consensus validator set unresolved height=582 chain_height=1879 expected_hash=34a93d19 local_hash= local_source=none snapshot_missing=false
[WARN] consensus validator set unresolved height=583 chain_height=1879 expected_hash=34a93d19 local_hash= local_source=none snapshot_missing=false
[WARN] consensus validator set unresolved height=584 chain_height=1879 expected_hash=34a93d19 local_hash= local_source=none snapshot_missing=false
[WARN] consensus validator set unresolved height=585 chain_height=1879 expected_hash=34a93d19 local_hash= local_source=none snapshot_missing=false
[WARN] consensus validator set unresolved height=586 chain_height=1879 expected_hash=34a93d19 local_hash= local_source=none snapshot_missing=false
[WARN] consensus validator set unresolved height=587 chain_height=1879 expected_hash=34a93d19 local_hash= local_source=none snapshot_missing=false
[WARN] consensus validator set unresolved height=588 chain_height=1879 expected_hash=34a93d19 local_hash= local_source=none snapshot_missing=false
[WARN] consensus validator set unresolved height=589 chain_height=1879 expected_hash=34a93d19 local_hash= local_source=none snapshot_missing=false
[WARN] consensus validator set unresolved height=590 chain_height=1879 expected_hash=34a93d19 local_hash= local_source=none snapshot_missing=false
[WARN] consensus validator set unresolved height=591 chain_height=1879 expected_hash=34a93d19 local_hash= local_source=none snapshot_missing=false
[WARN] consensus validator set unresolved height=592 chain_height=1879 expected_hash=34a93d19 local_hash= local_source=none snapshot_missing=false
[WARN] consensus validator set unresolved height=593 chain_height=1879 expected_hash=34a93d19 local_hash= local_source=none snapshot_missing=false
[WARN] consensus validator set unresolved height=594 chain_height=1879 expected_hash=34a93d19 local_hash= local_source=none snapshot_missing=false
[WARN] consensus validator set unresolved height=595 chain_height=1879 expected_hash=34a93d19 local_hash= local_source=none snapshot_missing=false
[WARN] consensus validator set unresolved height=596 chain_height=1879 expected_hash=34a93d19 local_hash= local_source=none snapshot_missing=false
[WARN] consensus validator set unresolved height=597 chain_height=1879 expected_hash=34a93d19 local_hash= local_source=none snapshot_missing=false
[WARN] consensus validator set unresolved height=598 chain_height=1879 expected_hash=34a93d19 local_hash= local_source=none snapshot_missing=false
[WARN] consensus validator set unresolved height=599 chain_height=1879 expected_hash=34a93d19 local_hash= local_source=none snapshot_missing=false
[WARN] consensus validator set unresolved height=600 chain_height=1879 expected_hash=34a93d19 local_hash= local_source=none snapshot_missing=false
[WARN] consensus validator set unresolved height=601 chain_height=1879 expected_hash=34a93d19 local_hash= local_source=none snapshot_missing=false
[WARN] consensus validator set unresolved height=602 chain_height=1879 expected_hash=34a93d19 local_hash= local_source=none snapshot_missing=false
[WARN] consensus validator set unresolved height=603 chain_height=1879 expected_hash=34a93d19 local_hash= local_source=none snapshot_missing=false
[WARN] consensus validator set unresolved height=604 chain_height=1879 expected_hash=34a93d19 local_hash= local_source=none snapshot_missing=false
[WARN] consensus validator set unresolved height=605 chain_height=1879 expected_hash=34a93d19 local_hash= local_source=none snapshot_missing=false
[WARN] consensus validator set unresolved height=606 chain_height=1879 expected_hash=34a93d19 local_hash= local_source=none snapshot_missing=false
[WARN] consensus validator set unresolved height=607 chain_height=1879 expected_hash=34a93d19 local_hash= local_source=none snapshot_missing=false
[WARN] consensus validator set unresolved height=608 chain_height=1879 expected_hash=34a93d19 local_hash= local_source=none snapshot_missing=false
[WARN] consensus validator set unresolved height=609 chain_height=1879 expected_hash=34a93d19 local_hash= local_source=none snapshot_missing=false
[WARN] consensus validator set unresolved height=610 chain_height=1879 expected_hash=34a93d19 local_hash= local_source=none snapshot_missing=false
[WARN] consensus validator set unresolved height=611 chain_height=1879 expected_hash=34a93d19 local_hash= local_source=none snapshot_missing=false
[WARN] consensus validator set unresolved height=612 chain_height=1879 expected_hash=34a93d19 local_hash= local_source=none snapshot_missing=false
[WARN] consensus validator set unresolved height=613 chain_height=1879 expected_hash=34a93d19 local_hash= local_source=none snapshot_missing=false
[WARN] consensus validator set unresolved height=614 chain_height=1879 expected_hash=34a93d19 local_hash= local_source=none snapshot_missing=false
[WARN] consensus validator set unresolved height=615 chain_height=1879 expected_hash=34a93d19 local_hash= local_source=none snapshot_missing=false
[WARN] consensus validator set unresolved height=616 chain_height=1879 expected_hash=34a93d19 local_hash= local_source=none snapshot_missing=false
[WARN] consensus validator set unresolved height=617 chain_height=1879 expected_hash=34a93d19 local_hash= local_source=none snapshot_missing=false
[WARN] consensus validator set unresolved height=618 chain_height=1879 expected_hash=34a93d19 local_hash= local_source=none snapshot_missing=false
[WARN] consensus validator set unresolved height=619 chain_height=1879 expected_hash=34a93d19 local_hash= local_source=none snapshot_missing=false
[WARN] consensus validator set unresolved height=620 chain_height=1879 expected_hash=34a93d19 local_hash= local_source=none snapshot_missing=false
[WARN] consensus validator set unresolved height=621 chain_height=1879 expected_hash=34a93d19 local_hash= local_source=none snapshot_missing=false
[WARN] consensus validator set unresolved height=622 chain_height=1879 expected_hash=34a93d19 local_hash= local_source=none snapshot_missing=false
[WARN] consensus validator set unresolved height=623 chain_height=1879 expected_hash=34a93d19 local_hash= local_source=none snapshot_missing=false
[WARN] consensus validator set unresolved height=624 chain_height=1879 expected_hash=34a93d19 local_hash= local_source=none snapshot_missing=false
[WARN] consensus validator set unresolved height=625 chain_height=1879 expected_hash=34a93d19 local_hash= local_source=none snapshot_missing=false
[WARN] consensus validator set unresolved height=626 chain_height=1879 expected_hash=34a93d19 local_hash= local_source=none snapshot_missing=false
[WARN] consensus validator set unresolved height=627 chain_height=1879 expected_hash=34a93d19 local_hash= local_source=none snapshot_missing=false
[WARN] consensus validator set unresolved height=628 chain_height=1879 expected_hash=34a93d19 local_hash= local_source=none snapshot_missing=false
[WARN] consensus validator set unresolved height=629 chain_height=1879 expected_hash=34a93d19 local_hash= local_source=none snapshot_missing=false
[WARN] consensus validator set unresolved height=630 chain_height=1879 expected_hash=34a93d19 local_hash= local_source=none snapshot_missing=false
[WARN] consensus validator set unresolved height=631 chain_height=1879 expected_hash=34a93d19 local_hash= local_source=none snapshot_missing=false
[WARN] consensus validator set unresolved height=632 chain_height=1879 expected_hash=34a93d19 local_hash= local_source=none snapshot_missing=false
[WARN] consensus validator set unresolved height=633 chain_height=1879 expected_hash=34a93d19 local_hash= local_source=none snapshot_missing=false
[WARN] consensus validator set unresolved height=634 chain_height=1879 expected_hash=34a93d19 local_hash= local_source=none snapshot_missing=false
[WARN] consensus validator set unresolved height=635 chain_height=1879 expected_hash=34a93d19 local_hash= local_source=none snapshot_missing=false
[WARN] consensus validator set unresolved height=636 chain_height=1879 expected_hash=34a93d19 local_hash= local_source=none snapshot_missing=false
[WARN] consensus validator set unresolved height=637 chain_height=1879 expected_hash=34a93d19 local_hash= local_source=none snapshot_missing=false
[WARN] consensus validator set unresolved height=638 chain_height=1879 expected_hash=34a93d19 local_hash= local_source=none snapshot_missing=false
[WARN] consensus validator set unresolved height=639 chain_height=1879 expected_hash=34a93d19 local_hash= local_source=none snapshot_missing=false
[WARN] consensus validator set unresolved height=640 chain_height=1879 expected_hash=34a93d19 local_hash= local_source=none snapshot_missing=false
[WARN] consensus validator set unresolved height=641 chain_height=1879 expected_hash=34a93d19 local_hash= local_source=none snapshot_missing=false
[WARN] consensus validator set unresolved height=642 chain_height=1879 expected_hash=34a93d19 local_hash= local_source=none snapshot_missing=false
[WARN] consensus validator set unresolved height=643 chain_height=1879 expected_hash=34a93d19 local_hash= local_source=none snapshot_missing=false
[WARN] consensus validator set unresolved height=644 chain_height=1879 expected_hash=34a93d19 local_hash= local_source=none snapshot_missing=false
[WARN] consensus validator set unresolved height=645 chain_height=1879 expected_hash=34a93d19 local_hash= local_source=none snapshot_missing=false
[WARN] consensus validator set unresolved height=646 chain_height=1879 expected_hash=34a93d19 local_hash= local_source=none snapshot_missing=false
[WARN] consensus validator set unresolved height=647 chain_height=1879 expected_hash=34a93d19 local_hash= local_source=none snapshot_missing=false
[WARN] consensus validator set unresolved height=648 chain_height=1879 expected_hash=34a93d19 local_hash= local_source=none snapshot_missing=false
[WARN] consensus validator set unresolved height=649 chain_height=1879 expected_hash=34a93d19 local_hash= local_source=none snapshot_missing=false
[WARN] consensus validator set unresolved height=650 chain_height=1879 expected_hash=34a93d19 local_hash= local_source=none snapshot_missing=false
[WARN] consensus validator set unresolved height=651 chain_height=1879 expected_hash=34a93d19 local_hash= local_source=none snapshot_missing=false
[WARN] consensus validator set unresolved height=652 chain_height=1879 expected_hash=34a93d19 local_hash= local_source=none snapshot_missing=false
[WARN] consensus validator set unresolved height=653 chain_height=1879 expected_hash=34a93d19 local_hash= local_source=none snapshot_missing=false
[WARN] consensus validator set unresolved height=654 chain_height=1879 expected_hash=34a93d19 local_hash= local_source=none snapshot_missing=false
[WARN] consensus validator set unresolved height=655 chain_height=1879 expected_hash=34a93d19 local_hash= local_source=none snapshot_missing=false
[WARN] consensus validator set unresolved height=656 chain_height=1879 expected_hash=34a93d19 local_hash= local_source=none snapshot_missing=false
[WARN] consensus validator set unresolved height=657 chain_height=1879 expected_hash=34a93d19 local_hash= local_source=none snapshot_missing=false
[WARN] consensus validator set unresolved height=658 chain_height=1879 expected_hash=34a93d19 local_hash= local_source=none snapshot_missing=false
[WARN] consensus validator set unresolved height=659 chain_height=1879 expected_hash=34a93d19 local_hash= local_source=none snapshot_missing=false
[WARN] consensus validator set unresolved height=660 chain_height=1879 expected_hash=34a93d19 local_hash= local_source=none snapshot_missing=false
[WARN] consensus validator set unresolved height=661 chain_height=1879 expected_hash=34a93d19 local_hash= local_source=none snapshot_missing=false
[WARN] consensus validator set unresolved height=662 chain_height=1879 expected_hash=34a93d19 local_hash= local_source=none snapshot_missing=false
[WARN] consensus validator set unresolved height=663 chain_height=1879 expected_hash=34a93d19 local_hash= local_source=none snapshot_missing=false
[WARN] consensus validator set unresolved height=664 chain_height=1879 expected_hash=34a93d19 local_hash= local_source=none snapshot_missing=false
[WARN] consensus validator set unresolved height=665 chain_height=1879 expected_hash=34a93d19 local_hash= local_source=none snapshot_missing=false
[WARN] consensus validator set unresolved height=666 chain_height=1879 expected_hash=34a93d19 local_hash= local_source=none snapshot_missing=false
[WARN] consensus validator set unresolved height=667 chain_height=1879 expected_hash=34a93d19 local_hash= local_source=none snapshot_missing=false
[WARN] consensus validator set unresolved height=668 chain_height=1879 expected_hash=34a93d19 local_hash= local_source=none snapshot_missing=false
[WARN] consensus validator set unresolved height=669 chain_height=1879 expected_hash=34a93d19 local_hash= local_source=none snapshot_missing=false
[WARN] consensus validator set unresolved height=670 chain_height=1879 expected_hash=34a93d19 local_hash= local_source=none snapshot_missing=false
[WARN] consensus validator set unresolved height=671 chain_height=1879 expected_hash=34a93d19 local_hash= local_source=none snapshot_missing=false
[WARN] consensus validator set unresolved height=672 chain_height=1879 expected_hash=34a93d19 local_hash= local_source=none snapshot_missing=false
[WARN] consensus validator set unresolved height=673 chain_height=1879 expected_hash=34a93d19 local_hash= local_source=none snapshot_missing=false
2026/05/18 00:44:36 [REGISTRY-HISTORY-REBUILD] height=1696 status=scheduled reason=consensus_set_unresolved
[WARN] consensus validator set unresolved height=674 chain_height=1879 expected_hash=34a93d19 local_hash= local_source=none snapshot_missing=false
2026/05/18 00:44:36 [REGISTRY-HISTORY-REBUILD] height=1696 status=started reason=consensus_set_unresolved
2026/05/18 00:44:36 [REGISTRY-HISTORY-REBUILD] height=1696 status=ok reason=consensus_set_unresolved
[WARN] consensus validator set unresolved height=675 chain_height=1879 expected_hash=34a93d19 local_hash= local_source=none snapshot_missing=false
[WARN] consensus validator set unresolved height=676 chain_height=1879 expected_hash=34a93d19 local_hash= local_source=none snapshot_missing=false
[WARN] consensus validator set unresolved height=677 chain_height=1879 expected_hash=34a93d19 local_hash= local_source=none snapshot_missing=false
[WARN] consensus validator set unresolved height=678 chain_height=1879 expected_hash=34a93d19 local_hash= local_source=none snapshot_missing=false
[WARN] consensus validator set unresolved height=679 chain_height=1879 expected_hash=34a93d19 local_hash= local_source=none snapshot_missing=false
[WARN] consensus validator set unresolved height=680 chain_height=1879 expected_hash=34a93d19 local_hash= local_source=none snapshot_missing=false
[WARN] consensus validator set unresolved height=681 chain_height=1879 expected_hash=34a93d19 local_hash= local_source=none snapshot_missing=false
[WARN] consensus validator set unresolved height=682 chain_height=1879 expected_hash=34a93d19 local_hash= local_source=none snapshot_missing=false
[WARN] consensus validator set unresolved height=683 chain_height=1879 expected_hash=34a93d19 local_hash= local_source=none snapshot_missing=false
[WARN] consensus validator set unresolved height=684 chain_height=1879 expected_hash=34a93d19 local_hash= local_source=none snapshot_missing=false
[WARN] consensus validator set unresolved height=685 chain_height=1879 expected_hash=34a93d19 local_hash= local_source=none snapshot_missing=false
[WARN] consensus validator set unresolved height=686 chain_height=1879 expected_hash=34a93d19 local_hash= local_source=none snapshot_missing=false
[WARN] consensus validator set unresolved height=687 chain_height=1879 expected_hash=34a93d19 local_hash= local_source=none snapshot_missing=false
[WARN] consensus validator set unresolved height=688 chain_height=1879 expected_hash=34a93d19 local_hash= local_source=none snapshot_missing=false
[WARN] consensus validator set unresolved height=689 chain_height=1879 expected_hash=34a93d19 local_hash= local_source=none snapshot_missing=false
[WARN] consensus validator set unresolved height=690 chain_height=1879 expected_hash=34a93d19 local_hash= local_source=none snapshot_missing=false
[WARN] consensus validator set unresolved height=691 chain_height=1879 expected_hash=34a93d19 local_hash= local_source=none snapshot_missing=false
[WARN] consensus validator set unresolved height=692 chain_height=1879 expected_hash=34a93d19 local_hash= local_source=none snapshot_missing=false
[WARN] consensus validator set unresolved height=693 chain_height=1879 expected_hash=34a93d19 local_hash= local_source=none snapshot_missing=false
[WARN] consensus validator set unresolved height=694 chain_height=1879 expected_hash=34a93d19 local_hash= local_source=none snapshot_missing=false
[WARN] consensus validator set unresolved height=695 chain_height=1879 expected_hash=34a93d19 local_hash= local_source=none snapshot_missing=false
[WARN] consensus validator set unresolved height=696 chain_height=1879 expected_hash=34a93d19 local_hash= local_source=none snapshot_missing=false
[WARN] consensus validator set unresolved height=697 chain_height=1879 expected_hash=34a93d19 local_hash= local_source=none snapshot_missing=false
[WARN] consensus validator set unresolved height=698 chain_height=1879 expected_hash=34a93d19 local_hash= local_source=none snapshot_missing=false
[WARN] consensus validator set unresolved height=699 chain_height=1879 expected_hash=34a93d19 local_hash= local_source=none snapshot_missing=false
[WARN] consensus validator set unresolved height=700 chain_height=1879 expected_hash=34a93d19 local_hash= local_source=none snapshot_missing=false
[WARN] consensus validator set unresolved height=701 chain_height=1879 expected_hash=34a93d19 local_hash= local_source=none snapshot_missing=false
[WARN] consensus validator set unresolved height=702 chain_height=1879 expected_hash=34a93d19 local_hash= local_source=none snapshot_missing=false
[WARN] consensus validator set unresolved height=703 chain_height=1879 expected_hash=34a93d19 local_hash= local_source=none snapshot_missing=false
[WARN] consensus validator set unresolved height=704 chain_height=1879 expected_hash=34a93d19 local_hash= local_source=none snapshot_missing=false
[WARN] consensus validator set unresolved height=705 chain_height=1879 expected_hash=34a93d19 local_hash= local_source=none snapshot_missing=false
[WARN] consensus validator set unresolved height=706 chain_height=1879 expected_hash=34a93d19 local_hash= local_source=none snapshot_missing=false
[WARN] consensus validator set unresolved height=707 chain_height=1879 expected_hash=34a93d19 local_hash= local_source=none snapshot_missing=false
[WARN] consensus validator set unresolved height=708 chain_height=1879 expected_hash=34a93d19 local_hash= local_source=none snapshot_missing=false
[WARN] consensus validator set unresolved height=709 chain_height=1879 expected_hash=34a93d19 local_hash= local_source=none snapshot_missing=false
[WARN] consensus validator set unresolved height=710 chain_height=1879 expected_hash=34a93d19 local_hash= local_source=none snapshot_missing=false
[WARN] consensus validator set unresolved height=711 chain_height=1879 expected_hash=34a93d19 local_hash= local_source=none snapshot_missing=false
[WARN] consensus validator set unresolved height=712 chain_height=1879 expected_hash=34a93d19 local_hash= local_source=none snapshot_missing=false
[WARN] consensus validator set unresolved height=713 chain_height=1879 expected_hash=34a93d19 local_hash= local_source=none snapshot_missing=false
[WARN] consensus validator set unresolved height=714 chain_height=1879 expected_hash=34a93d19 local_hash= local_source=none snapshot_missing=false
[WARN] consensus validator set unresolved height=715 chain_height=1879 expected_hash=34a93d19 local_hash= local_source=none snapshot_missing=false
[WARN] consensus validator set unresolved height=716 chain_height=1879 expected_hash=34a93d19 local_hash= local_source=none snapshot_missing=false
[WARN] consensus validator set unresolved height=717 chain_height=1879 expected_hash=34a93d19 local_hash= local_source=none snapshot_missing=false
[WARN] consensus validator set unresolved height=718 chain_height=1879 expected_hash=34a93d19 local_hash= local_source=none snapshot_missing=false
[WARN] consensus validator set unresolved height=719 chain_height=1879 expected_hash=34a93d19 local_hash= local_source=none snapshot_missing=false
[WARN] consensus validator set unresolved height=720 chain_height=1879 expected_hash=34a93d19 local_hash= local_source=none snapshot_missing=false
[WARN] consensus validator set unresolved height=721 chain_height=1879 expected_hash=34a93d19 local_hash= local_source=none snapshot_missing=false
[WARN] consensus validator set unresolved height=722 chain_height=1879 expected_hash=34a93d19 local_hash= local_source=none snapshot_missing=false
[WARN] consensus validator set unresolved height=723 chain_height=1879 expected_hash=34a93d19 local_hash= local_source=none snapshot_missing=false
[WARN] consensus validator set unresolved height=724 chain_height=1879 expected_hash=34a93d19 local_hash= local_source=none snapshot_missing=false
[WARN] consensus validator set unresolved height=725 chain_height=1879 expected_hash=34a93d19 local_hash= local_source=none snapshot_missing=false
[WARN] consensus validator set unresolved height=726 chain_height=1879 expected_hash=34a93d19 local_hash= local_source=none snapshot_missing=false
[WARN] consensus validator set unresolved height=727 chain_height=1879 expected_hash=34a93d19 local_hash= local_source=none snapshot_missing=false
[WARN] consensus validator set unresolved height=728 chain_height=1879 expected_hash=34a93d19 local_hash= local_source=none snapshot_missing=false
[WARN] consensus validator set unresolved height=729 chain_height=1879 expected_hash=34a93d19 local_hash= local_source=none snapshot_missing=false
[WARN] consensus validator set unresolved height=730 chain_height=1879 expected_hash=34a93d19 local_hash= local_source=none snapshot_missing=false
[WARN] consensus validator set unresolved height=731 chain_height=1879 expected_hash=34a93d19 local_hash= local_source=none snapshot_missing=false
[WARN] consensus validator set unresolved height=732 chain_height=1879 expected_hash=34a93d19 local_hash= local_source=none snapshot_missing=false
[WARN] consensus validator set unresolved height=733 chain_height=1879 expected_hash=34a93d19 local_hash= local_source=none snapshot_missing=false
[WARN] consensus validator set unresolved height=734 chain_height=1879 expected_hash=34a93d19 local_hash= local_source=none snapshot_missing=false
[WARN] consensus validator set unresolved height=735 chain_height=1879 expected_hash=34a93d19 local_hash= local_source=none snapshot_missing=false
[WARN] consensus validator set unresolved height=736 chain_height=1879 expected_hash=34a93d19 local_hash= local_source=none snapshot_missing=false
[WARN] consensus validator set unresolved height=737 chain_height=1879 expected_hash=34a93d19 local_hash= local_source=none snapshot_missing=false
[WARN] consensus validator set unresolved height=738 chain_height=1879 expected_hash=34a93d19 local_hash= local_source=none snapshot_missing=false
[WARN] consensus validator set unresolved height=739 chain_height=1879 expected_hash=34a93d19 local_hash= local_source=none snapshot_missing=false
[WARN] consensus validator set unresolved height=740 chain_height=1879 expected_hash=34a93d19 local_hash= local_source=none snapshot_missing=false
[WARN] consensus validator set unresolved height=741 chain_height=1879 expected_hash=34a93d19 local_hash= local_source=none snapshot_missing=false
[WARN] consensus validator set unresolved height=742 chain_height=1879 expected_hash=34a93d19 local_hash= local_source=none snapshot_missing=false
[WARN] consensus validator set unresolved height=743 chain_height=1879 expected_hash=34a93d19 local_hash= local_source=none snapshot_missing=false
[WARN] consensus validator set unresolved height=744 chain_height=1879 expected_hash=34a93d19 local_hash= local_source=none snapshot_missing=false
[WARN] consensus validator set unresolved height=745 chain_height=1879 expected_hash=34a93d19 local_hash= local_source=none snapshot_missing=false
[WARN] consensus validator set unresolved height=746 chain_height=1879 expected_hash=34a93d19 local_hash= local_source=none snapshot_missing=false
[WARN] consensus validator set unresolved height=747 chain_height=1879 expected_hash=34a93d19 local_hash= local_source=none snapshot_missing=false
[WARN] consensus validator set unresolved height=748 chain_height=1879 expected_hash=34a93d19 local_hash= local_source=none snapshot_missing=false
[WARN] consensus validator set unresolved height=749 chain_height=1879 expected_hash=34a93d19 local_hash= local_source=none snapshot_missing=false
[WARN] consensus validator set unresolved height=750 chain_height=1879 expected_hash=34a93d19 local_hash= local_source=none snapshot_missing=false
[WARN] consensus validator set unresolved height=751 chain_height=1879 expected_hash=34a93d19 local_hash= local_source=none snapshot_missing=false
[WARN] consensus validator set unresolved height=752 chain_height=1879 expected_hash=34a93d19 local_hash= local_source=none snapshot_missing=false
[WARN] consensus validator set unresolved height=753 chain_height=1879 expected_hash=34a93d19 local_hash= local_source=none snapshot_missing=false
[WARN] consensus validator set unresolved height=754 chain_height=1879 expected_hash=34a93d19 local_hash= local_source=none snapshot_missing=false
[WARN] consensus validator set unresolved height=755 chain_height=1879 expected_hash=34a93d19 local_hash= local_source=none snapshot_missing=false
[WARN] consensus validator set unresolved height=756 chain_height=1879 expected_hash=34a93d19 local_hash= local_source=none snapshot_missing=false
[WARN] consensus validator set unresolved height=757 chain_height=1879 expected_hash=34a93d19 local_hash= local_source=none snapshot_missing=false
[WARN] consensus validator set unresolved height=758 chain_height=1879 expected_hash=34a93d19 local_hash= local_source=none snapshot_missing=false
[WARN] consensus validator set unresolved height=759 chain_height=1879 expected_hash=34a93d19 local_hash= local_source=none snapshot_missing=false
[WARN] consensus validator set unresolved height=760 chain_height=1879 expected_hash=34a93d19 local_hash= local_source=none snapshot_missing=false
[WARN] consensus validator set unresolved height=761 chain_height=1879 expected_hash=34a93d19 local_hash= local_source=none snapshot_missing=false
[WARN] consensus validator set unresolved height=762 chain_height=1879 expected_hash=34a93d19 local_hash= local_source=none snapshot_missing=false
[WARN] consensus validator set unresolved height=763 chain_height=1879 expected_hash=34a93d19 local_hash= local_source=none snapshot_missing=false
[WARN] consensus validator set unresolved height=764 chain_height=1879 expected_hash=34a93d19 local_hash= local_source=none snapshot_missing=false
[WARN] consensus validator set unresolved height=765 chain_height=1879 expected_hash=34a93d19 local_hash= local_source=none snapshot_missing=false
[WARN] consensus validator set unresolved height=766 chain_height=1879 expected_hash=34a93d19 local_hash= local_source=none snapshot_missing=false
[WARN] consensus validator set unresolved height=767 chain_height=1879 expected_hash=34a93d19 local_hash= local_source=none snapshot_missing=false
[WARN] consensus validator set unresolved height=768 chain_height=1879 expected_hash=34a93d19 local_hash= local_source=none snapshot_missing=false
[WARN] consensus validator set unresolved height=769 chain_height=1879 expected_hash=34a93d19 local_hash= local_source=none snapshot_missing=false
[WARN] consensus validator set unresolved height=770 chain_height=1879 expected_hash=34a93d19 local_hash= local_source=none snapshot_missing=false
[WARN] consensus validator set unresolved height=771 chain_height=1879 expected_hash=34a93d19 local_hash= local_source=none snapshot_missing=false
[WARN] consensus validator set unresolved height=772 chain_height=1879 expected_hash=34a93d19 local_hash= local_source=none snapshot_missing=false
[WARN] consensus validator set unresolved height=773 chain_height=1879 expected_hash=34a93d19 local_hash= local_source=none snapshot_missing=false
[WARN] consensus validator set unresolved height=774 chain_height=1879 expected_hash=34a93d19 local_hash= local_source=none snapshot_missing=false
[WARN] consensus validator set unresolved height=775 chain_height=1879 expected_hash=34a93d19 local_hash= local_source=none snapshot_missing=false
[WARN] consensus validator set unresolved height=776 chain_height=1879 expected_hash=34a93d19 local_hash= local_source=none snapshot_missing=false
[WARN] consensus validator set unresolved height=777 chain_height=1879 expected_hash=34a93d19 local_hash= local_source=none snapshot_missing=false
[WARN] consensus validator set unresolved height=778 chain_height=1879 expected_hash=34a93d19 local_hash= local_source=none snapshot_missing=false
[WARN] consensus validator set unresolved height=779 chain_height=1879 expected_hash=34a93d19 local_hash= local_source=none snapshot_missing=false
[WARN] consensus validator set unresolved height=780 chain_height=1879 expected_hash=34a93d19 local_hash= local_source=none snapshot_missing=false
[WARN] consensus validator set unresolved height=781 chain_height=1879 expected_hash=34a93d19 local_hash= local_source=none snapshot_missing=false
[WARN] consensus validator set unresolved height=782 chain_height=1879 expected_hash=34a93d19 local_hash= local_source=none snapshot_missing=false
[WARN] consensus validator set unresolved height=783 chain_height=1879 expected_hash=34a93d19 local_hash= local_source=none snapshot_missing=false
[WARN] consensus validator set unresolved height=784 chain_height=1879 expected_hash=34a93d19 local_hash= local_source=none snapshot_missing=false
[WARN] consensus validator set unresolved height=785 chain_height=1879 expected_hash=34a93d19 local_hash= local_source=none snapshot_missing=false
[WARN] consensus validator set unresolved height=786 chain_height=1879 expected_hash=34a93d19 local_hash= local_source=none snapshot_missing=false
[WARN] consensus validator set unresolved height=787 chain_height=1879 expected_hash=34a93d19 local_hash= local_source=none snapshot_missing=false
[WARN] consensus validator set unresolved height=788 chain_height=1879 expected_hash=34a93d19 local_hash= local_source=none snapshot_missing=false
[WARN] consensus validator set unresolved height=789 chain_height=1879 expected_hash=34a93d19 local_hash= local_source=none snapshot_missing=false
[WARN] consensus validator set unresolved height=790 chain_height=1879 expected_hash=34a93d19 local_hash= local_source=none snapshot_missing=false
[WARN] consensus validator set unresolved height=791 chain_height=1879 expected_hash=34a93d19 local_hash= local_source=none snapshot_missing=false
[WARN] consensus validator set unresolved height=792 chain_height=1879 expected_hash=34a93d19 local_hash= local_source=none snapshot_missing=false
[WARN] consensus validator set unresolved height=793 chain_height=1879 expected_hash=34a93d19 local_hash= local_source=none snapshot_missing=false
[WARN] consensus validator set unresolved height=794 chain_height=1879 expected_hash=34a93d19 local_hash= local_source=none snapshot_missing=false
[WARN] consensus validator set unresolved height=795 chain_height=1879 expected_hash=34a93d19 local_hash= local_source=none snapshot_missing=false
[WARN] consensus validator set unresolved height=796 chain_height=1879 expected_hash=34a93d19 local_hash= local_source=none snapshot_missing=false
[WARN] consensus validator set unresolved height=797 chain_height=1879 expected_hash=34a93d19 local_hash= local_source=none snapshot_missing=false
[WARN] consensus validator set unresolved height=798 chain_height=1879 expected_hash=34a93d19 local_hash= local_source=none snapshot_missing=false
[WARN] consensus validator set unresolved height=799 chain_height=1879 expected_hash=34a93d19 local_hash= local_source=none snapshot_missing=false
[WARN] consensus validator set unresolved height=800 chain_height=1879 expected_hash=34a93d19 local_hash= local_source=none snapshot_missing=false
[WARN] consensus validator set unresolved height=801 chain_height=1879 expected_hash=34a93d19 local_hash= local_source=none snapshot_missing=false
[WARN] consensus validator set unresolved height=802 chain_height=1879 expected_hash=34a93d19 local_hash= local_source=none snapshot_missing=false
[WARN] consensus validator set unresolved height=803 chain_height=1879 expected_hash=34a93d19 local_hash= local_source=none snapshot_missing=false
[WARN] consensus validator set unresolved height=804 chain_height=1879 expected_hash=34a93d19 local_hash= local_source=none snapshot_missing=false
[WARN] consensus validator set unresolved height=805 chain_height=1879 expected_hash=34a93d19 local_hash= local_source=none snapshot_missing=false
[WARN] consensus validator set unresolved height=806 chain_height=1879 expected_hash=34a93d19 local_hash= local_source=none snapshot_missing=false
[WARN] consensus validator set unresolved height=807 chain_height=1879 expected_hash=34a93d19 local_hash= local_source=none snapshot_missing=false
[WARN] consensus validator set unresolved height=808 chain_height=1879 expected_hash=34a93d19 local_hash= local_source=none snapshot_missing=false
[WARN] consensus validator set unresolved height=809 chain_height=1879 expected_hash=34a93d19 local_hash= local_source=none snapshot_missing=false
[WARN] consensus validator set unresolved height=810 chain_height=1879 expected_hash=34a93d19 local_hash= local_source=none snapshot_missing=false
[WARN] consensus validator set unresolved height=811 chain_height=1879 expected_hash=34a93d19 local_hash= local_source=none snapshot_missing=false
[WARN] consensus validator set unresolved height=812 chain_height=1879 expected_hash=34a93d19 local_hash= local_source=none snapshot_missing=false
[WARN] consensus validator set unresolved height=813 chain_height=1879 expected_hash=34a93d19 local_hash= local_source=none snapshot_missing=false
[WARN] consensus validator set unresolved height=814 chain_height=1879 expected_hash=34a93d19 local_hash= local_source=none snapshot_missing=false
[WARN] consensus validator set unresolved height=815 chain_height=1879 expected_hash=34a93d19 local_hash= local_source=none snapshot_missing=false
[WARN] consensus validator set unresolved height=816 chain_height=1879 expected_hash=34a93d19 local_hash= local_source=none snapshot_missing=false
[WARN] consensus validator set unresolved height=817 chain_height=1879 expected_hash=34a93d19 local_hash= local_source=none snapshot_missing=false
[WARN] consensus validator set unresolved height=818 chain_height=1879 expected_hash=34a93d19 local_hash= local_source=none snapshot_missing=false
[WARN] consensus validator set unresolved height=819 chain_height=1879 expected_hash=34a93d19 local_hash= local_source=none snapshot_missing=false
[WARN] consensus validator set unresolved height=820 chain_height=1879 expected_hash=34a93d19 local_hash= local_source=none snapshot_missing=false
[WARN] consensus validator set unresolved height=821 chain_height=1879 expected_hash=34a93d19 local_hash= local_source=none snapshot_missing=false
[WARN] consensus validator set unresolved height=822 chain_height=1879 expected_hash=34a93d19 local_hash= local_source=none snapshot_missing=false
[WARN] consensus validator set unresolved height=823 chain_height=1879 expected_hash=34a93d19 local_hash= local_source=none snapshot_missing=false
[WARN] consensus validator set unresolved height=824 chain_height=1879 expected_hash=34a93d19 local_hash= local_source=none snapshot_missing=false
[WARN] consensus validator set unresolved height=825 chain_height=1879 expected_hash=34a93d19 local_hash= local_source=none snapshot_missing=false
[WARN] consensus validator set unresolved height=826 chain_height=1879 expected_hash=34a93d19 local_hash= local_source=none snapshot_missing=false
[WARN] consensus validator set unresolved height=827 chain_height=1879 expected_hash=34a93d19 local_hash= local_source=none snapshot_missing=false
[WARN] consensus validator set unresolved height=828 chain_height=1879 expected_hash=34a93d19 local_hash= local_source=none snapshot_missing=false
[WARN] consensus validator set unresolved height=829 chain_height=1879 expected_hash=34a93d19 local_hash= local_source=none snapshot_missing=false
[WARN] consensus validator set unresolved height=830 chain_height=1879 expected_hash=34a93d19 local_hash= local_source=none snapshot_missing=false
[WARN] consensus validator set unresolved height=831 chain_height=1879 expected_hash=34a93d19 local_hash= local_source=none snapshot_missing=false
[WARN] consensus validator set unresolved height=832 chain_height=1879 expected_hash=34a93d19 local_hash= local_source=none snapshot_missing=false
[WARN] consensus validator set unresolved height=833 chain_height=1879 expected_hash=34a93d19 local_hash= local_source=none snapshot_missing=false
[WARN] consensus validator set unresolved height=834 chain_height=1879 expected_hash=34a93d19 local_hash= local_source=none snapshot_missing=false
[WARN] consensus validator set unresolved height=835 chain_height=1879 expected_hash=34a93d19 local_hash= local_source=none snapshot_missing=false
[WARN] consensus validator set unresolved height=836 chain_height=1879 expected_hash=34a93d19 local_hash= local_source=none snapshot_missing=false
[WARN] consensus validator set unresolved height=837 chain_height=1879 expected_hash=34a93d19 local_hash= local_source=none snapshot_missing=false
[WARN] consensus validator set unresolved height=838 chain_height=1879 expected_hash=34a93d19 local_hash= local_source=none snapshot_missing=false
[WARN] consensus validator set unresolved height=839 chain_height=1879 expected_hash=34a93d19 local_hash= local_source=none snapshot_missing=false
[WARN] consensus validator set unresolved height=840 chain_height=1879 expected_hash=34a93d19 local_hash= local_source=none snapshot_missing=false
[WARN] consensus validator set unresolved height=841 chain_height=1879 expected_hash=34a93d19 local_hash= local_source=none snapshot_missing=false
[WARN] consensus validator set unresolved height=842 chain_height=1879 expected_hash=34a93d19 local_hash= local_source=none snapshot_missing=false
[WARN] consensus validator set unresolved height=843 chain_height=1879 expected_hash=34a93d19 local_hash= local_source=none snapshot_missing=false
[WARN] consensus validator set unresolved height=844 chain_height=1879 expected_hash=34a93d19 local_hash= local_source=none snapshot_missing=false
[WARN] consensus validator set unresolved height=845 chain_height=1879 expected_hash=34a93d19 local_hash= local_source=none snapshot_missing=false
[WARN] consensus validator set unresolved height=846 chain_height=1879 expected_hash=34a93d19 local_hash= local_source=none snapshot_missing=false
[WARN] consensus validator set unresolved height=847 chain_height=1879 expected_hash=34a93d19 local_hash= local_source=none snapshot_missing=false
[WARN] consensus validator set unresolved height=848 chain_height=1879 expected_hash=34a93d19 local_hash= local_source=none snapshot_missing=false
[WARN] consensus validator set unresolved height=849 chain_height=1879 expected_hash=34a93d19 local_hash= local_source=none snapshot_missing=false
[WARN] consensus validator set unresolved height=850 chain_height=1879 expected_hash=34a93d19 local_hash= local_source=none snapshot_missing=false
[WARN] consensus validator set unresolved height=851 chain_height=1879 expected_hash=34a93d19 local_hash= local_source=none snapshot_missing=false
[WARN] consensus validator set unresolved height=852 chain_height=1879 expected_hash=34a93d19 local_hash= local_source=none snapshot_missing=false
[WARN] consensus validator set unresolved height=853 chain_height=1879 expected_hash=34a93d19 local_hash= local_source=none snapshot_missing=false
[WARN] consensus validator set unresolved height=854 chain_height=1879 expected_hash=34a93d19 local_hash= local_source=none snapshot_missing=false
[WARN] consensus validator set unresolved height=855 chain_height=1879 expected_hash=34a93d19 local_hash= local_source=none snapshot_missing=false
[WARN] consensus validator set unresolved height=856 chain_height=1879 expected_hash=34a93d19 local_hash= local_source=none snapshot_missing=false
[WARN] consensus validator set unresolved height=857 chain_height=1879 expected_hash=34a93d19 local_hash= local_source=none snapshot_missing=false
[WARN] consensus validator set unresolved height=858 chain_height=1879 expected_hash=34a93d19 local_hash= local_source=none snapshot_missing=false
[WARN] consensus validator set unresolved height=859 chain_height=1879 expected_hash=34a93d19 local_hash= local_source=none snapshot_missing=false
[WARN] consensus validator set unresolved height=860 chain_height=1879 expected_hash=34a93d19 local_hash= local_source=none snapshot_missing=false
[WARN] consensus validator set unresolved height=861 chain_height=1879 expected_hash=34a93d19 local_hash= local_source=none snapshot_missing=false
[WARN] consensus validator set unresolved height=862 chain_height=1879 expected_hash=34a93d19 local_hash= local_source=none snapshot_missing=false
[WARN] consensus validator set unresolved height=863 chain_height=1879 expected_hash=34a93d19 local_hash= local_source=none snapshot_missing=false
[WARN] consensus validator set unresolved height=864 chain_height=1879 expected_hash=34a93d19 local_hash= local_source=none snapshot_missing=false
[WARN] consensus validator set unresolved height=865 chain_height=1879 expected_hash=34a93d19 local_hash= local_source=none snapshot_missing=false
[WARN] consensus validator set unresolved height=866 chain_height=1879 expected_hash=34a93d19 local_hash= local_source=none snapshot_missing=false
[WARN] consensus validator set unresolved height=867 chain_height=1879 expected_hash=34a93d19 local_hash= local_source=none snapshot_missing=false
[WARN] consensus validator set unresolved height=868 chain_height=1879 expected_hash=34a93d19 local_hash= local_source=none snapshot_missing=false
[WARN] consensus validator set unresolved height=869 chain_height=1879 expected_hash=34a93d19 local_hash= local_source=none snapshot_missing=false
[WARN] consensus validator set unresolved height=870 chain_height=1879 expected_hash=34a93d19 local_hash= local_source=none snapshot_missing=false
[WARN] consensus validator set unresolved height=871 chain_height=1879 expected_hash=34a93d19 local_hash= local_source=none snapshot_missing=false
[WARN] consensus validator set unresolved height=872 chain_height=1879 expected_hash=34a93d19 local_hash= local_source=none snapshot_missing=false
[WARN] consensus validator set unresolved height=873 chain_height=1879 expected_hash=34a93d19 local_hash= local_source=none snapshot_missing=false
[WARN] consensus validator set unresolved height=874 chain_height=1879 expected_hash=34a93d19 local_hash= local_source=none snapshot_missing=false
[WARN] consensus validator set unresolved height=875 chain_height=1879 expected_hash=34a93d19 local_hash= local_source=none snapshot_missing=false
[WARN] consensus validator set unresolved height=876 chain_height=1879 expected_hash=34a93d19 local_hash= local_source=none snapshot_missing=false
[WARN] consensus validator set unresolved height=877 chain_height=1879 expected_hash=34a93d19 local_hash= local_source=none snapshot_missing=false
[WARN] consensus validator set unresolved height=878 chain_height=1879 expected_hash=34a93d19 local_hash= local_source=none snapshot_missing=false
[WARN] consensus validator set unresolved height=879 chain_height=1879 expected_hash=34a93d19 local_hash= local_source=none snapshot_missing=false
[WARN] consensus validator set unresolved height=880 chain_height=1879 expected_hash=34a93d19 local_hash= local_source=none snapshot_missing=false
[WARN] consensus validator set unresolved height=881 chain_height=1879 expected_hash=34a93d19 local_hash= local_source=none snapshot_missing=false
[WARN] consensus validator set unresolved height=882 chain_height=1879 expected_hash=34a93d19 local_hash= local_source=none snapshot_missing=false
[WARN] consensus validator set unresolved height=883 chain_height=1879 expected_hash=34a93d19 local_hash= local_source=none snapshot_missing=false
[WARN] consensus validator set unresolved height=884 chain_height=1879 expected_hash=34a93d19 local_hash= local_source=none snapshot_missing=false
[WARN] consensus validator set unresolved height=885 chain_height=1879 expected_hash=34a93d19 local_hash= local_source=none snapshot_missing=false
[WARN] consensus validator set unresolved height=886 chain_height=1879 expected_hash=34a93d19 local_hash= local_source=none snapshot_missing=false
[WARN] consensus validator set unresolved height=887 chain_height=1879 expected_hash=34a93d19 local_hash= local_source=none snapshot_missing=false
[WARN] consensus validator set unresolved height=888 chain_height=1879 expected_hash=34a93d19 local_hash= local_source=none snapshot_missing=false
[WARN] consensus validator set unresolved height=889 chain_height=1879 expected_hash=34a93d19 local_hash= local_source=none snapshot_missing=false
[WARN] consensus validator set unresolved height=890 chain_height=1879 expected_hash=34a93d19 local_hash= local_source=none snapshot_missing=false
[WARN] consensus validator set unresolved height=891 chain_height=1879 expected_hash=34a93d19 local_hash= local_source=none snapshot_missing=false
[WARN] consensus validator set unresolved height=892 chain_height=1879 expected_hash=34a93d19 local_hash= local_source=none snapshot_missing=false
[WARN] consensus validator set unresolved height=893 chain_height=1879 expected_hash=34a93d19 local_hash= local_source=none snapshot_missing=false
[WARN] consensus validator set unresolved height=894 chain_height=1879 expected_hash=34a93d19 local_hash= local_source=none snapshot_missing=false
[WARN] consensus validator set unresolved height=895 chain_height=1879 expected_hash=34a93d19 local_hash= local_source=none snapshot_missing=false
[WARN] consensus validator set unresolved height=896 chain_height=1879 expected_hash=34a93d19 local_hash= local_source=none snapshot_missing=false
[WARN] consensus validator set unresolved height=897 chain_height=1879 expected_hash=34a93d19 local_hash= local_source=none snapshot_missing=false
[WARN] consensus validator set unresolved height=898 chain_height=1879 expected_hash=34a93d19 local_hash= local_source=none snapshot_missing=false
[WARN] consensus validator set unresolved height=899 chain_height=1879 expected_hash=34a93d19 local_hash= local_source=none snapshot_missing=false
[WARN] consensus validator set unresolved height=900 chain_height=1879 expected_hash=34a93d19 local_hash= local_source=none snapshot_missing=false
[WARN] consensus validator set unresolved height=901 chain_height=1879 expected_hash=34a93d19 local_hash= local_source=none snapshot_missing=false
[WARN] consensus validator set unresolved height=902 chain_height=1879 expected_hash=34a93d19 local_hash= local_source=none snapshot_missing=false
[WARN] consensus validator set unresolved height=903 chain_height=1879 expected_hash=34a93d19 local_hash= local_source=none snapshot_missing=false
[WARN] consensus validator set unresolved height=904 chain_height=1879 expected_hash=34a93d19 local_hash= local_source=none snapshot_missing=false
[WARN] consensus validator set unresolved height=905 chain_height=1879 expected_hash=34a93d19 local_hash= local_source=none snapshot_missing=false
[WARN] consensus validator set unresolved height=906 chain_height=1879 expected_hash=34a93d19 local_hash= local_source=none snapshot_missing=false
[WARN] consensus validator set unresolved height=907 chain_height=1879 expected_hash=34a93d19 local_hash= local_source=none snapshot_missing=false
[WARN] consensus validator set unresolved height=908 chain_height=1879 expected_hash=34a93d19 local_hash= local_source=none snapshot_missing=false
[WARN] consensus validator set unresolved height=909 chain_height=1879 expected_hash=34a93d19 local_hash= local_source=none snapshot_missing=false
[WARN] consensus validator set unresolved height=910 chain_height=1879 expected_hash=34a93d19 local_hash= local_source=none snapshot_missing=false
[WARN] consensus validator set unresolved height=911 chain_height=1879 expected_hash=34a93d19 local_hash= local_source=none snapshot_missing=false
[WARN] consensus validator set unresolved height=912 chain_height=1879 expected_hash=34a93d19 local_hash= local_source=none snapshot_missing=false
[WARN] consensus validator set unresolved height=913 chain_height=1879 expected_hash=34a93d19 local_hash= local_source=none snapshot_missing=false
[WARN] consensus validator set unresolved height=914 chain_height=1879 expected_hash=34a93d19 local_hash= local_source=none snapshot_missing=false
[WARN] consensus validator set unresolved height=915 chain_height=1879 expected_hash=34a93d19 local_hash= local_source=none snapshot_missing=false
[WARN] consensus validator set unresolved height=916 chain_height=1879 expected_hash=34a93d19 local_hash= local_source=none snapshot_missing=false
[WARN] consensus validator set unresolved height=917 chain_height=1879 expected_hash=34a93d19 local_hash= local_source=none snapshot_missing=false
[WARN] consensus validator set unresolved height=918 chain_height=1879 expected_hash=34a93d19 local_hash= local_source=none snapshot_missing=false
[WARN] consensus validator set unresolved height=919 chain_height=1879 expected_hash=34a93d19 local_hash= local_source=none snapshot_missing=false
[WARN] consensus validator set unresolved height=920 chain_height=1879 expected_hash=34a93d19 local_hash= local_source=none snapshot_missing=false
[WARN] consensus validator set unresolved height=921 chain_height=1879 expected_hash=34a93d19 local_hash= local_source=none snapshot_missing=false
[WARN] consensus validator set unresolved height=922 chain_height=1879 expected_hash=34a93d19 local_hash= local_source=none snapshot_missing=false
[WARN] consensus validator set unresolved height=923 chain_height=1879 expected_hash=34a93d19 local_hash= local_source=none snapshot_missing=false
[WARN] consensus validator set unresolved height=924 chain_height=1879 expected_hash=34a93d19 local_hash= local_source=none snapshot_missing=false
[WARN] consensus validator set unresolved height=925 chain_height=1879 expected_hash=34a93d19 local_hash= local_source=none snapshot_missing=false
[WARN] consensus validator set unresolved height=926 chain_height=1879 expected_hash=34a93d19 local_hash= local_source=none snapshot_missing=false
[WARN] consensus validator set unresolved height=927 chain_height=1879 expected_hash=34a93d19 local_hash= local_source=none snapshot_missing=false
[WARN] consensus validator set unresolved height=928 chain_height=1879 expected_hash=34a93d19 local_hash= local_source=none snapshot_missing=false
[WARN] consensus validator set unresolved height=929 chain_height=1879 expected_hash=34a93d19 local_hash= local_source=none snapshot_missing=false
[WARN] consensus validator set unresolved height=930 chain_height=1879 expected_hash=34a93d19 local_hash= local_source=none snapshot_missing=false
[WARN] consensus validator set unresolved height=931 chain_height=1879 expected_hash=34a93d19 local_hash= local_source=none snapshot_missing=false
[WARN] consensus validator set unresolved height=932 chain_height=1879 expected_hash=34a93d19 local_hash= local_source=none snapshot_missing=false
[WARN] consensus validator set unresolved height=933 chain_height=1879 expected_hash=34a93d19 local_hash= local_source=none snapshot_missing=false
[WARN] consensus validator set unresolved height=934 chain_height=1879 expected_hash=34a93d19 local_hash= local_source=none snapshot_missing=false
[WARN] consensus validator set unresolved height=935 chain_height=1879 expected_hash=34a93d19 local_hash= local_source=none snapshot_missing=false
[WARN] consensus validator set unresolved height=936 chain_height=1879 expected_hash=34a93d19 local_hash= local_source=none snapshot_missing=false
[WARN] consensus validator set unresolved height=937 chain_height=1879 expected_hash=34a93d19 local_hash= local_source=none snapshot_missing=false
[WARN] consensus validator set unresolved height=938 chain_height=1879 expected_hash=34a93d19 local_hash= local_source=none snapshot_missing=false
[WARN] consensus validator set unresolved height=939 chain_height=1879 expected_hash=34a93d19 local_hash= local_source=none snapshot_missing=false
[WARN] consensus validator set unresolved height=940 chain_height=1879 expected_hash=34a93d19 local_hash= local_source=none snapshot_missing=false
[WARN] consensus validator set unresolved height=941 chain_height=1879 expected_hash=34a93d19 local_hash= local_source=none snapshot_missing=false
[WARN] consensus validator set unresolved height=942 chain_height=1879 expected_hash=34a93d19 local_hash= local_source=none snapshot_missing=false
[WARN] consensus validator set unresolved height=943 chain_height=1879 expected_hash=34a93d19 local_hash= local_source=none snapshot_missing=false
[WARN] consensus validator set unresolved height=944 chain_height=1879 expected_hash=34a93d19 local_hash= local_source=none snapshot_missing=false
[WARN] consensus validator set unresolved height=945 chain_height=1879 expected_hash=34a93d19 local_hash= local_source=none snapshot_missing=false
[WARN] consensus validator set unresolved height=946 chain_height=1879 expected_hash=34a93d19 local_hash= local_source=none snapshot_missing=false
[WARN] consensus validator set unresolved height=947 chain_height=1879 expected_hash=34a93d19 local_hash= local_source=none snapshot_missing=false
[WARN] consensus validator set unresolved height=948 chain_height=1879 expected_hash=34a93d19 local_hash= local_source=none snapshot_missing=false
[WARN] consensus validator set unresolved height=949 chain_height=1879 expected_hash=34a93d19 local_hash= local_source=none snapshot_missing=false
[WARN] consensus validator set unresolved height=950 chain_height=1879 expected_hash=34a93d19 local_hash= local_source=none snapshot_missing=false
[WARN] consensus validator set unresolved height=951 chain_height=1879 expected_hash=34a93d19 local_hash= local_source=none snapshot_missing=false
[WARN] consensus validator set unresolved height=952 chain_height=1879 expected_hash=34a93d19 local_hash= local_source=none snapshot_missing=false
[WARN] consensus validator set unresolved height=953 chain_height=1879 expected_hash=34a93d19 local_hash= local_source=none snapshot_missing=false
[WARN] consensus validator set unresolved height=954 chain_height=1879 expected_hash=34a93d19 local_hash= local_source=none snapshot_missing=false
[WARN] consensus validator set unresolved height=955 chain_height=1879 expected_hash=34a93d19 local_hash= local_source=none snapshot_missing=false
[WARN] consensus validator set unresolved height=956 chain_height=1879 expected_hash=34a93d19 local_hash= local_source=none snapshot_missing=false
[WARN] consensus validator set unresolved height=957 chain_height=1879 expected_hash=34a93d19 local_hash= local_source=none snapshot_missing=false
[WARN] consensus validator set unresolved height=958 chain_height=1879 expected_hash=34a93d19 local_hash= local_source=none snapshot_missing=false
[WARN] consensus validator set unresolved height=959 chain_height=1879 expected_hash=34a93d19 local_hash= local_source=none snapshot_missing=false
[WARN] consensus validator set unresolved height=960 chain_height=1879 expected_hash=34a93d19 local_hash= local_source=none snapshot_missing=false
[WARN] consensus validator set unresolved height=961 chain_height=1879 expected_hash=34a93d19 local_hash= local_source=none snapshot_missing=false
[WARN] consensus validator set unresolved height=962 chain_height=1879 expected_hash=34a93d19 local_hash= local_source=none snapshot_missing=false
[WARN] consensus validator set unresolved height=963 chain_height=1879 expected_hash=34a93d19 local_hash= local_source=none snapshot_missing=false
[WARN] consensus validator set unresolved height=964 chain_height=1879 expected_hash=34a93d19 local_hash= local_source=none snapshot_missing=false
[WARN] consensus validator set unresolved height=965 chain_height=1879 expected_hash=34a93d19 local_hash= local_source=none snapshot_missing=false
[WARN] consensus validator set unresolved height=966 chain_height=1879 expected_hash=34a93d19 local_hash= local_source=none snapshot_missing=false
[WARN] consensus validator set unresolved height=967 chain_height=1879 expected_hash=34a93d19 local_hash= local_source=none snapshot_missing=false
[WARN] consensus validator set unresolved height=968 chain_height=1879 expected_hash=34a93d19 local_hash= local_source=none snapshot_missing=false
[WARN] consensus validator set unresolved height=969 chain_height=1879 expected_hash=34a93d19 local_hash= local_source=none snapshot_missing=false
[WARN] consensus validator set unresolved height=970 chain_height=1879 expected_hash=34a93d19 local_hash= local_source=none snapshot_missing=false
[WARN] consensus validator set unresolved height=971 chain_height=1879 expected_hash=34a93d19 local_hash= local_source=none snapshot_missing=false
[WARN] consensus validator set unresolved height=972 chain_height=1879 expected_hash=34a93d19 local_hash= local_source=none snapshot_missing=false
[WARN] consensus validator set unresolved height=973 chain_height=1879 expected_hash=34a93d19 local_hash= local_source=none snapshot_missing=false
[WARN] consensus validator set unresolved height=974 chain_height=1879 expected_hash=34a93d19 local_hash= local_source=none snapshot_missing=false
[WARN] consensus validator set unresolved height=975 chain_height=1879 expected_hash=34a93d19 local_hash= local_source=none snapshot_missing=false
[WARN] consensus validator set unresolved height=976 chain_height=1879 expected_hash=34a93d19 local_hash= local_source=none snapshot_missing=false
[WARN] consensus validator set unresolved height=977 chain_height=1879 expected_hash=34a93d19 local_hash= local_source=none snapshot_missing=false
[WARN] consensus validator set unresolved height=978 chain_height=1879 expected_hash=34a93d19 local_hash= local_source=none snapshot_missing=false
[WARN] consensus validator set unresolved height=979 chain_height=1879 expected_hash=34a93d19 local_hash= local_source=none snapshot_missing=false
[WARN] consensus validator set unresolved height=980 chain_height=1879 expected_hash=34a93d19 local_hash= local_source=none snapshot_missing=false
[WARN] consensus validator set unresolved height=981 chain_height=1879 expected_hash=34a93d19 local_hash= local_source=none snapshot_missing=false
[WARN] consensus validator set unresolved height=982 chain_height=1879 expected_hash=34a93d19 local_hash= local_source=none snapshot_missing=false
[WARN] consensus validator set unresolved height=983 chain_height=1879 expected_hash=34a93d19 local_hash= local_source=none snapshot_missing=false
[WARN] consensus validator set unresolved height=984 chain_height=1879 expected_hash=34a93d19 local_hash= local_source=none snapshot_missing=false
[WARN] consensus validator set unresolved height=985 chain_height=1879 expected_hash=34a93d19 local_hash= local_source=none snapshot_missing=false
[WARN] consensus validator set unresolved height=986 chain_height=1879 expected_hash=34a93d19 local_hash= local_source=none snapshot_missing=false
[WARN] consensus validator set unresolved height=987 chain_height=1879 expected_hash=34a93d19 local_hash= local_source=none snapshot_missing=false
[WARN] consensus validator set unresolved height=988 chain_height=1879 expected_hash=34a93d19 local_hash= local_source=none snapshot_missing=false
[WARN] consensus validator set unresolved height=989 chain_height=1879 expected_hash=34a93d19 local_hash= local_source=none snapshot_missing=false
[WARN] consensus validator set unresolved height=990 chain_height=1879 expected_hash=34a93d19 local_hash= local_source=none snapshot_missing=false
[WARN] consensus validator set unresolved height=991 chain_height=1879 expected_hash=34a93d19 local_hash= local_source=none snapshot_missing=false
[WARN] consensus validator set unresolved height=992 chain_height=1879 expected_hash=34a93d19 local_hash= local_source=none snapshot_missing=false
[WARN] consensus validator set unresolved height=993 chain_height=1879 expected_hash=34a93d19 local_hash= local_source=none snapshot_missing=false
[WARN] consensus validator set unresolved height=994 chain_height=1879 expected_hash=34a93d19 local_hash= local_source=none snapshot_missing=false
[WARN] consensus validator set unresolved height=995 chain_height=1879 expected_hash=34a93d19 local_hash= local_source=none snapshot_missing=false
[WARN] consensus validator set unresolved height=996 chain_height=1879 expected_hash=34a93d19 local_hash= local_source=none snapshot_missing=false
[WARN] consensus validator set unresolved height=997 chain_height=1879 expected_hash=34a93d19 local_hash= local_source=none snapshot_missing=false
[WARN] consensus validator set unresolved height=998 chain_height=1879 expected_hash=34a93d19 local_hash= local_source=none snapshot_missing=false
[WARN] consensus validator set unresolved height=999 chain_height=1879 expected_hash=34a93d19 local_hash= local_source=none snapshot_missing=false
[WARN] consensus validator set unresolved height=1000 chain_height=1879 expected_hash=34a93d19 local_hash= local_source=none snapshot_missing=false
[WARN] consensus validator set unresolved height=1001 chain_height=1879 expected_hash=34a93d19 local_hash= local_source=none snapshot_missing=false
[WARN] consensus validator set unresolved height=1002 chain_height=1879 expected_hash=34a93d19 local_hash= local_source=none snapshot_missing=false
[WARN] consensus validator set unresolved height=1003 chain_height=1879 expected_hash=34a93d19 local_hash= local_source=none snapshot_missing=false
[WARN] consensus validator set unresolved height=1004 chain_height=1879 expected_hash=34a93d19 local_hash= local_source=none snapshot_missing=false
[WARN] consensus validator set unresolved height=1005 chain_height=1879 expected_hash=34a93d19 local_hash= local_source=none snapshot_missing=false
[WARN] consensus validator set unresolved height=1006 chain_height=1879 expected_hash=34a93d19 local_hash= local_source=none snapshot_missing=false
[WARN] consensus validator set unresolved height=1007 chain_height=1879 expected_hash=34a93d19 local_hash= local_source=none snapshot_missing=false
[WARN] consensus validator set unresolved height=1008 chain_height=1879 expected_hash=34a93d19 local_hash= local_source=none snapshot_missing=false
[WARN] consensus validator set unresolved height=1009 chain_height=1879 expected_hash=34a93d19 local_hash= local_source=none snapshot_missing=false
[WARN] consensus validator set unresolved height=1010 chain_height=1879 expected_hash=34a93d19 local_hash= local_source=none snapshot_missing=false
[WARN] consensus validator set unresolved height=1011 chain_height=1879 expected_hash=34a93d19 local_hash= local_source=none snapshot_missing=false
[WARN] consensus validator set unresolved height=1012 chain_height=1879 expected_hash=34a93d19 local_hash= local_source=none snapshot_missing=false
[WARN] consensus validator set unresolved height=1013 chain_height=1879 expected_hash=34a93d19 local_hash= local_source=none snapshot_missing=false
[WARN] consensus validator set unresolved height=1014 chain_height=1879 expected_hash=34a93d19 local_hash= local_source=none snapshot_missing=false
[WARN] consensus validator set unresolved height=1015 chain_height=1879 expected_hash=34a93d19 local_hash= local_source=none snapshot_missing=false
[WARN] consensus validator set unresolved height=1016 chain_height=1879 expected_hash=34a93d19 local_hash= local_source=none snapshot_missing=false
[WARN] consensus validator set unresolved height=1017 chain_height=1879 expected_hash=34a93d19 local_hash= local_source=none snapshot_missing=false
[WARN] consensus validator set unresolved height=1018 chain_height=1879 expected_hash=34a93d19 local_hash= local_source=none snapshot_missing=false
[WARN] consensus validator set unresolved height=1019 chain_height=1879 expected_hash=34a93d19 local_hash= local_source=none snapshot_missing=false
[WARN] consensus validator set unresolved height=1020 chain_height=1879 expected_hash=34a93d19 local_hash= local_source=none snapshot_missing=false
[WARN] consensus validator set unresolved height=1021 chain_height=1879 expected_hash=34a93d19 local_hash= local_source=none snapshot_missing=false
[WARN] consensus validator set unresolved height=1022 chain_height=1879 expected_hash=34a93d19 local_hash= local_source=none snapshot_missing=false
[WARN] consensus validator set unresolved height=1023 chain_height=1879 expected_hash=34a93d19 local_hash= local_source=none snapshot_missing=false
[WARN] consensus validator set unresolved height=1024 chain_height=1879 expected_hash=34a93d19 local_hash= local_source=none snapshot_missing=false
[WARN] consensus validator set unresolved height=1025 chain_height=1879 expected_hash=34a93d19 local_hash= local_source=none snapshot_missing=false
[WARN] consensus validator set unresolved height=1026 chain_height=1879 expected_hash=34a93d19 local_hash= local_source=none snapshot_missing=false
[WARN] consensus validator set unresolved height=1027 chain_height=1879 expected_hash=34a93d19 local_hash= local_source=none snapshot_missing=false
[WARN] consensus validator set unresolved height=1028 chain_height=1879 expected_hash=34a93d19 local_hash= local_source=none snapshot_missing=false
[WARN] consensus validator set unresolved height=1029 chain_height=1879 expected_hash=34a93d19 local_hash= local_source=none snapshot_missing=false
[WARN] consensus validator set unresolved height=1030 chain_height=1879 expected_hash=34a93d19 local_hash= local_source=none snapshot_missing=false
[WARN] consensus validator set unresolved height=1031 chain_height=1879 expected_hash=34a93d19 local_hash= local_source=none snapshot_missing=false
[WARN] consensus validator set unresolved height=1032 chain_height=1879 expected_hash=34a93d19 local_hash= local_source=none snapshot_missing=false
[WARN] consensus validator set unresolved height=1033 chain_height=1879 expected_hash=34a93d19 local_hash= local_source=none snapshot_missing=false
[WARN] consensus validator set unresolved height=1034 chain_height=1879 expected_hash=34a93d19 local_hash= local_source=none snapshot_missing=false
[WARN] consensus validator set unresolved height=1035 chain_height=1879 expected_hash=34a93d19 local_hash= local_source=none snapshot_missing=false
[WARN] consensus validator set unresolved height=1036 chain_height=1879 expected_hash=34a93d19 local_hash= local_source=none snapshot_missing=false
[WARN] consensus validator set unresolved height=1037 chain_height=1879 expected_hash=34a93d19 local_hash= local_source=none snapshot_missing=false
[WARN] consensus validator set unresolved height=1038 chain_height=1879 expected_hash=34a93d19 local_hash= local_source=none snapshot_missing=false
[WARN] consensus validator set unresolved height=1039 chain_height=1879 expected_hash=34a93d19 local_hash= local_source=none snapshot_missing=false
[WARN] consensus validator set unresolved height=1040 chain_height=1879 expected_hash=34a93d19 local_hash= local_source=none snapshot_missing=false
[WARN] consensus validator set unresolved height=1041 chain_height=1879 expected_hash=34a93d19 local_hash= local_source=none snapshot_missing=false
[WARN] consensus validator set unresolved height=1042 chain_height=1879 expected_hash=34a93d19 local_hash= local_source=none snapshot_missing=false
[WARN] consensus validator set unresolved height=1043 chain_height=1879 expected_hash=34a93d19 local_hash= local_source=none snapshot_missing=false
[WARN] consensus validator set unresolved height=1044 chain_height=1879 expected_hash=34a93d19 local_hash= local_source=none snapshot_missing=false
[WARN] consensus validator set unresolved height=1045 chain_height=1879 expected_hash=34a93d19 local_hash= local_source=none snapshot_missing=false
[WARN] consensus validator set unresolved height=1046 chain_height=1879 expected_hash=34a93d19 local_hash= local_source=none snapshot_missing=false
[WARN] consensus validator set unresolved height=1047 chain_height=1879 expected_hash=34a93d19 local_hash= local_source=none snapshot_missing=false
[WARN] consensus validator set unresolved height=1048 chain_height=1879 expected_hash=34a93d19 local_hash= local_source=none snapshot_missing=false
[WARN] consensus validator set unresolved height=1049 chain_height=1879 expected_hash=34a93d19 local_hash= local_source=none snapshot_missing=false
[WARN] consensus validator set unresolved height=1050 chain_height=1879 expected_hash=34a93d19 local_hash= local_source=none snapshot_missing=false
[WARN] consensus validator set unresolved height=1051 chain_height=1879 expected_hash=34a93d19 local_hash= local_source=none snapshot_missing=false
[WARN] consensus validator set unresolved height=1052 chain_height=1879 expected_hash=34a93d19 local_hash= local_source=none snapshot_missing=false
[WARN] consensus validator set unresolved height=1053 chain_height=1879 expected_hash=34a93d19 local_hash= local_source=none snapshot_missing=false
[WARN] consensus validator set unresolved height=1054 chain_height=1879 expected_hash=34a93d19 local_hash= local_source=none snapshot_missing=false
[WARN] consensus validator set unresolved height=1055 chain_height=1879 expected_hash=34a93d19 local_hash= local_source=none snapshot_missing=false
[WARN] consensus validator set unresolved height=1056 chain_height=1879 expected_hash=34a93d19 local_hash= local_source=none snapshot_missing=false
[WARN] consensus validator set unresolved height=1057 chain_height=1879 expected_hash=34a93d19 local_hash= local_source=none snapshot_missing=false
[WARN] consensus validator set unresolved height=1058 chain_height=1879 expected_hash=34a93d19 local_hash= local_source=none snapshot_missing=false
[WARN] consensus validator set unresolved height=1059 chain_height=1879 expected_hash=34a93d19 local_hash= local_source=none snapshot_missing=false
[WARN] consensus validator set unresolved height=1060 chain_height=1879 expected_hash=34a93d19 local_hash= local_source=none snapshot_missing=false
[WARN] consensus validator set unresolved height=1061 chain_height=1879 expected_hash=34a93d19 local_hash= local_source=none snapshot_missing=false
[WARN] consensus validator set unresolved height=1062 chain_height=1879 expected_hash=34a93d19 local_hash= local_source=none snapshot_missing=false
[WARN] consensus validator set unresolved height=1063 chain_height=1879 expected_hash=34a93d19 local_hash= local_source=none snapshot_missing=false
[WARN] consensus validator set unresolved height=1064 chain_height=1879 expected_hash=34a93d19 local_hash= local_source=none snapshot_missing=false
[WARN] consensus validator set unresolved height=1065 chain_height=1879 expected_hash=34a93d19 local_hash= local_source=none snapshot_missing=false
[WARN] consensus validator set unresolved height=1066 chain_height=1879 expected_hash=34a93d19 local_hash= local_source=none snapshot_missing=false
[WARN] consensus validator set unresolved height=1067 chain_height=1879 expected_hash=34a93d19 local_hash= local_source=none snapshot_missing=false
[WARN] consensus validator set unresolved height=1068 chain_height=1879 expected_hash=34a93d19 local_hash= local_source=none snapshot_missing=false
[WARN] consensus validator set unresolved height=1069 chain_height=1879 expected_hash=34a93d19 local_hash= local_source=none snapshot_missing=false
[WARN] consensus validator set unresolved height=1070 chain_height=1879 expected_hash=34a93d19 local_hash= local_source=none snapshot_missing=false
[WARN] consensus validator set unresolved height=1071 chain_height=1879 expected_hash=34a93d19 local_hash= local_source=none snapshot_missing=false
[WARN] consensus validator set unresolved height=1072 chain_height=1879 expected_hash=34a93d19 local_hash= local_source=none snapshot_missing=false
[WARN] consensus validator set unresolved height=1073 chain_height=1879 expected_hash=34a93d19 local_hash= local_source=none snapshot_missing=false
[WARN] consensus validator set unresolved height=1074 chain_height=1879 expected_hash=34a93d19 local_hash= local_source=none snapshot_missing=false
[WARN] consensus validator set unresolved height=1075 chain_height=1879 expected_hash=34a93d19 local_hash= local_source=none snapshot_missing=false
[WARN] consensus validator set unresolved height=1076 chain_height=1879 expected_hash=34a93d19 local_hash= local_source=none snapshot_missing=false
[WARN] consensus validator set unresolved height=1077 chain_height=1879 expected_hash=34a93d19 local_hash= local_source=none snapshot_missing=false
[WARN] consensus validator set unresolved height=1078 chain_height=1879 expected_hash=34a93d19 local_hash= local_source=none snapshot_missing=false
[WARN] consensus validator set unresolved height=1079 chain_height=1879 expected_hash=34a93d19 local_hash= local_source=none snapshot_missing=false
[WARN] consensus validator set unresolved height=1080 chain_height=1879 expected_hash=34a93d19 local_hash= local_source=none snapshot_missing=false
[WARN] consensus validator set unresolved height=1081 chain_height=1879 expected_hash=34a93d19 local_hash= local_source=none snapshot_missing=false
[WARN] consensus validator set unresolved height=1082 chain_height=1879 expected_hash=34a93d19 local_hash= local_source=none snapshot_missing=false
[WARN] consensus validator set unresolved height=1083 chain_height=1879 expected_hash=34a93d19 local_hash= local_source=none snapshot_missing=false
[WARN] consensus validator set unresolved height=1084 chain_height=1879 expected_hash=34a93d19 local_hash= local_source=none snapshot_missing=false
[WARN] consensus validator set unresolved height=1085 chain_height=1879 expected_hash=34a93d19 local_hash= local_source=none snapshot_missing=false
[WARN] consensus validator set unresolved height=1086 chain_height=1879 expected_hash=34a93d19 local_hash= local_source=none snapshot_missing=false
[WARN] consensus validator set unresolved height=1087 chain_height=1879 expected_hash=34a93d19 local_hash= local_source=none snapshot_missing=false
[WARN] consensus validator set unresolved height=1088 chain_height=1879 expected_hash=34a93d19 local_hash= local_source=none snapshot_missing=false
[WARN] consensus validator set unresolved height=1089 chain_height=1879 expected_hash=34a93d19 local_hash= local_source=none snapshot_missing=false
[WARN] consensus validator set unresolved height=1090 chain_height=1879 expected_hash=34a93d19 local_hash= local_source=none snapshot_missing=false
[WARN] consensus validator set unresolved height=1091 chain_height=1879 expected_hash=34a93d19 local_hash= local_source=none snapshot_missing=false
[WARN] consensus validator set unresolved height=1092 chain_height=1879 expected_hash=34a93d19 local_hash= local_source=none snapshot_missing=false
[WARN] consensus validator set unresolved height=1093 chain_height=1879 expected_hash=34a93d19 local_hash= local_source=none snapshot_missing=false
[WARN] consensus validator set unresolved height=1094 chain_height=1879 expected_hash=34a93d19 local_hash= local_source=none snapshot_missing=false
[WARN] consensus validator set unresolved height=1095 chain_height=1879 expected_hash=34a93d19 local_hash= local_source=none snapshot_missing=false
[WARN] consensus validator set unresolved height=1096 chain_height=1879 expected_hash=34a93d19 local_hash= local_source=none snapshot_missing=false
[WARN] consensus validator set unresolved height=1097 chain_height=1879 expected_hash=34a93d19 local_hash= local_source=none snapshot_missing=false
[WARN] consensus validator set unresolved height=1098 chain_height=1879 expected_hash=34a93d19 local_hash= local_source=none snapshot_missing=false
[WARN] consensus validator set unresolved height=1099 chain_height=1879 expected_hash=34a93d19 local_hash= local_source=none snapshot_missing=false
[WARN] consensus validator set unresolved height=1100 chain_height=1879 expected_hash=34a93d19 local_hash= local_source=none snapshot_missing=false
2026/05/18 00:44:41 [REGISTRY-HISTORY-REBUILD] height=1879 status=scheduled reason=consensus_set_unresolved
[WARN] consensus validator set unresolved height=1101 chain_height=1879 expected_hash=34a93d19 local_hash= local_source=none snapshot_missing=false
2026/05/18 00:44:41 [REGISTRY-HISTORY-REBUILD] height=1879 status=started reason=consensus_set_unresolved
2026/05/18 00:44:41 [REGISTRY-HISTORY-REBUILD] height=1879 status=ok reason=consensus_set_unresolved
[WARN] consensus validator set unresolved height=1102 chain_height=1879 expected_hash=34a93d19 local_hash= local_source=none snapshot_missing=false
[WARN] consensus validator set unresolved height=1103 chain_height=1879 expected_hash=34a93d19 local_hash= local_source=none snapshot_missing=false
[WARN] consensus validator set unresolved height=1104 chain_height=1879 expected_hash=34a93d19 local_hash= local_source=none snapshot_missing=false
[WARN] consensus validator set unresolved height=1105 chain_height=1879 expected_hash=34a93d19 local_hash= local_source=none snapshot_missing=false
[WARN] consensus validator set unresolved height=1106 chain_height=1879 expected_hash=34a93d19 local_hash= local_source=none snapshot_missing=false
[WARN] consensus validator set unresolved height=1107 chain_height=1879 expected_hash=34a93d19 local_hash= local_source=none snapshot_missing=false
[WARN] consensus validator set unresolved height=1108 chain_height=1879 expected_hash=34a93d19 local_hash= local_source=none snapshot_missing=false
[WARN] consensus validator set unresolved height=1109 chain_height=1879 expected_hash=34a93d19 local_hash= local_source=none snapshot_missing=false
[WARN] consensus validator set unresolved height=1110 chain_height=1879 expected_hash=34a93d19 local_hash= local_source=none snapshot_missing=false
[WARN] consensus validator set unresolved height=1111 chain_height=1879 expected_hash=34a93d19 local_hash= local_source=none snapshot_missing=false
[WARN] consensus validator set unresolved height=1112 chain_height=1879 expected_hash=34a93d19 local_hash= local_source=none snapshot_missing=false
[WARN] consensus validator set unresolved height=1113 chain_height=1879 expected_hash=34a93d19 local_hash= local_source=none snapshot_missing=false
[WARN] consensus validator set unresolved height=1114 chain_height=1879 expected_hash=34a93d19 local_hash= local_source=none snapshot_missing=false
[WARN] consensus validator set unresolved height=1115 chain_height=1879 expected_hash=34a93d19 local_hash= local_source=none snapshot_missing=false
[WARN] consensus validator set unresolved height=1116 chain_height=1879 expected_hash=34a93d19 local_hash= local_source=none snapshot_missing=false
[WARN] consensus validator set unresolved height=1117 chain_height=1879 expected_hash=34a93d19 local_hash= local_source=none snapshot_missing=false
[WARN] consensus validator set unresolved height=1118 chain_height=1879 expected_hash=34a93d19 local_hash= local_source=none snapshot_missing=false
[WARN] consensus validator set unresolved height=1119 chain_height=1879 expected_hash=34a93d19 local_hash= local_source=none snapshot_missing=false
[WARN] consensus validator set unresolved height=1120 chain_height=1879 expected_hash=34a93d19 local_hash= local_source=none snapshot_missing=false
[WARN] consensus validator set unresolved height=1121 chain_height=1879 expected_hash=34a93d19 local_hash= local_source=none snapshot_missing=false
[WARN] consensus validator set unresolved height=1122 chain_height=1879 expected_hash=34a93d19 local_hash= local_source=none snapshot_missing=false
[WARN] consensus validator set unresolved height=1123 chain_height=1879 expected_hash=34a93d19 local_hash= local_source=none snapshot_missing=false
[WARN] consensus validator set unresolved height=1124 chain_height=1879 expected_hash=34a93d19 local_hash= local_source=none snapshot_missing=false
[WARN] consensus validator set unresolved height=1125 chain_height=1879 expected_hash=34a93d19 local_hash= local_source=none snapshot_missing=false
[WARN] consensus validator set unresolved height=1126 chain_height=1879 expected_hash=34a93d19 local_hash= local_source=none snapshot_missing=false
[WARN] consensus validator set unresolved height=1127 chain_height=1879 expected_hash=34a93d19 local_hash= local_source=none snapshot_missing=false
[WARN] consensus validator set unresolved height=1128 chain_height=1879 expected_hash=34a93d19 local_hash= local_source=none snapshot_missing=false
[WARN] consensus validator set unresolved height=1129 chain_height=1879 expected_hash=34a93d19 local_hash= local_source=none snapshot_missing=false
[WARN] consensus validator set unresolved height=1130 chain_height=1879 expected_hash=34a93d19 local_hash= local_source=none snapshot_missing=false
[WARN] consensus validator set unresolved height=1131 chain_height=1879 expected_hash=34a93d19 local_hash= local_source=none snapshot_missing=false
[WARN] consensus validator set unresolved height=1132 chain_height=1879 expected_hash=34a93d19 local_hash= local_source=none snapshot_missing=false
[WARN] consensus validator set unresolved height=1133 chain_height=1879 expected_hash=34a93d19 local_hash= local_source=none snapshot_missing=false
[WARN] consensus validator set unresolved height=1134 chain_height=1879 expected_hash=34a93d19 local_hash= local_source=none snapshot_missing=false
[WARN] consensus validator set unresolved height=1135 chain_height=1879 expected_hash=34a93d19 local_hash= local_source=none snapshot_missing=false
[WARN] consensus validator set unresolved height=1136 chain_height=1879 expected_hash=34a93d19 local_hash= local_source=none snapshot_missing=false
[WARN] consensus validator set unresolved height=1137 chain_height=1879 expected_hash=34a93d19 local_hash= local_source=none snapshot_missing=false
[WARN] consensus validator set unresolved height=1138 chain_height=1879 expected_hash=34a93d19 local_hash= local_source=none snapshot_missing=false
[WARN] consensus validator set unresolved height=1139 chain_height=1879 expected_hash=34a93d19 local_hash= local_source=none snapshot_missing=false
[WARN] consensus validator set unresolved height=1140 chain_height=1879 expected_hash=34a93d19 local_hash= local_source=none snapshot_missing=false
[WARN] consensus validator set unresolved height=1141 chain_height=1879 expected_hash=34a93d19 local_hash= local_source=none snapshot_missing=false
[WARN] consensus validator set unresolved height=1142 chain_height=1879 expected_hash=34a93d19 local_hash= local_source=none snapshot_missing=false
[WARN] consensus validator set unresolved height=1143 chain_height=1879 expected_hash=34a93d19 local_hash= local_source=none snapshot_missing=false
[WARN] consensus validator set unresolved height=1144 chain_height=1879 expected_hash=34a93d19 local_hash= local_source=none snapshot_missing=false
[WARN] consensus validator set unresolved height=1145 chain_height=1879 expected_hash=34a93d19 local_hash= local_source=none snapshot_missing=false
[WARN] consensus validator set unresolved height=1146 chain_height=1879 expected_hash=34a93d19 local_hash= local_source=none snapshot_missing=false
[WARN] consensus validator set unresolved height=1147 chain_height=1879 expected_hash=34a93d19 local_hash= local_source=none snapshot_missing=false
[WARN] consensus validator set unresolved height=1148 chain_height=1879 expected_hash=34a93d19 local_hash= local_source=none snapshot_missing=false
[WARN] consensus validator set unresolved height=1149 chain_height=1879 expected_hash=34a93d19 local_hash= local_source=none snapshot_missing=false
[WARN] consensus validator set unresolved height=1150 chain_height=1879 expected_hash=34a93d19 local_hash= local_source=none snapshot_missing=false
[WARN] consensus validator set unresolved height=1151 chain_height=1879 expected_hash=34a93d19 local_hash= local_source=none snapshot_missing=false
[WARN] consensus validator set unresolved height=1152 chain_height=1879 expected_hash=34a93d19 local_hash= local_source=none snapshot_missing=false
[WARN] consensus validator set unresolved height=1153 chain_height=1879 expected_hash=34a93d19 local_hash= local_source=none snapshot_missing=false
[WARN] consensus validator set unresolved height=1154 chain_height=1879 expected_hash=34a93d19 local_hash= local_source=none snapshot_missing=false
[WARN] consensus validator set unresolved height=1155 chain_height=1879 expected_hash=34a93d19 local_hash= local_source=none snapshot_missing=false
[WARN] consensus validator set unresolved height=1156 chain_height=1879 expected_hash=34a93d19 local_hash= local_source=none snapshot_missing=false
[WARN] consensus validator set unresolved height=1157 chain_height=1879 expected_hash=34a93d19 local_hash= local_source=none snapshot_missing=false
[WARN] consensus validator set unresolved height=1158 chain_height=1879 expected_hash=34a93d19 local_hash= local_source=none snapshot_missing=false
[WARN] consensus validator set unresolved height=1159 chain_height=1879 expected_hash=34a93d19 local_hash= local_source=none snapshot_missing=false
[WARN] consensus validator set unresolved height=1160 chain_height=1879 expected_hash=34a93d19 local_hash= local_source=none snapshot_missing=false
[WARN] consensus validator set unresolved height=1161 chain_height=1879 expected_hash=34a93d19 local_hash= local_source=none snapshot_missing=false
[WARN] consensus validator set unresolved height=1162 chain_height=1879 expected_hash=34a93d19 local_hash= local_source=none snapshot_missing=false
[WARN] consensus validator set unresolved height=1163 chain_height=1879 expected_hash=34a93d19 local_hash= local_source=none snapshot_missing=false
[WARN] consensus validator set unresolved height=1164 chain_height=1879 expected_hash=34a93d19 local_hash= local_source=none snapshot_missing=false
[WARN] consensus validator set unresolved height=1165 chain_height=1879 expected_hash=34a93d19 local_hash= local_source=none snapshot_missing=false
[WARN] consensus validator set unresolved height=1166 chain_height=1879 expected_hash=34a93d19 local_hash= local_source=none snapshot_missing=false
[WARN] consensus validator set unresolved height=1167 chain_height=1879 expected_hash=34a93d19 local_hash= local_source=none snapshot_missing=false
[WARN] consensus validator set unresolved height=1168 chain_height=1879 expected_hash=34a93d19 local_hash= local_source=none snapshot_missing=false
[WARN] consensus validator set unresolved height=1169 chain_height=1879 expected_hash=34a93d19 local_hash= local_source=none snapshot_missing=false
[WARN] consensus validator set unresolved height=1170 chain_height=1879 expected_hash=34a93d19 local_hash= local_source=none snapshot_missing=false
[WARN] consensus validator set unresolved height=1171 chain_height=1879 expected_hash=34a93d19 local_hash= local_source=none snapshot_missing=false
[WARN] consensus validator set unresolved height=1172 chain_height=1879 expected_hash=34a93d19 local_hash= local_source=none snapshot_missing=false
[WARN] consensus validator set unresolved height=1173 chain_height=1879 expected_hash=34a93d19 local_hash= local_source=none snapshot_missing=false
[WARN] consensus validator set unresolved height=1174 chain_height=1879 expected_hash=34a93d19 local_hash= local_source=none snapshot_missing=false
[WARN] consensus validator set unresolved height=1175 chain_height=1879 expected_hash=34a93d19 local_hash= local_source=none snapshot_missing=false
[WARN] consensus validator set unresolved height=1176 chain_height=1879 expected_hash=34a93d19 local_hash= local_source=none snapshot_missing=false
[WARN] consensus validator set unresolved height=1177 chain_height=1879 expected_hash=34a93d19 local_hash= local_source=none snapshot_missing=false
[WARN] consensus validator set unresolved height=1178 chain_height=1879 expected_hash=34a93d19 local_hash= local_source=none snapshot_missing=false
[WARN] consensus validator set unresolved height=1179 chain_height=1879 expected_hash=34a93d19 local_hash= local_source=none snapshot_missing=false
[WARN] consensus validator set unresolved height=1180 chain_height=1879 expected_hash=34a93d19 local_hash= local_source=none snapshot_missing=false
[WARN] consensus validator set unresolved height=1181 chain_height=1879 expected_hash=34a93d19 local_hash= local_source=none snapshot_missing=false
[WARN] consensus validator set unresolved height=1182 chain_height=1879 expected_hash=34a93d19 local_hash= local_source=none snapshot_missing=false
[WARN] consensus validator set unresolved height=1183 chain_height=1879 expected_hash=34a93d19 local_hash= local_source=none snapshot_missing=false
[WARN] consensus validator set unresolved height=1184 chain_height=1879 expected_hash=34a93d19 local_hash= local_source=none snapshot_missing=false
[WARN] consensus validator set unresolved height=1185 chain_height=1879 expected_hash=34a93d19 local_hash= local_source=none snapshot_missing=false
[WARN] consensus validator set unresolved height=1186 chain_height=1879 expected_hash=34a93d19 local_hash= local_source=none snapshot_missing=false
[WARN] consensus validator set unresolved height=1187 chain_height=1879 expected_hash=34a93d19 local_hash= local_source=none snapshot_missing=false
[WARN] consensus validator set unresolved height=1188 chain_height=1879 expected_hash=34a93d19 local_hash= local_source=none snapshot_missing=false
[WARN] consensus validator set unresolved height=1189 chain_height=1879 expected_hash=34a93d19 local_hash= local_source=none snapshot_missing=false
[WARN] consensus validator set unresolved height=1190 chain_height=1879 expected_hash=34a93d19 local_hash= local_source=none snapshot_missing=false
[WARN] consensus validator set unresolved height=1191 chain_height=1879 expected_hash=34a93d19 local_hash= local_source=none snapshot_missing=false
[WARN] consensus validator set unresolved height=1192 chain_height=1879 expected_hash=34a93d19 local_hash= local_source=none snapshot_missing=false
[WARN] consensus validator set unresolved height=1193 chain_height=1879 expected_hash=34a93d19 local_hash= local_source=none snapshot_missing=false
[WARN] consensus validator set unresolved height=1194 chain_height=1879 expected_hash=34a93d19 local_hash= local_source=none snapshot_missing=false
[WARN] consensus validator set unresolved height=1195 chain_height=1879 expected_hash=34a93d19 local_hash= local_source=none snapshot_missing=false
[WARN] consensus validator set unresolved height=1196 chain_height=1879 expected_hash=34a93d19 local_hash= local_source=none snapshot_missing=false
[WARN] consensus validator set unresolved height=1197 chain_height=1879 expected_hash=34a93d19 local_hash= local_source=none snapshot_missing=false
[WARN] consensus validator set unresolved height=1198 chain_height=1879 expected_hash=34a93d19 local_hash= local_source=none snapshot_missing=false
[WARN] consensus validator set unresolved height=1199 chain_height=1879 expected_hash=34a93d19 local_hash= local_source=none snapshot_missing=false
[WARN] consensus validator set unresolved height=1200 chain_height=1879 expected_hash=34a93d19 local_hash= local_source=none snapshot_missing=false
[WARN] consensus validator set unresolved height=1201 chain_height=1879 expected_hash=34a93d19 local_hash= local_source=none snapshot_missing=false
[WARN] consensus validator set unresolved height=1202 chain_height=1879 expected_hash=34a93d19 local_hash= local_source=none snapshot_missing=false
[WARN] consensus validator set unresolved height=1203 chain_height=1879 expected_hash=34a93d19 local_hash= local_source=none snapshot_missing=false
[WARN] consensus validator set unresolved height=1204 chain_height=1879 expected_hash=34a93d19 local_hash= local_source=none snapshot_missing=false
[WARN] consensus validator set unresolved height=1205 chain_height=1879 expected_hash=34a93d19 local_hash= local_source=none snapshot_missing=false
[WARN] consensus validator set unresolved height=1206 chain_height=1879 expected_hash=34a93d19 local_hash= local_source=none snapshot_missing=false
[WARN] consensus validator set unresolved height=1207 chain_height=1879 expected_hash=34a93d19 local_hash= local_source=none snapshot_missing=false
[WARN] consensus validator set unresolved height=1208 chain_height=1879 expected_hash=34a93d19 local_hash= local_source=none snapshot_missing=false
[WARN] consensus validator set unresolved height=1209 chain_height=1879 expected_hash=34a93d19 local_hash= local_source=none snapshot_missing=false
[WARN] consensus validator set unresolved height=1210 chain_height=1879 expected_hash=34a93d19 local_hash= local_source=none snapshot_missing=false
[WARN] consensus validator set unresolved height=1211 chain_height=1879 expected_hash=34a93d19 local_hash= local_source=none snapshot_missing=false
[WARN] consensus validator set unresolved height=1212 chain_height=1879 expected_hash=34a93d19 local_hash= local_source=none snapshot_missing=false
[WARN] consensus validator set unresolved height=1213 chain_height=1879 expected_hash=34a93d19 local_hash= local_source=none snapshot_missing=false
[WARN] consensus validator set unresolved height=1214 chain_height=1879 expected_hash=34a93d19 local_hash= local_source=none snapshot_missing=false
[WARN] consensus validator set unresolved height=1215 chain_height=1879 expected_hash=34a93d19 local_hash= local_source=none snapshot_missing=false
[WARN] consensus validator set unresolved height=1216 chain_height=1879 expected_hash=34a93d19 local_hash= local_source=none snapshot_missing=false
[WARN] consensus validator set unresolved height=1217 chain_height=1879 expected_hash=34a93d19 local_hash= local_source=none snapshot_missing=false
[WARN] consensus validator set unresolved height=1218 chain_height=1879 expected_hash=34a93d19 local_hash= local_source=none snapshot_missing=false
[WARN] consensus validator set unresolved height=1219 chain_height=1879 expected_hash=34a93d19 local_hash= local_source=none snapshot_missing=false
[WARN] consensus validator set unresolved height=1220 chain_height=1879 expected_hash=34a93d19 local_hash= local_source=none snapshot_missing=false
[WARN] consensus validator set unresolved height=1221 chain_height=1879 expected_hash=34a93d19 local_hash= local_source=none snapshot_missing=false
[WARN] consensus validator set unresolved height=1222 chain_height=1879 expected_hash=34a93d19 local_hash= local_source=none snapshot_missing=false
[WARN] consensus validator set unresolved height=1223 chain_height=1879 expected_hash=34a93d19 local_hash= local_source=none snapshot_missing=false
[WARN] consensus validator set unresolved height=1224 chain_height=1879 expected_hash=34a93d19 local_hash= local_source=none snapshot_missing=false
[WARN] consensus validator set unresolved height=1225 chain_height=1879 expected_hash=34a93d19 local_hash= local_source=none snapshot_missing=false
[WARN] consensus validator set unresolved height=1226 chain_height=1879 expected_hash=34a93d19 local_hash= local_source=none snapshot_missing=false
[WARN] consensus validator set unresolved height=1227 chain_height=1879 expected_hash=34a93d19 local_hash= local_source=none snapshot_missing=false
[WARN] consensus validator set unresolved height=1228 chain_height=1879 expected_hash=34a93d19 local_hash= local_source=none snapshot_missing=false
[WARN] consensus validator set unresolved height=1229 chain_height=1879 expected_hash=34a93d19 local_hash= local_source=none snapshot_missing=false
[WARN] consensus validator set unresolved height=1230 chain_height=1879 expected_hash=34a93d19 local_hash= local_source=none snapshot_missing=false
[WARN] consensus validator set unresolved height=1231 chain_height=1879 expected_hash=34a93d19 local_hash= local_source=none snapshot_missing=false
[WARN] consensus validator set unresolved height=1232 chain_height=1879 expected_hash=34a93d19 local_hash= local_source=none snapshot_missing=false
[WARN] consensus validator set unresolved height=1233 chain_height=1879 expected_hash=34a93d19 local_hash= local_source=none snapshot_missing=false
[WARN] consensus validator set unresolved height=1234 chain_height=1879 expected_hash=34a93d19 local_hash= local_source=none snapshot_missing=false
[WARN] consensus validator set unresolved height=1235 chain_height=1879 expected_hash=34a93d19 local_hash= local_source=none snapshot_missing=false
[WARN] consensus validator set unresolved height=1236 chain_height=1879 expected_hash=34a93d19 local_hash= local_source=none snapshot_missing=false
[WARN] consensus validator set unresolved height=1237 chain_height=1879 expected_hash=34a93d19 local_hash= local_source=none snapshot_missing=false
[WARN] consensus validator set unresolved height=1238 chain_height=1879 expected_hash=34a93d19 local_hash= local_source=none snapshot_missing=false
[WARN] consensus validator set unresolved height=1239 chain_height=1879 expected_hash=34a93d19 local_hash= local_source=none snapshot_missing=false
[WARN] consensus validator set unresolved height=1240 chain_height=1879 expected_hash=34a93d19 local_hash= local_source=none snapshot_missing=false
[WARN] consensus validator set unresolved height=1241 chain_height=1879 expected_hash=34a93d19 local_hash= local_source=none snapshot_missing=false
[WARN] consensus validator set unresolved height=1242 chain_height=1879 expected_hash=34a93d19 local_hash= local_source=none snapshot_missing=false
[WARN] consensus validator set unresolved height=1243 chain_height=1879 expected_hash=34a93d19 local_hash= local_source=none snapshot_missing=false
[WARN] consensus validator set unresolved height=1244 chain_height=1879 expected_hash=34a93d19 local_hash= local_source=none snapshot_missing=false
[WARN] consensus validator set unresolved height=1245 chain_height=1879 expected_hash=34a93d19 local_hash= local_source=none snapshot_missing=false
[WARN] consensus validator set unresolved height=1246 chain_height=1879 expected_hash=34a93d19 local_hash= local_source=none snapshot_missing=false
[WARN] consensus validator set unresolved height=1247 chain_height=1879 expected_hash=34a93d19 local_hash= local_source=none snapshot_missing=false
[WARN] consensus validator set unresolved height=1248 chain_height=1879 expected_hash=34a93d19 local_hash= local_source=none snapshot_missing=false
[WARN] consensus validator set unresolved height=1249 chain_height=1879 expected_hash=34a93d19 local_hash= local_source=none snapshot_missing=false
[WARN] consensus validator set unresolved height=1250 chain_height=1879 expected_hash=34a93d19 local_hash= local_source=none snapshot_missing=false
[WARN] consensus validator set unresolved height=1251 chain_height=1879 expected_hash=34a93d19 local_hash= local_source=none snapshot_missing=false
[WARN] consensus validator set unresolved height=1252 chain_height=1879 expected_hash=34a93d19 local_hash= local_source=none snapshot_missing=false
[WARN] consensus validator set unresolved height=1253 chain_height=1879 expected_hash=34a93d19 local_hash= local_source=none snapshot_missing=false
[WARN] consensus validator set unresolved height=1254 chain_height=1879 expected_hash=34a93d19 local_hash= local_source=none snapshot_missing=false
[WARN] consensus validator set unresolved height=1255 chain_height=1879 expected_hash=34a93d19 local_hash= local_source=none snapshot_missing=false
[WARN] consensus validator set unresolved height=1256 chain_height=1879 expected_hash=34a93d19 local_hash= local_source=none snapshot_missing=false
[WARN] consensus validator set unresolved height=1257 chain_height=1879 expected_hash=34a93d19 local_hash= local_source=none snapshot_missing=false
[WARN] consensus validator set unresolved height=1258 chain_height=1879 expected_hash=34a93d19 local_hash= local_source=none snapshot_missing=false
[WARN] consensus validator set unresolved height=1259 chain_height=1879 expected_hash=34a93d19 local_hash= local_source=none snapshot_missing=false
[WARN] consensus validator set unresolved height=1260 chain_height=1879 expected_hash=34a93d19 local_hash= local_source=none snapshot_missing=false
[WARN] consensus validator set unresolved height=1261 chain_height=1879 expected_hash=34a93d19 local_hash= local_source=none snapshot_missing=false
[WARN] consensus validator set unresolved height=1262 chain_height=1879 expected_hash=34a93d19 local_hash= local_source=none snapshot_missing=false
[WARN] consensus validator set unresolved height=1263 chain_height=1879 expected_hash=34a93d19 local_hash= local_source=none snapshot_missing=false
[WARN] consensus validator set unresolved height=1264 chain_height=1879 expected_hash=34a93d19 local_hash= local_source=none snapshot_missing=false
[WARN] consensus validator set unresolved height=1265 chain_height=1879 expected_hash=34a93d19 local_hash= local_source=none snapshot_missing=false
[WARN] consensus validator set unresolved height=1266 chain_height=1879 expected_hash=34a93d19 local_hash= local_source=none snapshot_missing=false
[WARN] consensus validator set unresolved height=1267 chain_height=1879 expected_hash=34a93d19 local_hash= local_source=none snapshot_missing=false
[WARN] consensus validator set unresolved height=1268 chain_height=1879 expected_hash=34a93d19 local_hash= local_source=none snapshot_missing=false
[WARN] consensus validator set unresolved height=1269 chain_height=1879 expected_hash=34a93d19 local_hash= local_source=none snapshot_missing=false
[WARN] consensus validator set unresolved height=1270 chain_height=1879 expected_hash=34a93d19 local_hash= local_source=none snapshot_missing=false
[WARN] consensus validator set unresolved height=1271 chain_height=1879 expected_hash=34a93d19 local_hash= local_source=none snapshot_missing=false
[WARN] consensus validator set unresolved height=1272 chain_height=1879 expected_hash=34a93d19 local_hash= local_source=none snapshot_missing=false
[WARN] consensus validator set unresolved height=1273 chain_height=1879 expected_hash=34a93d19 local_hash= local_source=none snapshot_missing=false
[WARN] consensus validator set unresolved height=1274 chain_height=1879 expected_hash=34a93d19 local_hash= local_source=none snapshot_missing=false
[WARN] consensus validator set unresolved height=1275 chain_height=1879 expected_hash=34a93d19 local_hash= local_source=none snapshot_missing=false
[WARN] consensus validator set unresolved height=1276 chain_height=1879 expected_hash=34a93d19 local_hash= local_source=none snapshot_missing=false
[WARN] consensus validator set unresolved height=1277 chain_height=1879 expected_hash=34a93d19 local_hash= local_source=none snapshot_missing=false
[WARN] consensus validator set unresolved height=1278 chain_height=1879 expected_hash=34a93d19 local_hash= local_source=none snapshot_missing=false
[WARN] consensus validator set unresolved height=1279 chain_height=1879 expected_hash=34a93d19 local_hash= local_source=none snapshot_missing=false
[WARN] consensus validator set unresolved height=1280 chain_height=1879 expected_hash=34a93d19 local_hash= local_source=none snapshot_missing=false
[WARN] consensus validator set unresolved height=1281 chain_height=1879 expected_hash=34a93d19 local_hash= local_source=none snapshot_missing=false
[WARN] consensus validator set unresolved height=1282 chain_height=1879 expected_hash=34a93d19 local_hash= local_source=none snapshot_missing=false
[WARN] consensus validator set unresolved height=1283 chain_height=1879 expected_hash=34a93d19 local_hash= local_source=none snapshot_missing=false
[WARN] consensus validator set unresolved height=1284 chain_height=1879 expected_hash=34a93d19 local_hash= local_source=none snapshot_missing=false
[WARN] consensus validator set unresolved height=1285 chain_height=1879 expected_hash=34a93d19 local_hash= local_source=none snapshot_missing=false
[WARN] consensus validator set unresolved height=1286 chain_height=1879 expected_hash=34a93d19 local_hash= local_source=none snapshot_missing=false
[WARN] consensus validator set unresolved height=1287 chain_height=1879 expected_hash=34a93d19 local_hash= local_source=none snapshot_missing=false
[WARN] consensus validator set unresolved height=1288 chain_height=1879 expected_hash=34a93d19 local_hash= local_source=none snapshot_missing=false
[WARN] consensus validator set unresolved height=1289 chain_height=1879 expected_hash=34a93d19 local_hash= local_source=none snapshot_missing=false
[WARN] consensus validator set unresolved height=1290 chain_height=1879 expected_hash=34a93d19 local_hash= local_source=none snapshot_missing=false
[WARN] consensus validator set unresolved height=1291 chain_height=1879 expected_hash=34a93d19 local_hash= local_source=none snapshot_missing=false
[WARN] consensus validator set unresolved height=1292 chain_height=1879 expected_hash=34a93d19 local_hash= local_source=none snapshot_missing=false
[WARN] consensus validator set unresolved height=1293 chain_height=1879 expected_hash=34a93d19 local_hash= local_source=none snapshot_missing=false
[WARN] consensus validator set unresolved height=1294 chain_height=1879 expected_hash=34a93d19 local_hash= local_source=none snapshot_missing=false
[WARN] consensus validator set unresolved height=1295 chain_height=1879 expected_hash=34a93d19 local_hash= local_source=none snapshot_missing=false
[WARN] consensus validator set unresolved height=1296 chain_height=1879 expected_hash=34a93d19 local_hash= local_source=none snapshot_missing=false
[WARN] consensus validator set unresolved height=1297 chain_height=1879 expected_hash=34a93d19 local_hash= local_source=none snapshot_missing=false
[WARN] consensus validator set unresolved height=1298 chain_height=1879 expected_hash=34a93d19 local_hash= local_source=none snapshot_missing=false
[WARN] consensus validator set unresolved height=1299 chain_height=1879 expected_hash=34a93d19 local_hash= local_source=none snapshot_missing=false
[WARN] consensus validator set unresolved height=1300 chain_height=1879 expected_hash=34a93d19 local_hash= local_source=none snapshot_missing=false
[WARN] consensus validator set unresolved height=1301 chain_height=1879 expected_hash=34a93d19 local_hash= local_source=none snapshot_missing=false
[WARN] consensus validator set unresolved height=1302 chain_height=1879 expected_hash=34a93d19 local_hash= local_source=none snapshot_missing=false
[WARN] consensus validator set unresolved height=1303 chain_height=1879 expected_hash=34a93d19 local_hash= local_source=none snapshot_missing=false
[WARN] consensus validator set unresolved height=1304 chain_height=1879 expected_hash=34a93d19 local_hash= local_source=none snapshot_missing=false
[WARN] consensus validator set unresolved height=1305 chain_height=1879 expected_hash=34a93d19 local_hash= local_source=none snapshot_missing=false
[WARN] consensus validator set unresolved height=1306 chain_height=1879 expected_hash=34a93d19 local_hash= local_source=none snapshot_missing=false
[WARN] consensus validator set unresolved height=1307 chain_height=1879 expected_hash=34a93d19 local_hash= local_source=none snapshot_missing=false
[WARN] consensus validator set unresolved height=1308 chain_height=1879 expected_hash=34a93d19 local_hash= local_source=none snapshot_missing=false
[WARN] consensus validator set unresolved height=1309 chain_height=1879 expected_hash=34a93d19 local_hash= local_source=none snapshot_missing=false
[WARN] consensus validator set unresolved height=1310 chain_height=1879 expected_hash=34a93d19 local_hash= local_source=none snapshot_missing=false
[WARN] consensus validator set unresolved height=1311 chain_height=1879 expected_hash=34a93d19 local_hash= local_source=none snapshot_missing=false
[WARN] consensus validator set unresolved height=1312 chain_height=1879 expected_hash=34a93d19 local_hash= local_source=none snapshot_missing=false
[WARN] consensus validator set unresolved height=1313 chain_height=1879 expected_hash=34a93d19 local_hash= local_source=none snapshot_missing=false
[WARN] consensus validator set unresolved height=1314 chain_height=1879 expected_hash=34a93d19 local_hash= local_source=none snapshot_missing=false
[WARN] consensus validator set unresolved height=1315 chain_height=1879 expected_hash=34a93d19 local_hash= local_source=none snapshot_missing=false
[WARN] consensus validator set unresolved height=1316 chain_height=1879 expected_hash=34a93d19 local_hash= local_source=none snapshot_missing=false
[WARN] consensus validator set unresolved height=1317 chain_height=1879 expected_hash=34a93d19 local_hash= local_source=none snapshot_missing=false
[WARN] consensus validator set unresolved height=1318 chain_height=1879 expected_hash=34a93d19 local_hash= local_source=none snapshot_missing=false
[WARN] consensus validator set unresolved height=1319 chain_height=1879 expected_hash=34a93d19 local_hash= local_source=none snapshot_missing=false
[WARN] consensus validator set unresolved height=1320 chain_height=1879 expected_hash=34a93d19 local_hash= local_source=none snapshot_missing=false
[WARN] consensus validator set unresolved height=1321 chain_height=1879 expected_hash=34a93d19 local_hash= local_source=none snapshot_missing=false
[WARN] consensus validator set unresolved height=1322 chain_height=1879 expected_hash=34a93d19 local_hash= local_source=none snapshot_missing=false
[WARN] consensus validator set unresolved height=1323 chain_height=1879 expected_hash=34a93d19 local_hash= local_source=none snapshot_missing=false
[WARN] consensus validator set unresolved height=1324 chain_height=1879 expected_hash=34a93d19 local_hash= local_source=none snapshot_missing=false
[WARN] consensus validator set unresolved height=1325 chain_height=1879 expected_hash=34a93d19 local_hash= local_source=none snapshot_missing=false
[WARN] consensus validator set unresolved height=1326 chain_height=1879 expected_hash=34a93d19 local_hash= local_source=none snapshot_missing=false
[WARN] consensus validator set unresolved height=1327 chain_height=1879 expected_hash=34a93d19 local_hash= local_source=none snapshot_missing=false
[WARN] consensus validator set unresolved height=1328 chain_height=1879 expected_hash=34a93d19 local_hash= local_source=none snapshot_missing=false
[WARN] consensus validator set unresolved height=1329 chain_height=1879 expected_hash=34a93d19 local_hash= local_source=none snapshot_missing=false
[WARN] consensus validator set unresolved height=1330 chain_height=1879 expected_hash=34a93d19 local_hash= local_source=none snapshot_missing=false
[WARN] consensus validator set unresolved height=1331 chain_height=1879 expected_hash=34a93d19 local_hash= local_source=none snapshot_missing=false
[WARN] consensus validator set unresolved height=1332 chain_height=1879 expected_hash=34a93d19 local_hash= local_source=none snapshot_missing=false
[WARN] consensus validator set unresolved height=1333 chain_height=1879 expected_hash=34a93d19 local_hash= local_source=none snapshot_missing=false
[WARN] consensus validator set unresolved height=1334 chain_height=1879 expected_hash=34a93d19 local_hash= local_source=none snapshot_missing=false
[WARN] consensus validator set unresolved height=1335 chain_height=1879 expected_hash=34a93d19 local_hash= local_source=none snapshot_missing=false
[WARN] consensus validator set unresolved height=1336 chain_height=1879 expected_hash=34a93d19 local_hash= local_source=none snapshot_missing=false
[WARN] consensus validator set unresolved height=1337 chain_height=1879 expected_hash=34a93d19 local_hash= local_source=none snapshot_missing=false
[WARN] consensus validator set unresolved height=1338 chain_height=1879 expected_hash=34a93d19 local_hash= local_source=none snapshot_missing=false
[WARN] consensus validator set unresolved height=1339 chain_height=1879 expected_hash=34a93d19 local_hash= local_source=none snapshot_missing=false
[WARN] consensus validator set unresolved height=1340 chain_height=1879 expected_hash=34a93d19 local_hash= local_source=none snapshot_missing=false
[WARN] consensus validator set unresolved height=1341 chain_height=1879 expected_hash=34a93d19 local_hash= local_source=none snapshot_missing=false
[WARN] consensus validator set unresolved height=1342 chain_height=1879 expected_hash=34a93d19 local_hash= local_source=none snapshot_missing=false
[WARN] consensus validator set unresolved height=1343 chain_height=1879 expected_hash=34a93d19 local_hash= local_source=none snapshot_missing=false
[WARN] consensus validator set unresolved height=1344 chain_height=1879 expected_hash=34a93d19 local_hash= local_source=none snapshot_missing=false
[WARN] consensus validator set unresolved height=1345 chain_height=1879 expected_hash=34a93d19 local_hash= local_source=none snapshot_missing=false
[WARN] consensus validator set unresolved height=1346 chain_height=1879 expected_hash=34a93d19 local_hash= local_source=none snapshot_missing=false
[WARN] consensus validator set unresolved height=1347 chain_height=1879 expected_hash=34a93d19 local_hash= local_source=none snapshot_missing=false
[WARN] consensus validator set unresolved height=1348 chain_height=1879 expected_hash=34a93d19 local_hash= local_source=none snapshot_missing=false
[WARN] consensus validator set unresolved height=1349 chain_height=1879 expected_hash=34a93d19 local_hash= local_source=none snapshot_missing=false
[WARN] consensus validator set unresolved height=1350 chain_height=1879 expected_hash=34a93d19 local_hash= local_source=none snapshot_missing=false
[WARN] consensus validator set unresolved height=1351 chain_height=1879 expected_hash=34a93d19 local_hash= local_source=none snapshot_missing=false
[WARN] consensus validator set unresolved height=1352 chain_height=1879 expected_hash=34a93d19 local_hash= local_source=none snapshot_missing=false
[WARN] consensus validator set unresolved height=1353 chain_height=1879 expected_hash=34a93d19 local_hash= local_source=none snapshot_missing=false
[WARN] consensus validator set unresolved height=1354 chain_height=1879 expected_hash=34a93d19 local_hash= local_source=none snapshot_missing=false
[WARN] consensus validator set unresolved height=1355 chain_height=1879 expected_hash=34a93d19 local_hash= local_source=none snapshot_missing=false
[WARN] consensus validator set unresolved height=1356 chain_height=1879 expected_hash=34a93d19 local_hash= local_source=none snapshot_missing=false
[WARN] consensus validator set unresolved height=1357 chain_height=1879 expected_hash=34a93d19 local_hash= local_source=none snapshot_missing=false
[WARN] consensus validator set unresolved height=1358 chain_height=1879 expected_hash=34a93d19 local_hash= local_source=none snapshot_missing=false
[WARN] consensus validator set unresolved height=1359 chain_height=1879 expected_hash=34a93d19 local_hash= local_source=none snapshot_missing=false
[WARN] consensus validator set unresolved height=1360 chain_height=1879 expected_hash=34a93d19 local_hash= local_source=none snapshot_missing=false
[WARN] consensus validator set unresolved height=1361 chain_height=1879 expected_hash=34a93d19 local_hash= local_source=none snapshot_missing=false
[WARN] consensus validator set unresolved height=1362 chain_height=1879 expected_hash=34a93d19 local_hash= local_source=none snapshot_missing=false
[WARN] consensus validator set unresolved height=1363 chain_height=1879 expected_hash=34a93d19 local_hash= local_source=none snapshot_missing=false
[WARN] consensus validator set unresolved height=1364 chain_height=1879 expected_hash=34a93d19 local_hash= local_source=none snapshot_missing=false
[WARN] consensus validator set unresolved height=1365 chain_height=1879 expected_hash=34a93d19 local_hash= local_source=none snapshot_missing=false
[WARN] consensus validator set unresolved height=1366 chain_height=1879 expected_hash=34a93d19 local_hash= local_source=none snapshot_missing=false
[WARN] consensus validator set unresolved height=1367 chain_height=1879 expected_hash=34a93d19 local_hash= local_source=none snapshot_missing=false
[WARN] consensus validator set unresolved height=1368 chain_height=1879 expected_hash=34a93d19 local_hash= local_source=none snapshot_missing=false
[WARN] consensus validator set unresolved height=1369 chain_height=1879 expected_hash=34a93d19 local_hash= local_source=none snapshot_missing=false
[WARN] consensus validator set unresolved height=1370 chain_height=1879 expected_hash=34a93d19 local_hash= local_source=none snapshot_missing=false
[WARN] consensus validator set unresolved height=1371 chain_height=1879 expected_hash=34a93d19 local_hash= local_source=none snapshot_missing=false
[WARN] consensus validator set unresolved height=1372 chain_height=1879 expected_hash=34a93d19 local_hash= local_source=none snapshot_missing=false
[WARN] consensus validator set unresolved height=1373 chain_height=1879 expected_hash=34a93d19 local_hash= local_source=none snapshot_missing=false
[WARN] consensus validator set unresolved height=1374 chain_height=1879 expected_hash=34a93d19 local_hash= local_source=none snapshot_missing=false
[WARN] consensus validator set unresolved height=1375 chain_height=1879 expected_hash=34a93d19 local_hash= local_source=none snapshot_missing=false
[WARN] consensus validator set unresolved height=1376 chain_height=1879 expected_hash=34a93d19 local_hash= local_source=none snapshot_missing=false
[WARN] consensus validator set unresolved height=1377 chain_height=1879 expected_hash=34a93d19 local_hash= local_source=none snapshot_missing=false
[WARN] consensus validator set unresolved height=1378 chain_height=1879 expected_hash=34a93d19 local_hash= local_source=none snapshot_missing=false
[WARN] consensus validator set unresolved height=1379 chain_height=1879 expected_hash=34a93d19 local_hash= local_source=none snapshot_missing=false
[WARN] consensus validator set unresolved height=1380 chain_height=1879 expected_hash=34a93d19 local_hash= local_source=none snapshot_missing=false
[COMMITTEE] height=1381 size=4 target=4 hash=04f4a87c
[SET-FREEZE] height=1381 vhash=04f4a87c size=4
[WARN] consensus validator set unresolved height=1382 chain_height=1879 expected_hash=34a93d19 local_hash= local_source=none snapshot_missing=false
[WARN] consensus validator set unresolved height=1383 chain_height=1879 expected_hash=34a93d19 local_hash= local_source=none snapshot_missing=false
[WARN] consensus validator set unresolved height=1384 chain_height=1879 expected_hash=34a93d19 local_hash= local_source=none snapshot_missing=false
[WARN] consensus validator set unresolved height=1385 chain_height=1879 expected_hash=34a93d19 local_hash= local_source=none snapshot_missing=false
[WARN] consensus validator set unresolved height=1386 chain_height=1879 expected_hash=34a93d19 local_hash= local_source=none snapshot_missing=false
[WARN] consensus validator set unresolved height=1387 chain_height=1879 expected_hash=34a93d19 local_hash= local_source=none snapshot_missing=false
[WARN] consensus validator set unresolved height=1388 chain_height=1879 expected_hash=34a93d19 local_hash= local_source=none snapshot_missing=false
[WARN] consensus validator set unresolved height=1389 chain_height=1879 expected_hash=34a93d19 local_hash= local_source=none snapshot_missing=false
[WARN] consensus validator set unresolved height=1390 chain_height=1879 expected_hash=34a93d19 local_hash= local_source=none snapshot_missing=false
[WARN] consensus validator set unresolved height=1391 chain_height=1879 expected_hash=34a93d19 local_hash= local_source=none snapshot_missing=false
[WARN] consensus validator set unresolved height=1392 chain_height=1879 expected_hash=34a93d19 local_hash= local_source=none snapshot_missing=false
[WARN] consensus validator set unresolved height=1393 chain_height=1879 expected_hash=34a93d19 local_hash= local_source=none snapshot_missing=false
[WARN] consensus validator set unresolved height=1394 chain_height=1879 expected_hash=34a93d19 local_hash= local_source=none snapshot_missing=false
[WARN] consensus validator set unresolved height=1395 chain_height=1879 expected_hash=34a93d19 local_hash= local_source=none snapshot_missing=false
[WARN] consensus validator set unresolved height=1396 chain_height=1879 expected_hash=34a93d19 local_hash= local_source=none snapshot_missing=false
[WARN] consensus validator set unresolved height=1397 chain_height=1879 expected_hash=34a93d19 local_hash= local_source=none snapshot_missing=false
[WARN] consensus validator set unresolved height=1398 chain_height=1879 expected_hash=34a93d19 local_hash= local_source=none snapshot_missing=false
[WARN] consensus validator set unresolved height=1399 chain_height=1879 expected_hash=34a93d19 local_hash= local_source=none snapshot_missing=false
[WARN] consensus validator set unresolved height=1400 chain_height=1879 expected_hash=34a93d19 local_hash= local_source=none snapshot_missing=false
[COMMITTEE] height=1401 size=4 target=4 hash=04f4a87c
[SET-FREEZE] height=1401 vhash=04f4a87c size=4
[WARN] consensus validator set unresolved height=1402 chain_height=1879 expected_hash=34a93d19 local_hash= local_source=none snapshot_missing=false
[WARN] consensus validator set unresolved height=1403 chain_height=1879 expected_hash=34a93d19 local_hash= local_source=none snapshot_missing=false
[WARN] consensus validator set unresolved height=1404 chain_height=1879 expected_hash=34a93d19 local_hash= local_source=none snapshot_missing=false
[WARN] consensus validator set unresolved height=1405 chain_height=1879 expected_hash=34a93d19 local_hash= local_source=none snapshot_missing=false
[WARN] consensus validator set unresolved height=1406 chain_height=1879 expected_hash=34a93d19 local_hash= local_source=none snapshot_missing=false
[WARN] consensus validator set unresolved height=1407 chain_height=1879 expected_hash=34a93d19 local_hash= local_source=none snapshot_missing=false
[WARN] consensus validator set unresolved height=1408 chain_height=1879 expected_hash=34a93d19 local_hash= local_source=none snapshot_missing=false
[WARN] consensus validator set unresolved height=1409 chain_height=1879 expected_hash=34a93d19 local_hash= local_source=none snapshot_missing=false
[COMMITTEE] height=1410 size=4 target=4 hash=04f4a87c
[SET-FREEZE] height=1410 vhash=04f4a87c size=4
[WARN] consensus validator set unresolved height=1411 chain_height=1879 expected_hash=34a93d19 local_hash= local_source=none snapshot_missing=false
[COMMITTEE] height=1412 size=4 target=4 hash=04f4a87c
[SET-FREEZE] height=1412 vhash=04f4a87c size=4
[WARN] consensus validator set unresolved height=1413 chain_height=1879 expected_hash=34a93d19 local_hash= local_source=none snapshot_missing=false
[WARN] consensus validator set unresolved height=1414 chain_height=1879 expected_hash=34a93d19 local_hash= local_source=none snapshot_missing=false
[WARN] consensus validator set unresolved height=1415 chain_height=1879 expected_hash=34a93d19 local_hash= local_source=none snapshot_missing=false
[COMMITTEE] height=1416 size=4 target=4 hash=04f4a87c
[SET-FREEZE] height=1416 vhash=04f4a87c size=4
[WARN] consensus validator set unresolved height=1425 chain_height=1879 expected_hash=34a93d19 local_hash= local_source=none snapshot_missing=false
[COMMITTEE] height=1426 size=4 target=4 hash=04f4a87c
[SET-FREEZE] height=1426 vhash=04f4a87c size=4
[WARN] consensus validator set unresolved height=1432 chain_height=1879 expected_hash=34a93d19 local_hash= local_source=none snapshot_missing=false
[COMMITTEE] height=1433 size=4 target=4 hash=04f4a87c
[SET-FREEZE] height=1433 vhash=04f4a87c size=4
[WARN] consensus validator set unresolved height=1434 chain_height=1879 expected_hash=34a93d19 local_hash= local_source=none snapshot_missing=false
[WARN] consensus validator set unresolved height=1435 chain_height=1879 expected_hash=34a93d19 local_hash= local_source=none snapshot_missing=false
[COMMITTEE] height=1436 size=4 target=4 hash=04f4a87c
[SET-FREEZE] height=1436 vhash=04f4a87c size=4
[WARN] consensus validator set unresolved height=1440 chain_height=1879 expected_hash=34a93d19 local_hash= local_source=none snapshot_missing=false
[COMMITTEE] height=1441 size=4 target=4 hash=04f4a87c
[SET-FREEZE] height=1441 vhash=04f4a87c size=4
[WARN] consensus validator set unresolved height=1442 chain_height=1879 expected_hash=34a93d19 local_hash= local_source=none snapshot_missing=false
[COMMITTEE] height=1443 size=4 target=4 hash=04f4a87c
[SET-FREEZE] height=1443 vhash=04f4a87c size=4
[WARN] consensus validator set unresolved height=1444 chain_height=1879 expected_hash=34a93d19 local_hash= local_source=none snapshot_missing=false
[COMMITTEE] height=1445 size=4 target=4 hash=04f4a87c
[SET-FREEZE] height=1445 vhash=04f4a87c size=4
[WARN] consensus validator set unresolved height=1509 chain_height=1879 expected_hash=34a93d19 local_hash= local_source=none snapshot_missing=false
[COMMITTEE] height=1510 size=4 target=4 hash=04f4a87c
[SET-FREEZE] height=1510 vhash=04f4a87c size=4
[WARN] consensus validator set unresolved height=1523 chain_height=1879 expected_hash=34a93d19 local_hash= local_source=none snapshot_missing=false
[WARN] consensus validator set unresolved height=1524 chain_height=1879 expected_hash=34a93d19 local_hash= local_source=none snapshot_missing=false
[WARN] consensus validator set unresolved height=1525 chain_height=1879 expected_hash=34a93d19 local_hash= local_source=none snapshot_missing=false
[COMMITTEE] height=1526 size=4 target=4 hash=04f4a87c
[SET-FREEZE] height=1526 vhash=04f4a87c size=4
[WARN] consensus validator set unresolved height=1529 chain_height=1879 expected_hash=34a93d19 local_hash= local_source=none snapshot_missing=false
[WARN] consensus validator set unresolved height=1530 chain_height=1879 expected_hash=34a93d19 local_hash= local_source=none snapshot_missing=false
[COMMITTEE] height=1531 size=4 target=4 hash=04f4a87c
[SET-FREEZE] height=1531 vhash=04f4a87c size=4
[WARN] consensus validator set unresolved height=1532 chain_height=1879 expected_hash=34a93d19 local_hash= local_source=none snapshot_missing=false
[COMMITTEE] height=1533 size=4 target=4 hash=04f4a87c
[SET-FREEZE] height=1533 vhash=04f4a87c size=4
[WARN] consensus validator set unresolved height=1535 chain_height=1879 expected_hash=34a93d19 local_hash= local_source=none snapshot_missing=false
[COMMITTEE] height=1536 size=4 target=4 hash=04f4a87c
[SET-FREEZE] height=1536 vhash=04f4a87c size=4
[WARN] consensus validator set unresolved height=1538 chain_height=1879 expected_hash=34a93d19 local_hash= local_source=none snapshot_missing=false
[WARN] consensus validator set unresolved height=1539 chain_height=1879 expected_hash=34a93d19 local_hash= local_source=none snapshot_missing=false
[COMMITTEE] height=1540 size=4 target=4 hash=04f4a87c
[SET-FREEZE] height=1540 vhash=04f4a87c size=4
[WARN] consensus validator set unresolved height=1545 chain_height=1879 expected_hash=34a93d19 local_hash= local_source=none snapshot_missing=false
[COMMITTEE] height=1546 size=4 target=4 hash=04f4a87c
[SET-FREEZE] height=1546 vhash=04f4a87c size=4
2026/05/18 00:44:46 [REGISTRY-HISTORY-REBUILD] height=1879 status=scheduled reason=consensus_set_unresolved
[WARN] consensus validator set unresolved height=1615 chain_height=1879 expected_hash=34a93d19 local_hash= local_source=none snapshot_missing=false
2026/05/18 00:44:46 [REGISTRY-HISTORY-REBUILD] height=1879 status=started reason=consensus_set_unresolved
2026/05/18 00:44:46 [REGISTRY-HISTORY-REBUILD] height=1879 status=ok reason=consensus_set_unresolved
[COMMITTEE] height=1616 size=4 target=4 hash=04f4a87c
[SET-FREEZE] height=1616 vhash=04f4a87c size=4
[WARN] consensus validator set unresolved height=1621 chain_height=1879 expected_hash=34a93d19 local_hash= local_source=none snapshot_missing=false
[COMMITTEE] height=1622 size=4 target=4 hash=04f4a87c
[SET-FREEZE] height=1622 vhash=04f4a87c size=4
[COMMITTEE] height=1637 size=4 target=4 hash=d75b74ab
[SET-FREEZE] height=1637 vhash=d75b74ab size=4
[COMMITTEE] height=1752 size=4 target=4 hash=34a93d19
[SET-FREEZE] height=1752 vhash=34a93d19 size=4
[WARN] consensus validator set unresolved height=1773 chain_height=1879 expected_hash=d75b74ab local_hash= local_source=none snapshot_missing=false
[COMMITTEE] height=1774 size=4 target=4 hash=34a93d19
[SET-FREEZE] height=1774 vhash=34a93d19 size=4
[WARN] consensus validator set unresolved height=1776 chain_height=1879 expected_hash=d75b74ab local_hash= local_source=none snapshot_missing=false
[COMMITTEE] height=1777 size=4 target=4 hash=34a93d19
[SET-FREEZE] height=1777 vhash=34a93d19 size=4
[WARN] consensus validator set unresolved height=1778 chain_height=1879 expected_hash=d75b74ab local_hash= local_source=none snapshot_missing=false
[COMMITTEE] height=1779 size=4 target=4 hash=34a93d19
[SET-FREEZE] height=1779 vhash=34a93d19 size=4
[WARN] consensus validator set unresolved height=1782 chain_height=1879 expected_hash=d75b74ab local_hash= local_source=none snapshot_missing=false
[COMMITTEE] height=1783 size=4 target=4 hash=34a93d19
[SET-FREEZE] height=1783 vhash=34a93d19 size=4
[WARN] consensus validator set unresolved height=1784 chain_height=1879 expected_hash=d75b74ab local_hash= local_source=none snapshot_missing=false
[COMMITTEE] height=1785 size=4 target=4 hash=34a93d19
[SET-FREEZE] height=1785 vhash=34a93d19 size=4
[WARN] consensus validator set unresolved height=1788 chain_height=1879 expected_hash=d75b74ab local_hash= local_source=none snapshot_missing=false
[COMMITTEE] height=1789 size=4 target=4 hash=34a93d19
[SET-FREEZE] height=1789 vhash=34a93d19 size=4
[WARN] consensus validator set unresolved height=1792 chain_height=1879 expected_hash=d75b74ab local_hash= local_source=none snapshot_missing=false
[COMMITTEE] height=1793 size=4 target=4 hash=34a93d19
[SET-FREEZE] height=1793 vhash=34a93d19 size=4
[WARN] consensus validator set unresolved height=1797 chain_height=1879 expected_hash=d75b74ab local_hash= local_source=none snapshot_missing=false
[COMMITTEE] height=1798 size=4 target=4 hash=34a93d19
[SET-FREEZE] height=1798 vhash=34a93d19 size=4
[WARN] consensus validator set unresolved height=1800 chain_height=1879 expected_hash=d75b74ab local_hash= local_source=none snapshot_missing=false
[COMMITTEE] height=1801 size=4 target=4 hash=34a93d19
[SET-FREEZE] height=1801 vhash=34a93d19 size=4
[WARN] consensus validator set unresolved height=1802 chain_height=1879 expected_hash=d75b74ab local_hash= local_source=none snapshot_missing=false
[COMMITTEE] height=1803 size=4 target=4 hash=34a93d19
[SET-FREEZE] height=1803 vhash=34a93d19 size=4
[WARN] consensus validator set unresolved height=1807 chain_height=1879 expected_hash=d75b74ab local_hash= local_source=none snapshot_missing=false
[COMMITTEE] height=1808 size=4 target=4 hash=34a93d19
[SET-FREEZE] height=1808 vhash=34a93d19 size=4
[WARN] consensus validator set unresolved height=1814 chain_height=1879 expected_hash=d75b74ab local_hash= local_source=none snapshot_missing=false
[COMMITTEE] height=1815 size=4 target=4 hash=34a93d19
[SET-FREEZE] height=1815 vhash=34a93d19 size=4
[WARN] consensus validator set unresolved height=1826 chain_height=1879 expected_hash=d75b74ab local_hash= local_source=none snapshot_missing=false
[COMMITTEE] height=1827 size=4 target=4 hash=34a93d19
[SET-FREEZE] height=1827 vhash=34a93d19 size=4
[WARN] consensus validator set unresolved height=1834 chain_height=1879 expected_hash=d75b74ab local_hash= local_source=none snapshot_missing=false
[COMMITTEE] height=1835 size=4 target=4 hash=34a93d19
[SET-FREEZE] height=1835 vhash=34a93d19 size=4
[WARN] consensus validator set unresolved height=1843 chain_height=1879 expected_hash=d75b74ab local_hash= local_source=none snapshot_missing=false
[COMMITTEE] height=1844 size=4 target=4 hash=34a93d19
[SET-FREEZE] height=1844 vhash=34a93d19 size=4
[WARN] consensus validator set unresolved height=1847 chain_height=1879 expected_hash=d75b74ab local_hash= local_source=none snapshot_missing=false
[COMMITTEE] height=1848 size=4 target=4 hash=34a93d19
[SET-FREEZE] height=1848 vhash=34a93d19 size=4
2026/05/18 00:44:50 [WARN] committed tip snapshot materialization failed height=1879 reason=startup err=create_snapshot_failed reason=startup err=persist_registry_snapshot_failed height=1 err=validator_registry_hash_mismatch
2026/05/18 00:44:50 [WARN] startup committed snapshot unresolved height=1879
[SET-FREEZE-REPLAY] entries=724 applied=3 last_h=1848 hash=34a93d19
[SET-FREEZE-CHAIN] applied=1764 materialized=1 tip_h=1879 hash=d75b74ab
2026/05/18 00:44:50 [AUTOHEAL] startup_recovery_applied height=1879 frozen_sets=245
2026/05/18 00:44:51 [STARTUP-EXECUTION-SNAPSHOT] action=rebuild begin height=1879
2026/05/18 00:44:51 [REGISTRY-PERSIST] height=1 source=genesis_bootstrap_repair validators=4 hash=9cd32df6
2026/05/18 00:44:51 [STARTUP-EXECUTION-SNAPSHOT] action=rebuild status=failed height=1879 err=create_snapshot_failed height=2 err=execution_snapshot_ledger_unavailable height=2
2026/05/18 00:44:51 Wallet auth required for validator activation; network starts immediately for node H
2026/05/18 00:44:51 EVM/VM routes removed permanently. DTL JSON-RPC available at /rpc
Ã°Å¸â€Â Wallet authentication required. Open: http://127.0.0.1:26663/msc_wallet.html?auth=1&keep_origin=1&node=H&rpc=http%3A%2F%2F127.0.0.1%3A26663&session=2b8bcafa49a77fde10f3823aab453fa7&stake=1&stake_coin=MSC&stake_validator=H
===============================================
===============================================
Peer ID  : n/a
Height   : 1879
Peers    : 0
===============================================
msc[H]> 2026/05/18 00:44:51 [WARN] interactive CLI input closed; node keeps running: EOF
2026/05/18 00:44:51 [P2P-ID] identity key=data\H\node_H\p2p_identity.key peer_id=12D3KooWCwnxK8kHxbjjXkxfX9mcrPHFjgLCJTAQKydgmiYqGv8U
Ã°Å¸Å’Â LibP2P host initialized
Ã°Å¸â€ â€ PeerID: 12D3KooWCwnxK8kHxbjjXkxfX9mcrPHFjgLCJTAQKydgmiYqGv8U
Ã°Å¸â€œÂ Listening addresses:
  /ip4/127.0.0.1/tcp/7007/p2p/12D3KooWCwnxK8kHxbjjXkxfX9mcrPHFjgLCJTAQKydgmiYqGv8U
P2P stack: discovery=DNS seeds + DHT + mDNS, transport=QUIC, security=Noise, messaging=GossipSub, NAT=UPnP + Relay
Ã°Å¸â€œÅ  Host info: Addrs=1 DHT=true
ÃƒÂ°Ã…Â¸Ã¢â‚¬Å“Ã‚Â¡ PubSub topics initialized (MSC)
   msc-block        block propagation
   msc-tx           mempool ingress
   msc-consensus    exec/commit/snapshot
   msc-validator    validator gossip
   msc-snapshot-meta snapshot manifest metadata
   msc-snapshot-chunk snapshot chunk availability
   msc-snapshot-proof snapshot anchor proofs
Ã°Å¸â€Â§ Network protocols configured
mDNS auto-disabled on Windows (set MSC_FORCE_MDNS=1 to force-enable)
Ã¢Å“â€¦ Listening for blocks...
Ã¢Å“â€¦ Listening for transactions...
2026/05/18 00:44:51 [SNAPSHOT-PUBLISH-REQUIRED] validator=H policy=strict_snapshot_only
[SNAPSHOT-PUBLISH] deferred height=1879 reason=auto_publish_interval_10
2026/05/18 00:44:51 [SNAPSHOT-MISSING] height=1879 reason=tip_snapshot_unavailable
2026/05/18 00:44:51 [SYNC-PIPELINE] stage=live_consensus
Ã¢ÂÂ³ Waiting for sync completion before consensus start (height=1879 finalized=1879)
Attempting to connect to 4 peers
Failed to connect to peer /ip4/127.0.0.1/tcp/7003/p2p/12D3KooWD9ed8zJXbW8uUU6XHD2UYrsQQEvnuXReJWFeo52dvdf8: connection failed: failed to dial: failed to dial 12D3KooWD9ed8zJXbW8uUU6XHD2UYrsQQEvnuXReJWFeo52dvdf8: all dials failed
  * [/ip4/127.0.0.1/tcp/7003] dial backoff
Failed to connect to peer /ip4/127.0.0.1/tcp/7002/p2p/12D3KooWHdmUKc1bYKY3scg6TqGhK3SutwH9hu1aAez4VmvwkEyk: connection failed: failed to dial: failed to dial 12D3KooWHdmUKc1bYKY3scg6TqGhK3SutwH9hu1aAez4VmvwkEyk: all dials failed
  * [/ip4/127.0.0.1/tcp/7002] dial backoff
Failed to connect to peer /ip4/127.0.0.1/tcp/7004/p2p/12D3KooWE7bMkbbpLoSHKB43JdTZm9zkgqvf1iCQdGAqFFBDa42W: connection failed: failed to dial: failed to dial 12D3KooWE7bMkbbpLoSHKB43JdTZm9zkgqvf1iCQdGAqFFBDa42W: all dials failed
  * [/ip4/127.0.0.1/tcp/7004] dial backoff
Failed to connect to peer /ip4/127.0.0.1/tcp/7001/p2p/12D3KooWPVKESWFG9sS8G6vjhfPn54kWuNFkkuHwG4yQXhYRcXjX: connection failed: failed to dial: failed to dial 12D3KooWPVKESWFG9sS8G6vjhfPn54kWuNFkkuHwG4yQXhYRcXjX: all dials failed
  * [/ip4/127.0.0.1/tcp/7001] dial backoff
Ã°Å¸â€â€ž Bootstrapping DHT...
Ã¢Å“â€¦ DHT bootstrap complete
Ã°Å¸â€Â Starting DHT peer discovery...
Ã¢Å¡Â Ã¯Â¸Â No connected peers Ã¢â‚¬â€ PubSub mesh idle
[STARTUP-GATE] waiting reason=waiting_network_validator_set_sample local=1879 finalized=1879 network=0 votes=0
2026/05/18 00:44:55 [WARN] committed tip snapshot materialization failed height=1879 reason=resolver_tip_missing err=create_snapshot_failed reason=resolver_tip_missing err=create_snapshot_failed height=2 err=execution_snapshot_ledger_unavailable height=2
Ã¢Å¡Â Ã¯Â¸Â No connected peers Ã¢â‚¬â€ PubSub mesh idle
Dial backoff active; skipping peer 12D3KooWPVKESWFG9sS8G6vjhfPn54kWuNFkkuHwG4yQXhYRcXjX
Dial backoff active; skipping peer 12D3KooWD9ed8zJXbW8uUU6XHD2UYrsQQEvnuXReJWFeo52dvdf8
2026/05/18 00:44:57 [SNAPSHOT-MISSING] height=1879 reason=tip_snapshot_unavailable
[STARTUP-GATE] waiting reason=waiting_network_validator_set_sample local=1879 finalized=1879 network=0 votes=0
Dial backoff active; skipping peer 12D3KooWE7bMkbbpLoSHKB43JdTZm9zkgqvf1iCQdGAqFFBDa42W
Dial backoff active; skipping peer 12D3KooWHdmUKc1bYKY3scg6TqGhK3SutwH9hu1aAez4VmvwkEyk
[STARTUP-GATE] waiting reason=waiting_network_validator_set_sample local=1879 finalized=1879 network=0 votes=0
2026/05/18 00:45:01 [WARN] committed tip snapshot materialization failed height=1879 reason=resolver_tip_missing err=create_snapshot_failed reason=resolver_tip_missing err=create_snapshot_failed height=2 err=execution_snapshot_ledger_unavailable height=2
2026/05/18 00:45:01 [OK] goroutine pressure normalized: 153 (degrade mode off)
Ã¢Å¡Â Ã¯Â¸Â No connected peers Ã¢â‚¬â€ PubSub mesh idle
Ã°Å¸â€â€” Peer connected: 12D3KooWHdmUKc1bYKY3scg6TqGhK3SutwH9hu1aAez4VmvwkEyk
[SNAPSHOT-FETCH] height=1879 reason=startup source=peers
Ã¢Å“â€¦ Connected to peer: 12D3KooWHdmUKc1bYKY3scg6TqGhK3SutwH9hu1aAez4VmvwkEyk
2026/05/18 00:45:01 [SNAPSHOT-FETCH] height=1879 reason=startup source=peers status=failed err=trusted snapshot peers unavailable
[SYNC-FORCE] reason=startup_execution_snapshot_missing local=1879 target=1879 (ignored stale target)
Pubkey override (peer-hello testnet) for validator B
Peer info from 12D3KooWHdmUKc1bYKY3scg6TqGhK3SutwH9hu1aAez4VmvwkEyk | validator=B role=validator
Validator registered | id=B addr=/ip4/127.0.0.1/tcp/7002/p2p/12D3KooWHdmUKc1bYKY3scg6TqGhK3SutwH9hu1aAez4VmvwkEyk
Ã°Å¸â€œÂ¨ Consensus message from 12D3KooWHdmUKc1bYKY3scg6TqGhK3SutwH9hu1aAez4VmvwkEyk: peers (size: 748 bytes)
Ã°Å¸â€â€” Received 9 peers from 12D3KooWHdmUKc1bYKY3scg6TqGhK3SutwH9hu1aAez4VmvwkEyk
Ã°Å¸â€Å’ Consensus stream EOF from 12D3KooWHdmUKc1bYKY3scg6TqGhK3SutwH9hu1aAez4VmvwkEyk
Ã°Å¸â€Å’ Consensus stream closed with 12D3KooWHdmUKc1bYKY3scg6TqGhK3SutwH9hu1aAez4VmvwkEyk
Peer info from 12D3KooWHdmUKc1bYKY3scg6TqGhK3SutwH9hu1aAez4VmvwkEyk | validator=B role=validator
Attempting to connect to 9 peers
Ã°Å¸â€â€” Peer connected: 12D3KooWD9ed8zJXbW8uUU6XHD2UYrsQQEvnuXReJWFeo52dvdf8
Ã¢Å“â€¦ Connected to peer: 12D3KooWD9ed8zJXbW8uUU6XHD2UYrsQQEvnuXReJWFeo52dvdf8
Pubkey override (peer-hello testnet) for validator C
Peer info from 12D3KooWD9ed8zJXbW8uUU6XHD2UYrsQQEvnuXReJWFeo52dvdf8 | validator=C role=validator
Validator registered | id=C addr=/ip4/127.0.0.1/tcp/7003/p2p/12D3KooWD9ed8zJXbW8uUU6XHD2UYrsQQEvnuXReJWFeo52dvdf8
Peer info from 12D3KooWD9ed8zJXbW8uUU6XHD2UYrsQQEvnuXReJWFeo52dvdf8 | validator=C role=validator
Ã°Å¸â€œÂ¨ Consensus message from 12D3KooWD9ed8zJXbW8uUU6XHD2UYrsQQEvnuXReJWFeo52dvdf8: peers (size: 748 bytes)
Ã°Å¸â€â€” Received 9 peers from 12D3KooWD9ed8zJXbW8uUU6XHD2UYrsQQEvnuXReJWFeo52dvdf8
Ã°Å¸â€Å’ Consensus stream EOF from 12D3KooWD9ed8zJXbW8uUU6XHD2UYrsQQEvnuXReJWFeo52dvdf8
Ã°Å¸â€Å’ Consensus stream closed with 12D3KooWD9ed8zJXbW8uUU6XHD2UYrsQQEvnuXReJWFeo52dvdf8
[SYNC-FORCE] reason=startup_execution_snapshot_missing local=1879 target=1879 (cooldown)
2026/05/18 00:45:02 [SNAPSHOT-MISSING] height=1879 reason=tip_snapshot_unavailable
Validator heartbeat: B | reported_height=1879 | finalized_height=1879 | local_exec_epoch=1880
Validator heartbeat: B | reported_height=1879 | finalized_height=1879 | local_exec_epoch=1880
[SYNC-FORCE] reason=startup_execution_snapshot_missing local=1879 target=1879 (cooldown)
[SYNC-FORCE] reason=startup_execution_snapshot_missing local=1879 target=1879 (cooldown)
Ã°Å¸â€â€” Peer connected: 12D3KooWE7bMkbbpLoSHKB43JdTZm9zkgqvf1iCQdGAqFFBDa42W
Ã¢Å“â€¦ Connected to peer: 12D3KooWE7bMkbbpLoSHKB43JdTZm9zkgqvf1iCQdGAqFFBDa42W
[STARTUP-GATE] waiting reason=waiting_network_validator_set_sample local=1879 finalized=1879 network=0 votes=1
Validator heartbeat received: B | reported_height=1879 | finalized_height=1879 | local_exec_epoch=1880
Validator heartbeat received: B | reported_height=1879 | finalized_height=1879 | local_exec_epoch=1880
Pubkey override (testnet) for validator D
Validator registered | id=D addr=/ip4/127.0.0.1/tcp/7004/p2p/12D3KooWE7bMkbbpLoSHKB43JdTZm9zkgqvf1iCQdGAqFFBDa42W
Validator heartbeat: C | reported_height=1878 | finalized_height=1878 | local_exec_epoch=1879
Candidate heartbeat received: D | reported_height=1879 | finalized_height=1879 | local_exec_epoch=1880
Pubkey override (testnet) for validator A
Validator registered | id=A addr=/ip4/127.0.0.1/tcp/7001/p2p/12D3KooWPVKESWFG9sS8G6vjhfPn54kWuNFkkuHwG4yQXhYRcXjX
Validator heartbeat: A | reported_height=1879 | finalized_height=1879 | local_exec_epoch=1880
Validator heartbeat received: C | reported_height=1878 | finalized_height=1878 | local_exec_epoch=1879
Validator heartbeat: C | reported_height=1879 | finalized_height=1879 | local_exec_epoch=1880
Peer info from 12D3KooWE7bMkbbpLoSHKB43JdTZm9zkgqvf1iCQdGAqFFBDa42W | role=full
[SNAPSHOT-PUBLISH] deferred height=1879 reason=auto_publish_interval_10
Ã°Å¸â€œÂ¨ Consensus message from 12D3KooWE7bMkbbpLoSHKB43JdTZm9zkgqvf1iCQdGAqFFBDa42W: peers (size: 748 bytes)
Ã°Å¸â€â€” Received 9 peers from 12D3KooWE7bMkbbpLoSHKB43JdTZm9zkgqvf1iCQdGAqFFBDa42W
Validator heartbeat received: A | reported_height=1879 | finalized_height=1879 | local_exec_epoch=1880
Peer info from 12D3KooWE7bMkbbpLoSHKB43JdTZm9zkgqvf1iCQdGAqFFBDa42W | role=full
Validator heartbeat: B | reported_height=1879 | finalized_height=1879 | local_exec_epoch=1880
Ã°Å¸â€Å’ Consensus stream EOF from 12D3KooWE7bMkbbpLoSHKB43JdTZm9zkgqvf1iCQdGAqFFBDa42W
Ã°Å¸â€Å’ Consensus stream closed with 12D3KooWE7bMkbbpLoSHKB43JdTZm9zkgqvf1iCQdGAqFFBDa42W
Validator heartbeat received: C | reported_height=1879 | finalized_height=1879 | local_exec_epoch=1880
Ã°Å¸â€â€” Peer connected: 12D3KooWPVKESWFG9sS8G6vjhfPn54kWuNFkkuHwG4yQXhYRcXjX
[SYNC-FORCE] reason=startup_execution_snapshot_missing local=1879 target=1879 (cooldown)
Ã¢Å“â€¦ Connected to peer: 12D3KooWPVKESWFG9sS8G6vjhfPn54kWuNFkkuHwG4yQXhYRcXjX
Peer info from 12D3KooWPVKESWFG9sS8G6vjhfPn54kWuNFkkuHwG4yQXhYRcXjX | validator=A role=validator
Validator heartbeat: B | reported_height=1879 | finalized_height=1879 | local_exec_epoch=1880
Peer info from 12D3KooWPVKESWFG9sS8G6vjhfPn54kWuNFkkuHwG4yQXhYRcXjX | validator=A role=validator
Ã°Å¸â€œÂ¨ Consensus message from 12D3KooWPVKESWFG9sS8G6vjhfPn54kWuNFkkuHwG4yQXhYRcXjX: peers (size: 748 bytes)
Ã°Å¸â€â€” Received 9 peers from 12D3KooWPVKESWFG9sS8G6vjhfPn54kWuNFkkuHwG4yQXhYRcXjX
Ã°Å¸â€Å’ Consensus stream EOF from 12D3KooWPVKESWFG9sS8G6vjhfPn54kWuNFkkuHwG4yQXhYRcXjX
Ã°Å¸â€Å’ Consensus stream closed with 12D3KooWPVKESWFG9sS8G6vjhfPn54kWuNFkkuHwG4yQXhYRcXjX
Validator heartbeat received: B | reported_height=1879 | finalized_height=1879 | local_exec_epoch=1880
Validator heartbeat received: B | reported_height=1879 | finalized_height=1879 | local_exec_epoch=1880
Candidate heartbeat received: D | reported_height=1879 | finalized_height=1879 | local_exec_epoch=1880
Validator heartbeat: C | reported_height=1878 | finalized_height=1878 | local_exec_epoch=1879
Validator heartbeat: C | reported_height=1879 | finalized_height=1879 | local_exec_epoch=1880
Validator heartbeat received: C | reported_height=1879 | finalized_height=1879 | local_exec_epoch=1880
Candidate heartbeat received: D | reported_height=1879 | finalized_height=1879 | local_exec_epoch=1880
Validator heartbeat: C | reported_height=1879 | finalized_height=1879 | local_exec_epoch=1880
Validator heartbeat received: C | reported_height=1878 | finalized_height=1878 | local_exec_epoch=1879
Validator heartbeat: C | reported_height=1878 | finalized_height=1878 | local_exec_epoch=1879
Validator heartbeat received: C | reported_height=1879 | finalized_height=1879 | local_exec_epoch=1880
Validator heartbeat: C | reported_height=1879 | finalized_height=1879 | local_exec_epoch=1880
Validator heartbeat received: C | reported_height=1878 | finalized_height=1878 | local_exec_epoch=1879
Candidate heartbeat received: D | reported_height=1879 | finalized_height=1879 | local_exec_epoch=1880
Validator heartbeat: C | reported_height=1879 | finalized_height=1879 | local_exec_epoch=1880
Validator heartbeat received: C | reported_height=1879 | finalized_height=1879 | local_exec_epoch=1880
Candidate heartbeat received: D | reported_height=1879 | finalized_height=1879 | local_exec_epoch=1880
Validator heartbeat: B | reported_height=1879 | finalized_height=1879 | local_exec_epoch=1880
Validator heartbeat received: C | reported_height=1879 | finalized_height=1879 | local_exec_epoch=1880
Candidate heartbeat received: D | reported_height=1879 | finalized_height=1879 | local_exec_epoch=1880
Validator heartbeat: A | reported_height=1879 | finalized_height=1879 | local_exec_epoch=1880
Validator heartbeat received: B | reported_height=1879 | finalized_height=1879 | local_exec_epoch=1880
Validator heartbeat: C | reported_height=1878 | finalized_height=1878 | local_exec_epoch=1879
Validator heartbeat received: A | reported_height=1879 | finalized_height=1879 | local_exec_epoch=1880
Validator heartbeat: C | reported_height=1878 | finalized_height=1878 | local_exec_epoch=1879
Validator heartbeat received: C | reported_height=1878 | finalized_height=1878 | local_exec_epoch=1879
Validator heartbeat: A | reported_height=1879 | finalized_height=1879 | local_exec_epoch=1880
Validator heartbeat received: C | reported_height=1878 | finalized_height=1878 | local_exec_epoch=1879
Validator heartbeat: B | reported_height=1879 | finalized_height=1879 | local_exec_epoch=1880
Validator heartbeat received: A | reported_height=1879 | finalized_height=1879 | local_exec_epoch=1880
Candidate heartbeat received: D | reported_height=1879 | finalized_height=1879 | local_exec_epoch=1880
Validator heartbeat: A | reported_height=1879 | finalized_height=1879 | local_exec_epoch=1880
[SYNC-FORCE] reason=startup_execution_snapshot_missing local=1879 target=1879 (cooldown)
Validator heartbeat received: B | reported_height=1879 | finalized_height=1879 | local_exec_epoch=1880
Candidate heartbeat received: D | reported_height=1879 | finalized_height=1879 | local_exec_epoch=1880
Validator heartbeat: B | reported_height=1879 | finalized_height=1879 | local_exec_epoch=1880
Validator heartbeat received: A | reported_height=1879 | finalized_height=1879 | local_exec_epoch=1880
Validator heartbeat: C | reported_height=1879 | finalized_height=1879 | local_exec_epoch=1880
Validator heartbeat received: B | reported_height=1879 | finalized_height=1879 | local_exec_epoch=1880
Candidate heartbeat received: D | reported_height=1879 | finalized_height=1879 | local_exec_epoch=1880
Ã°Å¸â€â€” Peer connected: 12D3KooWJ4wwY52VQUdc6erg4U9PzjvLTRBj6oQJmunN9aAVyemD
Candidate heartbeat received: D | reported_height=1879 | finalized_height=1879 | local_exec_epoch=1880
Validator heartbeat: B | reported_height=1879 | finalized_height=1879 | local_exec_epoch=1880
Peer info from 12D3KooWJ4wwY52VQUdc6erg4U9PzjvLTRBj6oQJmunN9aAVyemD | role=full
Peer info from 12D3KooWJ4wwY52VQUdc6erg4U9PzjvLTRBj6oQJmunN9aAVyemD | role=full
Validator heartbeat received: C | reported_height=1879 | finalized_height=1879 | local_exec_epoch=1880
Ã°Å¸â€œÂ¨ Consensus message from 12D3KooWJ4wwY52VQUdc6erg4U9PzjvLTRBj6oQJmunN9aAVyemD: peers (size: 748 bytes)
Ã°Å¸â€â€” Received 9 peers from 12D3KooWJ4wwY52VQUdc6erg4U9PzjvLTRBj6oQJmunN9aAVyemD
Validator heartbeat: C | reported_height=1878 | finalized_height=1878 | local_exec_epoch=1879
Ã°Å¸â€Å’ Consensus stream EOF from 12D3KooWJ4wwY52VQUdc6erg4U9PzjvLTRBj6oQJmunN9aAVyemD
Ã°Å¸â€Å’ Consensus stream closed with 12D3KooWJ4wwY52VQUdc6erg4U9PzjvLTRBj6oQJmunN9aAVyemD
Dial fanout full (16); skipping this dial batch item
[SYNC-FORCE] reason=startup_execution_snapshot_missing local=1879 target=1879 (cooldown)
Validator heartbeat received: B | reported_height=1879 | finalized_height=1879 | local_exec_epoch=1880
Validator heartbeat: B | reported_height=1879 | finalized_height=1879 | local_exec_epoch=1880
Ã°Å¸â€â€” Peer connected: 12D3KooW9yY6vZY7w3QkcR85GpdNDwh4aEdFYHCb24SdKxiCLp6T
Validator heartbeat received: C | reported_height=1878 | finalized_height=1878 | local_exec_epoch=1879
Validator heartbeat: A | reported_height=1879 | finalized_height=1879 | local_exec_epoch=1880
Ã¢Å“â€¦ Connected to peer: 12D3KooW9yY6vZY7w3QkcR85GpdNDwh4aEdFYHCb24SdKxiCLp6T
Peer info from 12D3KooW9yY6vZY7w3QkcR85GpdNDwh4aEdFYHCb24SdKxiCLp6T | role=full
Peer info from 12D3KooW9yY6vZY7w3QkcR85GpdNDwh4aEdFYHCb24SdKxiCLp6T | role=full
Ã°Å¸â€œÂ¨ Consensus message from 12D3KooW9yY6vZY7w3QkcR85GpdNDwh4aEdFYHCb24SdKxiCLp6T: peers (size: 665 bytes)
Ã°Å¸â€â€” Received 8 peers from 12D3KooW9yY6vZY7w3QkcR85GpdNDwh4aEdFYHCb24SdKxiCLp6T
Ã°Å¸â€Å’ Consensus stream EOF from 12D3KooW9yY6vZY7w3QkcR85GpdNDwh4aEdFYHCb24SdKxiCLp6T
Ã°Å¸â€Å’ Consensus stream closed with 12D3KooW9yY6vZY7w3QkcR85GpdNDwh4aEdFYHCb24SdKxiCLp6T
Validator heartbeat received: B | reported_height=1879 | finalized_height=1879 | local_exec_epoch=1880
Validator heartbeat: A | reported_height=1879 | finalized_height=1879 | local_exec_epoch=1880
Validator heartbeat received: A | reported_height=1879 | finalized_height=1879 | local_exec_epoch=1880
Validator heartbeat: B | reported_height=1879 | finalized_height=1879 | local_exec_epoch=1880
Validator heartbeat received: B | reported_height=1879 | finalized_height=1879 | local_exec_epoch=1880
Validator heartbeat received: A | reported_height=1879 | finalized_height=1879 | local_exec_epoch=1880
Validator heartbeat: A | reported_height=1879 | finalized_height=1879 | local_exec_epoch=1880
Candidate heartbeat received: D | reported_height=1879 | finalized_height=1879 | local_exec_epoch=1880
Validator heartbeat: A | reported_height=1879 | finalized_height=1879 | local_exec_epoch=1880
[CONSENSUS] height=1879 vhash=d75b74ab validators=4
Validator heartbeat received: A | reported_height=1879 | finalized_height=1879 | local_exec_epoch=1880
Validator heartbeat: B | reported_height=1879 | finalized_height=1879 | local_exec_epoch=1880
Ã°Å¸â€â€” Peer connected: 12D3KooWQTz7njFMAmoxR5dQrLfDv7q9wdhaABha6Rp3Pbn6mrem
Validator heartbeat received: A | reported_height=1879 | finalized_height=1879 | local_exec_epoch=1880
Validator heartbeat: B | reported_height=1879 | finalized_height=1879 | local_exec_epoch=1880
Ã¢Å“â€¦ Connected to peer: 12D3KooWQTz7njFMAmoxR5dQrLfDv7q9wdhaABha6Rp3Pbn6mrem
Peer info from 12D3KooWQTz7njFMAmoxR5dQrLfDv7q9wdhaABha6Rp3Pbn6mrem | role=full
Peer info from 12D3KooWQTz7njFMAmoxR5dQrLfDv7q9wdhaABha6Rp3Pbn6mrem | role=full
Ã°Å¸â€œÂ¨ Consensus message from 12D3KooWQTz7njFMAmoxR5dQrLfDv7q9wdhaABha6Rp3Pbn6mrem: peers (size: 748 bytes)
Ã°Å¸â€â€” Received 9 peers from 12D3KooWQTz7njFMAmoxR5dQrLfDv7q9wdhaABha6Rp3Pbn6mrem
Ã°Å¸â€Å’ Consensus stream EOF from 12D3KooWQTz7njFMAmoxR5dQrLfDv7q9wdhaABha6Rp3Pbn6mrem
Ã°Å¸â€Å’ Consensus stream closed with 12D3KooWQTz7njFMAmoxR5dQrLfDv7q9wdhaABha6Rp3Pbn6mrem
Validator heartbeat received: B | reported_height=1879 | finalized_height=1879 | local_exec_epoch=1880
Validator heartbeat received: B | reported_height=1879 | finalized_height=1879 | local_exec_epoch=1880
Validator heartbeat: A | reported_height=1879 | finalized_height=1879 | local_exec_epoch=1880
[SNAPSHOT-FETCH] height=1879 reason=startup source=peers
Ã°Å¸â€â€” Peer connected: 12D3KooWETqM63k4eBQTHnBZ2jzRd4SCLBX7fMSz6BcnGFUohp9U
[SNAPSHOT-PROVIDERS] 12D3KooW(rep=0.50,class=degraded) 12D3KooW(rep=0.50,class=degraded) 12D3KooW(rep=0.50,class=degraded)
Ã¢Å“â€¦ Connected to peer: 12D3KooWETqM63k4eBQTHnBZ2jzRd4SCLBX7fMSz6BcnGFUohp9U
2026/05/18 00:45:07 [WARN] committed tip snapshot materialization failed height=1879 reason=resolver_tip_missing err=create_snapshot_failed reason=resolver_tip_missing err=create_snapshot_failed height=2 err=execution_snapshot_ledger_unavailable height=2
2026/05/18 00:45:07 [SYNC-FALLBACK] relaxed_snapshot_proof=enabled reason=snapshot_anchor_unreachable
Ã°Å¸â€â€” Peer connected: 12D3KooWJ6J2S2vYKU8gpYYze8F8UYzr9xb7jUAVgh8BzJPR2DFj
[SNAPSHOT-QUORUM] waiting checkpoint=1856 votes=0/3 reason=snapshot_anchor_unreachable frozen=1879 candidate=0 target=1879 retries=1 proof_cache=false strict=map[checkpoint_proof_invalid:1 meta_below_min_height:2 snapshot_anchor_unreachable:1]
2026/05/18 00:45:07 [SNAPSHOT-FETCH] height=1879 reason=startup source=peers status=failed err=validator_quorum: no quorum-reachable snapshot candidate
2026/05/18 00:45:07 [SYNC-FALLBACK] relaxed_snapshot_proof=disabled
[SYNC-FORCE] reason=startup_execution_snapshot_missing local=1879 target=1879 (ignored stale target)
[STARTUP-PRECHECK] waiting reason=startup_execution_snapshot_syncing_h_1879 target=1880
Peer info from 12D3KooWETqM63k4eBQTHnBZ2jzRd4SCLBX7fMSz6BcnGFUohp9U | role=full
Peer info from 12D3KooWETqM63k4eBQTHnBZ2jzRd4SCLBX7fMSz6BcnGFUohp9U | role=full
Ã°Å¸â€œÂ¨ Consensus message from 12D3KooWETqM63k4eBQTHnBZ2jzRd4SCLBX7fMSz6BcnGFUohp9U: peers (size: 748 bytes)
Ã°Å¸â€â€” Received 9 peers from 12D3KooWETqM63k4eBQTHnBZ2jzRd4SCLBX7fMSz6BcnGFUohp9U
Ã°Å¸â€Å’ Consensus stream EOF from 12D3KooWETqM63k4eBQTHnBZ2jzRd4SCLBX7fMSz6BcnGFUohp9U
Ã°Å¸â€Å’ Consensus stream closed with 12D3KooWETqM63k4eBQTHnBZ2jzRd4SCLBX7fMSz6BcnGFUohp9U
Ã¢Å“â€¦ Connected to peer: 12D3KooWJ6J2S2vYKU8gpYYze8F8UYzr9xb7jUAVgh8BzJPR2DFj
Validator heartbeat received: A | reported_height=1879 | finalized_height=1879 | local_exec_epoch=1880
Validator heartbeat: B | reported_height=1879 | finalized_height=1879 | local_exec_epoch=1880
[SYNC-FORCE] reason=startup_execution_snapshot_missing local=1879 target=1879 (cooldown)
Validator heartbeat received: B | reported_height=1879 | finalized_height=1879 | local_exec_epoch=1880
Validator heartbeat: C | reported_height=1879 | finalized_height=1879 | local_exec_epoch=1880
Peer info from 12D3KooWJ6J2S2vYKU8gpYYze8F8UYzr9xb7jUAVgh8BzJPR2DFj | validator=G role=validator
Validator registered | id=G addr=/ip4/127.0.0.1/tcp/7006/p2p/12D3KooWJ6J2S2vYKU8gpYYze8F8UYzr9xb7jUAVgh8BzJPR2DFj
Peer info from 12D3KooWJ6J2S2vYKU8gpYYze8F8UYzr9xb7jUAVgh8BzJPR2DFj | validator=G role=validator
Ã°Å¸â€œÂ¨ Consensus message from 12D3KooWJ6J2S2vYKU8gpYYze8F8UYzr9xb7jUAVgh8BzJPR2DFj: peers (size: 748 bytes)
Ã°Å¸â€â€” Received 9 peers from 12D3KooWJ6J2S2vYKU8gpYYze8F8UYzr9xb7jUAVgh8BzJPR2DFj
Ã°Å¸â€Å’ Consensus stream EOF from 12D3KooWJ6J2S2vYKU8gpYYze8F8UYzr9xb7jUAVgh8BzJPR2DFj
Ã°Å¸â€Å’ Consensus stream closed with 12D3KooWJ6J2S2vYKU8gpYYze8F8UYzr9xb7jUAVgh8BzJPR2DFj
Validator heartbeat received: C | reported_height=1879 | finalized_height=1879 | local_exec_epoch=1880
Validator heartbeat: C | reported_height=1878 | finalized_height=1878 | local_exec_epoch=1879
Validator heartbeat received: C | reported_height=1878 | finalized_height=1878 | local_exec_epoch=1879
Validator heartbeat: C | reported_height=1878 | finalized_height=1878 | local_exec_epoch=1879
Candidate heartbeat received: D | reported_height=1879 | finalized_height=1879 | local_exec_epoch=1880
[SYNC-FORCE] reason=startup_execution_snapshot_missing local=1879 target=1879 (cooldown)
Validator heartbeat received: C | reported_height=1878 | finalized_height=1878 | local_exec_epoch=1879
Candidate heartbeat received: D | reported_height=1879 | finalized_height=1879 | local_exec_epoch=1880
[STATUS] height=1879 finalized=1879 peers=6 validators=3 strict_live=3 heartbeat_live=3 out_of_drift=0 drift_limit=8 syncing=false sync_complete=true execution_ready=false execution_reason=startup_execution_snapshot_syncing_h_1879 gossip=true gossip_pipeline=new_block_gossip_validate_apply consensus_running=false mode=observer vote=false propose=false role=full validator_state=observer warmup_seconds=0 ready=false reason=wallet_auth_required snapshot_source=none expected_source=chain_parent_commitment expected_hash=d75b74ab resolved_source=chain_parent_commitment resolved_hash=d75b74ab next_source=carry_forward next_hash=d75b74ab got_hash= authority=chain_parent_commitment hash_mode=legacy
Validator heartbeat: B | reported_height=1879 | finalized_height=1879 | local_exec_epoch=1880
Candidate heartbeat received: D | reported_height=1879 | finalized_height=1879 | local_exec_epoch=1880
Validator heartbeat received: B | reported_height=1879 | finalized_height=1879 | local_exec_epoch=1880
Validator heartbeat: B | reported_height=1879 | finalized_height=1879 | local_exec_epoch=1880
Validator heartbeat received: B | reported_height=1879 | finalized_height=1879 | local_exec_epoch=1880
Validator heartbeat: B | reported_height=1879 | finalized_height=1879 | local_exec_epoch=1880
Validator heartbeat received: B | reported_height=1879 | finalized_height=1879 | local_exec_epoch=1880
Validator heartbeat: C | reported_height=1878 | finalized_height=1878 | local_exec_epoch=1879
Validator heartbeat received: C | reported_height=1878 | finalized_height=1878 | local_exec_epoch=1879
[SNAPSHOT-PUBLISH] deferred height=1879 reason=auto_publish_interval_10
Validator heartbeat: A | reported_height=1879 | finalized_height=1879 | local_exec_epoch=1880
Validator heartbeat received: A | reported_height=1879 | finalized_height=1879 | local_exec_epoch=1880
Validator heartbeat: A | reported_height=1879 | finalized_height=1879 | local_exec_epoch=1880
Validator heartbeat received: A | reported_height=1879 | finalized_height=1879 | local_exec_epoch=1880
Candidate heartbeat received: D | reported_height=1879 | finalized_height=1879 | local_exec_epoch=1880
Candidate heartbeat received: D | reported_height=1879 | finalized_height=1879 | local_exec_epoch=1880
Validator heartbeat: A | reported_height=1879 | finalized_height=1879 | local_exec_epoch=1880
Validator heartbeat received: A | reported_height=1879 | finalized_height=1879 | local_exec_epoch=1880
Candidate heartbeat received: D | reported_height=1879 | finalized_height=1879 | local_exec_epoch=1880
Candidate heartbeat received: D | reported_height=1879 | finalized_height=1879 | local_exec_epoch=1880
2026/05/18 00:45:09 [SNAPSHOT-MISSING] height=1879 reason=tip_snapshot_unavailable
[SYNC-FORCE] reason=startup_execution_snapshot_missing local=1879 target=1879 (cooldown)
[SYNC-FORCE] reason=startup_execution_snapshot_missing local=1879 target=1879 (cooldown)
Candidate heartbeat received: D | reported_height=1879 | finalized_height=1879 | local_exec_epoch=1880
Candidate heartbeat received: D | reported_height=1879 | finalized_height=1879 | local_exec_epoch=1880
[SYNC-FORCE] reason=startup_execution_snapshot_missing local=1879 target=1879 (cooldown)
[STARTUP-PRECHECK] waiting reason=startup_execution_snapshot_syncing_h_1879 target=1880
[SYNC-FORCE] reason=startup_execution_snapshot_missing local=1879 target=1879 (cooldown)
[SYNC-FORCE] reason=startup_execution_snapshot_missing local=1879 target=1879 (cooldown)
Validator heartbeat: A | reported_height=1879 | finalized_height=1879 | local_exec_epoch=1880
Validator heartbeat received: A | reported_height=1879 | finalized_height=1879 | local_exec_epoch=1880
Ã°Å¸â€œÂ¨ Consensus message from 12D3KooWD9ed8zJXbW8uUU6XHD2UYrsQQEvnuXReJWFeo52dvdf8: leader_block (size: 1170 bytes)
Ã°Å¸â€œÂ¦ Leader block received from 12D3KooWD9ed8zJXbW8uUU6XHD2UYrsQQEvnuXReJWFeo52dvdf8 | height=1880 proposer=C
[SET-COMMITMENT-APPLY] height=1880 source=chain_parent_commitment mode=legacy hash=d75b74ab
Ã°Å¸â€Å’ Consensus stream EOF from 12D3KooWD9ed8zJXbW8uUU6XHD2UYrsQQEvnuXReJWFeo52dvdf8
Ã°Å¸â€Å’ Consensus stream closed with 12D3KooWD9ed8zJXbW8uUU6XHD2UYrsQQEvnuXReJWFeo52dvdf8
Ã°Å¸â€œÂ¨ Consensus message from 12D3KooWD9ed8zJXbW8uUU6XHD2UYrsQQEvnuXReJWFeo52dvdf8: execution_result (size: 374 bytes)
Ã°Å¸â€Å’ Consensus stream EOF from 12D3KooWD9ed8zJXbW8uUU6XHD2UYrsQQEvnuXReJWFeo52dvdf8
Ã°Å¸â€Å’ Consensus stream closed with 12D3KooWD9ed8zJXbW8uUU6XHD2UYrsQQEvnuXReJWFeo52dvdf8
2026/05/18 00:45:11 [EXEC-PROPOSAL-SELECT] height=1880 reason=observed prev_round=0 prev_block= round=1 block=00c23272 voters=0 force=false
2026/05/18 00:45:11 [OK] goroutine pressure normalized: 216 (degrade mode off)
2026/05/18 00:45:12 [EXEC-BROADCAST-DEFER] validator=H height=1880 reason=validator_stake_required trigger=leader_block block=00c23272 prev=c158eeaf
[LEADER-BLOCK-REJECT] height=1880 round=1 reason=duplicate_proposal peer= proposer=C block=00c23272
[LEADER-BLOCK-REJECT] height=1880 round=1 reason=duplicate_proposal peer=12D3KooWD9ed8zJXbW8uUU6XHD2UYrsQQEvnuXReJWFeo52dvdf8 proposer=C block=00c23272
Ã°Å¸â€œÂ¨ Consensus message from 12D3KooWHdmUKc1bYKY3scg6TqGhK3SutwH9hu1aAez4VmvwkEyk: execution_result (size: 374 bytes)
Ã°Å¸â€Å’ Consensus stream EOF from 12D3KooWHdmUKc1bYKY3scg6TqGhK3SutwH9hu1aAez4VmvwkEyk
Ã°Å¸â€Å’ Consensus stream closed with 12D3KooWHdmUKc1bYKY3scg6TqGhK3SutwH9hu1aAez4VmvwkEyk
Ã°Å¸â€œÂ¨ Consensus message from 12D3KooWE7bMkbbpLoSHKB43JdTZm9zkgqvf1iCQdGAqFFBDa42W: execution_result (size: 374 bytes)
Ã°Å¸â€Å’ Consensus stream EOF from 12D3KooWE7bMkbbpLoSHKB43JdTZm9zkgqvf1iCQdGAqFFBDa42W
Ã°Å¸â€Å’ Consensus stream closed with 12D3KooWE7bMkbbpLoSHKB43JdTZm9zkgqvf1iCQdGAqFFBDa42W
Candidate heartbeat received: D | reported_height=1879 | finalized_height=1879 | local_exec_epoch=1880
[SYNC-FORCE] reason=startup_execution_snapshot_missing local=1879 target=1879 (cooldown)
Candidate heartbeat received: D | reported_height=1879 | finalized_height=1879 | local_exec_epoch=1880
[REGISTRY-COMMITMENT-CHECK] height=1880 required=true parent_unanchored=false source=chain_parent_commitment expected=9cd32df6 got=9cd32df6
Ã°Å¸â€œÂ¨ Consensus message from 12D3KooWPVKESWFG9sS8G6vjhfPn54kWuNFkkuHwG4yQXhYRcXjX: execution_result (size: 374 bytes)
Ã°Å¸â€Å’ Consensus stream EOF from 12D3KooWPVKESWFG9sS8G6vjhfPn54kWuNFkkuHwG4yQXhYRcXjX
Ã°Å¸â€Å’ Consensus stream closed with 12D3KooWPVKESWFG9sS8G6vjhfPn54kWuNFkkuHwG4yQXhYRcXjX
[EXEC-HASH] hint=1880 from=C exec=791e5380
Execution hash received: C @ epoch 1880
2026/05/18 00:45:13 [VOTE-ACCEPT] reason=recorded signer=C height=1880 round=1 vote_block=00c23272 current_block=00c23272 proposal=1880|1|00c23272e6567edb154d308391a315eae3f51200894d9ce976795e18c2f5a0e2||791e5380ab655506961de789312f53e15fd9459c32f750faa116b8b380fa58f4 exec=791e5380 tx_merkle= votes=1 required=3
[EXEC-POOL] epoch=1880 hash=791e5380 voters=1/4
[EXEC-QUORUM] epoch=1880 required=3 total=4 votes=1
[REGISTRY-COMMITMENT-CHECK] height=1880 required=true parent_unanchored=false source=chain_parent_commitment expected=9cd32df6 got=9cd32df6
2026/05/18 00:45:13 [VOTE-DROP] reason=replay_cache signer=C height=1880 round=1 vote_block=00c23272 current_block=00c23272 proposal=1880|1|00c23272e6567edb154d308391a315eae3f51200894d9ce976795e18c2f5a0e2||791e5380ab655506961de789312f53e15fd9459c32f750faa116b8b380fa58f4 exec=791e5380 tx_merkle=
[REGISTRY-COMMITMENT-CHECK] height=1880 required=true parent_unanchored=false source=chain_parent_commitment expected=9cd32df6 got=9cd32df6
Validator heartbeat: C | reported_height=1880 | finalized_height=1879 | local_exec_epoch=1881
Validator heartbeat: C | reported_height=1880 | finalized_height=1879 | local_exec_epoch=1881
[EXEC-HASH] hint=1880 from=B exec=791e5380
Execution hash received: B @ epoch 1880
Validator heartbeat received: C | reported_height=1880 | finalized_height=1879 | local_exec_epoch=1881
2026/05/18 00:45:13 [VOTE-ACCEPT] reason=recorded signer=B height=1880 round=1 vote_block=00c23272 current_block=00c23272 proposal=1880|1|00c23272e6567edb154d308391a315eae3f51200894d9ce976795e18c2f5a0e2||791e5380ab655506961de789312f53e15fd9459c32f750faa116b8b380fa58f4 exec=791e5380 tx_merkle= votes=2 required=3
[EXEC-POOL] epoch=1880 hash=791e5380 voters=2/4
[EXEC-QUORUM] epoch=1880 required=3 total=4 votes=2
Validator heartbeat received: C | reported_height=1880 | finalized_height=1879 | local_exec_epoch=1881
Ignoring exec hash from non-active validator D @ epoch 1880
2026/05/18 00:45:14 [VOTE-DROP] reason=non_active_validator signer=D height=1880 round=1 vote_block=00c23272 current_block= proposal= exec=791e5380 tx_merkle=
Ignoring exec hash from non-active validator D @ epoch 1880
2026/05/18 00:45:14 [VOTE-DROP] reason=non_active_validator signer=D height=1880 round=1 vote_block=00c23272 current_block= proposal= exec=791e5380 tx_merkle=
[REGISTRY-COMMITMENT-CHECK] height=1880 required=true parent_unanchored=false source=chain_parent_commitment expected=9cd32df6 got=9cd32df6
[EXEC-HASH] hint=1880 from=A exec=791e5380
Execution hash received: A @ epoch 1880
[SNAPSHOT-FETCH] height=1879 reason=resolver_tip_missing source=peers
2026/05/18 00:45:14 [VOTE-ACCEPT] reason=recorded signer=A height=1880 round=1 vote_block=00c23272 current_block=00c23272 proposal=1880|1|00c23272e6567edb154d308391a315eae3f51200894d9ce976795e18c2f5a0e2||791e5380ab655506961de789312f53e15fd9459c32f750faa116b8b380fa58f4 exec=791e5380 tx_merkle= votes=3 required=3
[EXEC-POOL] epoch=1880 hash=791e5380 voters=3/4
[EXEC-QUORUM] epoch=1880 required=3 total=4 votes=3
Execution quorum reached (hash=791e5380 votes=3/4)
2026/05/18 00:45:14 [EXEC-PRECOMMIT] height=1880 reason=quorum_precommit prev_round=0 prev_block= round=1 block=00c23272 votes=3 required=3
[REGISTRY-COMMITMENT-CHECK] height=1880 required=true parent_unanchored=false source=chain_parent_commitment expected=9cd32df6 got=9cd32df6
2026/05/18 00:45:14 [WARN] committed tip snapshot materialization failed height=1879 reason=startup err=create_snapshot_failed reason=startup err=create_snapshot_failed height=2 err=execution_snapshot_ledger_unavailable height=2
2026/05/18 00:45:14 [EXEC-COMMIT] height=1880 reason=precommit_quorum round=1 block=0f055d68 votes=3 required=3 precommits=3
Candidate heartbeat received: D | reported_height=1879 | finalized_height=1879 | local_exec_epoch=1880
[SNAPSHOT-QUORUM] waiting checkpoint=1856 votes=0/3 reason=snapshot_anchor_unreachable frozen=1879 candidate=0 target=1879 retries=0 proof_cache=false strict=map[]
[REGISTRY-COMMITMENT-CHECK] height=1880 required=true parent_unanchored=false source=chain_parent_commitment expected=9cd32df6 got=9cd32df6
[REGISTRY-PRECOMMIT] height=1880 source=committed_carry_forward header=9cd32df6 resolved=9cd32df6 validators=4
[SYNC-COMMIT-PHASE] node=H stage=idle provider= height=1880 local=1879 phase=process_block_begin
2026/05/18 00:45:15 [SNAPSHOT-FETCH] height=1879 reason=resolver_tip_missing source=peers status=failed err=validator_quorum: no quorum-reachable snapshot candidate
Candidate heartbeat received: D | reported_height=1879 | finalized_height=1879 | local_exec_epoch=1880
Validator heartbeat: B | reported_height=1879 | finalized_height=1879 | local_exec_epoch=1880
[SYNC-FORCE] reason=startup_execution_snapshot_missing local=1879 target=1879 (ignored stale target)
2026/05/18 00:45:15 [SNAPSHOT-MISSING] height=1879 reason=tip_snapshot_unavailable
Validator heartbeat: B | reported_height=1879 | finalized_height=1879 | local_exec_epoch=1880
2026/05/18 00:45:15 [REGISTRY-REPAIR] height=1880 source=committed_carry_forward from=1 validators=4
[SYNC-FORCE] reason=startup_execution_snapshot_missing local=1880 target=1879 (cooldown)
[SYNC-FORCE] reason=startup_execution_snapshot_missing local=1880 target=1879 (cooldown)
[COMMITTEE] height=1881 size=4 target=4 hash=34a93d19
[COMMITTEE] height=1881 size=4 target=4 hash=34a93d19
2026/05/18 00:45:16 [STARTUP-EXECUTION-SNAPSHOT] action=rebuild begin height=1880
Validator heartbeat received: B | reported_height=1879 | finalized_height=1879 | local_exec_epoch=1880
Validator heartbeat: B | reported_height=1880 | finalized_height=1880 | local_exec_epoch=1881
Validator heartbeat received: B | reported_height=1880 | finalized_height=1880 | local_exec_epoch=1881
Candidate heartbeat received: D | reported_height=1880 | finalized_height=1880 | local_exec_epoch=1881
[SYNC-CLEAR] reason=up_to_date local=1880 target=0
[SNAPSHOT-PROOF] height=1880 checkpoint=1856 validator=C votes=1 hash=c542c2b0
Validator heartbeat: A | reported_height=1880 | finalized_height=1879 | local_exec_epoch=1881
Validator heartbeat received: A | reported_height=1880 | finalized_height=1879 | local_exec_epoch=1881
Validator heartbeat: C | reported_height=1880 | finalized_height=1880 | local_exec_epoch=1881
[SET-FREEZE] height=1881 vhash=34a93d19 size=4
Validator heartbeat received: B | reported_height=1879 | finalized_height=1879 | local_exec_epoch=1880
Validator heartbeat: B | reported_height=1880 | finalized_height=1880 | local_exec_epoch=1881
Validator heartbeat received: C | reported_height=1880 | finalized_height=1880 | local_exec_epoch=1881
Validator heartbeat received: B | reported_height=1880 | finalized_height=1880 | local_exec_epoch=1881
Candidate heartbeat received: D | reported_height=1880 | finalized_height=1880 | local_exec_epoch=1881
Validator heartbeat: A | reported_height=1880 | finalized_height=1879 | local_exec_epoch=1881
Validator heartbeat received: A | reported_height=1880 | finalized_height=1879 | local_exec_epoch=1881
Validator heartbeat: C | reported_height=1880 | finalized_height=1880 | local_exec_epoch=1881
Validator heartbeat received: C | reported_height=1880 | finalized_height=1880 | local_exec_epoch=1881
[SYNC-COMMIT-PHASE] node=H stage=idle provider= height=1880 local=1880 phase=process_block_committed
[SNAPSHOT-FETCH] height=1879 reason=resolver_tip_missing source=peers
[SNAPSHOT-FETCH] height=1880 reason=resolver_tip_missing source=peers
2026/05/18 00:45:19 [STARTUP-EXECUTION-SNAPSHOT] action=rebuild status=failed height=1880 err=create_snapshot_failed height=2 err=execution_snapshot_ledger_unavailable height=2
[SYNC-FORCE] reason=startup_execution_snapshot_missing local=1880 target=1880 (cooldown)
2026/05/18 00:45:19 [WARN] committed tip snapshot materialization failed height=1880 reason=resolver_tip_missing err=create_snapshot_failed reason=resolver_tip_missing err=create_snapshot_failed height=2 err=execution_snapshot_ledger_unavailable height=2
2026/05/18 00:45:19 [SNAPSHOT-MISSING] height=1880 reason=tip_snapshot_unavailable
[SNAPSHOT-PROVIDERS] 12D3KooW(rep=0.50,class=degraded) 12D3KooW(rep=0.50,class=degraded) 12D3KooW(rep=0.50,class=degraded) 12D3KooW(rep=0.50,class=degraded)
Ã°Å¸â€œÂ¨ Consensus message from 12D3KooWD9ed8zJXbW8uUU6XHD2UYrsQQEvnuXReJWFeo52dvdf8: leader_block (size: 1170 bytes)
Ã°Å¸â€œÂ¦ Leader block received from 12D3KooWD9ed8zJXbW8uUU6XHD2UYrsQQEvnuXReJWFeo52dvdf8 | height=1881 proposer=C
Ã°Å¸â€Å’ Consensus stream EOF from 12D3KooWD9ed8zJXbW8uUU6XHD2UYrsQQEvnuXReJWFeo52dvdf8
Ã°Å¸â€Å’ Consensus stream closed with 12D3KooWD9ed8zJXbW8uUU6XHD2UYrsQQEvnuXReJWFeo52dvdf8
Validator heartbeat: A | reported_height=1880 | finalized_height=1880 | local_exec_epoch=1881
Ã°Å¸â€œÂ¨ Consensus message from 12D3KooWD9ed8zJXbW8uUU6XHD2UYrsQQEvnuXReJWFeo52dvdf8: execution_result (size: 359 bytes)
Ã°Å¸â€Å’ Consensus stream EOF from 12D3KooWD9ed8zJXbW8uUU6XHD2UYrsQQEvnuXReJWFeo52dvdf8
Ã°Å¸â€Å’ Consensus stream closed with 12D3KooWD9ed8zJXbW8uUU6XHD2UYrsQQEvnuXReJWFeo52dvdf8
Validator heartbeat: A | reported_height=1880 | finalized_height=1880 | local_exec_epoch=1881
[SNAPSHOT-PROOF] height=1880 checkpoint=1856 validator=B votes=2 hash=c542c2b0
[SNAPSHOT-PROVIDERS] 12D3KooW(rep=0.50,class=degraded) 12D3KooW(rep=0.50,class=degraded) 12D3KooW(rep=0.50,class=degraded) 12D3KooW(rep=0.50,class=degraded)
Validator heartbeat received: A | reported_height=1880 | finalized_height=1880 | local_exec_epoch=1881
Validator heartbeat received: A | reported_height=1880 | finalized_height=1880 | local_exec_epoch=1881
[SNAPSHOT-PUBLISH] trigger=validator_heartbeat height=1880 reason=adaptive_validator_heartbeat_sync_lag validator=H hash=c542c2b0
Ã°Å¸â€œÂ¨ Consensus message from 12D3KooWD9ed8zJXbW8uUU6XHD2UYrsQQEvnuXReJWFeo52dvdf8: leader_block (size: 1170 bytes)
Ã°Å¸â€œÂ¦ Leader block received from 12D3KooWD9ed8zJXbW8uUU6XHD2UYrsQQEvnuXReJWFeo52dvdf8 | height=1881 proposer=C
Ã°Å¸â€Å’ Consensus stream EOF from 12D3KooWD9ed8zJXbW8uUU6XHD2UYrsQQEvnuXReJWFeo52dvdf8
Ã°Å¸â€Å’ Consensus stream closed with 12D3KooWD9ed8zJXbW8uUU6XHD2UYrsQQEvnuXReJWFeo52dvdf8
[SNAPSHOT-PROOF] height=1880 checkpoint=1856 validator=D votes=4 hash=c542c2b0
Validator heartbeat: B | reported_height=1880 | finalized_height=1880 | local_exec_epoch=1881
Validator heartbeat: B | reported_height=1880 | finalized_height=1880 | local_exec_epoch=1881
Validator heartbeat received: B | reported_height=1880 | finalized_height=1880 | local_exec_epoch=1881
Validator heartbeat received: B | reported_height=1880 | finalized_height=1880 | local_exec_epoch=1881
[SNAPSHOT-PROOF] height=1880 checkpoint=1856 validator=A votes=5 hash=c542c2b0
Ã°Å¸â€œÂ¨ Consensus message from 12D3KooWPVKESWFG9sS8G6vjhfPn54kWuNFkkuHwG4yQXhYRcXjX: execution_result (size: 359 bytes)
Ã°Å¸â€Å’ Consensus stream EOF from 12D3KooWPVKESWFG9sS8G6vjhfPn54kWuNFkkuHwG4yQXhYRcXjX
Ã°Å¸â€Å’ Consensus stream closed with 12D3KooWPVKESWFG9sS8G6vjhfPn54kWuNFkkuHwG4yQXhYRcXjX
2026/05/18 00:45:21 [SYNC-FALLBACK] relaxed_snapshot_proof=enabled reason=snapshot_anchor_unreachable
[SNAPSHOT-QUORUM] waiting checkpoint=1856 votes=0/3 reason=snapshot_anchor_unreachable frozen=1879 candidate=0 target=1879 retries=1 proof_cache=false strict=map[checkpoint_proof_invalid:3 meta_below_min_height:1 snapshot_anchor_unreachable:1]
2026/05/18 00:45:21 [SNAPSHOT-FETCH] height=1879 reason=resolver_tip_missing source=peers status=failed err=validator_quorum: no quorum-reachable snapshot candidate
2026/05/18 00:45:21 [WARN] committed tip snapshot materialization failed height=1879 reason=resolver_tip_missing err=create_snapshot_failed reason=resolver_tip_missing err=create_snapshot_failed height=2 err=execution_snapshot_ledger_unavailable height=2
2026/05/18 00:45:21 [SNAPSHOT-MISSING] height=1879 reason=tip_snapshot_unavailable
2026/05/18 00:45:21 [SYNC-PIPELINE] stage=block_catchup
Ã°Å¸â€œÂ¨ Consensus message from 12D3KooWHdmUKc1bYKY3scg6TqGhK3SutwH9hu1aAez4VmvwkEyk: execution_result (size: 359 bytes)
Ã°Å¸â€Å’ Consensus stream EOF from 12D3KooWHdmUKc1bYKY3scg6TqGhK3SutwH9hu1aAez4VmvwkEyk
Ã°Å¸â€Å’ Consensus stream closed with 12D3KooWHdmUKc1bYKY3scg6TqGhK3SutwH9hu1aAez4VmvwkEyk
Validator heartbeat: A | reported_height=1881 | finalized_height=1881 | local_exec_epoch=1882
[CONSENSUS] height=1880 vhash=d75b74ab validators=4
Validator heartbeat: A | reported_height=1881 | finalized_height=1881 | local_exec_epoch=1882
Validator heartbeat received: A | reported_height=1881 | finalized_height=1881 | local_exec_epoch=1882
[SYNC-OBSERVED] reason=status_tick local=1880 target=1881 votes=1 required=3
Validator heartbeat received: A | reported_height=1881 | finalized_height=1881 | local_exec_epoch=1882
Validator heartbeat: C | reported_height=1881 | finalized_height=1880 | local_exec_epoch=1882
Validator heartbeat: C | reported_height=1881 | finalized_height=1880 | local_exec_epoch=1882
2026/05/18 00:45:21 [SYNC-FALLBACK] relaxed_snapshot_proof=disabled
Validator heartbeat received: C | reported_height=1881 | finalized_height=1880 | local_exec_epoch=1882
Validator heartbeat received: C | reported_height=1881 | finalized_height=1880 | local_exec_epoch=1882
[SYNC] reason=status_tick_snapshot_policy_fallback local=1880 target=1881 votes=1 required=3 stage=direct_gossip action=block_range_fetch
[SYNC-REQUEST-START] peer=12D3KooW range=1881-1881 snapshot=false snapshot_height=0 timeout_ms=15000
[SYNC-REQUEST-OPEN] peer=12D3KooW range=1881-1881
[SYNC-REQUEST-OPEN-OK] peer=12D3KooW range=1881-1881 duration_ms=1
[SYNC-REQUEST-ENCODE] peer=12D3KooW range=1881-1881
[SYNC-REQUEST-ENCODE-OK] peer=12D3KooW range=1881-1881 duration_ms=5
[SYNC-REQUEST-DECODE] peer=12D3KooW range=1881-1881
[SYNC-REQUEST-START] peer=12D3KooW range=1881-1881 snapshot=false snapshot_height=0 timeout_ms=15000
[SYNC-REQUEST-OPEN] peer=12D3KooW range=1881-1881
[SYNC-REQUEST-OPEN-OK] peer=12D3KooW range=1881-1881 duration_ms=5
[SYNC-REQUEST-ENCODE] peer=12D3KooW range=1881-1881
[SYNC-REQUEST-ENCODE-OK] peer=12D3KooW range=1881-1881 duration_ms=2
[SYNC-REQUEST-DECODE] peer=12D3KooW range=1881-1881
Validator heartbeat: C | reported_height=1881 | finalized_height=1881 | local_exec_epoch=1882
Validator heartbeat: C | reported_height=1881 | finalized_height=1881 | local_exec_epoch=1882
Validator heartbeat received: C | reported_height=1881 | finalized_height=1881 | local_exec_epoch=1882
Validator heartbeat received: C | reported_height=1881 | finalized_height=1881 | local_exec_epoch=1882
[SYNC-REQUEST-RESULT] peer=12D3KooW range=1881-1881 count=1 snapshot=false duration_ms=31
Validator heartbeat: B | reported_height=1881 | finalized_height=1880 | local_exec_epoch=1882
Validator heartbeat: B | reported_height=1881 | finalized_height=1880 | local_exec_epoch=1882
Validator heartbeat received: B | reported_height=1881 | finalized_height=1880 | local_exec_epoch=1882
Validator heartbeat received: B | reported_height=1881 | finalized_height=1880 | local_exec_epoch=1882
[SYNC-REQUEST-RESULT] peer=12D3KooW range=1881-1881 count=1 snapshot=false duration_ms=221
[SYNC-LEADER-FALLBACK] height=1881 source=execution_result_quorum validators=4 hash=d75b74ab
[SYNC-LEADER-FALLBACK] height=1881 source=execution_result_quorum validators=4 hash=d75b74ab
[REGISTRY-COMMITMENT-CHECK] height=1881 required=true parent_unanchored=false source=chain_parent_commitment expected=9cd32df6 got=9cd32df6
[REGISTRY-PRECOMMIT] height=1881 source=committed_carry_forward header=9cd32df6 resolved=9cd32df6 validators=4
[SYNC-COMMIT-PHASE] node=H stage=direct_gossip provider=12D3KooW height=1881 local=1880 phase=process_block_begin
[EMISSION] h=1880 reward=2 treasury=1 validators=1 burn=0 applied_burn=0 chance_bps=10000
[SYNC-COMMIT-PHASE] node=H stage=direct_gossip provider=12D3KooW height=1881 local=1881 phase=process_block_committed
Validator heartbeat: B | reported_height=1881 | finalized_height=1881 | local_exec_epoch=1882
Validator heartbeat: B | reported_height=1881 | finalized_height=1881 | local_exec_epoch=1882
2026/05/18 00:45:22 [REGISTRY-REPAIR] height=1881 source=committed_carry_forward from=2 validators=4
Validator heartbeat received: B | reported_height=1881 | finalized_height=1881 | local_exec_epoch=1882
[SNAPSHOT-PUBLISH] deferred height=1881 reason=auto_publish_interval_10
Validator heartbeat received: B | reported_height=1881 | finalized_height=1881 | local_exec_epoch=1882
Candidate heartbeat received: D | reported_height=1881 | finalized_height=1880 | local_exec_epoch=1882
Candidate heartbeat received: D | reported_height=1881 | finalized_height=1880 | local_exec_epoch=1882
Ã°Å¸â€œÂ¨ Consensus message from 12D3KooWHdmUKc1bYKY3scg6TqGhK3SutwH9hu1aAez4VmvwkEyk: leader_block (size: 1170 bytes)
Ã°Å¸â€œÂ¦ Leader block received from 12D3KooWHdmUKc1bYKY3scg6TqGhK3SutwH9hu1aAez4VmvwkEyk | height=1882 proposer=B
Ã°Å¸â€Å’ Consensus stream EOF from 12D3KooWHdmUKc1bYKY3scg6TqGhK3SutwH9hu1aAez4VmvwkEyk
Ã°Å¸â€Å’ Consensus stream closed with 12D3KooWHdmUKc1bYKY3scg6TqGhK3SutwH9hu1aAez4VmvwkEyk
Ã°Å¸â€œÂ¨ Consensus message from 12D3KooWD9ed8zJXbW8uUU6XHD2UYrsQQEvnuXReJWFeo52dvdf8: execution_result (size: 359 bytes)
Ã°Å¸â€Å’ Consensus stream EOF from 12D3KooWD9ed8zJXbW8uUU6XHD2UYrsQQEvnuXReJWFeo52dvdf8
Ã°Å¸â€Å’ Consensus stream closed with 12D3KooWD9ed8zJXbW8uUU6XHD2UYrsQQEvnuXReJWFeo52dvdf8
Ã°Å¸â€œÂ¨ Consensus message from 12D3KooWPVKESWFG9sS8G6vjhfPn54kWuNFkkuHwG4yQXhYRcXjX: execution_result (size: 359 bytes)
Ã°Å¸â€Å’ Consensus stream EOF from 12D3KooWPVKESWFG9sS8G6vjhfPn54kWuNFkkuHwG4yQXhYRcXjX
Ã°Å¸â€Å’ Consensus stream closed with 12D3KooWPVKESWFG9sS8G6vjhfPn54kWuNFkkuHwG4yQXhYRcXjX
Ã°Å¸â€œÂ¨ Consensus message from 12D3KooWHdmUKc1bYKY3scg6TqGhK3SutwH9hu1aAez4VmvwkEyk: execution_result (size: 359 bytes)
Ã°Å¸â€Å’ Consensus stream EOF from 12D3KooWHdmUKc1bYKY3scg6TqGhK3SutwH9hu1aAez4VmvwkEyk
Ã°Å¸â€Å’ Consensus stream closed with 12D3KooWHdmUKc1bYKY3scg6TqGhK3SutwH9hu1aAez4VmvwkEyk
Validator heartbeat: A | reported_height=1882 | finalized_height=1882 | local_exec_epoch=1883
Validator heartbeat: A | reported_height=1882 | finalized_height=1882 | local_exec_epoch=1883
Validator heartbeat received: A | reported_height=1882 | finalized_height=1882 | local_exec_epoch=1883
Validator heartbeat received: A | reported_height=1882 | finalized_height=1882 | local_exec_epoch=1883
Validator heartbeat: C | reported_height=1882 | finalized_height=1882 | local_exec_epoch=1883
Validator heartbeat: C | reported_height=1882 | finalized_height=1882 | local_exec_epoch=1883
Ã°Å¸â€œÂ¨ Consensus message from 12D3KooWHdmUKc1bYKY3scg6TqGhK3SutwH9hu1aAez4VmvwkEyk: leader_block (size: 1170 bytes)
Ã°Å¸â€œÂ¦ Leader block received from 12D3KooWHdmUKc1bYKY3scg6TqGhK3SutwH9hu1aAez4VmvwkEyk | height=1882 proposer=B
Ã°Å¸â€Å’ Consensus stream EOF from 12D3KooWHdmUKc1bYKY3scg6TqGhK3SutwH9hu1aAez4VmvwkEyk
Ã°Å¸â€Å’ Consensus stream closed with 12D3KooWHdmUKc1bYKY3scg6TqGhK3SutwH9hu1aAez4VmvwkEyk
Validator heartbeat received: C | reported_height=1882 | finalized_height=1882 | local_exec_epoch=1883
Validator heartbeat received: C | reported_height=1882 | finalized_height=1882 | local_exec_epoch=1883
Validator heartbeat: B | reported_height=1882 | finalized_height=1882 | local_exec_epoch=1883
Validator heartbeat: B | reported_height=1882 | finalized_height=1882 | local_exec_epoch=1883
Validator heartbeat received: B | reported_height=1882 | finalized_height=1882 | local_exec_epoch=1883
Validator heartbeat received: B | reported_height=1882 | finalized_height=1882 | local_exec_epoch=1883
2026/05/18 00:45:25 [SYNC-PIPELINE] stage=block_catchup
Ã°Å¸â€œÂ¨ Consensus message from 12D3KooWPVKESWFG9sS8G6vjhfPn54kWuNFkkuHwG4yQXhYRcXjX: leader_block (size: 1170 bytes)
Ã°Å¸â€œÂ¦ Leader block received from 12D3KooWPVKESWFG9sS8G6vjhfPn54kWuNFkkuHwG4yQXhYRcXjX | height=1883 proposer=A
Ã°Å¸â€Å’ Consensus stream EOF from 12D3KooWPVKESWFG9sS8G6vjhfPn54kWuNFkkuHwG4yQXhYRcXjX
Ã°Å¸â€Å’ Consensus stream closed with 12D3KooWPVKESWFG9sS8G6vjhfPn54kWuNFkkuHwG4yQXhYRcXjX
Ã°Å¸â€œÂ¨ Consensus message from 12D3KooWPVKESWFG9sS8G6vjhfPn54kWuNFkkuHwG4yQXhYRcXjX: execution_result (size: 359 bytes)
Ã°Å¸â€Å’ Consensus stream EOF from 12D3KooWPVKESWFG9sS8G6vjhfPn54kWuNFkkuHwG4yQXhYRcXjX
Ã°Å¸â€Å’ Consensus stream closed with 12D3KooWPVKESWFG9sS8G6vjhfPn54kWuNFkkuHwG4yQXhYRcXjX
Ã°Å¸â€œÂ¨ Consensus message from 12D3KooWHdmUKc1bYKY3scg6TqGhK3SutwH9hu1aAez4VmvwkEyk: execution_result (size: 359 bytes)
Ã°Å¸â€Å’ Consensus stream EOF from 12D3KooWHdmUKc1bYKY3scg6TqGhK3SutwH9hu1aAez4VmvwkEyk
Ã°Å¸â€Å’ Consensus stream closed with 12D3KooWHdmUKc1bYKY3scg6TqGhK3SutwH9hu1aAez4VmvwkEyk
Ã°Å¸â€œÂ¨ Consensus message from 12D3KooWPVKESWFG9sS8G6vjhfPn54kWuNFkkuHwG4yQXhYRcXjX: leader_block (size: 1170 bytes)
Ã°Å¸â€œÂ¦ Leader block received from 12D3KooWPVKESWFG9sS8G6vjhfPn54kWuNFkkuHwG4yQXhYRcXjX | height=1883 proposer=A
Ã°Å¸â€Å’ Consensus stream EOF from 12D3KooWPVKESWFG9sS8G6vjhfPn54kWuNFkkuHwG4yQXhYRcXjX
Ã°Å¸â€Å’ Consensus stream closed with 12D3KooWPVKESWFG9sS8G6vjhfPn54kWuNFkkuHwG4yQXhYRcXjX
Ã°Å¸â€œÂ¨ Consensus message from 12D3KooWPVKESWFG9sS8G6vjhfPn54kWuNFkkuHwG4yQXhYRcXjX: leader_block (size: 1170 bytes)
Ã°Å¸â€œÂ¦ Leader block received from 12D3KooWPVKESWFG9sS8G6vjhfPn54kWuNFkkuHwG4yQXhYRcXjX | height=1883 proposer=A
Ã°Å¸â€Å’ Consensus stream EOF from 12D3KooWPVKESWFG9sS8G6vjhfPn54kWuNFkkuHwG4yQXhYRcXjX
Ã°Å¸â€Å’ Consensus stream closed with 12D3KooWPVKESWFG9sS8G6vjhfPn54kWuNFkkuHwG4yQXhYRcXjX
Ã°Å¸â€œÂ¨ Consensus message from 12D3KooWD9ed8zJXbW8uUU6XHD2UYrsQQEvnuXReJWFeo52dvdf8: execution_result (size: 359 bytes)
Ã°Å¸â€Å’ Consensus stream EOF from 12D3KooWD9ed8zJXbW8uUU6XHD2UYrsQQEvnuXReJWFeo52dvdf8
Ã°Å¸â€Å’ Consensus stream closed with 12D3KooWD9ed8zJXbW8uUU6XHD2UYrsQQEvnuXReJWFeo52dvdf8
[SNAPSHOT-PROOF] height=1730 checkpoint=1728 validator=G votes=1 hash=67fc4e40
2026/05/18 00:45:27 [REGISTRY-PENDING] height=1882 chain_tip=1881 reason=future_block
[SET-PENDING] height=1883 chain_height=1881 reason=future_height
Validator heartbeat: B | reported_height=1883 | finalized_height=1883 | local_exec_epoch=1884
Validator heartbeat: B | reported_height=1883 | finalized_height=1883 | local_exec_epoch=1884
Validator heartbeat received: B | reported_height=1883 | finalized_height=1883 | local_exec_epoch=1884
[SNAPSHOT-PUBLISH] deferred height=1881 reason=auto_publish_interval_10
Validator heartbeat received: B | reported_height=1883 | finalized_height=1883 | local_exec_epoch=1884
Validator heartbeat: A | reported_height=1883 | finalized_height=1883 | local_exec_epoch=1884
Validator heartbeat: A | reported_height=1883 | finalized_height=1883 | local_exec_epoch=1884
Validator heartbeat received: A | reported_height=1883 | finalized_height=1883 | local_exec_epoch=1884
Validator heartbeat received: A | reported_height=1883 | finalized_height=1883 | local_exec_epoch=1884
Validator heartbeat: A | reported_height=1883 | finalized_height=1883 | local_exec_epoch=1884
Validator heartbeat: A | reported_height=1883 | finalized_height=1883 | local_exec_epoch=1884
Validator heartbeat received: A | reported_height=1883 | finalized_height=1883 | local_exec_epoch=1884
Validator heartbeat received: A | reported_height=1883 | finalized_height=1883 | local_exec_epoch=1884
Validator heartbeat: C | reported_height=1883 | finalized_height=1883 | local_exec_epoch=1884
Validator heartbeat: C | reported_height=1883 | finalized_height=1883 | local_exec_epoch=1884
Attempting to connect to 9 peers
Validator heartbeat received: C | reported_height=1883 | finalized_height=1883 | local_exec_epoch=1884
Validator heartbeat received: C | reported_height=1883 | finalized_height=1883 | local_exec_epoch=1884
Validator heartbeat: C | reported_height=1883 | finalized_height=1883 | local_exec_epoch=1884
Validator heartbeat: C | reported_height=1883 | finalized_height=1883 | local_exec_epoch=1884
Validator heartbeat received: C | reported_height=1883 | finalized_height=1883 | local_exec_epoch=1884
Validator heartbeat received: C | reported_height=1883 | finalized_height=1883 | local_exec_epoch=1884
Ã°Å¸â€œÂ¨ Consensus message from 12D3KooWD9ed8zJXbW8uUU6XHD2UYrsQQEvnuXReJWFeo52dvdf8: leader_block (size: 1170 bytes)
Ã°Å¸â€œÂ¦ Leader block received from 12D3KooWD9ed8zJXbW8uUU6XHD2UYrsQQEvnuXReJWFeo52dvdf8 | height=1884 proposer=C
Ã°Å¸â€Å’ Consensus stream EOF from 12D3KooWD9ed8zJXbW8uUU6XHD2UYrsQQEvnuXReJWFeo52dvdf8
Ã°Å¸â€Å’ Consensus stream closed with 12D3KooWD9ed8zJXbW8uUU6XHD2UYrsQQEvnuXReJWFeo52dvdf8
Ã°Å¸â€œÂ¨ Consensus message from 12D3KooWD9ed8zJXbW8uUU6XHD2UYrsQQEvnuXReJWFeo52dvdf8: execution_result (size: 359 bytes)
Ã°Å¸â€Å’ Consensus stream EOF from 12D3KooWD9ed8zJXbW8uUU6XHD2UYrsQQEvnuXReJWFeo52dvdf8
Ã°Å¸â€Å’ Consensus stream closed with 12D3KooWD9ed8zJXbW8uUU6XHD2UYrsQQEvnuXReJWFeo52dvdf8
Ã°Å¸â€œÂ¨ Consensus message from 12D3KooWHdmUKc1bYKY3scg6TqGhK3SutwH9hu1aAez4VmvwkEyk: execution_result (size: 359 bytes)
Ã°Å¸â€Å’ Consensus stream EOF from 12D3KooWHdmUKc1bYKY3scg6TqGhK3SutwH9hu1aAez4VmvwkEyk
Ã°Å¸â€Å’ Consensus stream closed with 12D3KooWHdmUKc1bYKY3scg6TqGhK3SutwH9hu1aAez4VmvwkEyk
Ã°Å¸â€œÂ¨ Consensus message from 12D3KooWPVKESWFG9sS8G6vjhfPn54kWuNFkkuHwG4yQXhYRcXjX: execution_result (size: 359 bytes)
Ã°Å¸â€Å’ Consensus stream EOF from 12D3KooWPVKESWFG9sS8G6vjhfPn54kWuNFkkuHwG4yQXhYRcXjX
Ã°Å¸â€Å’ Consensus stream closed with 12D3KooWPVKESWFG9sS8G6vjhfPn54kWuNFkkuHwG4yQXhYRcXjX
2026/05/18 00:45:33 [REGISTRY-PENDING] height=1883 chain_tip=1881 reason=future_block
[REGISTRY-PENDING] height=1883 chain_height=1881 reason=future_parent
[SET-PENDING] height=1884 chain_height=1881 reason=future_height
2026/05/18 00:45:33 [REGISTRY-HISTORY-REBUILD] height=1883 status=scheduled reason=registry_snapshot_missing
2026/05/18 00:45:33 [REGISTRY-PENDING] height=1882 chain_tip=1881 reason=future_block
2026/05/18 00:45:33 [REGISTRY-HISTORY-REBUILD] height=1883 status=started reason=registry_snapshot_missing
2026/05/18 00:45:33 [REGISTRY-HISTORY-REBUILD] height=1883 status=failed reason=registry_snapshot_missing
[SET-PENDING] height=1883 chain_height=1881 reason=future_height
2026/05/18 00:45:33 [REGISTRY-PENDING] height=1884 chain_tip=1881 reason=future_block
[REGISTRY-PENDING] height=1884 chain_height=1881 reason=future_parent
[SET-PENDING] height=1885 chain_height=1881 reason=future_height
Validator heartbeat: A | reported_height=1884 | finalized_height=1884 | local_exec_epoch=1885
Validator heartbeat: A | reported_height=1884 | finalized_height=1884 | local_exec_epoch=1885
Validator heartbeat received: A | reported_height=1884 | finalized_height=1884 | local_exec_epoch=1885
[SNAPSHOT-PUBLISH] deferred height=1881 reason=auto_publish_interval_10
Validator heartbeat received: A | reported_height=1884 | finalized_height=1884 | local_exec_epoch=1885
Validator heartbeat: B | reported_height=1884 | finalized_height=1884 | local_exec_epoch=1885
Validator heartbeat: B | reported_height=1884 | finalized_height=1884 | local_exec_epoch=1885
Validator heartbeat received: B | reported_height=1884 | finalized_height=1884 | local_exec_epoch=1885
Validator heartbeat received: B | reported_height=1884 | finalized_height=1884 | local_exec_epoch=1885
Ã°Å¸â€œÂ¨ Consensus message from 12D3KooWD9ed8zJXbW8uUU6XHD2UYrsQQEvnuXReJWFeo52dvdf8: leader_block (size: 1170 bytes)
Ã°Å¸â€œÂ¦ Leader block received from 12D3KooWD9ed8zJXbW8uUU6XHD2UYrsQQEvnuXReJWFeo52dvdf8 | height=1884 proposer=C
Ã°Å¸â€Å’ Consensus stream EOF from 12D3KooWD9ed8zJXbW8uUU6XHD2UYrsQQEvnuXReJWFeo52dvdf8
Ã°Å¸â€Å’ Consensus stream closed with 12D3KooWD9ed8zJXbW8uUU6XHD2UYrsQQEvnuXReJWFeo52dvdf8
Candidate heartbeat received: D | reported_height=1881 | finalized_height=1880 | local_exec_epoch=1882
Candidate heartbeat received: D | reported_height=1881 | finalized_height=1880 | local_exec_epoch=1882
Validator heartbeat: C | reported_height=1884 | finalized_height=1884 | local_exec_epoch=1885
Validator heartbeat: C | reported_height=1884 | finalized_height=1884 | local_exec_epoch=1885
2026/05/18 00:45:38 [REGISTRY-PENDING] height=1883 chain_tip=1881 reason=future_block
[REGISTRY-PENDING] height=1883 chain_height=1881 reason=future_parent
2026/05/18 00:45:38 [REGISTRY-HISTORY-REBUILD] height=1883 status=scheduled reason=registry_snapshot_missing
[SET-PENDING] height=1884 chain_height=1881 reason=future_height
2026/05/18 00:45:38 [REGISTRY-PENDING] height=1882 chain_tip=1881 reason=future_block
[SET-PENDING] height=1883 chain_height=1881 reason=future_height
2026/05/18 00:45:38 [REGISTRY-PENDING] height=1884 chain_tip=1881 reason=future_block
[REGISTRY-PENDING] height=1884 chain_height=1881 reason=future_parent
[SET-PENDING] height=1885 chain_height=1881 reason=future_height
Validator heartbeat received: C | reported_height=1884 | finalized_height=1884 | local_exec_epoch=1885
Validator heartbeat received: C | reported_height=1884 | finalized_height=1884 | local_exec_epoch=1885
Ã°Å¸â€œÂ¨ Consensus message from 12D3KooWD9ed8zJXbW8uUU6XHD2UYrsQQEvnuXReJWFeo52dvdf8: leader_block (size: 1170 bytes)
Ã°Å¸â€œÂ¦ Leader block received from 12D3KooWD9ed8zJXbW8uUU6XHD2UYrsQQEvnuXReJWFeo52dvdf8 | height=1885 proposer=C
Ã°Å¸â€Å’ Consensus stream EOF from 12D3KooWD9ed8zJXbW8uUU6XHD2UYrsQQEvnuXReJWFeo52dvdf8
Ã°Å¸â€Å’ Consensus stream closed with 12D3KooWD9ed8zJXbW8uUU6XHD2UYrsQQEvnuXReJWFeo52dvdf8
Ã°Å¸â€œÂ¨ Consensus message from 12D3KooWPVKESWFG9sS8G6vjhfPn54kWuNFkkuHwG4yQXhYRcXjX: execution_result (size: 359 bytes)
Ã°Å¸â€Å’ Consensus stream EOF from 12D3KooWPVKESWFG9sS8G6vjhfPn54kWuNFkkuHwG4yQXhYRcXjX
Ã°Å¸â€Å’ Consensus stream closed with 12D3KooWPVKESWFG9sS8G6vjhfPn54kWuNFkkuHwG4yQXhYRcXjX
Ã°Å¸â€œÂ¨ Consensus message from 12D3KooWD9ed8zJXbW8uUU6XHD2UYrsQQEvnuXReJWFeo52dvdf8: execution_result (size: 359 bytes)
Ã°Å¸â€œÂ¨ Consensus message from 12D3KooWHdmUKc1bYKY3scg6TqGhK3SutwH9hu1aAez4VmvwkEyk: execution_result (size: 359 bytes)
Ã°Å¸â€Å’ Consensus stream EOF from 12D3KooWD9ed8zJXbW8uUU6XHD2UYrsQQEvnuXReJWFeo52dvdf8
Ã°Å¸â€Å’ Consensus stream closed with 12D3KooWD9ed8zJXbW8uUU6XHD2UYrsQQEvnuXReJWFeo52dvdf8
Ã°Å¸â€Å’ Consensus stream EOF from 12D3KooWHdmUKc1bYKY3scg6TqGhK3SutwH9hu1aAez4VmvwkEyk
Ã°Å¸â€Å’ Consensus stream closed with 12D3KooWHdmUKc1bYKY3scg6TqGhK3SutwH9hu1aAez4VmvwkEyk
2026/05/18 00:45:39 [REGISTRY-PENDING] height=1885 chain_tip=1881 reason=future_block
[REGISTRY-PENDING] height=1885 chain_height=1881 reason=future_parent
[SET-PENDING] height=1886 chain_height=1881 reason=future_height
Validator heartbeat: A | reported_height=1885 | finalized_height=1885 | local_exec_epoch=1886
Validator heartbeat: A | reported_height=1885 | finalized_height=1885 | local_exec_epoch=1886
Validator heartbeat received: A | reported_height=1885 | finalized_height=1885 | local_exec_epoch=1886
[SNAPSHOT-PUBLISH] deferred height=1881 reason=auto_publish_interval_10
Validator heartbeat: B | reported_height=1885 | finalized_height=1885 | local_exec_epoch=1886
Validator heartbeat received: A | reported_height=1885 | finalized_height=1885 | local_exec_epoch=1886
Ã°Å¸â€œÂ¨ Consensus message from 12D3KooWHdmUKc1bYKY3scg6TqGhK3SutwH9hu1aAez4VmvwkEyk: leader_block (size: 1170 bytes)
Ã°Å¸â€œÂ¦ Leader block received from 12D3KooWHdmUKc1bYKY3scg6TqGhK3SutwH9hu1aAez4VmvwkEyk | height=1886 proposer=B
Ã°Å¸â€Å’ Consensus stream EOF from 12D3KooWHdmUKc1bYKY3scg6TqGhK3SutwH9hu1aAez4VmvwkEyk
Ã°Å¸â€Å’ Consensus stream closed with 12D3KooWHdmUKc1bYKY3scg6TqGhK3SutwH9hu1aAez4VmvwkEyk
Ã°Å¸â€œÂ¨ Consensus message from 12D3KooWHdmUKc1bYKY3scg6TqGhK3SutwH9hu1aAez4VmvwkEyk: execution_result (size: 359 bytes)
Ã°Å¸â€Å’ Consensus stream EOF from 12D3KooWHdmUKc1bYKY3scg6TqGhK3SutwH9hu1aAez4VmvwkEyk
Ã°Å¸â€Å’ Consensus stream closed with 12D3KooWHdmUKc1bYKY3scg6TqGhK3SutwH9hu1aAez4VmvwkEyk
Validator heartbeat: B | reported_height=1885 | finalized_height=1885 | local_exec_epoch=1886
Ã°Å¸â€œÂ¨ Consensus message from 12D3KooWD9ed8zJXbW8uUU6XHD2UYrsQQEvnuXReJWFeo52dvdf8: leader_block (size: 1170 bytes)
Ã°Å¸â€œÂ¦ Leader block received from 12D3KooWD9ed8zJXbW8uUU6XHD2UYrsQQEvnuXReJWFeo52dvdf8 | height=1885 proposer=C
Ã°Å¸â€Å’ Consensus stream EOF from 12D3KooWD9ed8zJXbW8uUU6XHD2UYrsQQEvnuXReJWFeo52dvdf8
Ã°Å¸â€Å’ Consensus stream closed with 12D3KooWD9ed8zJXbW8uUU6XHD2UYrsQQEvnuXReJWFeo52dvdf8
Ã°Å¸â€œÂ¨ Consensus message from 12D3KooWHdmUKc1bYKY3scg6TqGhK3SutwH9hu1aAez4VmvwkEyk: leader_block (size: 1170 bytes)
Ã°Å¸â€œÂ¦ Leader block received from 12D3KooWHdmUKc1bYKY3scg6TqGhK3SutwH9hu1aAez4VmvwkEyk | height=1886 proposer=B
Ã°Å¸â€Å’ Consensus stream EOF from 12D3KooWHdmUKc1bYKY3scg6TqGhK3SutwH9hu1aAez4VmvwkEyk
Ã°Å¸â€Å’ Consensus stream closed with 12D3KooWHdmUKc1bYKY3scg6TqGhK3SutwH9hu1aAez4VmvwkEyk
Ã°Å¸â€œÂ¨ Consensus message from 12D3KooWPVKESWFG9sS8G6vjhfPn54kWuNFkkuHwG4yQXhYRcXjX: execution_result (size: 359 bytes)
Ã°Å¸â€Å’ Consensus stream EOF from 12D3KooWPVKESWFG9sS8G6vjhfPn54kWuNFkkuHwG4yQXhYRcXjX
Ã°Å¸â€Å’ Consensus stream closed with 12D3KooWPVKESWFG9sS8G6vjhfPn54kWuNFkkuHwG4yQXhYRcXjX
2026/05/18 00:45:41 [OK] goroutine pressure normalized: 228 (degrade mode off)
Validator heartbeat received: B | reported_height=1885 | finalized_height=1885 | local_exec_epoch=1886
Validator heartbeat received: B | reported_height=1885 | finalized_height=1885 | local_exec_epoch=1886
Validator heartbeat: C | reported_height=1885 | finalized_height=1884 | local_exec_epoch=1886
Validator heartbeat: C | reported_height=1885 | finalized_height=1884 | local_exec_epoch=1886
2026/05/18 00:45:43 [REGISTRY-PENDING] height=1883 chain_tip=1881 reason=future_block
[REGISTRY-PENDING] height=1883 chain_height=1881 reason=future_parent
2026/05/18 00:45:43 [REGISTRY-HISTORY-REBUILD] height=1884 status=scheduled reason=registry_snapshot_missing
2026/05/18 00:45:43 [REGISTRY-HISTORY-REBUILD] height=1884 status=started reason=registry_snapshot_missing
2026/05/18 00:45:43 [REGISTRY-HISTORY-REBUILD] height=1884 status=failed reason=registry_snapshot_missing
[SET-PENDING] height=1884 chain_height=1881 reason=future_height
Validator heartbeat received: C | reported_height=1885 | finalized_height=1884 | local_exec_epoch=1886
2026/05/18 00:45:43 [REGISTRY-PENDING] height=1884 chain_tip=1881 reason=future_block
[REGISTRY-PENDING] height=1884 chain_height=1881 reason=future_parent
[SET-PENDING] height=1885 chain_height=1881 reason=future_height
2026/05/18 00:45:43 [REGISTRY-PENDING] height=1882 chain_tip=1881 reason=future_block
[SET-PENDING] height=1883 chain_height=1881 reason=future_height
Validator heartbeat: C | reported_height=1885 | finalized_height=1885 | local_exec_epoch=1886
Validator heartbeat received: C | reported_height=1885 | finalized_height=1884 | local_exec_epoch=1886
Validator heartbeat: C | reported_height=1885 | finalized_height=1885 | local_exec_epoch=1886
2026/05/18 00:45:44 [REGISTRY-PENDING] height=1885 chain_tip=1881 reason=future_block
[REGISTRY-PENDING] height=1885 chain_height=1881 reason=future_parent
[SET-PENDING] height=1886 chain_height=1881 reason=future_height
Validator heartbeat received: C | reported_height=1885 | finalized_height=1885 | local_exec_epoch=1886
Validator heartbeat received: C | reported_height=1885 | finalized_height=1885 | local_exec_epoch=1886
Ã°Å¸â€œÂ¨ Consensus message from 12D3KooWD9ed8zJXbW8uUU6XHD2UYrsQQEvnuXReJWFeo52dvdf8: execution_result (size: 359 bytes)
Ã°Å¸â€Å’ Consensus stream EOF from 12D3KooWD9ed8zJXbW8uUU6XHD2UYrsQQEvnuXReJWFeo52dvdf8
Ã°Å¸â€Å’ Consensus stream closed with 12D3KooWD9ed8zJXbW8uUU6XHD2UYrsQQEvnuXReJWFeo52dvdf8
2026/05/18 00:45:46 [REGISTRY-PENDING] height=1886 chain_tip=1881 reason=future_block
[REGISTRY-PENDING] height=1886 chain_height=1881 reason=future_parent
[SET-PENDING] height=1887 chain_height=1881 reason=future_height
Validator heartbeat: B | reported_height=1886 | finalized_height=1886 | local_exec_epoch=1887
Validator heartbeat: B | reported_height=1886 | finalized_height=1886 | local_exec_epoch=1887
Dial fanout full (16); skipping this dial batch item
Ã°Å¸â€â€” PubSub mesh check against 9 peers
Validator heartbeat received: B | reported_height=1886 | finalized_height=1886 | local_exec_epoch=1887
[SNAPSHOT-PUBLISH] deferred height=1881 reason=auto_publish_interval_10
Validator heartbeat: A | reported_height=1886 | finalized_height=1886 | local_exec_epoch=1887
Validator heartbeat received: B | reported_height=1886 | finalized_height=1886 | local_exec_epoch=1887
Validator heartbeat: A | reported_height=1886 | finalized_height=1886 | local_exec_epoch=1887
2026/05/18 00:45:48 [REGISTRY-HISTORY-REBUILD] height=1884 status=scheduled reason=registry_snapshot_missing
2026/05/18 00:45:48 [REGISTRY-PENDING] height=1883 chain_tip=1881 reason=future_block
2026/05/18 00:45:48 [REGISTRY-HISTORY-REBUILD] height=1884 status=started reason=registry_snapshot_missing
2026/05/18 00:45:48 [REGISTRY-HISTORY-REBUILD] height=1884 status=failed reason=registry_snapshot_missing
[REGISTRY-PENDING] height=1883 chain_height=1881 reason=future_parent
[SET-PENDING] height=1884 chain_height=1881 reason=future_height
Validator heartbeat received: A | reported_height=1886 | finalized_height=1886 | local_exec_epoch=1887
Candidate heartbeat received: D | reported_height=1881 | finalized_height=1880 | local_exec_epoch=1882
2026/05/18 00:45:48 [REGISTRY-PENDING] height=1884 chain_tip=1881 reason=future_block
[REGISTRY-PENDING] height=1884 chain_height=1881 reason=future_parent
[SET-PENDING] height=1885 chain_height=1881 reason=future_height
Validator heartbeat received: A | reported_height=1886 | finalized_height=1886 | local_exec_epoch=1887
Candidate heartbeat received: D | reported_height=1881 | finalized_height=1880 | local_exec_epoch=1882
2026/05/18 00:45:50 [REGISTRY-PENDING] height=1885 chain_tip=1881 reason=future_block
[REGISTRY-PENDING] height=1885 chain_height=1881 reason=future_parent
[SET-PENDING] height=1886 chain_height=1881 reason=future_height
Validator heartbeat: C | reported_height=1886 | finalized_height=1886 | local_exec_epoch=1887
Validator heartbeat: C | reported_height=1886 | finalized_height=1886 | local_exec_epoch=1887
2026/05/18 00:45:51 [REGISTRY-PENDING] height=1886 chain_tip=1881 reason=future_block
[REGISTRY-PENDING] height=1886 chain_height=1881 reason=future_parent
[SET-PENDING] height=1887 chain_height=1881 reason=future_height
Validator heartbeat received: C | reported_height=1886 | finalized_height=1886 | local_exec_epoch=1887
Validator heartbeat received: C | reported_height=1886 | finalized_height=1886 | local_exec_epoch=1887
2026/05/18 00:45:51 [OK] goroutine pressure normalized: 227 (degrade mode off)
Attempting to connect to 9 peers
2026/05/18 00:45:51 map stats: seen_blocks=2 seen_txs=0 fork_heights=0 fork_blocks=0 exec_results_keys=0 exec_results_total=0 pending_blocks=0 queued_exec_votes_keys=0 queued_exec_votes_total=0 accepted_proposal=1 exec_broadcasted_epochs=0 exec_broadcasted_keys=0 exec_signer_seen_epochs=1 exec_signer_seen_total=3 exec_broadcasted_by_val_epochs=0 exec_broadcasted_by_val_total=0 exec_rebroadcast_epochs=0 validator_status=5 candidates=1 peer_state=45 peers_connected=9 peers_connecting=0 peer_suspect=0 allowed_peers=4 pending_validators=0 pending_removals=0 queued_validator_updates=0 height_report_epochs=1 height_report_total=3 misbehavior_validators=0 misbehavior_total=0 exec_mismatch_tracked=0 exec_vote_replay_cache=3
Ã°Å¸â€œÂ¨ Consensus message from 12D3KooWD9ed8zJXbW8uUU6XHD2UYrsQQEvnuXReJWFeo52dvdf8: leader_block (size: 1170 bytes)
Ã°Å¸â€œÂ¦ Leader block received from 12D3KooWD9ed8zJXbW8uUU6XHD2UYrsQQEvnuXReJWFeo52dvdf8 | height=1887 proposer=C
Ã°Å¸â€Å’ Consensus stream EOF from 12D3KooWD9ed8zJXbW8uUU6XHD2UYrsQQEvnuXReJWFeo52dvdf8
Ã°Å¸â€Å’ Consensus stream closed with 12D3KooWD9ed8zJXbW8uUU6XHD2UYrsQQEvnuXReJWFeo52dvdf8
Ã°Å¸â€œÂ¨ Consensus message from 12D3KooWD9ed8zJXbW8uUU6XHD2UYrsQQEvnuXReJWFeo52dvdf8: execution_result (size: 359 bytes)
Ã°Å¸â€Å’ Consensus stream EOF from 12D3KooWD9ed8zJXbW8uUU6XHD2UYrsQQEvnuXReJWFeo52dvdf8
Ã°Å¸â€Å’ Consensus stream closed with 12D3KooWD9ed8zJXbW8uUU6XHD2UYrsQQEvnuXReJWFeo52dvdf8
Ã°Å¸â€œÂ¨ Consensus message from 12D3KooWHdmUKc1bYKY3scg6TqGhK3SutwH9hu1aAez4VmvwkEyk: execution_result (size: 359 bytes)
Ã°Å¸â€Å’ Consensus stream EOF from 12D3KooWHdmUKc1bYKY3scg6TqGhK3SutwH9hu1aAez4VmvwkEyk
Ã°Å¸â€Å’ Consensus stream closed with 12D3KooWHdmUKc1bYKY3scg6TqGhK3SutwH9hu1aAez4VmvwkEyk
Ã°Å¸â€œÂ¨ Consensus message from 12D3KooWPVKESWFG9sS8G6vjhfPn54kWuNFkkuHwG4yQXhYRcXjX: execution_result (size: 359 bytes)
Ã°Å¸â€Å’ Consensus stream EOF from 12D3KooWPVKESWFG9sS8G6vjhfPn54kWuNFkkuHwG4yQXhYRcXjX
Ã°Å¸â€Å’ Consensus stream closed with 12D3KooWPVKESWFG9sS8G6vjhfPn54kWuNFkkuHwG4yQXhYRcXjX
Ã°Å¸â€œÂ¨ Consensus message from 12D3KooWD9ed8zJXbW8uUU6XHD2UYrsQQEvnuXReJWFeo52dvdf8: leader_block (size: 1170 bytes)
Ã°Å¸â€œÂ¦ Leader block received from 12D3KooWD9ed8zJXbW8uUU6XHD2UYrsQQEvnuXReJWFeo52dvdf8 | height=1887 proposer=C
Ã°Å¸â€Å’ Consensus stream EOF from 12D3KooWD9ed8zJXbW8uUU6XHD2UYrsQQEvnuXReJWFeo52dvdf8
Ã°Å¸â€Å’ Consensus stream closed with 12D3KooWD9ed8zJXbW8uUU6XHD2UYrsQQEvnuXReJWFeo52dvdf8
2026/05/18 00:45:53 [REGISTRY-PENDING] height=1887 chain_tip=1881 reason=future_block
[REGISTRY-PENDING] height=1887 chain_height=1881 reason=future_parent
[SET-PENDING] height=1888 chain_height=1881 reason=future_height
2026/05/18 00:45:53 [REGISTRY-HISTORY-REBUILD] height=1887 status=scheduled reason=registry_snapshot_missing
Validator heartbeat: C | reported_height=1887 | finalized_height=1887 | local_exec_epoch=1888
2026/05/18 00:45:53 [REGISTRY-HISTORY-REBUILD] height=1887 status=started reason=registry_snapshot_missing
2026/05/18 00:45:53 [REGISTRY-HISTORY-REBUILD] height=1887 status=failed reason=registry_snapshot_missing
2026/05/18 00:45:53 [REGISTRY-PENDING] height=1884 chain_tip=1881 reason=future_block
[REGISTRY-PENDING] height=1884 chain_height=1881 reason=future_parent
[SET-PENDING] height=1885 chain_height=1881 reason=future_height
Validator heartbeat: C | reported_height=1887 | finalized_height=1887 | local_exec_epoch=1888
Validator heartbeat received: C | reported_height=1887 | finalized_height=1887 | local_exec_epoch=1888
[SNAPSHOT-PUBLISH] deferred height=1881 reason=auto_publish_interval_10
Validator heartbeat: A | reported_height=1887 | finalized_height=1887 | local_exec_epoch=1888
Validator heartbeat received: C | reported_height=1887 | finalized_height=1887 | local_exec_epoch=1888
Ã°Å¸â€œÂ¨ Consensus message from 12D3KooWPVKESWFG9sS8G6vjhfPn54kWuNFkkuHwG4yQXhYRcXjX: leader_block (size: 1170 bytes)
Ã°Å¸â€œÂ¦ Leader block received from 12D3KooWPVKESWFG9sS8G6vjhfPn54kWuNFkkuHwG4yQXhYRcXjX | height=1888 proposer=A
Ã°Å¸â€Å’ Consensus stream EOF from 12D3KooWPVKESWFG9sS8G6vjhfPn54kWuNFkkuHwG4yQXhYRcXjX
Ã°Å¸â€Å’ Consensus stream closed with 12D3KooWPVKESWFG9sS8G6vjhfPn54kWuNFkkuHwG4yQXhYRcXjX
Validator heartbeat: A | reported_height=1887 | finalized_height=1887 | local_exec_epoch=1888
Ã°Å¸â€œÂ¨ Consensus message from 12D3KooWPVKESWFG9sS8G6vjhfPn54kWuNFkkuHwG4yQXhYRcXjX: execution_result (size: 359 bytes)
Ã°Å¸â€Å’ Consensus stream EOF from 12D3KooWPVKESWFG9sS8G6vjhfPn54kWuNFkkuHwG4yQXhYRcXjX
Ã°Å¸â€Å’ Consensus stream closed with 12D3KooWPVKESWFG9sS8G6vjhfPn54kWuNFkkuHwG4yQXhYRcXjX
Ã°Å¸â€œÂ¨ Consensus message from 12D3KooWPVKESWFG9sS8G6vjhfPn54kWuNFkkuHwG4yQXhYRcXjX: leader_block (size: 1170 bytes)
Ã°Å¸â€œÂ¦ Leader block received from 12D3KooWPVKESWFG9sS8G6vjhfPn54kWuNFkkuHwG4yQXhYRcXjX | height=1888 proposer=A
Ã°Å¸â€Å’ Consensus stream EOF from 12D3KooWPVKESWFG9sS8G6vjhfPn54kWuNFkkuHwG4yQXhYRcXjX
Ã°Å¸â€Å’ Consensus stream closed with 12D3KooWPVKESWFG9sS8G6vjhfPn54kWuNFkkuHwG4yQXhYRcXjX
Validator heartbeat received: A | reported_height=1887 | finalized_height=1887 | local_exec_epoch=1888
[REGISTRY-PENDING] height=1885 chain_height=1881 reason=future_parent
2026/05/18 00:45:55 [REGISTRY-PENDING] height=1885 chain_tip=1881 reason=future_block
[SET-PENDING] height=1886 chain_height=1881 reason=future_height
Validator heartbeat: B | reported_height=1887 | finalized_height=1887 | local_exec_epoch=1888
Validator heartbeat received: A | reported_height=1887 | finalized_height=1887 | local_exec_epoch=1888
Ã°Å¸â€œÂ¨ Consensus message from 12D3KooWHdmUKc1bYKY3scg6TqGhK3SutwH9hu1aAez4VmvwkEyk: execution_result (size: 359 bytes)
Ã°Å¸â€Å’ Consensus stream EOF from 12D3KooWHdmUKc1bYKY3scg6TqGhK3SutwH9hu1aAez4VmvwkEyk
Ã°Å¸â€Å’ Consensus stream closed with 12D3KooWHdmUKc1bYKY3scg6TqGhK3SutwH9hu1aAez4VmvwkEyk
Validator heartbeat: B | reported_height=1887 | finalized_height=1887 | local_exec_epoch=1888
Ã°Å¸â€œÂ¨ Consensus message from 12D3KooWD9ed8zJXbW8uUU6XHD2UYrsQQEvnuXReJWFeo52dvdf8: execution_result (size: 359 bytes)
Ã°Å¸â€Å’ Consensus stream EOF from 12D3KooWD9ed8zJXbW8uUU6XHD2UYrsQQEvnuXReJWFeo52dvdf8
Ã°Å¸â€Å’ Consensus stream closed with 12D3KooWD9ed8zJXbW8uUU6XHD2UYrsQQEvnuXReJWFeo52dvdf8
2026/05/18 00:45:56 [REGISTRY-PENDING] height=1886 chain_tip=1881 reason=future_block
[REGISTRY-PENDING] height=1886 chain_height=1881 reason=future_parent
[SET-PENDING] height=1887 chain_height=1881 reason=future_height
Validator heartbeat received: B | reported_height=1887 | finalized_height=1887 | local_exec_epoch=1888
Validator heartbeat received: B | reported_height=1887 | finalized_height=1887 | local_exec_epoch=1888
Validator heartbeat: B | reported_height=1887 | finalized_height=1887 | local_exec_epoch=1888
Validator heartbeat: B | reported_height=1887 | finalized_height=1887 | local_exec_epoch=1888
Ã°Å¸â€œÂ¨ Consensus message from 12D3KooWPVKESWFG9sS8G6vjhfPn54kWuNFkkuHwG4yQXhYRcXjX: leader_block (size: 1170 bytes)
Ã°Å¸â€œÂ¦ Leader block received from 12D3KooWPVKESWFG9sS8G6vjhfPn54kWuNFkkuHwG4yQXhYRcXjX | height=1889 proposer=A
Ã°Å¸â€Å’ Consensus stream EOF from 12D3KooWPVKESWFG9sS8G6vjhfPn54kWuNFkkuHwG4yQXhYRcXjX
Ã°Å¸â€Å’ Consensus stream closed with 12D3KooWPVKESWFG9sS8G6vjhfPn54kWuNFkkuHwG4yQXhYRcXjX
Validator heartbeat received: B | reported_height=1887 | finalized_height=1887 | local_exec_epoch=1888
Ã°Å¸â€œÂ¨ Consensus message from 12D3KooWPVKESWFG9sS8G6vjhfPn54kWuNFkkuHwG4yQXhYRcXjX: execution_result (size: 359 bytes)
Ã°Å¸â€Å’ Consensus stream EOF from 12D3KooWPVKESWFG9sS8G6vjhfPn54kWuNFkkuHwG4yQXhYRcXjX
Ã°Å¸â€Å’ Consensus stream closed with 12D3KooWPVKESWFG9sS8G6vjhfPn54kWuNFkkuHwG4yQXhYRcXjX
2026/05/18 00:45:57 [REGISTRY-PENDING] height=1888 chain_tip=1881 reason=future_block
[REGISTRY-PENDING] height=1888 chain_height=1881 reason=future_parent
[SET-PENDING] height=1889 chain_height=1881 reason=future_height
Ã°Å¸â€œÂ¨ Consensus message from 12D3KooWHdmUKc1bYKY3scg6TqGhK3SutwH9hu1aAez4VmvwkEyk: execution_result (size: 359 bytes)
Ã°Å¸â€Å’ Consensus stream EOF from 12D3KooWHdmUKc1bYKY3scg6TqGhK3SutwH9hu1aAez4VmvwkEyk
Ã°Å¸â€Å’ Consensus stream closed with 12D3KooWHdmUKc1bYKY3scg6TqGhK3SutwH9hu1aAez4VmvwkEyk
Validator heartbeat received: B | reported_height=1887 | finalized_height=1887 | local_exec_epoch=1888
Validator heartbeat: A | reported_height=1888 | finalized_height=1888 | local_exec_epoch=1889
Validator heartbeat: A | reported_height=1888 | finalized_height=1888 | local_exec_epoch=1889
2026/05/18 00:45:58 [REGISTRY-PENDING] height=1887 chain_tip=1881 reason=future_block
[REGISTRY-PENDING] height=1887 chain_height=1881 reason=future_parent
[SET-PENDING] height=1888 chain_height=1881 reason=future_height
2026/05/18 00:45:58 [REGISTRY-HISTORY-REBUILD] height=1887 status=scheduled reason=registry_snapshot_missing
Ã°Å¸â€œÂ¨ Consensus message from 12D3KooWPVKESWFG9sS8G6vjhfPn54kWuNFkkuHwG4yQXhYRcXjX: leader_block (size: 1170 bytes)
Ã°Å¸â€œÂ¦ Leader block received from 12D3KooWPVKESWFG9sS8G6vjhfPn54kWuNFkkuHwG4yQXhYRcXjX | height=1889 proposer=A
Ã°Å¸â€Å’ Consensus stream EOF from 12D3KooWPVKESWFG9sS8G6vjhfPn54kWuNFkkuHwG4yQXhYRcXjX
Ã°Å¸â€Å’ Consensus stream closed with 12D3KooWPVKESWFG9sS8G6vjhfPn54kWuNFkkuHwG4yQXhYRcXjX
Validator heartbeat received: A | reported_height=1888 | finalized_height=1888 | local_exec_epoch=1889
Validator heartbeat: B | reported_height=1888 | finalized_height=1888 | local_exec_epoch=1889
Ã°Å¸â€œÂ¨ Consensus message from 12D3KooWD9ed8zJXbW8uUU6XHD2UYrsQQEvnuXReJWFeo52dvdf8: execution_result (size: 359 bytes)
Ã°Å¸â€Å’ Consensus stream EOF from 12D3KooWD9ed8zJXbW8uUU6XHD2UYrsQQEvnuXReJWFeo52dvdf8
Ã°Å¸â€Å’ Consensus stream closed with 12D3KooWD9ed8zJXbW8uUU6XHD2UYrsQQEvnuXReJWFeo52dvdf8
Validator heartbeat received: A | reported_height=1888 | finalized_height=1888 | local_exec_epoch=1889
Validator heartbeat: B | reported_height=1888 | finalized_height=1888 | local_exec_epoch=1889
Validator heartbeat received: B | reported_height=1888 | finalized_height=1888 | local_exec_epoch=1889
[SNAPSHOT-PUBLISH] deferred height=1881 reason=auto_publish_interval_10
Validator heartbeat: C | reported_height=1888 | finalized_height=1888 | local_exec_epoch=1889
Validator heartbeat received: B | reported_height=1888 | finalized_height=1888 | local_exec_epoch=1889
Validator heartbeat: C | reported_height=1888 | finalized_height=1888 | local_exec_epoch=1889
Validator heartbeat received: C | reported_height=1888 | finalized_height=1888 | local_exec_epoch=1889
2026/05/18 00:46:00 [REGISTRY-PENDING] height=1889 chain_tip=1881 reason=future_block
[REGISTRY-PENDING] height=1889 chain_height=1881 reason=future_parent
[SET-PENDING] height=1890 chain_height=1881 reason=future_height
Validator heartbeat: A | reported_height=1889 | finalized_height=1889 | local_exec_epoch=1890
Validator heartbeat received: C | reported_height=1888 | finalized_height=1888 | local_exec_epoch=1889
Ã°Å¸â€œÂ¨ Consensus message from 12D3KooWD9ed8zJXbW8uUU6XHD2UYrsQQEvnuXReJWFeo52dvdf8: leader_block (size: 1170 bytes)
Ã°Å¸â€œÂ¦ Leader block received from 12D3KooWD9ed8zJXbW8uUU6XHD2UYrsQQEvnuXReJWFeo52dvdf8 | height=1890 proposer=C
Ã°Å¸â€Å’ Consensus stream EOF from 12D3KooWD9ed8zJXbW8uUU6XHD2UYrsQQEvnuXReJWFeo52dvdf8
Ã°Å¸â€Å’ Consensus stream closed with 12D3KooWD9ed8zJXbW8uUU6XHD2UYrsQQEvnuXReJWFeo52dvdf8
Ã°Å¸â€œÂ¨ Consensus message from 12D3KooWD9ed8zJXbW8uUU6XHD2UYrsQQEvnuXReJWFeo52dvdf8: execution_result (size: 359 bytes)
Ã°Å¸â€Å’ Consensus stream EOF from 12D3KooWD9ed8zJXbW8uUU6XHD2UYrsQQEvnuXReJWFeo52dvdf8
Ã°Å¸â€Å’ Consensus stream closed with 12D3KooWD9ed8zJXbW8uUU6XHD2UYrsQQEvnuXReJWFeo52dvdf8
2026/05/18 00:46:01 [REGISTRY-PENDING] height=1886 chain_tip=1881 reason=future_block
[REGISTRY-PENDING] height=1886 chain_height=1881 reason=future_parent
[SET-PENDING] height=1887 chain_height=1881 reason=future_height
Ã°Å¸â€œÂ¨ Consensus message from 12D3KooWPVKESWFG9sS8G6vjhfPn54kWuNFkkuHwG4yQXhYRcXjX: execution_result (size: 359 bytes)
Ã°Å¸â€Å’ Consensus stream EOF from 12D3KooWPVKESWFG9sS8G6vjhfPn54kWuNFkkuHwG4yQXhYRcXjX
Ã°Å¸â€Å’ Consensus stream closed with 12D3KooWPVKESWFG9sS8G6vjhfPn54kWuNFkkuHwG4yQXhYRcXjX
Validator heartbeat: A | reported_height=1889 | finalized_height=1889 | local_exec_epoch=1890
Ã°Å¸â€œÂ¨ Consensus message from 12D3KooWHdmUKc1bYKY3scg6TqGhK3SutwH9hu1aAez4VmvwkEyk: execution_result (size: 359 bytes)
Ã°Å¸â€Å’ Consensus stream EOF from 12D3KooWHdmUKc1bYKY3scg6TqGhK3SutwH9hu1aAez4VmvwkEyk
Ã°Å¸â€Å’ Consensus stream closed with 12D3KooWHdmUKc1bYKY3scg6TqGhK3SutwH9hu1aAez4VmvwkEyk
2026/05/18 00:46:01 [OK] goroutine pressure normalized: 239 (degrade mode off)
Dial fanout full (16); skipping this dial batch item
Validator heartbeat received: A | reported_height=1889 | finalized_height=1889 | local_exec_epoch=1890
Ã°Å¸â€œÂ¨ Consensus message from 12D3KooWD9ed8zJXbW8uUU6XHD2UYrsQQEvnuXReJWFeo52dvdf8: leader_block (size: 1170 bytes)
Ã°Å¸â€œÂ¦ Leader block received from 12D3KooWD9ed8zJXbW8uUU6XHD2UYrsQQEvnuXReJWFeo52dvdf8 | height=1890 proposer=C
Ã°Å¸â€Å’ Consensus stream EOF from 12D3KooWD9ed8zJXbW8uUU6XHD2UYrsQQEvnuXReJWFeo52dvdf8
Ã°Å¸â€Å’ Consensus stream closed with 12D3KooWD9ed8zJXbW8uUU6XHD2UYrsQQEvnuXReJWFeo52dvdf8
Validator heartbeat: C | reported_height=1889 | finalized_height=1889 | local_exec_epoch=1890
Validator heartbeat received: A | reported_height=1889 | finalized_height=1889 | local_exec_epoch=1890
Validator heartbeat: C | reported_height=1889 | finalized_height=1889 | local_exec_epoch=1890
2026/05/18 00:46:02 [REGISTRY-PENDING] height=1888 chain_tip=1881 reason=future_block
[REGISTRY-PENDING] height=1888 chain_height=1881 reason=future_parent
[SET-PENDING] height=1889 chain_height=1881 reason=future_height
[SNAPSHOT-PROOF] height=1890 checkpoint=1888 validator=B votes=1 hash=8bd35acc
Validator heartbeat received: C | reported_height=1889 | finalized_height=1889 | local_exec_epoch=1890
[SNAPSHOT-PROOF] height=1890 checkpoint=1888 validator=A votes=2 hash=8bd35acc
Validator heartbeat: B | reported_height=1889 | finalized_height=1889 | local_exec_epoch=1890
Validator heartbeat received: C | reported_height=1889 | finalized_height=1889 | local_exec_epoch=1890
2026/05/18 00:46:03 [REGISTRY-PENDING] height=1887 chain_tip=1881 reason=future_block
[REGISTRY-PENDING] height=1887 chain_height=1881 reason=future_parent
[SET-PENDING] height=1888 chain_height=1881 reason=future_height
Validator heartbeat: B | reported_height=1889 | finalized_height=1889 | local_exec_epoch=1890
2026/05/18 00:46:03 [REGISTRY-HISTORY-REBUILD] height=1887 status=scheduled reason=registry_snapshot_missing
2026/05/18 00:46:03 [REGISTRY-HISTORY-REBUILD] height=1887 status=started reason=registry_snapshot_missing
2026/05/18 00:46:03 [REGISTRY-HISTORY-REBUILD] height=1887 status=failed reason=registry_snapshot_missing
Validator heartbeat received: B | reported_height=1889 | finalized_height=1889 | local_exec_epoch=1890
Candidate heartbeat received: D | reported_height=1881 | finalized_height=1880 | local_exec_epoch=1882
2026/05/18 00:46:03 [REGISTRY-PENDING] height=1890 chain_tip=1881 reason=future_block
[REGISTRY-PENDING] height=1890 chain_height=1881 reason=future_parent
[SET-PENDING] height=1891 chain_height=1881 reason=future_height
Validator heartbeat: A | reported_height=1890 | finalized_height=1890 | local_exec_epoch=1891
Validator heartbeat received: B | reported_height=1889 | finalized_height=1889 | local_exec_epoch=1890
Candidate heartbeat received: D | reported_height=1881 | finalized_height=1880 | local_exec_epoch=1882
Validator heartbeat: A | reported_height=1890 | finalized_height=1890 | local_exec_epoch=1891
[SNAPSHOT-PROOF] height=1890 checkpoint=1888 validator=C votes=3 hash=8bd35acc
Validator heartbeat received: A | reported_height=1890 | finalized_height=1890 | local_exec_epoch=1891
Validator heartbeat: B | reported_height=1890 | finalized_height=1890 | local_exec_epoch=1891
Validator heartbeat received: A | reported_height=1890 | finalized_height=1890 | local_exec_epoch=1891
Validator heartbeat: B | reported_height=1890 | finalized_height=1890 | local_exec_epoch=1891
Validator heartbeat received: B | reported_height=1890 | finalized_height=1890 | local_exec_epoch=1891
[SNAPSHOT-PUBLISH] deferred height=1881 reason=auto_publish_interval_10
Validator heartbeat: C | reported_height=1890 | finalized_height=1890 | local_exec_epoch=1891
Validator heartbeat received: B | reported_height=1890 | finalized_height=1890 | local_exec_epoch=1891
Validator heartbeat: C | reported_height=1890 | finalized_height=1890 | local_exec_epoch=1891
Validator heartbeat received: C | reported_height=1890 | finalized_height=1890 | local_exec_epoch=1891
Validator heartbeat: C | reported_height=1890 | finalized_height=1890 | local_exec_epoch=1891
Validator heartbeat received: C | reported_height=1890 | finalized_height=1890 | local_exec_epoch=1891
2026/05/18 00:46:05 [REGISTRY-PENDING] height=1889 chain_tip=1881 reason=future_block
[REGISTRY-PENDING] height=1889 chain_height=1881 reason=future_parent
[SET-PENDING] height=1890 chain_height=1881 reason=future_height
Validator heartbeat: C | reported_height=1890 | finalized_height=1890 | local_exec_epoch=1891
Validator heartbeat received: C | reported_height=1890 | finalized_height=1890 | local_exec_epoch=1891
Validator heartbeat received: C | reported_height=1890 | finalized_height=1890 | local_exec_epoch=1891
Ã°Å¸â€œÂ¨ Consensus message from 12D3KooWD9ed8zJXbW8uUU6XHD2UYrsQQEvnuXReJWFeo52dvdf8: leader_block (size: 1170 bytes)
Ã°Å¸â€œÂ¦ Leader block received from 12D3KooWD9ed8zJXbW8uUU6XHD2UYrsQQEvnuXReJWFeo52dvdf8 | height=1891 proposer=C
Ã°Å¸â€Å’ Consensus stream EOF from 12D3KooWD9ed8zJXbW8uUU6XHD2UYrsQQEvnuXReJWFeo52dvdf8
Ã°Å¸â€Å’ Consensus stream closed with 12D3KooWD9ed8zJXbW8uUU6XHD2UYrsQQEvnuXReJWFeo52dvdf8
Ã°Å¸â€œÂ¨ Consensus message from 12D3KooWD9ed8zJXbW8uUU6XHD2UYrsQQEvnuXReJWFeo52dvdf8: execution_result (size: 359 bytes)
Ã°Å¸â€Å’ Consensus stream EOF from 12D3KooWD9ed8zJXbW8uUU6XHD2UYrsQQEvnuXReJWFeo52dvdf8
Ã°Å¸â€Å’ Consensus stream closed with 12D3KooWD9ed8zJXbW8uUU6XHD2UYrsQQEvnuXReJWFeo52dvdf8
Ã°Å¸â€œÂ¨ Consensus message from 12D3KooWPVKESWFG9sS8G6vjhfPn54kWuNFkkuHwG4yQXhYRcXjX: execution_result (size: 359 bytes)
Ã°Å¸â€Å’ Consensus stream EOF from 12D3KooWPVKESWFG9sS8G6vjhfPn54kWuNFkkuHwG4yQXhYRcXjX
Ã°Å¸â€Å’ Consensus stream closed with 12D3KooWPVKESWFG9sS8G6vjhfPn54kWuNFkkuHwG4yQXhYRcXjX
Ã°Å¸â€œÂ¨ Consensus message from 12D3KooWHdmUKc1bYKY3scg6TqGhK3SutwH9hu1aAez4VmvwkEyk: execution_result (size: 359 bytes)
Ã°Å¸â€Å’ Consensus stream EOF from 12D3KooWHdmUKc1bYKY3scg6TqGhK3SutwH9hu1aAez4VmvwkEyk
Ã°Å¸â€Å’ Consensus stream closed with 12D3KooWHdmUKc1bYKY3scg6TqGhK3SutwH9hu1aAez4VmvwkEyk
2026/05/18 00:46:09 [REGISTRY-PENDING] height=1890 chain_tip=1881 reason=future_block
[REGISTRY-PENDING] height=1890 chain_height=1881 reason=future_parent
[SET-PENDING] height=1891 chain_height=1881 reason=future_height
2026/05/18 00:46:09 [REGISTRY-HISTORY-REBUILD] height=1890 status=scheduled reason=registry_snapshot_missing
2026/05/18 00:46:09 [REGISTRY-HISTORY-REBUILD] height=1890 status=started reason=registry_snapshot_missing
2026/05/18 00:46:09 [REGISTRY-PENDING] height=1891 chain_tip=1881 reason=future_block
2026/05/18 00:46:09 [REGISTRY-HISTORY-REBUILD] height=1890 status=failed reason=registry_snapshot_missing
[REGISTRY-PENDING] height=1891 chain_height=1881 reason=future_parent
[SET-PENDING] height=1892 chain_height=1881 reason=future_height
Validator heartbeat: C | reported_height=1891 | finalized_height=1891 | local_exec_epoch=1892
2026/05/18 00:46:09 [REGISTRY-PENDING] height=1888 chain_tip=1881 reason=future_block
[REGISTRY-PENDING] height=1888 chain_height=1881 reason=future_parent
[SET-PENDING] height=1889 chain_height=1881 reason=future_height
Validator heartbeat: C | reported_height=1891 | finalized_height=1891 | local_exec_epoch=1892
[REGISTRY-PENDING] height=1889 chain_height=1881 reason=future_parent
2026/05/18 00:46:10 [REGISTRY-PENDING] height=1889 chain_tip=1881 reason=future_block
[SET-PENDING] height=1890 chain_height=1881 reason=future_height
Validator heartbeat received: C | reported_height=1891 | finalized_height=1891 | local_exec_epoch=1892
Ã°Å¸â€œÂ¨ Consensus message from 12D3KooWHdmUKc1bYKY3scg6TqGhK3SutwH9hu1aAez4VmvwkEyk: leader_block (size: 1170 bytes)
Ã°Å¸â€œÂ¦ Leader block received from 12D3KooWHdmUKc1bYKY3scg6TqGhK3SutwH9hu1aAez4VmvwkEyk | height=1892 proposer=B
[SNAPSHOT-PUBLISH] deferred height=1881 reason=auto_publish_interval_10
Ã°Å¸â€Å’ Consensus stream EOF from 12D3KooWHdmUKc1bYKY3scg6TqGhK3SutwH9hu1aAez4VmvwkEyk
Ã°Å¸â€Å’ Consensus stream closed with 12D3KooWHdmUKc1bYKY3scg6TqGhK3SutwH9hu1aAez4VmvwkEyk
Ã°Å¸â€œÂ¨ Consensus message from 12D3KooWHdmUKc1bYKY3scg6TqGhK3SutwH9hu1aAez4VmvwkEyk: execution_result (size: 359 bytes)
Ã°Å¸â€Å’ Consensus stream EOF from 12D3KooWHdmUKc1bYKY3scg6TqGhK3SutwH9hu1aAez4VmvwkEyk
Ã°Å¸â€Å’ Consensus stream closed with 12D3KooWHdmUKc1bYKY3scg6TqGhK3SutwH9hu1aAez4VmvwkEyk
Validator heartbeat: A | reported_height=1891 | finalized_height=1891 | local_exec_epoch=1892
Validator heartbeat received: C | reported_height=1891 | finalized_height=1891 | local_exec_epoch=1892
Ã°Å¸â€œÂ¨ Consensus message from 12D3KooWHdmUKc1bYKY3scg6TqGhK3SutwH9hu1aAez4VmvwkEyk: leader_block (size: 1170 bytes)
Ã°Å¸â€œÂ¦ Leader block received from 12D3KooWHdmUKc1bYKY3scg6TqGhK3SutwH9hu1aAez4VmvwkEyk | height=1892 proposer=B
Ã°Å¸â€Å’ Consensus stream EOF from 12D3KooWHdmUKc1bYKY3scg6TqGhK3SutwH9hu1aAez4VmvwkEyk
Ã°Å¸â€Å’ Consensus stream closed with 12D3KooWHdmUKc1bYKY3scg6TqGhK3SutwH9hu1aAez4VmvwkEyk
Validator heartbeat: B | reported_height=1891 | finalized_height=1891 | local_exec_epoch=1892
2026/05/18 00:46:11 [OK] goroutine pressure normalized: 230 (degrade mode off)
Attempting to connect to 9 peers
Ã°Å¸â€â€” PubSub mesh check against 9 peers
Ã°Å¸â€œÂ¨ Consensus message from 12D3KooWPVKESWFG9sS8G6vjhfPn54kWuNFkkuHwG4yQXhYRcXjX: execution_result (size: 359 bytes)
Ã°Å¸â€Å’ Consensus stream EOF from 12D3KooWPVKESWFG9sS8G6vjhfPn54kWuNFkkuHwG4yQXhYRcXjX
Ã°Å¸â€Å’ Consensus stream closed with 12D3KooWPVKESWFG9sS8G6vjhfPn54kWuNFkkuHwG4yQXhYRcXjX
Validator heartbeat received: A | reported_height=1891 | finalized_height=1891 | local_exec_epoch=1892
Validator heartbeat: B | reported_height=1891 | finalized_height=1891 | local_exec_epoch=1892
Validator heartbeat received: B | reported_height=1891 | finalized_height=1891 | local_exec_epoch=1892
Validator heartbeat: A | reported_height=1891 | finalized_height=1891 | local_exec_epoch=1892
Ã°Å¸â€œÂ¨ Consensus message from 12D3KooWD9ed8zJXbW8uUU6XHD2UYrsQQEvnuXReJWFeo52dvdf8: execution_result (size: 359 bytes)
Ã°Å¸â€Å’ Consensus stream EOF from 12D3KooWD9ed8zJXbW8uUU6XHD2UYrsQQEvnuXReJWFeo52dvdf8
Ã°Å¸â€Å’ Consensus stream closed with 12D3KooWD9ed8zJXbW8uUU6XHD2UYrsQQEvnuXReJWFeo52dvdf8
Validator heartbeat received: B | reported_height=1891 | finalized_height=1891 | local_exec_epoch=1892
Validator heartbeat received: A | reported_height=1891 | finalized_height=1891 | local_exec_epoch=1892
2026/05/18 00:46:13 [REGISTRY-PENDING] height=1892 chain_tip=1881 reason=future_block
[REGISTRY-PENDING] height=1892 chain_height=1881 reason=future_parent
[SET-PENDING] height=1893 chain_height=1881 reason=future_height
Validator heartbeat: A | reported_height=1892 | finalized_height=1892 | local_exec_epoch=1893
Validator heartbeat: A | reported_height=1892 | finalized_height=1892 | local_exec_epoch=1893
2026/05/18 00:46:14 [REGISTRY-PENDING] height=1890 chain_tip=1881 reason=future_block
2026/05/18 00:46:14 [REGISTRY-HISTORY-REBUILD] height=1891 status=scheduled reason=registry_snapshot_missing
2026/05/18 00:46:14 [REGISTRY-HISTORY-REBUILD] height=1891 status=started reason=registry_snapshot_missing
2026/05/18 00:46:14 [REGISTRY-HISTORY-REBUILD] height=1891 status=failed reason=registry_snapshot_missing
[REGISTRY-PENDING] height=1890 chain_height=1881 reason=future_parent
[SET-PENDING] height=1891 chain_height=1881 reason=future_height
2026/05/18 00:46:14 [REGISTRY-PENDING] height=1891 chain_tip=1881 reason=future_block
[REGISTRY-PENDING] height=1891 chain_height=1881 reason=future_parent
[SET-PENDING] height=1892 chain_height=1881 reason=future_height
Validator heartbeat received: A | reported_height=1892 | finalized_height=1892 | local_exec_epoch=1893
Validator heartbeat: B | reported_height=1892 | finalized_height=1892 | local_exec_epoch=1893
Validator heartbeat received: A | reported_height=1892 | finalized_height=1892 | local_exec_epoch=1893
Validator heartbeat: B | reported_height=1892 | finalized_height=1892 | local_exec_epoch=1893
[REGISTRY-PENDING] height=1889 chain_height=1881 reason=future_parent
2026/05/18 00:46:15 [REGISTRY-PENDING] height=1889 chain_tip=1881 reason=future_block
[SET-PENDING] height=1890 chain_height=1881 reason=future_height
Validator heartbeat received: B | reported_height=1892 | finalized_height=1892 | local_exec_epoch=1893
[SNAPSHOT-PUBLISH] deferred height=1881 reason=auto_publish_interval_10
Candidate heartbeat received: D | reported_height=1881 | finalized_height=1880 | local_exec_epoch=1882
Validator heartbeat: C | reported_height=1892 | finalized_height=1892 | local_exec_epoch=1893
Validator heartbeat received: B | reported_height=1892 | finalized_height=1892 | local_exec_epoch=1893
Candidate heartbeat received: D | reported_height=1881 | finalized_height=1880 | local_exec_epoch=1882
Validator heartbeat: C | reported_height=1892 | finalized_height=1892 | local_exec_epoch=1893
Validator heartbeat received: C | reported_height=1892 | finalized_height=1892 | local_exec_epoch=1893
Validator heartbeat received: C | reported_height=1892 | finalized_height=1892 | local_exec_epoch=1893
Dial fanout full (16); skipping this dial batch item
Ã°Å¸â€œÂ¨ Consensus message from 12D3KooWD9ed8zJXbW8uUU6XHD2UYrsQQEvnuXReJWFeo52dvdf8: leader_block (size: 1170 bytes)
Ã°Å¸â€œÂ¦ Leader block received from 12D3KooWD9ed8zJXbW8uUU6XHD2UYrsQQEvnuXReJWFeo52dvdf8 | height=1893 proposer=C
Ã°Å¸â€Å’ Consensus stream EOF from 12D3KooWD9ed8zJXbW8uUU6XHD2UYrsQQEvnuXReJWFeo52dvdf8
Ã°Å¸â€Å’ Consensus stream closed with 12D3KooWD9ed8zJXbW8uUU6XHD2UYrsQQEvnuXReJWFeo52dvdf8
Ã°Å¸â€œÂ¨ Consensus message from 12D3KooWHdmUKc1bYKY3scg6TqGhK3SutwH9hu1aAez4VmvwkEyk: execution_result (size: 359 bytes)
Ã°Å¸â€Å’ Consensus stream EOF from 12D3KooWHdmUKc1bYKY3scg6TqGhK3SutwH9hu1aAez4VmvwkEyk
Ã°Å¸â€Å’ Consensus stream closed with 12D3KooWHdmUKc1bYKY3scg6TqGhK3SutwH9hu1aAez4VmvwkEyk
Ã°Å¸â€œÂ¨ Consensus message from 12D3KooWD9ed8zJXbW8uUU6XHD2UYrsQQEvnuXReJWFeo52dvdf8: execution_result (size: 359 bytes)
Ã°Å¸â€Å’ Consensus stream EOF from 12D3KooWD9ed8zJXbW8uUU6XHD2UYrsQQEvnuXReJWFeo52dvdf8
Ã°Å¸â€Å’ Consensus stream closed with 12D3KooWD9ed8zJXbW8uUU6XHD2UYrsQQEvnuXReJWFeo52dvdf8
Ã°Å¸â€œÂ¨ Consensus message from 12D3KooWPVKESWFG9sS8G6vjhfPn54kWuNFkkuHwG4yQXhYRcXjX: execution_result (size: 359 bytes)
Ã°Å¸â€Å’ Consensus stream EOF from 12D3KooWPVKESWFG9sS8G6vjhfPn54kWuNFkkuHwG4yQXhYRcXjX
Ã°Å¸â€Å’ Consensus stream closed with 12D3KooWPVKESWFG9sS8G6vjhfPn54kWuNFkkuHwG4yQXhYRcXjX
2026/05/18 00:46:17 [REGISTRY-PENDING] height=1893 chain_tip=1881 reason=future_block
[REGISTRY-PENDING] height=1893 chain_height=1881 reason=future_parent
[SET-PENDING] height=1894 chain_height=1881 reason=future_height
Validator heartbeat: B | reported_height=1893 | finalized_height=1893 | local_exec_epoch=1894
Validator heartbeat: B | reported_height=1893 | finalized_height=1893 | local_exec_epoch=1894
2026/05/18 00:46:18 [REGISTRY-PENDING] height=1892 chain_tip=1881 reason=future_block
[REGISTRY-PENDING] height=1892 chain_height=1881 reason=future_parent
[SET-PENDING] height=1893 chain_height=1881 reason=future_height
Validator heartbeat received: B | reported_height=1893 | finalized_height=1893 | local_exec_epoch=1894
Validator heartbeat received: B | reported_height=1893 | finalized_height=1893 | local_exec_epoch=1894
Ã°Å¸â€œÂ¨ Consensus message from 12D3KooWHdmUKc1bYKY3scg6TqGhK3SutwH9hu1aAez4VmvwkEyk: leader_block (size: 1170 bytes)
Ã°Å¸â€œÂ¦ Leader block received from 12D3KooWHdmUKc1bYKY3scg6TqGhK3SutwH9hu1aAez4VmvwkEyk | height=1894 proposer=B
Ã°Å¸â€Å’ Consensus stream EOF from 12D3KooWHdmUKc1bYKY3scg6TqGhK3SutwH9hu1aAez4VmvwkEyk
Ã°Å¸â€Å’ Consensus stream closed with 12D3KooWHdmUKc1bYKY3scg6TqGhK3SutwH9hu1aAez4VmvwkEyk
Ã°Å¸â€œÂ¨ Consensus message from 12D3KooWHdmUKc1bYKY3scg6TqGhK3SutwH9hu1aAez4VmvwkEyk: execution_result (size: 359 bytes)
Ã°Å¸â€Å’ Consensus stream EOF from 12D3KooWHdmUKc1bYKY3scg6TqGhK3SutwH9hu1aAez4VmvwkEyk
Ã°Å¸â€Å’ Consensus stream closed with 12D3KooWHdmUKc1bYKY3scg6TqGhK3SutwH9hu1aAez4VmvwkEyk
Validator heartbeat: A | reported_height=1893 | finalized_height=1893 | local_exec_epoch=1894
Validator heartbeat: A | reported_height=1893 | finalized_height=1893 | local_exec_epoch=1894
Ã°Å¸â€œÂ¨ Consensus message from 12D3KooWHdmUKc1bYKY3scg6TqGhK3SutwH9hu1aAez4VmvwkEyk: leader_block (size: 1170 bytes)
Ã°Å¸â€œÂ¦ Leader block received from 12D3KooWHdmUKc1bYKY3scg6TqGhK3SutwH9hu1aAez4VmvwkEyk | height=1894 proposer=B
Ã°Å¸â€Å’ Consensus stream EOF from 12D3KooWHdmUKc1bYKY3scg6TqGhK3SutwH9hu1aAez4VmvwkEyk
Ã°Å¸â€Å’ Consensus stream closed with 12D3KooWHdmUKc1bYKY3scg6TqGhK3SutwH9hu1aAez4VmvwkEyk
2026/05/18 00:46:19 [REGISTRY-HISTORY-REBUILD] height=1892 status=scheduled reason=registry_snapshot_missing
2026/05/18 00:46:19 [REGISTRY-HISTORY-REBUILD] height=1892 status=started reason=registry_snapshot_missing
2026/05/18 00:46:19 [REGISTRY-HISTORY-REBUILD] height=1892 status=failed reason=registry_snapshot_missing
2026/05/18 00:46:19 [REGISTRY-PENDING] height=1891 chain_tip=1881 reason=future_block
[REGISTRY-PENDING] height=1891 chain_height=1881 reason=future_parent
[SET-PENDING] height=1892 chain_height=1881 reason=future_height
2026/05/18 00:46:19 [REGISTRY-PENDING] height=1890 chain_tip=1881 reason=future_block
[REGISTRY-PENDING] height=1890 chain_height=1881 reason=future_parent
[SET-PENDING] height=1891 chain_height=1881 reason=future_height
Validator heartbeat received: A | reported_height=1893 | finalized_height=1893 | local_exec_epoch=1894
Validator heartbeat received: A | reported_height=1893 | finalized_height=1893 | local_exec_epoch=1894
Ã°Å¸â€œÂ¨ Consensus message from 12D3KooWD9ed8zJXbW8uUU6XHD2UYrsQQEvnuXReJWFeo52dvdf8: leader_block (size: 1170 bytes)
Ã°Å¸â€œÂ¦ Leader block received from 12D3KooWD9ed8zJXbW8uUU6XHD2UYrsQQEvnuXReJWFeo52dvdf8 | height=1893 proposer=C
Ã°Å¸â€Å’ Consensus stream EOF from 12D3KooWD9ed8zJXbW8uUU6XHD2UYrsQQEvnuXReJWFeo52dvdf8
Ã°Å¸â€Å’ Consensus stream closed with 12D3KooWD9ed8zJXbW8uUU6XHD2UYrsQQEvnuXReJWFeo52dvdf8
Ã°Å¸â€œÂ¨ Consensus message from 12D3KooWPVKESWFG9sS8G6vjhfPn54kWuNFkkuHwG4yQXhYRcXjX: execution_result (size: 359 bytes)
Ã°Å¸â€Å’ Consensus stream EOF from 12D3KooWPVKESWFG9sS8G6vjhfPn54kWuNFkkuHwG4yQXhYRcXjX
Ã°Å¸â€Å’ Consensus stream closed with 12D3KooWPVKESWFG9sS8G6vjhfPn54kWuNFkkuHwG4yQXhYRcXjX
2026/05/18 00:46:21 [OK] goroutine pressure normalized: 230 (degrade mode off)
Validator heartbeat: C | reported_height=1893 | finalized_height=1893 | local_exec_epoch=1894
Validator heartbeat: C | reported_height=1893 | finalized_height=1893 | local_exec_epoch=1894
2026/05/18 00:46:22 [REGISTRY-PENDING] height=1893 chain_tip=1881 reason=future_block
[REGISTRY-PENDING] height=1893 chain_height=1881 reason=future_parent
[SET-PENDING] height=1894 chain_height=1881 reason=future_height
Validator heartbeat received: C | reported_height=1893 | finalized_height=1893 | local_exec_epoch=1894
[SNAPSHOT-PUBLISH] deferred height=1881 reason=auto_publish_interval_10
Validator heartbeat received: C | reported_height=1893 | finalized_height=1893 | local_exec_epoch=1894
Ã°Å¸â€œÂ¨ Consensus message from 12D3KooWD9ed8zJXbW8uUU6XHD2UYrsQQEvnuXReJWFeo52dvdf8: execution_result (size: 359 bytes)
Ã°Å¸â€Å’ Consensus stream EOF from 12D3KooWD9ed8zJXbW8uUU6XHD2UYrsQQEvnuXReJWFeo52dvdf8
Ã°Å¸â€Å’ Consensus stream closed with 12D3KooWD9ed8zJXbW8uUU6XHD2UYrsQQEvnuXReJWFeo52dvdf8
2026/05/18 00:46:23 [REGISTRY-PENDING] height=1894 chain_tip=1881 reason=future_block
[REGISTRY-PENDING] height=1894 chain_height=1881 reason=future_parent
[SET-PENDING] height=1895 chain_height=1881 reason=future_height
Validator heartbeat: C | reported_height=1894 | finalized_height=1894 | local_exec_epoch=1895
2026/05/18 00:46:23 [REGISTRY-PENDING] height=1892 chain_tip=1881 reason=future_block
[REGISTRY-PENDING] height=1892 chain_height=1881 reason=future_parent
[SET-PENDING] height=1893 chain_height=1881 reason=future_height
Validator heartbeat: C | reported_height=1894 | finalized_height=1894 | local_exec_epoch=1895
Validator heartbeat received: C | reported_height=1894 | finalized_height=1894 | local_exec_epoch=1895
2026/05/18 00:46:24 [REGISTRY-HISTORY-REBUILD] height=1893 status=scheduled reason=registry_snapshot_missing
2026/05/18 00:46:24 [REGISTRY-HISTORY-REBUILD] height=1893 status=started reason=registry_snapshot_missing
2026/05/18 00:46:24 [REGISTRY-HISTORY-REBUILD] height=1893 status=failed reason=registry_snapshot_missing
Validator heartbeat: A | reported_height=1894 | finalized_height=1894 | local_exec_epoch=1895
Validator heartbeat received: C | reported_height=1894 | finalized_height=1894 | local_exec_epoch=1895
2026/05/18 00:46:24 [REGISTRY-PENDING] height=1891 chain_tip=1881 reason=future_block
[REGISTRY-PENDING] height=1891 chain_height=1881 reason=future_parent
[SET-PENDING] height=1892 chain_height=1881 reason=future_height
Validator heartbeat: A | reported_height=1894 | finalized_height=1894 | local_exec_epoch=1895
Validator heartbeat received: A | reported_height=1894 | finalized_height=1894 | local_exec_epoch=1895
Validator heartbeat: B | reported_height=1894 | finalized_height=1894 | local_exec_epoch=1895
Validator heartbeat received: A | reported_height=1894 | finalized_height=1894 | local_exec_epoch=1895
Ã°Å¸â€œÂ¨ Consensus message from 12D3KooWD9ed8zJXbW8uUU6XHD2UYrsQQEvnuXReJWFeo52dvdf8: leader_block (size: 1170 bytes)
Ã°Å¸â€œÂ¦ Leader block received from 12D3KooWD9ed8zJXbW8uUU6XHD2UYrsQQEvnuXReJWFeo52dvdf8 | height=1895 proposer=C
Ã°Å¸â€Å’ Consensus stream EOF from 12D3KooWD9ed8zJXbW8uUU6XHD2UYrsQQEvnuXReJWFeo52dvdf8
Ã°Å¸â€Å’ Consensus stream closed with 12D3KooWD9ed8zJXbW8uUU6XHD2UYrsQQEvnuXReJWFeo52dvdf8
Ã°Å¸â€œÂ¨ Consensus message from 12D3KooWHdmUKc1bYKY3scg6TqGhK3SutwH9hu1aAez4VmvwkEyk: execution_result (size: 359 bytes)
Ã°Å¸â€Å’ Consensus stream EOF from 12D3KooWHdmUKc1bYKY3scg6TqGhK3SutwH9hu1aAez4VmvwkEyk
Ã°Å¸â€Å’ Consensus stream closed with 12D3KooWHdmUKc1bYKY3scg6TqGhK3SutwH9hu1aAez4VmvwkEyk
Ã°Å¸â€œÂ¨ Consensus message from 12D3KooWD9ed8zJXbW8uUU6XHD2UYrsQQEvnuXReJWFeo52dvdf8: execution_result (size: 359 bytes)
Ã°Å¸â€Å’ Consensus stream EOF from 12D3KooWD9ed8zJXbW8uUU6XHD2UYrsQQEvnuXReJWFeo52dvdf8
Ã°Å¸â€Å’ Consensus stream closed with 12D3KooWD9ed8zJXbW8uUU6XHD2UYrsQQEvnuXReJWFeo52dvdf8
Validator heartbeat: B | reported_height=1894 | finalized_height=1894 | local_exec_epoch=1895
Ã°Å¸â€œÂ¨ Consensus message from 12D3KooWPVKESWFG9sS8G6vjhfPn54kWuNFkkuHwG4yQXhYRcXjX: execution_result (size: 359 bytes)
Ã°Å¸â€Å’ Consensus stream EOF from 12D3KooWPVKESWFG9sS8G6vjhfPn54kWuNFkkuHwG4yQXhYRcXjX
Ã°Å¸â€Å’ Consensus stream closed with 12D3KooWPVKESWFG9sS8G6vjhfPn54kWuNFkkuHwG4yQXhYRcXjX
Validator heartbeat received: B | reported_height=1894 | finalized_height=1894 | local_exec_epoch=1895
Validator heartbeat: B | reported_height=1894 | finalized_height=1894 | local_exec_epoch=1895
Validator heartbeat received: B | reported_height=1894 | finalized_height=1894 | local_exec_epoch=1895
Validator heartbeat: B | reported_height=1894 | finalized_height=1894 | local_exec_epoch=1895
Dial fanout full (16); skipping this dial batch item
Ã°Å¸â€œÂ¨ Consensus message from 12D3KooWD9ed8zJXbW8uUU6XHD2UYrsQQEvnuXReJWFeo52dvdf8: leader_block (size: 1170 bytes)
Ã°Å¸â€œÂ¦ Leader block received from 12D3KooWD9ed8zJXbW8uUU6XHD2UYrsQQEvnuXReJWFeo52dvdf8 | height=1895 proposer=C
Ã°Å¸â€Å’ Consensus stream EOF from 12D3KooWD9ed8zJXbW8uUU6XHD2UYrsQQEvnuXReJWFeo52dvdf8
Ã°Å¸â€Å’ Consensus stream closed with 12D3KooWD9ed8zJXbW8uUU6XHD2UYrsQQEvnuXReJWFeo52dvdf8
Validator heartbeat received: B | reported_height=1894 | finalized_height=1894 | local_exec_epoch=1895
2026/05/18 00:46:27 [REGISTRY-PENDING] height=1893 chain_tip=1881 reason=future_block
[REGISTRY-PENDING] height=1893 chain_height=1881 reason=future_parent
[SET-PENDING] height=1894 chain_height=1881 reason=future_height
2026/05/18 00:46:27 [REGISTRY-PENDING] height=1895 chain_tip=1881 reason=future_block
[REGISTRY-PENDING] height=1895 chain_height=1881 reason=future_parent
[SET-PENDING] height=1896 chain_height=1881 reason=future_height
Validator heartbeat: B | reported_height=1895 | finalized_height=1894 | local_exec_epoch=1896
Validator heartbeat received: B | reported_height=1894 | finalized_height=1894 | local_exec_epoch=1895
Validator heartbeat: B | reported_height=1895 | finalized_height=1894 | local_exec_epoch=1896
2026/05/18 00:46:28 [REGISTRY-PENDING] height=1894 chain_tip=1881 reason=future_block
[REGISTRY-PENDING] height=1894 chain_height=1881 reason=future_parent
[SET-PENDING] height=1895 chain_height=1881 reason=future_height
Ã°Å¸â€œÂ¨ Consensus message from 12D3KooWD9ed8zJXbW8uUU6XHD2UYrsQQEvnuXReJWFeo52dvdf8: leader_block (size: 1170 bytes)
Ã°Å¸â€œÂ¦ Leader block received from 12D3KooWD9ed8zJXbW8uUU6XHD2UYrsQQEvnuXReJWFeo52dvdf8 | height=1895 proposer=C
Ã°Å¸â€Å’ Consensus stream EOF from 12D3KooWD9ed8zJXbW8uUU6XHD2UYrsQQEvnuXReJWFeo52dvdf8
Ã°Å¸â€Å’ Consensus stream closed with 12D3KooWD9ed8zJXbW8uUU6XHD2UYrsQQEvnuXReJWFeo52dvdf8
2026/05/18 00:46:28 [REGISTRY-PENDING] height=1892 chain_tip=1881 reason=future_block
[REGISTRY-PENDING] height=1892 chain_height=1881 reason=future_parent
[SET-PENDING] height=1893 chain_height=1881 reason=future_height
Validator heartbeat received: B | reported_height=1895 | finalized_height=1894 | local_exec_epoch=1896
[SNAPSHOT-PUBLISH] deferred height=1881 reason=auto_publish_interval_10
Validator heartbeat: B | reported_height=1895 | finalized_height=1895 | local_exec_epoch=1896
Validator heartbeat received: B | reported_height=1895 | finalized_height=1894 | local_exec_epoch=1896
Validator heartbeat: B | reported_height=1895 | finalized_height=1895 | local_exec_epoch=1896
2026/05/18 00:46:29 [REGISTRY-HISTORY-REBUILD] height=1893 status=scheduled reason=registry_snapshot_missing
2026/05/18 00:46:29 [REGISTRY-HISTORY-REBUILD] height=1893 status=started reason=registry_snapshot_missing
2026/05/18 00:46:29 [REGISTRY-HISTORY-REBUILD] height=1893 status=failed reason=registry_snapshot_missing
Validator heartbeat received: B | reported_height=1895 | finalized_height=1895 | local_exec_epoch=1896
Candidate heartbeat received: D | reported_height=1881 | finalized_height=1880 | local_exec_epoch=1882
Validator heartbeat: A | reported_height=1895 | finalized_height=1895 | local_exec_epoch=1896
Validator heartbeat received: B | reported_height=1895 | finalized_height=1895 | local_exec_epoch=1896
Candidate heartbeat received: D | reported_height=1881 | finalized_height=1880 | local_exec_epoch=1882
Validator heartbeat: A | reported_height=1895 | finalized_height=1895 | local_exec_epoch=1896
Validator heartbeat received: A | reported_height=1895 | finalized_height=1895 | local_exec_epoch=1896
Validator heartbeat: C | reported_height=1895 | finalized_height=1895 | local_exec_epoch=1896
Validator heartbeat received: A | reported_height=1895 | finalized_height=1895 | local_exec_epoch=1896
Validator heartbeat: C | reported_height=1895 | finalized_height=1895 | local_exec_epoch=1896
Validator heartbeat received: C | reported_height=1895 | finalized_height=1895 | local_exec_epoch=1896
Validator heartbeat received: C | reported_height=1895 | finalized_height=1895 | local_exec_epoch=1896
2026/05/18 00:46:31 [OK] goroutine pressure normalized: 230 (degrade mode off)
Attempting to connect to 9 peers
Ã°Å¸â€â€” PubSub mesh check against 9 peers
Ã°Å¸â€œÂ¨ Consensus message from 12D3KooWD9ed8zJXbW8uUU6XHD2UYrsQQEvnuXReJWFeo52dvdf8: leader_block (size: 1170 bytes)
Ã°Å¸â€œÂ¦ Leader block received from 12D3KooWD9ed8zJXbW8uUU6XHD2UYrsQQEvnuXReJWFeo52dvdf8 | height=1896 proposer=C
Ã°Å¸â€Å’ Consensus stream EOF from 12D3KooWD9ed8zJXbW8uUU6XHD2UYrsQQEvnuXReJWFeo52dvdf8
Ã°Å¸â€Å’ Consensus stream closed with 12D3KooWD9ed8zJXbW8uUU6XHD2UYrsQQEvnuXReJWFeo52dvdf8
Ã°Å¸â€œÂ¨ Consensus message from 12D3KooWD9ed8zJXbW8uUU6XHD2UYrsQQEvnuXReJWFeo52dvdf8: execution_result (size: 374 bytes)
Ã°Å¸â€Å’ Consensus stream EOF from 12D3KooWD9ed8zJXbW8uUU6XHD2UYrsQQEvnuXReJWFeo52dvdf8
Ã°Å¸â€Å’ Consensus stream closed with 12D3KooWD9ed8zJXbW8uUU6XHD2UYrsQQEvnuXReJWFeo52dvdf8
Ã°Å¸â€œÂ¨ Consensus message from 12D3KooWHdmUKc1bYKY3scg6TqGhK3SutwH9hu1aAez4VmvwkEyk: execution_result (size: 374 bytes)
Ã°Å¸â€Å’ Consensus stream EOF from 12D3KooWHdmUKc1bYKY3scg6TqGhK3SutwH9hu1aAez4VmvwkEyk
Ã°Å¸â€Å’ Consensus stream closed with 12D3KooWHdmUKc1bYKY3scg6TqGhK3SutwH9hu1aAez4VmvwkEyk
Ã°Å¸â€œÂ¨ Consensus message from 12D3KooWPVKESWFG9sS8G6vjhfPn54kWuNFkkuHwG4yQXhYRcXjX: execution_result (size: 374 bytes)
Ã°Å¸â€Å’ Consensus stream EOF from 12D3KooWPVKESWFG9sS8G6vjhfPn54kWuNFkkuHwG4yQXhYRcXjX
Ã°Å¸â€Å’ Consensus stream closed with 12D3KooWPVKESWFG9sS8G6vjhfPn54kWuNFkkuHwG4yQXhYRcXjX
2026/05/18 00:46:38 [REGISTRY-PENDING] height=1895 chain_tip=1881 reason=future_block
[REGISTRY-PENDING] height=1895 chain_height=1881 reason=future_parent
[SET-PENDING] height=1896 chain_height=1881 reason=future_height
2026/05/18 00:46:38 [REGISTRY-HISTORY-REBUILD] height=1895 status=scheduled reason=registry_snapshot_missing
2026/05/18 00:46:38 [REGISTRY-PENDING] height=1894 chain_tip=1881 reason=future_block
2026/05/18 00:46:38 [REGISTRY-HISTORY-REBUILD] height=1895 status=started reason=registry_snapshot_missing
[REGISTRY-PENDING] height=1894 chain_height=1881 reason=future_parent
2026/05/18 00:46:38 [REGISTRY-HISTORY-REBUILD] height=1895 status=failed reason=registry_snapshot_missing
2026/05/18 00:46:38 [REGISTRY-PENDING] height=1896 chain_tip=1881 reason=future_block
[SET-PENDING] height=1895 chain_height=1881 reason=future_height
[REGISTRY-PENDING] height=1896 chain_height=1881 reason=future_parent
[SET-PENDING] height=1897 chain_height=1881 reason=future_height
Validator heartbeat: A | reported_height=1896 | finalized_height=1896 | local_exec_epoch=1897
2026/05/18 00:46:38 [REGISTRY-PENDING] height=1893 chain_tip=1881 reason=future_block
[REGISTRY-PENDING] height=1893 chain_height=1881 reason=future_parent
[SET-PENDING] height=1894 chain_height=1881 reason=future_height
Validator heartbeat: A | reported_height=1896 | finalized_height=1896 | local_exec_epoch=1897
Validator heartbeat received: A | reported_height=1896 | finalized_height=1896 | local_exec_epoch=1897
[SNAPSHOT-PUBLISH] deferred height=1881 reason=auto_publish_interval_10
Validator heartbeat: C | reported_height=1896 | finalized_height=1896 | local_exec_epoch=1897
Validator heartbeat received: A | reported_height=1896 | finalized_height=1896 | local_exec_epoch=1897
Validator heartbeat: C | reported_height=1896 | finalized_height=1896 | local_exec_epoch=1897
Validator heartbeat received: C | reported_height=1896 | finalized_height=1896 | local_exec_epoch=1897
Ã°Å¸â€œÂ¨ Consensus message from 12D3KooWD9ed8zJXbW8uUU6XHD2UYrsQQEvnuXReJWFeo52dvdf8: leader_block (size: 1170 bytes)
Ã°Å¸â€œÂ¦ Leader block received from 12D3KooWD9ed8zJXbW8uUU6XHD2UYrsQQEvnuXReJWFeo52dvdf8 | height=1897 proposer=C
Ã°Å¸â€Å’ Consensus stream EOF from 12D3KooWD9ed8zJXbW8uUU6XHD2UYrsQQEvnuXReJWFeo52dvdf8
Ã°Å¸â€Å’ Consensus stream closed with 12D3KooWD9ed8zJXbW8uUU6XHD2UYrsQQEvnuXReJWFeo52dvdf8
Ã°Å¸â€œÂ¨ Consensus message from 12D3KooWHdmUKc1bYKY3scg6TqGhK3SutwH9hu1aAez4VmvwkEyk: execution_result (size: 359 bytes)
Ã°Å¸â€Å’ Consensus stream EOF from 12D3KooWHdmUKc1bYKY3scg6TqGhK3SutwH9hu1aAez4VmvwkEyk
Ã°Å¸â€Å’ Consensus stream closed with 12D3KooWHdmUKc1bYKY3scg6TqGhK3SutwH9hu1aAez4VmvwkEyk
Ã°Å¸â€œÂ¨ Consensus message from 12D3KooWD9ed8zJXbW8uUU6XHD2UYrsQQEvnuXReJWFeo52dvdf8: execution_result (size: 359 bytes)
Ã°Å¸â€Å’ Consensus stream EOF from 12D3KooWD9ed8zJXbW8uUU6XHD2UYrsQQEvnuXReJWFeo52dvdf8
Ã°Å¸â€Å’ Consensus stream closed with 12D3KooWD9ed8zJXbW8uUU6XHD2UYrsQQEvnuXReJWFeo52dvdf8
Validator heartbeat: B | reported_height=1896 | finalized_height=1896 | local_exec_epoch=1897
Validator heartbeat received: C | reported_height=1896 | finalized_height=1896 | local_exec_epoch=1897
Ã°Å¸â€œÂ¨ Consensus message from 12D3KooWPVKESWFG9sS8G6vjhfPn54kWuNFkkuHwG4yQXhYRcXjX: execution_result (size: 359 bytes)
Ã°Å¸â€Å’ Consensus stream EOF from 12D3KooWPVKESWFG9sS8G6vjhfPn54kWuNFkkuHwG4yQXhYRcXjX
Ã°Å¸â€Å’ Consensus stream closed with 12D3KooWPVKESWFG9sS8G6vjhfPn54kWuNFkkuHwG4yQXhYRcXjX
Validator heartbeat: B | reported_height=1896 | finalized_height=1896 | local_exec_epoch=1897
Validator heartbeat received: B | reported_height=1896 | finalized_height=1896 | local_exec_epoch=1897
Candidate heartbeat received: D | reported_height=1881 | finalized_height=1880 | local_exec_epoch=1882
2026/05/18 00:46:41 [REGISTRY-PENDING] height=1897 chain_tip=1881 reason=future_block
[REGISTRY-PENDING] height=1897 chain_height=1881 reason=future_parent
[SET-PENDING] height=1898 chain_height=1881 reason=future_height
2026/05/18 00:46:41 [OK] goroutine pressure normalized: 231 (degrade mode off)
Dial fanout full (16); skipping this dial batch item
Ã°Å¸â€œÂ¨ Consensus message from 12D3KooWD9ed8zJXbW8uUU6XHD2UYrsQQEvnuXReJWFeo52dvdf8: leader_block (size: 1170 bytes)
Ã°Å¸â€œÂ¦ Leader block received from 12D3KooWD9ed8zJXbW8uUU6XHD2UYrsQQEvnuXReJWFeo52dvdf8 | height=1897 proposer=C
Ã°Å¸â€Å’ Consensus stream EOF from 12D3KooWD9ed8zJXbW8uUU6XHD2UYrsQQEvnuXReJWFeo52dvdf8
Ã°Å¸â€Å’ Consensus stream closed with 12D3KooWD9ed8zJXbW8uUU6XHD2UYrsQQEvnuXReJWFeo52dvdf8
Validator heartbeat: B | reported_height=1897 | finalized_height=1897 | local_exec_epoch=1898
Validator heartbeat received: B | reported_height=1896 | finalized_height=1896 | local_exec_epoch=1897
Candidate heartbeat received: D | reported_height=1881 | finalized_height=1880 | local_exec_epoch=1882
Validator heartbeat: B | reported_height=1897 | finalized_height=1897 | local_exec_epoch=1898
Validator heartbeat received: B | reported_height=1897 | finalized_height=1897 | local_exec_epoch=1898
Validator heartbeat: A | reported_height=1897 | finalized_height=1897 | local_exec_epoch=1898
Validator heartbeat received: B | reported_height=1897 | finalized_height=1897 | local_exec_epoch=1898
[REGISTRY-PENDING] height=1895 chain_height=1881 reason=future_parent
2026/05/18 00:46:43 [REGISTRY-PENDING] height=1895 chain_tip=1881 reason=future_block
2026/05/18 00:46:43 [REGISTRY-HISTORY-REBUILD] height=1894 status=scheduled reason=registry_snapshot_missing
2026/05/18 00:46:43 [REGISTRY-HISTORY-REBUILD] height=1894 status=started reason=registry_snapshot_missing
2026/05/18 00:46:43 [REGISTRY-HISTORY-REBUILD] height=1894 status=failed reason=registry_snapshot_missing
[SET-PENDING] height=1896 chain_height=1881 reason=future_height
Validator heartbeat: A | reported_height=1897 | finalized_height=1897 | local_exec_epoch=1898
2026/05/18 00:46:43 [REGISTRY-PENDING] height=1896 chain_tip=1881 reason=future_block
[REGISTRY-PENDING] height=1896 chain_height=1881 reason=future_parent
[SET-PENDING] height=1897 chain_height=1881 reason=future_height
2026/05/18 00:46:43 [REGISTRY-PENDING] height=1894 chain_tip=1881 reason=future_block
[REGISTRY-PENDING] height=1894 chain_height=1881 reason=future_parent
[SET-PENDING] height=1895 chain_height=1881 reason=future_height
Validator heartbeat received: A | reported_height=1897 | finalized_height=1897 | local_exec_epoch=1898
Validator heartbeat received: A | reported_height=1897 | finalized_height=1897 | local_exec_epoch=1898
Validator heartbeat: C | reported_height=1897 | finalized_height=1897 | local_exec_epoch=1898
Validator heartbeat: C | reported_height=1897 | finalized_height=1897 | local_exec_epoch=1898
Validator heartbeat received: C | reported_height=1897 | finalized_height=1897 | local_exec_epoch=1898
[SNAPSHOT-PUBLISH] deferred height=1881 reason=auto_publish_interval_10
Validator heartbeat received: C | reported_height=1897 | finalized_height=1897 | local_exec_epoch=1898
Ã°Å¸â€œÂ¨ Consensus message from 12D3KooWD9ed8zJXbW8uUU6XHD2UYrsQQEvnuXReJWFeo52dvdf8: leader_block (size: 1170 bytes)
Ã°Å¸â€œÂ¦ Leader block received from 12D3KooWD9ed8zJXbW8uUU6XHD2UYrsQQEvnuXReJWFeo52dvdf8 | height=1898 proposer=C
Ã°Å¸â€Å’ Consensus stream EOF from 12D3KooWD9ed8zJXbW8uUU6XHD2UYrsQQEvnuXReJWFeo52dvdf8
Ã°Å¸â€Å’ Consensus stream closed with 12D3KooWD9ed8zJXbW8uUU6XHD2UYrsQQEvnuXReJWFeo52dvdf8
Ã°Å¸â€œÂ¨ Consensus message from 12D3KooWD9ed8zJXbW8uUU6XHD2UYrsQQEvnuXReJWFeo52dvdf8: execution_result (size: 359 bytes)
Ã°Å¸â€Å’ Consensus stream EOF from 12D3KooWD9ed8zJXbW8uUU6XHD2UYrsQQEvnuXReJWFeo52dvdf8
Ã°Å¸â€Å’ Consensus stream closed with 12D3KooWD9ed8zJXbW8uUU6XHD2UYrsQQEvnuXReJWFeo52dvdf8
Ã°Å¸â€œÂ¨ Consensus message from 12D3KooWHdmUKc1bYKY3scg6TqGhK3SutwH9hu1aAez4VmvwkEyk: execution_result (size: 359 bytes)
Ã°Å¸â€Å’ Consensus stream EOF from 12D3KooWHdmUKc1bYKY3scg6TqGhK3SutwH9hu1aAez4VmvwkEyk
Ã°Å¸â€Å’ Consensus stream closed with 12D3KooWHdmUKc1bYKY3scg6TqGhK3SutwH9hu1aAez4VmvwkEyk
Ã°Å¸â€œÂ¨ Consensus message from 12D3KooWPVKESWFG9sS8G6vjhfPn54kWuNFkkuHwG4yQXhYRcXjX: execution_result (size: 359 bytes)
Ã°Å¸â€Å’ Consensus stream EOF from 12D3KooWPVKESWFG9sS8G6vjhfPn54kWuNFkkuHwG4yQXhYRcXjX
Ã°Å¸â€Å’ Consensus stream closed with 12D3KooWPVKESWFG9sS8G6vjhfPn54kWuNFkkuHwG4yQXhYRcXjX
2026/05/18 00:46:46 [REGISTRY-PENDING] height=1898 chain_tip=1881 reason=future_block
[REGISTRY-PENDING] height=1898 chain_height=1881 reason=future_parent
[SET-PENDING] height=1899 chain_height=1881 reason=future_height
Validator heartbeat: B | reported_height=1898 | finalized_height=1898 | local_exec_epoch=1899
2026/05/18 00:46:46 [REGISTRY-PENDING] height=1897 chain_tip=1881 reason=future_block
[REGISTRY-PENDING] height=1897 chain_height=1881 reason=future_parent
[SET-PENDING] height=1898 chain_height=1881 reason=future_height
Validator heartbeat: B | reported_height=1898 | finalized_height=1898 | local_exec_epoch=1899
Validator heartbeat received: B | reported_height=1898 | finalized_height=1898 | local_exec_epoch=1899
Ã°Å¸â€œÂ¨ Consensus message from 12D3KooWD9ed8zJXbW8uUU6XHD2UYrsQQEvnuXReJWFeo52dvdf8: leader_block (size: 1170 bytes)
Ã°Å¸â€œÂ¦ Leader block received from 12D3KooWD9ed8zJXbW8uUU6XHD2UYrsQQEvnuXReJWFeo52dvdf8 | height=1898 proposer=C
Ã°Å¸â€Å’ Consensus stream EOF from 12D3KooWD9ed8zJXbW8uUU6XHD2UYrsQQEvnuXReJWFeo52dvdf8
Ã°Å¸â€Å’ Consensus stream closed with 12D3KooWD9ed8zJXbW8uUU6XHD2UYrsQQEvnuXReJWFeo52dvdf8
Validator heartbeat received: B | reported_height=1898 | finalized_height=1898 | local_exec_epoch=1899
Ã°Å¸â€œÂ¨ Consensus message from 12D3KooWHdmUKc1bYKY3scg6TqGhK3SutwH9hu1aAez4VmvwkEyk: leader_block (size: 1170 bytes)
Ã°Å¸â€œÂ¦ Leader block received from 12D3KooWHdmUKc1bYKY3scg6TqGhK3SutwH9hu1aAez4VmvwkEyk | height=1899 proposer=B
Ã°Å¸â€Å’ Consensus stream EOF from 12D3KooWHdmUKc1bYKY3scg6TqGhK3SutwH9hu1aAez4VmvwkEyk
Ã°Å¸â€Å’ Consensus stream closed with 12D3KooWHdmUKc1bYKY3scg6TqGhK3SutwH9hu1aAez4VmvwkEyk
Ã°Å¸â€œÂ¨ Consensus message from 12D3KooWHdmUKc1bYKY3scg6TqGhK3SutwH9hu1aAez4VmvwkEyk: execution_result (size: 359 bytes)
Ã°Å¸â€Å’ Consensus stream EOF from 12D3KooWHdmUKc1bYKY3scg6TqGhK3SutwH9hu1aAez4VmvwkEyk
Ã°Å¸â€Å’ Consensus stream closed with 12D3KooWHdmUKc1bYKY3scg6TqGhK3SutwH9hu1aAez4VmvwkEyk
2026/05/18 00:46:48 [REGISTRY-HISTORY-REBUILD] height=1897 status=scheduled reason=registry_snapshot_missing
2026/05/18 00:46:48 [REGISTRY-HISTORY-REBUILD] height=1897 status=started reason=registry_snapshot_missing
2026/05/18 00:46:48 [REGISTRY-HISTORY-REBUILD] height=1897 status=failed reason=registry_snapshot_missing
2026/05/18 00:46:48 [REGISTRY-PENDING] height=1896 chain_tip=1881 reason=future_block
[REGISTRY-PENDING] height=1896 chain_height=1881 reason=future_parent
[SET-PENDING] height=1897 chain_height=1881 reason=future_height
Validator heartbeat: A | reported_height=1898 | finalized_height=1898 | local_exec_epoch=1899
Validator heartbeat: A | reported_height=1898 | finalized_height=1898 | local_exec_epoch=1899
2026/05/18 00:46:48 [REGISTRY-PENDING] height=1895 chain_tip=1881 reason=future_block
[REGISTRY-PENDING] height=1895 chain_height=1881 reason=future_parent
[SET-PENDING] height=1896 chain_height=1881 reason=future_height
Ã°Å¸â€œÂ¨ Consensus message from 12D3KooWHdmUKc1bYKY3scg6TqGhK3SutwH9hu1aAez4VmvwkEyk: leader_block (size: 1170 bytes)
Ã°Å¸â€œÂ¦ Leader block received from 12D3KooWHdmUKc1bYKY3scg6TqGhK3SutwH9hu1aAez4VmvwkEyk | height=1899 proposer=B
Ã°Å¸â€Å’ Consensus stream EOF from 12D3KooWHdmUKc1bYKY3scg6TqGhK3SutwH9hu1aAez4VmvwkEyk
Ã°Å¸â€Å’ Consensus stream closed with 12D3KooWHdmUKc1bYKY3scg6TqGhK3SutwH9hu1aAez4VmvwkEyk
Validator heartbeat received: A | reported_height=1898 | finalized_height=1898 | local_exec_epoch=1899
Validator heartbeat received: A | reported_height=1898 | finalized_height=1898 | local_exec_epoch=1899
Ã°Å¸â€œÂ¨ Consensus message from 12D3KooWPVKESWFG9sS8G6vjhfPn54kWuNFkkuHwG4yQXhYRcXjX: execution_result (size: 359 bytes)
Ã°Å¸â€Å’ Consensus stream EOF from 12D3KooWPVKESWFG9sS8G6vjhfPn54kWuNFkkuHwG4yQXhYRcXjX
Ã°Å¸â€Å’ Consensus stream closed with 12D3KooWPVKESWFG9sS8G6vjhfPn54kWuNFkkuHwG4yQXhYRcXjX
Validator heartbeat: C | reported_height=1898 | finalized_height=1898 | local_exec_epoch=1899
[REGISTRY-PENDING] height=1898 chain_height=1881 reason=future_parent
[SET-PENDING] height=1899 chain_height=1881 reason=future_height
Validator heartbeat: C | reported_height=1898 | finalized_height=1898 | local_exec_epoch=1899
2026/05/18 00:46:51 [REGISTRY-PENDING] height=1898 chain_tip=1881 reason=future_block
2026/05/18 00:46:51 [REGISTRY-PENDING] height=1897 chain_tip=1881 reason=future_block
[REGISTRY-PENDING] height=1897 chain_height=1881 reason=future_parent
[SET-PENDING] height=1898 chain_height=1881 reason=future_height
2026/05/18 00:46:51 [OK] goroutine pressure normalized: 247 (degrade mode off)
2026/05/18 00:46:51 map stats: seen_blocks=2 seen_txs=0 fork_heights=0 fork_blocks=0 exec_results_keys=0 exec_results_total=0 pending_blocks=0 queued_exec_votes_keys=0 queued_exec_votes_total=0 accepted_proposal=1 exec_broadcasted_epochs=0 exec_broadcasted_keys=0 exec_signer_seen_epochs=1 exec_signer_seen_total=3 exec_broadcasted_by_val_epochs=0 exec_broadcasted_by_val_total=0 exec_rebroadcast_epochs=0 validator_status=5 candidates=1 peer_state=45 peers_connected=9 peers_connecting=0 peer_suspect=0 allowed_peers=4 pending_validators=0 pending_removals=0 queued_validator_updates=0 height_report_epochs=1 height_report_total=3 misbehavior_validators=0 misbehavior_total=0 exec_mismatch_tracked=0 exec_vote_replay_cache=3
Validator heartbeat received: C | reported_height=1898 | finalized_height=1898 | local_exec_epoch=1899
[SNAPSHOT-PUBLISH] deferred height=1881 reason=auto_publish_interval_10
Candidate heartbeat received: D | reported_height=1881 | finalized_height=1880 | local_exec_epoch=1882
Validator heartbeat received: C | reported_height=1898 | finalized_height=1898 | local_exec_epoch=1899
Candidate heartbeat received: D | reported_height=1881 | finalized_height=1880 | local_exec_epoch=1882
Ã°Å¸â€œÂ¨ Consensus message from 12D3KooWD9ed8zJXbW8uUU6XHD2UYrsQQEvnuXReJWFeo52dvdf8: execution_result (size: 359 bytes)
Ã°Å¸â€Å’ Consensus stream EOF from 12D3KooWD9ed8zJXbW8uUU6XHD2UYrsQQEvnuXReJWFeo52dvdf8
Ã°Å¸â€Å’ Consensus stream closed with 12D3KooWD9ed8zJXbW8uUU6XHD2UYrsQQEvnuXReJWFeo52dvdf8
2026/05/18 00:46:53 [REGISTRY-PENDING] height=1899 chain_tip=1881 reason=future_block
[REGISTRY-PENDING] height=1899 chain_height=1881 reason=future_parent
[SET-PENDING] height=1900 chain_height=1881 reason=future_height
Validator heartbeat: C | reported_height=1899 | finalized_height=1899 | local_exec_epoch=1900
2026/05/18 00:46:53 [REGISTRY-HISTORY-REBUILD] height=1899 status=scheduled reason=registry_snapshot_missing
2026/05/18 00:46:53 [REGISTRY-HISTORY-REBUILD] height=1899 status=started reason=registry_snapshot_missing
2026/05/18 00:46:53 [REGISTRY-HISTORY-REBUILD] height=1899 status=failed reason=registry_snapshot_missing
Validator heartbeat: C | reported_height=1899 | finalized_height=1899 | local_exec_epoch=1900
2026/05/18 00:46:53 [REGISTRY-PENDING] height=1896 chain_tip=1881 reason=future_block
[REGISTRY-PENDING] height=1896 chain_height=1881 reason=future_parent
[SET-PENDING] height=1897 chain_height=1881 reason=future_height
Validator heartbeat received: C | reported_height=1899 | finalized_height=1899 | local_exec_epoch=1900
Validator heartbeat: A | reported_height=1899 | finalized_height=1899 | local_exec_epoch=1900
Validator heartbeat received: C | reported_height=1899 | finalized_height=1899 | local_exec_epoch=1900
Validator heartbeat: A | reported_height=1899 | finalized_height=1899 | local_exec_epoch=1900
Validator heartbeat received: A | reported_height=1899 | finalized_height=1899 | local_exec_epoch=1900
Validator heartbeat: B | reported_height=1899 | finalized_height=1899 | local_exec_epoch=1900
Validator heartbeat received: A | reported_height=1899 | finalized_height=1899 | local_exec_epoch=1900
Ã°Å¸â€œÂ¨ Consensus message from 12D3KooWD9ed8zJXbW8uUU6XHD2UYrsQQEvnuXReJWFeo52dvdf8: leader_block (size: 1170 bytes)
Ã°Å¸â€œÂ¦ Leader block received from 12D3KooWD9ed8zJXbW8uUU6XHD2UYrsQQEvnuXReJWFeo52dvdf8 | height=1900 proposer=C
Ã°Å¸â€Å’ Consensus stream EOF from 12D3KooWD9ed8zJXbW8uUU6XHD2UYrsQQEvnuXReJWFeo52dvdf8
Ã°Å¸â€Å’ Consensus stream closed with 12D3KooWD9ed8zJXbW8uUU6XHD2UYrsQQEvnuXReJWFeo52dvdf8
Ã°Å¸â€œÂ¨ Consensus message from 12D3KooWPVKESWFG9sS8G6vjhfPn54kWuNFkkuHwG4yQXhYRcXjX: execution_result (size: 359 bytes)
Ã°Å¸â€Å’ Consensus stream EOF from 12D3KooWPVKESWFG9sS8G6vjhfPn54kWuNFkkuHwG4yQXhYRcXjX
Ã°Å¸â€Å’ Consensus stream closed with 12D3KooWPVKESWFG9sS8G6vjhfPn54kWuNFkkuHwG4yQXhYRcXjX
Ã°Å¸â€œÂ¨ Consensus message from 12D3KooWD9ed8zJXbW8uUU6XHD2UYrsQQEvnuXReJWFeo52dvdf8: execution_result (size: 359 bytes)
Ã°Å¸â€Å’ Consensus stream EOF from 12D3KooWD9ed8zJXbW8uUU6XHD2UYrsQQEvnuXReJWFeo52dvdf8
Ã°Å¸â€Å’ Consensus stream closed with 12D3KooWD9ed8zJXbW8uUU6XHD2UYrsQQEvnuXReJWFeo52dvdf8
Validator heartbeat: B | reported_height=1899 | finalized_height=1899 | local_exec_epoch=1900
Ã°Å¸â€œÂ¨ Consensus message from 12D3KooWHdmUKc1bYKY3scg6TqGhK3SutwH9hu1aAez4VmvwkEyk: execution_result (size: 359 bytes)
Ã°Å¸â€Å’ Consensus stream EOF from 12D3KooWHdmUKc1bYKY3scg6TqGhK3SutwH9hu1aAez4VmvwkEyk
Ã°Å¸â€Å’ Consensus stream closed with 12D3KooWHdmUKc1bYKY3scg6TqGhK3SutwH9hu1aAez4VmvwkEyk
Validator heartbeat received: B | reported_height=1899 | finalized_height=1899 | local_exec_epoch=1900
Validator heartbeat: B | reported_height=1899 | finalized_height=1899 | local_exec_epoch=1900
Validator heartbeat received: B | reported_height=1899 | finalized_height=1899 | local_exec_epoch=1900
Validator heartbeat: B | reported_height=1899 | finalized_height=1899 | local_exec_epoch=1900
Ã°Å¸â€œÂ¨ Consensus message from 12D3KooWD9ed8zJXbW8uUU6XHD2UYrsQQEvnuXReJWFeo52dvdf8: leader_block (size: 1170 bytes)
Ã°Å¸â€œÂ¦ Leader block received from 12D3KooWD9ed8zJXbW8uUU6XHD2UYrsQQEvnuXReJWFeo52dvdf8 | height=1900 proposer=C
Ã°Å¸â€Å’ Consensus stream EOF from 12D3KooWD9ed8zJXbW8uUU6XHD2UYrsQQEvnuXReJWFeo52dvdf8
Ã°Å¸â€Å’ Consensus stream closed with 12D3KooWD9ed8zJXbW8uUU6XHD2UYrsQQEvnuXReJWFeo52dvdf8
[REGISTRY-PENDING] height=1898 chain_height=1881 reason=future_parent
[SET-PENDING] height=1899 chain_height=1881 reason=future_height
2026/05/18 00:46:56 [REGISTRY-PENDING] height=1898 chain_tip=1881 reason=future_block
[SNAPSHOT-PROOF] height=1900 checkpoint=1888 validator=A votes=1 hash=cbbc9abd
2026/05/18 00:46:56 [REGISTRY-PENDING] height=1897 chain_tip=1881 reason=future_block
[REGISTRY-PENDING] height=1897 chain_height=1881 reason=future_parent
[SET-PENDING] height=1898 chain_height=1881 reason=future_height
Attempting to connect to 9 peers
Dial fanout full (16); skipping this dial batch item
Ã°Å¸â€â€” PubSub mesh check against 9 peers
Validator heartbeat received: B | reported_height=1899 | finalized_height=1899 | local_exec_epoch=1900
2026/05/18 00:46:57 [REGISTRY-PENDING] height=1900 chain_tip=1881 reason=future_block
[REGISTRY-PENDING] height=1900 chain_height=1881 reason=future_parent
[SET-PENDING] height=1901 chain_height=1881 reason=future_height
[SNAPSHOT-PROOF] height=1900 checkpoint=1888 validator=B votes=2 hash=cbbc9abd
Ã°Å¸â€œÂ¨ Consensus message from 12D3KooWHdmUKc1bYKY3scg6TqGhK3SutwH9hu1aAez4VmvwkEyk: execution_result (size: 359 bytes)
Ã°Å¸â€Å’ Consensus stream EOF from 12D3KooWHdmUKc1bYKY3scg6TqGhK3SutwH9hu1aAez4VmvwkEyk
Ã°Å¸â€Å’ Consensus stream closed with 12D3KooWHdmUKc1bYKY3scg6TqGhK3SutwH9hu1aAez4VmvwkEyk
Ã°Å¸â€œÂ¨ Consensus message from 12D3KooWHdmUKc1bYKY3scg6TqGhK3SutwH9hu1aAez4VmvwkEyk: leader_block (size: 1170 bytes)
Ã°Å¸â€œÂ¨ Consensus message from 12D3KooWPVKESWFG9sS8G6vjhfPn54kWuNFkkuHwG4yQXhYRcXjX: execution_result (size: 359 bytes)
Ã°Å¸â€œÂ¦ Leader block received from 12D3KooWHdmUKc1bYKY3scg6TqGhK3SutwH9hu1aAez4VmvwkEyk | height=1901 proposer=B
Ã°Å¸â€Å’ Consensus stream EOF from 12D3KooWHdmUKc1bYKY3scg6TqGhK3SutwH9hu1aAez4VmvwkEyk
Ã°Å¸â€Å’ Consensus stream closed with 12D3KooWHdmUKc1bYKY3scg6TqGhK3SutwH9hu1aAez4VmvwkEyk
Ã°Å¸â€Å’ Consensus stream EOF from 12D3KooWPVKESWFG9sS8G6vjhfPn54kWuNFkkuHwG4yQXhYRcXjX
Ã°Å¸â€Å’ Consensus stream closed with 12D3KooWPVKESWFG9sS8G6vjhfPn54kWuNFkkuHwG4yQXhYRcXjX
Validator heartbeat: A | reported_height=1900 | finalized_height=1900 | local_exec_epoch=1901
Validator heartbeat received: B | reported_height=1899 | finalized_height=1899 | local_exec_epoch=1900
[SNAPSHOT-PUBLISH] deferred height=1881 reason=auto_publish_interval_10
Ã°Å¸â€œÂ¨ Consensus message from 12D3KooWHdmUKc1bYKY3scg6TqGhK3SutwH9hu1aAez4VmvwkEyk: leader_block (size: 1170 bytes)
Ã°Å¸â€œÂ¦ Leader block received from 12D3KooWHdmUKc1bYKY3scg6TqGhK3SutwH9hu1aAez4VmvwkEyk | height=1901 proposer=B
Ã°Å¸â€Å’ Consensus stream EOF from 12D3KooWHdmUKc1bYKY3scg6TqGhK3SutwH9hu1aAez4VmvwkEyk
Ã°Å¸â€Å’ Consensus stream closed with 12D3KooWHdmUKc1bYKY3scg6TqGhK3SutwH9hu1aAez4VmvwkEyk
Validator heartbeat: A | reported_height=1900 | finalized_height=1900 | local_exec_epoch=1901
Validator heartbeat received: A | reported_height=1900 | finalized_height=1900 | local_exec_epoch=1901
[REGISTRY-PENDING] height=1899 chain_height=1881 reason=future_parent
2026/05/18 00:46:58 [REGISTRY-PENDING] height=1899 chain_tip=1881 reason=future_block
[SET-PENDING] height=1900 chain_height=1881 reason=future_height
Validator heartbeat: B | reported_height=1900 | finalized_height=1900 | local_exec_epoch=1901
Validator heartbeat received: A | reported_height=1900 | finalized_height=1900 | local_exec_epoch=1901
Validator heartbeat: B | reported_height=1900 | finalized_height=1900 | local_exec_epoch=1901
2026/05/18 00:46:58 [REGISTRY-HISTORY-REBUILD] height=1900 status=scheduled reason=registry_snapshot_missing
2026/05/18 00:46:58 [REGISTRY-HISTORY-REBUILD] height=1900 status=started reason=registry_snapshot_missing
2026/05/18 00:46:58 [REGISTRY-HISTORY-REBUILD] height=1900 status=failed reason=registry_snapshot_missing
[SNAPSHOT-PROOF] height=1900 checkpoint=1888 validator=C votes=3 hash=cbbc9abd
Ã°Å¸â€œÂ¨ Consensus message from 12D3KooWD9ed8zJXbW8uUU6XHD2UYrsQQEvnuXReJWFeo52dvdf8: execution_result (size: 359 bytes)
Ã°Å¸â€Å’ Consensus stream EOF from 12D3KooWD9ed8zJXbW8uUU6XHD2UYrsQQEvnuXReJWFeo52dvdf8
Ã°Å¸â€Å’ Consensus stream closed with 12D3KooWD9ed8zJXbW8uUU6XHD2UYrsQQEvnuXReJWFeo52dvdf8
Validator heartbeat received: B | reported_height=1900 | finalized_height=1900 | local_exec_epoch=1901
Validator heartbeat: C | reported_height=1900 | finalized_height=1900 | local_exec_epoch=1901
Validator heartbeat received: B | reported_height=1900 | finalized_height=1900 | local_exec_epoch=1901
Validator heartbeat: C | reported_height=1900 | finalized_height=1900 | local_exec_epoch=1901
Validator heartbeat received: C | reported_height=1900 | finalized_height=1900 | local_exec_epoch=1901
2026/05/18 00:46:59 [REGISTRY-PENDING] height=1901 chain_tip=1881 reason=future_block
[REGISTRY-PENDING] height=1901 chain_height=1881 reason=future_parent
[SET-PENDING] height=1902 chain_height=1881 reason=future_height
Validator heartbeat: A | reported_height=1901 | finalized_height=1901 | local_exec_epoch=1902
Validator heartbeat received: C | reported_height=1900 | finalized_height=1900 | local_exec_epoch=1901
Validator heartbeat: A | reported_height=1901 | finalized_height=1901 | local_exec_epoch=1902
Validator heartbeat received: A | reported_height=1901 | finalized_height=1901 | local_exec_epoch=1902
Ã°Å¸â€œÂ¨ Consensus message from 12D3KooWD9ed8zJXbW8uUU6XHD2UYrsQQEvnuXReJWFeo52dvdf8: leader_block (size: 1170 bytes)
Ã°Å¸â€œÂ¦ Leader block received from 12D3KooWD9ed8zJXbW8uUU6XHD2UYrsQQEvnuXReJWFeo52dvdf8 | height=1902 proposer=C
Ã°Å¸â€Å’ Consensus stream EOF from 12D3KooWD9ed8zJXbW8uUU6XHD2UYrsQQEvnuXReJWFeo52dvdf8
Ã°Å¸â€Å’ Consensus stream closed with 12D3KooWD9ed8zJXbW8uUU6XHD2UYrsQQEvnuXReJWFeo52dvdf8
Validator heartbeat: B | reported_height=1901 | finalized_height=1901 | local_exec_epoch=1902
Validator heartbeat received: A | reported_height=1901 | finalized_height=1901 | local_exec_epoch=1902
Ã°Å¸â€œÂ¨ Consensus message from 12D3KooWD9ed8zJXbW8uUU6XHD2UYrsQQEvnuXReJWFeo52dvdf8: execution_result (size: 359 bytes)
Ã°Å¸â€Å’ Consensus stream EOF from 12D3KooWD9ed8zJXbW8uUU6XHD2UYrsQQEvnuXReJWFeo52dvdf8
Ã°Å¸â€Å’ Consensus stream closed with 12D3KooWD9ed8zJXbW8uUU6XHD2UYrsQQEvnuXReJWFeo52dvdf8
Ã°Å¸â€œÂ¨ Consensus message from 12D3KooWPVKESWFG9sS8G6vjhfPn54kWuNFkkuHwG4yQXhYRcXjX: execution_result (size: 359 bytes)
Ã°Å¸â€Å’ Consensus stream EOF from 12D3KooWPVKESWFG9sS8G6vjhfPn54kWuNFkkuHwG4yQXhYRcXjX
Ã°Å¸â€Å’ Consensus stream closed with 12D3KooWPVKESWFG9sS8G6vjhfPn54kWuNFkkuHwG4yQXhYRcXjX
Ã°Å¸â€œÂ¨ Consensus message from 12D3KooWHdmUKc1bYKY3scg6TqGhK3SutwH9hu1aAez4VmvwkEyk: execution_result (size: 359 bytes)
Ã°Å¸â€Å’ Consensus stream EOF from 12D3KooWHdmUKc1bYKY3scg6TqGhK3SutwH9hu1aAez4VmvwkEyk
Ã°Å¸â€Å’ Consensus stream closed with 12D3KooWHdmUKc1bYKY3scg6TqGhK3SutwH9hu1aAez4VmvwkEyk
Validator heartbeat: B | reported_height=1901 | finalized_height=1901 | local_exec_epoch=1902
2026/05/18 00:47:01 [REGISTRY-PENDING] height=1898 chain_tip=1881 reason=future_block
[REGISTRY-PENDING] height=1898 chain_height=1881 reason=future_parent
[SET-PENDING] height=1899 chain_height=1881 reason=future_height
Validator heartbeat received: B | reported_height=1901 | finalized_height=1901 | local_exec_epoch=1902
2026/05/18 00:47:01 [OK] goroutine pressure normalized: 233 (degrade mode off)
Ã°Å¸â€œÂ¨ Consensus message from 12D3KooWD9ed8zJXbW8uUU6XHD2UYrsQQEvnuXReJWFeo52dvdf8: leader_block (size: 1170 bytes)
Ã°Å¸â€œÂ¦ Leader block received from 12D3KooWD9ed8zJXbW8uUU6XHD2UYrsQQEvnuXReJWFeo52dvdf8 | height=1902 proposer=C
Ã°Å¸â€Å’ Consensus stream EOF from 12D3KooWD9ed8zJXbW8uUU6XHD2UYrsQQEvnuXReJWFeo52dvdf8
Ã°Å¸â€Å’ Consensus stream closed with 12D3KooWD9ed8zJXbW8uUU6XHD2UYrsQQEvnuXReJWFeo52dvdf8
2026/05/18 00:47:02 [REGISTRY-PENDING] height=1900 chain_tip=1881 reason=future_block
[REGISTRY-PENDING] height=1900 chain_height=1881 reason=future_parent
[SET-PENDING] height=1901 chain_height=1881 reason=future_height
Validator heartbeat: C | reported_height=1901 | finalized_height=1901 | local_exec_epoch=1902
Validator heartbeat received: B | reported_height=1901 | finalized_height=1901 | local_exec_epoch=1902
Validator heartbeat: C | reported_height=1901 | finalized_height=1901 | local_exec_epoch=1902
Ã°Å¸â€œÂ¨ Consensus message from 12D3KooWD9ed8zJXbW8uUU6XHD2UYrsQQEvnuXReJWFeo52dvdf8: leader_block (size: 1170 bytes)
Ã°Å¸â€œÂ¦ Leader block received from 12D3KooWD9ed8zJXbW8uUU6XHD2UYrsQQEvnuXReJWFeo52dvdf8 | height=1902 proposer=C
Ã°Å¸â€Å’ Consensus stream EOF from 12D3KooWD9ed8zJXbW8uUU6XHD2UYrsQQEvnuXReJWFeo52dvdf8
Ã°Å¸â€Å’ Consensus stream closed with 12D3KooWD9ed8zJXbW8uUU6XHD2UYrsQQEvnuXReJWFeo52dvdf8
[REGISTRY-PENDING] height=1899 chain_height=1881 reason=future_parent
Validator heartbeat received: C | reported_height=1901 | finalized_height=1901 | local_exec_epoch=1902
[SNAPSHOT-PUBLISH] deferred height=1881 reason=auto_publish_interval_10
2026/05/18 00:47:03 [REGISTRY-PENDING] height=1899 chain_tip=1881 reason=future_block
[SET-PENDING] height=1900 chain_height=1881 reason=future_height
Validator heartbeat: C | reported_height=1901 | finalized_height=1901 | local_exec_epoch=1902
Validator heartbeat received: C | reported_height=1901 | finalized_height=1901 | local_exec_epoch=1902
2026/05/18 00:47:03 [REGISTRY-HISTORY-REBUILD] height=1900 status=scheduled reason=registry_snapshot_missing
2026/05/18 00:47:03 [REGISTRY-HISTORY-REBUILD] height=1900 status=started reason=registry_snapshot_missing
2026/05/18 00:47:03 [REGISTRY-HISTORY-REBUILD] height=1900 status=failed reason=registry_snapshot_missing
Validator heartbeat: C | reported_height=1901 | finalized_height=1901 | local_exec_epoch=1902
Validator heartbeat received: C | reported_height=1901 | finalized_height=1901 | local_exec_epoch=1902
2026/05/18 00:47:04 [REGISTRY-PENDING] height=1902 chain_tip=1881 reason=future_block
[REGISTRY-PENDING] height=1902 chain_height=1881 reason=future_parent
[SET-PENDING] height=1903 chain_height=1881 reason=future_height
Validator heartbeat: B | reported_height=1902 | finalized_height=1902 | local_exec_epoch=1903
Validator heartbeat received: C | reported_height=1901 | finalized_height=1901 | local_exec_epoch=1902
Ã°Å¸â€œÂ¨ Consensus message from 12D3KooWPVKESWFG9sS8G6vjhfPn54kWuNFkkuHwG4yQXhYRcXjX: leader_block (size: 1170 bytes)
Ã°Å¸â€œÂ¦ Leader block received from 12D3KooWPVKESWFG9sS8G6vjhfPn54kWuNFkkuHwG4yQXhYRcXjX | height=1903 proposer=A
Ã°Å¸â€Å’ Consensus stream EOF from 12D3KooWPVKESWFG9sS8G6vjhfPn54kWuNFkkuHwG4yQXhYRcXjX
Ã°Å¸â€Å’ Consensus stream closed with 12D3KooWPVKESWFG9sS8G6vjhfPn54kWuNFkkuHwG4yQXhYRcXjX
Validator heartbeat: B | reported_height=1902 | finalized_height=1902 | local_exec_epoch=1903
Ã°Å¸â€œÂ¨ Consensus message from 12D3KooWPVKESWFG9sS8G6vjhfPn54kWuNFkkuHwG4yQXhYRcXjX: execution_result (size: 359 bytes)
Ã°Å¸â€Å’ Consensus stream EOF from 12D3KooWPVKESWFG9sS8G6vjhfPn54kWuNFkkuHwG4yQXhYRcXjX
Ã°Å¸â€Å’ Consensus stream closed with 12D3KooWPVKESWFG9sS8G6vjhfPn54kWuNFkkuHwG4yQXhYRcXjX
2026/05/18 00:47:04 [REGISTRY-PENDING] height=1901 chain_tip=1881 reason=future_block
[REGISTRY-PENDING] height=1901 chain_height=1881 reason=future_parent
[SET-PENDING] height=1902 chain_height=1881 reason=future_height
Validator heartbeat received: B | reported_height=1902 | finalized_height=1902 | local_exec_epoch=1903
Validator heartbeat: A | reported_height=1902 | finalized_height=1902 | local_exec_epoch=1903
Validator heartbeat received: B | reported_height=1902 | finalized_height=1902 | local_exec_epoch=1903
Ã°Å¸â€œÂ¨ Consensus message from 12D3KooWHdmUKc1bYKY3scg6TqGhK3SutwH9hu1aAez4VmvwkEyk: execution_result (size: 359 bytes)
Ã°Å¸â€Å’ Consensus stream EOF from 12D3KooWHdmUKc1bYKY3scg6TqGhK3SutwH9hu1aAez4VmvwkEyk
Ã°Å¸â€Å’ Consensus stream closed with 12D3KooWHdmUKc1bYKY3scg6TqGhK3SutwH9hu1aAez4VmvwkEyk
Ã°Å¸â€œÂ¨ Consensus message from 12D3KooWPVKESWFG9sS8G6vjhfPn54kWuNFkkuHwG4yQXhYRcXjX: leader_block (size: 1170 bytes)
Ã°Å¸â€œÂ¦ Leader block received from 12D3KooWPVKESWFG9sS8G6vjhfPn54kWuNFkkuHwG4yQXhYRcXjX | height=1903 proposer=A
Ã°Å¸â€Å’ Consensus stream EOF from 12D3KooWPVKESWFG9sS8G6vjhfPn54kWuNFkkuHwG4yQXhYRcXjX
Ã°Å¸â€Å’ Consensus stream closed with 12D3KooWPVKESWFG9sS8G6vjhfPn54kWuNFkkuHwG4yQXhYRcXjX
Validator heartbeat: A | reported_height=1902 | finalized_height=1902 | local_exec_epoch=1903
Validator heartbeat received: A | reported_height=1902 | finalized_height=1902 | local_exec_epoch=1903
Candidate heartbeat received: D | reported_height=1881 | finalized_height=1880 | local_exec_epoch=1882
Validator heartbeat: C | reported_height=1902 | finalized_height=1902 | local_exec_epoch=1903
Validator heartbeat received: A | reported_height=1902 | finalized_height=1902 | local_exec_epoch=1903
Candidate heartbeat received: D | reported_height=1881 | finalized_height=1880 | local_exec_epoch=1882
Validator heartbeat: C | reported_height=1902 | finalized_height=1902 | local_exec_epoch=1903
2026/05/18 00:47:07 [REGISTRY-PENDING] height=1900 chain_tip=1881 reason=future_block
[REGISTRY-PENDING] height=1900 chain_height=1881 reason=future_parent
[SET-PENDING] height=1901 chain_height=1881 reason=future_height
Validator heartbeat received: C | reported_height=1902 | finalized_height=1902 | local_exec_epoch=1903
Validator heartbeat received: C | reported_height=1902 | finalized_height=1902 | local_exec_epoch=1903
Ã°Å¸â€œÂ¨ Consensus message from 12D3KooWD9ed8zJXbW8uUU6XHD2UYrsQQEvnuXReJWFeo52dvdf8: execution_result (size: 359 bytes)
Ã°Å¸â€Å’ Consensus stream EOF from 12D3KooWD9ed8zJXbW8uUU6XHD2UYrsQQEvnuXReJWFeo52dvdf8
Ã°Å¸â€Å’ Consensus stream closed with 12D3KooWD9ed8zJXbW8uUU6XHD2UYrsQQEvnuXReJWFeo52dvdf8
2026/05/18 00:47:08 [REGISTRY-PENDING] height=1903 chain_tip=1881 reason=future_block
[REGISTRY-PENDING] height=1903 chain_height=1881 reason=future_parent
[SET-PENDING] height=1904 chain_height=1881 reason=future_height
2026/05/18 00:47:08 [REGISTRY-HISTORY-REBUILD] height=1903 status=scheduled reason=registry_snapshot_missing
2026/05/18 00:47:08 [REGISTRY-HISTORY-REBUILD] height=1903 status=started reason=registry_snapshot_missing
2026/05/18 00:47:08 [REGISTRY-HISTORY-REBUILD] height=1903 status=failed reason=registry_snapshot_missing
Validator heartbeat: A | reported_height=1903 | finalized_height=1903 | local_exec_epoch=1904
Validator heartbeat: A | reported_height=1903 | finalized_height=1903 | local_exec_epoch=1904
2026/05/18 00:47:09 [REGISTRY-PENDING] height=1902 chain_tip=1881 reason=future_block
[REGISTRY-PENDING] height=1902 chain_height=1881 reason=future_parent
[SET-PENDING] height=1903 chain_height=1881 reason=future_height
Validator heartbeat received: A | reported_height=1903 | finalized_height=1903 | local_exec_epoch=1904
[SNAPSHOT-PUBLISH] deferred height=1881 reason=auto_publish_interval_10
Validator heartbeat: C | reported_height=1903 | finalized_height=1903 | local_exec_epoch=1904
Validator heartbeat received: A | reported_height=1903 | finalized_height=1903 | local_exec_epoch=1904
Validator heartbeat: C | reported_height=1903 | finalized_height=1903 | local_exec_epoch=1904
2026/05/18 00:47:09 [REGISTRY-PENDING] height=1901 chain_tip=1881 reason=future_block
[REGISTRY-PENDING] height=1901 chain_height=1881 reason=future_parent
[SET-PENDING] height=1902 chain_height=1881 reason=future_height
Ã°Å¸â€œÂ¨ Consensus message from 12D3KooWD9ed8zJXbW8uUU6XHD2UYrsQQEvnuXReJWFeo52dvdf8: leader_block (size: 1170 bytes)
Ã°Å¸â€œÂ¦ Leader block received from 12D3KooWD9ed8zJXbW8uUU6XHD2UYrsQQEvnuXReJWFeo52dvdf8 | height=1904 proposer=C
Ã°Å¸â€Å’ Consensus stream EOF from 12D3KooWD9ed8zJXbW8uUU6XHD2UYrsQQEvnuXReJWFeo52dvdf8
Ã°Å¸â€Å’ Consensus stream closed with 12D3KooWD9ed8zJXbW8uUU6XHD2UYrsQQEvnuXReJWFeo52dvdf8
Validator heartbeat received: C | reported_height=1903 | finalized_height=1903 | local_exec_epoch=1904
Ã°Å¸â€œÂ¨ Consensus message from 12D3KooWD9ed8zJXbW8uUU6XHD2UYrsQQEvnuXReJWFeo52dvdf8: execution_result (size: 359 bytes)
Ã°Å¸â€Å’ Consensus stream EOF from 12D3KooWD9ed8zJXbW8uUU6XHD2UYrsQQEvnuXReJWFeo52dvdf8
Ã°Å¸â€Å’ Consensus stream closed with 12D3KooWD9ed8zJXbW8uUU6XHD2UYrsQQEvnuXReJWFeo52dvdf8
Ã°Å¸â€œÂ¨ Consensus message from 12D3KooWHdmUKc1bYKY3scg6TqGhK3SutwH9hu1aAez4VmvwkEyk: execution_result (size: 359 bytes)
Ã°Å¸â€Å’ Consensus stream EOF from 12D3KooWHdmUKc1bYKY3scg6TqGhK3SutwH9hu1aAez4VmvwkEyk
Ã°Å¸â€Å’ Consensus stream closed with 12D3KooWHdmUKc1bYKY3scg6TqGhK3SutwH9hu1aAez4VmvwkEyk
Validator heartbeat: B | reported_height=1903 | finalized_height=1903 | local_exec_epoch=1904
Validator heartbeat received: C | reported_height=1903 | finalized_height=1903 | local_exec_epoch=1904
Ã°Å¸â€œÂ¨ Consensus message from 12D3KooWPVKESWFG9sS8G6vjhfPn54kWuNFkkuHwG4yQXhYRcXjX: execution_result (size: 359 bytes)
Ã°Å¸â€Å’ Consensus stream EOF from 12D3KooWPVKESWFG9sS8G6vjhfPn54kWuNFkkuHwG4yQXhYRcXjX
Ã°Å¸â€Å’ Consensus stream closed with 12D3KooWPVKESWFG9sS8G6vjhfPn54kWuNFkkuHwG4yQXhYRcXjX
Validator heartbeat: B | reported_height=1903 | finalized_height=1903 | local_exec_epoch=1904
Ã°Å¸â€œÂ¨ Consensus message from 12D3KooWD9ed8zJXbW8uUU6XHD2UYrsQQEvnuXReJWFeo52dvdf8: leader_block (size: 1170 bytes)
Ã°Å¸â€œÂ¦ Leader block received from 12D3KooWD9ed8zJXbW8uUU6XHD2UYrsQQEvnuXReJWFeo52dvdf8 | height=1904 proposer=C
Ã°Å¸â€Å’ Consensus stream EOF from 12D3KooWD9ed8zJXbW8uUU6XHD2UYrsQQEvnuXReJWFeo52dvdf8
Ã°Å¸â€Å’ Consensus stream closed with 12D3KooWD9ed8zJXbW8uUU6XHD2UYrsQQEvnuXReJWFeo52dvdf8
Validator heartbeat received: B | reported_height=1903 | finalized_height=1903 | local_exec_epoch=1904
Validator heartbeat received: B | reported_height=1903 | finalized_height=1903 | local_exec_epoch=1904
2026/05/18 00:47:11 [REGISTRY-PENDING] height=1904 chain_tip=1881 reason=future_block
[REGISTRY-PENDING] height=1904 chain_height=1881 reason=future_parent
[SET-PENDING] height=1905 chain_height=1881 reason=future_height
Dial fanout full (16); skipping this dial batch item
2026/05/18 00:47:11 [OK] goroutine pressure normalized: 249 (degrade mode off)
Validator heartbeat: B | reported_height=1904 | finalized_height=1904 | local_exec_epoch=1905
Validator heartbeat: B | reported_height=1904 | finalized_height=1904 | local_exec_epoch=1905
Validator heartbeat received: B | reported_height=1904 | finalized_height=1904 | local_exec_epoch=1905
2026/05/18 00:47:13 [REGISTRY-PENDING] height=1903 chain_tip=1881 reason=future_block
Validator heartbeat: A | reported_height=1904 | finalized_height=1904 | local_exec_epoch=1905
Validator heartbeat received: B | reported_height=1904 | finalized_height=1904 | local_exec_epoch=1905
[REGISTRY-PENDING] height=1903 chain_height=1881 reason=future_parent
[SET-PENDING] height=1904 chain_height=1881 reason=future_height
2026/05/18 00:47:13 [REGISTRY-HISTORY-REBUILD] height=1904 status=scheduled reason=registry_snapshot_missing
2026/05/18 00:47:13 [REGISTRY-HISTORY-REBUILD] height=1904 status=started reason=registry_snapshot_missing
2026/05/18 00:47:13 [REGISTRY-HISTORY-REBUILD] height=1904 status=failed reason=registry_snapshot_missing
Validator heartbeat: A | reported_height=1904 | finalized_height=1904 | local_exec_epoch=1905
Ã°Å¸â€œÂ¨ Consensus message from 12D3KooWHdmUKc1bYKY3scg6TqGhK3SutwH9hu1aAez4VmvwkEyk: leader_block (size: 1170 bytes)
Ã°Å¸â€œÂ¦ Leader block received from 12D3KooWHdmUKc1bYKY3scg6TqGhK3SutwH9hu1aAez4VmvwkEyk | height=1905 proposer=B
Ã°Å¸â€Å’ Consensus stream EOF from 12D3KooWHdmUKc1bYKY3scg6TqGhK3SutwH9hu1aAez4VmvwkEyk
Ã°Å¸â€Å’ Consensus stream closed with 12D3KooWHdmUKc1bYKY3scg6TqGhK3SutwH9hu1aAez4VmvwkEyk
Ã°Å¸â€œÂ¨ Consensus message from 12D3KooWPVKESWFG9sS8G6vjhfPn54kWuNFkkuHwG4yQXhYRcXjX: execution_result (size: 359 bytes)
Ã°Å¸â€Å’ Consensus stream EOF from 12D3KooWPVKESWFG9sS8G6vjhfPn54kWuNFkkuHwG4yQXhYRcXjX
Ã°Å¸â€Å’ Consensus stream closed with 12D3KooWPVKESWFG9sS8G6vjhfPn54kWuNFkkuHwG4yQXhYRcXjX
Ã°Å¸â€œÂ¨ Consensus message from 12D3KooWHdmUKc1bYKY3scg6TqGhK3SutwH9hu1aAez4VmvwkEyk: execution_result (size: 359 bytes)
Ã°Å¸â€Å’ Consensus stream EOF from 12D3KooWHdmUKc1bYKY3scg6TqGhK3SutwH9hu1aAez4VmvwkEyk
Ã°Å¸â€Å’ Consensus stream closed with 12D3KooWHdmUKc1bYKY3scg6TqGhK3SutwH9hu1aAez4VmvwkEyk
Validator heartbeat received: A | reported_height=1904 | finalized_height=1904 | local_exec_epoch=1905
Ã°Å¸â€œÂ¨ Consensus message from 12D3KooWHdmUKc1bYKY3scg6TqGhK3SutwH9hu1aAez4VmvwkEyk: leader_block (size: 1170 bytes)
Ã°Å¸â€œÂ¦ Leader block received from 12D3KooWHdmUKc1bYKY3scg6TqGhK3SutwH9hu1aAez4VmvwkEyk | height=1905 proposer=B
Ã°Å¸â€Å’ Consensus stream EOF from 12D3KooWHdmUKc1bYKY3scg6TqGhK3SutwH9hu1aAez4VmvwkEyk
Ã°Å¸â€Å’ Consensus stream closed with 12D3KooWHdmUKc1bYKY3scg6TqGhK3SutwH9hu1aAez4VmvwkEyk
2026/05/18 00:47:14 [REGISTRY-PENDING] height=1902 chain_tip=1881 reason=future_block
[REGISTRY-PENDING] height=1902 chain_height=1881 reason=future_parent
[SET-PENDING] height=1903 chain_height=1881 reason=future_height
Validator heartbeat: A | reported_height=1904 | finalized_height=1904 | local_exec_epoch=1905
Validator heartbeat received: A | reported_height=1904 | finalized_height=1904 | local_exec_epoch=1905
[SNAPSHOT-PUBLISH] deferred height=1881 reason=auto_publish_interval_10
Validator heartbeat: A | reported_height=1904 | finalized_height=1904 | local_exec_epoch=1905
Validator heartbeat received: A | reported_height=1904 | finalized_height=1904 | local_exec_epoch=1905
2026/05/18 00:47:15 [REGISTRY-PENDING] height=1901 chain_tip=1881 reason=future_block
[REGISTRY-PENDING] height=1901 chain_height=1881 reason=future_parent
[SET-PENDING] height=1902 chain_height=1881 reason=future_height
Validator heartbeat: C | reported_height=1904 | finalized_height=1904 | local_exec_epoch=1905
Validator heartbeat received: A | reported_height=1904 | finalized_height=1904 | local_exec_epoch=1905
Validator heartbeat: C | reported_height=1904 | finalized_height=1904 | local_exec_epoch=1905
[SNAPSHOT-PROOF] height=1850 checkpoint=1824 validator=G votes=1 hash=7a8ddda9
Validator heartbeat received: C | reported_height=1904 | finalized_height=1904 | local_exec_epoch=1905
Validator heartbeat: C | reported_height=1904 | finalized_height=1904 | local_exec_epoch=1905
Validator heartbeat received: C | reported_height=1904 | finalized_height=1904 | local_exec_epoch=1905
Validator heartbeat: C | reported_height=1904 | finalized_height=1904 | local_exec_epoch=1905
Validator heartbeat received: C | reported_height=1904 | finalized_height=1904 | local_exec_epoch=1905
Validator heartbeat received: C | reported_height=1904 | finalized_height=1904 | local_exec_epoch=1905
Ã°Å¸â€œÂ¨ Consensus message from 12D3KooWD9ed8zJXbW8uUU6XHD2UYrsQQEvnuXReJWFeo52dvdf8: execution_result (size: 359 bytes)
Ã°Å¸â€Å’ Consensus stream EOF from 12D3KooWD9ed8zJXbW8uUU6XHD2UYrsQQEvnuXReJWFeo52dvdf8
Ã°Å¸â€Å’ Consensus stream closed with 12D3KooWD9ed8zJXbW8uUU6XHD2UYrsQQEvnuXReJWFeo52dvdf8
Candidate heartbeat received: D | reported_height=1881 | finalized_height=1880 | local_exec_epoch=1882
Candidate heartbeat received: D | reported_height=1881 | finalized_height=1880 | local_exec_epoch=1882
2026/05/18 00:47:17 [REGISTRY-PENDING] height=1904 chain_tip=1881 reason=future_block
[REGISTRY-PENDING] height=1904 chain_height=1881 reason=future_parent
[SET-PENDING] height=1905 chain_height=1881 reason=future_height
2026/05/18 00:47:17 [REGISTRY-PENDING] height=1905 chain_tip=1881 reason=future_block
[REGISTRY-PENDING] height=1905 chain_height=1881 reason=future_parent
[SET-PENDING] height=1906 chain_height=1881 reason=future_height
Validator heartbeat: A | reported_height=1905 | finalized_height=1905 | local_exec_epoch=1906
Validator heartbeat: A | reported_height=1905 | finalized_height=1905 | local_exec_epoch=1906
2026/05/18 00:47:18 [REGISTRY-PENDING] height=1903 chain_tip=1881 reason=future_block
[REGISTRY-PENDING] height=1903 chain_height=1881 reason=future_parent
[SET-PENDING] height=1904 chain_height=1881 reason=future_height
2026/05/18 00:47:18 [REGISTRY-HISTORY-REBUILD] height=1903 status=scheduled reason=registry_snapshot_missing
2026/05/18 00:47:18 [REGISTRY-HISTORY-REBUILD] height=1903 status=started reason=registry_snapshot_missing
2026/05/18 00:47:18 [REGISTRY-HISTORY-REBUILD] height=1903 status=failed reason=registry_snapshot_missing
Validator heartbeat received: A | reported_height=1905 | finalized_height=1905 | local_exec_epoch=1906
Ã°Å¸â€œÂ¨ Consensus message from 12D3KooWHdmUKc1bYKY3scg6TqGhK3SutwH9hu1aAez4VmvwkEyk: leader_block (size: 1170 bytes)
Ã°Å¸â€œÂ¦ Leader block received from 12D3KooWHdmUKc1bYKY3scg6TqGhK3SutwH9hu1aAez4VmvwkEyk | height=1906 proposer=B
Ã°Å¸â€Å’ Consensus stream EOF from 12D3KooWHdmUKc1bYKY3scg6TqGhK3SutwH9hu1aAez4VmvwkEyk
Ã°Å¸â€Å’ Consensus stream closed with 12D3KooWHdmUKc1bYKY3scg6TqGhK3SutwH9hu1aAez4VmvwkEyk
Ã°Å¸â€œÂ¨ Consensus message from 12D3KooWHdmUKc1bYKY3scg6TqGhK3SutwH9hu1aAez4VmvwkEyk: execution_result (size: 359 bytes)
Ã°Å¸â€Å’ Consensus stream EOF from 12D3KooWHdmUKc1bYKY3scg6TqGhK3SutwH9hu1aAez4VmvwkEyk
Ã°Å¸â€Å’ Consensus stream closed with 12D3KooWHdmUKc1bYKY3scg6TqGhK3SutwH9hu1aAez4VmvwkEyk
Validator heartbeat: B | reported_height=1905 | finalized_height=1905 | local_exec_epoch=1906
Validator heartbeat received: A | reported_height=1905 | finalized_height=1905 | local_exec_epoch=1906
2026/05/18 00:47:19 [REGISTRY-PENDING] height=1902 chain_tip=1881 reason=future_block
[REGISTRY-PENDING] height=1902 chain_height=1881 reason=future_parent
[SET-PENDING] height=1903 chain_height=1881 reason=future_height
Validator heartbeat: B | reported_height=1905 | finalized_height=1905 | local_exec_epoch=1906
Ã°Å¸â€œÂ¨ Consensus message from 12D3KooWHdmUKc1bYKY3scg6TqGhK3SutwH9hu1aAez4VmvwkEyk: leader_block (size: 1170 bytes)
Ã°Å¸â€œÂ¦ Leader block received from 12D3KooWHdmUKc1bYKY3scg6TqGhK3SutwH9hu1aAez4VmvwkEyk | height=1906 proposer=B
Ã°Å¸â€Å’ Consensus stream EOF from 12D3KooWHdmUKc1bYKY3scg6TqGhK3SutwH9hu1aAez4VmvwkEyk
Ã°Å¸â€Å’ Consensus stream closed with 12D3KooWHdmUKc1bYKY3scg6TqGhK3SutwH9hu1aAez4VmvwkEyk
Ã°Å¸â€œÂ¨ Consensus message from 12D3KooWPVKESWFG9sS8G6vjhfPn54kWuNFkkuHwG4yQXhYRcXjX: execution_result (size: 359 bytes)
Ã°Å¸â€Å’ Consensus stream EOF from 12D3KooWPVKESWFG9sS8G6vjhfPn54kWuNFkkuHwG4yQXhYRcXjX
Ã°Å¸â€Å’ Consensus stream closed with 12D3KooWPVKESWFG9sS8G6vjhfPn54kWuNFkkuHwG4yQXhYRcXjX
Validator heartbeat received: B | reported_height=1905 | finalized_height=1905 | local_exec_epoch=1906
[SNAPSHOT-PUBLISH] deferred height=1881 reason=auto_publish_interval_10
Validator heartbeat received: B | reported_height=1905 | finalized_height=1905 | local_exec_epoch=1906
Attempting to connect to 9 peers
2026/05/18 00:47:21 [OK] goroutine pressure normalized: 248 (degrade mode off)
Ã°Å¸â€â€” PubSub mesh check against 9 peers
Validator heartbeat: C | reported_height=1905 | finalized_height=1905 | local_exec_epoch=1906
Validator heartbeat: C | reported_height=1905 | finalized_height=1905 | local_exec_epoch=1906
2026/05/18 00:47:22 [REGISTRY-PENDING] height=1904 chain_tip=1881 reason=future_block
[REGISTRY-PENDING] height=1904 chain_height=1881 reason=future_parent
[SET-PENDING] height=1905 chain_height=1881 reason=future_height
2026/05/18 00:47:22 [REGISTRY-PENDING] height=1905 chain_tip=1881 reason=future_block
Validator heartbeat received: C | reported_height=1905 | finalized_height=1905 | local_exec_epoch=1906
[REGISTRY-PENDING] height=1905 chain_height=1881 reason=future_parent
[SET-PENDING] height=1906 chain_height=1881 reason=future_height
Validator heartbeat received: C | reported_height=1905 | finalized_height=1905 | local_exec_epoch=1906
Ã°Å¸â€œÂ¨ Consensus message from 12D3KooWD9ed8zJXbW8uUU6XHD2UYrsQQEvnuXReJWFeo52dvdf8: execution_result (size: 359 bytes)
Ã°Å¸â€Å’ Consensus stream EOF from 12D3KooWD9ed8zJXbW8uUU6XHD2UYrsQQEvnuXReJWFeo52dvdf8
Ã°Å¸â€Å’ Consensus stream closed with 12D3KooWD9ed8zJXbW8uUU6XHD2UYrsQQEvnuXReJWFeo52dvdf8
2026/05/18 00:47:23 [REGISTRY-PENDING] height=1906 chain_tip=1881 reason=future_block
[REGISTRY-PENDING] height=1906 chain_height=1881 reason=future_parent
[SET-PENDING] height=1907 chain_height=1881 reason=future_height
2026/05/18 00:47:23 [REGISTRY-HISTORY-REBUILD] height=1906 status=scheduled reason=registry_snapshot_missing
Validator heartbeat: A | reported_height=1906 | finalized_height=1906 | local_exec_epoch=1907
2026/05/18 00:47:23 [REGISTRY-HISTORY-REBUILD] height=1906 status=started reason=registry_snapshot_missing
2026/05/18 00:47:23 [REGISTRY-HISTORY-REBUILD] height=1906 status=failed reason=registry_snapshot_missing
Validator heartbeat: A | reported_height=1906 | finalized_height=1906 | local_exec_epoch=1907
2026/05/18 00:47:23 [REGISTRY-PENDING] height=1903 chain_tip=1881 reason=future_block
[REGISTRY-PENDING] height=1903 chain_height=1881 reason=future_parent
[SET-PENDING] height=1904 chain_height=1881 reason=future_height
Validator heartbeat received: A | reported_height=1906 | finalized_height=1906 | local_exec_epoch=1907
Validator heartbeat: C | reported_height=1906 | finalized_height=1906 | local_exec_epoch=1907
Validator heartbeat received: A | reported_height=1906 | finalized_height=1906 | local_exec_epoch=1907
Ã°Å¸â€œÂ¨ Consensus message from 12D3KooWHdmUKc1bYKY3scg6TqGhK3SutwH9hu1aAez4VmvwkEyk: leader_block (size: 1170 bytes)
Ã°Å¸â€œÂ¦ Leader block received from 12D3KooWHdmUKc1bYKY3scg6TqGhK3SutwH9hu1aAez4VmvwkEyk | height=1907 proposer=B
Ã°Å¸â€Å’ Consensus stream EOF from 12D3KooWHdmUKc1bYKY3scg6TqGhK3SutwH9hu1aAez4VmvwkEyk
Ã°Å¸â€Å’ Consensus stream closed with 12D3KooWHdmUKc1bYKY3scg6TqGhK3SutwH9hu1aAez4VmvwkEyk
Ã°Å¸â€œÂ¨ Consensus message from 12D3KooWHdmUKc1bYKY3scg6TqGhK3SutwH9hu1aAez4VmvwkEyk: execution_result (size: 359 bytes)
Ã°Å¸â€Å’ Consensus stream EOF from 12D3KooWHdmUKc1bYKY3scg6TqGhK3SutwH9hu1aAez4VmvwkEyk
Ã°Å¸â€Å’ Consensus stream closed with 12D3KooWHdmUKc1bYKY3scg6TqGhK3SutwH9hu1aAez4VmvwkEyk
Validator heartbeat: C | reported_height=1906 | finalized_height=1906 | local_exec_epoch=1907
Ã°Å¸â€œÂ¨ Consensus message from 12D3KooWHdmUKc1bYKY3scg6TqGhK3SutwH9hu1aAez4VmvwkEyk: leader_block (size: 1170 bytes)
Ã°Å¸â€œÂ¦ Leader block received from 12D3KooWHdmUKc1bYKY3scg6TqGhK3SutwH9hu1aAez4VmvwkEyk | height=1907 proposer=B
Ã°Å¸â€Å’ Consensus stream EOF from 12D3KooWHdmUKc1bYKY3scg6TqGhK3SutwH9hu1aAez4VmvwkEyk
Ã°Å¸â€Å’ Consensus stream closed with 12D3KooWHdmUKc1bYKY3scg6TqGhK3SutwH9hu1aAez4VmvwkEyk
Validator heartbeat received: C | reported_height=1906 | finalized_height=1906 | local_exec_epoch=1907
[SNAPSHOT-PUBLISH] deferred height=1881 reason=auto_publish_interval_10
Validator heartbeat: B | reported_height=1906 | finalized_height=1906 | local_exec_epoch=1907
Validator heartbeat received: C | reported_height=1906 | finalized_height=1906 | local_exec_epoch=1907
Ã°Å¸â€œÂ¨ Consensus message from 12D3KooWPVKESWFG9sS8G6vjhfPn54kWuNFkkuHwG4yQXhYRcXjX: execution_result (size: 359 bytes)
Ã°Å¸â€Å’ Consensus stream EOF from 12D3KooWPVKESWFG9sS8G6vjhfPn54kWuNFkkuHwG4yQXhYRcXjX
Ã°Å¸â€Å’ Consensus stream closed with 12D3KooWPVKESWFG9sS8G6vjhfPn54kWuNFkkuHwG4yQXhYRcXjX
Validator heartbeat: B | reported_height=1906 | finalized_height=1906 | local_exec_epoch=1907
Validator heartbeat received: B | reported_height=1906 | finalized_height=1906 | local_exec_epoch=1907
Validator heartbeat: B | reported_height=1906 | finalized_height=1906 | local_exec_epoch=1907
Validator heartbeat received: B | reported_height=1906 | finalized_height=1906 | local_exec_epoch=1907
Validator heartbeat: B | reported_height=1906 | finalized_height=1906 | local_exec_epoch=1907
Ã°Å¸â€œÂ¨ Consensus message from 12D3KooWD9ed8zJXbW8uUU6XHD2UYrsQQEvnuXReJWFeo52dvdf8: execution_result (size: 359 bytes)
Ã°Å¸â€Å’ Consensus stream EOF from 12D3KooWD9ed8zJXbW8uUU6XHD2UYrsQQEvnuXReJWFeo52dvdf8
Ã°Å¸â€Å’ Consensus stream closed with 12D3KooWD9ed8zJXbW8uUU6XHD2UYrsQQEvnuXReJWFeo52dvdf8
Validator heartbeat received: B | reported_height=1906 | finalized_height=1906 | local_exec_epoch=1907
2026/05/18 00:47:26 [REGISTRY-PENDING] height=1907 chain_tip=1881 reason=future_block
[REGISTRY-PENDING] height=1907 chain_height=1881 reason=future_parent
[SET-PENDING] height=1908 chain_height=1881 reason=future_height
Dial fanout full (16); skipping this dial batch item
Validator heartbeat: B | reported_height=1907 | finalized_height=1907 | local_exec_epoch=1908
Validator heartbeat received: B | reported_height=1906 | finalized_height=1906 | local_exec_epoch=1907
Validator heartbeat: B | reported_height=1907 | finalized_height=1907 | local_exec_epoch=1908
2026/05/18 00:47:27 [REGISTRY-PENDING] height=1904 chain_tip=1881 reason=future_block
[REGISTRY-PENDING] height=1904 chain_height=1881 reason=future_parent
[SET-PENDING] height=1905 chain_height=1881 reason=future_height
2026/05/18 00:47:27 [REGISTRY-PENDING] height=1905 chain_tip=1881 reason=future_block
[REGISTRY-PENDING] height=1905 chain_height=1881 reason=future_parent
[SET-PENDING] height=1906 chain_height=1881 reason=future_height
Validator heartbeat received: B | reported_height=1907 | finalized_height=1907 | local_exec_epoch=1908
2026/05/18 00:47:28 [REGISTRY-PENDING] height=1906 chain_tip=1881 reason=future_block
[REGISTRY-PENDING] height=1906 chain_height=1881 reason=future_parent
[SET-PENDING] height=1907 chain_height=1881 reason=future_height
Validator heartbeat: A | reported_height=1907 | finalized_height=1907 | local_exec_epoch=1908
Validator heartbeat received: B | reported_height=1907 | finalized_height=1907 | local_exec_epoch=1908
2026/05/18 00:47:28 [REGISTRY-HISTORY-REBUILD] height=1905 status=scheduled reason=registry_snapshot_missing
2026/05/18 00:47:28 [REGISTRY-HISTORY-REBUILD] height=1905 status=started reason=registry_snapshot_missing
2026/05/18 00:47:28 [REGISTRY-HISTORY-REBUILD] height=1905 status=failed reason=registry_snapshot_missing
Validator heartbeat: A | reported_height=1907 | finalized_height=1907 | local_exec_epoch=1908
Validator heartbeat received: A | reported_height=1907 | finalized_height=1907 | local_exec_epoch=1908
Ã°Å¸â€œÂ¨ Consensus message from 12D3KooWPVKESWFG9sS8G6vjhfPn54kWuNFkkuHwG4yQXhYRcXjX: leader_block (size: 1170 bytes)
Ã°Å¸â€œÂ¦ Leader block received from 12D3KooWPVKESWFG9sS8G6vjhfPn54kWuNFkkuHwG4yQXhYRcXjX | height=1908 proposer=A
Ã°Å¸â€Å’ Consensus stream EOF from 12D3KooWPVKESWFG9sS8G6vjhfPn54kWuNFkkuHwG4yQXhYRcXjX
Ã°Å¸â€Å’ Consensus stream closed with 12D3KooWPVKESWFG9sS8G6vjhfPn54kWuNFkkuHwG4yQXhYRcXjX
Ã°Å¸â€œÂ¨ Consensus message from 12D3KooWPVKESWFG9sS8G6vjhfPn54kWuNFkkuHwG4yQXhYRcXjX: execution_result (size: 359 bytes)
Ã°Å¸â€Å’ Consensus stream EOF from 12D3KooWPVKESWFG9sS8G6vjhfPn54kWuNFkkuHwG4yQXhYRcXjX
Ã°Å¸â€Å’ Consensus stream closed with 12D3KooWPVKESWFG9sS8G6vjhfPn54kWuNFkkuHwG4yQXhYRcXjX
Ã°Å¸â€œÂ¨ Consensus message from 12D3KooWHdmUKc1bYKY3scg6TqGhK3SutwH9hu1aAez4VmvwkEyk: execution_result (size: 359 bytes)
Ã°Å¸â€Å’ Consensus stream EOF from 12D3KooWHdmUKc1bYKY3scg6TqGhK3SutwH9hu1aAez4VmvwkEyk
Ã°Å¸â€Å’ Consensus stream closed with 12D3KooWHdmUKc1bYKY3scg6TqGhK3SutwH9hu1aAez4VmvwkEyk
Validator heartbeat: A | reported_height=1907 | finalized_height=1907 | local_exec_epoch=1908
Validator heartbeat received: A | reported_height=1907 | finalized_height=1907 | local_exec_epoch=1908
Validator heartbeat: A | reported_height=1907 | finalized_height=1907 | local_exec_epoch=1908
Validator heartbeat received: A | reported_height=1907 | finalized_height=1907 | local_exec_epoch=1908
[SNAPSHOT-PUBLISH] deferred height=1881 reason=auto_publish_interval_10
Candidate heartbeat received: D | reported_height=1881 | finalized_height=1880 | local_exec_epoch=1882
Ã°Å¸â€œÂ¨ Consensus message from 12D3KooWPVKESWFG9sS8G6vjhfPn54kWuNFkkuHwG4yQXhYRcXjX: leader_block (size: 1170 bytes)
Ã°Å¸â€œÂ¦ Leader block received from 12D3KooWPVKESWFG9sS8G6vjhfPn54kWuNFkkuHwG4yQXhYRcXjX | height=1908 proposer=A
Ã°Å¸â€Å’ Consensus stream EOF from 12D3KooWPVKESWFG9sS8G6vjhfPn54kWuNFkkuHwG4yQXhYRcXjX
Ã°Å¸â€Å’ Consensus stream closed with 12D3KooWPVKESWFG9sS8G6vjhfPn54kWuNFkkuHwG4yQXhYRcXjX
Validator heartbeat: C | reported_height=1907 | finalized_height=1907 | local_exec_epoch=1908
Validator heartbeat received: A | reported_height=1907 | finalized_height=1907 | local_exec_epoch=1908
Candidate heartbeat received: D | reported_height=1881 | finalized_height=1880 | local_exec_epoch=1882
Validator heartbeat: C | reported_height=1907 | finalized_height=1907 | local_exec_epoch=1908
2026/05/18 00:47:31 [REGISTRY-PENDING] height=1907 chain_tip=1881 reason=future_block
[REGISTRY-PENDING] height=1907 chain_height=1881 reason=future_parent
[SET-PENDING] height=1908 chain_height=1881 reason=future_height
2026/05/18 00:47:31 [OK] goroutine pressure normalized: 239 (degrade mode off)
Validator heartbeat received: C | reported_height=1907 | finalized_height=1907 | local_exec_epoch=1908
Validator heartbeat received: C | reported_height=1907 | finalized_height=1907 | local_exec_epoch=1908
Ã°Å¸â€œÂ¨ Consensus message from 12D3KooWD9ed8zJXbW8uUU6XHD2UYrsQQEvnuXReJWFeo52dvdf8: execution_result (size: 359 bytes)
Ã°Å¸â€Å’ Consensus stream EOF from 12D3KooWD9ed8zJXbW8uUU6XHD2UYrsQQEvnuXReJWFeo52dvdf8
Ã°Å¸â€Å’ Consensus stream closed with 12D3KooWD9ed8zJXbW8uUU6XHD2UYrsQQEvnuXReJWFeo52dvdf8
2026/05/18 00:47:33 [REGISTRY-HISTORY-REBUILD] height=1907 status=scheduled reason=registry_snapshot_missing
2026/05/18 00:47:33 [REGISTRY-HISTORY-REBUILD] height=1907 status=started reason=registry_snapshot_missing
2026/05/18 00:47:33 [REGISTRY-HISTORY-REBUILD] height=1907 status=failed reason=registry_snapshot_missing
2026/05/18 00:47:33 [REGISTRY-PENDING] height=1906 chain_tip=1881 reason=future_block
[REGISTRY-PENDING] height=1906 chain_height=1881 reason=future_parent
[SET-PENDING] height=1907 chain_height=1881 reason=future_height
2026/05/18 00:47:33 [REGISTRY-PENDING] height=1908 chain_tip=1881 reason=future_block
[REGISTRY-PENDING] height=1908 chain_height=1881 reason=future_parent
[SET-PENDING] height=1909 chain_height=1881 reason=future_height
Validator heartbeat: A | reported_height=1908 | finalized_height=1908 | local_exec_epoch=1909
2026/05/18 00:47:33 [REGISTRY-PENDING] height=1905 chain_tip=1881 reason=future_block
[REGISTRY-PENDING] height=1905 chain_height=1881 reason=future_parent
[SET-PENDING] height=1906 chain_height=1881 reason=future_height
Validator heartbeat: A | reported_height=1908 | finalized_height=1908 | local_exec_epoch=1909
Validator heartbeat received: A | reported_height=1908 | finalized_height=1908 | local_exec_epoch=1909
Validator heartbeat: B | reported_height=1908 | finalized_height=1908 | local_exec_epoch=1909
Validator heartbeat received: A | reported_height=1908 | finalized_height=1908 | local_exec_epoch=1909
Validator heartbeat: B | reported_height=1908 | finalized_height=1908 | local_exec_epoch=1909
Validator heartbeat received: B | reported_height=1908 | finalized_height=1908 | local_exec_epoch=1909
Validator heartbeat: B | reported_height=1908 | finalized_height=1908 | local_exec_epoch=1909
Validator heartbeat received: B | reported_height=1908 | finalized_height=1908 | local_exec_epoch=1909
Validator heartbeat: B | reported_height=1908 | finalized_height=1908 | local_exec_epoch=1909
Validator heartbeat received: B | reported_height=1908 | finalized_height=1908 | local_exec_epoch=1909
[SNAPSHOT-PUBLISH] deferred height=1881 reason=auto_publish_interval_10
Validator heartbeat received: B | reported_height=1908 | finalized_height=1908 | local_exec_epoch=1909
2026/05/18 00:47:37 [REGISTRY-PENDING] height=1907 chain_tip=1881 reason=future_block
[REGISTRY-PENDING] height=1907 chain_height=1881 reason=future_parent
[SET-PENDING] height=1908 chain_height=1881 reason=future_height
Validator heartbeat: C | reported_height=1908 | finalized_height=1908 | local_exec_epoch=1909
Validator heartbeat: C | reported_height=1908 | finalized_height=1908 | local_exec_epoch=1909
Validator heartbeat received: C | reported_height=1908 | finalized_height=1908 | local_exec_epoch=1909
Validator heartbeat received: C | reported_height=1908 | finalized_height=1908 | local_exec_epoch=1909
Dial fanout full (16); skipping this dial batch item
[SNAPSHOT-PROOF] height=1870 checkpoint=1856 validator=G votes=1 hash=6b531e07
2026/05/18 00:47:41 [OK] goroutine pressure normalized: 239 (degrade mode off)
Attempting to connect to 9 peers
[SNAPSHOT-PROOF] height=1880 checkpoint=1856 validator=G votes=6 hash=c542c2b0
Candidate heartbeat received: D | reported_height=1881 | finalized_height=1880 | local_exec_epoch=1882
Candidate heartbeat received: D | reported_height=1881 | finalized_height=1880 | local_exec_epoch=1882
Ã°Å¸â€œÂ¨ Consensus message from 12D3KooWD9ed8zJXbW8uUU6XHD2UYrsQQEvnuXReJWFeo52dvdf8: leader_block (size: 1170 bytes)
Ã°Å¸â€œÂ¦ Leader block received from 12D3KooWD9ed8zJXbW8uUU6XHD2UYrsQQEvnuXReJWFeo52dvdf8 | height=1909 proposer=C
Ã°Å¸â€Å’ Consensus stream EOF from 12D3KooWD9ed8zJXbW8uUU6XHD2UYrsQQEvnuXReJWFeo52dvdf8
Ã°Å¸â€Å’ Consensus stream closed with 12D3KooWD9ed8zJXbW8uUU6XHD2UYrsQQEvnuXReJWFeo52dvdf8
Ã°Å¸â€œÂ¨ Consensus message from 12D3KooWD9ed8zJXbW8uUU6XHD2UYrsQQEvnuXReJWFeo52dvdf8: execution_result (size: 374 bytes)
Ã°Å¸â€Å’ Consensus stream EOF from 12D3KooWD9ed8zJXbW8uUU6XHD2UYrsQQEvnuXReJWFeo52dvdf8
Ã°Å¸â€Å’ Consensus stream closed with 12D3KooWD9ed8zJXbW8uUU6XHD2UYrsQQEvnuXReJWFeo52dvdf8
Ã°Å¸â€œÂ¨ Consensus message from 12D3KooWHdmUKc1bYKY3scg6TqGhK3SutwH9hu1aAez4VmvwkEyk: execution_result (size: 374 bytes)
Ã°Å¸â€Å’ Consensus stream EOF from 12D3KooWHdmUKc1bYKY3scg6TqGhK3SutwH9hu1aAez4VmvwkEyk
Ã°Å¸â€Å’ Consensus stream closed with 12D3KooWHdmUKc1bYKY3scg6TqGhK3SutwH9hu1aAez4VmvwkEyk
Ã°Å¸â€œÂ¨ Consensus message from 12D3KooWPVKESWFG9sS8G6vjhfPn54kWuNFkkuHwG4yQXhYRcXjX: execution_result (size: 374 bytes)
Ã°Å¸â€Å’ Consensus stream EOF from 12D3KooWPVKESWFG9sS8G6vjhfPn54kWuNFkkuHwG4yQXhYRcXjX
Ã°Å¸â€Å’ Consensus stream closed with 12D3KooWPVKESWFG9sS8G6vjhfPn54kWuNFkkuHwG4yQXhYRcXjX
2026/05/18 00:47:43 [REGISTRY-PENDING] height=1908 chain_tip=1881 reason=future_block
[REGISTRY-PENDING] height=1908 chain_height=1881 reason=future_parent
[SET-PENDING] height=1909 chain_height=1881 reason=future_height
2026/05/18 00:47:43 [REGISTRY-HISTORY-REBUILD] height=1908 status=scheduled reason=registry_snapshot_missing
2026/05/18 00:47:43 [REGISTRY-PENDING] height=1907 chain_tip=1881 reason=future_block
2026/05/18 00:47:43 [REGISTRY-HISTORY-REBUILD] height=1908 status=started reason=registry_snapshot_missing
2026/05/18 00:47:43 [REGISTRY-HISTORY-REBUILD] height=1908 status=failed reason=registry_snapshot_missing
[SET-PENDING] height=1908 chain_height=1881 reason=future_height
[REGISTRY-PENDING] height=1907 chain_height=1881 reason=future_parent
2026/05/18 00:47:43 [REGISTRY-PENDING] height=1909 chain_tip=1881 reason=future_block
[REGISTRY-PENDING] height=1909 chain_height=1881 reason=future_parent
[SET-PENDING] height=1910 chain_height=1881 reason=future_height
Validator heartbeat: C | reported_height=1909 | finalized_height=1909 | local_exec_epoch=1910
2026/05/18 00:47:43 [REGISTRY-PENDING] height=1906 chain_tip=1881 reason=future_block
[REGISTRY-PENDING] height=1906 chain_height=1881 reason=future_parent
[SET-PENDING] height=1907 chain_height=1881 reason=future_height
Validator heartbeat: C | reported_height=1909 | finalized_height=1909 | local_exec_epoch=1910
Validator heartbeat received: C | reported_height=1909 | finalized_height=1909 | local_exec_epoch=1910
[SNAPSHOT-PUBLISH] deferred height=1881 reason=auto_publish_interval_10
Validator heartbeat: A | reported_height=1909 | finalized_height=1909 | local_exec_epoch=1910
Validator heartbeat received: C | reported_height=1909 | finalized_height=1909 | local_exec_epoch=1910
Ã°Å¸â€œÂ¨ Consensus message from 12D3KooWD9ed8zJXbW8uUU6XHD2UYrsQQEvnuXReJWFeo52dvdf8: leader_block (size: 1170 bytes)
Ã°Å¸â€œÂ¦ Leader block received from 12D3KooWD9ed8zJXbW8uUU6XHD2UYrsQQEvnuXReJWFeo52dvdf8 | height=1910 proposer=C
Ã°Å¸â€Å’ Consensus stream EOF from 12D3KooWD9ed8zJXbW8uUU6XHD2UYrsQQEvnuXReJWFeo52dvdf8
Ã°Å¸â€Å’ Consensus stream closed with 12D3KooWD9ed8zJXbW8uUU6XHD2UYrsQQEvnuXReJWFeo52dvdf8
Validator heartbeat: A | reported_height=1909 | finalized_height=1909 | local_exec_epoch=1910
Ã°Å¸â€œÂ¨ Consensus message from 12D3KooWD9ed8zJXbW8uUU6XHD2UYrsQQEvnuXReJWFeo52dvdf8: execution_result (size: 359 bytes)
Ã°Å¸â€Å’ Consensus stream EOF from 12D3KooWD9ed8zJXbW8uUU6XHD2UYrsQQEvnuXReJWFeo52dvdf8
Ã°Å¸â€Å’ Consensus stream closed with 12D3KooWD9ed8zJXbW8uUU6XHD2UYrsQQEvnuXReJWFeo52dvdf8
Ã°Å¸â€œÂ¨ Consensus message from 12D3KooWHdmUKc1bYKY3scg6TqGhK3SutwH9hu1aAez4VmvwkEyk: execution_result (size: 359 bytes)
Ã°Å¸â€Å’ Consensus stream EOF from 12D3KooWHdmUKc1bYKY3scg6TqGhK3SutwH9hu1aAez4VmvwkEyk
Ã°Å¸â€Å’ Consensus stream closed with 12D3KooWHdmUKc1bYKY3scg6TqGhK3SutwH9hu1aAez4VmvwkEyk
Ã°Å¸â€œÂ¨ Consensus message from 12D3KooWPVKESWFG9sS8G6vjhfPn54kWuNFkkuHwG4yQXhYRcXjX: execution_result (size: 359 bytes)
Ã°Å¸â€Å’ Consensus stream EOF from 12D3KooWPVKESWFG9sS8G6vjhfPn54kWuNFkkuHwG4yQXhYRcXjX
Ã°Å¸â€Å’ Consensus stream closed with 12D3KooWPVKESWFG9sS8G6vjhfPn54kWuNFkkuHwG4yQXhYRcXjX
Ã°Å¸â€â€” PubSub mesh check against 9 peers
Validator heartbeat received: A | reported_height=1909 | finalized_height=1909 | local_exec_epoch=1910
Ã°Å¸â€œÂ¨ Consensus message from 12D3KooWD9ed8zJXbW8uUU6XHD2UYrsQQEvnuXReJWFeo52dvdf8: leader_block (size: 1170 bytes)
Ã°Å¸â€œÂ¦ Leader block received from 12D3KooWD9ed8zJXbW8uUU6XHD2UYrsQQEvnuXReJWFeo52dvdf8 | height=1910 proposer=C
Ã°Å¸â€Å’ Consensus stream EOF from 12D3KooWD9ed8zJXbW8uUU6XHD2UYrsQQEvnuXReJWFeo52dvdf8
Ã°Å¸â€Å’ Consensus stream closed with 12D3KooWD9ed8zJXbW8uUU6XHD2UYrsQQEvnuXReJWFeo52dvdf8
Validator heartbeat received: A | reported_height=1909 | finalized_height=1909 | local_exec_epoch=1910
Validator heartbeat: B | reported_height=1909 | finalized_height=1909 | local_exec_epoch=1910
Validator heartbeat: B | reported_height=1909 | finalized_height=1909 | local_exec_epoch=1910
[SNAPSHOT-PROOF] height=1910 checkpoint=1888 validator=A votes=1 hash=d1f934cd
[SNAPSHOT-PROOF] height=1910 checkpoint=1888 validator=B votes=2 hash=d1f934cd
Validator heartbeat received: B | reported_height=1909 | finalized_height=1909 | local_exec_epoch=1910
2026/05/18 00:47:48 [REGISTRY-PENDING] height=1910 chain_tip=1881 reason=future_block
[REGISTRY-PENDING] height=1910 chain_height=1881 reason=future_parent
[SET-PENDING] height=1911 chain_height=1881 reason=future_height
Validator heartbeat received: B | reported_height=1909 | finalized_height=1909 | local_exec_epoch=1910
Validator heartbeat: B | reported_height=1910 | finalized_height=1910 | local_exec_epoch=1911
2026/05/18 00:47:48 [REGISTRY-PENDING] height=1908 chain_tip=1881 reason=future_block
[REGISTRY-PENDING] height=1908 chain_height=1881 reason=future_parent
2026/05/18 00:47:48 [REGISTRY-HISTORY-REBUILD] height=1908 status=scheduled reason=registry_snapshot_missing
[SET-PENDING] height=1909 chain_height=1881 reason=future_height
2026/05/18 00:47:48 [REGISTRY-PENDING] height=1907 chain_tip=1881 reason=future_block
[REGISTRY-PENDING] height=1907 chain_height=1881 reason=future_parent
Validator heartbeat: B | reported_height=1910 | finalized_height=1910 | local_exec_epoch=1911
[SET-PENDING] height=1908 chain_height=1881 reason=future_height
2026/05/18 00:47:48 [REGISTRY-PENDING] height=1909 chain_tip=1881 reason=future_block
[REGISTRY-PENDING] height=1909 chain_height=1881 reason=future_parent
[SET-PENDING] height=1910 chain_height=1881 reason=future_height
Validator heartbeat received: B | reported_height=1910 | finalized_height=1910 | local_exec_epoch=1911
Validator heartbeat received: B | reported_height=1910 | finalized_height=1910 | local_exec_epoch=1911
Validator heartbeat: A | reported_height=1910 | finalized_height=1910 | local_exec_epoch=1911
Validator heartbeat: A | reported_height=1910 | finalized_height=1910 | local_exec_epoch=1911
Validator heartbeat received: A | reported_height=1910 | finalized_height=1910 | local_exec_epoch=1911
[SNAPSHOT-PUBLISH] deferred height=1881 reason=auto_publish_interval_10
Validator heartbeat received: A | reported_height=1910 | finalized_height=1910 | local_exec_epoch=1911
Validator heartbeat: C | reported_height=1910 | finalized_height=1910 | local_exec_epoch=1911
Validator heartbeat: C | reported_height=1910 | finalized_height=1910 | local_exec_epoch=1911
[SNAPSHOT-PROOF] height=1910 checkpoint=1888 validator=C votes=3 hash=d1f934cd
Validator heartbeat received: C | reported_height=1910 | finalized_height=1910 | local_exec_epoch=1911
Validator heartbeat received: C | reported_height=1910 | finalized_height=1910 | local_exec_epoch=1911
2026/05/18 00:47:51 [OK] goroutine pressure normalized: 239 (degrade mode off)
Dial fanout full (16); skipping this dial batch item
Ã°Å¸â€œÂ¨ Consensus message from 12D3KooWPVKESWFG9sS8G6vjhfPn54kWuNFkkuHwG4yQXhYRcXjX: leader_block (size: 1170 bytes)
Ã°Å¸â€œÂ¦ Leader block received from 12D3KooWPVKESWFG9sS8G6vjhfPn54kWuNFkkuHwG4yQXhYRcXjX | height=1911 proposer=A
Ã°Å¸â€Å’ Consensus stream EOF from 12D3KooWPVKESWFG9sS8G6vjhfPn54kWuNFkkuHwG4yQXhYRcXjX
Ã°Å¸â€Å’ Consensus stream closed with 12D3KooWPVKESWFG9sS8G6vjhfPn54kWuNFkkuHwG4yQXhYRcXjX
Ã°Å¸â€œÂ¨ Consensus message from 12D3KooWPVKESWFG9sS8G6vjhfPn54kWuNFkkuHwG4yQXhYRcXjX: execution_result (size: 374 bytes)
Ã°Å¸â€Å’ Consensus stream EOF from 12D3KooWPVKESWFG9sS8G6vjhfPn54kWuNFkkuHwG4yQXhYRcXjX
Ã°Å¸â€Å’ Consensus stream closed with 12D3KooWPVKESWFG9sS8G6vjhfPn54kWuNFkkuHwG4yQXhYRcXjX
Ã°Å¸â€œÂ¨ Consensus message from 12D3KooWHdmUKc1bYKY3scg6TqGhK3SutwH9hu1aAez4VmvwkEyk: execution_result (size: 374 bytes)
Ã°Å¸â€œÂ¨ Consensus message from 12D3KooWD9ed8zJXbW8uUU6XHD2UYrsQQEvnuXReJWFeo52dvdf8: execution_result (size: 374 bytes)
Ã°Å¸â€Å’ Consensus stream EOF from 12D3KooWHdmUKc1bYKY3scg6TqGhK3SutwH9hu1aAez4VmvwkEyk
Ã°Å¸â€Å’ Consensus stream closed with 12D3KooWHdmUKc1bYKY3scg6TqGhK3SutwH9hu1aAez4VmvwkEyk
Ã°Å¸â€Å’ Consensus stream EOF from 12D3KooWD9ed8zJXbW8uUU6XHD2UYrsQQEvnuXReJWFeo52dvdf8
Ã°Å¸â€Å’ Consensus stream closed with 12D3KooWD9ed8zJXbW8uUU6XHD2UYrsQQEvnuXReJWFeo52dvdf8
2026/05/18 00:47:54 [REGISTRY-PENDING] height=1910 chain_tip=1881 reason=future_block
[REGISTRY-PENDING] height=1910 chain_height=1881 reason=future_parent
[SET-PENDING] height=1911 chain_height=1881 reason=future_height
2026/05/18 00:47:54 [REGISTRY-HISTORY-REBUILD] height=1910 status=scheduled reason=registry_snapshot_missing
2026/05/18 00:47:54 [REGISTRY-PENDING] height=1909 chain_tip=1881 reason=future_block
2026/05/18 00:47:54 [REGISTRY-HISTORY-REBUILD] height=1910 status=started reason=registry_snapshot_missing
2026/05/18 00:47:54 [REGISTRY-HISTORY-REBUILD] height=1910 status=failed reason=registry_snapshot_missing
[REGISTRY-PENDING] height=1909 chain_height=1881 reason=future_parent
[SET-PENDING] height=1910 chain_height=1881 reason=future_height
2026/05/18 00:47:54 [REGISTRY-PENDING] height=1911 chain_tip=1881 reason=future_block
[REGISTRY-PENDING] height=1911 chain_height=1881 reason=future_parent
[SET-PENDING] height=1912 chain_height=1881 reason=future_height
Validator heartbeat: B | reported_height=1911 | finalized_height=1911 | local_exec_epoch=1912
Validator heartbeat: B | reported_height=1911 | finalized_height=1911 | local_exec_epoch=1912
2026/05/18 00:47:55 [REGISTRY-PENDING] height=1908 chain_tip=1881 reason=future_block
[REGISTRY-PENDING] height=1908 chain_height=1881 reason=future_parent
[SET-PENDING] height=1909 chain_height=1881 reason=future_height
Validator heartbeat received: B | reported_height=1911 | finalized_height=1911 | local_exec_epoch=1912
[SNAPSHOT-PUBLISH] deferred height=1881 reason=auto_publish_interval_10
Validator heartbeat received: B | reported_height=1911 | finalized_height=1911 | local_exec_epoch=1912
Validator heartbeat: A | reported_height=1911 | finalized_height=1911 | local_exec_epoch=1912
Validator heartbeat: A | reported_height=1911 | finalized_height=1911 | local_exec_epoch=1912
Validator heartbeat received: A | reported_height=1911 | finalized_height=1911 | local_exec_epoch=1912
Ã°Å¸â€œÂ¨ Consensus message from 12D3KooWPVKESWFG9sS8G6vjhfPn54kWuNFkkuHwG4yQXhYRcXjX: leader_block (size: 1170 bytes)
Ã°Å¸â€œÂ¦ Leader block received from 12D3KooWPVKESWFG9sS8G6vjhfPn54kWuNFkkuHwG4yQXhYRcXjX | height=1912 proposer=A
Ã°Å¸â€Å’ Consensus stream EOF from 12D3KooWPVKESWFG9sS8G6vjhfPn54kWuNFkkuHwG4yQXhYRcXjX
Ã°Å¸â€Å’ Consensus stream closed with 12D3KooWPVKESWFG9sS8G6vjhfPn54kWuNFkkuHwG4yQXhYRcXjX
Ã°Å¸â€œÂ¨ Consensus message from 12D3KooWPVKESWFG9sS8G6vjhfPn54kWuNFkkuHwG4yQXhYRcXjX: execution_result (size: 359 bytes)
Ã°Å¸â€Å’ Consensus stream EOF from 12D3KooWPVKESWFG9sS8G6vjhfPn54kWuNFkkuHwG4yQXhYRcXjX
Ã°Å¸â€Å’ Consensus stream closed with 12D3KooWPVKESWFG9sS8G6vjhfPn54kWuNFkkuHwG4yQXhYRcXjX
Ã°Å¸â€œÂ¨ Consensus message from 12D3KooWHdmUKc1bYKY3scg6TqGhK3SutwH9hu1aAez4VmvwkEyk: execution_result (size: 359 bytes)
Ã°Å¸â€Å’ Consensus stream EOF from 12D3KooWHdmUKc1bYKY3scg6TqGhK3SutwH9hu1aAez4VmvwkEyk
Ã°Å¸â€Å’ Consensus stream closed with 12D3KooWHdmUKc1bYKY3scg6TqGhK3SutwH9hu1aAez4VmvwkEyk
Validator heartbeat: C | reported_height=1911 | finalized_height=1911 | local_exec_epoch=1912
Validator heartbeat received: A | reported_height=1911 | finalized_height=1911 | local_exec_epoch=1912
Validator heartbeat: C | reported_height=1911 | finalized_height=1911 | local_exec_epoch=1912
Ã°Å¸â€œÂ¨ Consensus message from 12D3KooWPVKESWFG9sS8G6vjhfPn54kWuNFkkuHwG4yQXhYRcXjX: leader_block (size: 1170 bytes)
Ã°Å¸â€œÂ¦ Leader block received from 12D3KooWPVKESWFG9sS8G6vjhfPn54kWuNFkkuHwG4yQXhYRcXjX | height=1912 proposer=A
Ã°Å¸â€Å’ Consensus stream EOF from 12D3KooWPVKESWFG9sS8G6vjhfPn54kWuNFkkuHwG4yQXhYRcXjX
Ã°Å¸â€Å’ Consensus stream closed with 12D3KooWPVKESWFG9sS8G6vjhfPn54kWuNFkkuHwG4yQXhYRcXjX
Validator heartbeat received: C | reported_height=1911 | finalized_height=1911 | local_exec_epoch=1912
Candidate heartbeat received: D | reported_height=1881 | finalized_height=1880 | local_exec_epoch=1882
Validator heartbeat received: C | reported_height=1911 | finalized_height=1911 | local_exec_epoch=1912
Candidate heartbeat received: D | reported_height=1881 | finalized_height=1880 | local_exec_epoch=1882
Ã°Å¸â€œÂ¨ Consensus message from 12D3KooWD9ed8zJXbW8uUU6XHD2UYrsQQEvnuXReJWFeo52dvdf8: execution_result (size: 359 bytes)
Ã°Å¸â€Å’ Consensus stream EOF from 12D3KooWD9ed8zJXbW8uUU6XHD2UYrsQQEvnuXReJWFeo52dvdf8
Ã°Å¸â€Å’ Consensus stream closed with 12D3KooWD9ed8zJXbW8uUU6XHD2UYrsQQEvnuXReJWFeo52dvdf8
[REGISTRY-PENDING] height=1910 chain_height=1881 reason=future_parent
2026/05/18 00:47:59 [REGISTRY-HISTORY-REBUILD] height=1911 status=scheduled reason=registry_snapshot_missing
2026/05/18 00:47:59 [REGISTRY-PENDING] height=1910 chain_tip=1881 reason=future_block
[SET-PENDING] height=1911 chain_height=1881 reason=future_height
2026/05/18 00:47:59 [REGISTRY-HISTORY-REBUILD] height=1911 status=started reason=registry_snapshot_missing
2026/05/18 00:47:59 [REGISTRY-HISTORY-REBUILD] height=1911 status=failed reason=registry_snapshot_missing
2026/05/18 00:47:59 [REGISTRY-PENDING] height=1912 chain_tip=1881 reason=future_block
[REGISTRY-PENDING] height=1912 chain_height=1881 reason=future_parent
[SET-PENDING] height=1913 chain_height=1881 reason=future_height
2026/05/18 00:47:59 [REGISTRY-PENDING] height=1911 chain_tip=1881 reason=future_block
[REGISTRY-PENDING] height=1911 chain_height=1881 reason=future_parent
Validator heartbeat: B | reported_height=1912 | finalized_height=1912 | local_exec_epoch=1913
[SET-PENDING] height=1912 chain_height=1881 reason=future_height
2026/05/18 00:48:00 [REGISTRY-PENDING] height=1909 chain_tip=1881 reason=future_block
[REGISTRY-PENDING] height=1909 chain_height=1881 reason=future_parent
[SET-PENDING] height=1910 chain_height=1881 reason=future_height
Validator heartbeat: B | reported_height=1912 | finalized_height=1912 | local_exec_epoch=1913
Validator heartbeat received: B | reported_height=1912 | finalized_height=1912 | local_exec_epoch=1913
[SNAPSHOT-PUBLISH] deferred height=1881 reason=auto_publish_interval_10
Validator heartbeat: A | reported_height=1912 | finalized_height=1912 | local_exec_epoch=1913
Validator heartbeat received: B | reported_height=1912 | finalized_height=1912 | local_exec_epoch=1913
Validator heartbeat: A | reported_height=1912 | finalized_height=1912 | local_exec_epoch=1913
Attempting to connect to 9 peers
Dial fanout full (16); skipping this dial batch item
2026/05/18 00:48:01 [OK] goroutine pressure normalized: 248 (degrade mode off)
2026/05/18 00:48:01 map stats: seen_blocks=2 seen_txs=0 fork_heights=0 fork_blocks=0 exec_results_keys=0 exec_results_total=0 pending_blocks=0 queued_exec_votes_keys=0 queued_exec_votes_total=0 accepted_proposal=1 exec_broadcasted_epochs=0 exec_broadcasted_keys=0 exec_signer_seen_epochs=1 exec_signer_seen_total=3 exec_broadcasted_by_val_epochs=0 exec_broadcasted_by_val_total=0 exec_rebroadcast_epochs=0 validator_status=5 candidates=1 peer_state=45 peers_connected=9 peers_connecting=0 peer_suspect=0 allowed_peers=4 pending_validators=0 pending_removals=0 queued_validator_updates=0 height_report_epochs=2 height_report_total=3 misbehavior_validators=0 misbehavior_total=0 exec_mismatch_tracked=0 exec_vote_replay_cache=3
Validator heartbeat received: A | reported_height=1912 | finalized_height=1912 | local_exec_epoch=1913
Ã°Å¸â€œÂ¨ Consensus message from 12D3KooWPVKESWFG9sS8G6vjhfPn54kWuNFkkuHwG4yQXhYRcXjX: leader_block (size: 1170 bytes)
Ã°Å¸â€œÂ¦ Leader block received from 12D3KooWPVKESWFG9sS8G6vjhfPn54kWuNFkkuHwG4yQXhYRcXjX | height=1913 proposer=A
Ã°Å¸â€Å’ Consensus stream EOF from 12D3KooWPVKESWFG9sS8G6vjhfPn54kWuNFkkuHwG4yQXhYRcXjX
Ã°Å¸â€Å’ Consensus stream closed with 12D3KooWPVKESWFG9sS8G6vjhfPn54kWuNFkkuHwG4yQXhYRcXjX
Validator heartbeat received: A | reported_height=1912 | finalized_height=1912 | local_exec_epoch=1913
Ã°Å¸â€œÂ¨ Consensus message from 12D3KooWPVKESWFG9sS8G6vjhfPn54kWuNFkkuHwG4yQXhYRcXjX: execution_result (size: 359 bytes)
Ã°Å¸â€Å’ Consensus stream EOF from 12D3KooWPVKESWFG9sS8G6vjhfPn54kWuNFkkuHwG4yQXhYRcXjX
Ã°Å¸â€Å’ Consensus stream closed with 12D3KooWPVKESWFG9sS8G6vjhfPn54kWuNFkkuHwG4yQXhYRcXjX
Ã°Å¸â€œÂ¨ Consensus message from 12D3KooWHdmUKc1bYKY3scg6TqGhK3SutwH9hu1aAez4VmvwkEyk: execution_result (size: 359 bytes)
Ã°Å¸â€Å’ Consensus stream EOF from 12D3KooWHdmUKc1bYKY3scg6TqGhK3SutwH9hu1aAez4VmvwkEyk
Ã°Å¸â€Å’ Consensus stream closed with 12D3KooWHdmUKc1bYKY3scg6TqGhK3SutwH9hu1aAez4VmvwkEyk
Validator heartbeat: C | reported_height=1912 | finalized_height=1912 | local_exec_epoch=1913
Validator heartbeat: C | reported_height=1912 | finalized_height=1912 | local_exec_epoch=1913
Ã°Å¸â€œÂ¨ Consensus message from 12D3KooWPVKESWFG9sS8G6vjhfPn54kWuNFkkuHwG4yQXhYRcXjX: leader_block (size: 1170 bytes)
Ã°Å¸â€œÂ¦ Leader block received from 12D3KooWPVKESWFG9sS8G6vjhfPn54kWuNFkkuHwG4yQXhYRcXjX | height=1913 proposer=A
Ã°Å¸â€Å’ Consensus stream EOF from 12D3KooWPVKESWFG9sS8G6vjhfPn54kWuNFkkuHwG4yQXhYRcXjX
Ã°Å¸â€Å’ Consensus stream closed with 12D3KooWPVKESWFG9sS8G6vjhfPn54kWuNFkkuHwG4yQXhYRcXjX
Validator heartbeat received: C | reported_height=1912 | finalized_height=1912 | local_exec_epoch=1913
Validator heartbeat received: C | reported_height=1912 | finalized_height=1912 | local_exec_epoch=1913
Ã°Å¸â€â€” PubSub mesh check against 9 peers
Ã°Å¸â€œÂ¨ Consensus message from 12D3KooWD9ed8zJXbW8uUU6XHD2UYrsQQEvnuXReJWFeo52dvdf8: execution_result (size: 359 bytes)
Ã°Å¸â€Å’ Consensus stream EOF from 12D3KooWD9ed8zJXbW8uUU6XHD2UYrsQQEvnuXReJWFeo52dvdf8
Ã°Å¸â€Å’ Consensus stream closed with 12D3KooWD9ed8zJXbW8uUU6XHD2UYrsQQEvnuXReJWFeo52dvdf8
Candidate heartbeat received: D | reported_height=1881 | finalized_height=1880 | local_exec_epoch=1882
Candidate heartbeat received: D | reported_height=1881 | finalized_height=1880 | local_exec_epoch=1882
2026/05/18 00:48:08 [REGISTRY-PENDING] height=1912 chain_tip=1881 reason=future_block
[REGISTRY-PENDING] height=1912 chain_height=1881 reason=future_parent
[SET-PENDING] height=1913 chain_height=1881 reason=future_height
2026/05/18 00:48:08 [REGISTRY-HISTORY-REBUILD] height=1912 status=scheduled reason=registry_snapshot_missing
2026/05/18 00:48:08 [REGISTRY-PENDING] height=1911 chain_tip=1881 reason=future_block
2026/05/18 00:48:08 [REGISTRY-HISTORY-REBUILD] height=1912 status=started reason=registry_snapshot_missing
2026/05/18 00:48:08 [REGISTRY-HISTORY-REBUILD] height=1912 status=failed reason=registry_snapshot_missing
[REGISTRY-PENDING] height=1911 chain_height=1881 reason=future_parent
[SET-PENDING] height=1912 chain_height=1881 reason=future_height
2026/05/18 00:48:08 [REGISTRY-PENDING] height=1913 chain_tip=1881 reason=future_block
[REGISTRY-PENDING] height=1913 chain_height=1881 reason=future_parent
[SET-PENDING] height=1914 chain_height=1881 reason=future_height
Validator heartbeat: B | reported_height=1913 | finalized_height=1913 | local_exec_epoch=1914
2026/05/18 00:48:08 [REGISTRY-PENDING] height=1910 chain_tip=1881 reason=future_block
[REGISTRY-PENDING] height=1910 chain_height=1881 reason=future_parent
[SET-PENDING] height=1911 chain_height=1881 reason=future_height
Validator heartbeat: B | reported_height=1913 | finalized_height=1913 | local_exec_epoch=1914
Validator heartbeat received: B | reported_height=1913 | finalized_height=1913 | local_exec_epoch=1914
[SNAPSHOT-PUBLISH] deferred height=1881 reason=auto_publish_interval_10
Validator heartbeat received: B | reported_height=1913 | finalized_height=1913 | local_exec_epoch=1914
Ã°Å¸â€œÂ¨ Consensus message from 12D3KooWHdmUKc1bYKY3scg6TqGhK3SutwH9hu1aAez4VmvwkEyk: leader_block (size: 1170 bytes)
Ã°Å¸â€œÂ¦ Leader block received from 12D3KooWHdmUKc1bYKY3scg6TqGhK3SutwH9hu1aAez4VmvwkEyk | height=1914 proposer=B
Ã°Å¸â€Å’ Consensus stream EOF from 12D3KooWHdmUKc1bYKY3scg6TqGhK3SutwH9hu1aAez4VmvwkEyk
Ã°Å¸â€Å’ Consensus stream closed with 12D3KooWHdmUKc1bYKY3scg6TqGhK3SutwH9hu1aAez4VmvwkEyk
Ã°Å¸â€œÂ¨ Consensus message from 12D3KooWHdmUKc1bYKY3scg6TqGhK3SutwH9hu1aAez4VmvwkEyk: execution_result (size: 359 bytes)
Ã°Å¸â€Å’ Consensus stream EOF from 12D3KooWHdmUKc1bYKY3scg6TqGhK3SutwH9hu1aAez4VmvwkEyk
Ã°Å¸â€Å’ Consensus stream closed with 12D3KooWHdmUKc1bYKY3scg6TqGhK3SutwH9hu1aAez4VmvwkEyk
Validator heartbeat: A | reported_height=1913 | finalized_height=1913 | local_exec_epoch=1914
Ã°Å¸â€œÂ¨ Consensus message from 12D3KooWHdmUKc1bYKY3scg6TqGhK3SutwH9hu1aAez4VmvwkEyk: leader_block (size: 1170 bytes)
Ã°Å¸â€œÂ¦ Leader block received from 12D3KooWHdmUKc1bYKY3scg6TqGhK3SutwH9hu1aAez4VmvwkEyk | height=1914 proposer=B
Ã°Å¸â€Å’ Consensus stream EOF from 12D3KooWHdmUKc1bYKY3scg6TqGhK3SutwH9hu1aAez4VmvwkEyk
Ã°Å¸â€Å’ Consensus stream closed with 12D3KooWHdmUKc1bYKY3scg6TqGhK3SutwH9hu1aAez4VmvwkEyk
Validator heartbeat: A | reported_height=1913 | finalized_height=1913 | local_exec_epoch=1914
Validator heartbeat received: A | reported_height=1913 | finalized_height=1913 | local_exec_epoch=1914
Validator heartbeat: C | reported_height=1913 | finalized_height=1913 | local_exec_epoch=1914
Validator heartbeat received: A | reported_height=1913 | finalized_height=1913 | local_exec_epoch=1914
Validator heartbeat: C | reported_height=1913 | finalized_height=1913 | local_exec_epoch=1914
Ã°Å¸â€œÂ¨ Consensus message from 12D3KooWPVKESWFG9sS8G6vjhfPn54kWuNFkkuHwG4yQXhYRcXjX: execution_result (size: 359 bytes)
Ã°Å¸â€Å’ Consensus stream EOF from 12D3KooWPVKESWFG9sS8G6vjhfPn54kWuNFkkuHwG4yQXhYRcXjX
Ã°Å¸â€Å’ Consensus stream closed with 12D3KooWPVKESWFG9sS8G6vjhfPn54kWuNFkkuHwG4yQXhYRcXjX
Validator heartbeat received: C | reported_height=1913 | finalized_height=1913 | local_exec_epoch=1914
Validator heartbeat: C | reported_height=1913 | finalized_height=1913 | local_exec_epoch=1914
Validator heartbeat received: C | reported_height=1913 | finalized_height=1913 | local_exec_epoch=1914
Ã°Å¸â€œÂ¨ Consensus message from 12D3KooWD9ed8zJXbW8uUU6XHD2UYrsQQEvnuXReJWFeo52dvdf8: execution_result (size: 359 bytes)
Ã°Å¸â€Å’ Consensus stream EOF from 12D3KooWD9ed8zJXbW8uUU6XHD2UYrsQQEvnuXReJWFeo52dvdf8
Ã°Å¸â€Å’ Consensus stream closed with 12D3KooWD9ed8zJXbW8uUU6XHD2UYrsQQEvnuXReJWFeo52dvdf8
Validator heartbeat: C | reported_height=1913 | finalized_height=1913 | local_exec_epoch=1914
2026/05/18 00:48:11 [OK] goroutine pressure normalized: 239 (degrade mode off)
Validator heartbeat received: C | reported_height=1913 | finalized_height=1913 | local_exec_epoch=1914
2026/05/18 00:48:12 [REGISTRY-PENDING] height=1914 chain_tip=1881 reason=future_block
[REGISTRY-PENDING] height=1914 chain_height=1881 reason=future_parent
[SET-PENDING] height=1915 chain_height=1881 reason=future_height
Validator heartbeat: B | reported_height=1914 | finalized_height=1913 | local_exec_epoch=1915
Validator heartbeat received: C | reported_height=1913 | finalized_height=1913 | local_exec_epoch=1914
Validator heartbeat: B | reported_height=1914 | finalized_height=1913 | local_exec_epoch=1915
2026/05/18 00:48:13 [REGISTRY-HISTORY-REBUILD] height=1911 status=scheduled reason=registry_snapshot_missing
2026/05/18 00:48:13 [REGISTRY-PENDING] height=1913 chain_tip=1881 reason=future_block
2026/05/18 00:48:13 [REGISTRY-PENDING] height=1911 chain_tip=1881 reason=future_block
[REGISTRY-PENDING] height=1913 chain_height=1881 reason=future_parent
[SET-PENDING] height=1914 chain_height=1881 reason=future_height
2026/05/18 00:48:13 [REGISTRY-HISTORY-REBUILD] height=1911 status=started reason=registry_snapshot_missing
2026/05/18 00:48:13 [REGISTRY-HISTORY-REBUILD] height=1911 status=failed reason=registry_snapshot_missing
2026/05/18 00:48:13 [REGISTRY-PENDING] height=1912 chain_tip=1881 reason=future_block
[REGISTRY-PENDING] height=1911 chain_height=1881 reason=future_parent
[SET-PENDING] height=1912 chain_height=1881 reason=future_height
[REGISTRY-PENDING] height=1912 chain_height=1881 reason=future_parent
[SET-PENDING] height=1913 chain_height=1881 reason=future_height
Validator heartbeat received: B | reported_height=1914 | finalized_height=1913 | local_exec_epoch=1915
Validator heartbeat: B | reported_height=1914 | finalized_height=1914 | local_exec_epoch=1915
Validator heartbeat received: B | reported_height=1914 | finalized_height=1913 | local_exec_epoch=1915
Validator heartbeat: B | reported_height=1914 | finalized_height=1914 | local_exec_epoch=1915
Validator heartbeat received: B | reported_height=1914 | finalized_height=1914 | local_exec_epoch=1915
[SNAPSHOT-PUBLISH] deferred height=1881 reason=auto_publish_interval_10
Validator heartbeat: A | reported_height=1914 | finalized_height=1914 | local_exec_epoch=1915
Validator heartbeat received: B | reported_height=1914 | finalized_height=1914 | local_exec_epoch=1915
Validator heartbeat: A | reported_height=1914 | finalized_height=1914 | local_exec_epoch=1915
Validator heartbeat received: A | reported_height=1914 | finalized_height=1914 | local_exec_epoch=1915
Validator heartbeat: A | reported_height=1914 | finalized_height=1914 | local_exec_epoch=1915
Validator heartbeat received: A | reported_height=1914 | finalized_height=1914 | local_exec_epoch=1915
Validator heartbeat: A | reported_height=1914 | finalized_height=1914 | local_exec_epoch=1915
Validator heartbeat received: A | reported_height=1914 | finalized_height=1914 | local_exec_epoch=1915
Validator heartbeat received: A | reported_height=1914 | finalized_height=1914 | local_exec_epoch=1915
Validator heartbeat: C | reported_height=1914 | finalized_height=1914 | local_exec_epoch=1915
Validator heartbeat: C | reported_height=1914 | finalized_height=1914 | local_exec_epoch=1915
Dial fanout full (16); skipping this dial batch item
Validator heartbeat received: C | reported_height=1914 | finalized_height=1914 | local_exec_epoch=1915
Validator heartbeat received: C | reported_height=1914 | finalized_height=1914 | local_exec_epoch=1915
Ã°Å¸â€œÂ¨ Consensus message from 12D3KooWD9ed8zJXbW8uUU6XHD2UYrsQQEvnuXReJWFeo52dvdf8: leader_block (size: 1170 bytes)
Ã°Å¸â€œÂ¦ Leader block received from 12D3KooWD9ed8zJXbW8uUU6XHD2UYrsQQEvnuXReJWFeo52dvdf8 | height=1915 proposer=C
Ã°Å¸â€Å’ Consensus stream EOF from 12D3KooWD9ed8zJXbW8uUU6XHD2UYrsQQEvnuXReJWFeo52dvdf8
Ã°Å¸â€Å’ Consensus stream closed with 12D3KooWD9ed8zJXbW8uUU6XHD2UYrsQQEvnuXReJWFeo52dvdf8
Ã°Å¸â€œÂ¨ Consensus message from 12D3KooWPVKESWFG9sS8G6vjhfPn54kWuNFkkuHwG4yQXhYRcXjX: execution_result (size: 359 bytes)
Ã°Å¸â€Å’ Consensus stream EOF from 12D3KooWPVKESWFG9sS8G6vjhfPn54kWuNFkkuHwG4yQXhYRcXjX
Ã°Å¸â€Å’ Consensus stream closed with 12D3KooWPVKESWFG9sS8G6vjhfPn54kWuNFkkuHwG4yQXhYRcXjX
Ã°Å¸â€œÂ¨ Consensus message from 12D3KooWHdmUKc1bYKY3scg6TqGhK3SutwH9hu1aAez4VmvwkEyk: execution_result (size: 359 bytes)
Ã°Å¸â€Å’ Consensus stream EOF from 12D3KooWHdmUKc1bYKY3scg6TqGhK3SutwH9hu1aAez4VmvwkEyk
Ã°Å¸â€Å’ Consensus stream closed with 12D3KooWHdmUKc1bYKY3scg6TqGhK3SutwH9hu1aAez4VmvwkEyk
Ã°Å¸â€œÂ¨ Consensus message from 12D3KooWD9ed8zJXbW8uUU6XHD2UYrsQQEvnuXReJWFeo52dvdf8: execution_result (size: 359 bytes)
Ã°Å¸â€Å’ Consensus stream EOF from 12D3KooWD9ed8zJXbW8uUU6XHD2UYrsQQEvnuXReJWFeo52dvdf8
Ã°Å¸â€Å’ Consensus stream closed with 12D3KooWD9ed8zJXbW8uUU6XHD2UYrsQQEvnuXReJWFeo52dvdf8
2026/05/18 00:48:17 [REGISTRY-PENDING] height=1914 chain_tip=1881 reason=future_block
[REGISTRY-PENDING] height=1914 chain_height=1881 reason=future_parent
[SET-PENDING] height=1915 chain_height=1881 reason=future_height
2026/05/18 00:48:18 [REGISTRY-HISTORY-REBUILD] height=1914 status=scheduled reason=registry_snapshot_missing
2026/05/18 00:48:18 [REGISTRY-HISTORY-REBUILD] height=1914 status=started reason=registry_snapshot_missing
2026/05/18 00:48:18 [REGISTRY-HISTORY-REBUILD] height=1914 status=failed reason=registry_snapshot_missing
2026/05/18 00:48:18 [REGISTRY-PENDING] height=1915 chain_tip=1881 reason=future_block
2026/05/18 00:48:18 [REGISTRY-PENDING] height=1913 chain_tip=1881 reason=future_block
[REGISTRY-PENDING] height=1915 chain_height=1881 reason=future_parent
[SET-PENDING] height=1916 chain_height=1881 reason=future_height
[REGISTRY-PENDING] height=1913 chain_height=1881 reason=future_parent
[SET-PENDING] height=1914 chain_height=1881 reason=future_height
Validator heartbeat: B | reported_height=1915 | finalized_height=1915 | local_exec_epoch=1916
2026/05/18 00:48:18 [REGISTRY-PENDING] height=1912 chain_tip=1881 reason=future_block
[REGISTRY-PENDING] height=1912 chain_height=1881 reason=future_parent
[SET-PENDING] height=1913 chain_height=1881 reason=future_height
Validator heartbeat: B | reported_height=1915 | finalized_height=1915 | local_exec_epoch=1916
Ã°Å¸â€œÂ¨ Consensus message from 12D3KooWPVKESWFG9sS8G6vjhfPn54kWuNFkkuHwG4yQXhYRcXjX: leader_block (size: 1170 bytes)
Ã°Å¸â€œÂ¦ Leader block received from 12D3KooWPVKESWFG9sS8G6vjhfPn54kWuNFkkuHwG4yQXhYRcXjX | height=1916 proposer=A
Ã°Å¸â€œÂ¨ Consensus message from 12D3KooWPVKESWFG9sS8G6vjhfPn54kWuNFkkuHwG4yQXhYRcXjX: execution_result (size: 359 bytes)
Ã°Å¸â€Å’ Consensus stream EOF from 12D3KooWPVKESWFG9sS8G6vjhfPn54kWuNFkkuHwG4yQXhYRcXjX
Ã°Å¸â€Å’ Consensus stream closed with 12D3KooWPVKESWFG9sS8G6vjhfPn54kWuNFkkuHwG4yQXhYRcXjX
Ã°Å¸â€Å’ Consensus stream EOF from 12D3KooWPVKESWFG9sS8G6vjhfPn54kWuNFkkuHwG4yQXhYRcXjX
Ã°Å¸â€Å’ Consensus stream closed with 12D3KooWPVKESWFG9sS8G6vjhfPn54kWuNFkkuHwG4yQXhYRcXjX
Ã°Å¸â€œÂ¨ Consensus message from 12D3KooWPVKESWFG9sS8G6vjhfPn54kWuNFkkuHwG4yQXhYRcXjX: leader_block (size: 1170 bytes)
Ã°Å¸â€œÂ¦ Leader block received from 12D3KooWPVKESWFG9sS8G6vjhfPn54kWuNFkkuHwG4yQXhYRcXjX | height=1916 proposer=A
Ã°Å¸â€Å’ Consensus stream EOF from 12D3KooWPVKESWFG9sS8G6vjhfPn54kWuNFkkuHwG4yQXhYRcXjX
Ã°Å¸â€Å’ Consensus stream closed with 12D3KooWPVKESWFG9sS8G6vjhfPn54kWuNFkkuHwG4yQXhYRcXjX
Ã°Å¸â€œÂ¨ Consensus message from 12D3KooWHdmUKc1bYKY3scg6TqGhK3SutwH9hu1aAez4VmvwkEyk: execution_result (size: 359 bytes)
Ã°Å¸â€Å’ Consensus stream EOF from 12D3KooWHdmUKc1bYKY3scg6TqGhK3SutwH9hu1aAez4VmvwkEyk
Ã°Å¸â€Å’ Consensus stream closed with 12D3KooWHdmUKc1bYKY3scg6TqGhK3SutwH9hu1aAez4VmvwkEyk
Ã°Å¸â€œÂ¨ Consensus message from 12D3KooWD9ed8zJXbW8uUU6XHD2UYrsQQEvnuXReJWFeo52dvdf8: leader_block (size: 1170 bytes)
Ã°Å¸â€œÂ¦ Leader block received from 12D3KooWD9ed8zJXbW8uUU6XHD2UYrsQQEvnuXReJWFeo52dvdf8 | height=1915 proposer=C
Ã°Å¸â€Å’ Consensus stream EOF from 12D3KooWD9ed8zJXbW8uUU6XHD2UYrsQQEvnuXReJWFeo52dvdf8
Ã°Å¸â€Å’ Consensus stream closed with 12D3KooWD9ed8zJXbW8uUU6XHD2UYrsQQEvnuXReJWFeo52dvdf8
Validator heartbeat received: B | reported_height=1915 | finalized_height=1915 | local_exec_epoch=1916
[SNAPSHOT-PUBLISH] deferred height=1881 reason=auto_publish_interval_10
Validator heartbeat: A | reported_height=1915 | finalized_height=1915 | local_exec_epoch=1916
Validator heartbeat received: B | reported_height=1915 | finalized_height=1915 | local_exec_epoch=1916
Validator heartbeat: A | reported_height=1915 | finalized_height=1915 | local_exec_epoch=1916
Validator heartbeat received: A | reported_height=1915 | finalized_height=1915 | local_exec_epoch=1916
Validator heartbeat: C | reported_height=1915 | finalized_height=1915 | local_exec_epoch=1916
Validator heartbeat received: A | reported_height=1915 | finalized_height=1915 | local_exec_epoch=1916
Validator heartbeat: C | reported_height=1915 | finalized_height=1915 | local_exec_epoch=1916
Validator heartbeat received: C | reported_height=1915 | finalized_height=1915 | local_exec_epoch=1916
Candidate heartbeat received: D | reported_height=1881 | finalized_height=1880 | local_exec_epoch=1882
2026/05/18 00:48:21 [OK] goroutine pressure normalized: 243 (degrade mode off)
Validator heartbeat received: C | reported_height=1915 | finalized_height=1915 | local_exec_epoch=1916
Candidate heartbeat received: D | reported_height=1881 | finalized_height=1880 | local_exec_epoch=1882
Ã°Å¸â€œÂ¨ Consensus message from 12D3KooWD9ed8zJXbW8uUU6XHD2UYrsQQEvnuXReJWFeo52dvdf8: execution_result (size: 359 bytes)
Ã°Å¸â€Å’ Consensus stream EOF from 12D3KooWD9ed8zJXbW8uUU6XHD2UYrsQQEvnuXReJWFeo52dvdf8
Ã°Å¸â€Å’ Consensus stream closed with 12D3KooWD9ed8zJXbW8uUU6XHD2UYrsQQEvnuXReJWFeo52dvdf8
2026/05/18 00:48:22 [REGISTRY-PENDING] height=1916 chain_tip=1881 reason=future_block
[REGISTRY-PENDING] height=1916 chain_height=1881 reason=future_parent
[SET-PENDING] height=1917 chain_height=1881 reason=future_height
Validator heartbeat: B | reported_height=1916 | finalized_height=1916 | local_exec_epoch=1917
Validator heartbeat: B | reported_height=1916 | finalized_height=1916 | local_exec_epoch=1917
2026/05/18 00:48:22 [REGISTRY-PENDING] height=1914 chain_tip=1881 reason=future_block
[REGISTRY-PENDING] height=1914 chain_height=1881 reason=future_parent
[SET-PENDING] height=1915 chain_height=1881 reason=future_height
2026/05/18 00:48:23 [REGISTRY-HISTORY-REBUILD] height=1915 status=scheduled reason=registry_snapshot_missing
2026/05/18 00:48:23 [REGISTRY-HISTORY-REBUILD] height=1915 status=started reason=registry_snapshot_missing
2026/05/18 00:48:23 [REGISTRY-HISTORY-REBUILD] height=1915 status=failed reason=registry_snapshot_missing
2026/05/18 00:48:23 [REGISTRY-PENDING] height=1915 chain_tip=1881 reason=future_block
[REGISTRY-PENDING] height=1915 chain_height=1881 reason=future_parent
2026/05/18 00:48:23 [REGISTRY-PENDING] height=1913 chain_tip=1881 reason=future_block
[SET-PENDING] height=1916 chain_height=1881 reason=future_height
[REGISTRY-PENDING] height=1913 chain_height=1881 reason=future_parent
[SET-PENDING] height=1914 chain_height=1881 reason=future_height
Validator heartbeat received: B | reported_height=1916 | finalized_height=1916 | local_exec_epoch=1917
Ã°Å¸â€œÂ¨ Consensus message from 12D3KooWHdmUKc1bYKY3scg6TqGhK3SutwH9hu1aAez4VmvwkEyk: leader_block (size: 1170 bytes)
Ã°Å¸â€œÂ¦ Leader block received from 12D3KooWHdmUKc1bYKY3scg6TqGhK3SutwH9hu1aAez4VmvwkEyk | height=1917 proposer=B
Ã°Å¸â€Å’ Consensus stream EOF from 12D3KooWHdmUKc1bYKY3scg6TqGhK3SutwH9hu1aAez4VmvwkEyk
Ã°Å¸â€Å’ Consensus stream closed with 12D3KooWHdmUKc1bYKY3scg6TqGhK3SutwH9hu1aAez4VmvwkEyk
Ã°Å¸â€œÂ¨ Consensus message from 12D3KooWHdmUKc1bYKY3scg6TqGhK3SutwH9hu1aAez4VmvwkEyk: execution_result (size: 359 bytes)
Ã°Å¸â€Å’ Consensus stream EOF from 12D3KooWHdmUKc1bYKY3scg6TqGhK3SutwH9hu1aAez4VmvwkEyk
Ã°Å¸â€Å’ Consensus stream closed with 12D3KooWHdmUKc1bYKY3scg6TqGhK3SutwH9hu1aAez4VmvwkEyk
Ã°Å¸â€œÂ¨ Consensus message from 12D3KooWPVKESWFG9sS8G6vjhfPn54kWuNFkkuHwG4yQXhYRcXjX: execution_result (size: 359 bytes)
Ã°Å¸â€Å’ Consensus stream EOF from 12D3KooWPVKESWFG9sS8G6vjhfPn54kWuNFkkuHwG4yQXhYRcXjX
Ã°Å¸â€Å’ Consensus stream closed with 12D3KooWPVKESWFG9sS8G6vjhfPn54kWuNFkkuHwG4yQXhYRcXjX
Validator heartbeat: A | reported_height=1916 | finalized_height=1916 | local_exec_epoch=1917
Validator heartbeat received: B | reported_height=1916 | finalized_height=1916 | local_exec_epoch=1917
Ã°Å¸â€œÂ¨ Consensus message from 12D3KooWHdmUKc1bYKY3scg6TqGhK3SutwH9hu1aAez4VmvwkEyk: leader_block (size: 1170 bytes)
Ã°Å¸â€œÂ¦ Leader block received from 12D3KooWHdmUKc1bYKY3scg6TqGhK3SutwH9hu1aAez4VmvwkEyk | height=1917 proposer=B
Ã°Å¸â€Å’ Consensus stream EOF from 12D3KooWHdmUKc1bYKY3scg6TqGhK3SutwH9hu1aAez4VmvwkEyk
Ã°Å¸â€Å’ Consensus stream closed with 12D3KooWHdmUKc1bYKY3scg6TqGhK3SutwH9hu1aAez4VmvwkEyk
Validator heartbeat: A | reported_height=1916 | finalized_height=1916 | local_exec_epoch=1917
Validator heartbeat received: A | reported_height=1916 | finalized_height=1916 | local_exec_epoch=1917
[SNAPSHOT-PUBLISH] deferred height=1881 reason=auto_publish_interval_10
Validator heartbeat: C | reported_height=1916 | finalized_height=1916 | local_exec_epoch=1917
Validator heartbeat received: A | reported_height=1916 | finalized_height=1916 | local_exec_epoch=1917
Validator heartbeat: C | reported_height=1916 | finalized_height=1916 | local_exec_epoch=1917
Validator heartbeat received: C | reported_height=1916 | finalized_height=1916 | local_exec_epoch=1917
Ã°Å¸â€œÂ¨ Consensus message from 12D3KooWD9ed8zJXbW8uUU6XHD2UYrsQQEvnuXReJWFeo52dvdf8: execution_result (size: 359 bytes)
Ã°Å¸â€Å’ Consensus stream EOF from 12D3KooWD9ed8zJXbW8uUU6XHD2UYrsQQEvnuXReJWFeo52dvdf8
Ã°Å¸â€Å’ Consensus stream closed with 12D3KooWD9ed8zJXbW8uUU6XHD2UYrsQQEvnuXReJWFeo52dvdf8
2026/05/18 00:48:25 [REGISTRY-PENDING] height=1917 chain_tip=1881 reason=future_block
[REGISTRY-PENDING] height=1917 chain_height=1881 reason=future_parent
[SET-PENDING] height=1918 chain_height=1881 reason=future_height
Attempting to connect to 9 peers
Validator heartbeat: B | reported_height=1917 | finalized_height=1917 | local_exec_epoch=1918
Validator heartbeat received: C | reported_height=1916 | finalized_height=1916 | local_exec_epoch=1917
Validator heartbeat: B | reported_height=1917 | finalized_height=1917 | local_exec_epoch=1918
Dial fanout full (16); skipping this dial batch item
Ã°Å¸â€â€” PubSub mesh check against 9 peers
Validator heartbeat received: B | reported_height=1917 | finalized_height=1917 | local_exec_epoch=1918
Validator heartbeat received: B | reported_height=1917 | finalized_height=1917 | local_exec_epoch=1918
2026/05/18 00:48:27 [REGISTRY-PENDING] height=1916 chain_tip=1881 reason=future_block
[REGISTRY-PENDING] height=1916 chain_height=1881 reason=future_parent
[SET-PENDING] height=1917 chain_height=1881 reason=future_height
Validator heartbeat: A | reported_height=1917 | finalized_height=1917 | local_exec_epoch=1918
Validator heartbeat: A | reported_height=1917 | finalized_height=1917 | local_exec_epoch=1918
2026/05/18 00:48:28 [REGISTRY-HISTORY-REBUILD] height=1917 status=scheduled reason=registry_snapshot_missing
2026/05/18 00:48:28 [REGISTRY-HISTORY-REBUILD] height=1917 status=started reason=registry_snapshot_missing
2026/05/18 00:48:28 [REGISTRY-HISTORY-REBUILD] height=1917 status=failed reason=registry_snapshot_missing
2026/05/18 00:48:28 [REGISTRY-PENDING] height=1914 chain_tip=1881 reason=future_block
2026/05/18 00:48:28 [REGISTRY-PENDING] height=1915 chain_tip=1881 reason=future_block
[REGISTRY-PENDING] height=1914 chain_height=1881 reason=future_parent
[SET-PENDING] height=1915 chain_height=1881 reason=future_height
[REGISTRY-PENDING] height=1915 chain_height=1881 reason=future_parent
[SET-PENDING] height=1916 chain_height=1881 reason=future_height
Validator heartbeat received: A | reported_height=1917 | finalized_height=1917 | local_exec_epoch=1918
Validator heartbeat received: A | reported_height=1917 | finalized_height=1917 | local_exec_epoch=1918
Validator heartbeat: C | reported_height=1917 | finalized_height=1917 | local_exec_epoch=1918
Validator heartbeat: C | reported_height=1917 | finalized_height=1917 | local_exec_epoch=1918
Validator heartbeat received: C | reported_height=1917 | finalized_height=1917 | local_exec_epoch=1918
[SNAPSHOT-PUBLISH] deferred height=1881 reason=auto_publish_interval_10
Validator heartbeat received: C | reported_height=1917 | finalized_height=1917 | local_exec_epoch=1918
2026/05/18 00:48:31 [OK] goroutine pressure normalized: 241 (degrade mode off)
Ã°Å¸â€œÂ¨ Consensus message from 12D3KooWPVKESWFG9sS8G6vjhfPn54kWuNFkkuHwG4yQXhYRcXjX: leader_block (size: 1170 bytes)
Ã°Å¸â€œÂ¦ Leader block received from 12D3KooWPVKESWFG9sS8G6vjhfPn54kWuNFkkuHwG4yQXhYRcXjX | height=1918 proposer=A
Ã°Å¸â€Å’ Consensus stream EOF from 12D3KooWPVKESWFG9sS8G6vjhfPn54kWuNFkkuHwG4yQXhYRcXjX
Ã°Å¸â€Å’ Consensus stream closed with 12D3KooWPVKESWFG9sS8G6vjhfPn54kWuNFkkuHwG4yQXhYRcXjX
Ã°Å¸â€œÂ¨ Consensus message from 12D3KooWPVKESWFG9sS8G6vjhfPn54kWuNFkkuHwG4yQXhYRcXjX: execution_result (size: 374 bytes)
Ã°Å¸â€Å’ Consensus stream EOF from 12D3KooWPVKESWFG9sS8G6vjhfPn54kWuNFkkuHwG4yQXhYRcXjX
Ã°Å¸â€Å’ Consensus stream closed with 12D3KooWPVKESWFG9sS8G6vjhfPn54kWuNFkkuHwG4yQXhYRcXjX
Ã°Å¸â€œÂ¨ Consensus message from 12D3KooWHdmUKc1bYKY3scg6TqGhK3SutwH9hu1aAez4VmvwkEyk: execution_result (size: 374 bytes)
Ã°Å¸â€Å’ Consensus stream EOF from 12D3KooWHdmUKc1bYKY3scg6TqGhK3SutwH9hu1aAez4VmvwkEyk
Ã°Å¸â€Å’ Consensus stream closed with 12D3KooWHdmUKc1bYKY3scg6TqGhK3SutwH9hu1aAez4VmvwkEyk
Ã°Å¸â€œÂ¨ Consensus message from 12D3KooWD9ed8zJXbW8uUU6XHD2UYrsQQEvnuXReJWFeo52dvdf8: execution_result (size: 374 bytes)
Ã°Å¸â€Å’ Consensus stream EOF from 12D3KooWD9ed8zJXbW8uUU6XHD2UYrsQQEvnuXReJWFeo52dvdf8
Ã°Å¸â€Å’ Consensus stream closed with 12D3KooWD9ed8zJXbW8uUU6XHD2UYrsQQEvnuXReJWFeo52dvdf8
Candidate heartbeat received: D | reported_height=1881 | finalized_height=1880 | local_exec_epoch=1882
Candidate heartbeat received: D | reported_height=1881 | finalized_height=1880 | local_exec_epoch=1882
2026/05/18 00:48:33 [REGISTRY-PENDING] height=1917 chain_tip=1881 reason=future_block
[REGISTRY-PENDING] height=1917 chain_height=1881 reason=future_parent
[SET-PENDING] height=1918 chain_height=1881 reason=future_height
2026/05/18 00:48:33 [REGISTRY-HISTORY-REBUILD] height=1917 status=scheduled reason=registry_snapshot_missing
2026/05/18 00:48:33 [REGISTRY-HISTORY-REBUILD] height=1917 status=started reason=registry_snapshot_missing
2026/05/18 00:48:33 [REGISTRY-PENDING] height=1916 chain_tip=1881 reason=future_block
2026/05/18 00:48:33 [REGISTRY-HISTORY-REBUILD] height=1917 status=failed reason=registry_snapshot_missing
[REGISTRY-PENDING] height=1916 chain_height=1881 reason=future_parent
[SET-PENDING] height=1917 chain_height=1881 reason=future_height
2026/05/18 00:48:33 [REGISTRY-PENDING] height=1918 chain_tip=1881 reason=future_block
[REGISTRY-PENDING] height=1918 chain_height=1881 reason=future_parent
[SET-PENDING] height=1919 chain_height=1881 reason=future_height
Validator heartbeat: A | reported_height=1918 | finalized_height=1918 | local_exec_epoch=1919
2026/05/18 00:48:34 [REGISTRY-PENDING] height=1915 chain_tip=1881 reason=future_block
[REGISTRY-PENDING] height=1915 chain_height=1881 reason=future_parent
[SET-PENDING] height=1916 chain_height=1881 reason=future_height
Validator heartbeat: A | reported_height=1918 | finalized_height=1918 | local_exec_epoch=1919
Validator heartbeat received: A | reported_height=1918 | finalized_height=1918 | local_exec_epoch=1919
Validator heartbeat: B | reported_height=1918 | finalized_height=1918 | local_exec_epoch=1919
Validator heartbeat received: A | reported_height=1918 | finalized_height=1918 | local_exec_epoch=1919
[SNAPSHOT-PUBLISH] deferred height=1881 reason=auto_publish_interval_10
Ã°Å¸â€œÂ¨ Consensus message from 12D3KooWPVKESWFG9sS8G6vjhfPn54kWuNFkkuHwG4yQXhYRcXjX: leader_block (size: 1170 bytes)
Ã°Å¸â€œÂ¦ Leader block received from 12D3KooWPVKESWFG9sS8G6vjhfPn54kWuNFkkuHwG4yQXhYRcXjX | height=1919 proposer=A
Ã°Å¸â€Å’ Consensus stream EOF from 12D3KooWPVKESWFG9sS8G6vjhfPn54kWuNFkkuHwG4yQXhYRcXjX
Ã°Å¸â€Å’ Consensus stream closed with 12D3KooWPVKESWFG9sS8G6vjhfPn54kWuNFkkuHwG4yQXhYRcXjX
Ã°Å¸â€œÂ¨ Consensus message from 12D3KooWPVKESWFG9sS8G6vjhfPn54kWuNFkkuHwG4yQXhYRcXjX: execution_result (size: 359 bytes)
Ã°Å¸â€Å’ Consensus stream EOF from 12D3KooWPVKESWFG9sS8G6vjhfPn54kWuNFkkuHwG4yQXhYRcXjX
Ã°Å¸â€Å’ Consensus stream closed with 12D3KooWPVKESWFG9sS8G6vjhfPn54kWuNFkkuHwG4yQXhYRcXjX
Validator heartbeat: B | reported_height=1918 | finalized_height=1918 | local_exec_epoch=1919
Ã°Å¸â€œÂ¨ Consensus message from 12D3KooWHdmUKc1bYKY3scg6TqGhK3SutwH9hu1aAez4VmvwkEyk: execution_result (size: 359 bytes)
Ã°Å¸â€Å’ Consensus stream EOF from 12D3KooWHdmUKc1bYKY3scg6TqGhK3SutwH9hu1aAez4VmvwkEyk
Ã°Å¸â€Å’ Consensus stream closed with 12D3KooWHdmUKc1bYKY3scg6TqGhK3SutwH9hu1aAez4VmvwkEyk
Ã°Å¸â€œÂ¨ Consensus message from 12D3KooWPVKESWFG9sS8G6vjhfPn54kWuNFkkuHwG4yQXhYRcXjX: leader_block (size: 1170 bytes)
Ã°Å¸â€œÂ¦ Leader block received from 12D3KooWPVKESWFG9sS8G6vjhfPn54kWuNFkkuHwG4yQXhYRcXjX | height=1919 proposer=A
Ã°Å¸â€Å’ Consensus stream EOF from 12D3KooWPVKESWFG9sS8G6vjhfPn54kWuNFkkuHwG4yQXhYRcXjX
Ã°Å¸â€Å’ Consensus stream closed with 12D3KooWPVKESWFG9sS8G6vjhfPn54kWuNFkkuHwG4yQXhYRcXjX
Validator heartbeat received: B | reported_height=1918 | finalized_height=1918 | local_exec_epoch=1919
Validator heartbeat received: B | reported_height=1918 | finalized_height=1918 | local_exec_epoch=1919
Validator heartbeat: B | reported_height=1918 | finalized_height=1918 | local_exec_epoch=1919
Validator heartbeat: B | reported_height=1918 | finalized_height=1918 | local_exec_epoch=1919
Validator heartbeat received: B | reported_height=1918 | finalized_height=1918 | local_exec_epoch=1919
Validator heartbeat received: B | reported_height=1918 | finalized_height=1918 | local_exec_epoch=1919
Validator heartbeat: C | reported_height=1918 | finalized_height=1918 | local_exec_epoch=1919
Validator heartbeat: C | reported_height=1918 | finalized_height=1918 | local_exec_epoch=1919
Validator heartbeat received: C | reported_height=1918 | finalized_height=1918 | local_exec_epoch=1919
Validator heartbeat received: C | reported_height=1918 | finalized_height=1918 | local_exec_epoch=1919
Ã°Å¸â€œÂ¨ Consensus message from 12D3KooWD9ed8zJXbW8uUU6XHD2UYrsQQEvnuXReJWFeo52dvdf8: execution_result (size: 359 bytes)
Ã°Å¸â€Å’ Consensus stream EOF from 12D3KooWD9ed8zJXbW8uUU6XHD2UYrsQQEvnuXReJWFeo52dvdf8
Ã°Å¸â€Å’ Consensus stream closed with 12D3KooWD9ed8zJXbW8uUU6XHD2UYrsQQEvnuXReJWFeo52dvdf8
2026/05/18 00:48:39 [REGISTRY-PENDING] height=1918 chain_tip=1881 reason=future_block
[REGISTRY-PENDING] height=1918 chain_height=1881 reason=future_parent
2026/05/18 00:48:39 [REGISTRY-HISTORY-REBUILD] height=1918 status=scheduled reason=registry_snapshot_missing
[SET-PENDING] height=1919 chain_height=1881 reason=future_height
2026/05/18 00:48:39 [REGISTRY-HISTORY-REBUILD] height=1918 status=started reason=registry_snapshot_missing
2026/05/18 00:48:39 [REGISTRY-HISTORY-REBUILD] height=1918 status=failed reason=registry_snapshot_missing
2026/05/18 00:48:39 [REGISTRY-PENDING] height=1917 chain_tip=1881 reason=future_block
[REGISTRY-PENDING] height=1917 chain_height=1881 reason=future_parent
[SET-PENDING] height=1918 chain_height=1881 reason=future_height
2026/05/18 00:48:39 [REGISTRY-PENDING] height=1919 chain_tip=1881 reason=future_block
[REGISTRY-PENDING] height=1919 chain_height=1881 reason=future_parent
[SET-PENDING] height=1920 chain_height=1881 reason=future_height
Validator heartbeat: A | reported_height=1919 | finalized_height=1919 | local_exec_epoch=1920
2026/05/18 00:48:39 [REGISTRY-PENDING] height=1916 chain_tip=1881 reason=future_block
[REGISTRY-PENDING] height=1916 chain_height=1881 reason=future_parent
[SET-PENDING] height=1917 chain_height=1881 reason=future_height
Validator heartbeat: A | reported_height=1919 | finalized_height=1919 | local_exec_epoch=1920
Validator heartbeat received: A | reported_height=1919 | finalized_height=1919 | local_exec_epoch=1920
[SNAPSHOT-PUBLISH] deferred height=1881 reason=auto_publish_interval_10
Validator heartbeat: B | reported_height=1919 | finalized_height=1919 | local_exec_epoch=1920
Validator heartbeat received: A | reported_height=1919 | finalized_height=1919 | local_exec_epoch=1920
Validator heartbeat: B | reported_height=1919 | finalized_height=1919 | local_exec_epoch=1920
Validator heartbeat received: B | reported_height=1919 | finalized_height=1919 | local_exec_epoch=1920
Validator heartbeat: B | reported_height=1919 | finalized_height=1919 | local_exec_epoch=1920
Validator heartbeat received: B | reported_height=1919 | finalized_height=1919 | local_exec_epoch=1920
Validator heartbeat: B | reported_height=1919 | finalized_height=1919 | local_exec_epoch=1920
2026/05/18 00:48:41 [OK] goroutine pressure normalized: 249 (degrade mode off)
Dial fanout full (16); skipping this dial batch item
Validator heartbeat received: B | reported_height=1919 | finalized_height=1919 | local_exec_epoch=1920
Validator heartbeat: C | reported_height=1919 | finalized_height=1919 | local_exec_epoch=1920
Validator heartbeat received: B | reported_height=1919 | finalized_height=1919 | local_exec_epoch=1920
Validator heartbeat: C | reported_height=1919 | finalized_height=1919 | local_exec_epoch=1920
Validator heartbeat received: C | reported_height=1919 | finalized_height=1919 | local_exec_epoch=1920
Validator heartbeat received: C | reported_height=1919 | finalized_height=1919 | local_exec_epoch=1920
Candidate heartbeat received: D | reported_height=1881 | finalized_height=1880 | local_exec_epoch=1882
Candidate heartbeat received: D | reported_height=1881 | finalized_height=1880 | local_exec_epoch=1882
Attempting to connect to 9 peers
Ã°Å¸â€œÂ¨ Consensus message from 12D3KooWHdmUKc1bYKY3scg6TqGhK3SutwH9hu1aAez4VmvwkEyk: leader_block (size: 1170 bytes)
Ã°Å¸â€œÂ¦ Leader block received from 12D3KooWHdmUKc1bYKY3scg6TqGhK3SutwH9hu1aAez4VmvwkEyk | height=1920 proposer=B
Ã°Å¸â€Å’ Consensus stream EOF from 12D3KooWHdmUKc1bYKY3scg6TqGhK3SutwH9hu1aAez4VmvwkEyk
Ã°Å¸â€Å’ Consensus stream closed with 12D3KooWHdmUKc1bYKY3scg6TqGhK3SutwH9hu1aAez4VmvwkEyk
Ã°Å¸â€œÂ¨ Consensus message from 12D3KooWHdmUKc1bYKY3scg6TqGhK3SutwH9hu1aAez4VmvwkEyk: execution_result (size: 374 bytes)
Ã°Å¸â€Å’ Consensus stream EOF from 12D3KooWHdmUKc1bYKY3scg6TqGhK3SutwH9hu1aAez4VmvwkEyk
Ã°Å¸â€Å’ Consensus stream closed with 12D3KooWHdmUKc1bYKY3scg6TqGhK3SutwH9hu1aAez4VmvwkEyk
Ã°Å¸â€œÂ¨ Consensus message from 12D3KooWPVKESWFG9sS8G6vjhfPn54kWuNFkkuHwG4yQXhYRcXjX: execution_result (size: 374 bytes)
Ã°Å¸â€Å’ Consensus stream EOF from 12D3KooWPVKESWFG9sS8G6vjhfPn54kWuNFkkuHwG4yQXhYRcXjX
Ã°Å¸â€Å’ Consensus stream closed with 12D3KooWPVKESWFG9sS8G6vjhfPn54kWuNFkkuHwG4yQXhYRcXjX
Ã°Å¸â€œÂ¨ Consensus message from 12D3KooWD9ed8zJXbW8uUU6XHD2UYrsQQEvnuXReJWFeo52dvdf8: execution_result (size: 374 bytes)
Ã°Å¸â€Å’ Consensus stream EOF from 12D3KooWD9ed8zJXbW8uUU6XHD2UYrsQQEvnuXReJWFeo52dvdf8
Ã°Å¸â€Å’ Consensus stream closed with 12D3KooWD9ed8zJXbW8uUU6XHD2UYrsQQEvnuXReJWFeo52dvdf8
2026/05/18 00:48:48 [REGISTRY-PENDING] height=1919 chain_tip=1881 reason=future_block
[REGISTRY-PENDING] height=1919 chain_height=1881 reason=future_parent
2026/05/18 00:48:48 [REGISTRY-HISTORY-REBUILD] height=1919 status=scheduled reason=registry_snapshot_missing
[SET-PENDING] height=1920 chain_height=1881 reason=future_height
2026/05/18 00:48:48 [REGISTRY-HISTORY-REBUILD] height=1919 status=started reason=registry_snapshot_missing
2026/05/18 00:48:48 [REGISTRY-HISTORY-REBUILD] height=1919 status=failed reason=registry_snapshot_missing
2026/05/18 00:48:48 [REGISTRY-PENDING] height=1918 chain_tip=1881 reason=future_block
[REGISTRY-PENDING] height=1918 chain_height=1881 reason=future_parent
[SET-PENDING] height=1919 chain_height=1881 reason=future_height
2026/05/18 00:48:48 [REGISTRY-PENDING] height=1920 chain_tip=1881 reason=future_block
[REGISTRY-PENDING] height=1920 chain_height=1881 reason=future_parent
[SET-PENDING] height=1921 chain_height=1881 reason=future_height
Validator heartbeat: B | reported_height=1920 | finalized_height=1920 | local_exec_epoch=1921
2026/05/18 00:48:48 [REGISTRY-PENDING] height=1917 chain_tip=1881 reason=future_block
[REGISTRY-PENDING] height=1917 chain_height=1881 reason=future_parent
[SET-PENDING] height=1918 chain_height=1881 reason=future_height
Validator heartbeat: B | reported_height=1920 | finalized_height=1920 | local_exec_epoch=1921
[SNAPSHOT-PROOF] height=1920 checkpoint=1920 validator=B votes=1 hash=b5d26fed
Ã°Å¸â€œÂ¨ Consensus message from 12D3KooWHdmUKc1bYKY3scg6TqGhK3SutwH9hu1aAez4VmvwkEyk: execution_result (size: 359 bytes)
Ã°Å¸â€œÂ¨ Consensus message from 12D3KooWHdmUKc1bYKY3scg6TqGhK3SutwH9hu1aAez4VmvwkEyk: leader_block (size: 1170 bytes)
Ã°Å¸â€œÂ¦ Leader block received from 12D3KooWHdmUKc1bYKY3scg6TqGhK3SutwH9hu1aAez4VmvwkEyk | height=1921 proposer=B
Ã°Å¸â€Å’ Consensus stream EOF from 12D3KooWHdmUKc1bYKY3scg6TqGhK3SutwH9hu1aAez4VmvwkEyk
Ã°Å¸â€Å’ Consensus stream closed with 12D3KooWHdmUKc1bYKY3scg6TqGhK3SutwH9hu1aAez4VmvwkEyk
Ã°Å¸â€Å’ Consensus stream EOF from 12D3KooWHdmUKc1bYKY3scg6TqGhK3SutwH9hu1aAez4VmvwkEyk
Ã°Å¸â€Å’ Consensus stream closed with 12D3KooWHdmUKc1bYKY3scg6TqGhK3SutwH9hu1aAez4VmvwkEyk
Ã°Å¸â€œÂ¨ Consensus message from 12D3KooWHdmUKc1bYKY3scg6TqGhK3SutwH9hu1aAez4VmvwkEyk: leader_block (size: 1170 bytes)
Ã°Å¸â€œÂ¦ Leader block received from 12D3KooWHdmUKc1bYKY3scg6TqGhK3SutwH9hu1aAez4VmvwkEyk | height=1921 proposer=B
Ã°Å¸â€Å’ Consensus stream EOF from 12D3KooWHdmUKc1bYKY3scg6TqGhK3SutwH9hu1aAez4VmvwkEyk
Ã°Å¸â€Å’ Consensus stream closed with 12D3KooWHdmUKc1bYKY3scg6TqGhK3SutwH9hu1aAez4VmvwkEyk
[SNAPSHOT-PROOF] height=1920 checkpoint=1920 validator=A votes=2 hash=b5d26fed
Validator heartbeat received: B | reported_height=1920 | finalized_height=1920 | local_exec_epoch=1921
[SNAPSHOT-PUBLISH] deferred height=1881 reason=auto_publish_interval_10
Ã°Å¸â€œÂ¨ Consensus message from 12D3KooWPVKESWFG9sS8G6vjhfPn54kWuNFkkuHwG4yQXhYRcXjX: execution_result (size: 359 bytes)
Ã°Å¸â€Å’ Consensus stream EOF from 12D3KooWPVKESWFG9sS8G6vjhfPn54kWuNFkkuHwG4yQXhYRcXjX
Ã°Å¸â€Å’ Consensus stream closed with 12D3KooWPVKESWFG9sS8G6vjhfPn54kWuNFkkuHwG4yQXhYRcXjX
Validator heartbeat: A | reported_height=1920 | finalized_height=1920 | local_exec_epoch=1921
Validator heartbeat received: B | reported_height=1920 | finalized_height=1920 | local_exec_epoch=1921
Validator heartbeat: A | reported_height=1920 | finalized_height=1920 | local_exec_epoch=1921
Validator heartbeat received: A | reported_height=1920 | finalized_height=1920 | local_exec_epoch=1921
Validator heartbeat: A | reported_height=1920 | finalized_height=1920 | local_exec_epoch=1921
Validator heartbeat received: A | reported_height=1920 | finalized_height=1920 | local_exec_epoch=1921
Validator heartbeat: A | reported_height=1920 | finalized_height=1920 | local_exec_epoch=1921
Validator heartbeat received: A | reported_height=1920 | finalized_height=1920 | local_exec_epoch=1921
2026/05/18 00:48:51 [OK] goroutine pressure normalized: 240 (degrade mode off)
Dial fanout full (16); skipping this dial batch item
Ã°Å¸â€â€” PubSub mesh check against 9 peers
Validator heartbeat: A | reported_height=1920 | finalized_height=1920 | local_exec_epoch=1921
Validator heartbeat received: A | reported_height=1920 | finalized_height=1920 | local_exec_epoch=1921
Validator heartbeat: A | reported_height=1920 | finalized_height=1920 | local_exec_epoch=1921
Validator heartbeat received: A | reported_height=1920 | finalized_height=1920 | local_exec_epoch=1921
Validator heartbeat received: A | reported_height=1920 | finalized_height=1920 | local_exec_epoch=1921
[SNAPSHOT-PROOF] height=1920 checkpoint=1920 validator=C votes=3 hash=b5d26fed
Validator heartbeat: C | reported_height=1920 | finalized_height=1920 | local_exec_epoch=1921
Ã°Å¸â€œÂ¨ Consensus message from 12D3KooWD9ed8zJXbW8uUU6XHD2UYrsQQEvnuXReJWFeo52dvdf8: execution_result (size: 359 bytes)
Ã°Å¸â€Å’ Consensus stream EOF from 12D3KooWD9ed8zJXbW8uUU6XHD2UYrsQQEvnuXReJWFeo52dvdf8
Ã°Å¸â€Å’ Consensus stream closed with 12D3KooWD9ed8zJXbW8uUU6XHD2UYrsQQEvnuXReJWFeo52dvdf8
Validator heartbeat: C | reported_height=1920 | finalized_height=1920 | local_exec_epoch=1921
2026/05/18 00:48:53 [REGISTRY-HISTORY-REBUILD] height=1918 status=scheduled reason=registry_snapshot_missing
2026/05/18 00:48:53 [REGISTRY-PENDING] height=1918 chain_tip=1881 reason=future_block
2026/05/18 00:48:53 [REGISTRY-HISTORY-REBUILD] height=1918 status=started reason=registry_snapshot_missing
[REGISTRY-PENDING] height=1918 chain_height=1881 reason=future_parent
[SET-PENDING] height=1919 chain_height=1881 reason=future_height
2026/05/18 00:48:53 [REGISTRY-HISTORY-REBUILD] height=1918 status=failed reason=registry_snapshot_missing
2026/05/18 00:48:53 [REGISTRY-PENDING] height=1919 chain_tip=1881 reason=future_block
2026/05/18 00:48:53 [REGISTRY-PENDING] height=1920 chain_tip=1881 reason=future_block
[REGISTRY-PENDING] height=1919 chain_height=1881 reason=future_parent
[SET-PENDING] height=1920 chain_height=1881 reason=future_height
[REGISTRY-PENDING] height=1920 chain_height=1881 reason=future_parent
[SET-PENDING] height=1921 chain_height=1881 reason=future_height
Validator heartbeat received: C | reported_height=1920 | finalized_height=1920 | local_exec_epoch=1921
Validator heartbeat received: C | reported_height=1920 | finalized_height=1920 | local_exec_epoch=1921
Validator heartbeat: C | reported_height=1920 | finalized_height=1920 | local_exec_epoch=1921
Validator heartbeat: C | reported_height=1920 | finalized_height=1920 | local_exec_epoch=1921
Validator heartbeat received: C | reported_height=1920 | finalized_height=1920 | local_exec_epoch=1921
[SNAPSHOT-PUBLISH] deferred height=1881 reason=auto_publish_interval_10
2026/05/18 00:48:54 [REGISTRY-PENDING] height=1921 chain_tip=1881 reason=future_block
[REGISTRY-PENDING] height=1921 chain_height=1881 reason=future_parent
[SET-PENDING] height=1922 chain_height=1881 reason=future_height
Validator heartbeat: B | reported_height=1921 | finalized_height=1921 | local_exec_epoch=1922
Validator heartbeat received: C | reported_height=1920 | finalized_height=1920 | local_exec_epoch=1921
Validator heartbeat: B | reported_height=1921 | finalized_height=1921 | local_exec_epoch=1922
Ã°Å¸â€œÂ¨ Consensus message from 12D3KooWPVKESWFG9sS8G6vjhfPn54kWuNFkkuHwG4yQXhYRcXjX: leader_block (size: 1170 bytes)
Ã°Å¸â€œÂ¦ Leader block received from 12D3KooWPVKESWFG9sS8G6vjhfPn54kWuNFkkuHwG4yQXhYRcXjX | height=1922 proposer=A
Ã°Å¸â€Å’ Consensus stream EOF from 12D3KooWPVKESWFG9sS8G6vjhfPn54kWuNFkkuHwG4yQXhYRcXjX
Ã°Å¸â€Å’ Consensus stream closed with 12D3KooWPVKESWFG9sS8G6vjhfPn54kWuNFkkuHwG4yQXhYRcXjX
Ã°Å¸â€œÂ¨ Consensus message from 12D3KooWHdmUKc1bYKY3scg6TqGhK3SutwH9hu1aAez4VmvwkEyk: execution_result (size: 359 bytes)
Ã°Å¸â€Å’ Consensus stream EOF from 12D3KooWHdmUKc1bYKY3scg6TqGhK3SutwH9hu1aAez4VmvwkEyk
Ã°Å¸â€Å’ Consensus stream closed with 12D3KooWHdmUKc1bYKY3scg6TqGhK3SutwH9hu1aAez4VmvwkEyk
Ã°Å¸â€œÂ¨ Consensus message from 12D3KooWPVKESWFG9sS8G6vjhfPn54kWuNFkkuHwG4yQXhYRcXjX: execution_result (size: 359 bytes)
Ã°Å¸â€Å’ Consensus stream EOF from 12D3KooWPVKESWFG9sS8G6vjhfPn54kWuNFkkuHwG4yQXhYRcXjX
Ã°Å¸â€Å’ Consensus stream closed with 12D3KooWPVKESWFG9sS8G6vjhfPn54kWuNFkkuHwG4yQXhYRcXjX
Validator heartbeat received: B | reported_height=1921 | finalized_height=1921 | local_exec_epoch=1922
Ã°Å¸â€œÂ¨ Consensus message from 12D3KooWPVKESWFG9sS8G6vjhfPn54kWuNFkkuHwG4yQXhYRcXjX: leader_block (size: 1170 bytes)
Ã°Å¸â€œÂ¦ Leader block received from 12D3KooWPVKESWFG9sS8G6vjhfPn54kWuNFkkuHwG4yQXhYRcXjX | height=1922 proposer=A
Ã°Å¸â€Å’ Consensus stream EOF from 12D3KooWPVKESWFG9sS8G6vjhfPn54kWuNFkkuHwG4yQXhYRcXjX
Ã°Å¸â€Å’ Consensus stream closed with 12D3KooWPVKESWFG9sS8G6vjhfPn54kWuNFkkuHwG4yQXhYRcXjX
Validator heartbeat: A | reported_height=1921 | finalized_height=1921 | local_exec_epoch=1922
Validator heartbeat received: B | reported_height=1921 | finalized_height=1921 | local_exec_epoch=1922
Validator heartbeat: A | reported_height=1921 | finalized_height=1921 | local_exec_epoch=1922
Ã°Å¸â€œÂ¨ Consensus message from 12D3KooWD9ed8zJXbW8uUU6XHD2UYrsQQEvnuXReJWFeo52dvdf8: execution_result (size: 359 bytes)
Ã°Å¸â€Å’ Consensus stream EOF from 12D3KooWD9ed8zJXbW8uUU6XHD2UYrsQQEvnuXReJWFeo52dvdf8
Ã°Å¸â€Å’ Consensus stream closed with 12D3KooWD9ed8zJXbW8uUU6XHD2UYrsQQEvnuXReJWFeo52dvdf8
Validator heartbeat received: A | reported_height=1921 | finalized_height=1921 | local_exec_epoch=1922
Validator heartbeat received: A | reported_height=1921 | finalized_height=1921 | local_exec_epoch=1922
Validator heartbeat: C | reported_height=1921 | finalized_height=1920 | local_exec_epoch=1922
Validator heartbeat: C | reported_height=1921 | finalized_height=1920 | local_exec_epoch=1922
Validator heartbeat received: C | reported_height=1921 | finalized_height=1920 | local_exec_epoch=1922
Validator heartbeat: C | reported_height=1921 | finalized_height=1921 | local_exec_epoch=1922
Validator heartbeat received: C | reported_height=1921 | finalized_height=1920 | local_exec_epoch=1922
Validator heartbeat: C | reported_height=1921 | finalized_height=1921 | local_exec_epoch=1922
2026/05/18 00:48:58 [REGISTRY-HISTORY-REBUILD] height=1921 status=scheduled reason=registry_snapshot_missing
2026/05/18 00:48:58 [REGISTRY-HISTORY-REBUILD] height=1921 status=started reason=registry_snapshot_missing
2026/05/18 00:48:58 [REGISTRY-HISTORY-REBUILD] height=1921 status=failed reason=registry_snapshot_missing
2026/05/18 00:48:58 [REGISTRY-PENDING] height=1919 chain_tip=1881 reason=future_block
2026/05/18 00:48:58 [REGISTRY-PENDING] height=1920 chain_tip=1881 reason=future_block
[REGISTRY-PENDING] height=1919 chain_height=1881 reason=future_parent
[REGISTRY-PENDING] height=1920 chain_height=1881 reason=future_parent
[SET-PENDING] height=1920 chain_height=1881 reason=future_height
[SET-PENDING] height=1921 chain_height=1881 reason=future_height
Validator heartbeat received: C | reported_height=1921 | finalized_height=1921 | local_exec_epoch=1922
2026/05/18 00:48:59 [REGISTRY-PENDING] height=1922 chain_tip=1881 reason=future_block
[REGISTRY-PENDING] height=1922 chain_height=1881 reason=future_parent
[SET-PENDING] height=1923 chain_height=1881 reason=future_height
Validator heartbeat: B | reported_height=1922 | finalized_height=1922 | local_exec_epoch=1923
Validator heartbeat received: C | reported_height=1921 | finalized_height=1921 | local_exec_epoch=1922
Validator heartbeat: B | reported_height=1922 | finalized_height=1922 | local_exec_epoch=1923
2026/05/18 00:48:59 [REGISTRY-PENDING] height=1921 chain_tip=1881 reason=future_block
[REGISTRY-PENDING] height=1921 chain_height=1881 reason=future_parent
[SET-PENDING] height=1922 chain_height=1881 reason=future_height
Validator heartbeat received: B | reported_height=1922 | finalized_height=1922 | local_exec_epoch=1923
[SNAPSHOT-PUBLISH] deferred height=1881 reason=auto_publish_interval_10
Validator heartbeat: A | reported_height=1922 | finalized_height=1922 | local_exec_epoch=1923
Validator heartbeat received: B | reported_height=1922 | finalized_height=1922 | local_exec_epoch=1923
Validator heartbeat: A | reported_height=1922 | finalized_height=1922 | local_exec_epoch=1923
Validator heartbeat received: A | reported_height=1922 | finalized_height=1922 | local_exec_epoch=1923
Candidate heartbeat received: D | reported_height=1881 | finalized_height=1880 | local_exec_epoch=1882
Validator heartbeat: C | reported_height=1922 | finalized_height=1922 | local_exec_epoch=1923
Validator heartbeat received: A | reported_height=1922 | finalized_height=1922 | local_exec_epoch=1923
Candidate heartbeat received: D | reported_height=1881 | finalized_height=1880 | local_exec_epoch=1882
Validator heartbeat: C | reported_height=1922 | finalized_height=1922 | local_exec_epoch=1923
2026/05/18 00:49:01 [OK] goroutine pressure normalized: 256 (degrade mode off)
Validator heartbeat received: C | reported_height=1922 | finalized_height=1922 | local_exec_epoch=1923
Validator heartbeat received: C | reported_height=1922 | finalized_height=1922 | local_exec_epoch=1923
Ã°Å¸â€œÂ¨ Consensus message from 12D3KooWD9ed8zJXbW8uUU6XHD2UYrsQQEvnuXReJWFeo52dvdf8: leader_block (size: 1170 bytes)
Ã°Å¸â€œÂ¦ Leader block received from 12D3KooWD9ed8zJXbW8uUU6XHD2UYrsQQEvnuXReJWFeo52dvdf8 | height=1923 proposer=C
Ã°Å¸â€Å’ Consensus stream EOF from 12D3KooWD9ed8zJXbW8uUU6XHD2UYrsQQEvnuXReJWFeo52dvdf8
Ã°Å¸â€Å’ Consensus stream closed with 12D3KooWD9ed8zJXbW8uUU6XHD2UYrsQQEvnuXReJWFeo52dvdf8
Ã°Å¸â€œÂ¨ Consensus message from 12D3KooWHdmUKc1bYKY3scg6TqGhK3SutwH9hu1aAez4VmvwkEyk: execution_result (size: 359 bytes)
Ã°Å¸â€Å’ Consensus stream EOF from 12D3KooWHdmUKc1bYKY3scg6TqGhK3SutwH9hu1aAez4VmvwkEyk
Ã°Å¸â€Å’ Consensus stream closed with 12D3KooWHdmUKc1bYKY3scg6TqGhK3SutwH9hu1aAez4VmvwkEyk
Ã°Å¸â€œÂ¨ Consensus message from 12D3KooWD9ed8zJXbW8uUU6XHD2UYrsQQEvnuXReJWFeo52dvdf8: execution_result (size: 359 bytes)
Ã°Å¸â€Å’ Consensus stream EOF from 12D3KooWD9ed8zJXbW8uUU6XHD2UYrsQQEvnuXReJWFeo52dvdf8
Ã°Å¸â€Å’ Consensus stream closed with 12D3KooWD9ed8zJXbW8uUU6XHD2UYrsQQEvnuXReJWFeo52dvdf8
Ã°Å¸â€œÂ¨ Consensus message from 12D3KooWPVKESWFG9sS8G6vjhfPn54kWuNFkkuHwG4yQXhYRcXjX: execution_result (size: 359 bytes)
Ã°Å¸â€Å’ Consensus stream EOF from 12D3KooWPVKESWFG9sS8G6vjhfPn54kWuNFkkuHwG4yQXhYRcXjX
Ã°Å¸â€Å’ Consensus stream closed with 12D3KooWPVKESWFG9sS8G6vjhfPn54kWuNFkkuHwG4yQXhYRcXjX
2026/05/18 00:49:03 [REGISTRY-HISTORY-REBUILD] height=1922 status=scheduled reason=registry_snapshot_missing
2026/05/18 00:49:03 [REGISTRY-HISTORY-REBUILD] height=1922 status=started reason=registry_snapshot_missing
2026/05/18 00:49:03 [REGISTRY-HISTORY-REBUILD] height=1922 status=failed reason=registry_snapshot_missing
2026/05/18 00:49:03 [REGISTRY-PENDING] height=1923 chain_tip=1881 reason=future_block
[REGISTRY-PENDING] height=1923 chain_height=1881 reason=future_parent
[SET-PENDING] height=1924 chain_height=1881 reason=future_height
Validator heartbeat: B | reported_height=1923 | finalized_height=1923 | local_exec_epoch=1924
2026/05/18 00:49:03 [REGISTRY-PENDING] height=1920 chain_tip=1881 reason=future_block
[REGISTRY-PENDING] height=1920 chain_height=1881 reason=future_parent
[SET-PENDING] height=1921 chain_height=1881 reason=future_height
2026/05/18 00:49:04 [REGISTRY-PENDING] height=1922 chain_tip=1881 reason=future_block
Validator heartbeat: B | reported_height=1923 | finalized_height=1923 | local_exec_epoch=1924
[REGISTRY-PENDING] height=1922 chain_height=1881 reason=future_parent
[SET-PENDING] height=1923 chain_height=1881 reason=future_height
Validator heartbeat received: B | reported_height=1923 | finalized_height=1923 | local_exec_epoch=1924
2026/05/18 00:49:04 [REGISTRY-PENDING] height=1921 chain_tip=1881 reason=future_block
[REGISTRY-PENDING] height=1921 chain_height=1881 reason=future_parent
[SET-PENDING] height=1922 chain_height=1881 reason=future_height
Validator heartbeat received: B | reported_height=1923 | finalized_height=1923 | local_exec_epoch=1924
[SNAPSHOT-PUBLISH] deferred height=1881 reason=auto_publish_interval_10
Validator heartbeat: A | reported_height=1923 | finalized_height=1923 | local_exec_epoch=1924
Ã°Å¸â€œÂ¨ Consensus message from 12D3KooWD9ed8zJXbW8uUU6XHD2UYrsQQEvnuXReJWFeo52dvdf8: leader_block (size: 1170 bytes)
Ã°Å¸â€œÂ¦ Leader block received from 12D3KooWD9ed8zJXbW8uUU6XHD2UYrsQQEvnuXReJWFeo52dvdf8 | height=1923 proposer=C
Ã°Å¸â€Å’ Consensus stream EOF from 12D3KooWD9ed8zJXbW8uUU6XHD2UYrsQQEvnuXReJWFeo52dvdf8
Ã°Å¸â€Å’ Consensus stream closed with 12D3KooWD9ed8zJXbW8uUU6XHD2UYrsQQEvnuXReJWFeo52dvdf8
Validator heartbeat: A | reported_height=1923 | finalized_height=1923 | local_exec_epoch=1924
Validator heartbeat received: A | reported_height=1923 | finalized_height=1923 | local_exec_epoch=1924
Dial fanout full (16); skipping this dial batch item
Validator heartbeat received: A | reported_height=1923 | finalized_height=1923 | local_exec_epoch=1924
Validator heartbeat: C | reported_height=1923 | finalized_height=1923 | local_exec_epoch=1924
Validator heartbeat: C | reported_height=1923 | finalized_height=1923 | local_exec_epoch=1924
2026/05/18 00:49:08 [REGISTRY-HISTORY-REBUILD] height=1922 status=scheduled reason=registry_snapshot_missing
2026/05/18 00:49:08 [REGISTRY-PENDING] height=1923 chain_tip=1881 reason=future_block
[REGISTRY-PENDING] height=1923 chain_height=1881 reason=future_parent
[SET-PENDING] height=1924 chain_height=1881 reason=future_height
Validator heartbeat received: C | reported_height=1923 | finalized_height=1923 | local_exec_epoch=1924
Validator heartbeat received: C | reported_height=1923 | finalized_height=1923 | local_exec_epoch=1924
2026/05/18 00:49:11 [OK] goroutine pressure normalized: 240 (degrade mode off)
2026/05/18 00:49:11 map stats: seen_blocks=2 seen_txs=0 fork_heights=0 fork_blocks=0 exec_results_keys=0 exec_results_total=0 pending_blocks=0 queued_exec_votes_keys=0 queued_exec_votes_total=0 accepted_proposal=1 exec_broadcasted_epochs=0 exec_broadcasted_keys=0 exec_signer_seen_epochs=1 exec_signer_seen_total=3 exec_broadcasted_by_val_epochs=0 exec_broadcasted_by_val_total=0 exec_rebroadcast_epochs=0 validator_status=5 candidates=1 peer_state=45 peers_connected=9 peers_connecting=0 peer_suspect=0 allowed_peers=4 pending_validators=0 pending_removals=0 queued_validator_updates=0 height_report_epochs=1 height_report_total=3 misbehavior_validators=0 misbehavior_total=0 exec_mismatch_tracked=0 exec_vote_replay_cache=3
Attempting to connect to 9 peers
Candidate heartbeat received: D | reported_height=1881 | finalized_height=1880 | local_exec_epoch=1882
Candidate heartbeat received: D | reported_height=1881 | finalized_height=1880 | local_exec_epoch=1882
Ã°Å¸â€œÂ¨ Consensus message from 12D3KooWHdmUKc1bYKY3scg6TqGhK3SutwH9hu1aAez4VmvwkEyk: leader_block (size: 1170 bytes)
Ã°Å¸â€œÂ¦ Leader block received from 12D3KooWHdmUKc1bYKY3scg6TqGhK3SutwH9hu1aAez4VmvwkEyk | height=1924 proposer=B
Ã°Å¸â€Å’ Consensus stream EOF from 12D3KooWHdmUKc1bYKY3scg6TqGhK3SutwH9hu1aAez4VmvwkEyk
Ã°Å¸â€Å’ Consensus stream closed with 12D3KooWHdmUKc1bYKY3scg6TqGhK3SutwH9hu1aAez4VmvwkEyk
Ã°Å¸â€œÂ¨ Consensus message from 12D3KooWHdmUKc1bYKY3scg6TqGhK3SutwH9hu1aAez4VmvwkEyk: execution_result (size: 374 bytes)
Ã°Å¸â€Å’ Consensus stream EOF from 12D3KooWHdmUKc1bYKY3scg6TqGhK3SutwH9hu1aAez4VmvwkEyk
Ã°Å¸â€Å’ Consensus stream closed with 12D3KooWHdmUKc1bYKY3scg6TqGhK3SutwH9hu1aAez4VmvwkEyk
Ã°Å¸â€œÂ¨ Consensus message from 12D3KooWPVKESWFG9sS8G6vjhfPn54kWuNFkkuHwG4yQXhYRcXjX: execution_result (size: 374 bytes)
Ã°Å¸â€Å’ Consensus stream EOF from 12D3KooWPVKESWFG9sS8G6vjhfPn54kWuNFkkuHwG4yQXhYRcXjX
Ã°Å¸â€Å’ Consensus stream closed with 12D3KooWPVKESWFG9sS8G6vjhfPn54kWuNFkkuHwG4yQXhYRcXjX
Ã°Å¸â€œÂ¨ Consensus message from 12D3KooWD9ed8zJXbW8uUU6XHD2UYrsQQEvnuXReJWFeo52dvdf8: execution_result (size: 374 bytes)
Ã°Å¸â€Å’ Consensus stream EOF from 12D3KooWD9ed8zJXbW8uUU6XHD2UYrsQQEvnuXReJWFeo52dvdf8
Ã°Å¸â€Å’ Consensus stream closed with 12D3KooWD9ed8zJXbW8uUU6XHD2UYrsQQEvnuXReJWFeo52dvdf8
2026/05/18 00:49:15 [REGISTRY-PENDING] height=1923 chain_tip=1881 reason=future_block
[REGISTRY-PENDING] height=1923 chain_height=1881 reason=future_parent
[SET-PENDING] height=1924 chain_height=1881 reason=future_height
2026/05/18 00:49:15 [REGISTRY-HISTORY-REBUILD] height=1923 status=scheduled reason=registry_snapshot_missing
2026/05/18 00:49:15 [REGISTRY-PENDING] height=1922 chain_tip=1881 reason=future_block
2026/05/18 00:49:15 [REGISTRY-HISTORY-REBUILD] height=1923 status=started reason=registry_snapshot_missing
2026/05/18 00:49:15 [REGISTRY-HISTORY-REBUILD] height=1923 status=failed reason=registry_snapshot_missing
[REGISTRY-PENDING] height=1922 chain_height=1881 reason=future_parent
[SET-PENDING] height=1923 chain_height=1881 reason=future_height
2026/05/18 00:49:15 [REGISTRY-PENDING] height=1924 chain_tip=1881 reason=future_block
[REGISTRY-PENDING] height=1924 chain_height=1881 reason=future_parent
[SET-PENDING] height=1925 chain_height=1881 reason=future_height
Validator heartbeat: B | reported_height=1924 | finalized_height=1924 | local_exec_epoch=1925
2026/05/18 00:49:15 [REGISTRY-PENDING] height=1921 chain_tip=1881 reason=future_block
[REGISTRY-PENDING] height=1921 chain_height=1881 reason=future_parent
[SET-PENDING] height=1922 chain_height=1881 reason=future_height
Validator heartbeat: B | reported_height=1924 | finalized_height=1924 | local_exec_epoch=1925
Validator heartbeat received: B | reported_height=1924 | finalized_height=1924 | local_exec_epoch=1925
[SNAPSHOT-PUBLISH] deferred height=1881 reason=auto_publish_interval_10
Validator heartbeat: A | reported_height=1924 | finalized_height=1924 | local_exec_epoch=1925
Dial fanout full (16); skipping this dial batch item
Ã°Å¸â€â€” PubSub mesh check against 9 peers
Validator heartbeat received: B | reported_height=1924 | finalized_height=1924 | local_exec_epoch=1925
Validator heartbeat: A | reported_height=1924 | finalized_height=1924 | local_exec_epoch=1925
Validator heartbeat received: A | reported_height=1924 | finalized_height=1924 | local_exec_epoch=1925
Validator heartbeat received: A | reported_height=1924 | finalized_height=1924 | local_exec_epoch=1925
Validator heartbeat: C | reported_height=1924 | finalized_height=1924 | local_exec_epoch=1925
Validator heartbeat: C | reported_height=1924 | finalized_height=1924 | local_exec_epoch=1925
Validator heartbeat received: C | reported_height=1924 | finalized_height=1924 | local_exec_epoch=1925
Validator heartbeat received: C | reported_height=1924 | finalized_height=1924 | local_exec_epoch=1925
[SNAPSHOT-PROOF] height=1910 checkpoint=1888 validator=G votes=4 hash=d1f934cd
2026/05/18 00:49:21 [OK] goroutine pressure normalized: 249 (degrade mode off)
Ã°Å¸â€œÂ¨ Consensus message from 12D3KooWHdmUKc1bYKY3scg6TqGhK3SutwH9hu1aAez4VmvwkEyk: leader_block (size: 1170 bytes)
Ã°Å¸â€œÂ¦ Leader block received from 12D3KooWHdmUKc1bYKY3scg6TqGhK3SutwH9hu1aAez4VmvwkEyk | height=1925 proposer=B
Ã°Å¸â€Å’ Consensus stream EOF from 12D3KooWHdmUKc1bYKY3scg6TqGhK3SutwH9hu1aAez4VmvwkEyk
Ã°Å¸â€Å’ Consensus stream closed with 12D3KooWHdmUKc1bYKY3scg6TqGhK3SutwH9hu1aAez4VmvwkEyk
Ã°Å¸â€œÂ¨ Consensus message from 12D3KooWD9ed8zJXbW8uUU6XHD2UYrsQQEvnuXReJWFeo52dvdf8: execution_result (size: 374 bytes)
Ã°Å¸â€œÂ¨ Consensus message from 12D3KooWPVKESWFG9sS8G6vjhfPn54kWuNFkkuHwG4yQXhYRcXjX: execution_result (size: 374 bytes)
Ã°Å¸â€Å’ Consensus stream EOF from 12D3KooWD9ed8zJXbW8uUU6XHD2UYrsQQEvnuXReJWFeo52dvdf8
Ã°Å¸â€Å’ Consensus stream closed with 12D3KooWD9ed8zJXbW8uUU6XHD2UYrsQQEvnuXReJWFeo52dvdf8
Ã°Å¸â€Å’ Consensus stream EOF from 12D3KooWPVKESWFG9sS8G6vjhfPn54kWuNFkkuHwG4yQXhYRcXjX
Ã°Å¸â€Å’ Consensus stream closed with 12D3KooWPVKESWFG9sS8G6vjhfPn54kWuNFkkuHwG4yQXhYRcXjX
Ã°Å¸â€œÂ¨ Consensus message from 12D3KooWHdmUKc1bYKY3scg6TqGhK3SutwH9hu1aAez4VmvwkEyk: execution_result (size: 374 bytes)
Ã°Å¸â€Å’ Consensus stream EOF from 12D3KooWHdmUKc1bYKY3scg6TqGhK3SutwH9hu1aAez4VmvwkEyk
Ã°Å¸â€Å’ Consensus stream closed with 12D3KooWHdmUKc1bYKY3scg6TqGhK3SutwH9hu1aAez4VmvwkEyk
2026/05/18 00:49:23 [REGISTRY-PENDING] height=1924 chain_tip=1881 reason=future_block
[REGISTRY-PENDING] height=1924 chain_height=1881 reason=future_parent
2026/05/18 00:49:23 [REGISTRY-HISTORY-REBUILD] height=1924 status=scheduled reason=registry_snapshot_missing
[SET-PENDING] height=1925 chain_height=1881 reason=future_height
2026/05/18 00:49:23 [REGISTRY-HISTORY-REBUILD] height=1924 status=started reason=registry_snapshot_missing
2026/05/18 00:49:23 [REGISTRY-HISTORY-REBUILD] height=1924 status=failed reason=registry_snapshot_missing
2026/05/18 00:49:23 [REGISTRY-PENDING] height=1923 chain_tip=1881 reason=future_block
[SET-PENDING] height=1924 chain_height=1881 reason=future_height
[REGISTRY-PENDING] height=1923 chain_height=1881 reason=future_parent
2026/05/18 00:49:23 [REGISTRY-PENDING] height=1925 chain_tip=1881 reason=future_block
[REGISTRY-PENDING] height=1925 chain_height=1881 reason=future_parent
[SET-PENDING] height=1926 chain_height=1881 reason=future_height
Validator heartbeat: C | reported_height=1925 | finalized_height=1925 | local_exec_epoch=1926
2026/05/18 00:49:24 [REGISTRY-PENDING] height=1922 chain_tip=1881 reason=future_block
[REGISTRY-PENDING] height=1922 chain_height=1881 reason=future_parent
[SET-PENDING] height=1923 chain_height=1881 reason=future_height
Validator heartbeat: C | reported_height=1925 | finalized_height=1925 | local_exec_epoch=1926
Validator heartbeat received: C | reported_height=1925 | finalized_height=1925 | local_exec_epoch=1926
[SNAPSHOT-PUBLISH] deferred height=1881 reason=auto_publish_interval_10
Validator heartbeat: A | reported_height=1925 | finalized_height=1925 | local_exec_epoch=1926
Validator heartbeat received: C | reported_height=1925 | finalized_height=1925 | local_exec_epoch=1926
Validator heartbeat: A | reported_height=1925 | finalized_height=1925 | local_exec_epoch=1926
Validator heartbeat received: A | reported_height=1925 | finalized_height=1925 | local_exec_epoch=1926
Candidate heartbeat received: D | reported_height=1881 | finalized_height=1880 | local_exec_epoch=1882
Validator heartbeat: B | reported_height=1925 | finalized_height=1925 | local_exec_epoch=1926
Validator heartbeat received: A | reported_height=1925 | finalized_height=1925 | local_exec_epoch=1926
Candidate heartbeat received: D | reported_height=1881 | finalized_height=1880 | local_exec_epoch=1882
Validator heartbeat: B | reported_height=1925 | finalized_height=1925 | local_exec_epoch=1926
Validator heartbeat received: B | reported_height=1925 | finalized_height=1925 | local_exec_epoch=1926
Validator heartbeat received: B | reported_height=1925 | finalized_height=1925 | local_exec_epoch=1926
Ã°Å¸â€œÂ¨ Consensus message from 12D3KooWHdmUKc1bYKY3scg6TqGhK3SutwH9hu1aAez4VmvwkEyk: leader_block (size: 1170 bytes)
Ã°Å¸â€œÂ¦ Leader block received from 12D3KooWHdmUKc1bYKY3scg6TqGhK3SutwH9hu1aAez4VmvwkEyk | height=1926 proposer=B
Ã°Å¸â€Å’ Consensus stream EOF from 12D3KooWHdmUKc1bYKY3scg6TqGhK3SutwH9hu1aAez4VmvwkEyk
Ã°Å¸â€Å’ Consensus stream closed with 12D3KooWHdmUKc1bYKY3scg6TqGhK3SutwH9hu1aAez4VmvwkEyk
Ã°Å¸â€œÂ¨ Consensus message from 12D3KooWHdmUKc1bYKY3scg6TqGhK3SutwH9hu1aAez4VmvwkEyk: execution_result (size: 374 bytes)
Ã°Å¸â€Å’ Consensus stream EOF from 12D3KooWHdmUKc1bYKY3scg6TqGhK3SutwH9hu1aAez4VmvwkEyk
Ã°Å¸â€Å’ Consensus stream closed with 12D3KooWHdmUKc1bYKY3scg6TqGhK3SutwH9hu1aAez4VmvwkEyk
Ã°Å¸â€œÂ¨ Consensus message from 12D3KooWPVKESWFG9sS8G6vjhfPn54kWuNFkkuHwG4yQXhYRcXjX: execution_result (size: 374 bytes)
Ã°Å¸â€Å’ Consensus stream EOF from 12D3KooWPVKESWFG9sS8G6vjhfPn54kWuNFkkuHwG4yQXhYRcXjX
Ã°Å¸â€Å’ Consensus stream closed with 12D3KooWPVKESWFG9sS8G6vjhfPn54kWuNFkkuHwG4yQXhYRcXjX
Ã°Å¸â€œÂ¨ Consensus message from 12D3KooWD9ed8zJXbW8uUU6XHD2UYrsQQEvnuXReJWFeo52dvdf8: execution_result (size: 374 bytes)
Ã°Å¸â€Å’ Consensus stream EOF from 12D3KooWD9ed8zJXbW8uUU6XHD2UYrsQQEvnuXReJWFeo52dvdf8
Ã°Å¸â€Å’ Consensus stream closed with 12D3KooWD9ed8zJXbW8uUU6XHD2UYrsQQEvnuXReJWFeo52dvdf8
Attempting to connect to 9 peers
Dial fanout full (16); skipping this dial batch item
2026/05/18 00:49:31 [OK] goroutine pressure normalized: 240 (degrade mode off)
2026/05/18 00:49:32 [REGISTRY-PENDING] height=1925 chain_tip=1881 reason=future_block
[REGISTRY-PENDING] height=1925 chain_height=1881 reason=future_parent
[SET-PENDING] height=1926 chain_height=1881 reason=future_height
2026/05/18 00:49:32 [REGISTRY-HISTORY-REBUILD] height=1925 status=scheduled reason=registry_snapshot_missing
2026/05/18 00:49:32 [REGISTRY-HISTORY-REBUILD] height=1925 status=started reason=registry_snapshot_missing
2026/05/18 00:49:32 [REGISTRY-PENDING] height=1924 chain_tip=1881 reason=future_block
2026/05/18 00:49:32 [REGISTRY-HISTORY-REBUILD] height=1925 status=failed reason=registry_snapshot_missing
[REGISTRY-PENDING] height=1924 chain_height=1881 reason=future_parent
[SET-PENDING] height=1925 chain_height=1881 reason=future_height
2026/05/18 00:49:32 [REGISTRY-PENDING] height=1926 chain_tip=1881 reason=future_block
[SET-PENDING] height=1927 chain_height=1881 reason=future_height
[REGISTRY-PENDING] height=1926 chain_height=1881 reason=future_parent
Validator heartbeat: A | reported_height=1926 | finalized_height=1926 | local_exec_epoch=1927
2026/05/18 00:49:33 [REGISTRY-PENDING] height=1923 chain_tip=1881 reason=future_block
[REGISTRY-PENDING] height=1923 chain_height=1881 reason=future_parent
[SET-PENDING] height=1924 chain_height=1881 reason=future_height
Validator heartbeat: A | reported_height=1926 | finalized_height=1926 | local_exec_epoch=1927
Validator heartbeat received: A | reported_height=1926 | finalized_height=1926 | local_exec_epoch=1927
[SNAPSHOT-PUBLISH] deferred height=1881 reason=auto_publish_interval_10
Validator heartbeat: B | reported_height=1926 | finalized_height=1926 | local_exec_epoch=1927
Validator heartbeat received: A | reported_height=1926 | finalized_height=1926 | local_exec_epoch=1927
Validator heartbeat: B | reported_height=1926 | finalized_height=1926 | local_exec_epoch=1927
Validator heartbeat received: B | reported_height=1926 | finalized_height=1926 | local_exec_epoch=1927
Validator heartbeat: C | reported_height=1926 | finalized_height=1926 | local_exec_epoch=1927
Validator heartbeat received: B | reported_height=1926 | finalized_height=1926 | local_exec_epoch=1927
Validator heartbeat: C | reported_height=1926 | finalized_height=1926 | local_exec_epoch=1927
Validator heartbeat received: C | reported_height=1926 | finalized_height=1926 | local_exec_epoch=1927
Validator heartbeat: C | reported_height=1926 | finalized_height=1926 | local_exec_epoch=1927
Validator heartbeat received: C | reported_height=1926 | finalized_height=1926 | local_exec_epoch=1927
Validator heartbeat: C | reported_height=1926 | finalized_height=1926 | local_exec_epoch=1927
Validator heartbeat received: C | reported_height=1926 | finalized_height=1926 | local_exec_epoch=1927
Validator heartbeat received: C | reported_height=1926 | finalized_height=1926 | local_exec_epoch=1927
Candidate heartbeat received: D | reported_height=1881 | finalized_height=1880 | local_exec_epoch=1882
Candidate heartbeat received: D | reported_height=1881 | finalized_height=1880 | local_exec_epoch=1882
Ã°Å¸â€œÂ¨ Consensus message from 12D3KooWHdmUKc1bYKY3scg6TqGhK3SutwH9hu1aAez4VmvwkEyk: leader_block (size: 1170 bytes)
Ã°Å¸â€œÂ¦ Leader block received from 12D3KooWHdmUKc1bYKY3scg6TqGhK3SutwH9hu1aAez4VmvwkEyk | height=1927 proposer=B
Ã°Å¸â€Å’ Consensus stream EOF from 12D3KooWHdmUKc1bYKY3scg6TqGhK3SutwH9hu1aAez4VmvwkEyk
Ã°Å¸â€Å’ Consensus stream closed with 12D3KooWHdmUKc1bYKY3scg6TqGhK3SutwH9hu1aAez4VmvwkEyk
Ã°Å¸â€œÂ¨ Consensus message from 12D3KooWHdmUKc1bYKY3scg6TqGhK3SutwH9hu1aAez4VmvwkEyk: execution_result (size: 374 bytes)
Ã°Å¸â€Å’ Consensus stream EOF from 12D3KooWHdmUKc1bYKY3scg6TqGhK3SutwH9hu1aAez4VmvwkEyk
Ã°Å¸â€Å’ Consensus stream closed with 12D3KooWHdmUKc1bYKY3scg6TqGhK3SutwH9hu1aAez4VmvwkEyk
Ã°Å¸â€œÂ¨ Consensus message from 12D3KooWPVKESWFG9sS8G6vjhfPn54kWuNFkkuHwG4yQXhYRcXjX: execution_result (size: 374 bytes)
Ã°Å¸â€Å’ Consensus stream EOF from 12D3KooWPVKESWFG9sS8G6vjhfPn54kWuNFkkuHwG4yQXhYRcXjX
Ã°Å¸â€Å’ Consensus stream closed with 12D3KooWPVKESWFG9sS8G6vjhfPn54kWuNFkkuHwG4yQXhYRcXjX
Ã°Å¸â€œÂ¨ Consensus message from 12D3KooWD9ed8zJXbW8uUU6XHD2UYrsQQEvnuXReJWFeo52dvdf8: execution_result (size: 374 bytes)
Ã°Å¸â€Å’ Consensus stream EOF from 12D3KooWD9ed8zJXbW8uUU6XHD2UYrsQQEvnuXReJWFeo52dvdf8
Ã°Å¸â€Å’ Consensus stream closed with 12D3KooWD9ed8zJXbW8uUU6XHD2UYrsQQEvnuXReJWFeo52dvdf8
2026/05/18 00:49:41 [REGISTRY-PENDING] height=1926 chain_tip=1881 reason=future_block
2026/05/18 00:49:41 [REGISTRY-HISTORY-REBUILD] height=1926 status=scheduled reason=registry_snapshot_missing
[SET-PENDING] height=1927 chain_height=1881 reason=future_height
[REGISTRY-PENDING] height=1926 chain_height=1881 reason=future_parent
2026/05/18 00:49:41 [REGISTRY-HISTORY-REBUILD] height=1926 status=started reason=registry_snapshot_missing
2026/05/18 00:49:41 [REGISTRY-HISTORY-REBUILD] height=1926 status=failed reason=registry_snapshot_missing
2026/05/18 00:49:41 [REGISTRY-PENDING] height=1925 chain_tip=1881 reason=future_block
[REGISTRY-PENDING] height=1925 chain_height=1881 reason=future_parent
[SET-PENDING] height=1926 chain_height=1881 reason=future_height
2026/05/18 00:49:41 [REGISTRY-PENDING] height=1927 chain_tip=1881 reason=future_block
[REGISTRY-PENDING] height=1927 chain_height=1881 reason=future_parent
[SET-PENDING] height=1928 chain_height=1881 reason=future_height
Validator heartbeat: B | reported_height=1927 | finalized_height=1927 | local_exec_epoch=1928
2026/05/18 00:49:41 [REGISTRY-PENDING] height=1924 chain_tip=1881 reason=future_block
[REGISTRY-PENDING] height=1924 chain_height=1881 reason=future_parent
[SET-PENDING] height=1925 chain_height=1881 reason=future_height
2026/05/18 00:49:41 [OK] goroutine pressure normalized: 240 (degrade mode off)
Validator heartbeat: B | reported_height=1927 | finalized_height=1927 | local_exec_epoch=1928
Dial fanout full (16); skipping this dial batch item
Ã°Å¸â€â€” PubSub mesh check against 9 peers
Validator heartbeat received: B | reported_height=1927 | finalized_height=1927 | local_exec_epoch=1928
[SNAPSHOT-PUBLISH] deferred height=1881 reason=auto_publish_interval_10
Validator heartbeat received: B | reported_height=1927 | finalized_height=1927 | local_exec_epoch=1928
Validator heartbeat: A | reported_height=1927 | finalized_height=1927 | local_exec_epoch=1928
Validator heartbeat: A | reported_height=1927 | finalized_height=1927 | local_exec_epoch=1928
Validator heartbeat received: A | reported_height=1927 | finalized_height=1927 | local_exec_epoch=1928
Ã°Å¸â€œÂ¨ Consensus message from 12D3KooWHdmUKc1bYKY3scg6TqGhK3SutwH9hu1aAez4VmvwkEyk: leader_block (size: 1170 bytes)
Ã°Å¸â€œÂ¦ Leader block received from 12D3KooWHdmUKc1bYKY3scg6TqGhK3SutwH9hu1aAez4VmvwkEyk | height=1928 proposer=B
Ã°Å¸â€Å’ Consensus stream EOF from 12D3KooWHdmUKc1bYKY3scg6TqGhK3SutwH9hu1aAez4VmvwkEyk
Ã°Å¸â€Å’ Consensus stream closed with 12D3KooWHdmUKc1bYKY3scg6TqGhK3SutwH9hu1aAez4VmvwkEyk
Ã°Å¸â€œÂ¨ Consensus message from 12D3KooWHdmUKc1bYKY3scg6TqGhK3SutwH9hu1aAez4VmvwkEyk: execution_result (size: 359 bytes)
Ã°Å¸â€Å’ Consensus stream EOF from 12D3KooWHdmUKc1bYKY3scg6TqGhK3SutwH9hu1aAez4VmvwkEyk
Ã°Å¸â€Å’ Consensus stream closed with 12D3KooWHdmUKc1bYKY3scg6TqGhK3SutwH9hu1aAez4VmvwkEyk
Validator heartbeat: C | reported_height=1927 | finalized_height=1927 | local_exec_epoch=1928
Validator heartbeat received: A | reported_height=1927 | finalized_height=1927 | local_exec_epoch=1928
Ã°Å¸â€œÂ¨ Consensus message from 12D3KooWPVKESWFG9sS8G6vjhfPn54kWuNFkkuHwG4yQXhYRcXjX: execution_result (size: 359 bytes)
Ã°Å¸â€Å’ Consensus stream EOF from 12D3KooWPVKESWFG9sS8G6vjhfPn54kWuNFkkuHwG4yQXhYRcXjX
Ã°Å¸â€Å’ Consensus stream closed with 12D3KooWPVKESWFG9sS8G6vjhfPn54kWuNFkkuHwG4yQXhYRcXjX
Validator heartbeat: C | reported_height=1927 | finalized_height=1927 | local_exec_epoch=1928
Ã°Å¸â€œÂ¨ Consensus message from 12D3KooWD9ed8zJXbW8uUU6XHD2UYrsQQEvnuXReJWFeo52dvdf8: execution_result (size: 359 bytes)
Ã°Å¸â€Å’ Consensus stream EOF from 12D3KooWD9ed8zJXbW8uUU6XHD2UYrsQQEvnuXReJWFeo52dvdf8
Ã°Å¸â€Å’ Consensus stream closed with 12D3KooWD9ed8zJXbW8uUU6XHD2UYrsQQEvnuXReJWFeo52dvdf8
Validator heartbeat received: C | reported_height=1927 | finalized_height=1927 | local_exec_epoch=1928
Ã°Å¸â€œÂ¨ Consensus message from 12D3KooWHdmUKc1bYKY3scg6TqGhK3SutwH9hu1aAez4VmvwkEyk: leader_block (size: 1170 bytes)
Ã°Å¸â€œÂ¦ Leader block received from 12D3KooWHdmUKc1bYKY3scg6TqGhK3SutwH9hu1aAez4VmvwkEyk | height=1928 proposer=B
Ã°Å¸â€Å’ Consensus stream EOF from 12D3KooWHdmUKc1bYKY3scg6TqGhK3SutwH9hu1aAez4VmvwkEyk
Ã°Å¸â€Å’ Consensus stream closed with 12D3KooWHdmUKc1bYKY3scg6TqGhK3SutwH9hu1aAez4VmvwkEyk
Validator heartbeat received: C | reported_height=1927 | finalized_height=1927 | local_exec_epoch=1928
2026/05/18 00:49:45 [REGISTRY-PENDING] height=1928 chain_tip=1881 reason=future_block
[REGISTRY-PENDING] height=1928 chain_height=1881 reason=future_parent
[SET-PENDING] height=1929 chain_height=1881 reason=future_height
Validator heartbeat: A | reported_height=1928 | finalized_height=1928 | local_exec_epoch=1929
Validator heartbeat: A | reported_height=1928 | finalized_height=1928 | local_exec_epoch=1929
2026/05/18 00:49:46 [REGISTRY-PENDING] height=1926 chain_tip=1881 reason=future_block
[REGISTRY-PENDING] height=1926 chain_height=1881 reason=future_parent
2026/05/18 00:49:46 [REGISTRY-HISTORY-REBUILD] height=1928 status=scheduled reason=registry_snapshot_missing
2026/05/18 00:49:46 [REGISTRY-HISTORY-REBUILD] height=1928 status=started reason=registry_snapshot_missing
2026/05/18 00:49:46 [REGISTRY-HISTORY-REBUILD] height=1928 status=failed reason=registry_snapshot_missing
[SET-PENDING] height=1927 chain_height=1881 reason=future_height
2026/05/18 00:49:46 [REGISTRY-PENDING] height=1925 chain_tip=1881 reason=future_block
[REGISTRY-PENDING] height=1925 chain_height=1881 reason=future_parent
[SET-PENDING] height=1926 chain_height=1881 reason=future_height
2026/05/18 00:49:46 [REGISTRY-PENDING] height=1927 chain_tip=1881 reason=future_block
[REGISTRY-PENDING] height=1927 chain_height=1881 reason=future_parent
[SET-PENDING] height=1928 chain_height=1881 reason=future_height
Validator heartbeat received: A | reported_height=1928 | finalized_height=1928 | local_exec_epoch=1929
Validator heartbeat received: A | reported_height=1928 | finalized_height=1928 | local_exec_epoch=1929
Validator heartbeat: C | reported_height=1928 | finalized_height=1928 | local_exec_epoch=1929
Validator heartbeat: C | reported_height=1928 | finalized_height=1928 | local_exec_epoch=1929
Validator heartbeat received: C | reported_height=1928 | finalized_height=1928 | local_exec_epoch=1929
[SNAPSHOT-PUBLISH] deferred height=1881 reason=auto_publish_interval_10
Validator heartbeat received: C | reported_height=1928 | finalized_height=1928 | local_exec_epoch=1929
Validator heartbeat: B | reported_height=1928 | finalized_height=1928 | local_exec_epoch=1929
Validator heartbeat: B | reported_height=1928 | finalized_height=1928 | local_exec_epoch=1929
Validator heartbeat received: B | reported_height=1928 | finalized_height=1928 | local_exec_epoch=1929
Validator heartbeat received: B | reported_height=1928 | finalized_height=1928 | local_exec_epoch=1929
Candidate heartbeat received: D | reported_height=1881 | finalized_height=1880 | local_exec_epoch=1882
Candidate heartbeat received: D | reported_height=1881 | finalized_height=1880 | local_exec_epoch=1882
2026/05/18 00:49:51 [OK] goroutine pressure normalized: 240 (degrade mode off)
2026/05/18 00:49:51 [SNAPSHOT-MATERIALIZING] height=1825 chain_tip=1881 kind=missing_committed
2026/05/18 00:49:51 [SNAPSHOT-MATERIALIZING] height=1833 chain_tip=1881 kind=missing_committed
2026/05/18 00:49:51 [SNAPSHOT-MATERIALIZING] height=1842 chain_tip=1881 kind=missing_committed
2026/05/18 00:49:51 [SNAPSHOT-MATERIALIZING] height=1846 chain_tip=1881 kind=missing_committed
2026/05/18 00:49:51 [SNAPSHOT-MATERIALIZING] height=1879 chain_tip=1881 kind=missing_committed
Attempting to connect to 9 peers
Ã°Å¸â€œÂ¨ Consensus message from 12D3KooWD9ed8zJXbW8uUU6XHD2UYrsQQEvnuXReJWFeo52dvdf8: leader_block (size: 1170 bytes)
Ã°Å¸â€œÂ¦ Leader block received from 12D3KooWD9ed8zJXbW8uUU6XHD2UYrsQQEvnuXReJWFeo52dvdf8 | height=1929 proposer=C
Ã°Å¸â€Å’ Consensus stream EOF from 12D3KooWD9ed8zJXbW8uUU6XHD2UYrsQQEvnuXReJWFeo52dvdf8
Ã°Å¸â€Å’ Consensus stream closed with 12D3KooWD9ed8zJXbW8uUU6XHD2UYrsQQEvnuXReJWFeo52dvdf8
Ã°Å¸â€œÂ¨ Consensus message from 12D3KooWD9ed8zJXbW8uUU6XHD2UYrsQQEvnuXReJWFeo52dvdf8: execution_result (size: 374 bytes)
Ã°Å¸â€Å’ Consensus stream EOF from 12D3KooWD9ed8zJXbW8uUU6XHD2UYrsQQEvnuXReJWFeo52dvdf8
Ã°Å¸â€Å’ Consensus stream closed with 12D3KooWD9ed8zJXbW8uUU6XHD2UYrsQQEvnuXReJWFeo52dvdf8
Ã°Å¸â€œÂ¨ Consensus message from 12D3KooWHdmUKc1bYKY3scg6TqGhK3SutwH9hu1aAez4VmvwkEyk: execution_result (size: 374 bytes)
Ã°Å¸â€Å’ Consensus stream EOF from 12D3KooWHdmUKc1bYKY3scg6TqGhK3SutwH9hu1aAez4VmvwkEyk
Ã°Å¸â€Å’ Consensus stream closed with 12D3KooWHdmUKc1bYKY3scg6TqGhK3SutwH9hu1aAez4VmvwkEyk
Ã°Å¸â€œÂ¨ Consensus message from 12D3KooWPVKESWFG9sS8G6vjhfPn54kWuNFkkuHwG4yQXhYRcXjX: execution_result (size: 374 bytes)
Ã°Å¸â€Å’ Consensus stream EOF from 12D3KooWPVKESWFG9sS8G6vjhfPn54kWuNFkkuHwG4yQXhYRcXjX
Ã°Å¸â€Å’ Consensus stream closed with 12D3KooWPVKESWFG9sS8G6vjhfPn54kWuNFkkuHwG4yQXhYRcXjX
2026/05/18 00:49:55 [REGISTRY-PENDING] height=1928 chain_tip=1881 reason=future_block
[REGISTRY-PENDING] height=1928 chain_height=1881 reason=future_parent
[SET-PENDING] height=1929 chain_height=1881 reason=future_height
2026/05/18 00:49:55 [REGISTRY-HISTORY-REBUILD] height=1928 status=scheduled reason=registry_snapshot_missing
2026/05/18 00:49:55 [REGISTRY-HISTORY-REBUILD] height=1928 status=started reason=registry_snapshot_missing
2026/05/18 00:49:55 [REGISTRY-HISTORY-REBUILD] height=1928 status=failed reason=registry_snapshot_missing
2026/05/18 00:49:55 [REGISTRY-PENDING] height=1927 chain_tip=1881 reason=future_block
[REGISTRY-PENDING] height=1927 chain_height=1881 reason=future_parent
[SET-PENDING] height=1928 chain_height=1881 reason=future_height
2026/05/18 00:49:55 [REGISTRY-PENDING] height=1929 chain_tip=1881 reason=future_block
[REGISTRY-PENDING] height=1929 chain_height=1881 reason=future_parent
[SET-PENDING] height=1930 chain_height=1881 reason=future_height
Validator heartbeat: C | reported_height=1929 | finalized_height=1929 | local_exec_epoch=1930
2026/05/18 00:49:55 [REGISTRY-PENDING] height=1926 chain_tip=1881 reason=future_block
[REGISTRY-PENDING] height=1926 chain_height=1881 reason=future_parent
[SET-PENDING] height=1927 chain_height=1881 reason=future_height
Validator heartbeat: C | reported_height=1929 | finalized_height=1929 | local_exec_epoch=1930
Validator heartbeat received: C | reported_height=1929 | finalized_height=1929 | local_exec_epoch=1930
[SNAPSHOT-PUBLISH] deferred height=1881 reason=auto_publish_interval_10
Dial fanout full (16); skipping this dial batch item
Validator heartbeat: B | reported_height=1929 | finalized_height=1929 | local_exec_epoch=1930
Validator heartbeat received: C | reported_height=1929 | finalized_height=1929 | local_exec_epoch=1930
Validator heartbeat: B | reported_height=1929 | finalized_height=1929 | local_exec_epoch=1930
Ã°Å¸â€œÂ¨ Consensus message from 12D3KooWD9ed8zJXbW8uUU6XHD2UYrsQQEvnuXReJWFeo52dvdf8: leader_block (size: 1170 bytes)
Ã°Å¸â€œÂ¦ Leader block received from 12D3KooWD9ed8zJXbW8uUU6XHD2UYrsQQEvnuXReJWFeo52dvdf8 | height=1930 proposer=C
Ã°Å¸â€Å’ Consensus stream EOF from 12D3KooWD9ed8zJXbW8uUU6XHD2UYrsQQEvnuXReJWFeo52dvdf8
Ã°Å¸â€Å’ Consensus stream closed with 12D3KooWD9ed8zJXbW8uUU6XHD2UYrsQQEvnuXReJWFeo52dvdf8
Validator heartbeat received: B | reported_height=1929 | finalized_height=1929 | local_exec_epoch=1930
Ã°Å¸â€œÂ¨ Consensus message from 12D3KooWD9ed8zJXbW8uUU6XHD2UYrsQQEvnuXReJWFeo52dvdf8: execution_result (size: 359 bytes)
Ã°Å¸â€Å’ Consensus stream EOF from 12D3KooWD9ed8zJXbW8uUU6XHD2UYrsQQEvnuXReJWFeo52dvdf8
Ã°Å¸â€Å’ Consensus stream closed with 12D3KooWD9ed8zJXbW8uUU6XHD2UYrsQQEvnuXReJWFeo52dvdf8
Ã°Å¸â€œÂ¨ Consensus message from 12D3KooWPVKESWFG9sS8G6vjhfPn54kWuNFkkuHwG4yQXhYRcXjX: execution_result (size: 359 bytes)
Ã°Å¸â€Å’ Consensus stream EOF from 12D3KooWPVKESWFG9sS8G6vjhfPn54kWuNFkkuHwG4yQXhYRcXjX
Ã°Å¸â€Å’ Consensus stream closed with 12D3KooWPVKESWFG9sS8G6vjhfPn54kWuNFkkuHwG4yQXhYRcXjX
Validator heartbeat: A | reported_height=1929 | finalized_height=1929 | local_exec_epoch=1930
Validator heartbeat received: B | reported_height=1929 | finalized_height=1929 | local_exec_epoch=1930
Validator heartbeat: A | reported_height=1929 | finalized_height=1929 | local_exec_epoch=1930
Ã°Å¸â€œÂ¨ Consensus message from 12D3KooWHdmUKc1bYKY3scg6TqGhK3SutwH9hu1aAez4VmvwkEyk: execution_result (size: 359 bytes)
Ã°Å¸â€Å’ Consensus stream EOF from 12D3KooWHdmUKc1bYKY3scg6TqGhK3SutwH9hu1aAez4VmvwkEyk
Ã°Å¸â€Å’ Consensus stream closed with 12D3KooWHdmUKc1bYKY3scg6TqGhK3SutwH9hu1aAez4VmvwkEyk
Ã°Å¸â€œÂ¨ Consensus message from 12D3KooWD9ed8zJXbW8uUU6XHD2UYrsQQEvnuXReJWFeo52dvdf8: leader_block (size: 1170 bytes)
Ã°Å¸â€œÂ¦ Leader block received from 12D3KooWD9ed8zJXbW8uUU6XHD2UYrsQQEvnuXReJWFeo52dvdf8 | height=1930 proposer=C
Ã°Å¸â€Å’ Consensus stream EOF from 12D3KooWD9ed8zJXbW8uUU6XHD2UYrsQQEvnuXReJWFeo52dvdf8
Ã°Å¸â€Å’ Consensus stream closed with 12D3KooWD9ed8zJXbW8uUU6XHD2UYrsQQEvnuXReJWFeo52dvdf8
Validator heartbeat received: A | reported_height=1929 | finalized_height=1929 | local_exec_epoch=1930
Validator heartbeat received: A | reported_height=1929 | finalized_height=1929 | local_exec_epoch=1930
2026/05/18 00:49:59 [REGISTRY-PENDING] height=1930 chain_tip=1881 reason=future_block
[REGISTRY-PENDING] height=1930 chain_height=1881 reason=future_parent
[SET-PENDING] height=1931 chain_height=1881 reason=future_height
[SNAPSHOT-PROOF] height=1930 checkpoint=1920 validator=G votes=1 hash=8b06a407
Validator heartbeat: A | reported_height=1930 | finalized_height=1930 | local_exec_epoch=1931
Validator heartbeat: A | reported_height=1930 | finalized_height=1930 | local_exec_epoch=1931
[SNAPSHOT-PROOF] height=1930 checkpoint=1920 validator=A votes=2 hash=8b06a407
Validator heartbeat received: A | reported_height=1930 | finalized_height=1930 | local_exec_epoch=1931
Validator heartbeat received: A | reported_height=1930 | finalized_height=1930 | local_exec_epoch=1931
2026/05/18 00:50:00 [REGISTRY-HISTORY-REBUILD] height=1929 status=scheduled reason=registry_snapshot_missing
2026/05/18 00:50:00 [REGISTRY-HISTORY-REBUILD] height=1929 status=started reason=registry_snapshot_missing
2026/05/18 00:50:00 [REGISTRY-HISTORY-REBUILD] height=1929 status=failed reason=registry_snapshot_missing
2026/05/18 00:50:00 [REGISTRY-PENDING] height=1928 chain_tip=1881 reason=future_block
[REGISTRY-PENDING] height=1928 chain_height=1881 reason=future_parent
[SET-PENDING] height=1929 chain_height=1881 reason=future_height
[REGISTRY-PENDING] height=1929 chain_height=1881 reason=future_parent
[SET-PENDING] height=1930 chain_height=1881 reason=future_height
2026/05/18 00:50:00 [REGISTRY-PENDING] height=1929 chain_tip=1881 reason=future_block
Validator heartbeat: C | reported_height=1930 | finalized_height=1930 | local_exec_epoch=1931
2026/05/18 00:50:00 [REGISTRY-PENDING] height=1927 chain_tip=1881 reason=future_block
[REGISTRY-PENDING] height=1927 chain_height=1881 reason=future_parent
[SET-PENDING] height=1928 chain_height=1881 reason=future_height
Validator heartbeat: C | reported_height=1930 | finalized_height=1930 | local_exec_epoch=1931
[SNAPSHOT-PROOF] height=1930 checkpoint=1920 validator=C votes=3 hash=8b06a407
[SNAPSHOT-PROOF] height=1930 checkpoint=1920 validator=B votes=4 hash=8b06a407
Validator heartbeat received: C | reported_height=1930 | finalized_height=1930 | local_exec_epoch=1931
Validator heartbeat: B | reported_height=1930 | finalized_height=1930 | local_exec_epoch=1931
Validator heartbeat received: C | reported_height=1930 | finalized_height=1930 | local_exec_epoch=1931
Validator heartbeat: B | reported_height=1930 | finalized_height=1930 | local_exec_epoch=1931
2026/05/18 00:50:01 [OK] goroutine pressure normalized: 249 (degrade mode off)
Validator heartbeat received: B | reported_height=1930 | finalized_height=1930 | local_exec_epoch=1931
[SNAPSHOT-PUBLISH] deferred height=1881 reason=auto_publish_interval_10
Validator heartbeat received: B | reported_height=1930 | finalized_height=1930 | local_exec_epoch=1931
Candidate heartbeat received: D | reported_height=1881 | finalized_height=1880 | local_exec_epoch=1882
Candidate heartbeat received: D | reported_height=1881 | finalized_height=1880 | local_exec_epoch=1882
Ã°Å¸â€œÂ¨ Consensus message from 12D3KooWPVKESWFG9sS8G6vjhfPn54kWuNFkkuHwG4yQXhYRcXjX: leader_block (size: 1170 bytes)
Ã°Å¸â€œÂ¦ Leader block received from 12D3KooWPVKESWFG9sS8G6vjhfPn54kWuNFkkuHwG4yQXhYRcXjX | height=1931 proposer=A
Ã°Å¸â€Å’ Consensus stream EOF from 12D3KooWPVKESWFG9sS8G6vjhfPn54kWuNFkkuHwG4yQXhYRcXjX
Ã°Å¸â€Å’ Consensus stream closed with 12D3KooWPVKESWFG9sS8G6vjhfPn54kWuNFkkuHwG4yQXhYRcXjX
Ã°Å¸â€œÂ¨ Consensus message from 12D3KooWPVKESWFG9sS8G6vjhfPn54kWuNFkkuHwG4yQXhYRcXjX: execution_result (size: 374 bytes)
Ã°Å¸â€Å’ Consensus stream EOF from 12D3KooWPVKESWFG9sS8G6vjhfPn54kWuNFkkuHwG4yQXhYRcXjX
Ã°Å¸â€Å’ Consensus stream closed with 12D3KooWPVKESWFG9sS8G6vjhfPn54kWuNFkkuHwG4yQXhYRcXjX
Ã°Å¸â€œÂ¨ Consensus message from 12D3KooWD9ed8zJXbW8uUU6XHD2UYrsQQEvnuXReJWFeo52dvdf8: execution_result (size: 374 bytes)
Ã°Å¸â€Å’ Consensus stream EOF from 12D3KooWD9ed8zJXbW8uUU6XHD2UYrsQQEvnuXReJWFeo52dvdf8
Ã°Å¸â€Å’ Consensus stream closed with 12D3KooWD9ed8zJXbW8uUU6XHD2UYrsQQEvnuXReJWFeo52dvdf8
Ã°Å¸â€œÂ¨ Consensus message from 12D3KooWHdmUKc1bYKY3scg6TqGhK3SutwH9hu1aAez4VmvwkEyk: execution_result (size: 374 bytes)
Ã°Å¸â€Å’ Consensus stream EOF from 12D3KooWHdmUKc1bYKY3scg6TqGhK3SutwH9hu1aAez4VmvwkEyk
Ã°Å¸â€Å’ Consensus stream closed with 12D3KooWHdmUKc1bYKY3scg6TqGhK3SutwH9hu1aAez4VmvwkEyk
2026/05/18 00:50:06 [REGISTRY-PENDING] height=1930 chain_tip=1881 reason=future_block
[REGISTRY-PENDING] height=1930 chain_height=1881 reason=future_parent
[SET-PENDING] height=1931 chain_height=1881 reason=future_height
2026/05/18 00:50:06 [REGISTRY-HISTORY-REBUILD] height=1930 status=scheduled reason=registry_snapshot_missing
2026/05/18 00:50:06 [REGISTRY-PENDING] height=1929 chain_tip=1881 reason=future_block
2026/05/18 00:50:06 [REGISTRY-HISTORY-REBUILD] height=1930 status=started reason=registry_snapshot_missing
2026/05/18 00:50:06 [REGISTRY-HISTORY-REBUILD] height=1930 status=failed reason=registry_snapshot_missing
[SET-PENDING] height=1930 chain_height=1881 reason=future_height
[REGISTRY-PENDING] height=1929 chain_height=1881 reason=future_parent
2026/05/18 00:50:06 [REGISTRY-PENDING] height=1931 chain_tip=1881 reason=future_block
[REGISTRY-PENDING] height=1931 chain_height=1881 reason=future_parent
[SET-PENDING] height=1932 chain_height=1881 reason=future_height
Dial fanout full (16); skipping this dial batch item
Ã°Å¸â€â€” PubSub mesh check against 9 peers
Validator heartbeat: A | reported_height=1931 | finalized_height=1931 | local_exec_epoch=1932
2026/05/18 00:50:07 [REGISTRY-PENDING] height=1928 chain_tip=1881 reason=future_block
[REGISTRY-PENDING] height=1928 chain_height=1881 reason=future_parent
[SET-PENDING] height=1929 chain_height=1881 reason=future_height
Validator heartbeat: A | reported_height=1931 | finalized_height=1931 | local_exec_epoch=1932
Validator heartbeat received: A | reported_height=1931 | finalized_height=1931 | local_exec_epoch=1932
[SNAPSHOT-PUBLISH] deferred height=1881 reason=auto_publish_interval_10
Ã°Å¸â€œÂ¨ Consensus message from 12D3KooWPVKESWFG9sS8G6vjhfPn54kWuNFkkuHwG4yQXhYRcXjX: leader_block (size: 1170 bytes)
Ã°Å¸â€œÂ¦ Leader block received from 12D3KooWPVKESWFG9sS8G6vjhfPn54kWuNFkkuHwG4yQXhYRcXjX | height=1932 proposer=A
Ã°Å¸â€Å’ Consensus stream EOF from 12D3KooWPVKESWFG9sS8G6vjhfPn54kWuNFkkuHwG4yQXhYRcXjX
Ã°Å¸â€Å’ Consensus stream closed with 12D3KooWPVKESWFG9sS8G6vjhfPn54kWuNFkkuHwG4yQXhYRcXjX
Ã°Å¸â€œÂ¨ Consensus message from 12D3KooWPVKESWFG9sS8G6vjhfPn54kWuNFkkuHwG4yQXhYRcXjX: execution_result (size: 359 bytes)
Ã°Å¸â€Å’ Consensus stream EOF from 12D3KooWPVKESWFG9sS8G6vjhfPn54kWuNFkkuHwG4yQXhYRcXjX
Ã°Å¸â€Å’ Consensus stream closed with 12D3KooWPVKESWFG9sS8G6vjhfPn54kWuNFkkuHwG4yQXhYRcXjX
Validator heartbeat: C | reported_height=1931 | finalized_height=1931 | local_exec_epoch=1932
Validator heartbeat received: A | reported_height=1931 | finalized_height=1931 | local_exec_epoch=1932
Ã°Å¸â€œÂ¨ Consensus message from 12D3KooWD9ed8zJXbW8uUU6XHD2UYrsQQEvnuXReJWFeo52dvdf8: execution_result (size: 359 bytes)
Ã°Å¸â€Å’ Consensus stream EOF from 12D3KooWD9ed8zJXbW8uUU6XHD2UYrsQQEvnuXReJWFeo52dvdf8
Ã°Å¸â€Å’ Consensus stream closed with 12D3KooWD9ed8zJXbW8uUU6XHD2UYrsQQEvnuXReJWFeo52dvdf8
Validator heartbeat: C | reported_height=1931 | finalized_height=1931 | local_exec_epoch=1932
Ã°Å¸â€œÂ¨ Consensus message from 12D3KooWPVKESWFG9sS8G6vjhfPn54kWuNFkkuHwG4yQXhYRcXjX: leader_block (size: 1170 bytes)
Ã°Å¸â€œÂ¦ Leader block received from 12D3KooWPVKESWFG9sS8G6vjhfPn54kWuNFkkuHwG4yQXhYRcXjX | height=1932 proposer=A
Ã°Å¸â€Å’ Consensus stream EOF from 12D3KooWPVKESWFG9sS8G6vjhfPn54kWuNFkkuHwG4yQXhYRcXjX
Ã°Å¸â€Å’ Consensus stream closed with 12D3KooWPVKESWFG9sS8G6vjhfPn54kWuNFkkuHwG4yQXhYRcXjX
Ã°Å¸â€œÂ¨ Consensus message from 12D3KooWHdmUKc1bYKY3scg6TqGhK3SutwH9hu1aAez4VmvwkEyk: execution_result (size: 359 bytes)
Ã°Å¸â€Å’ Consensus stream EOF from 12D3KooWHdmUKc1bYKY3scg6TqGhK3SutwH9hu1aAez4VmvwkEyk
Ã°Å¸â€Å’ Consensus stream closed with 12D3KooWHdmUKc1bYKY3scg6TqGhK3SutwH9hu1aAez4VmvwkEyk
Validator heartbeat received: C | reported_height=1931 | finalized_height=1931 | local_exec_epoch=1932
Validator heartbeat received: C | reported_height=1931 | finalized_height=1931 | local_exec_epoch=1932
Validator heartbeat: B | reported_height=1931 | finalized_height=1931 | local_exec_epoch=1932
Validator heartbeat: B | reported_height=1931 | finalized_height=1931 | local_exec_epoch=1932
Validator heartbeat received: B | reported_height=1931 | finalized_height=1931 | local_exec_epoch=1932
2026/05/18 00:50:09 [REGISTRY-PENDING] height=1932 chain_tip=1881 reason=future_block
[REGISTRY-PENDING] height=1932 chain_height=1881 reason=future_parent
[SET-PENDING] height=1933 chain_height=1881 reason=future_height
Validator heartbeat: A | reported_height=1932 | finalized_height=1932 | local_exec_epoch=1933
Validator heartbeat received: B | reported_height=1931 | finalized_height=1931 | local_exec_epoch=1932
Validator heartbeat: A | reported_height=1932 | finalized_height=1932 | local_exec_epoch=1933
Validator heartbeat received: A | reported_height=1932 | finalized_height=1932 | local_exec_epoch=1933
Validator heartbeat: C | reported_height=1932 | finalized_height=1932 | local_exec_epoch=1933
Validator heartbeat received: A | reported_height=1932 | finalized_height=1932 | local_exec_epoch=1933
Validator heartbeat: C | reported_height=1932 | finalized_height=1932 | local_exec_epoch=1933
2026/05/18 00:50:11 [REGISTRY-PENDING] height=1930 chain_tip=1881 reason=future_block
[REGISTRY-PENDING] height=1930 chain_height=1881 reason=future_parent
2026/05/18 00:50:11 [REGISTRY-HISTORY-REBUILD] height=1930 status=scheduled reason=registry_snapshot_missing
[SET-PENDING] height=1931 chain_height=1881 reason=future_height
2026/05/18 00:50:11 [REGISTRY-PENDING] height=1929 chain_tip=1881 reason=future_block
[REGISTRY-PENDING] height=1929 chain_height=1881 reason=future_parent
Validator heartbeat received: C | reported_height=1932 | finalized_height=1932 | local_exec_epoch=1933
2026/05/18 00:50:11 [REGISTRY-PENDING] height=1931 chain_tip=1881 reason=future_block
2026/05/18 00:50:11 [OK] goroutine pressure normalized: 240 (degrade mode off)
2026/05/18 00:50:11 map stats: seen_blocks=2 seen_txs=0 fork_heights=0 fork_blocks=0 exec_results_keys=0 exec_results_total=0 pending_blocks=0 queued_exec_votes_keys=0 queued_exec_votes_total=0 accepted_proposal=1 exec_broadcasted_epochs=0 exec_broadcasted_keys=0 exec_signer_seen_epochs=1 exec_signer_seen_total=3 exec_broadcasted_by_val_epochs=0 exec_broadcasted_by_val_total=0 exec_rebroadcast_epochs=0 validator_status=5 candidates=1 peer_state=45 peers_connected=9 peers_connecting=0 peer_suspect=0 allowed_peers=4 pending_validators=0 pending_removals=0 queued_validator_updates=0 height_report_epochs=2 height_report_total=3 misbehavior_validators=0 misbehavior_total=0 exec_mismatch_tracked=0 exec_vote_replay_cache=3
[REGISTRY-PENDING] height=1931 chain_height=1881 reason=future_parent
[SET-PENDING] height=1932 chain_height=1881 reason=future_height
Ã°Å¸â€œÂ¨ Consensus message from 12D3KooWHdmUKc1bYKY3scg6TqGhK3SutwH9hu1aAez4VmvwkEyk: leader_block (size: 1170 bytes)
Ã°Å¸â€œÂ¦ Leader block received from 12D3KooWHdmUKc1bYKY3scg6TqGhK3SutwH9hu1aAez4VmvwkEyk | height=1933 proposer=B
Ã°Å¸â€Å’ Consensus stream EOF from 12D3KooWHdmUKc1bYKY3scg6TqGhK3SutwH9hu1aAez4VmvwkEyk
Ã°Å¸â€Å’ Consensus stream closed with 12D3KooWHdmUKc1bYKY3scg6TqGhK3SutwH9hu1aAez4VmvwkEyk
Ã°Å¸â€œÂ¨ Consensus message from 12D3KooWHdmUKc1bYKY3scg6TqGhK3SutwH9hu1aAez4VmvwkEyk: execution_result (size: 359 bytes)
Ã°Å¸â€Å’ Consensus stream EOF from 12D3KooWHdmUKc1bYKY3scg6TqGhK3SutwH9hu1aAez4VmvwkEyk
Ã°Å¸â€Å’ Consensus stream closed with 12D3KooWHdmUKc1bYKY3scg6TqGhK3SutwH9hu1aAez4VmvwkEyk
[SET-PENDING] height=1930 chain_height=1881 reason=future_height
Ã°Å¸â€œÂ¨ Consensus message from 12D3KooWPVKESWFG9sS8G6vjhfPn54kWuNFkkuHwG4yQXhYRcXjX: execution_result (size: 359 bytes)
Ã°Å¸â€Å’ Consensus stream EOF from 12D3KooWPVKESWFG9sS8G6vjhfPn54kWuNFkkuHwG4yQXhYRcXjX
Ã°Å¸â€Å’ Consensus stream closed with 12D3KooWPVKESWFG9sS8G6vjhfPn54kWuNFkkuHwG4yQXhYRcXjX
Validator heartbeat: B | reported_height=1932 | finalized_height=1932 | local_exec_epoch=1933
Validator heartbeat received: C | reported_height=1932 | finalized_height=1932 | local_exec_epoch=1933
Validator heartbeat: B | reported_height=1932 | finalized_height=1932 | local_exec_epoch=1933
Ã°Å¸â€œÂ¨ Consensus message from 12D3KooWHdmUKc1bYKY3scg6TqGhK3SutwH9hu1aAez4VmvwkEyk: leader_block (size: 1170 bytes)
Ã°Å¸â€œÂ¦ Leader block received from 12D3KooWHdmUKc1bYKY3scg6TqGhK3SutwH9hu1aAez4VmvwkEyk | height=1933 proposer=B
Ã°Å¸â€Å’ Consensus stream EOF from 12D3KooWHdmUKc1bYKY3scg6TqGhK3SutwH9hu1aAez4VmvwkEyk
Ã°Å¸â€Å’ Consensus stream closed with 12D3KooWHdmUKc1bYKY3scg6TqGhK3SutwH9hu1aAez4VmvwkEyk
Validator heartbeat received: B | reported_height=1932 | finalized_height=1932 | local_exec_epoch=1933
Ã°Å¸â€œÂ¨ Consensus message from 12D3KooWD9ed8zJXbW8uUU6XHD2UYrsQQEvnuXReJWFeo52dvdf8: execution_result (size: 359 bytes)
Ã°Å¸â€Å’ Consensus stream EOF from 12D3KooWD9ed8zJXbW8uUU6XHD2UYrsQQEvnuXReJWFeo52dvdf8
Ã°Å¸â€Å’ Consensus stream closed with 12D3KooWD9ed8zJXbW8uUU6XHD2UYrsQQEvnuXReJWFeo52dvdf8
Validator heartbeat received: B | reported_height=1932 | finalized_height=1932 | local_exec_epoch=1933
2026/05/18 00:50:13 [REGISTRY-PENDING] height=1933 chain_tip=1881 reason=future_block
[REGISTRY-PENDING] height=1933 chain_height=1881 reason=future_parent
[SET-PENDING] height=1934 chain_height=1881 reason=future_height
Validator heartbeat: A | reported_height=1933 | finalized_height=1933 | local_exec_epoch=1934
Validator heartbeat: A | reported_height=1933 | finalized_height=1933 | local_exec_epoch=1934
Validator heartbeat received: A | reported_height=1933 | finalized_height=1933 | local_exec_epoch=1934
[SNAPSHOT-PUBLISH] deferred height=1881 reason=auto_publish_interval_10
Validator heartbeat received: A | reported_height=1933 | finalized_height=1933 | local_exec_epoch=1934
Validator heartbeat: B | reported_height=1933 | finalized_height=1933 | local_exec_epoch=1934
Validator heartbeat: B | reported_height=1933 | finalized_height=1933 | local_exec_epoch=1934
2026/05/18 00:50:14 [REGISTRY-PENDING] height=1932 chain_tip=1881 reason=future_block
[REGISTRY-PENDING] height=1932 chain_height=1881 reason=future_parent
[SET-PENDING] height=1933 chain_height=1881 reason=future_height
Validator heartbeat received: B | reported_height=1933 | finalized_height=1933 | local_exec_epoch=1934
Validator heartbeat: C | reported_height=1933 | finalized_height=1933 | local_exec_epoch=1934
Validator heartbeat received: B | reported_height=1933 | finalized_height=1933 | local_exec_epoch=1934
Validator heartbeat: C | reported_height=1933 | finalized_height=1933 | local_exec_epoch=1934
Ã°Å¸â€œÂ¨ Consensus message from 12D3KooWHdmUKc1bYKY3scg6TqGhK3SutwH9hu1aAez4VmvwkEyk: leader_block (size: 1170 bytes)
Ã°Å¸â€œÂ¦ Leader block received from 12D3KooWHdmUKc1bYKY3scg6TqGhK3SutwH9hu1aAez4VmvwkEyk | height=1934 proposer=B
Ã°Å¸â€Å’ Consensus stream EOF from 12D3KooWHdmUKc1bYKY3scg6TqGhK3SutwH9hu1aAez4VmvwkEyk
Ã°Å¸â€Å’ Consensus stream closed with 12D3KooWHdmUKc1bYKY3scg6TqGhK3SutwH9hu1aAez4VmvwkEyk
Validator heartbeat received: C | reported_height=1933 | finalized_height=1933 | local_exec_epoch=1934
Candidate heartbeat received: D | reported_height=1881 | finalized_height=1880 | local_exec_epoch=1882
Ã°Å¸â€œÂ¨ Consensus message from 12D3KooWHdmUKc1bYKY3scg6TqGhK3SutwH9hu1aAez4VmvwkEyk: execution_result (size: 359 bytes)
Ã°Å¸â€Å’ Consensus stream EOF from 12D3KooWHdmUKc1bYKY3scg6TqGhK3SutwH9hu1aAez4VmvwkEyk
Ã°Å¸â€Å’ Consensus stream closed with 12D3KooWHdmUKc1bYKY3scg6TqGhK3SutwH9hu1aAez4VmvwkEyk
Ã°Å¸â€œÂ¨ Consensus message from 12D3KooWPVKESWFG9sS8G6vjhfPn54kWuNFkkuHwG4yQXhYRcXjX: execution_result (size: 359 bytes)
Ã°Å¸â€Å’ Consensus stream EOF from 12D3KooWPVKESWFG9sS8G6vjhfPn54kWuNFkkuHwG4yQXhYRcXjX
Ã°Å¸â€Å’ Consensus stream closed with 12D3KooWPVKESWFG9sS8G6vjhfPn54kWuNFkkuHwG4yQXhYRcXjX
Validator heartbeat: C | reported_height=1933 | finalized_height=1933 | local_exec_epoch=1934
Validator heartbeat received: C | reported_height=1933 | finalized_height=1933 | local_exec_epoch=1934
Candidate heartbeat received: D | reported_height=1881 | finalized_height=1880 | local_exec_epoch=1882
2026/05/18 00:50:16 [REGISTRY-HISTORY-REBUILD] height=1931 status=scheduled reason=registry_snapshot_missing
2026/05/18 00:50:16 [REGISTRY-HISTORY-REBUILD] height=1931 status=started reason=registry_snapshot_missing
2026/05/18 00:50:16 [REGISTRY-HISTORY-REBUILD] height=1931 status=failed reason=registry_snapshot_missing
[REGISTRY-PENDING] height=1931 chain_height=1881 reason=future_parent
[SET-PENDING] height=1932 chain_height=1881 reason=future_height
Attempting to connect to 9 peers
Dial fanout full (16); skipping this dial batch item
Validator heartbeat: C | reported_height=1933 | finalized_height=1933 | local_exec_epoch=1934
2026/05/18 00:50:16 [REGISTRY-PENDING] height=1931 chain_tip=1881 reason=future_block
Ã°Å¸â€œÂ¨ Consensus message from 12D3KooWHdmUKc1bYKY3scg6TqGhK3SutwH9hu1aAez4VmvwkEyk: leader_block (size: 1170 bytes)
Ã°Å¸â€œÂ¦ Leader block received from 12D3KooWHdmUKc1bYKY3scg6TqGhK3SutwH9hu1aAez4VmvwkEyk | height=1934 proposer=B
Ã°Å¸â€Å’ Consensus stream EOF from 12D3KooWHdmUKc1bYKY3scg6TqGhK3SutwH9hu1aAez4VmvwkEyk
Ã°Å¸â€Å’ Consensus stream closed with 12D3KooWHdmUKc1bYKY3scg6TqGhK3SutwH9hu1aAez4VmvwkEyk
Validator heartbeat received: C | reported_height=1933 | finalized_height=1933 | local_exec_epoch=1934
Validator heartbeat received: C | reported_height=1933 | finalized_height=1933 | local_exec_epoch=1934
Ã°Å¸â€œÂ¨ Consensus message from 12D3KooWD9ed8zJXbW8uUU6XHD2UYrsQQEvnuXReJWFeo52dvdf8: execution_result (size: 359 bytes)
Ã°Å¸â€Å’ Consensus stream EOF from 12D3KooWD9ed8zJXbW8uUU6XHD2UYrsQQEvnuXReJWFeo52dvdf8
Ã°Å¸â€Å’ Consensus stream closed with 12D3KooWD9ed8zJXbW8uUU6XHD2UYrsQQEvnuXReJWFeo52dvdf8
2026/05/18 00:50:18 [REGISTRY-PENDING] height=1933 chain_tip=1881 reason=future_block
[REGISTRY-PENDING] height=1933 chain_height=1881 reason=future_parent
[SET-PENDING] height=1934 chain_height=1881 reason=future_height
2026/05/18 00:50:18 [REGISTRY-PENDING] height=1934 chain_tip=1881 reason=future_block
[REGISTRY-PENDING] height=1934 chain_height=1881 reason=future_parent
[SET-PENDING] height=1935 chain_height=1881 reason=future_height
Validator heartbeat: A | reported_height=1934 | finalized_height=1934 | local_exec_epoch=1935
Validator heartbeat: A | reported_height=1934 | finalized_height=1934 | local_exec_epoch=1935
2026/05/18 00:50:20 [REGISTRY-PENDING] height=1932 chain_tip=1881 reason=future_block
[REGISTRY-PENDING] height=1932 chain_height=1881 reason=future_parent
[SET-PENDING] height=1933 chain_height=1881 reason=future_height
Validator heartbeat received: A | reported_height=1934 | finalized_height=1934 | local_exec_epoch=1935
[SNAPSHOT-PUBLISH] deferred height=1881 reason=auto_publish_interval_10
Validator heartbeat: B | reported_height=1934 | finalized_height=1933 | local_exec_epoch=1935
Validator heartbeat received: A | reported_height=1934 | finalized_height=1934 | local_exec_epoch=1935
Validator heartbeat: B | reported_height=1934 | finalized_height=1933 | local_exec_epoch=1935
Ã°Å¸â€œÂ¨ Consensus message from 12D3KooWPVKESWFG9sS8G6vjhfPn54kWuNFkkuHwG4yQXhYRcXjX: leader_block (size: 1170 bytes)
Ã°Å¸â€œÂ¦ Leader block received from 12D3KooWPVKESWFG9sS8G6vjhfPn54kWuNFkkuHwG4yQXhYRcXjX | height=1935 proposer=A
Ã°Å¸â€Å’ Consensus stream EOF from 12D3KooWPVKESWFG9sS8G6vjhfPn54kWuNFkkuHwG4yQXhYRcXjX
Ã°Å¸â€Å’ Consensus stream closed with 12D3KooWPVKESWFG9sS8G6vjhfPn54kWuNFkkuHwG4yQXhYRcXjX
Validator heartbeat received: B | reported_height=1934 | finalized_height=1933 | local_exec_epoch=1935
Ã°Å¸â€œÂ¨ Consensus message from 12D3KooWPVKESWFG9sS8G6vjhfPn54kWuNFkkuHwG4yQXhYRcXjX: execution_result (size: 359 bytes)
Ã°Å¸â€Å’ Consensus stream EOF from 12D3KooWPVKESWFG9sS8G6vjhfPn54kWuNFkkuHwG4yQXhYRcXjX
Ã°Å¸â€Å’ Consensus stream closed with 12D3KooWPVKESWFG9sS8G6vjhfPn54kWuNFkkuHwG4yQXhYRcXjX
2026/05/18 00:50:21 [REGISTRY-HISTORY-REBUILD] height=1934 status=scheduled reason=registry_snapshot_missing
2026/05/18 00:50:21 [REGISTRY-HISTORY-REBUILD] height=1934 status=started reason=registry_snapshot_missing
2026/05/18 00:50:21 [REGISTRY-HISTORY-REBUILD] height=1934 status=failed reason=registry_snapshot_missing
Validator heartbeat: B | reported_height=1934 | finalized_height=1934 | local_exec_epoch=1935
2026/05/18 00:50:21 [OK] goroutine pressure normalized: 240 (degrade mode off)
[REGISTRY-PENDING] height=1931 chain_height=1881 reason=future_parent
[SET-PENDING] height=1932 chain_height=1881 reason=future_height
2026/05/18 00:50:21 [REGISTRY-PENDING] height=1931 chain_tip=1881 reason=future_block
Validator heartbeat received: B | reported_height=1934 | finalized_height=1933 | local_exec_epoch=1935
Validator heartbeat: B | reported_height=1934 | finalized_height=1934 | local_exec_epoch=1935
Validator heartbeat received: B | reported_height=1934 | finalized_height=1934 | local_exec_epoch=1935
Ã°Å¸â€œÂ¨ Consensus message from 12D3KooWPVKESWFG9sS8G6vjhfPn54kWuNFkkuHwG4yQXhYRcXjX: leader_block (size: 1170 bytes)
Ã°Å¸â€œÂ¦ Leader block received from 12D3KooWPVKESWFG9sS8G6vjhfPn54kWuNFkkuHwG4yQXhYRcXjX | height=1935 proposer=A
Ã°Å¸â€Å’ Consensus stream EOF from 12D3KooWPVKESWFG9sS8G6vjhfPn54kWuNFkkuHwG4yQXhYRcXjX
Ã°Å¸â€Å’ Consensus stream closed with 12D3KooWPVKESWFG9sS8G6vjhfPn54kWuNFkkuHwG4yQXhYRcXjX
Validator heartbeat received: B | reported_height=1934 | finalized_height=1934 | local_exec_epoch=1935
Validator heartbeat: C | reported_height=1934 | finalized_height=1934 | local_exec_epoch=1935
Validator heartbeat: C | reported_height=1934 | finalized_height=1934 | local_exec_epoch=1935
Validator heartbeat received: C | reported_height=1934 | finalized_height=1934 | local_exec_epoch=1935
Validator heartbeat received: C | reported_height=1934 | finalized_height=1934 | local_exec_epoch=1935
Ã°Å¸â€œÂ¨ Consensus message from 12D3KooWHdmUKc1bYKY3scg6TqGhK3SutwH9hu1aAez4VmvwkEyk: execution_result (size: 359 bytes)
Ã°Å¸â€Å’ Consensus stream EOF from 12D3KooWHdmUKc1bYKY3scg6TqGhK3SutwH9hu1aAez4VmvwkEyk
Ã°Å¸â€Å’ Consensus stream closed with 12D3KooWHdmUKc1bYKY3scg6TqGhK3SutwH9hu1aAez4VmvwkEyk
Ã°Å¸â€œÂ¨ Consensus message from 12D3KooWD9ed8zJXbW8uUU6XHD2UYrsQQEvnuXReJWFeo52dvdf8: execution_result (size: 359 bytes)
Ã°Å¸â€Å’ Consensus stream EOF from 12D3KooWD9ed8zJXbW8uUU6XHD2UYrsQQEvnuXReJWFeo52dvdf8
Ã°Å¸â€Å’ Consensus stream closed with 12D3KooWD9ed8zJXbW8uUU6XHD2UYrsQQEvnuXReJWFeo52dvdf8
2026/05/18 00:50:24 [REGISTRY-PENDING] height=1934 chain_tip=1881 reason=future_block
[REGISTRY-PENDING] height=1934 chain_height=1881 reason=future_parent
[SET-PENDING] height=1935 chain_height=1881 reason=future_height
2026/05/18 00:50:24 [REGISTRY-PENDING] height=1933 chain_tip=1881 reason=future_block
[REGISTRY-PENDING] height=1933 chain_height=1881 reason=future_parent
[SET-PENDING] height=1934 chain_height=1881 reason=future_height
2026/05/18 00:50:24 [REGISTRY-PENDING] height=1935 chain_tip=1881 reason=future_block
[REGISTRY-PENDING] height=1935 chain_height=1881 reason=future_parent
[SET-PENDING] height=1936 chain_height=1881 reason=future_height
Validator heartbeat: A | reported_height=1935 | finalized_height=1935 | local_exec_epoch=1936
Validator heartbeat: A | reported_height=1935 | finalized_height=1935 | local_exec_epoch=1936
2026/05/18 00:50:25 [REGISTRY-PENDING] height=1932 chain_tip=1881 reason=future_block
[REGISTRY-PENDING] height=1932 chain_height=1881 reason=future_parent
[SET-PENDING] height=1933 chain_height=1881 reason=future_height
Validator heartbeat received: A | reported_height=1935 | finalized_height=1935 | local_exec_epoch=1936
[SNAPSHOT-PUBLISH] deferred height=1881 reason=auto_publish_interval_10
Validator heartbeat received: A | reported_height=1935 | finalized_height=1935 | local_exec_epoch=1936
Validator heartbeat: B | reported_height=1935 | finalized_height=1935 | local_exec_epoch=1936
Validator heartbeat: B | reported_height=1935 | finalized_height=1935 | local_exec_epoch=1936
Validator heartbeat received: B | reported_height=1935 | finalized_height=1935 | local_exec_epoch=1936
Validator heartbeat received: B | reported_height=1935 | finalized_height=1935 | local_exec_epoch=1936
2026/05/18 00:50:26 [REGISTRY-HISTORY-REBUILD] height=1934 status=scheduled reason=registry_snapshot_missing
2026/05/18 00:50:26 [REGISTRY-HISTORY-REBUILD] height=1934 status=started reason=registry_snapshot_missing
2026/05/18 00:50:26 [REGISTRY-HISTORY-REBUILD] height=1934 status=failed reason=registry_snapshot_missing
Validator heartbeat: C | reported_height=1935 | finalized_height=1935 | local_exec_epoch=1936
Validator heartbeat: C | reported_height=1935 | finalized_height=1935 | local_exec_epoch=1936
Validator heartbeat received: C | reported_height=1935 | finalized_height=1935 | local_exec_epoch=1936
Validator heartbeat received: C | reported_height=1935 | finalized_height=1935 | local_exec_epoch=1936
Ã°Å¸â€œÂ¨ Consensus message from 12D3KooWD9ed8zJXbW8uUU6XHD2UYrsQQEvnuXReJWFeo52dvdf8: leader_block (size: 1170 bytes)
Ã°Å¸â€œÂ¦ Leader block received from 12D3KooWD9ed8zJXbW8uUU6XHD2UYrsQQEvnuXReJWFeo52dvdf8 | height=1936 proposer=C
Ã°Å¸â€Å’ Consensus stream EOF from 12D3KooWD9ed8zJXbW8uUU6XHD2UYrsQQEvnuXReJWFeo52dvdf8
Ã°Å¸â€Å’ Consensus stream closed with 12D3KooWD9ed8zJXbW8uUU6XHD2UYrsQQEvnuXReJWFeo52dvdf8
Candidate heartbeat received: D | reported_height=1881 | finalized_height=1880 | local_exec_epoch=1882
Candidate heartbeat received: D | reported_height=1881 | finalized_height=1880 | local_exec_epoch=1882
Ã°Å¸â€œÂ¨ Consensus message from 12D3KooWPVKESWFG9sS8G6vjhfPn54kWuNFkkuHwG4yQXhYRcXjX: execution_result (size: 359 bytes)
Ã°Å¸â€Å’ Consensus stream EOF from 12D3KooWPVKESWFG9sS8G6vjhfPn54kWuNFkkuHwG4yQXhYRcXjX
Ã°Å¸â€Å’ Consensus stream closed with 12D3KooWPVKESWFG9sS8G6vjhfPn54kWuNFkkuHwG4yQXhYRcXjX
Ã°Å¸â€œÂ¨ Consensus message from 12D3KooWD9ed8zJXbW8uUU6XHD2UYrsQQEvnuXReJWFeo52dvdf8: execution_result (size: 359 bytes)
Ã°Å¸â€Å’ Consensus stream EOF from 12D3KooWD9ed8zJXbW8uUU6XHD2UYrsQQEvnuXReJWFeo52dvdf8
Ã°Å¸â€Å’ Consensus stream closed with 12D3KooWD9ed8zJXbW8uUU6XHD2UYrsQQEvnuXReJWFeo52dvdf8
Ã°Å¸â€œÂ¨ Consensus message from 12D3KooWHdmUKc1bYKY3scg6TqGhK3SutwH9hu1aAez4VmvwkEyk: execution_result (size: 359 bytes)
Ã°Å¸â€Å’ Consensus stream EOF from 12D3KooWHdmUKc1bYKY3scg6TqGhK3SutwH9hu1aAez4VmvwkEyk
Ã°Å¸â€Å’ Consensus stream closed with 12D3KooWHdmUKc1bYKY3scg6TqGhK3SutwH9hu1aAez4VmvwkEyk
2026/05/18 00:50:28 [REGISTRY-PENDING] height=1936 chain_tip=1881 reason=future_block
[REGISTRY-PENDING] height=1936 chain_height=1881 reason=future_parent
[SET-PENDING] height=1937 chain_height=1881 reason=future_height
Validator heartbeat: A | reported_height=1936 | finalized_height=1936 | local_exec_epoch=1937
Validator heartbeat: A | reported_height=1936 | finalized_height=1936 | local_exec_epoch=1937
2026/05/18 00:50:29 [REGISTRY-PENDING] height=1934 chain_tip=1881 reason=future_block
[REGISTRY-PENDING] height=1934 chain_height=1881 reason=future_parent
[SET-PENDING] height=1935 chain_height=1881 reason=future_height
2026/05/18 00:50:29 [REGISTRY-PENDING] height=1933 chain_tip=1881 reason=future_block
[REGISTRY-PENDING] height=1933 chain_height=1881 reason=future_parent
[SET-PENDING] height=1934 chain_height=1881 reason=future_height
2026/05/18 00:50:29 [REGISTRY-PENDING] height=1935 chain_tip=1881 reason=future_block
[REGISTRY-PENDING] height=1935 chain_height=1881 reason=future_parent
[SET-PENDING] height=1936 chain_height=1881 reason=future_height
Ã°Å¸â€œÂ¨ Consensus message from 12D3KooWD9ed8zJXbW8uUU6XHD2UYrsQQEvnuXReJWFeo52dvdf8: leader_block (size: 1170 bytes)
Ã°Å¸â€œÂ¦ Leader block received from 12D3KooWD9ed8zJXbW8uUU6XHD2UYrsQQEvnuXReJWFeo52dvdf8 | height=1936 proposer=C
Ã°Å¸â€Å’ Consensus stream EOF from 12D3KooWD9ed8zJXbW8uUU6XHD2UYrsQQEvnuXReJWFeo52dvdf8
Ã°Å¸â€Å’ Consensus stream closed with 12D3KooWD9ed8zJXbW8uUU6XHD2UYrsQQEvnuXReJWFeo52dvdf8
Validator heartbeat received: A | reported_height=1936 | finalized_height=1936 | local_exec_epoch=1937
Validator heartbeat received: A | reported_height=1936 | finalized_height=1936 | local_exec_epoch=1937
Validator heartbeat: B | reported_height=1936 | finalized_height=1936 | local_exec_epoch=1937
Validator heartbeat: B | reported_height=1936 | finalized_height=1936 | local_exec_epoch=1937
2026/05/18 00:50:31 [REGISTRY-HISTORY-REBUILD] height=1934 status=scheduled reason=registry_snapshot_missing
Validator heartbeat received: B | reported_height=1936 | finalized_height=1936 | local_exec_epoch=1937
[SNAPSHOT-PUBLISH] deferred height=1881 reason=auto_publish_interval_10
2026/05/18 00:50:31 [OK] goroutine pressure normalized: 240 (degrade mode off)
Dial fanout full (16); skipping this dial batch item
Ã°Å¸â€â€” PubSub mesh check against 9 peers
Validator heartbeat: B | reported_height=1936 | finalized_height=1936 | local_exec_epoch=1937
Validator heartbeat received: B | reported_height=1936 | finalized_height=1936 | local_exec_epoch=1937
Validator heartbeat: B | reported_height=1936 | finalized_height=1936 | local_exec_epoch=1937
Validator heartbeat received: B | reported_height=1936 | finalized_height=1936 | local_exec_epoch=1937
Validator heartbeat received: B | reported_height=1936 | finalized_height=1936 | local_exec_epoch=1937
2026/05/18 00:50:34 [REGISTRY-PENDING] height=1936 chain_tip=1881 reason=future_block
[REGISTRY-PENDING] height=1936 chain_height=1881 reason=future_parent
[SET-PENDING] height=1937 chain_height=1881 reason=future_height
Validator heartbeat: C | reported_height=1936 | finalized_height=1936 | local_exec_epoch=1937
Validator heartbeat: C | reported_height=1936 | finalized_height=1936 | local_exec_epoch=1937
Validator heartbeat received: C | reported_height=1936 | finalized_height=1936 | local_exec_epoch=1937
Validator heartbeat received: C | reported_height=1936 | finalized_height=1936 | local_exec_epoch=1937
Candidate heartbeat received: D | reported_height=1881 | finalized_height=1880 | local_exec_epoch=1882
Candidate heartbeat received: D | reported_height=1881 | finalized_height=1880 | local_exec_epoch=1882
Ã°Å¸â€œÂ¨ Consensus message from 12D3KooWD9ed8zJXbW8uUU6XHD2UYrsQQEvnuXReJWFeo52dvdf8: leader_block (size: 1170 bytes)
Ã°Å¸â€œÂ¦ Leader block received from 12D3KooWD9ed8zJXbW8uUU6XHD2UYrsQQEvnuXReJWFeo52dvdf8 | height=1937 proposer=C
Ã°Å¸â€Å’ Consensus stream EOF from 12D3KooWD9ed8zJXbW8uUU6XHD2UYrsQQEvnuXReJWFeo52dvdf8
Ã°Å¸â€Å’ Consensus stream closed with 12D3KooWD9ed8zJXbW8uUU6XHD2UYrsQQEvnuXReJWFeo52dvdf8
Ã°Å¸â€œÂ¨ Consensus message from 12D3KooWD9ed8zJXbW8uUU6XHD2UYrsQQEvnuXReJWFeo52dvdf8: execution_result (size: 374 bytes)
Ã°Å¸â€Å’ Consensus stream EOF from 12D3KooWD9ed8zJXbW8uUU6XHD2UYrsQQEvnuXReJWFeo52dvdf8
Ã°Å¸â€Å’ Consensus stream closed with 12D3KooWD9ed8zJXbW8uUU6XHD2UYrsQQEvnuXReJWFeo52dvdf8
Ã°Å¸â€œÂ¨ Consensus message from 12D3KooWPVKESWFG9sS8G6vjhfPn54kWuNFkkuHwG4yQXhYRcXjX: execution_result (size: 374 bytes)
Ã°Å¸â€Å’ Consensus stream EOF from 12D3KooWPVKESWFG9sS8G6vjhfPn54kWuNFkkuHwG4yQXhYRcXjX
Ã°Å¸â€Å’ Consensus stream closed with 12D3KooWPVKESWFG9sS8G6vjhfPn54kWuNFkkuHwG4yQXhYRcXjX
Ã°Å¸â€œÂ¨ Consensus message from 12D3KooWHdmUKc1bYKY3scg6TqGhK3SutwH9hu1aAez4VmvwkEyk: execution_result (size: 374 bytes)
Ã°Å¸â€Å’ Consensus stream EOF from 12D3KooWHdmUKc1bYKY3scg6TqGhK3SutwH9hu1aAez4VmvwkEyk
Ã°Å¸â€Å’ Consensus stream closed with 12D3KooWHdmUKc1bYKY3scg6TqGhK3SutwH9hu1aAez4VmvwkEyk
2026/05/18 00:50:41 [REGISTRY-PENDING] height=1936 chain_tip=1881 reason=future_block
[REGISTRY-PENDING] height=1936 chain_height=1881 reason=future_parent
2026/05/18 00:50:41 [REGISTRY-HISTORY-REBUILD] height=1936 status=scheduled reason=registry_snapshot_missing
[SET-PENDING] height=1937 chain_height=1881 reason=future_height
2026/05/18 00:50:41 [REGISTRY-HISTORY-REBUILD] height=1936 status=started reason=registry_snapshot_missing
2026/05/18 00:50:41 [REGISTRY-HISTORY-REBUILD] height=1936 status=failed reason=registry_snapshot_missing
2026/05/18 00:50:41 [REGISTRY-PENDING] height=1935 chain_tip=1881 reason=future_block
[REGISTRY-PENDING] height=1935 chain_height=1881 reason=future_parent
[SET-PENDING] height=1936 chain_height=1881 reason=future_height
2026/05/18 00:50:41 [REGISTRY-PENDING] height=1937 chain_tip=1881 reason=future_block
[REGISTRY-PENDING] height=1937 chain_height=1881 reason=future_parent
[SET-PENDING] height=1938 chain_height=1881 reason=future_height
Validator heartbeat: C | reported_height=1937 | finalized_height=1937 | local_exec_epoch=1938
2026/05/18 00:50:41 [REGISTRY-PENDING] height=1934 chain_tip=1881 reason=future_block
[REGISTRY-PENDING] height=1934 chain_height=1881 reason=future_parent
[SET-PENDING] height=1935 chain_height=1881 reason=future_height
Attempting to connect to 9 peers
2026/05/18 00:50:41 [OK] goroutine pressure normalized: 240 (degrade mode off)
Validator heartbeat: C | reported_height=1937 | finalized_height=1937 | local_exec_epoch=1938
Dial fanout full (16); skipping this dial batch item
Validator heartbeat received: C | reported_height=1937 | finalized_height=1937 | local_exec_epoch=1938
[SNAPSHOT-PUBLISH] deferred height=1881 reason=auto_publish_interval_10
Validator heartbeat received: C | reported_height=1937 | finalized_height=1937 | local_exec_epoch=1938
Validator heartbeat: A | reported_height=1937 | finalized_height=1937 | local_exec_epoch=1938
Validator heartbeat: A | reported_height=1937 | finalized_height=1937 | local_exec_epoch=1938
Validator heartbeat received: A | reported_height=1937 | finalized_height=1937 | local_exec_epoch=1938
Ã°Å¸â€œÂ¨ Consensus message from 12D3KooWD9ed8zJXbW8uUU6XHD2UYrsQQEvnuXReJWFeo52dvdf8: leader_block (size: 1170 bytes)
Ã°Å¸â€œÂ¦ Leader block received from 12D3KooWD9ed8zJXbW8uUU6XHD2UYrsQQEvnuXReJWFeo52dvdf8 | height=1938 proposer=C
Ã°Å¸â€Å’ Consensus stream EOF from 12D3KooWD9ed8zJXbW8uUU6XHD2UYrsQQEvnuXReJWFeo52dvdf8
Ã°Å¸â€Å’ Consensus stream closed with 12D3KooWD9ed8zJXbW8uUU6XHD2UYrsQQEvnuXReJWFeo52dvdf8
Ã°Å¸â€œÂ¨ Consensus message from 12D3KooWD9ed8zJXbW8uUU6XHD2UYrsQQEvnuXReJWFeo52dvdf8: execution_result (size: 359 bytes)
Ã°Å¸â€Å’ Consensus stream EOF from 12D3KooWD9ed8zJXbW8uUU6XHD2UYrsQQEvnuXReJWFeo52dvdf8
Ã°Å¸â€Å’ Consensus stream closed with 12D3KooWD9ed8zJXbW8uUU6XHD2UYrsQQEvnuXReJWFeo52dvdf8
Ã°Å¸â€œÂ¨ Consensus message from 12D3KooWPVKESWFG9sS8G6vjhfPn54kWuNFkkuHwG4yQXhYRcXjX: execution_result (size: 359 bytes)
Ã°Å¸â€Å’ Consensus stream EOF from 12D3KooWPVKESWFG9sS8G6vjhfPn54kWuNFkkuHwG4yQXhYRcXjX
Ã°Å¸â€Å’ Consensus stream closed with 12D3KooWPVKESWFG9sS8G6vjhfPn54kWuNFkkuHwG4yQXhYRcXjX
Validator heartbeat: B | reported_height=1937 | finalized_height=1937 | local_exec_epoch=1938
Validator heartbeat received: A | reported_height=1937 | finalized_height=1937 | local_exec_epoch=1938
Validator heartbeat: B | reported_height=1937 | finalized_height=1937 | local_exec_epoch=1938
Ã°Å¸â€œÂ¨ Consensus message from 12D3KooWD9ed8zJXbW8uUU6XHD2UYrsQQEvnuXReJWFeo52dvdf8: leader_block (size: 1170 bytes)
Ã°Å¸â€œÂ¦ Leader block received from 12D3KooWD9ed8zJXbW8uUU6XHD2UYrsQQEvnuXReJWFeo52dvdf8 | height=1938 proposer=C
Ã°Å¸â€Å’ Consensus stream EOF from 12D3KooWD9ed8zJXbW8uUU6XHD2UYrsQQEvnuXReJWFeo52dvdf8
Ã°Å¸â€Å’ Consensus stream closed with 12D3KooWD9ed8zJXbW8uUU6XHD2UYrsQQEvnuXReJWFeo52dvdf8
Validator heartbeat received: B | reported_height=1937 | finalized_height=1937 | local_exec_epoch=1938
Validator heartbeat received: B | reported_height=1937 | finalized_height=1937 | local_exec_epoch=1938
Ã°Å¸â€œÂ¨ Consensus message from 12D3KooWHdmUKc1bYKY3scg6TqGhK3SutwH9hu1aAez4VmvwkEyk: execution_result (size: 359 bytes)
Ã°Å¸â€Å’ Consensus stream EOF from 12D3KooWHdmUKc1bYKY3scg6TqGhK3SutwH9hu1aAez4VmvwkEyk
Ã°Å¸â€Å’ Consensus stream closed with 12D3KooWHdmUKc1bYKY3scg6TqGhK3SutwH9hu1aAez4VmvwkEyk
2026/05/18 00:50:45 [REGISTRY-PENDING] height=1938 chain_tip=1881 reason=future_block
[REGISTRY-PENDING] height=1938 chain_height=1881 reason=future_parent
[SET-PENDING] height=1939 chain_height=1881 reason=future_height
Validator heartbeat: A | reported_height=1938 | finalized_height=1938 | local_exec_epoch=1939
Validator heartbeat: A | reported_height=1938 | finalized_height=1938 | local_exec_epoch=1939
[REGISTRY-PENDING] height=1936 chain_height=1881 reason=future_parent
2026/05/18 00:50:46 [REGISTRY-HISTORY-REBUILD] height=1936 status=scheduled reason=registry_snapshot_missing
2026/05/18 00:50:46 [REGISTRY-PENDING] height=1936 chain_tip=1881 reason=future_block
[SET-PENDING] height=1937 chain_height=1881 reason=future_height
2026/05/18 00:50:46 [REGISTRY-PENDING] height=1935 chain_tip=1881 reason=future_block
[REGISTRY-PENDING] height=1935 chain_height=1881 reason=future_parent
[SET-PENDING] height=1936 chain_height=1881 reason=future_height
2026/05/18 00:50:46 [REGISTRY-PENDING] height=1937 chain_tip=1881 reason=future_block
Validator heartbeat received: A | reported_height=1938 | finalized_height=1938 | local_exec_epoch=1939
[REGISTRY-PENDING] height=1937 chain_height=1881 reason=future_parent
[SET-PENDING] height=1938 chain_height=1881 reason=future_height
Validator heartbeat received: A | reported_height=1938 | finalized_height=1938 | local_exec_epoch=1939
Validator heartbeat: C | reported_height=1938 | finalized_height=1938 | local_exec_epoch=1939
Validator heartbeat: C | reported_height=1938 | finalized_height=1938 | local_exec_epoch=1939
Validator heartbeat received: C | reported_height=1938 | finalized_height=1938 | local_exec_epoch=1939
[SNAPSHOT-PUBLISH] deferred height=1881 reason=auto_publish_interval_10
Validator heartbeat: C | reported_height=1938 | finalized_height=1938 | local_exec_epoch=1939
Validator heartbeat received: C | reported_height=1938 | finalized_height=1938 | local_exec_epoch=1939
Validator heartbeat: C | reported_height=1938 | finalized_height=1938 | local_exec_epoch=1939
Validator heartbeat received: C | reported_height=1938 | finalized_height=1938 | local_exec_epoch=1939
Validator heartbeat received: C | reported_height=1938 | finalized_height=1938 | local_exec_epoch=1939
Validator heartbeat: B | reported_height=1938 | finalized_height=1938 | local_exec_epoch=1939
Validator heartbeat: B | reported_height=1938 | finalized_height=1938 | local_exec_epoch=1939
Validator heartbeat received: B | reported_height=1938 | finalized_height=1938 | local_exec_epoch=1939
Validator heartbeat: B | reported_height=1938 | finalized_height=1938 | local_exec_epoch=1939
Validator heartbeat received: B | reported_height=1938 | finalized_height=1938 | local_exec_epoch=1939
Validator heartbeat: B | reported_height=1938 | finalized_height=1938 | local_exec_epoch=1939
Validator heartbeat received: B | reported_height=1938 | finalized_height=1938 | local_exec_epoch=1939
2026/05/18 00:50:50 [REGISTRY-PENDING] height=1938 chain_tip=1881 reason=future_block
[REGISTRY-PENDING] height=1938 chain_height=1881 reason=future_parent
[SET-PENDING] height=1939 chain_height=1881 reason=future_height
Validator heartbeat received: B | reported_height=1938 | finalized_height=1938 | local_exec_epoch=1939
2026/05/18 00:50:51 [OK] goroutine pressure normalized: 240 (degrade mode off)
Candidate heartbeat received: D | reported_height=1881 | finalized_height=1880 | local_exec_epoch=1882
Candidate heartbeat received: D | reported_height=1881 | finalized_height=1880 | local_exec_epoch=1882
2026/05/18 00:50:53 [REGISTRY-PENDING] height=1937 chain_tip=1881 reason=future_block
[REGISTRY-PENDING] height=1937 chain_height=1881 reason=future_parent
2026/05/18 00:50:53 [REGISTRY-HISTORY-REBUILD] height=1937 status=scheduled reason=registry_snapshot_missing
[SET-PENDING] height=1938 chain_height=1881 reason=future_height
2026/05/18 00:50:53 [REGISTRY-HISTORY-REBUILD] height=1937 status=started reason=registry_snapshot_missing
2026/05/18 00:50:53 [REGISTRY-HISTORY-REBUILD] height=1937 status=failed reason=registry_snapshot_missing
2026/05/18 00:50:53 [REGISTRY-PENDING] height=1936 chain_tip=1881 reason=future_block
[REGISTRY-PENDING] height=1936 chain_height=1881 reason=future_parent
[SET-PENDING] height=1937 chain_height=1881 reason=future_height
Ã°Å¸â€œÂ¨ Consensus message from 12D3KooWHdmUKc1bYKY3scg6TqGhK3SutwH9hu1aAez4VmvwkEyk: leader_block (size: 1170 bytes)
Ã°Å¸â€œÂ¦ Leader block received from 12D3KooWHdmUKc1bYKY3scg6TqGhK3SutwH9hu1aAez4VmvwkEyk | height=1939 proposer=B
Ã°Å¸â€Å’ Consensus stream EOF from 12D3KooWHdmUKc1bYKY3scg6TqGhK3SutwH9hu1aAez4VmvwkEyk
Ã°Å¸â€Å’ Consensus stream closed with 12D3KooWHdmUKc1bYKY3scg6TqGhK3SutwH9hu1aAez4VmvwkEyk
Ã°Å¸â€œÂ¨ Consensus message from 12D3KooWHdmUKc1bYKY3scg6TqGhK3SutwH9hu1aAez4VmvwkEyk: execution_result (size: 374 bytes)
Ã°Å¸â€Å’ Consensus stream EOF from 12D3KooWHdmUKc1bYKY3scg6TqGhK3SutwH9hu1aAez4VmvwkEyk
Ã°Å¸â€Å’ Consensus stream closed with 12D3KooWHdmUKc1bYKY3scg6TqGhK3SutwH9hu1aAez4VmvwkEyk
Ã°Å¸â€œÂ¨ Consensus message from 12D3KooWPVKESWFG9sS8G6vjhfPn54kWuNFkkuHwG4yQXhYRcXjX: execution_result (size: 374 bytes)
Ã°Å¸â€Å’ Consensus stream EOF from 12D3KooWPVKESWFG9sS8G6vjhfPn54kWuNFkkuHwG4yQXhYRcXjX
Ã°Å¸â€Å’ Consensus stream closed with 12D3KooWPVKESWFG9sS8G6vjhfPn54kWuNFkkuHwG4yQXhYRcXjX
Ã°Å¸â€œÂ¨ Consensus message from 12D3KooWD9ed8zJXbW8uUU6XHD2UYrsQQEvnuXReJWFeo52dvdf8: execution_result (size: 374 bytes)
Ã°Å¸â€Å’ Consensus stream EOF from 12D3KooWD9ed8zJXbW8uUU6XHD2UYrsQQEvnuXReJWFeo52dvdf8
Ã°Å¸â€Å’ Consensus stream closed with 12D3KooWD9ed8zJXbW8uUU6XHD2UYrsQQEvnuXReJWFeo52dvdf8
2026/05/18 00:50:55 [REGISTRY-PENDING] height=1939 chain_tip=1881 reason=future_block
[REGISTRY-PENDING] height=1939 chain_height=1881 reason=future_parent
[SET-PENDING] height=1940 chain_height=1881 reason=future_height
Validator heartbeat: B | reported_height=1939 | finalized_height=1939 | local_exec_epoch=1940
2026/05/18 00:50:55 [REGISTRY-PENDING] height=1938 chain_tip=1881 reason=future_block
[REGISTRY-PENDING] height=1938 chain_height=1881 reason=future_parent
[SET-PENDING] height=1939 chain_height=1881 reason=future_height
Validator heartbeat: B | reported_height=1939 | finalized_height=1939 | local_exec_epoch=1940
Validator heartbeat received: B | reported_height=1939 | finalized_height=1939 | local_exec_epoch=1940
[SNAPSHOT-PUBLISH] deferred height=1881 reason=auto_publish_interval_10
Validator heartbeat: C | reported_height=1939 | finalized_height=1939 | local_exec_epoch=1940
Validator heartbeat received: B | reported_height=1939 | finalized_height=1939 | local_exec_epoch=1940
Validator heartbeat: C | reported_height=1939 | finalized_height=1939 | local_exec_epoch=1940
Dial fanout full (16); skipping this dial batch item
Ã°Å¸â€â€” PubSub mesh check against 9 peers
Validator heartbeat received: C | reported_height=1939 | finalized_height=1939 | local_exec_epoch=1940
Ã°Å¸â€œÂ¨ Consensus message from 12D3KooWHdmUKc1bYKY3scg6TqGhK3SutwH9hu1aAez4VmvwkEyk: leader_block (size: 1170 bytes)
Ã°Å¸â€œÂ¦ Leader block received from 12D3KooWHdmUKc1bYKY3scg6TqGhK3SutwH9hu1aAez4VmvwkEyk | height=1940 proposer=B
Ã°Å¸â€Å’ Consensus stream EOF from 12D3KooWHdmUKc1bYKY3scg6TqGhK3SutwH9hu1aAez4VmvwkEyk
Ã°Å¸â€Å’ Consensus stream closed with 12D3KooWHdmUKc1bYKY3scg6TqGhK3SutwH9hu1aAez4VmvwkEyk
Ã°Å¸â€œÂ¨ Consensus message from 12D3KooWHdmUKc1bYKY3scg6TqGhK3SutwH9hu1aAez4VmvwkEyk: execution_result (size: 359 bytes)
Ã°Å¸â€Å’ Consensus stream EOF from 12D3KooWHdmUKc1bYKY3scg6TqGhK3SutwH9hu1aAez4VmvwkEyk
Ã°Å¸â€Å’ Consensus stream closed with 12D3KooWHdmUKc1bYKY3scg6TqGhK3SutwH9hu1aAez4VmvwkEyk
Validator heartbeat: A | reported_height=1939 | finalized_height=1939 | local_exec_epoch=1940
Validator heartbeat received: C | reported_height=1939 | finalized_height=1939 | local_exec_epoch=1940
Ã°Å¸â€œÂ¨ Consensus message from 12D3KooWD9ed8zJXbW8uUU6XHD2UYrsQQEvnuXReJWFeo52dvdf8: execution_result (size: 359 bytes)
Ã°Å¸â€Å’ Consensus stream EOF from 12D3KooWD9ed8zJXbW8uUU6XHD2UYrsQQEvnuXReJWFeo52dvdf8
Ã°Å¸â€Å’ Consensus stream closed with 12D3KooWD9ed8zJXbW8uUU6XHD2UYrsQQEvnuXReJWFeo52dvdf8
Validator heartbeat: A | reported_height=1939 | finalized_height=1939 | local_exec_epoch=1940
Ã°Å¸â€œÂ¨ Consensus message from 12D3KooWHdmUKc1bYKY3scg6TqGhK3SutwH9hu1aAez4VmvwkEyk: leader_block (size: 1170 bytes)
Ã°Å¸â€œÂ¦ Leader block received from 12D3KooWHdmUKc1bYKY3scg6TqGhK3SutwH9hu1aAez4VmvwkEyk | height=1940 proposer=B
Ã°Å¸â€Å’ Consensus stream EOF from 12D3KooWHdmUKc1bYKY3scg6TqGhK3SutwH9hu1aAez4VmvwkEyk
Ã°Å¸â€Å’ Consensus stream closed with 12D3KooWHdmUKc1bYKY3scg6TqGhK3SutwH9hu1aAez4VmvwkEyk
Validator heartbeat received: A | reported_height=1939 | finalized_height=1939 | local_exec_epoch=1940
Validator heartbeat received: A | reported_height=1939 | finalized_height=1939 | local_exec_epoch=1940
Ã°Å¸â€œÂ¨ Consensus message from 12D3KooWPVKESWFG9sS8G6vjhfPn54kWuNFkkuHwG4yQXhYRcXjX: execution_result (size: 359 bytes)
Ã°Å¸â€Å’ Consensus stream EOF from 12D3KooWPVKESWFG9sS8G6vjhfPn54kWuNFkkuHwG4yQXhYRcXjX
Ã°Å¸â€Å’ Consensus stream closed with 12D3KooWPVKESWFG9sS8G6vjhfPn54kWuNFkkuHwG4yQXhYRcXjX
2026/05/18 00:50:59 [REGISTRY-HISTORY-REBUILD] height=1938 status=scheduled reason=registry_snapshot_missing
2026/05/18 00:50:59 [REGISTRY-PENDING] height=1937 chain_tip=1881 reason=future_block
2026/05/18 00:50:59 [REGISTRY-HISTORY-REBUILD] height=1938 status=started reason=registry_snapshot_missing
2026/05/18 00:50:59 [REGISTRY-HISTORY-REBUILD] height=1938 status=failed reason=registry_snapshot_missing
[REGISTRY-PENDING] height=1937 chain_height=1881 reason=future_parent
[SET-PENDING] height=1938 chain_height=1881 reason=future_height
2026/05/18 00:50:59 [REGISTRY-PENDING] height=1940 chain_tip=1881 reason=future_block
[SNAPSHOT-PROOF] height=1940 checkpoint=1920 validator=G votes=1 hash=daea08f9
[REGISTRY-PENDING] height=1940 chain_height=1881 reason=future_parent
[SET-PENDING] height=1941 chain_height=1881 reason=future_height
Validator heartbeat: C | reported_height=1940 | finalized_height=1939 | local_exec_epoch=1941
Validator heartbeat: C | reported_height=1940 | finalized_height=1939 | local_exec_epoch=1941
[SNAPSHOT-PROOF] height=1940 checkpoint=1920 validator=B votes=2 hash=daea08f9
2026/05/18 00:51:00 [REGISTRY-PENDING] height=1939 chain_tip=1881 reason=future_block
[REGISTRY-PENDING] height=1939 chain_height=1881 reason=future_parent
[SET-PENDING] height=1940 chain_height=1881 reason=future_height
[SNAPSHOT-PROOF] height=1940 checkpoint=1920 validator=C votes=3 hash=daea08f9
2026/05/18 00:51:00 [REGISTRY-PENDING] height=1938 chain_tip=1881 reason=future_block
[REGISTRY-PENDING] height=1938 chain_height=1881 reason=future_parent
[SET-PENDING] height=1939 chain_height=1881 reason=future_height
Ã°Å¸â€œÂ¨ Consensus message from 12D3KooWD9ed8zJXbW8uUU6XHD2UYrsQQEvnuXReJWFeo52dvdf8: leader_block (size: 1170 bytes)
Ã°Å¸â€œÂ¦ Leader block received from 12D3KooWD9ed8zJXbW8uUU6XHD2UYrsQQEvnuXReJWFeo52dvdf8 | height=1941 proposer=C
Ã°Å¸â€Å’ Consensus stream EOF from 12D3KooWD9ed8zJXbW8uUU6XHD2UYrsQQEvnuXReJWFeo52dvdf8
Ã°Å¸â€Å’ Consensus stream closed with 12D3KooWD9ed8zJXbW8uUU6XHD2UYrsQQEvnuXReJWFeo52dvdf8
Ã°Å¸â€œÂ¨ Consensus message from 12D3KooWD9ed8zJXbW8uUU6XHD2UYrsQQEvnuXReJWFeo52dvdf8: execution_result (size: 359 bytes)
Ã°Å¸â€Å’ Consensus stream EOF from 12D3KooWD9ed8zJXbW8uUU6XHD2UYrsQQEvnuXReJWFeo52dvdf8
Ã°Å¸â€Å’ Consensus stream closed with 12D3KooWD9ed8zJXbW8uUU6XHD2UYrsQQEvnuXReJWFeo52dvdf8
Validator heartbeat received: C | reported_height=1940 | finalized_height=1939 | local_exec_epoch=1941
Ã°Å¸â€œÂ¨ Consensus message from 12D3KooWHdmUKc1bYKY3scg6TqGhK3SutwH9hu1aAez4VmvwkEyk: execution_result (size: 359 bytes)
Ã°Å¸â€Å’ Consensus stream EOF from 12D3KooWHdmUKc1bYKY3scg6TqGhK3SutwH9hu1aAez4VmvwkEyk
Ã°Å¸â€Å’ Consensus stream closed with 12D3KooWHdmUKc1bYKY3scg6TqGhK3SutwH9hu1aAez4VmvwkEyk
Validator heartbeat: C | reported_height=1940 | finalized_height=1940 | local_exec_epoch=1941
Validator heartbeat received: C | reported_height=1940 | finalized_height=1939 | local_exec_epoch=1941
Validator heartbeat: C | reported_height=1940 | finalized_height=1940 | local_exec_epoch=1941
Validator heartbeat received: C | reported_height=1940 | finalized_height=1940 | local_exec_epoch=1941
[SNAPSHOT-PROOF] height=1940 checkpoint=1920 validator=A votes=4 hash=daea08f9
Ã°Å¸â€œÂ¨ Consensus message from 12D3KooWD9ed8zJXbW8uUU6XHD2UYrsQQEvnuXReJWFeo52dvdf8: leader_block (size: 1170 bytes)
Ã°Å¸â€œÂ¦ Leader block received from 12D3KooWD9ed8zJXbW8uUU6XHD2UYrsQQEvnuXReJWFeo52dvdf8 | height=1941 proposer=C
Ã°Å¸â€Å’ Consensus stream EOF from 12D3KooWD9ed8zJXbW8uUU6XHD2UYrsQQEvnuXReJWFeo52dvdf8
Ã°Å¸â€Å’ Consensus stream closed with 12D3KooWD9ed8zJXbW8uUU6XHD2UYrsQQEvnuXReJWFeo52dvdf8
Validator heartbeat: B | reported_height=1940 | finalized_height=1940 | local_exec_epoch=1941
Validator heartbeat received: C | reported_height=1940 | finalized_height=1940 | local_exec_epoch=1941
[SNAPSHOT-PUBLISH] deferred height=1881 reason=auto_publish_interval_10
Ã°Å¸â€œÂ¨ Consensus message from 12D3KooWPVKESWFG9sS8G6vjhfPn54kWuNFkkuHwG4yQXhYRcXjX: execution_result (size: 359 bytes)
Ã°Å¸â€Å’ Consensus stream EOF from 12D3KooWPVKESWFG9sS8G6vjhfPn54kWuNFkkuHwG4yQXhYRcXjX
Ã°Å¸â€Å’ Consensus stream closed with 12D3KooWPVKESWFG9sS8G6vjhfPn54kWuNFkkuHwG4yQXhYRcXjX
Validator heartbeat: B | reported_height=1940 | finalized_height=1940 | local_exec_epoch=1941
2026/05/18 00:51:01 [OK] goroutine pressure normalized: 241 (degrade mode off)
Attempting to connect to 9 peers
Validator heartbeat received: B | reported_height=1940 | finalized_height=1940 | local_exec_epoch=1941
Validator heartbeat: A | reported_height=1940 | finalized_height=1940 | local_exec_epoch=1941
Validator heartbeat received: B | reported_height=1940 | finalized_height=1940 | local_exec_epoch=1941
Validator heartbeat: A | reported_height=1940 | finalized_height=1940 | local_exec_epoch=1941
Validator heartbeat received: A | reported_height=1940 | finalized_height=1940 | local_exec_epoch=1941
Validator heartbeat: A | reported_height=1940 | finalized_height=1940 | local_exec_epoch=1941
Validator heartbeat received: A | reported_height=1940 | finalized_height=1940 | local_exec_epoch=1941
Validator heartbeat: A | reported_height=1940 | finalized_height=1940 | local_exec_epoch=1941
Validator heartbeat received: A | reported_height=1940 | finalized_height=1940 | local_exec_epoch=1941
2026/05/18 00:51:04 [REGISTRY-PENDING] height=1941 chain_tip=1881 reason=future_block
[REGISTRY-PENDING] height=1941 chain_height=1881 reason=future_parent
[SET-PENDING] height=1942 chain_height=1881 reason=future_height
Validator heartbeat: C | reported_height=1941 | finalized_height=1941 | local_exec_epoch=1942
Validator heartbeat received: A | reported_height=1940 | finalized_height=1940 | local_exec_epoch=1941
Ã°Å¸â€œÂ¨ Consensus message from 12D3KooWPVKESWFG9sS8G6vjhfPn54kWuNFkkuHwG4yQXhYRcXjX: leader_block (size: 1170 bytes)
Ã°Å¸â€œÂ¦ Leader block received from 12D3KooWPVKESWFG9sS8G6vjhfPn54kWuNFkkuHwG4yQXhYRcXjX | height=1942 proposer=A
Ã°Å¸â€Å’ Consensus stream EOF from 12D3KooWPVKESWFG9sS8G6vjhfPn54kWuNFkkuHwG4yQXhYRcXjX
Ã°Å¸â€Å’ Consensus stream closed with 12D3KooWPVKESWFG9sS8G6vjhfPn54kWuNFkkuHwG4yQXhYRcXjX
Validator heartbeat: C | reported_height=1941 | finalized_height=1941 | local_exec_epoch=1942
2026/05/18 00:51:04 [REGISTRY-HISTORY-REBUILD] height=1939 status=scheduled reason=registry_snapshot_missing
2026/05/18 00:51:04 [REGISTRY-HISTORY-REBUILD] height=1939 status=started reason=registry_snapshot_missing
2026/05/18 00:51:04 [REGISTRY-HISTORY-REBUILD] height=1939 status=failed reason=registry_snapshot_missing
Ã°Å¸â€œÂ¨ Consensus message from 12D3KooWPVKESWFG9sS8G6vjhfPn54kWuNFkkuHwG4yQXhYRcXjX: execution_result (size: 359 bytes)
Ã°Å¸â€Å’ Consensus stream EOF from 12D3KooWPVKESWFG9sS8G6vjhfPn54kWuNFkkuHwG4yQXhYRcXjX
Ã°Å¸â€Å’ Consensus stream closed with 12D3KooWPVKESWFG9sS8G6vjhfPn54kWuNFkkuHwG4yQXhYRcXjX
2026/05/18 00:51:04 [REGISTRY-PENDING] height=1940 chain_tip=1881 reason=future_block
[REGISTRY-PENDING] height=1940 chain_height=1881 reason=future_parent
[SET-PENDING] height=1941 chain_height=1881 reason=future_height
Ã°Å¸â€œÂ¨ Consensus message from 12D3KooWHdmUKc1bYKY3scg6TqGhK3SutwH9hu1aAez4VmvwkEyk: execution_result (size: 359 bytes)
Ã°Å¸â€Å’ Consensus stream EOF from 12D3KooWHdmUKc1bYKY3scg6TqGhK3SutwH9hu1aAez4VmvwkEyk
Ã°Å¸â€Å’ Consensus stream closed with 12D3KooWHdmUKc1bYKY3scg6TqGhK3SutwH9hu1aAez4VmvwkEyk
Ã°Å¸â€œÂ¨ Consensus message from 12D3KooWD9ed8zJXbW8uUU6XHD2UYrsQQEvnuXReJWFeo52dvdf8: execution_result (size: 359 bytes)
Ã°Å¸â€Å’ Consensus stream EOF from 12D3KooWD9ed8zJXbW8uUU6XHD2UYrsQQEvnuXReJWFeo52dvdf8
Ã°Å¸â€Å’ Consensus stream closed with 12D3KooWD9ed8zJXbW8uUU6XHD2UYrsQQEvnuXReJWFeo52dvdf8
Validator heartbeat received: C | reported_height=1941 | finalized_height=1941 | local_exec_epoch=1942
[REGISTRY-PENDING] height=1939 chain_height=1881 reason=future_parent
[SET-PENDING] height=1940 chain_height=1881 reason=future_height
Validator heartbeat: B | reported_height=1941 | finalized_height=1941 | local_exec_epoch=1942
Validator heartbeat received: C | reported_height=1941 | finalized_height=1941 | local_exec_epoch=1942
2026/05/18 00:51:05 [REGISTRY-PENDING] height=1939 chain_tip=1881 reason=future_block
2026/05/18 00:51:05 [REGISTRY-PENDING] height=1938 chain_tip=1881 reason=future_block
[REGISTRY-PENDING] height=1938 chain_height=1881 reason=future_parent
[SET-PENDING] height=1939 chain_height=1881 reason=future_height
Validator heartbeat: B | reported_height=1941 | finalized_height=1941 | local_exec_epoch=1942
Ã°Å¸â€œÂ¨ Consensus message from 12D3KooWPVKESWFG9sS8G6vjhfPn54kWuNFkkuHwG4yQXhYRcXjX: leader_block (size: 1170 bytes)
Ã°Å¸â€œÂ¦ Leader block received from 12D3KooWPVKESWFG9sS8G6vjhfPn54kWuNFkkuHwG4yQXhYRcXjX | height=1942 proposer=A
Ã°Å¸â€Å’ Consensus stream EOF from 12D3KooWPVKESWFG9sS8G6vjhfPn54kWuNFkkuHwG4yQXhYRcXjX
Ã°Å¸â€Å’ Consensus stream closed with 12D3KooWPVKESWFG9sS8G6vjhfPn54kWuNFkkuHwG4yQXhYRcXjX
Validator heartbeat received: B | reported_height=1941 | finalized_height=1941 | local_exec_epoch=1942
Validator heartbeat: A | reported_height=1941 | finalized_height=1941 | local_exec_epoch=1942
Validator heartbeat received: B | reported_height=1941 | finalized_height=1941 | local_exec_epoch=1942
Validator heartbeat: A | reported_height=1941 | finalized_height=1941 | local_exec_epoch=1942
Dial fanout full (16); skipping this dial batch item
Validator heartbeat received: A | reported_height=1941 | finalized_height=1941 | local_exec_epoch=1942
[SNAPSHOT-PUBLISH] deferred height=1881 reason=auto_publish_interval_10
Candidate heartbeat received: D | reported_height=1881 | finalized_height=1880 | local_exec_epoch=1882
2026/05/18 00:51:07 [REGISTRY-PENDING] height=1942 chain_tip=1881 reason=future_block
[REGISTRY-PENDING] height=1942 chain_height=1881 reason=future_parent
[SET-PENDING] height=1943 chain_height=1881 reason=future_height
Validator heartbeat: C | reported_height=1942 | finalized_height=1942 | local_exec_epoch=1943
Validator heartbeat received: A | reported_height=1941 | finalized_height=1941 | local_exec_epoch=1942
Candidate heartbeat received: D | reported_height=1881 | finalized_height=1880 | local_exec_epoch=1882
Validator heartbeat: C | reported_height=1942 | finalized_height=1942 | local_exec_epoch=1943
Validator heartbeat received: C | reported_height=1942 | finalized_height=1942 | local_exec_epoch=1943
Validator heartbeat: B | reported_height=1942 | finalized_height=1942 | local_exec_epoch=1943
Validator heartbeat received: C | reported_height=1942 | finalized_height=1942 | local_exec_epoch=1943
Validator heartbeat: B | reported_height=1942 | finalized_height=1942 | local_exec_epoch=1943
2026/05/18 00:51:09 [REGISTRY-PENDING] height=1941 chain_tip=1881 reason=future_block
[REGISTRY-PENDING] height=1941 chain_height=1881 reason=future_parent
[SET-PENDING] height=1942 chain_height=1881 reason=future_height
Ã°Å¸â€œÂ¨ Consensus message from 12D3KooWHdmUKc1bYKY3scg6TqGhK3SutwH9hu1aAez4VmvwkEyk: leader_block (size: 1170 bytes)
Ã°Å¸â€œÂ¦ Leader block received from 12D3KooWHdmUKc1bYKY3scg6TqGhK3SutwH9hu1aAez4VmvwkEyk | height=1943 proposer=B
Ã°Å¸â€Å’ Consensus stream EOF from 12D3KooWHdmUKc1bYKY3scg6TqGhK3SutwH9hu1aAez4VmvwkEyk
Ã°Å¸â€Å’ Consensus stream closed with 12D3KooWHdmUKc1bYKY3scg6TqGhK3SutwH9hu1aAez4VmvwkEyk
Ã°Å¸â€œÂ¨ Consensus message from 12D3KooWHdmUKc1bYKY3scg6TqGhK3SutwH9hu1aAez4VmvwkEyk: execution_result (size: 359 bytes)
Ã°Å¸â€Å’ Consensus stream EOF from 12D3KooWHdmUKc1bYKY3scg6TqGhK3SutwH9hu1aAez4VmvwkEyk
Ã°Å¸â€Å’ Consensus stream closed with 12D3KooWHdmUKc1bYKY3scg6TqGhK3SutwH9hu1aAez4VmvwkEyk
Ã°Å¸â€œÂ¨ Consensus message from 12D3KooWD9ed8zJXbW8uUU6XHD2UYrsQQEvnuXReJWFeo52dvdf8: execution_result (size: 359 bytes)
Ã°Å¸â€Å’ Consensus stream EOF from 12D3KooWD9ed8zJXbW8uUU6XHD2UYrsQQEvnuXReJWFeo52dvdf8
Ã°Å¸â€Å’ Consensus stream closed with 12D3KooWD9ed8zJXbW8uUU6XHD2UYrsQQEvnuXReJWFeo52dvdf8
Ã°Å¸â€œÂ¨ Consensus message from 12D3KooWHdmUKc1bYKY3scg6TqGhK3SutwH9hu1aAez4VmvwkEyk: leader_block (size: 1170 bytes)
Ã°Å¸â€œÂ¦ Leader block received from 12D3KooWHdmUKc1bYKY3scg6TqGhK3SutwH9hu1aAez4VmvwkEyk | height=1943 proposer=B
Ã°Å¸â€Å’ Consensus stream EOF from 12D3KooWHdmUKc1bYKY3scg6TqGhK3SutwH9hu1aAez4VmvwkEyk
Ã°Å¸â€Å’ Consensus stream closed with 12D3KooWHdmUKc1bYKY3scg6TqGhK3SutwH9hu1aAez4VmvwkEyk
Validator heartbeat received: B | reported_height=1942 | finalized_height=1942 | local_exec_epoch=1943
2026/05/18 00:51:09 [REGISTRY-HISTORY-REBUILD] height=1942 status=scheduled reason=registry_snapshot_missing
2026/05/18 00:51:09 [REGISTRY-HISTORY-REBUILD] height=1942 status=started reason=registry_snapshot_missing
2026/05/18 00:51:09 [REGISTRY-HISTORY-REBUILD] height=1942 status=failed reason=registry_snapshot_missing
Validator heartbeat: A | reported_height=1942 | finalized_height=1942 | local_exec_epoch=1943
Validator heartbeat received: B | reported_height=1942 | finalized_height=1942 | local_exec_epoch=1943
2026/05/18 00:51:09 [REGISTRY-PENDING] height=1940 chain_tip=1881 reason=future_block
[REGISTRY-PENDING] height=1940 chain_height=1881 reason=future_parent
Validator heartbeat: A | reported_height=1942 | finalized_height=1942 | local_exec_epoch=1943
[SET-PENDING] height=1941 chain_height=1881 reason=future_height
Validator heartbeat received: A | reported_height=1942 | finalized_height=1942 | local_exec_epoch=1943
Validator heartbeat: A | reported_height=1942 | finalized_height=1942 | local_exec_epoch=1943
Validator heartbeat received: A | reported_height=1942 | finalized_height=1942 | local_exec_epoch=1943
Validator heartbeat: A | reported_height=1942 | finalized_height=1942 | local_exec_epoch=1943
Validator heartbeat received: A | reported_height=1942 | finalized_height=1942 | local_exec_epoch=1943
Validator heartbeat received: A | reported_height=1942 | finalized_height=1942 | local_exec_epoch=1943
Ã°Å¸â€œÂ¨ Consensus message from 12D3KooWPVKESWFG9sS8G6vjhfPn54kWuNFkkuHwG4yQXhYRcXjX: execution_result (size: 359 bytes)
Ã°Å¸â€Å’ Consensus stream EOF from 12D3KooWPVKESWFG9sS8G6vjhfPn54kWuNFkkuHwG4yQXhYRcXjX
Ã°Å¸â€Å’ Consensus stream closed with 12D3KooWPVKESWFG9sS8G6vjhfPn54kWuNFkkuHwG4yQXhYRcXjX
2026/05/18 00:51:10 [REGISTRY-PENDING] height=1943 chain_tip=1881 reason=future_block
[REGISTRY-PENDING] height=1943 chain_height=1881 reason=future_parent
[SET-PENDING] height=1944 chain_height=1881 reason=future_height
Validator heartbeat: C | reported_height=1943 | finalized_height=1942 | local_exec_epoch=1944
Validator heartbeat: C | reported_height=1943 | finalized_height=1942 | local_exec_epoch=1944
Validator heartbeat received: C | reported_height=1943 | finalized_height=1942 | local_exec_epoch=1944
2026/05/18 00:51:11 [OK] goroutine pressure normalized: 241 (degrade mode off)
Validator heartbeat: C | reported_height=1943 | finalized_height=1943 | local_exec_epoch=1944
Validator heartbeat received: C | reported_height=1943 | finalized_height=1942 | local_exec_epoch=1944
Validator heartbeat: C | reported_height=1943 | finalized_height=1943 | local_exec_epoch=1944
Ã°Å¸â€œÂ¨ Consensus message from 12D3KooWD9ed8zJXbW8uUU6XHD2UYrsQQEvnuXReJWFeo52dvdf8: leader_block (size: 1170 bytes)
Ã°Å¸â€œÂ¦ Leader block received from 12D3KooWD9ed8zJXbW8uUU6XHD2UYrsQQEvnuXReJWFeo52dvdf8 | height=1944 proposer=C
Ã°Å¸â€Å’ Consensus stream EOF from 12D3KooWD9ed8zJXbW8uUU6XHD2UYrsQQEvnuXReJWFeo52dvdf8
Ã°Å¸â€Å’ Consensus stream closed with 12D3KooWD9ed8zJXbW8uUU6XHD2UYrsQQEvnuXReJWFeo52dvdf8
Ã°Å¸â€œÂ¨ Consensus message from 12D3KooWD9ed8zJXbW8uUU6XHD2UYrsQQEvnuXReJWFeo52dvdf8: execution_result (size: 359 bytes)
Ã°Å¸â€Å’ Consensus stream EOF from 12D3KooWD9ed8zJXbW8uUU6XHD2UYrsQQEvnuXReJWFeo52dvdf8
Ã°Å¸â€Å’ Consensus stream closed with 12D3KooWD9ed8zJXbW8uUU6XHD2UYrsQQEvnuXReJWFeo52dvdf8
2026/05/18 00:51:12 [REGISTRY-PENDING] height=1942 chain_tip=1881 reason=future_block
[REGISTRY-PENDING] height=1942 chain_height=1881 reason=future_parent
[SET-PENDING] height=1943 chain_height=1881 reason=future_height
Validator heartbeat received: C | reported_height=1943 | finalized_height=1943 | local_exec_epoch=1944
[SNAPSHOT-PUBLISH] deferred height=1881 reason=auto_publish_interval_10
Validator heartbeat: B | reported_height=1943 | finalized_height=1943 | local_exec_epoch=1944
Validator heartbeat received: C | reported_height=1943 | finalized_height=1943 | local_exec_epoch=1944
Ã°Å¸â€œÂ¨ Consensus message from 12D3KooWD9ed8zJXbW8uUU6XHD2UYrsQQEvnuXReJWFeo52dvdf8: leader_block (size: 1170 bytes)
Ã°Å¸â€œÂ¦ Leader block received from 12D3KooWD9ed8zJXbW8uUU6XHD2UYrsQQEvnuXReJWFeo52dvdf8 | height=1944 proposer=C
Ã°Å¸â€Å’ Consensus stream EOF from 12D3KooWD9ed8zJXbW8uUU6XHD2UYrsQQEvnuXReJWFeo52dvdf8
Ã°Å¸â€Å’ Consensus stream closed with 12D3KooWD9ed8zJXbW8uUU6XHD2UYrsQQEvnuXReJWFeo52dvdf8
Validator heartbeat: B | reported_height=1943 | finalized_height=1943 | local_exec_epoch=1944
Ã°Å¸â€œÂ¨ Consensus message from 12D3KooWHdmUKc1bYKY3scg6TqGhK3SutwH9hu1aAez4VmvwkEyk: execution_result (size: 359 bytes)
Ã°Å¸â€Å’ Consensus stream EOF from 12D3KooWHdmUKc1bYKY3scg6TqGhK3SutwH9hu1aAez4VmvwkEyk
Ã°Å¸â€Å’ Consensus stream closed with 12D3KooWHdmUKc1bYKY3scg6TqGhK3SutwH9hu1aAez4VmvwkEyk
Validator heartbeat received: B | reported_height=1943 | finalized_height=1943 | local_exec_epoch=1944
Validator heartbeat: A | reported_height=1943 | finalized_height=1943 | local_exec_epoch=1944
Validator heartbeat received: B | reported_height=1943 | finalized_height=1943 | local_exec_epoch=1944
[REGISTRY-PENDING] height=1941 chain_height=1881 reason=future_parent
[SET-PENDING] height=1942 chain_height=1881 reason=future_height
2026/05/18 00:51:14 [REGISTRY-PENDING] height=1941 chain_tip=1881 reason=future_block
Validator heartbeat: A | reported_height=1943 | finalized_height=1943 | local_exec_epoch=1944
Validator heartbeat received: A | reported_height=1943 | finalized_height=1943 | local_exec_epoch=1944
2026/05/18 00:51:14 [REGISTRY-HISTORY-REBUILD] height=1941 status=scheduled reason=registry_snapshot_missing
2026/05/18 00:51:14 [REGISTRY-HISTORY-REBUILD] height=1941 status=started reason=registry_snapshot_missing
2026/05/18 00:51:14 [REGISTRY-HISTORY-REBUILD] height=1941 status=failed reason=registry_snapshot_missing
Validator heartbeat received: A | reported_height=1943 | finalized_height=1943 | local_exec_epoch=1944
Ã°Å¸â€œÂ¨ Consensus message from 12D3KooWPVKESWFG9sS8G6vjhfPn54kWuNFkkuHwG4yQXhYRcXjX: execution_result (size: 359 bytes)
Ã°Å¸â€Å’ Consensus stream EOF from 12D3KooWPVKESWFG9sS8G6vjhfPn54kWuNFkkuHwG4yQXhYRcXjX
Ã°Å¸â€Å’ Consensus stream closed with 12D3KooWPVKESWFG9sS8G6vjhfPn54kWuNFkkuHwG4yQXhYRcXjX
2026/05/18 00:51:14 [REGISTRY-PENDING] height=1944 chain_tip=1881 reason=future_block
[REGISTRY-PENDING] height=1944 chain_height=1881 reason=future_parent
[SET-PENDING] height=1945 chain_height=1881 reason=future_height
Validator heartbeat: B | reported_height=1944 | finalized_height=1944 | local_exec_epoch=1945
Validator heartbeat: B | reported_height=1944 | finalized_height=1944 | local_exec_epoch=1945
2026/05/18 00:51:15 [REGISTRY-PENDING] height=1943 chain_tip=1881 reason=future_block
[REGISTRY-PENDING] height=1943 chain_height=1881 reason=future_parent
[SET-PENDING] height=1944 chain_height=1881 reason=future_height
Validator heartbeat received: B | reported_height=1944 | finalized_height=1944 | local_exec_epoch=1945
Validator heartbeat received: B | reported_height=1944 | finalized_height=1944 | local_exec_epoch=1945
Validator heartbeat: C | reported_height=1944 | finalized_height=1944 | local_exec_epoch=1945
Ã°Å¸â€œÂ¨ Consensus message from 12D3KooWHdmUKc1bYKY3scg6TqGhK3SutwH9hu1aAez4VmvwkEyk: leader_block (size: 1170 bytes)
Ã°Å¸â€œÂ¦ Leader block received from 12D3KooWHdmUKc1bYKY3scg6TqGhK3SutwH9hu1aAez4VmvwkEyk | height=1945 proposer=B
Ã°Å¸â€Å’ Consensus stream EOF from 12D3KooWHdmUKc1bYKY3scg6TqGhK3SutwH9hu1aAez4VmvwkEyk
Ã°Å¸â€Å’ Consensus stream closed with 12D3KooWHdmUKc1bYKY3scg6TqGhK3SutwH9hu1aAez4VmvwkEyk
Validator heartbeat: C | reported_height=1944 | finalized_height=1944 | local_exec_epoch=1945
Ã°Å¸â€œÂ¨ Consensus message from 12D3KooWHdmUKc1bYKY3scg6TqGhK3SutwH9hu1aAez4VmvwkEyk: execution_result (size: 359 bytes)
Ã°Å¸â€Å’ Consensus stream EOF from 12D3KooWHdmUKc1bYKY3scg6TqGhK3SutwH9hu1aAez4VmvwkEyk
Ã°Å¸â€Å’ Consensus stream closed with 12D3KooWHdmUKc1bYKY3scg6TqGhK3SutwH9hu1aAez4VmvwkEyk
Ã°Å¸â€â€” PubSub mesh check against 9 peers
Validator heartbeat received: C | reported_height=1944 | finalized_height=1944 | local_exec_epoch=1945
Validator heartbeat: C | reported_height=1944 | finalized_height=1944 | local_exec_epoch=1945
Validator heartbeat received: C | reported_height=1944 | finalized_height=1944 | local_exec_epoch=1945
2026/05/18 00:51:17 [REGISTRY-PENDING] height=1942 chain_tip=1881 reason=future_block
[REGISTRY-PENDING] height=1942 chain_height=1881 reason=future_parent
[SET-PENDING] height=1943 chain_height=1881 reason=future_height
Validator heartbeat: C | reported_height=1944 | finalized_height=1944 | local_exec_epoch=1945
Validator heartbeat received: C | reported_height=1944 | finalized_height=1944 | local_exec_epoch=1945
[SNAPSHOT-PUBLISH] deferred height=1881 reason=auto_publish_interval_10
Ã°Å¸â€œÂ¨ Consensus message from 12D3KooWHdmUKc1bYKY3scg6TqGhK3SutwH9hu1aAez4VmvwkEyk: leader_block (size: 1170 bytes)
Ã°Å¸â€œÂ¦ Leader block received from 12D3KooWHdmUKc1bYKY3scg6TqGhK3SutwH9hu1aAez4VmvwkEyk | height=1945 proposer=B
Ã°Å¸â€Å’ Consensus stream EOF from 12D3KooWHdmUKc1bYKY3scg6TqGhK3SutwH9hu1aAez4VmvwkEyk
Ã°Å¸â€Å’ Consensus stream closed with 12D3KooWHdmUKc1bYKY3scg6TqGhK3SutwH9hu1aAez4VmvwkEyk
Validator heartbeat received: C | reported_height=1944 | finalized_height=1944 | local_exec_epoch=1945
Candidate heartbeat received: D | reported_height=1881 | finalized_height=1880 | local_exec_epoch=1882
Candidate heartbeat received: D | reported_height=1881 | finalized_height=1880 | local_exec_epoch=1882
Validator heartbeat: A | reported_height=1944 | finalized_height=1944 | local_exec_epoch=1945
2026/05/18 00:51:19 [REGISTRY-HISTORY-REBUILD] height=1944 status=scheduled reason=registry_snapshot_missing
2026/05/18 00:51:19 [REGISTRY-HISTORY-REBUILD] height=1944 status=started reason=registry_snapshot_missing
2026/05/18 00:51:19 [REGISTRY-HISTORY-REBUILD] height=1944 status=failed reason=registry_snapshot_missing
Validator heartbeat: A | reported_height=1944 | finalized_height=1944 | local_exec_epoch=1945
2026/05/18 00:51:19 [REGISTRY-PENDING] height=1944 chain_tip=1881 reason=future_block
[REGISTRY-PENDING] height=1944 chain_height=1881 reason=future_parent
[SET-PENDING] height=1945 chain_height=1881 reason=future_height
Validator heartbeat received: A | reported_height=1944 | finalized_height=1944 | local_exec_epoch=1945
Ã°Å¸â€œÂ¨ Consensus message from 12D3KooWD9ed8zJXbW8uUU6XHD2UYrsQQEvnuXReJWFeo52dvdf8: execution_result (size: 359 bytes)
Ã°Å¸â€Å’ Consensus stream EOF from 12D3KooWD9ed8zJXbW8uUU6XHD2UYrsQQEvnuXReJWFeo52dvdf8
Ã°Å¸â€Å’ Consensus stream closed with 12D3KooWD9ed8zJXbW8uUU6XHD2UYrsQQEvnuXReJWFeo52dvdf8
Validator heartbeat received: A | reported_height=1944 | finalized_height=1944 | local_exec_epoch=1945
Ã°Å¸â€œÂ¨ Consensus message from 12D3KooWPVKESWFG9sS8G6vjhfPn54kWuNFkkuHwG4yQXhYRcXjX: execution_result (size: 359 bytes)
Ã°Å¸â€Å’ Consensus stream EOF from 12D3KooWPVKESWFG9sS8G6vjhfPn54kWuNFkkuHwG4yQXhYRcXjX
Ã°Å¸â€Å’ Consensus stream closed with 12D3KooWPVKESWFG9sS8G6vjhfPn54kWuNFkkuHwG4yQXhYRcXjX
Attempting to connect to 9 peers
Dial fanout full (16); skipping this dial batch item
2026/05/18 00:51:21 [OK] goroutine pressure normalized: 250 (degrade mode off)
2026/05/18 00:51:21 map stats: seen_blocks=2 seen_txs=0 fork_heights=0 fork_blocks=0 exec_results_keys=0 exec_results_total=0 pending_blocks=0 queued_exec_votes_keys=0 queued_exec_votes_total=0 accepted_proposal=1 exec_broadcasted_epochs=0 exec_broadcasted_keys=0 exec_signer_seen_epochs=1 exec_signer_seen_total=3 exec_broadcasted_by_val_epochs=0 exec_broadcasted_by_val_total=0 exec_rebroadcast_epochs=0 validator_status=5 candidates=1 peer_state=45 peers_connected=9 peers_connecting=0 peer_suspect=0 allowed_peers=4 pending_validators=0 pending_removals=0 queued_validator_updates=0 height_report_epochs=1 height_report_total=3 misbehavior_validators=0 misbehavior_total=0 exec_mismatch_tracked=0 exec_vote_replay_cache=3
2026/05/18 00:51:22 [REGISTRY-PENDING] height=1943 chain_tip=1881 reason=future_block
[REGISTRY-PENDING] height=1943 chain_height=1881 reason=future_parent
[SET-PENDING] height=1944 chain_height=1881 reason=future_height
2026/05/18 00:51:22 [REGISTRY-PENDING] height=1945 chain_tip=1881 reason=future_block
[REGISTRY-PENDING] height=1945 chain_height=1881 reason=future_parent
[SET-PENDING] height=1946 chain_height=1881 reason=future_height
Validator heartbeat: B | reported_height=1945 | finalized_height=1945 | local_exec_epoch=1946
2026/05/18 00:51:22 [REGISTRY-PENDING] height=1942 chain_tip=1881 reason=future_block
[REGISTRY-PENDING] height=1942 chain_height=1881 reason=future_parent
[SET-PENDING] height=1943 chain_height=1881 reason=future_height
Validator heartbeat: B | reported_height=1945 | finalized_height=1945 | local_exec_epoch=1946
Validator heartbeat received: B | reported_height=1945 | finalized_height=1945 | local_exec_epoch=1946
[SNAPSHOT-PUBLISH] deferred height=1881 reason=auto_publish_interval_10
Validator heartbeat: C | reported_height=1945 | finalized_height=1945 | local_exec_epoch=1946
Validator heartbeat received: B | reported_height=1945 | finalized_height=1945 | local_exec_epoch=1946
Validator heartbeat: C | reported_height=1945 | finalized_height=1945 | local_exec_epoch=1946
Validator heartbeat received: C | reported_height=1945 | finalized_height=1945 | local_exec_epoch=1946
Ã°Å¸â€œÂ¨ Consensus message from 12D3KooWHdmUKc1bYKY3scg6TqGhK3SutwH9hu1aAez4VmvwkEyk: leader_block (size: 1170 bytes)
Ã°Å¸â€œÂ¦ Leader block received from 12D3KooWHdmUKc1bYKY3scg6TqGhK3SutwH9hu1aAez4VmvwkEyk | height=1946 proposer=B
Ã°Å¸â€Å’ Consensus stream EOF from 12D3KooWHdmUKc1bYKY3scg6TqGhK3SutwH9hu1aAez4VmvwkEyk
Ã°Å¸â€Å’ Consensus stream closed with 12D3KooWHdmUKc1bYKY3scg6TqGhK3SutwH9hu1aAez4VmvwkEyk
2026/05/18 00:51:24 [REGISTRY-HISTORY-REBUILD] height=1944 status=scheduled reason=registry_snapshot_missing
2026/05/18 00:51:24 [REGISTRY-HISTORY-REBUILD] height=1944 status=started reason=registry_snapshot_missing
2026/05/18 00:51:24 [REGISTRY-HISTORY-REBUILD] height=1944 status=failed reason=registry_snapshot_missing
Ã°Å¸â€œÂ¨ Consensus message from 12D3KooWHdmUKc1bYKY3scg6TqGhK3SutwH9hu1aAez4VmvwkEyk: execution_result (size: 359 bytes)
Ã°Å¸â€Å’ Consensus stream EOF from 12D3KooWHdmUKc1bYKY3scg6TqGhK3SutwH9hu1aAez4VmvwkEyk
Ã°Å¸â€Å’ Consensus stream closed with 12D3KooWHdmUKc1bYKY3scg6TqGhK3SutwH9hu1aAez4VmvwkEyk
Validator heartbeat received: C | reported_height=1945 | finalized_height=1945 | local_exec_epoch=1946
Validator heartbeat: C | reported_height=1945 | finalized_height=1945 | local_exec_epoch=1946
Ã°Å¸â€œÂ¨ Consensus message from 12D3KooWHdmUKc1bYKY3scg6TqGhK3SutwH9hu1aAez4VmvwkEyk: leader_block (size: 1170 bytes)
Ã°Å¸â€œÂ¦ Leader block received from 12D3KooWHdmUKc1bYKY3scg6TqGhK3SutwH9hu1aAez4VmvwkEyk | height=1946 proposer=B
Ã°Å¸â€Å’ Consensus stream EOF from 12D3KooWHdmUKc1bYKY3scg6TqGhK3SutwH9hu1aAez4VmvwkEyk
Ã°Å¸â€Å’ Consensus stream closed with 12D3KooWHdmUKc1bYKY3scg6TqGhK3SutwH9hu1aAez4VmvwkEyk
Validator heartbeat: C | reported_height=1945 | finalized_height=1945 | local_exec_epoch=1946
2026/05/18 00:51:24 [REGISTRY-PENDING] height=1944 chain_tip=1881 reason=future_block
[REGISTRY-PENDING] height=1944 chain_height=1881 reason=future_parent
[SET-PENDING] height=1945 chain_height=1881 reason=future_height
Validator heartbeat received: C | reported_height=1945 | finalized_height=1945 | local_exec_epoch=1946
Validator heartbeat: A | reported_height=1945 | finalized_height=1945 | local_exec_epoch=1946
Validator heartbeat received: C | reported_height=1945 | finalized_height=1945 | local_exec_epoch=1946
Validator heartbeat: A | reported_height=1945 | finalized_height=1945 | local_exec_epoch=1946
Ã°Å¸â€œÂ¨ Consensus message from 12D3KooWD9ed8zJXbW8uUU6XHD2UYrsQQEvnuXReJWFeo52dvdf8: execution_result (size: 359 bytes)
Ã°Å¸â€Å’ Consensus stream EOF from 12D3KooWD9ed8zJXbW8uUU6XHD2UYrsQQEvnuXReJWFeo52dvdf8
Ã°Å¸â€Å’ Consensus stream closed with 12D3KooWD9ed8zJXbW8uUU6XHD2UYrsQQEvnuXReJWFeo52dvdf8
Validator heartbeat received: A | reported_height=1945 | finalized_height=1945 | local_exec_epoch=1946
Validator heartbeat received: A | reported_height=1945 | finalized_height=1945 | local_exec_epoch=1946
Ã°Å¸â€œÂ¨ Consensus message from 12D3KooWPVKESWFG9sS8G6vjhfPn54kWuNFkkuHwG4yQXhYRcXjX: execution_result (size: 359 bytes)
Ã°Å¸â€Å’ Consensus stream EOF from 12D3KooWPVKESWFG9sS8G6vjhfPn54kWuNFkkuHwG4yQXhYRcXjX
Ã°Å¸â€Å’ Consensus stream closed with 12D3KooWPVKESWFG9sS8G6vjhfPn54kWuNFkkuHwG4yQXhYRcXjX
2026/05/18 00:51:26 [REGISTRY-PENDING] height=1946 chain_tip=1881 reason=future_block
[REGISTRY-PENDING] height=1946 chain_height=1881 reason=future_parent
[SET-PENDING] height=1947 chain_height=1881 reason=future_height
Validator heartbeat: B | reported_height=1946 | finalized_height=1946 | local_exec_epoch=1947
Validator heartbeat: B | reported_height=1946 | finalized_height=1946 | local_exec_epoch=1947
Validator heartbeat received: B | reported_height=1946 | finalized_height=1946 | local_exec_epoch=1947
Validator heartbeat received: B | reported_height=1946 | finalized_height=1946 | local_exec_epoch=1947
2026/05/18 00:51:27 [REGISTRY-PENDING] height=1945 chain_tip=1881 reason=future_block
[REGISTRY-PENDING] height=1945 chain_height=1881 reason=future_parent
[SET-PENDING] height=1946 chain_height=1881 reason=future_height
Validator heartbeat: C | reported_height=1946 | finalized_height=1946 | local_exec_epoch=1947
2026/05/18 00:51:28 [REGISTRY-PENDING] height=1943 chain_tip=1881 reason=future_block
[REGISTRY-PENDING] height=1943 chain_height=1881 reason=future_parent
[SET-PENDING] height=1944 chain_height=1881 reason=future_height
Validator heartbeat: C | reported_height=1946 | finalized_height=1946 | local_exec_epoch=1947
Validator heartbeat received: C | reported_height=1946 | finalized_height=1946 | local_exec_epoch=1947
[SNAPSHOT-PUBLISH] deferred height=1881 reason=auto_publish_interval_10
Validator heartbeat: C | reported_height=1946 | finalized_height=1946 | local_exec_epoch=1947
Validator heartbeat received: C | reported_height=1946 | finalized_height=1946 | local_exec_epoch=1947
Validator heartbeat: C | reported_height=1946 | finalized_height=1946 | local_exec_epoch=1947
2026/05/18 00:51:29 [REGISTRY-HISTORY-REBUILD] height=1946 status=scheduled reason=registry_snapshot_missing
2026/05/18 00:51:29 [REGISTRY-HISTORY-REBUILD] height=1946 status=started reason=registry_snapshot_missing
2026/05/18 00:51:29 [REGISTRY-HISTORY-REBUILD] height=1946 status=failed reason=registry_snapshot_missing
Validator heartbeat received: C | reported_height=1946 | finalized_height=1946 | local_exec_epoch=1947
Validator heartbeat received: C | reported_height=1946 | finalized_height=1946 | local_exec_epoch=1947
2026/05/18 00:51:30 [REGISTRY-PENDING] height=1944 chain_tip=1881 reason=future_block
[REGISTRY-PENDING] height=1944 chain_height=1881 reason=future_parent
[SET-PENDING] height=1945 chain_height=1881 reason=future_height
Validator heartbeat: A | reported_height=1946 | finalized_height=1946 | local_exec_epoch=1947
Validator heartbeat: A | reported_height=1946 | finalized_height=1946 | local_exec_epoch=1947
Validator heartbeat received: A | reported_height=1946 | finalized_height=1946 | local_exec_epoch=1947
Validator heartbeat received: A | reported_height=1946 | finalized_height=1946 | local_exec_epoch=1947
2026/05/18 00:51:31 [OK] goroutine pressure normalized: 241 (degrade mode off)
Candidate heartbeat received: D | reported_height=1881 | finalized_height=1880 | local_exec_epoch=1882
Candidate heartbeat received: D | reported_height=1881 | finalized_height=1880 | local_exec_epoch=1882
Ã°Å¸â€œÂ¨ Consensus message from 12D3KooWHdmUKc1bYKY3scg6TqGhK3SutwH9hu1aAez4VmvwkEyk: leader_block (size: 1170 bytes)
Ã°Å¸â€œÂ¦ Leader block received from 12D3KooWHdmUKc1bYKY3scg6TqGhK3SutwH9hu1aAez4VmvwkEyk | height=1947 proposer=B
Ã°Å¸â€Å’ Consensus stream EOF from 12D3KooWHdmUKc1bYKY3scg6TqGhK3SutwH9hu1aAez4VmvwkEyk
Ã°Å¸â€Å’ Consensus stream closed with 12D3KooWHdmUKc1bYKY3scg6TqGhK3SutwH9hu1aAez4VmvwkEyk
Ã°Å¸â€œÂ¨ Consensus message from 12D3KooWHdmUKc1bYKY3scg6TqGhK3SutwH9hu1aAez4VmvwkEyk: execution_result (size: 374 bytes)
Ã°Å¸â€Å’ Consensus stream EOF from 12D3KooWHdmUKc1bYKY3scg6TqGhK3SutwH9hu1aAez4VmvwkEyk
Ã°Å¸â€Å’ Consensus stream closed with 12D3KooWHdmUKc1bYKY3scg6TqGhK3SutwH9hu1aAez4VmvwkEyk
Ã°Å¸â€œÂ¨ Consensus message from 12D3KooWPVKESWFG9sS8G6vjhfPn54kWuNFkkuHwG4yQXhYRcXjX: execution_result (size: 374 bytes)
Ã°Å¸â€Å’ Consensus stream EOF from 12D3KooWPVKESWFG9sS8G6vjhfPn54kWuNFkkuHwG4yQXhYRcXjX
Ã°Å¸â€Å’ Consensus stream closed with 12D3KooWPVKESWFG9sS8G6vjhfPn54kWuNFkkuHwG4yQXhYRcXjX
Ã°Å¸â€œÂ¨ Consensus message from 12D3KooWD9ed8zJXbW8uUU6XHD2UYrsQQEvnuXReJWFeo52dvdf8: execution_result (size: 374 bytes)
Ã°Å¸â€Å’ Consensus stream EOF from 12D3KooWD9ed8zJXbW8uUU6XHD2UYrsQQEvnuXReJWFeo52dvdf8
Ã°Å¸â€Å’ Consensus stream closed with 12D3KooWD9ed8zJXbW8uUU6XHD2UYrsQQEvnuXReJWFeo52dvdf8
2026/05/18 00:51:33 [REGISTRY-PENDING] height=1946 chain_tip=1881 reason=future_block
[REGISTRY-PENDING] height=1946 chain_height=1881 reason=future_parent
[SET-PENDING] height=1947 chain_height=1881 reason=future_height
2026/05/18 00:51:33 [REGISTRY-PENDING] height=1945 chain_tip=1881 reason=future_block
[REGISTRY-PENDING] height=1945 chain_height=1881 reason=future_parent
[SET-PENDING] height=1946 chain_height=1881 reason=future_height
2026/05/18 00:51:33 [REGISTRY-PENDING] height=1947 chain_tip=1881 reason=future_block
[REGISTRY-PENDING] height=1947 chain_height=1881 reason=future_parent
[SET-PENDING] height=1948 chain_height=1881 reason=future_height
Validator heartbeat: B | reported_height=1947 | finalized_height=1947 | local_exec_epoch=1948
Validator heartbeat: B | reported_height=1947 | finalized_height=1947 | local_exec_epoch=1948
Ã°Å¸â€œÂ¨ Consensus message from 12D3KooWHdmUKc1bYKY3scg6TqGhK3SutwH9hu1aAez4VmvwkEyk: leader_block (size: 1170 bytes)
Ã°Å¸â€œÂ¦ Leader block received from 12D3KooWHdmUKc1bYKY3scg6TqGhK3SutwH9hu1aAez4VmvwkEyk | height=1948 proposer=B
Ã°Å¸â€Å’ Consensus stream EOF from 12D3KooWHdmUKc1bYKY3scg6TqGhK3SutwH9hu1aAez4VmvwkEyk
Ã°Å¸â€Å’ Consensus stream closed with 12D3KooWHdmUKc1bYKY3scg6TqGhK3SutwH9hu1aAez4VmvwkEyk
Ã°Å¸â€œÂ¨ Consensus message from 12D3KooWHdmUKc1bYKY3scg6TqGhK3SutwH9hu1aAez4VmvwkEyk: execution_result (size: 359 bytes)
Ã°Å¸â€Å’ Consensus stream EOF from 12D3KooWHdmUKc1bYKY3scg6TqGhK3SutwH9hu1aAez4VmvwkEyk
Ã°Å¸â€Å’ Consensus stream closed with 12D3KooWHdmUKc1bYKY3scg6TqGhK3SutwH9hu1aAez4VmvwkEyk
Validator heartbeat received: B | reported_height=1947 | finalized_height=1947 | local_exec_epoch=1948
[SNAPSHOT-PUBLISH] deferred height=1881 reason=auto_publish_interval_10
2026/05/18 00:51:34 [REGISTRY-HISTORY-REBUILD] height=1945 status=scheduled reason=registry_snapshot_missing
2026/05/18 00:51:34 [REGISTRY-HISTORY-REBUILD] height=1945 status=started reason=registry_snapshot_missing
2026/05/18 00:51:34 [REGISTRY-HISTORY-REBUILD] height=1945 status=failed reason=registry_snapshot_missing
Validator heartbeat: C | reported_height=1947 | finalized_height=1947 | local_exec_epoch=1948
Validator heartbeat received: B | reported_height=1947 | finalized_height=1947 | local_exec_epoch=1948
Validator heartbeat: C | reported_height=1947 | finalized_height=1947 | local_exec_epoch=1948
Ã°Å¸â€œÂ¨ Consensus message from 12D3KooWHdmUKc1bYKY3scg6TqGhK3SutwH9hu1aAez4VmvwkEyk: leader_block (size: 1170 bytes)
Ã°Å¸â€œÂ¦ Leader block received from 12D3KooWHdmUKc1bYKY3scg6TqGhK3SutwH9hu1aAez4VmvwkEyk | height=1948 proposer=B
Ã°Å¸â€Å’ Consensus stream EOF from 12D3KooWHdmUKc1bYKY3scg6TqGhK3SutwH9hu1aAez4VmvwkEyk
Ã°Å¸â€Å’ Consensus stream closed with 12D3KooWHdmUKc1bYKY3scg6TqGhK3SutwH9hu1aAez4VmvwkEyk
2026/05/18 00:51:35 [REGISTRY-PENDING] height=1944 chain_tip=1881 reason=future_block
[REGISTRY-PENDING] height=1944 chain_height=1881 reason=future_parent
[SET-PENDING] height=1945 chain_height=1881 reason=future_height
Validator heartbeat received: C | reported_height=1947 | finalized_height=1947 | local_exec_epoch=1948
Validator heartbeat: A | reported_height=1947 | finalized_height=1947 | local_exec_epoch=1948
Validator heartbeat received: C | reported_height=1947 | finalized_height=1947 | local_exec_epoch=1948
Ã°Å¸â€œÂ¨ Consensus message from 12D3KooWD9ed8zJXbW8uUU6XHD2UYrsQQEvnuXReJWFeo52dvdf8: execution_result (size: 359 bytes)
Ã°Å¸â€Å’ Consensus stream EOF from 12D3KooWD9ed8zJXbW8uUU6XHD2UYrsQQEvnuXReJWFeo52dvdf8
Ã°Å¸â€Å’ Consensus stream closed with 12D3KooWD9ed8zJXbW8uUU6XHD2UYrsQQEvnuXReJWFeo52dvdf8
Validator heartbeat: A | reported_height=1947 | finalized_height=1947 | local_exec_epoch=1948
Validator heartbeat received: A | reported_height=1947 | finalized_height=1947 | local_exec_epoch=1948
Validator heartbeat received: A | reported_height=1947 | finalized_height=1947 | local_exec_epoch=1948
Ã°Å¸â€œÂ¨ Consensus message from 12D3KooWPVKESWFG9sS8G6vjhfPn54kWuNFkkuHwG4yQXhYRcXjX: execution_result (size: 359 bytes)
Ã°Å¸â€Å’ Consensus stream EOF from 12D3KooWPVKESWFG9sS8G6vjhfPn54kWuNFkkuHwG4yQXhYRcXjX
Ã°Å¸â€Å’ Consensus stream closed with 12D3KooWPVKESWFG9sS8G6vjhfPn54kWuNFkkuHwG4yQXhYRcXjX
2026/05/18 00:51:36 [REGISTRY-PENDING] height=1948 chain_tip=1881 reason=future_block
[REGISTRY-PENDING] height=1948 chain_height=1881 reason=future_parent
[SET-PENDING] height=1949 chain_height=1881 reason=future_height
Validator heartbeat: B | reported_height=1948 | finalized_height=1948 | local_exec_epoch=1949
Validator heartbeat: B | reported_height=1948 | finalized_height=1948 | local_exec_epoch=1949
Dial fanout full (16); skipping this dial batch item
Ã°Å¸â€â€” PubSub mesh check against 9 peers
Validator heartbeat received: B | reported_height=1948 | finalized_height=1948 | local_exec_epoch=1949
Validator heartbeat received: B | reported_height=1948 | finalized_height=1948 | local_exec_epoch=1949
Validator heartbeat: C | reported_height=1948 | finalized_height=1948 | local_exec_epoch=1949
[REGISTRY-PENDING] height=1946 chain_height=1881 reason=future_parent
[SET-PENDING] height=1947 chain_height=1881 reason=future_height
2026/05/18 00:51:38 [REGISTRY-PENDING] height=1946 chain_tip=1881 reason=future_block
2026/05/18 00:51:38 [REGISTRY-PENDING] height=1947 chain_tip=1881 reason=future_block
[REGISTRY-PENDING] height=1947 chain_height=1881 reason=future_parent
[SET-PENDING] height=1948 chain_height=1881 reason=future_height
2026/05/18 00:51:38 [REGISTRY-PENDING] height=1945 chain_tip=1881 reason=future_block
[REGISTRY-PENDING] height=1945 chain_height=1881 reason=future_parent
[SET-PENDING] height=1946 chain_height=1881 reason=future_height
Validator heartbeat: C | reported_height=1948 | finalized_height=1948 | local_exec_epoch=1949
Validator heartbeat received: C | reported_height=1948 | finalized_height=1948 | local_exec_epoch=1949
Validator heartbeat: C | reported_height=1948 | finalized_height=1948 | local_exec_epoch=1949
Validator heartbeat received: C | reported_height=1948 | finalized_height=1948 | local_exec_epoch=1949
[SNAPSHOT-PUBLISH] deferred height=1881 reason=auto_publish_interval_10
2026/05/18 00:51:39 [REGISTRY-HISTORY-REBUILD] height=1946 status=scheduled reason=registry_snapshot_missing
2026/05/18 00:51:39 [REGISTRY-HISTORY-REBUILD] height=1946 status=started reason=registry_snapshot_missing
2026/05/18 00:51:39 [REGISTRY-HISTORY-REBUILD] height=1946 status=failed reason=registry_snapshot_missing
Validator heartbeat: C | reported_height=1948 | finalized_height=1948 | local_exec_epoch=1949
Validator heartbeat received: C | reported_height=1948 | finalized_height=1948 | local_exec_epoch=1949
Validator heartbeat: A | reported_height=1948 | finalized_height=1948 | local_exec_epoch=1949
Validator heartbeat received: C | reported_height=1948 | finalized_height=1948 | local_exec_epoch=1949
Validator heartbeat: A | reported_height=1948 | finalized_height=1948 | local_exec_epoch=1949
Validator heartbeat received: A | reported_height=1948 | finalized_height=1948 | local_exec_epoch=1949
Validator heartbeat: A | reported_height=1948 | finalized_height=1948 | local_exec_epoch=1949
Validator heartbeat received: A | reported_height=1948 | finalized_height=1948 | local_exec_epoch=1949
Validator heartbeat: A | reported_height=1948 | finalized_height=1948 | local_exec_epoch=1949
Validator heartbeat received: A | reported_height=1948 | finalized_height=1948 | local_exec_epoch=1949
Validator heartbeat received: A | reported_height=1948 | finalized_height=1948 | local_exec_epoch=1949
2026/05/18 00:51:41 [OK] goroutine pressure normalized: 243 (degrade mode off)
Ã°Å¸â€œÂ¨ Consensus message from 12D3KooWHdmUKc1bYKY3scg6TqGhK3SutwH9hu1aAez4VmvwkEyk: leader_block (size: 1170 bytes)
Ã°Å¸â€œÂ¦ Leader block received from 12D3KooWHdmUKc1bYKY3scg6TqGhK3SutwH9hu1aAez4VmvwkEyk | height=1949 proposer=B
Ã°Å¸â€Å’ Consensus stream EOF from 12D3KooWHdmUKc1bYKY3scg6TqGhK3SutwH9hu1aAez4VmvwkEyk
Ã°Å¸â€Å’ Consensus stream closed with 12D3KooWHdmUKc1bYKY3scg6TqGhK3SutwH9hu1aAez4VmvwkEyk
Ã°Å¸â€œÂ¨ Consensus message from 12D3KooWHdmUKc1bYKY3scg6TqGhK3SutwH9hu1aAez4VmvwkEyk: execution_result (size: 374 bytes)
Ã°Å¸â€Å’ Consensus stream EOF from 12D3KooWHdmUKc1bYKY3scg6TqGhK3SutwH9hu1aAez4VmvwkEyk
Ã°Å¸â€Å’ Consensus stream closed with 12D3KooWHdmUKc1bYKY3scg6TqGhK3SutwH9hu1aAez4VmvwkEyk
Ã°Å¸â€œÂ¨ Consensus message from 12D3KooWD9ed8zJXbW8uUU6XHD2UYrsQQEvnuXReJWFeo52dvdf8: execution_result (size: 374 bytes)
Ã°Å¸â€Å’ Consensus stream EOF from 12D3KooWD9ed8zJXbW8uUU6XHD2UYrsQQEvnuXReJWFeo52dvdf8
Ã°Å¸â€Å’ Consensus stream closed with 12D3KooWD9ed8zJXbW8uUU6XHD2UYrsQQEvnuXReJWFeo52dvdf8
Ã°Å¸â€œÂ¨ Consensus message from 12D3KooWPVKESWFG9sS8G6vjhfPn54kWuNFkkuHwG4yQXhYRcXjX: execution_result (size: 374 bytes)
Ã°Å¸â€Å’ Consensus stream EOF from 12D3KooWPVKESWFG9sS8G6vjhfPn54kWuNFkkuHwG4yQXhYRcXjX
Ã°Å¸â€Å’ Consensus stream closed with 12D3KooWPVKESWFG9sS8G6vjhfPn54kWuNFkkuHwG4yQXhYRcXjX
2026/05/18 00:51:43 [REGISTRY-PENDING] height=1948 chain_tip=1881 reason=future_block
[REGISTRY-PENDING] height=1948 chain_height=1881 reason=future_parent
[SET-PENDING] height=1949 chain_height=1881 reason=future_height
2026/05/18 00:51:43 [REGISTRY-PENDING] height=1947 chain_tip=1881 reason=future_block
[REGISTRY-PENDING] height=1947 chain_height=1881 reason=future_parent
[SET-PENDING] height=1948 chain_height=1881 reason=future_height
2026/05/18 00:51:43 [REGISTRY-PENDING] height=1949 chain_tip=1881 reason=future_block
[REGISTRY-PENDING] height=1949 chain_height=1881 reason=future_parent
[SET-PENDING] height=1950 chain_height=1881 reason=future_height
Validator heartbeat: B | reported_height=1949 | finalized_height=1949 | local_exec_epoch=1950
2026/05/18 00:51:43 [REGISTRY-PENDING] height=1946 chain_tip=1881 reason=future_block
[REGISTRY-PENDING] height=1946 chain_height=1881 reason=future_parent
[SET-PENDING] height=1947 chain_height=1881 reason=future_height
Validator heartbeat: B | reported_height=1949 | finalized_height=1949 | local_exec_epoch=1950
2026/05/18 00:51:44 [REGISTRY-HISTORY-REBUILD] height=1948 status=scheduled reason=registry_snapshot_missing
2026/05/18 00:51:44 [REGISTRY-HISTORY-REBUILD] height=1948 status=started reason=registry_snapshot_missing
2026/05/18 00:51:44 [REGISTRY-HISTORY-REBUILD] height=1948 status=failed reason=registry_snapshot_missing
Validator heartbeat received: B | reported_height=1949 | finalized_height=1949 | local_exec_epoch=1950
[SNAPSHOT-PUBLISH] deferred height=1881 reason=auto_publish_interval_10
Candidate heartbeat received: D | reported_height=1881 | finalized_height=1880 | local_exec_epoch=1882
Validator heartbeat received: B | reported_height=1949 | finalized_height=1949 | local_exec_epoch=1950
Candidate heartbeat received: D | reported_height=1881 | finalized_height=1880 | local_exec_epoch=1882
Ã°Å¸â€œÂ¨ Consensus message from 12D3KooWHdmUKc1bYKY3scg6TqGhK3SutwH9hu1aAez4VmvwkEyk: leader_block (size: 1170 bytes)
Ã°Å¸â€œÂ¦ Leader block received from 12D3KooWHdmUKc1bYKY3scg6TqGhK3SutwH9hu1aAez4VmvwkEyk | height=1950 proposer=B
Ã°Å¸â€Å’ Consensus stream EOF from 12D3KooWHdmUKc1bYKY3scg6TqGhK3SutwH9hu1aAez4VmvwkEyk
Ã°Å¸â€Å’ Consensus stream closed with 12D3KooWHdmUKc1bYKY3scg6TqGhK3SutwH9hu1aAez4VmvwkEyk
Ã°Å¸â€œÂ¨ Consensus message from 12D3KooWHdmUKc1bYKY3scg6TqGhK3SutwH9hu1aAez4VmvwkEyk: execution_result (size: 359 bytes)
Ã°Å¸â€Å’ Consensus stream EOF from 12D3KooWHdmUKc1bYKY3scg6TqGhK3SutwH9hu1aAez4VmvwkEyk
Ã°Å¸â€Å’ Consensus stream closed with 12D3KooWHdmUKc1bYKY3scg6TqGhK3SutwH9hu1aAez4VmvwkEyk
Validator heartbeat: C | reported_height=1949 | finalized_height=1949 | local_exec_epoch=1950
Attempting to connect to 9 peers
Validator heartbeat: C | reported_height=1949 | finalized_height=1949 | local_exec_epoch=1950
Ã°Å¸â€œÂ¨ Consensus message from 12D3KooWHdmUKc1bYKY3scg6TqGhK3SutwH9hu1aAez4VmvwkEyk: leader_block (size: 1170 bytes)
Ã°Å¸â€œÂ¦ Leader block received from 12D3KooWHdmUKc1bYKY3scg6TqGhK3SutwH9hu1aAez4VmvwkEyk | height=1950 proposer=B
Ã°Å¸â€Å’ Consensus stream EOF from 12D3KooWHdmUKc1bYKY3scg6TqGhK3SutwH9hu1aAez4VmvwkEyk
Ã°Å¸â€Å’ Consensus stream closed with 12D3KooWHdmUKc1bYKY3scg6TqGhK3SutwH9hu1aAez4VmvwkEyk
Validator heartbeat received: C | reported_height=1949 | finalized_height=1949 | local_exec_epoch=1950
Validator heartbeat received: C | reported_height=1949 | finalized_height=1949 | local_exec_epoch=1950
Validator heartbeat: A | reported_height=1949 | finalized_height=1948 | local_exec_epoch=1950
Validator heartbeat: A | reported_height=1949 | finalized_height=1948 | local_exec_epoch=1950
Validator heartbeat received: A | reported_height=1949 | finalized_height=1948 | local_exec_epoch=1950
2026/05/18 00:51:48 [REGISTRY-PENDING] height=1948 chain_tip=1881 reason=future_block
[REGISTRY-PENDING] height=1948 chain_height=1881 reason=future_parent
[SET-PENDING] height=1949 chain_height=1881 reason=future_height
2026/05/18 00:51:48 [REGISTRY-PENDING] height=1947 chain_tip=1881 reason=future_block
[REGISTRY-PENDING] height=1947 chain_height=1881 reason=future_parent
[SET-PENDING] height=1948 chain_height=1881 reason=future_height
2026/05/18 00:51:48 [REGISTRY-PENDING] height=1949 chain_tip=1881 reason=future_block
[REGISTRY-PENDING] height=1949 chain_height=1881 reason=future_parent
[SET-PENDING] height=1950 chain_height=1881 reason=future_height
Validator heartbeat: A | reported_height=1949 | finalized_height=1949 | local_exec_epoch=1950
Validator heartbeat received: A | reported_height=1949 | finalized_height=1948 | local_exec_epoch=1950
Validator heartbeat: A | reported_height=1949 | finalized_height=1949 | local_exec_epoch=1950
Ã°Å¸â€œÂ¨ Consensus message from 12D3KooWD9ed8zJXbW8uUU6XHD2UYrsQQEvnuXReJWFeo52dvdf8: execution_result (size: 359 bytes)
Ã°Å¸â€Å’ Consensus stream EOF from 12D3KooWD9ed8zJXbW8uUU6XHD2UYrsQQEvnuXReJWFeo52dvdf8
Ã°Å¸â€Å’ Consensus stream closed with 12D3KooWD9ed8zJXbW8uUU6XHD2UYrsQQEvnuXReJWFeo52dvdf8
Validator heartbeat received: A | reported_height=1949 | finalized_height=1949 | local_exec_epoch=1950
Validator heartbeat received: A | reported_height=1949 | finalized_height=1949 | local_exec_epoch=1950
Ã°Å¸â€œÂ¨ Consensus message from 12D3KooWPVKESWFG9sS8G6vjhfPn54kWuNFkkuHwG4yQXhYRcXjX: execution_result (size: 359 bytes)
Ã°Å¸â€Å’ Consensus stream EOF from 12D3KooWPVKESWFG9sS8G6vjhfPn54kWuNFkkuHwG4yQXhYRcXjX
Ã°Å¸â€Å’ Consensus stream closed with 12D3KooWPVKESWFG9sS8G6vjhfPn54kWuNFkkuHwG4yQXhYRcXjX
[SNAPSHOT-PROOF] height=1950 checkpoint=1920 validator=G votes=1 hash=90ac1bc2
2026/05/18 00:51:51 [REGISTRY-HISTORY-REBUILD] height=1949 status=scheduled reason=registry_snapshot_missing
2026/05/18 00:51:51 [REGISTRY-HISTORY-REBUILD] height=1949 status=started reason=registry_snapshot_missing
2026/05/18 00:51:51 [REGISTRY-HISTORY-REBUILD] height=1949 status=failed reason=registry_snapshot_missing
2026/05/18 00:51:51 [REGISTRY-PENDING] height=1950 chain_tip=1881 reason=future_block
[REGISTRY-PENDING] height=1950 chain_height=1881 reason=future_parent
[SET-PENDING] height=1951 chain_height=1881 reason=future_height
Validator heartbeat: B | reported_height=1950 | finalized_height=1950 | local_exec_epoch=1951
Validator heartbeat: B | reported_height=1950 | finalized_height=1950 | local_exec_epoch=1951
2026/05/18 00:51:51 [OK] goroutine pressure normalized: 242 (degrade mode off)
Dial fanout full (16); skipping this dial batch item
[SNAPSHOT-PROOF] height=1950 checkpoint=1920 validator=B votes=2 hash=90ac1bc2
[SNAPSHOT-PROOF] height=1950 checkpoint=1920 validator=C votes=3 hash=90ac1bc2
Validator heartbeat received: B | reported_height=1950 | finalized_height=1950 | local_exec_epoch=1951
[SNAPSHOT-PUBLISH] deferred height=1881 reason=auto_publish_interval_10
Validator heartbeat received: B | reported_height=1950 | finalized_height=1950 | local_exec_epoch=1951
Validator heartbeat: C | reported_height=1950 | finalized_height=1950 | local_exec_epoch=1951
Ã°Å¸â€œÂ¨ Consensus message from 12D3KooWD9ed8zJXbW8uUU6XHD2UYrsQQEvnuXReJWFeo52dvdf8: leader_block (size: 1170 bytes)
Ã°Å¸â€œÂ¦ Leader block received from 12D3KooWD9ed8zJXbW8uUU6XHD2UYrsQQEvnuXReJWFeo52dvdf8 | height=1951 proposer=C
Ã°Å¸â€Å’ Consensus stream EOF from 12D3KooWD9ed8zJXbW8uUU6XHD2UYrsQQEvnuXReJWFeo52dvdf8
Ã°Å¸â€Å’ Consensus stream closed with 12D3KooWD9ed8zJXbW8uUU6XHD2UYrsQQEvnuXReJWFeo52dvdf8
Ã°Å¸â€œÂ¨ Consensus message from 12D3KooWD9ed8zJXbW8uUU6XHD2UYrsQQEvnuXReJWFeo52dvdf8: execution_result (size: 359 bytes)
Ã°Å¸â€Å’ Consensus stream EOF from 12D3KooWD9ed8zJXbW8uUU6XHD2UYrsQQEvnuXReJWFeo52dvdf8
Ã°Å¸â€Å’ Consensus stream closed with 12D3KooWD9ed8zJXbW8uUU6XHD2UYrsQQEvnuXReJWFeo52dvdf8
Ã°Å¸â€œÂ¨ Consensus message from 12D3KooWHdmUKc1bYKY3scg6TqGhK3SutwH9hu1aAez4VmvwkEyk: execution_result (size: 359 bytes)
Ã°Å¸â€Å’ Consensus stream EOF from 12D3KooWHdmUKc1bYKY3scg6TqGhK3SutwH9hu1aAez4VmvwkEyk
Ã°Å¸â€Å’ Consensus stream closed with 12D3KooWHdmUKc1bYKY3scg6TqGhK3SutwH9hu1aAez4VmvwkEyk
Validator heartbeat: C | reported_height=1950 | finalized_height=1950 | local_exec_epoch=1951
Validator heartbeat received: C | reported_height=1950 | finalized_height=1950 | local_exec_epoch=1951
Validator heartbeat received: C | reported_height=1950 | finalized_height=1950 | local_exec_epoch=1951
Validator heartbeat: A | reported_height=1950 | finalized_height=1950 | local_exec_epoch=1951
Validator heartbeat: A | reported_height=1950 | finalized_height=1950 | local_exec_epoch=1951
Ã°Å¸â€œÂ¨ Consensus message from 12D3KooWD9ed8zJXbW8uUU6XHD2UYrsQQEvnuXReJWFeo52dvdf8: leader_block (size: 1170 bytes)
Ã°Å¸â€œÂ¦ Leader block received from 12D3KooWD9ed8zJXbW8uUU6XHD2UYrsQQEvnuXReJWFeo52dvdf8 | height=1951 proposer=C
Ã°Å¸â€Å’ Consensus stream EOF from 12D3KooWD9ed8zJXbW8uUU6XHD2UYrsQQEvnuXReJWFeo52dvdf8
Ã°Å¸â€Å’ Consensus stream closed with 12D3KooWD9ed8zJXbW8uUU6XHD2UYrsQQEvnuXReJWFeo52dvdf8
[REGISTRY-PENDING] height=1948 chain_height=1881 reason=future_parent
2026/05/18 00:51:53 [REGISTRY-PENDING] height=1948 chain_tip=1881 reason=future_block
[SET-PENDING] height=1949 chain_height=1881 reason=future_height
[SNAPSHOT-PROOF] height=1950 checkpoint=1920 validator=A votes=4 hash=90ac1bc2
Ã°Å¸â€œÂ¨ Consensus message from 12D3KooWPVKESWFG9sS8G6vjhfPn54kWuNFkkuHwG4yQXhYRcXjX: execution_result (size: 359 bytes)
Ã°Å¸â€Å’ Consensus stream EOF from 12D3KooWPVKESWFG9sS8G6vjhfPn54kWuNFkkuHwG4yQXhYRcXjX
Ã°Å¸â€Å’ Consensus stream closed with 12D3KooWPVKESWFG9sS8G6vjhfPn54kWuNFkkuHwG4yQXhYRcXjX
2026/05/18 00:51:53 [REGISTRY-PENDING] height=1949 chain_tip=1881 reason=future_block
[REGISTRY-PENDING] height=1949 chain_height=1881 reason=future_parent
[SET-PENDING] height=1950 chain_height=1881 reason=future_height
Validator heartbeat received: A | reported_height=1950 | finalized_height=1950 | local_exec_epoch=1951
2026/05/18 00:51:53 [REGISTRY-PENDING] height=1951 chain_tip=1881 reason=future_block
[REGISTRY-PENDING] height=1951 chain_height=1881 reason=future_parent
[SET-PENDING] height=1952 chain_height=1881 reason=future_height
Validator heartbeat: C | reported_height=1951 | finalized_height=1951 | local_exec_epoch=1952
Validator heartbeat received: A | reported_height=1950 | finalized_height=1950 | local_exec_epoch=1951
Validator heartbeat: C | reported_height=1951 | finalized_height=1951 | local_exec_epoch=1952
Validator heartbeat received: C | reported_height=1951 | finalized_height=1951 | local_exec_epoch=1952
Validator heartbeat: B | reported_height=1951 | finalized_height=1951 | local_exec_epoch=1952
Validator heartbeat received: C | reported_height=1951 | finalized_height=1951 | local_exec_epoch=1952
Validator heartbeat: B | reported_height=1951 | finalized_height=1951 | local_exec_epoch=1952
Validator heartbeat received: B | reported_height=1951 | finalized_height=1951 | local_exec_epoch=1952
Validator heartbeat: A | reported_height=1951 | finalized_height=1951 | local_exec_epoch=1952
Validator heartbeat received: B | reported_height=1951 | finalized_height=1951 | local_exec_epoch=1952
Validator heartbeat: A | reported_height=1951 | finalized_height=1951 | local_exec_epoch=1952
Validator heartbeat received: A | reported_height=1951 | finalized_height=1951 | local_exec_epoch=1952
Validator heartbeat received: A | reported_height=1951 | finalized_height=1951 | local_exec_epoch=1952
Candidate heartbeat received: D | reported_height=1881 | finalized_height=1880 | local_exec_epoch=1882
Candidate heartbeat received: D | reported_height=1881 | finalized_height=1880 | local_exec_epoch=1882
2026/05/18 00:52:01 [OK] goroutine pressure normalized: 251 (degrade mode off)
Ã°Å¸â€â€” PubSub mesh check against 9 peers
2026/05/18 00:52:06 [REGISTRY-PENDING] height=1950 chain_tip=1881 reason=future_block
[REGISTRY-PENDING] height=1950 chain_height=1881 reason=future_parent
2026/05/18 00:52:06 [REGISTRY-HISTORY-REBUILD] height=1950 status=scheduled reason=registry_snapshot_missing
[SET-PENDING] height=1951 chain_height=1881 reason=future_height
2026/05/18 00:52:06 [REGISTRY-HISTORY-REBUILD] height=1950 status=started reason=registry_snapshot_missing
2026/05/18 00:52:06 [REGISTRY-HISTORY-REBUILD] height=1950 status=failed reason=registry_snapshot_missing
2026/05/18 00:52:06 [REGISTRY-PENDING] height=1949 chain_tip=1881 reason=future_block
[REGISTRY-PENDING] height=1949 chain_height=1881 reason=future_parent
[SET-PENDING] height=1950 chain_height=1881 reason=future_height
2026/05/18 00:52:06 [REGISTRY-PENDING] height=1951 chain_tip=1881 reason=future_block
[REGISTRY-PENDING] height=1951 chain_height=1881 reason=future_parent
[SET-PENDING] height=1952 chain_height=1881 reason=future_height
Validator heartbeat: B | reported_height=1951 | finalized_height=1951 | local_exec_epoch=1952
Validator heartbeat: B | reported_height=1951 | finalized_height=1951 | local_exec_epoch=1952
Validator heartbeat received: B | reported_height=1951 | finalized_height=1951 | local_exec_epoch=1952
[SNAPSHOT-PUBLISH] deferred height=1881 reason=auto_publish_interval_10
Attempting to connect to 9 peers
Dial fanout full (16); skipping this dial batch item
Validator heartbeat: C | reported_height=1951 | finalized_height=1951 | local_exec_epoch=1952
Validator heartbeat received: B | reported_height=1951 | finalized_height=1951 | local_exec_epoch=1952
Validator heartbeat: C | reported_height=1951 | finalized_height=1951 | local_exec_epoch=1952
Validator heartbeat received: C | reported_height=1951 | finalized_height=1951 | local_exec_epoch=1952
Validator heartbeat: A | reported_height=1951 | finalized_height=1951 | local_exec_epoch=1952
Validator heartbeat received: C | reported_height=1951 | finalized_height=1951 | local_exec_epoch=1952
Validator heartbeat: A | reported_height=1951 | finalized_height=1951 | local_exec_epoch=1952
Validator heartbeat received: A | reported_height=1951 | finalized_height=1951 | local_exec_epoch=1952
Validator heartbeat received: A | reported_height=1951 | finalized_height=1951 | local_exec_epoch=1952
Candidate heartbeat received: D | reported_height=1881 | finalized_height=1880 | local_exec_epoch=1882
Candidate heartbeat received: D | reported_height=1881 | finalized_height=1880 | local_exec_epoch=1882
Ã°Å¸â€œÂ¨ Consensus message from 12D3KooWHdmUKc1bYKY3scg6TqGhK3SutwH9hu1aAez4VmvwkEyk: leader_block (size: 1172 bytes)
Ã°Å¸â€œÂ¦ Leader block received from 12D3KooWHdmUKc1bYKY3scg6TqGhK3SutwH9hu1aAez4VmvwkEyk | height=1952 proposer=B
Ã°Å¸â€Å’ Consensus stream EOF from 12D3KooWHdmUKc1bYKY3scg6TqGhK3SutwH9hu1aAez4VmvwkEyk
Ã°Å¸â€Å’ Consensus stream closed with 12D3KooWHdmUKc1bYKY3scg6TqGhK3SutwH9hu1aAez4VmvwkEyk
Ã°Å¸â€œÂ¨ Consensus message from 12D3KooWHdmUKc1bYKY3scg6TqGhK3SutwH9hu1aAez4VmvwkEyk: execution_result (size: 374 bytes)
Ã°Å¸â€Å’ Consensus stream EOF from 12D3KooWHdmUKc1bYKY3scg6TqGhK3SutwH9hu1aAez4VmvwkEyk
Ã°Å¸â€Å’ Consensus stream closed with 12D3KooWHdmUKc1bYKY3scg6TqGhK3SutwH9hu1aAez4VmvwkEyk
Ã°Å¸â€œÂ¨ Consensus message from 12D3KooWPVKESWFG9sS8G6vjhfPn54kWuNFkkuHwG4yQXhYRcXjX: execution_result (size: 374 bytes)
Ã°Å¸â€Å’ Consensus stream EOF from 12D3KooWPVKESWFG9sS8G6vjhfPn54kWuNFkkuHwG4yQXhYRcXjX
Ã°Å¸â€Å’ Consensus stream closed with 12D3KooWPVKESWFG9sS8G6vjhfPn54kWuNFkkuHwG4yQXhYRcXjX
Ã°Å¸â€œÂ¨ Consensus message from 12D3KooWHdmUKc1bYKY3scg6TqGhK3SutwH9hu1aAez4VmvwkEyk: leader_block (size: 1172 bytes)
Ã°Å¸â€œÂ¦ Leader block received from 12D3KooWHdmUKc1bYKY3scg6TqGhK3SutwH9hu1aAez4VmvwkEyk | height=1952 proposer=B
Ã°Å¸â€œÂ¨ Consensus message from 12D3KooWD9ed8zJXbW8uUU6XHD2UYrsQQEvnuXReJWFeo52dvdf8: execution_result (size: 374 bytes)
Ã°Å¸â€Å’ Consensus stream EOF from 12D3KooWD9ed8zJXbW8uUU6XHD2UYrsQQEvnuXReJWFeo52dvdf8
Ã°Å¸â€Å’ Consensus stream closed with 12D3KooWD9ed8zJXbW8uUU6XHD2UYrsQQEvnuXReJWFeo52dvdf8
Ã°Å¸â€Å’ Consensus stream EOF from 12D3KooWHdmUKc1bYKY3scg6TqGhK3SutwH9hu1aAez4VmvwkEyk
Ã°Å¸â€Å’ Consensus stream closed with 12D3KooWHdmUKc1bYKY3scg6TqGhK3SutwH9hu1aAez4VmvwkEyk
2026/05/18 00:52:11 [REGISTRY-PENDING] height=1951 chain_tip=1881 reason=future_block
2026/05/18 00:52:11 [REGISTRY-HISTORY-REBUILD] height=1951 status=scheduled reason=registry_snapshot_missing
[SET-PENDING] height=1952 chain_height=1881 reason=future_height
[REGISTRY-PENDING] height=1951 chain_height=1881 reason=future_parent
2026/05/18 00:52:11 [REGISTRY-HISTORY-REBUILD] height=1951 status=started reason=registry_snapshot_missing
2026/05/18 00:52:11 [REGISTRY-HISTORY-REBUILD] height=1951 status=failed reason=registry_snapshot_missing
2026/05/18 00:52:11 [REGISTRY-PENDING] height=1950 chain_tip=1881 reason=future_block
[SET-PENDING] height=1951 chain_height=1881 reason=future_height
[REGISTRY-PENDING] height=1950 chain_height=1881 reason=future_parent
2026/05/18 00:52:11 [REGISTRY-PENDING] height=1952 chain_tip=1881 reason=future_block
2026/05/18 00:52:11 [OK] goroutine pressure normalized: 242 (degrade mode off)
[REGISTRY-PENDING] height=1952 chain_height=1881 reason=future_parent
[SET-PENDING] height=1953 chain_height=1881 reason=future_height
Validator heartbeat: B | reported_height=1952 | finalized_height=1952 | local_exec_epoch=1953
2026/05/18 00:52:12 [REGISTRY-PENDING] height=1949 chain_tip=1881 reason=future_block
[REGISTRY-PENDING] height=1949 chain_height=1881 reason=future_parent
[SET-PENDING] height=1950 chain_height=1881 reason=future_height
Validator heartbeat: B | reported_height=1952 | finalized_height=1952 | local_exec_epoch=1953
Validator heartbeat received: B | reported_height=1952 | finalized_height=1952 | local_exec_epoch=1953
[SNAPSHOT-PUBLISH] deferred height=1881 reason=auto_publish_interval_10
Validator heartbeat: C | reported_height=1952 | finalized_height=1952 | local_exec_epoch=1953
Validator heartbeat received: B | reported_height=1952 | finalized_height=1952 | local_exec_epoch=1953
Validator heartbeat: C | reported_height=1952 | finalized_height=1952 | local_exec_epoch=1953
Validator heartbeat received: C | reported_height=1952 | finalized_height=1952 | local_exec_epoch=1953
Validator heartbeat: A | reported_height=1952 | finalized_height=1951 | local_exec_epoch=1953
Validator heartbeat received: C | reported_height=1952 | finalized_height=1952 | local_exec_epoch=1953
Validator heartbeat: A | reported_height=1952 | finalized_height=1951 | local_exec_epoch=1953
Validator heartbeat received: A | reported_height=1952 | finalized_height=1951 | local_exec_epoch=1953
Validator heartbeat: A | reported_height=1952 | finalized_height=1952 | local_exec_epoch=1953
Validator heartbeat received: A | reported_height=1952 | finalized_height=1951 | local_exec_epoch=1953
Validator heartbeat: A | reported_height=1952 | finalized_height=1952 | local_exec_epoch=1953
Validator heartbeat received: A | reported_height=1952 | finalized_height=1952 | local_exec_epoch=1953
Validator heartbeat received: A | reported_height=1952 | finalized_height=1952 | local_exec_epoch=1953
Dial fanout full (16); skipping this dial batch item
2026/05/18 00:52:21 [OK] goroutine pressure normalized: 242 (degrade mode off)
Ã°Å¸â€â€” PubSub mesh check against 9 peers
Candidate heartbeat received: D | reported_height=1881 | finalized_height=1880 | local_exec_epoch=1882
Candidate heartbeat received: D | reported_height=1881 | finalized_height=1880 | local_exec_epoch=1882
Ã°Å¸â€œÂ¨ Consensus message from 12D3KooWHdmUKc1bYKY3scg6TqGhK3SutwH9hu1aAez4VmvwkEyk: leader_block (size: 1170 bytes)
Ã°Å¸â€œÂ¦ Leader block received from 12D3KooWHdmUKc1bYKY3scg6TqGhK3SutwH9hu1aAez4VmvwkEyk | height=1953 proposer=B
Ã°Å¸â€Å’ Consensus stream EOF from 12D3KooWHdmUKc1bYKY3scg6TqGhK3SutwH9hu1aAez4VmvwkEyk
Ã°Å¸â€Å’ Consensus stream closed with 12D3KooWHdmUKc1bYKY3scg6TqGhK3SutwH9hu1aAez4VmvwkEyk
Ã°Å¸â€œÂ¨ Consensus message from 12D3KooWHdmUKc1bYKY3scg6TqGhK3SutwH9hu1aAez4VmvwkEyk: execution_result (size: 374 bytes)
Ã°Å¸â€Å’ Consensus stream EOF from 12D3KooWHdmUKc1bYKY3scg6TqGhK3SutwH9hu1aAez4VmvwkEyk
Ã°Å¸â€Å’ Consensus stream closed with 12D3KooWHdmUKc1bYKY3scg6TqGhK3SutwH9hu1aAez4VmvwkEyk
Ã°Å¸â€œÂ¨ Consensus message from 12D3KooWD9ed8zJXbW8uUU6XHD2UYrsQQEvnuXReJWFeo52dvdf8: execution_result (size: 374 bytes)
Ã°Å¸â€Å’ Consensus stream EOF from 12D3KooWD9ed8zJXbW8uUU6XHD2UYrsQQEvnuXReJWFeo52dvdf8
Ã°Å¸â€Å’ Consensus stream closed with 12D3KooWD9ed8zJXbW8uUU6XHD2UYrsQQEvnuXReJWFeo52dvdf8
Ã°Å¸â€œÂ¨ Consensus message from 12D3KooWPVKESWFG9sS8G6vjhfPn54kWuNFkkuHwG4yQXhYRcXjX: execution_result (size: 374 bytes)
Ã°Å¸â€Å’ Consensus stream EOF from 12D3KooWPVKESWFG9sS8G6vjhfPn54kWuNFkkuHwG4yQXhYRcXjX
Ã°Å¸â€Å’ Consensus stream closed with 12D3KooWPVKESWFG9sS8G6vjhfPn54kWuNFkkuHwG4yQXhYRcXjX
2026/05/18 00:52:23 [REGISTRY-PENDING] height=1952 chain_tip=1881 reason=future_block
[REGISTRY-PENDING] height=1952 chain_height=1881 reason=future_parent
[SET-PENDING] height=1953 chain_height=1881 reason=future_height
2026/05/18 00:52:23 [REGISTRY-HISTORY-REBUILD] height=1952 status=scheduled reason=registry_snapshot_missing
2026/05/18 00:52:23 [REGISTRY-PENDING] height=1951 chain_tip=1881 reason=future_block
2026/05/18 00:52:23 [REGISTRY-HISTORY-REBUILD] height=1952 status=started reason=registry_snapshot_missing
2026/05/18 00:52:23 [REGISTRY-HISTORY-REBUILD] height=1952 status=failed reason=registry_snapshot_missing
[SET-PENDING] height=1952 chain_height=1881 reason=future_height
[REGISTRY-PENDING] height=1951 chain_height=1881 reason=future_parent
2026/05/18 00:52:23 [REGISTRY-PENDING] height=1953 chain_tip=1881 reason=future_block
[REGISTRY-PENDING] height=1953 chain_height=1881 reason=future_parent
[SET-PENDING] height=1954 chain_height=1881 reason=future_height
Validator heartbeat: B | reported_height=1953 | finalized_height=1953 | local_exec_epoch=1954
2026/05/18 00:52:23 [REGISTRY-PENDING] height=1950 chain_tip=1881 reason=future_block
[REGISTRY-PENDING] height=1950 chain_height=1881 reason=future_parent
[SET-PENDING] height=1951 chain_height=1881 reason=future_height
Validator heartbeat: B | reported_height=1953 | finalized_height=1953 | local_exec_epoch=1954
Validator heartbeat received: B | reported_height=1953 | finalized_height=1953 | local_exec_epoch=1954
[SNAPSHOT-PUBLISH] deferred height=1881 reason=auto_publish_interval_10
Validator heartbeat: C | reported_height=1953 | finalized_height=1953 | local_exec_epoch=1954
Validator heartbeat received: B | reported_height=1953 | finalized_height=1953 | local_exec_epoch=1954
Validator heartbeat: C | reported_height=1953 | finalized_height=1953 | local_exec_epoch=1954
Validator heartbeat received: C | reported_height=1953 | finalized_height=1953 | local_exec_epoch=1954
Validator heartbeat: A | reported_height=1953 | finalized_height=1953 | local_exec_epoch=1954
Validator heartbeat received: C | reported_height=1953 | finalized_height=1953 | local_exec_epoch=1954
Validator heartbeat: A | reported_height=1953 | finalized_height=1953 | local_exec_epoch=1954
Validator heartbeat received: A | reported_height=1953 | finalized_height=1953 | local_exec_epoch=1954
Attempting to connect to 9 peers
Validator heartbeat received: A | reported_height=1953 | finalized_height=1953 | local_exec_epoch=1954
Ã°Å¸â€œÂ¨ Consensus message from 12D3KooWHdmUKc1bYKY3scg6TqGhK3SutwH9hu1aAez4VmvwkEyk: leader_block (size: 1170 bytes)
Ã°Å¸â€œÂ¦ Leader block received from 12D3KooWHdmUKc1bYKY3scg6TqGhK3SutwH9hu1aAez4VmvwkEyk | height=1954 proposer=B
Ã°Å¸â€Å’ Consensus stream EOF from 12D3KooWHdmUKc1bYKY3scg6TqGhK3SutwH9hu1aAez4VmvwkEyk
Ã°Å¸â€Å’ Consensus stream closed with 12D3KooWHdmUKc1bYKY3scg6TqGhK3SutwH9hu1aAez4VmvwkEyk
Ã°Å¸â€œÂ¨ Consensus message from 12D3KooWHdmUKc1bYKY3scg6TqGhK3SutwH9hu1aAez4VmvwkEyk: execution_result (size: 374 bytes)
Ã°Å¸â€Å’ Consensus stream EOF from 12D3KooWHdmUKc1bYKY3scg6TqGhK3SutwH9hu1aAez4VmvwkEyk
Ã°Å¸â€Å’ Consensus stream closed with 12D3KooWHdmUKc1bYKY3scg6TqGhK3SutwH9hu1aAez4VmvwkEyk
Ã°Å¸â€œÂ¨ Consensus message from 12D3KooWD9ed8zJXbW8uUU6XHD2UYrsQQEvnuXReJWFeo52dvdf8: execution_result (size: 374 bytes)
Ã°Å¸â€Å’ Consensus stream EOF from 12D3KooWD9ed8zJXbW8uUU6XHD2UYrsQQEvnuXReJWFeo52dvdf8
Ã°Å¸â€Å’ Consensus stream closed with 12D3KooWD9ed8zJXbW8uUU6XHD2UYrsQQEvnuXReJWFeo52dvdf8
Dial fanout full (16); skipping this dial batch item
2026/05/18 00:52:31 [OK] goroutine pressure normalized: 258 (degrade mode off)
2026/05/18 00:52:31 map stats: seen_blocks=2 seen_txs=0 fork_heights=0 fork_blocks=0 exec_results_keys=0 exec_results_total=0 pending_blocks=0 queued_exec_votes_keys=0 queued_exec_votes_total=0 accepted_proposal=1 exec_broadcasted_epochs=0 exec_broadcasted_keys=0 exec_signer_seen_epochs=1 exec_signer_seen_total=3 exec_broadcasted_by_val_epochs=0 exec_broadcasted_by_val_total=0 exec_rebroadcast_epochs=0 validator_status=5 candidates=1 peer_state=45 peers_connected=9 peers_connecting=0 peer_suspect=0 allowed_peers=4 pending_validators=0 pending_removals=0 queued_validator_updates=0 height_report_epochs=1 height_report_total=3 misbehavior_validators=0 misbehavior_total=0 exec_mismatch_tracked=0 exec_vote_replay_cache=3
Ã°Å¸â€œÂ¨ Consensus message from 12D3KooWPVKESWFG9sS8G6vjhfPn54kWuNFkkuHwG4yQXhYRcXjX: execution_result (size: 374 bytes)
Ã°Å¸â€Å’ Consensus stream EOF from 12D3KooWPVKESWFG9sS8G6vjhfPn54kWuNFkkuHwG4yQXhYRcXjX
Ã°Å¸â€Å’ Consensus stream closed with 12D3KooWPVKESWFG9sS8G6vjhfPn54kWuNFkkuHwG4yQXhYRcXjX
2026/05/18 00:52:32 [REGISTRY-PENDING] height=1953 chain_tip=1881 reason=future_block
[REGISTRY-PENDING] height=1953 chain_height=1881 reason=future_parent
[SET-PENDING] height=1954 chain_height=1881 reason=future_height
2026/05/18 00:52:32 [REGISTRY-HISTORY-REBUILD] height=1953 status=scheduled reason=registry_snapshot_missing
2026/05/18 00:52:32 [REGISTRY-PENDING] height=1952 chain_tip=1881 reason=future_block
[REGISTRY-PENDING] height=1952 chain_height=1881 reason=future_parent
2026/05/18 00:52:32 [REGISTRY-HISTORY-REBUILD] height=1953 status=started reason=registry_snapshot_missing
2026/05/18 00:52:32 [REGISTRY-HISTORY-REBUILD] height=1953 status=failed reason=registry_snapshot_missing
2026/05/18 00:52:32 [REGISTRY-PENDING] height=1954 chain_tip=1881 reason=future_block
[SET-PENDING] height=1953 chain_height=1881 reason=future_height
[REGISTRY-PENDING] height=1954 chain_height=1881 reason=future_parent
[SET-PENDING] height=1955 chain_height=1881 reason=future_height
Validator heartbeat: B | reported_height=1954 | finalized_height=1954 | local_exec_epoch=1955
2026/05/18 00:52:32 [REGISTRY-PENDING] height=1951 chain_tip=1881 reason=future_block
[REGISTRY-PENDING] height=1951 chain_height=1881 reason=future_parent
[SET-PENDING] height=1952 chain_height=1881 reason=future_height
Validator heartbeat: B | reported_height=1954 | finalized_height=1954 | local_exec_epoch=1955
Validator heartbeat received: B | reported_height=1954 | finalized_height=1954 | local_exec_epoch=1955
[SNAPSHOT-PUBLISH] deferred height=1881 reason=auto_publish_interval_10
Validator heartbeat received: B | reported_height=1954 | finalized_height=1954 | local_exec_epoch=1955
Validator heartbeat: A | reported_height=1954 | finalized_height=1954 | local_exec_epoch=1955
Validator heartbeat: A | reported_height=1954 | finalized_height=1954 | local_exec_epoch=1955
Validator heartbeat received: A | reported_height=1954 | finalized_height=1954 | local_exec_epoch=1955
Candidate heartbeat received: D | reported_height=1881 | finalized_height=1880 | local_exec_epoch=1882
Validator heartbeat received: A | reported_height=1954 | finalized_height=1954 | local_exec_epoch=1955
Candidate heartbeat received: D | reported_height=1881 | finalized_height=1880 | local_exec_epoch=1882
Validator heartbeat: C | reported_height=1954 | finalized_height=1954 | local_exec_epoch=1955
Validator heartbeat: C | reported_height=1954 | finalized_height=1954 | local_exec_epoch=1955
Validator heartbeat received: C | reported_height=1954 | finalized_height=1954 | local_exec_epoch=1955
Validator heartbeat received: C | reported_height=1954 | finalized_height=1954 | local_exec_epoch=1955
Ã°Å¸â€œÂ¨ Consensus message from 12D3KooWHdmUKc1bYKY3scg6TqGhK3SutwH9hu1aAez4VmvwkEyk: leader_block (size: 1170 bytes)
Ã°Å¸â€œÂ¦ Leader block received from 12D3KooWHdmUKc1bYKY3scg6TqGhK3SutwH9hu1aAez4VmvwkEyk | height=1955 proposer=B
Ã°Å¸â€Å’ Consensus stream EOF from 12D3KooWHdmUKc1bYKY3scg6TqGhK3SutwH9hu1aAez4VmvwkEyk
Ã°Å¸â€Å’ Consensus stream closed with 12D3KooWHdmUKc1bYKY3scg6TqGhK3SutwH9hu1aAez4VmvwkEyk
Ã°Å¸â€œÂ¨ Consensus message from 12D3KooWHdmUKc1bYKY3scg6TqGhK3SutwH9hu1aAez4VmvwkEyk: execution_result (size: 374 bytes)
Ã°Å¸â€Å’ Consensus stream EOF from 12D3KooWHdmUKc1bYKY3scg6TqGhK3SutwH9hu1aAez4VmvwkEyk
Ã°Å¸â€Å’ Consensus stream closed with 12D3KooWHdmUKc1bYKY3scg6TqGhK3SutwH9hu1aAez4VmvwkEyk
Ã°Å¸â€œÂ¨ Consensus message from 12D3KooWD9ed8zJXbW8uUU6XHD2UYrsQQEvnuXReJWFeo52dvdf8: execution_result (size: 374 bytes)
Ã°Å¸â€œÂ¨ Consensus message from 12D3KooWPVKESWFG9sS8G6vjhfPn54kWuNFkkuHwG4yQXhYRcXjX: execution_result (size: 374 bytes)
Ã°Å¸â€Å’ Consensus stream EOF from 12D3KooWPVKESWFG9sS8G6vjhfPn54kWuNFkkuHwG4yQXhYRcXjX
Ã°Å¸â€Å’ Consensus stream closed with 12D3KooWPVKESWFG9sS8G6vjhfPn54kWuNFkkuHwG4yQXhYRcXjX
Ã°Å¸â€Å’ Consensus stream EOF from 12D3KooWD9ed8zJXbW8uUU6XHD2UYrsQQEvnuXReJWFeo52dvdf8
Ã°Å¸â€Å’ Consensus stream closed with 12D3KooWD9ed8zJXbW8uUU6XHD2UYrsQQEvnuXReJWFeo52dvdf8
2026/05/18 00:52:39 [REGISTRY-PENDING] height=1954 chain_tip=1881 reason=future_block
[REGISTRY-PENDING] height=1954 chain_height=1881 reason=future_parent
2026/05/18 00:52:39 [REGISTRY-HISTORY-REBUILD] height=1954 status=scheduled reason=registry_snapshot_missing
[SET-PENDING] height=1955 chain_height=1881 reason=future_height
2026/05/18 00:52:39 [REGISTRY-HISTORY-REBUILD] height=1954 status=started reason=registry_snapshot_missing
2026/05/18 00:52:39 [REGISTRY-PENDING] height=1953 chain_tip=1881 reason=future_block
[REGISTRY-PENDING] height=1953 chain_height=1881 reason=future_parent
2026/05/18 00:52:39 [REGISTRY-HISTORY-REBUILD] height=1954 status=failed reason=registry_snapshot_missing
[SET-PENDING] height=1954 chain_height=1881 reason=future_height
2026/05/18 00:52:39 [REGISTRY-PENDING] height=1955 chain_tip=1881 reason=future_block
[REGISTRY-PENDING] height=1955 chain_height=1881 reason=future_parent
[SET-PENDING] height=1956 chain_height=1881 reason=future_height
Validator heartbeat: C | reported_height=1955 | finalized_height=1955 | local_exec_epoch=1956
2026/05/18 00:52:39 [REGISTRY-PENDING] height=1952 chain_tip=1881 reason=future_block
[REGISTRY-PENDING] height=1952 chain_height=1881 reason=future_parent
[SET-PENDING] height=1953 chain_height=1881 reason=future_height
Validator heartbeat: C | reported_height=1955 | finalized_height=1955 | local_exec_epoch=1956
Validator heartbeat received: C | reported_height=1955 | finalized_height=1955 | local_exec_epoch=1956
[SNAPSHOT-PUBLISH] deferred height=1881 reason=auto_publish_interval_10
Validator heartbeat: B | reported_height=1955 | finalized_height=1954 | local_exec_epoch=1956
Validator heartbeat received: C | reported_height=1955 | finalized_height=1955 | local_exec_epoch=1956
Validator heartbeat: B | reported_height=1955 | finalized_height=1954 | local_exec_epoch=1956
Validator heartbeat received: B | reported_height=1955 | finalized_height=1954 | local_exec_epoch=1956
2026/05/18 00:52:41 [OK] goroutine pressure normalized: 251 (degrade mode off)
Dial fanout full (16); skipping this dial batch item
Ã°Å¸â€â€” PubSub mesh check against 9 peers
Validator heartbeat: A | reported_height=1955 | finalized_height=1955 | local_exec_epoch=1956
Validator heartbeat received: B | reported_height=1955 | finalized_height=1954 | local_exec_epoch=1956
Validator heartbeat: A | reported_height=1955 | finalized_height=1955 | local_exec_epoch=1956
Validator heartbeat received: A | reported_height=1955 | finalized_height=1955 | local_exec_epoch=1956
Validator heartbeat: B | reported_height=1955 | finalized_height=1955 | local_exec_epoch=1956
Validator heartbeat received: A | reported_height=1955 | finalized_height=1955 | local_exec_epoch=1956
Validator heartbeat: B | reported_height=1955 | finalized_height=1955 | local_exec_epoch=1956
Validator heartbeat received: B | reported_height=1955 | finalized_height=1955 | local_exec_epoch=1956
Validator heartbeat received: B | reported_height=1955 | finalized_height=1955 | local_exec_epoch=1956
Ã°Å¸â€œÂ¨ Consensus message from 12D3KooWHdmUKc1bYKY3scg6TqGhK3SutwH9hu1aAez4VmvwkEyk: leader_block (size: 1170 bytes)
Ã°Å¸â€œÂ¦ Leader block received from 12D3KooWHdmUKc1bYKY3scg6TqGhK3SutwH9hu1aAez4VmvwkEyk | height=1956 proposer=B
Ã°Å¸â€Å’ Consensus stream EOF from 12D3KooWHdmUKc1bYKY3scg6TqGhK3SutwH9hu1aAez4VmvwkEyk
Ã°Å¸â€Å’ Consensus stream closed with 12D3KooWHdmUKc1bYKY3scg6TqGhK3SutwH9hu1aAez4VmvwkEyk
Ã°Å¸â€œÂ¨ Consensus message from 12D3KooWHdmUKc1bYKY3scg6TqGhK3SutwH9hu1aAez4VmvwkEyk: execution_result (size: 374 bytes)
Ã°Å¸â€Å’ Consensus stream EOF from 12D3KooWHdmUKc1bYKY3scg6TqGhK3SutwH9hu1aAez4VmvwkEyk
Ã°Å¸â€Å’ Consensus stream closed with 12D3KooWHdmUKc1bYKY3scg6TqGhK3SutwH9hu1aAez4VmvwkEyk
Ã°Å¸â€œÂ¨ Consensus message from 12D3KooWPVKESWFG9sS8G6vjhfPn54kWuNFkkuHwG4yQXhYRcXjX: execution_result (size: 374 bytes)
Ã°Å¸â€Å’ Consensus stream EOF from 12D3KooWPVKESWFG9sS8G6vjhfPn54kWuNFkkuHwG4yQXhYRcXjX
Ã°Å¸â€Å’ Consensus stream closed with 12D3KooWPVKESWFG9sS8G6vjhfPn54kWuNFkkuHwG4yQXhYRcXjX
Ã°Å¸â€œÂ¨ Consensus message from 12D3KooWD9ed8zJXbW8uUU6XHD2UYrsQQEvnuXReJWFeo52dvdf8: execution_result (size: 374 bytes)
Ã°Å¸â€Å’ Consensus stream EOF from 12D3KooWD9ed8zJXbW8uUU6XHD2UYrsQQEvnuXReJWFeo52dvdf8
Ã°Å¸â€Å’ Consensus stream closed with 12D3KooWD9ed8zJXbW8uUU6XHD2UYrsQQEvnuXReJWFeo52dvdf8
Candidate heartbeat received: D | reported_height=1881 | finalized_height=1880 | local_exec_epoch=1882
Candidate heartbeat received: D | reported_height=1881 | finalized_height=1880 | local_exec_epoch=1882
2026/05/18 00:52:48 [REGISTRY-PENDING] height=1955 chain_tip=1881 reason=future_block
[REGISTRY-PENDING] height=1955 chain_height=1881 reason=future_parent
2026/05/18 00:52:48 [REGISTRY-HISTORY-REBUILD] height=1955 status=scheduled reason=registry_snapshot_missing
[SET-PENDING] height=1956 chain_height=1881 reason=future_height
2026/05/18 00:52:48 [REGISTRY-HISTORY-REBUILD] height=1955 status=started reason=registry_snapshot_missing
2026/05/18 00:52:48 [REGISTRY-HISTORY-REBUILD] height=1955 status=failed reason=registry_snapshot_missing
2026/05/18 00:52:48 [REGISTRY-PENDING] height=1954 chain_tip=1881 reason=future_block
[REGISTRY-PENDING] height=1954 chain_height=1881 reason=future_parent
[SET-PENDING] height=1955 chain_height=1881 reason=future_height
2026/05/18 00:52:48 [REGISTRY-PENDING] height=1956 chain_tip=1881 reason=future_block
[REGISTRY-PENDING] height=1956 chain_height=1881 reason=future_parent
[SET-PENDING] height=1957 chain_height=1881 reason=future_height
Validator heartbeat: B | reported_height=1956 | finalized_height=1956 | local_exec_epoch=1957
2026/05/18 00:52:49 [REGISTRY-PENDING] height=1953 chain_tip=1881 reason=future_block
[REGISTRY-PENDING] height=1953 chain_height=1881 reason=future_parent
[SET-PENDING] height=1954 chain_height=1881 reason=future_height
Validator heartbeat: B | reported_height=1956 | finalized_height=1956 | local_exec_epoch=1957
Attempting to connect to 9 peers
Validator heartbeat received: B | reported_height=1956 | finalized_height=1956 | local_exec_epoch=1957
[SNAPSHOT-PUBLISH] deferred height=1881 reason=auto_publish_interval_10
Validator heartbeat received: B | reported_height=1956 | finalized_height=1956 | local_exec_epoch=1957
Validator heartbeat: C | reported_height=1956 | finalized_height=1956 | local_exec_epoch=1957
Validator heartbeat: C | reported_height=1956 | finalized_height=1956 | local_exec_epoch=1957
Validator heartbeat received: C | reported_height=1956 | finalized_height=1956 | local_exec_epoch=1957
Validator heartbeat: C | reported_height=1956 | finalized_height=1956 | local_exec_epoch=1957
Validator heartbeat received: C | reported_height=1956 | finalized_height=1956 | local_exec_epoch=1957
2026/05/18 00:52:51 [OK] goroutine pressure normalized: 250 (degrade mode off)
Validator heartbeat: C | reported_height=1956 | finalized_height=1956 | local_exec_epoch=1957
Validator heartbeat received: C | reported_height=1956 | finalized_height=1956 | local_exec_epoch=1957
Validator heartbeat: A | reported_height=1955 | finalized_height=1955 | local_exec_epoch=1956
Validator heartbeat received: C | reported_height=1956 | finalized_height=1956 | local_exec_epoch=1957
Validator heartbeat: A | reported_height=1955 | finalized_height=1955 | local_exec_epoch=1956
Ã°Å¸â€œÂ¨ Consensus message from 12D3KooWHdmUKc1bYKY3scg6TqGhK3SutwH9hu1aAez4VmvwkEyk: leader_block (size: 1170 bytes)
Ã°Å¸â€œÂ¦ Leader block received from 12D3KooWHdmUKc1bYKY3scg6TqGhK3SutwH9hu1aAez4VmvwkEyk | height=1957 proposer=B
Ã°Å¸â€Å’ Consensus stream EOF from 12D3KooWHdmUKc1bYKY3scg6TqGhK3SutwH9hu1aAez4VmvwkEyk
Ã°Å¸â€Å’ Consensus stream closed with 12D3KooWHdmUKc1bYKY3scg6TqGhK3SutwH9hu1aAez4VmvwkEyk
Validator heartbeat received: A | reported_height=1955 | finalized_height=1955 | local_exec_epoch=1956
Ã°Å¸â€œÂ¨ Consensus message from 12D3KooWD9ed8zJXbW8uUU6XHD2UYrsQQEvnuXReJWFeo52dvdf8: execution_result (size: 359 bytes)
Ã°Å¸â€Å’ Consensus stream EOF from 12D3KooWD9ed8zJXbW8uUU6XHD2UYrsQQEvnuXReJWFeo52dvdf8
Ã°Å¸â€Å’ Consensus stream closed with 12D3KooWD9ed8zJXbW8uUU6XHD2UYrsQQEvnuXReJWFeo52dvdf8
2026/05/18 00:52:53 [REGISTRY-HISTORY-REBUILD] height=1954 status=scheduled reason=registry_snapshot_missing
2026/05/18 00:52:53 [REGISTRY-HISTORY-REBUILD] height=1954 status=started reason=registry_snapshot_missing
2026/05/18 00:52:53 [REGISTRY-HISTORY-REBUILD] height=1954 status=failed reason=registry_snapshot_missing
Validator heartbeat: A | reported_height=1956 | finalized_height=1956 | local_exec_epoch=1957
Validator heartbeat received: A | reported_height=1955 | finalized_height=1955 | local_exec_epoch=1956
2026/05/18 00:52:53 [REGISTRY-PENDING] height=1955 chain_tip=1881 reason=future_block
[REGISTRY-PENDING] height=1955 chain_height=1881 reason=future_parent
[SET-PENDING] height=1956 chain_height=1881 reason=future_height
Ã°Å¸â€œÂ¨ Consensus message from 12D3KooWHdmUKc1bYKY3scg6TqGhK3SutwH9hu1aAez4VmvwkEyk: execution_result (size: 359 bytes)
2026/05/18 00:52:53 [REGISTRY-PENDING] height=1954 chain_tip=1881 reason=future_block
Ã°Å¸â€Å’ Consensus stream EOF from 12D3KooWHdmUKc1bYKY3scg6TqGhK3SutwH9hu1aAez4VmvwkEyk
Ã°Å¸â€Å’ Consensus stream closed with 12D3KooWHdmUKc1bYKY3scg6TqGhK3SutwH9hu1aAez4VmvwkEyk
[SET-PENDING] height=1955 chain_height=1881 reason=future_height
[REGISTRY-PENDING] height=1954 chain_height=1881 reason=future_parent
2026/05/18 00:52:53 [REGISTRY-PENDING] height=1956 chain_tip=1881 reason=future_block
[REGISTRY-PENDING] height=1956 chain_height=1881 reason=future_parent
[SET-PENDING] height=1957 chain_height=1881 reason=future_height
Validator heartbeat: A | reported_height=1956 | finalized_height=1956 | local_exec_epoch=1957
Ã°Å¸â€œÂ¨ Consensus message from 12D3KooWHdmUKc1bYKY3scg6TqGhK3SutwH9hu1aAez4VmvwkEyk: leader_block (size: 1170 bytes)
Ã°Å¸â€œÂ¦ Leader block received from 12D3KooWHdmUKc1bYKY3scg6TqGhK3SutwH9hu1aAez4VmvwkEyk | height=1957 proposer=B
Ã°Å¸â€Å’ Consensus stream EOF from 12D3KooWHdmUKc1bYKY3scg6TqGhK3SutwH9hu1aAez4VmvwkEyk
Ã°Å¸â€Å’ Consensus stream closed with 12D3KooWHdmUKc1bYKY3scg6TqGhK3SutwH9hu1aAez4VmvwkEyk
Validator heartbeat received: A | reported_height=1956 | finalized_height=1956 | local_exec_epoch=1957
Validator heartbeat: A | reported_height=1956 | finalized_height=1956 | local_exec_epoch=1957
Validator heartbeat received: A | reported_height=1956 | finalized_height=1956 | local_exec_epoch=1957
Validator heartbeat: A | reported_height=1956 | finalized_height=1956 | local_exec_epoch=1957
Validator heartbeat received: A | reported_height=1956 | finalized_height=1956 | local_exec_epoch=1957
[SNAPSHOT-PUBLISH] deferred height=1881 reason=auto_publish_interval_10
Validator heartbeat received: A | reported_height=1956 | finalized_height=1956 | local_exec_epoch=1957
Ã°Å¸â€œÂ¨ Consensus message from 12D3KooWPVKESWFG9sS8G6vjhfPn54kWuNFkkuHwG4yQXhYRcXjX: execution_result (size: 359 bytes)
Ã°Å¸â€Å’ Consensus stream EOF from 12D3KooWPVKESWFG9sS8G6vjhfPn54kWuNFkkuHwG4yQXhYRcXjX
Ã°Å¸â€Å’ Consensus stream closed with 12D3KooWPVKESWFG9sS8G6vjhfPn54kWuNFkkuHwG4yQXhYRcXjX
2026/05/18 00:52:55 [REGISTRY-PENDING] height=1957 chain_tip=1881 reason=future_block
[REGISTRY-PENDING] height=1957 chain_height=1881 reason=future_parent
[SET-PENDING] height=1958 chain_height=1881 reason=future_height
Validator heartbeat: C | reported_height=1957 | finalized_height=1957 | local_exec_epoch=1958
Validator heartbeat: C | reported_height=1957 | finalized_height=1957 | local_exec_epoch=1958
Dial fanout full (16); skipping this dial batch item
Validator heartbeat received: C | reported_height=1957 | finalized_height=1957 | local_exec_epoch=1958
Validator heartbeat received: C | reported_height=1957 | finalized_height=1957 | local_exec_epoch=1958
Validator heartbeat: B | reported_height=1957 | finalized_height=1957 | local_exec_epoch=1958
Validator heartbeat: B | reported_height=1957 | finalized_height=1957 | local_exec_epoch=1958
Ã°Å¸â€œÂ¨ Consensus message from 12D3KooWD9ed8zJXbW8uUU6XHD2UYrsQQEvnuXReJWFeo52dvdf8: leader_block (size: 1170 bytes)
Ã°Å¸â€œÂ¦ Leader block received from 12D3KooWD9ed8zJXbW8uUU6XHD2UYrsQQEvnuXReJWFeo52dvdf8 | height=1958 proposer=C
Ã°Å¸â€Å’ Consensus stream EOF from 12D3KooWD9ed8zJXbW8uUU6XHD2UYrsQQEvnuXReJWFeo52dvdf8
Ã°Å¸â€Å’ Consensus stream closed with 12D3KooWD9ed8zJXbW8uUU6XHD2UYrsQQEvnuXReJWFeo52dvdf8
Ã°Å¸â€œÂ¨ Consensus message from 12D3KooWD9ed8zJXbW8uUU6XHD2UYrsQQEvnuXReJWFeo52dvdf8: execution_result (size: 359 bytes)
Ã°Å¸â€Å’ Consensus stream EOF from 12D3KooWD9ed8zJXbW8uUU6XHD2UYrsQQEvnuXReJWFeo52dvdf8
Ã°Å¸â€Å’ Consensus stream closed with 12D3KooWD9ed8zJXbW8uUU6XHD2UYrsQQEvnuXReJWFeo52dvdf8
Validator heartbeat received: B | reported_height=1957 | finalized_height=1957 | local_exec_epoch=1958
Validator heartbeat received: B | reported_height=1957 | finalized_height=1957 | local_exec_epoch=1958
Ã°Å¸â€œÂ¨ Consensus message from 12D3KooWHdmUKc1bYKY3scg6TqGhK3SutwH9hu1aAez4VmvwkEyk: execution_result (size: 359 bytes)
Ã°Å¸â€Å’ Consensus stream EOF from 12D3KooWHdmUKc1bYKY3scg6TqGhK3SutwH9hu1aAez4VmvwkEyk
Ã°Å¸â€Å’ Consensus stream closed with 12D3KooWHdmUKc1bYKY3scg6TqGhK3SutwH9hu1aAez4VmvwkEyk
Ã°Å¸â€œÂ¨ Consensus message from 12D3KooWD9ed8zJXbW8uUU6XHD2UYrsQQEvnuXReJWFeo52dvdf8: leader_block (size: 1170 bytes)
Ã°Å¸â€œÂ¦ Leader block received from 12D3KooWD9ed8zJXbW8uUU6XHD2UYrsQQEvnuXReJWFeo52dvdf8 | height=1958 proposer=C
Ã°Å¸â€Å’ Consensus stream EOF from 12D3KooWD9ed8zJXbW8uUU6XHD2UYrsQQEvnuXReJWFeo52dvdf8
Ã°Å¸â€Å’ Consensus stream closed with 12D3KooWD9ed8zJXbW8uUU6XHD2UYrsQQEvnuXReJWFeo52dvdf8
2026/05/18 00:52:59 [REGISTRY-PENDING] height=1956 chain_tip=1881 reason=future_block
[REGISTRY-PENDING] height=1956 chain_height=1881 reason=future_parent
2026/05/18 00:52:59 [REGISTRY-HISTORY-REBUILD] height=1956 status=scheduled reason=registry_snapshot_missing
[SET-PENDING] height=1957 chain_height=1881 reason=future_height
2026/05/18 00:52:59 [REGISTRY-HISTORY-REBUILD] height=1956 status=started reason=registry_snapshot_missing
2026/05/18 00:52:59 [REGISTRY-HISTORY-REBUILD] height=1956 status=failed reason=registry_snapshot_missing
2026/05/18 00:52:59 [REGISTRY-PENDING] height=1955 chain_tip=1881 reason=future_block
[REGISTRY-PENDING] height=1955 chain_height=1881 reason=future_parent
[SET-PENDING] height=1956 chain_height=1881 reason=future_height
Validator heartbeat: A | reported_height=1957 | finalized_height=1957 | local_exec_epoch=1958
Validator heartbeat: A | reported_height=1957 | finalized_height=1957 | local_exec_epoch=1958
Validator heartbeat received: A | reported_height=1957 | finalized_height=1957 | local_exec_epoch=1958
[SNAPSHOT-PUBLISH] deferred height=1881 reason=auto_publish_interval_10
Validator heartbeat received: A | reported_height=1957 | finalized_height=1957 | local_exec_epoch=1958
Candidate heartbeat received: D | reported_height=1881 | finalized_height=1880 | local_exec_epoch=1882
Candidate heartbeat received: D | reported_height=1881 | finalized_height=1880 | local_exec_epoch=1882
Ã°Å¸â€œÂ¨ Consensus message from 12D3KooWPVKESWFG9sS8G6vjhfPn54kWuNFkkuHwG4yQXhYRcXjX: execution_result (size: 359 bytes)
Ã°Å¸â€Å’ Consensus stream EOF from 12D3KooWPVKESWFG9sS8G6vjhfPn54kWuNFkkuHwG4yQXhYRcXjX
Ã°Å¸â€Å’ Consensus stream closed with 12D3KooWPVKESWFG9sS8G6vjhfPn54kWuNFkkuHwG4yQXhYRcXjX
2026/05/18 00:53:01 [OK] goroutine pressure normalized: 240 (degrade mode off)
2026/05/18 00:53:02 [REGISTRY-PENDING] height=1957 chain_tip=1881 reason=future_block
[REGISTRY-PENDING] height=1957 chain_height=1881 reason=future_parent
[SET-PENDING] height=1958 chain_height=1881 reason=future_height
2026/05/18 00:53:02 [REGISTRY-PENDING] height=1958 chain_tip=1881 reason=future_block
[REGISTRY-PENDING] height=1958 chain_height=1881 reason=future_parent
[SET-PENDING] height=1959 chain_height=1881 reason=future_height
Validator heartbeat: C | reported_height=1958 | finalized_height=1958 | local_exec_epoch=1959
Validator heartbeat: C | reported_height=1958 | finalized_height=1958 | local_exec_epoch=1959
Validator heartbeat received: C | reported_height=1958 | finalized_height=1958 | local_exec_epoch=1959
Validator heartbeat: B | reported_height=1958 | finalized_height=1958 | local_exec_epoch=1959
Validator heartbeat received: C | reported_height=1958 | finalized_height=1958 | local_exec_epoch=1959
2026/05/18 00:53:04 [REGISTRY-HISTORY-REBUILD] height=1957 status=scheduled reason=registry_snapshot_missing
2026/05/18 00:53:04 [REGISTRY-HISTORY-REBUILD] height=1957 status=started reason=registry_snapshot_missing
2026/05/18 00:53:04 [REGISTRY-HISTORY-REBUILD] height=1957 status=failed reason=registry_snapshot_missing
Validator heartbeat: B | reported_height=1958 | finalized_height=1958 | local_exec_epoch=1959
2026/05/18 00:53:04 [REGISTRY-PENDING] height=1956 chain_tip=1881 reason=future_block
[REGISTRY-PENDING] height=1956 chain_height=1881 reason=future_parent
[SET-PENDING] height=1957 chain_height=1881 reason=future_height
2026/05/18 00:53:04 [REGISTRY-PENDING] height=1955 chain_tip=1881 reason=future_block
[REGISTRY-PENDING] height=1955 chain_height=1881 reason=future_parent
[SET-PENDING] height=1956 chain_height=1881 reason=future_height
Validator heartbeat received: B | reported_height=1958 | finalized_height=1958 | local_exec_epoch=1959
Validator heartbeat received: B | reported_height=1958 | finalized_height=1958 | local_exec_epoch=1959
Ã°Å¸â€â€” PubSub mesh check against 9 peers
2026/05/18 00:53:07 [REGISTRY-PENDING] height=1957 chain_tip=1881 reason=future_block
[REGISTRY-PENDING] height=1957 chain_height=1881 reason=future_parent
[SET-PENDING] height=1958 chain_height=1881 reason=future_height
2026/05/18 00:53:07 [REGISTRY-PENDING] height=1958 chain_tip=1881 reason=future_block
[REGISTRY-PENDING] height=1958 chain_height=1881 reason=future_parent
[SET-PENDING] height=1959 chain_height=1881 reason=future_height
Validator heartbeat: A | reported_height=1958 | finalized_height=1958 | local_exec_epoch=1959
Validator heartbeat: A | reported_height=1958 | finalized_height=1958 | local_exec_epoch=1959
Ã°Å¸â€œÂ¨ Consensus message from 12D3KooWPVKESWFG9sS8G6vjhfPn54kWuNFkkuHwG4yQXhYRcXjX: leader_block (size: 1170 bytes)
Ã°Å¸â€œÂ¦ Leader block received from 12D3KooWPVKESWFG9sS8G6vjhfPn54kWuNFkkuHwG4yQXhYRcXjX | height=1959 proposer=A
Ã°Å¸â€Å’ Consensus stream EOF from 12D3KooWPVKESWFG9sS8G6vjhfPn54kWuNFkkuHwG4yQXhYRcXjX
Ã°Å¸â€Å’ Consensus stream closed with 12D3KooWPVKESWFG9sS8G6vjhfPn54kWuNFkkuHwG4yQXhYRcXjX
Ã°Å¸â€œÂ¨ Consensus message from 12D3KooWPVKESWFG9sS8G6vjhfPn54kWuNFkkuHwG4yQXhYRcXjX: execution_result (size: 359 bytes)
Ã°Å¸â€Å’ Consensus stream EOF from 12D3KooWPVKESWFG9sS8G6vjhfPn54kWuNFkkuHwG4yQXhYRcXjX
Ã°Å¸â€Å’ Consensus stream closed with 12D3KooWPVKESWFG9sS8G6vjhfPn54kWuNFkkuHwG4yQXhYRcXjX
Ã°Å¸â€œÂ¨ Consensus message from 12D3KooWD9ed8zJXbW8uUU6XHD2UYrsQQEvnuXReJWFeo52dvdf8: execution_result (size: 359 bytes)
Ã°Å¸â€Å’ Consensus stream EOF from 12D3KooWD9ed8zJXbW8uUU6XHD2UYrsQQEvnuXReJWFeo52dvdf8
Ã°Å¸â€Å’ Consensus stream closed with 12D3KooWD9ed8zJXbW8uUU6XHD2UYrsQQEvnuXReJWFeo52dvdf8
Validator heartbeat received: A | reported_height=1958 | finalized_height=1958 | local_exec_epoch=1959
[SNAPSHOT-PUBLISH] deferred height=1881 reason=auto_publish_interval_10
Ã°Å¸â€œÂ¨ Consensus message from 12D3KooWPVKESWFG9sS8G6vjhfPn54kWuNFkkuHwG4yQXhYRcXjX: leader_block (size: 1170 bytes)
Ã°Å¸â€œÂ¦ Leader block received from 12D3KooWPVKESWFG9sS8G6vjhfPn54kWuNFkkuHwG4yQXhYRcXjX | height=1959 proposer=A
Ã°Å¸â€Å’ Consensus stream EOF from 12D3KooWPVKESWFG9sS8G6vjhfPn54kWuNFkkuHwG4yQXhYRcXjX
Ã°Å¸â€Å’ Consensus stream closed with 12D3KooWPVKESWFG9sS8G6vjhfPn54kWuNFkkuHwG4yQXhYRcXjX
Validator heartbeat received: A | reported_height=1958 | finalized_height=1958 | local_exec_epoch=1959
Ã°Å¸â€œÂ¨ Consensus message from 12D3KooWHdmUKc1bYKY3scg6TqGhK3SutwH9hu1aAez4VmvwkEyk: execution_result (size: 359 bytes)
Ã°Å¸â€Å’ Consensus stream EOF from 12D3KooWHdmUKc1bYKY3scg6TqGhK3SutwH9hu1aAez4VmvwkEyk
Ã°Å¸â€Å’ Consensus stream closed with 12D3KooWHdmUKc1bYKY3scg6TqGhK3SutwH9hu1aAez4VmvwkEyk
2026/05/18 00:53:08 [REGISTRY-PENDING] height=1959 chain_tip=1881 reason=future_block
[REGISTRY-PENDING] height=1959 chain_height=1881 reason=future_parent
[SET-PENDING] height=1960 chain_height=1881 reason=future_height
Validator heartbeat: C | reported_height=1959 | finalized_height=1959 | local_exec_epoch=1960
Validator heartbeat: C | reported_height=1959 | finalized_height=1959 | local_exec_epoch=1960
2026/05/18 00:53:09 [REGISTRY-HISTORY-REBUILD] height=1957 status=scheduled reason=registry_snapshot_missing
2026/05/18 00:53:09 [REGISTRY-PENDING] height=1956 chain_tip=1881 reason=future_block
2026/05/18 00:53:09 [REGISTRY-HISTORY-REBUILD] height=1957 status=started reason=registry_snapshot_missing
2026/05/18 00:53:09 [REGISTRY-HISTORY-REBUILD] height=1957 status=failed reason=registry_snapshot_missing
[REGISTRY-PENDING] height=1956 chain_height=1881 reason=future_parent
[SET-PENDING] height=1957 chain_height=1881 reason=future_height
Validator heartbeat received: C | reported_height=1959 | finalized_height=1959 | local_exec_epoch=1960
Validator heartbeat: A | reported_height=1959 | finalized_height=1959 | local_exec_epoch=1960
Validator heartbeat received: C | reported_height=1959 | finalized_height=1959 | local_exec_epoch=1960
Validator heartbeat: A | reported_height=1959 | finalized_height=1959 | local_exec_epoch=1960
Validator heartbeat received: A | reported_height=1959 | finalized_height=1959 | local_exec_epoch=1960
Validator heartbeat: B | reported_height=1959 | finalized_height=1959 | local_exec_epoch=1960
Validator heartbeat received: A | reported_height=1959 | finalized_height=1959 | local_exec_epoch=1960
Validator heartbeat: B | reported_height=1959 | finalized_height=1959 | local_exec_epoch=1960
Ã°Å¸â€œÂ¨ Consensus message from 12D3KooWPVKESWFG9sS8G6vjhfPn54kWuNFkkuHwG4yQXhYRcXjX: leader_block (size: 1170 bytes)
Ã°Å¸â€œÂ¦ Leader block received from 12D3KooWPVKESWFG9sS8G6vjhfPn54kWuNFkkuHwG4yQXhYRcXjX | height=1960 proposer=A
Ã°Å¸â€Å’ Consensus stream EOF from 12D3KooWPVKESWFG9sS8G6vjhfPn54kWuNFkkuHwG4yQXhYRcXjX
Ã°Å¸â€Å’ Consensus stream closed with 12D3KooWPVKESWFG9sS8G6vjhfPn54kWuNFkkuHwG4yQXhYRcXjX
2026/05/18 00:53:11 [OK] goroutine pressure normalized: 240 (degrade mode off)
Attempting to connect to 9 peers
Dial fanout full (16); skipping this dial batch item
Ã°Å¸â€œÂ¨ Consensus message from 12D3KooWPVKESWFG9sS8G6vjhfPn54kWuNFkkuHwG4yQXhYRcXjX: execution_result (size: 359 bytes)
Ã°Å¸â€Å’ Consensus stream EOF from 12D3KooWPVKESWFG9sS8G6vjhfPn54kWuNFkkuHwG4yQXhYRcXjX
Ã°Å¸â€Å’ Consensus stream closed with 12D3KooWPVKESWFG9sS8G6vjhfPn54kWuNFkkuHwG4yQXhYRcXjX
Validator heartbeat received: B | reported_height=1959 | finalized_height=1959 | local_exec_epoch=1960
Validator heartbeat received: B | reported_height=1959 | finalized_height=1959 | local_exec_epoch=1960
Ã°Å¸â€œÂ¨ Consensus message from 12D3KooWHdmUKc1bYKY3scg6TqGhK3SutwH9hu1aAez4VmvwkEyk: execution_result (size: 359 bytes)
Ã°Å¸â€Å’ Consensus stream EOF from 12D3KooWHdmUKc1bYKY3scg6TqGhK3SutwH9hu1aAez4VmvwkEyk
Ã°Å¸â€Å’ Consensus stream closed with 12D3KooWHdmUKc1bYKY3scg6TqGhK3SutwH9hu1aAez4VmvwkEyk
Ã°Å¸â€œÂ¨ Consensus message from 12D3KooWD9ed8zJXbW8uUU6XHD2UYrsQQEvnuXReJWFeo52dvdf8: execution_result (size: 359 bytes)
Ã°Å¸â€Å’ Consensus stream EOF from 12D3KooWD9ed8zJXbW8uUU6XHD2UYrsQQEvnuXReJWFeo52dvdf8
Ã°Å¸â€Å’ Consensus stream closed with 12D3KooWD9ed8zJXbW8uUU6XHD2UYrsQQEvnuXReJWFeo52dvdf8
[SNAPSHOT-PROOF] height=1960 checkpoint=1952 validator=G votes=1 hash=0703902f
Ã°Å¸â€œÂ¨ Consensus message from 12D3KooWPVKESWFG9sS8G6vjhfPn54kWuNFkkuHwG4yQXhYRcXjX: leader_block (size: 1170 bytes)
Ã°Å¸â€œÂ¦ Leader block received from 12D3KooWPVKESWFG9sS8G6vjhfPn54kWuNFkkuHwG4yQXhYRcXjX | height=1960 proposer=A
Ã°Å¸â€Å’ Consensus stream EOF from 12D3KooWPVKESWFG9sS8G6vjhfPn54kWuNFkkuHwG4yQXhYRcXjX
Ã°Å¸â€Å’ Consensus stream closed with 12D3KooWPVKESWFG9sS8G6vjhfPn54kWuNFkkuHwG4yQXhYRcXjX
2026/05/18 00:53:13 [REGISTRY-PENDING] height=1958 chain_tip=1881 reason=future_block
[REGISTRY-PENDING] height=1958 chain_height=1881 reason=future_parent
[SET-PENDING] height=1959 chain_height=1881 reason=future_height
2026/05/18 00:53:13 [REGISTRY-PENDING] height=1960 chain_tip=1881 reason=future_block
[REGISTRY-PENDING] height=1960 chain_height=1881 reason=future_parent
[SET-PENDING] height=1961 chain_height=1881 reason=future_height
Validator heartbeat: A | reported_height=1960 | finalized_height=1960 | local_exec_epoch=1961
2026/05/18 00:53:13 [REGISTRY-PENDING] height=1957 chain_tip=1881 reason=future_block
[REGISTRY-PENDING] height=1957 chain_height=1881 reason=future_parent
[SET-PENDING] height=1958 chain_height=1881 reason=future_height
Validator heartbeat: A | reported_height=1960 | finalized_height=1960 | local_exec_epoch=1961
[SNAPSHOT-PROOF] height=1960 checkpoint=1952 validator=A votes=2 hash=0703902f
2026/05/18 00:53:13 [REGISTRY-PENDING] height=1959 chain_tip=1881 reason=future_block
Validator heartbeat received: A | reported_height=1960 | finalized_height=1960 | local_exec_epoch=1961
[SNAPSHOT-PUBLISH] deferred height=1881 reason=auto_publish_interval_10
Candidate heartbeat received: D | reported_height=1881 | finalized_height=1880 | local_exec_epoch=1882
[REGISTRY-PENDING] height=1959 chain_height=1881 reason=future_parent
[SET-PENDING] height=1960 chain_height=1881 reason=future_height
[SNAPSHOT-PROOF] height=1960 checkpoint=1952 validator=B votes=3 hash=0703902f
Validator heartbeat received: A | reported_height=1960 | finalized_height=1960 | local_exec_epoch=1961
Candidate heartbeat received: D | reported_height=1881 | finalized_height=1880 | local_exec_epoch=1882
Validator heartbeat: B | reported_height=1960 | finalized_height=1960 | local_exec_epoch=1961
2026/05/18 00:53:14 [REGISTRY-HISTORY-REBUILD] height=1960 status=scheduled reason=registry_snapshot_missing
2026/05/18 00:53:14 [REGISTRY-HISTORY-REBUILD] height=1960 status=started reason=registry_snapshot_missing
2026/05/18 00:53:14 [REGISTRY-HISTORY-REBUILD] height=1960 status=failed reason=registry_snapshot_missing
Validator heartbeat: B | reported_height=1960 | finalized_height=1960 | local_exec_epoch=1961
[SNAPSHOT-PROOF] height=1960 checkpoint=1952 validator=C votes=4 hash=0703902f
Validator heartbeat received: B | reported_height=1960 | finalized_height=1960 | local_exec_epoch=1961
Ã°Å¸â€œÂ¨ Consensus message from 12D3KooWD9ed8zJXbW8uUU6XHD2UYrsQQEvnuXReJWFeo52dvdf8: leader_block (size: 1170 bytes)
Ã°Å¸â€œÂ¦ Leader block received from 12D3KooWD9ed8zJXbW8uUU6XHD2UYrsQQEvnuXReJWFeo52dvdf8 | height=1961 proposer=C
Ã°Å¸â€Å’ Consensus stream EOF from 12D3KooWD9ed8zJXbW8uUU6XHD2UYrsQQEvnuXReJWFeo52dvdf8
Ã°Å¸â€Å’ Consensus stream closed with 12D3KooWD9ed8zJXbW8uUU6XHD2UYrsQQEvnuXReJWFeo52dvdf8
Ã°Å¸â€œÂ¨ Consensus message from 12D3KooWD9ed8zJXbW8uUU6XHD2UYrsQQEvnuXReJWFeo52dvdf8: execution_result (size: 359 bytes)
Ã°Å¸â€Å’ Consensus stream EOF from 12D3KooWD9ed8zJXbW8uUU6XHD2UYrsQQEvnuXReJWFeo52dvdf8
Ã°Å¸â€Å’ Consensus stream closed with 12D3KooWD9ed8zJXbW8uUU6XHD2UYrsQQEvnuXReJWFeo52dvdf8
Ã°Å¸â€œÂ¨ Consensus message from 12D3KooWHdmUKc1bYKY3scg6TqGhK3SutwH9hu1aAez4VmvwkEyk: execution_result (size: 359 bytes)
Ã°Å¸â€Å’ Consensus stream EOF from 12D3KooWHdmUKc1bYKY3scg6TqGhK3SutwH9hu1aAez4VmvwkEyk
Ã°Å¸â€Å’ Consensus stream closed with 12D3KooWHdmUKc1bYKY3scg6TqGhK3SutwH9hu1aAez4VmvwkEyk
Ã°Å¸â€œÂ¨ Consensus message from 12D3KooWPVKESWFG9sS8G6vjhfPn54kWuNFkkuHwG4yQXhYRcXjX: execution_result (size: 359 bytes)
Ã°Å¸â€Å’ Consensus stream EOF from 12D3KooWPVKESWFG9sS8G6vjhfPn54kWuNFkkuHwG4yQXhYRcXjX
Ã°Å¸â€Å’ Consensus stream closed with 12D3KooWPVKESWFG9sS8G6vjhfPn54kWuNFkkuHwG4yQXhYRcXjX
Validator heartbeat: B | reported_height=1960 | finalized_height=1960 | local_exec_epoch=1961
Validator heartbeat received: B | reported_height=1960 | finalized_height=1960 | local_exec_epoch=1961
Validator heartbeat: B | reported_height=1960 | finalized_height=1960 | local_exec_epoch=1961
Validator heartbeat received: B | reported_height=1960 | finalized_height=1960 | local_exec_epoch=1961
Validator heartbeat: C | reported_height=1960 | finalized_height=1960 | local_exec_epoch=1961
Validator heartbeat received: B | reported_height=1960 | finalized_height=1960 | local_exec_epoch=1961
Validator heartbeat: C | reported_height=1960 | finalized_height=1960 | local_exec_epoch=1961
Validator heartbeat received: C | reported_height=1960 | finalized_height=1960 | local_exec_epoch=1961
Validator heartbeat: C | reported_height=1960 | finalized_height=1960 | local_exec_epoch=1961
Validator heartbeat received: C | reported_height=1960 | finalized_height=1960 | local_exec_epoch=1961
Validator heartbeat: C | reported_height=1960 | finalized_height=1960 | local_exec_epoch=1961
2026/05/18 00:53:18 [REGISTRY-PENDING] height=1958 chain_tip=1881 reason=future_block
[REGISTRY-PENDING] height=1958 chain_height=1881 reason=future_parent
[SET-PENDING] height=1959 chain_height=1881 reason=future_height
2026/05/18 00:53:18 [REGISTRY-PENDING] height=1960 chain_tip=1881 reason=future_block
[REGISTRY-PENDING] height=1960 chain_height=1881 reason=future_parent
[SET-PENDING] height=1961 chain_height=1881 reason=future_height
Validator heartbeat received: C | reported_height=1960 | finalized_height=1960 | local_exec_epoch=1961
2026/05/18 00:53:18 [REGISTRY-PENDING] height=1961 chain_tip=1881 reason=future_block
[REGISTRY-PENDING] height=1961 chain_height=1881 reason=future_parent
[SET-PENDING] height=1962 chain_height=1881 reason=future_height
Validator heartbeat: C | reported_height=1961 | finalized_height=1961 | local_exec_epoch=1962
Validator heartbeat received: C | reported_height=1960 | finalized_height=1960 | local_exec_epoch=1961
Validator heartbeat: C | reported_height=1961 | finalized_height=1961 | local_exec_epoch=1962
2026/05/18 00:53:18 [REGISTRY-PENDING] height=1959 chain_tip=1881 reason=future_block
[REGISTRY-PENDING] height=1959 chain_height=1881 reason=future_parent
[SET-PENDING] height=1960 chain_height=1881 reason=future_height
Validator heartbeat received: C | reported_height=1961 | finalized_height=1961 | local_exec_epoch=1962
[SNAPSHOT-PUBLISH] deferred height=1881 reason=auto_publish_interval_10
Validator heartbeat: B | reported_height=1961 | finalized_height=1960 | local_exec_epoch=1962
Validator heartbeat received: C | reported_height=1961 | finalized_height=1961 | local_exec_epoch=1962
Validator heartbeat: B | reported_height=1961 | finalized_height=1960 | local_exec_epoch=1962
2026/05/18 00:53:19 [REGISTRY-HISTORY-REBUILD] height=1960 status=scheduled reason=registry_snapshot_missing
Validator heartbeat received: B | reported_height=1961 | finalized_height=1960 | local_exec_epoch=1962
Validator heartbeat: A | reported_height=1961 | finalized_height=1961 | local_exec_epoch=1962
Validator heartbeat received: B | reported_height=1961 | finalized_height=1960 | local_exec_epoch=1962
Validator heartbeat: A | reported_height=1961 | finalized_height=1961 | local_exec_epoch=1962
Validator heartbeat received: A | reported_height=1961 | finalized_height=1961 | local_exec_epoch=1962
Validator heartbeat: B | reported_height=1961 | finalized_height=1961 | local_exec_epoch=1962
Validator heartbeat received: A | reported_height=1961 | finalized_height=1961 | local_exec_epoch=1962
Validator heartbeat: B | reported_height=1961 | finalized_height=1961 | local_exec_epoch=1962
Validator heartbeat received: B | reported_height=1961 | finalized_height=1961 | local_exec_epoch=1962
Validator heartbeat received: B | reported_height=1961 | finalized_height=1961 | local_exec_epoch=1962
2026/05/18 00:53:21 [OK] goroutine pressure normalized: 249 (degrade mode off)
Ã°Å¸â€œÂ¨ Consensus message from 12D3KooWD9ed8zJXbW8uUU6XHD2UYrsQQEvnuXReJWFeo52dvdf8: leader_block (size: 1170 bytes)
Ã°Å¸â€œÂ¦ Leader block received from 12D3KooWD9ed8zJXbW8uUU6XHD2UYrsQQEvnuXReJWFeo52dvdf8 | height=1962 proposer=C
Ã°Å¸â€Å’ Consensus stream EOF from 12D3KooWD9ed8zJXbW8uUU6XHD2UYrsQQEvnuXReJWFeo52dvdf8
Ã°Å¸â€Å’ Consensus stream closed with 12D3KooWD9ed8zJXbW8uUU6XHD2UYrsQQEvnuXReJWFeo52dvdf8
Ã°Å¸â€œÂ¨ Consensus message from 12D3KooWD9ed8zJXbW8uUU6XHD2UYrsQQEvnuXReJWFeo52dvdf8: execution_result (size: 374 bytes)
Ã°Å¸â€Å’ Consensus stream EOF from 12D3KooWD9ed8zJXbW8uUU6XHD2UYrsQQEvnuXReJWFeo52dvdf8
Ã°Å¸â€Å’ Consensus stream closed with 12D3KooWD9ed8zJXbW8uUU6XHD2UYrsQQEvnuXReJWFeo52dvdf8
Ã°Å¸â€œÂ¨ Consensus message from 12D3KooWPVKESWFG9sS8G6vjhfPn54kWuNFkkuHwG4yQXhYRcXjX: execution_result (size: 374 bytes)
Ã°Å¸â€Å’ Consensus stream EOF from 12D3KooWPVKESWFG9sS8G6vjhfPn54kWuNFkkuHwG4yQXhYRcXjX
Ã°Å¸â€Å’ Consensus stream closed with 12D3KooWPVKESWFG9sS8G6vjhfPn54kWuNFkkuHwG4yQXhYRcXjX
Ã°Å¸â€œÂ¨ Consensus message from 12D3KooWHdmUKc1bYKY3scg6TqGhK3SutwH9hu1aAez4VmvwkEyk: execution_result (size: 374 bytes)
Ã°Å¸â€Å’ Consensus stream EOF from 12D3KooWHdmUKc1bYKY3scg6TqGhK3SutwH9hu1aAez4VmvwkEyk
Ã°Å¸â€Å’ Consensus stream closed with 12D3KooWHdmUKc1bYKY3scg6TqGhK3SutwH9hu1aAez4VmvwkEyk
2026/05/18 00:53:23 [REGISTRY-PENDING] height=1961 chain_tip=1881 reason=future_block
[REGISTRY-PENDING] height=1961 chain_height=1881 reason=future_parent
[SET-PENDING] height=1962 chain_height=1881 reason=future_height
2026/05/18 00:53:23 [REGISTRY-PENDING] height=1960 chain_tip=1881 reason=future_block
[REGISTRY-PENDING] height=1960 chain_height=1881 reason=future_parent
[SET-PENDING] height=1961 chain_height=1881 reason=future_height
2026/05/18 00:53:23 [REGISTRY-PENDING] height=1962 chain_tip=1881 reason=future_block
[REGISTRY-PENDING] height=1962 chain_height=1881 reason=future_parent
[SET-PENDING] height=1963 chain_height=1881 reason=future_height
Validator heartbeat: C | reported_height=1962 | finalized_height=1962 | local_exec_epoch=1963
2026/05/18 00:53:24 [REGISTRY-PENDING] height=1959 chain_tip=1881 reason=future_block
[REGISTRY-PENDING] height=1959 chain_height=1881 reason=future_parent
[SET-PENDING] height=1960 chain_height=1881 reason=future_height
Validator heartbeat: C | reported_height=1962 | finalized_height=1962 | local_exec_epoch=1963
2026/05/18 00:53:24 [REGISTRY-HISTORY-REBUILD] height=1960 status=scheduled reason=registry_snapshot_missing
2026/05/18 00:53:24 [REGISTRY-HISTORY-REBUILD] height=1960 status=started reason=registry_snapshot_missing
2026/05/18 00:53:24 [REGISTRY-HISTORY-REBUILD] height=1960 status=failed reason=registry_snapshot_missing
Validator heartbeat received: C | reported_height=1962 | finalized_height=1962 | local_exec_epoch=1963
[SNAPSHOT-PUBLISH] deferred height=1881 reason=auto_publish_interval_10
Validator heartbeat received: C | reported_height=1962 | finalized_height=1962 | local_exec_epoch=1963
Validator heartbeat: A | reported_height=1962 | finalized_height=1962 | local_exec_epoch=1963
Validator heartbeat: A | reported_height=1962 | finalized_height=1962 | local_exec_epoch=1963
Validator heartbeat received: A | reported_height=1962 | finalized_height=1962 | local_exec_epoch=1963
Ã°Å¸â€œÂ¨ Consensus message from 12D3KooWD9ed8zJXbW8uUU6XHD2UYrsQQEvnuXReJWFeo52dvdf8: leader_block (size: 1170 bytes)
Ã°Å¸â€œÂ¦ Leader block received from 12D3KooWD9ed8zJXbW8uUU6XHD2UYrsQQEvnuXReJWFeo52dvdf8 | height=1963 proposer=C
Ã°Å¸â€Å’ Consensus stream EOF from 12D3KooWD9ed8zJXbW8uUU6XHD2UYrsQQEvnuXReJWFeo52dvdf8
Ã°Å¸â€Å’ Consensus stream closed with 12D3KooWD9ed8zJXbW8uUU6XHD2UYrsQQEvnuXReJWFeo52dvdf8
Validator heartbeat: B | reported_height=1962 | finalized_height=1962 | local_exec_epoch=1963
Validator heartbeat received: A | reported_height=1962 | finalized_height=1962 | local_exec_epoch=1963
Ã°Å¸â€œÂ¨ Consensus message from 12D3KooWD9ed8zJXbW8uUU6XHD2UYrsQQEvnuXReJWFeo52dvdf8: execution_result (size: 359 bytes)
Ã°Å¸â€Å’ Consensus stream EOF from 12D3KooWD9ed8zJXbW8uUU6XHD2UYrsQQEvnuXReJWFeo52dvdf8
Ã°Å¸â€Å’ Consensus stream closed with 12D3KooWD9ed8zJXbW8uUU6XHD2UYrsQQEvnuXReJWFeo52dvdf8
Validator heartbeat: B | reported_height=1962 | finalized_height=1962 | local_exec_epoch=1963
Dial fanout full (16); skipping this dial batch item
Ã°Å¸â€â€” PubSub mesh check against 9 peers
Ã°Å¸â€œÂ¨ Consensus message from 12D3KooWD9ed8zJXbW8uUU6XHD2UYrsQQEvnuXReJWFeo52dvdf8: leader_block (size: 1170 bytes)
Ã°Å¸â€œÂ¦ Leader block received from 12D3KooWD9ed8zJXbW8uUU6XHD2UYrsQQEvnuXReJWFeo52dvdf8 | height=1963 proposer=C
Ã°Å¸â€Å’ Consensus stream EOF from 12D3KooWD9ed8zJXbW8uUU6XHD2UYrsQQEvnuXReJWFeo52dvdf8
Ã°Å¸â€Å’ Consensus stream closed with 12D3KooWD9ed8zJXbW8uUU6XHD2UYrsQQEvnuXReJWFeo52dvdf8
Validator heartbeat received: B | reported_height=1962 | finalized_height=1962 | local_exec_epoch=1963
Candidate heartbeat received: D | reported_height=1881 | finalized_height=1880 | local_exec_epoch=1882
Ã°Å¸â€œÂ¨ Consensus message from 12D3KooWHdmUKc1bYKY3scg6TqGhK3SutwH9hu1aAez4VmvwkEyk: execution_result (size: 359 bytes)
Ã°Å¸â€Å’ Consensus stream EOF from 12D3KooWHdmUKc1bYKY3scg6TqGhK3SutwH9hu1aAez4VmvwkEyk
Ã°Å¸â€Å’ Consensus stream closed with 12D3KooWHdmUKc1bYKY3scg6TqGhK3SutwH9hu1aAez4VmvwkEyk
Validator heartbeat received: B | reported_height=1962 | finalized_height=1962 | local_exec_epoch=1963
Candidate heartbeat received: D | reported_height=1881 | finalized_height=1880 | local_exec_epoch=1882
Ã°Å¸â€œÂ¨ Consensus message from 12D3KooWPVKESWFG9sS8G6vjhfPn54kWuNFkkuHwG4yQXhYRcXjX: execution_result (size: 359 bytes)
Ã°Å¸â€Å’ Consensus stream EOF from 12D3KooWPVKESWFG9sS8G6vjhfPn54kWuNFkkuHwG4yQXhYRcXjX
Ã°Å¸â€Å’ Consensus stream closed with 12D3KooWPVKESWFG9sS8G6vjhfPn54kWuNFkkuHwG4yQXhYRcXjX
2026/05/18 00:53:28 [REGISTRY-PENDING] height=1963 chain_tip=1881 reason=future_block
[REGISTRY-PENDING] height=1963 chain_height=1881 reason=future_parent
[SET-PENDING] height=1964 chain_height=1881 reason=future_height
Validator heartbeat: C | reported_height=1963 | finalized_height=1963 | local_exec_epoch=1964
2026/05/18 00:53:28 [REGISTRY-PENDING] height=1961 chain_tip=1881 reason=future_block
[REGISTRY-PENDING] height=1961 chain_height=1881 reason=future_parent
[SET-PENDING] height=1962 chain_height=1881 reason=future_height
2026/05/18 00:53:28 [REGISTRY-PENDING] height=1962 chain_tip=1881 reason=future_block
[REGISTRY-PENDING] height=1962 chain_height=1881 reason=future_parent
[SET-PENDING] height=1963 chain_height=1881 reason=future_height
2026/05/18 00:53:28 [REGISTRY-PENDING] height=1960 chain_tip=1881 reason=future_block
[REGISTRY-PENDING] height=1960 chain_height=1881 reason=future_parent
[SET-PENDING] height=1961 chain_height=1881 reason=future_height
Validator heartbeat: C | reported_height=1963 | finalized_height=1963 | local_exec_epoch=1964
2026/05/18 00:53:29 [REGISTRY-HISTORY-REBUILD] height=1961 status=scheduled reason=registry_snapshot_missing
2026/05/18 00:53:29 [REGISTRY-HISTORY-REBUILD] height=1961 status=started reason=registry_snapshot_missing
2026/05/18 00:53:29 [REGISTRY-HISTORY-REBUILD] height=1961 status=failed reason=registry_snapshot_missing
Validator heartbeat received: C | reported_height=1963 | finalized_height=1963 | local_exec_epoch=1964
Validator heartbeat: B | reported_height=1963 | finalized_height=1962 | local_exec_epoch=1964
Validator heartbeat received: C | reported_height=1963 | finalized_height=1963 | local_exec_epoch=1964
Validator heartbeat: B | reported_height=1963 | finalized_height=1962 | local_exec_epoch=1964
Validator heartbeat received: B | reported_height=1963 | finalized_height=1962 | local_exec_epoch=1964
[SNAPSHOT-PUBLISH] deferred height=1881 reason=auto_publish_interval_10
Validator heartbeat: B | reported_height=1963 | finalized_height=1963 | local_exec_epoch=1964
Validator heartbeat received: B | reported_height=1963 | finalized_height=1962 | local_exec_epoch=1964
Validator heartbeat: B | reported_height=1963 | finalized_height=1963 | local_exec_epoch=1964
2026/05/18 00:53:31 [OK] goroutine pressure normalized: 240 (degrade mode off)
2026/05/18 00:53:31 map stats: seen_blocks=2 seen_txs=0 fork_heights=0 fork_blocks=0 exec_results_keys=0 exec_results_total=0 pending_blocks=0 queued_exec_votes_keys=0 queued_exec_votes_total=0 accepted_proposal=1 exec_broadcasted_epochs=0 exec_broadcasted_keys=0 exec_signer_seen_epochs=1 exec_signer_seen_total=3 exec_broadcasted_by_val_epochs=0 exec_broadcasted_by_val_total=0 exec_rebroadcast_epochs=0 validator_status=5 candidates=1 peer_state=45 peers_connected=9 peers_connecting=0 peer_suspect=0 allowed_peers=4 pending_validators=0 pending_removals=0 queued_validator_updates=0 height_report_epochs=2 height_report_total=3 misbehavior_validators=0 misbehavior_total=0 exec_mismatch_tracked=0 exec_vote_replay_cache=3
Attempting to connect to 9 peers
Validator heartbeat received: B | reported_height=1963 | finalized_height=1963 | local_exec_epoch=1964
Validator heartbeat received: B | reported_height=1963 | finalized_height=1963 | local_exec_epoch=1964
Ã°Å¸â€œÂ¨ Consensus message from 12D3KooWD9ed8zJXbW8uUU6XHD2UYrsQQEvnuXReJWFeo52dvdf8: leader_block (size: 1170 bytes)
Ã°Å¸â€œÂ¦ Leader block received from 12D3KooWD9ed8zJXbW8uUU6XHD2UYrsQQEvnuXReJWFeo52dvdf8 | height=1964 proposer=C
Ã°Å¸â€Å’ Consensus stream EOF from 12D3KooWD9ed8zJXbW8uUU6XHD2UYrsQQEvnuXReJWFeo52dvdf8
Ã°Å¸â€Å’ Consensus stream closed with 12D3KooWD9ed8zJXbW8uUU6XHD2UYrsQQEvnuXReJWFeo52dvdf8
Validator heartbeat: A | reported_height=1963 | finalized_height=1963 | local_exec_epoch=1964
Ã°Å¸â€œÂ¨ Consensus message from 12D3KooWPVKESWFG9sS8G6vjhfPn54kWuNFkkuHwG4yQXhYRcXjX: execution_result (size: 359 bytes)
Ã°Å¸â€Å’ Consensus stream EOF from 12D3KooWPVKESWFG9sS8G6vjhfPn54kWuNFkkuHwG4yQXhYRcXjX
Ã°Å¸â€Å’ Consensus stream closed with 12D3KooWPVKESWFG9sS8G6vjhfPn54kWuNFkkuHwG4yQXhYRcXjX
Ã°Å¸â€œÂ¨ Consensus message from 12D3KooWD9ed8zJXbW8uUU6XHD2UYrsQQEvnuXReJWFeo52dvdf8: execution_result (size: 359 bytes)
Ã°Å¸â€Å’ Consensus stream EOF from 12D3KooWD9ed8zJXbW8uUU6XHD2UYrsQQEvnuXReJWFeo52dvdf8
Ã°Å¸â€Å’ Consensus stream closed with 12D3KooWD9ed8zJXbW8uUU6XHD2UYrsQQEvnuXReJWFeo52dvdf8
Validator heartbeat: A | reported_height=1963 | finalized_height=1963 | local_exec_epoch=1964
2026/05/18 00:53:33 [REGISTRY-PENDING] height=1963 chain_tip=1881 reason=future_block
[REGISTRY-PENDING] height=1963 chain_height=1881 reason=future_parent
[SET-PENDING] height=1964 chain_height=1881 reason=future_height
[REGISTRY-PENDING] height=1961 chain_height=1881 reason=future_parent
2026/05/18 00:53:33 [REGISTRY-PENDING] height=1961 chain_tip=1881 reason=future_block
[SET-PENDING] height=1962 chain_height=1881 reason=future_height
2026/05/18 00:53:33 [REGISTRY-PENDING] height=1962 chain_tip=1881 reason=future_block
Validator heartbeat received: A | reported_height=1963 | finalized_height=1963 | local_exec_epoch=1964
[REGISTRY-PENDING] height=1962 chain_height=1881 reason=future_parent
[SET-PENDING] height=1963 chain_height=1881 reason=future_height
Validator heartbeat: A | reported_height=1963 | finalized_height=1963 | local_exec_epoch=1964
Validator heartbeat received: A | reported_height=1963 | finalized_height=1963 | local_exec_epoch=1964
Ã°Å¸â€œÂ¨ Consensus message from 12D3KooWHdmUKc1bYKY3scg6TqGhK3SutwH9hu1aAez4VmvwkEyk: execution_result (size: 359 bytes)
Ã°Å¸â€Å’ Consensus stream EOF from 12D3KooWHdmUKc1bYKY3scg6TqGhK3SutwH9hu1aAez4VmvwkEyk
Ã°Å¸â€Å’ Consensus stream closed with 12D3KooWHdmUKc1bYKY3scg6TqGhK3SutwH9hu1aAez4VmvwkEyk
Validator heartbeat: A | reported_height=1963 | finalized_height=1963 | local_exec_epoch=1964
2026/05/18 00:53:34 [REGISTRY-HISTORY-REBUILD] height=1963 status=scheduled reason=registry_snapshot_missing
2026/05/18 00:53:34 [REGISTRY-HISTORY-REBUILD] height=1963 status=started reason=registry_snapshot_missing
2026/05/18 00:53:34 [REGISTRY-HISTORY-REBUILD] height=1963 status=failed reason=registry_snapshot_missing
Validator heartbeat received: A | reported_height=1963 | finalized_height=1963 | local_exec_epoch=1964
2026/05/18 00:53:35 [REGISTRY-PENDING] height=1964 chain_tip=1881 reason=future_block
[REGISTRY-PENDING] height=1964 chain_height=1881 reason=future_parent
[SET-PENDING] height=1965 chain_height=1881 reason=future_height
Validator heartbeat: A | reported_height=1964 | finalized_height=1964 | local_exec_epoch=1965
Validator heartbeat received: A | reported_height=1963 | finalized_height=1963 | local_exec_epoch=1964
Validator heartbeat: A | reported_height=1964 | finalized_height=1964 | local_exec_epoch=1965
Validator heartbeat received: A | reported_height=1964 | finalized_height=1964 | local_exec_epoch=1965
[SNAPSHOT-PUBLISH] deferred height=1881 reason=auto_publish_interval_10
Validator heartbeat: B | reported_height=1964 | finalized_height=1964 | local_exec_epoch=1965
Validator heartbeat received: A | reported_height=1964 | finalized_height=1964 | local_exec_epoch=1965
Validator heartbeat: B | reported_height=1964 | finalized_height=1964 | local_exec_epoch=1965
Ã°Å¸â€œÂ¨ Consensus message from 12D3KooWD9ed8zJXbW8uUU6XHD2UYrsQQEvnuXReJWFeo52dvdf8: leader_block (size: 1170 bytes)
Ã°Å¸â€œÂ¦ Leader block received from 12D3KooWD9ed8zJXbW8uUU6XHD2UYrsQQEvnuXReJWFeo52dvdf8 | height=1964 proposer=C
Ã°Å¸â€Å’ Consensus stream EOF from 12D3KooWD9ed8zJXbW8uUU6XHD2UYrsQQEvnuXReJWFeo52dvdf8
Ã°Å¸â€Å’ Consensus stream closed with 12D3KooWD9ed8zJXbW8uUU6XHD2UYrsQQEvnuXReJWFeo52dvdf8
Dial fanout full (16); skipping this dial batch item
Validator heartbeat received: B | reported_height=1964 | finalized_height=1964 | local_exec_epoch=1965
Validator heartbeat received: B | reported_height=1964 | finalized_height=1964 | local_exec_epoch=1965
Ã°Å¸â€œÂ¨ Consensus message from 12D3KooWPVKESWFG9sS8G6vjhfPn54kWuNFkkuHwG4yQXhYRcXjX: leader_block (size: 1170 bytes)
Ã°Å¸â€œÂ¦ Leader block received from 12D3KooWPVKESWFG9sS8G6vjhfPn54kWuNFkkuHwG4yQXhYRcXjX | height=1965 proposer=A
Ã°Å¸â€Å’ Consensus stream EOF from 12D3KooWPVKESWFG9sS8G6vjhfPn54kWuNFkkuHwG4yQXhYRcXjX
Ã°Å¸â€Å’ Consensus stream closed with 12D3KooWPVKESWFG9sS8G6vjhfPn54kWuNFkkuHwG4yQXhYRcXjX
Ã°Å¸â€œÂ¨ Consensus message from 12D3KooWPVKESWFG9sS8G6vjhfPn54kWuNFkkuHwG4yQXhYRcXjX: execution_result (size: 359 bytes)
Ã°Å¸â€Å’ Consensus stream EOF from 12D3KooWPVKESWFG9sS8G6vjhfPn54kWuNFkkuHwG4yQXhYRcXjX
Ã°Å¸â€Å’ Consensus stream closed with 12D3KooWPVKESWFG9sS8G6vjhfPn54kWuNFkkuHwG4yQXhYRcXjX
Ã°Å¸â€œÂ¨ Consensus message from 12D3KooWHdmUKc1bYKY3scg6TqGhK3SutwH9hu1aAez4VmvwkEyk: execution_result (size: 359 bytes)
Ã°Å¸â€œÂ¨ Consensus message from 12D3KooWPVKESWFG9sS8G6vjhfPn54kWuNFkkuHwG4yQXhYRcXjX: leader_block (size: 1170 bytes)
Ã°Å¸â€œÂ¦ Leader block received from 12D3KooWPVKESWFG9sS8G6vjhfPn54kWuNFkkuHwG4yQXhYRcXjX | height=1965 proposer=A
Ã°Å¸â€Å’ Consensus stream EOF from 12D3KooWHdmUKc1bYKY3scg6TqGhK3SutwH9hu1aAez4VmvwkEyk
Ã°Å¸â€Å’ Consensus stream closed with 12D3KooWHdmUKc1bYKY3scg6TqGhK3SutwH9hu1aAez4VmvwkEyk
Ã°Å¸â€Å’ Consensus stream EOF from 12D3KooWPVKESWFG9sS8G6vjhfPn54kWuNFkkuHwG4yQXhYRcXjX
Ã°Å¸â€Å’ Consensus stream closed with 12D3KooWPVKESWFG9sS8G6vjhfPn54kWuNFkkuHwG4yQXhYRcXjX
Validator heartbeat: C | reported_height=1964 | finalized_height=1964 | local_exec_epoch=1965
Validator heartbeat: C | reported_height=1964 | finalized_height=1964 | local_exec_epoch=1965
2026/05/18 00:53:38 [REGISTRY-PENDING] height=1963 chain_tip=1881 reason=future_block
[REGISTRY-PENDING] height=1963 chain_height=1881 reason=future_parent
[SET-PENDING] height=1964 chain_height=1881 reason=future_height
Validator heartbeat received: C | reported_height=1964 | finalized_height=1964 | local_exec_epoch=1965
Candidate heartbeat received: D | reported_height=1881 | finalized_height=1880 | local_exec_epoch=1882
2026/05/18 00:53:38 [REGISTRY-PENDING] height=1962 chain_tip=1881 reason=future_block
[REGISTRY-PENDING] height=1962 chain_height=1881 reason=future_parent
[SET-PENDING] height=1963 chain_height=1881 reason=future_height
Validator heartbeat received: C | reported_height=1964 | finalized_height=1964 | local_exec_epoch=1965
Candidate heartbeat received: D | reported_height=1881 | finalized_height=1880 | local_exec_epoch=1882
Ã°Å¸â€œÂ¨ Consensus message from 12D3KooWD9ed8zJXbW8uUU6XHD2UYrsQQEvnuXReJWFeo52dvdf8: execution_result (size: 359 bytes)
Ã°Å¸â€Å’ Consensus stream EOF from 12D3KooWD9ed8zJXbW8uUU6XHD2UYrsQQEvnuXReJWFeo52dvdf8
Ã°Å¸â€Å’ Consensus stream closed with 12D3KooWD9ed8zJXbW8uUU6XHD2UYrsQQEvnuXReJWFeo52dvdf8
2026/05/18 00:53:39 [REGISTRY-PENDING] height=1965 chain_tip=1881 reason=future_block
[REGISTRY-PENDING] height=1965 chain_height=1881 reason=future_parent
[SET-PENDING] height=1966 chain_height=1881 reason=future_height
2026/05/18 00:53:39 [REGISTRY-HISTORY-REBUILD] height=1965 status=scheduled reason=registry_snapshot_missing
2026/05/18 00:53:39 [REGISTRY-HISTORY-REBUILD] height=1965 status=started reason=registry_snapshot_missing
2026/05/18 00:53:39 [REGISTRY-HISTORY-REBUILD] height=1965 status=failed reason=registry_snapshot_missing
Validator heartbeat: B | reported_height=1965 | finalized_height=1965 | local_exec_epoch=1966
Validator heartbeat: B | reported_height=1965 | finalized_height=1965 | local_exec_epoch=1966
2026/05/18 00:53:40 [REGISTRY-PENDING] height=1964 chain_tip=1881 reason=future_block
[REGISTRY-PENDING] height=1964 chain_height=1881 reason=future_parent
[SET-PENDING] height=1965 chain_height=1881 reason=future_height
Validator heartbeat received: B | reported_height=1965 | finalized_height=1965 | local_exec_epoch=1966
[SNAPSHOT-PUBLISH] deferred height=1881 reason=auto_publish_interval_10
Validator heartbeat received: B | reported_height=1965 | finalized_height=1965 | local_exec_epoch=1966
Validator heartbeat: A | reported_height=1965 | finalized_height=1965 | local_exec_epoch=1966
Validator heartbeat: A | reported_height=1965 | finalized_height=1965 | local_exec_epoch=1966
2026/05/18 00:53:41 [OK] goroutine pressure normalized: 240 (degrade mode off)
Validator heartbeat received: A | reported_height=1965 | finalized_height=1965 | local_exec_epoch=1966
Validator heartbeat received: A | reported_height=1965 | finalized_height=1965 | local_exec_epoch=1966
Ã°Å¸â€œÂ¨ Consensus message from 12D3KooWPVKESWFG9sS8G6vjhfPn54kWuNFkkuHwG4yQXhYRcXjX: leader_block (size: 1170 bytes)
Ã°Å¸â€œÂ¦ Leader block received from 12D3KooWPVKESWFG9sS8G6vjhfPn54kWuNFkkuHwG4yQXhYRcXjX | height=1966 proposer=A
Ã°Å¸â€Å’ Consensus stream EOF from 12D3KooWPVKESWFG9sS8G6vjhfPn54kWuNFkkuHwG4yQXhYRcXjX
Ã°Å¸â€Å’ Consensus stream closed with 12D3KooWPVKESWFG9sS8G6vjhfPn54kWuNFkkuHwG4yQXhYRcXjX
Ã°Å¸â€œÂ¨ Consensus message from 12D3KooWPVKESWFG9sS8G6vjhfPn54kWuNFkkuHwG4yQXhYRcXjX: execution_result (size: 359 bytes)
Ã°Å¸â€Å’ Consensus stream EOF from 12D3KooWPVKESWFG9sS8G6vjhfPn54kWuNFkkuHwG4yQXhYRcXjX
Ã°Å¸â€Å’ Consensus stream closed with 12D3KooWPVKESWFG9sS8G6vjhfPn54kWuNFkkuHwG4yQXhYRcXjX
Ã°Å¸â€œÂ¨ Consensus message from 12D3KooWHdmUKc1bYKY3scg6TqGhK3SutwH9hu1aAez4VmvwkEyk: execution_result (size: 359 bytes)
Ã°Å¸â€Å’ Consensus stream EOF from 12D3KooWHdmUKc1bYKY3scg6TqGhK3SutwH9hu1aAez4VmvwkEyk
Ã°Å¸â€Å’ Consensus stream closed with 12D3KooWHdmUKc1bYKY3scg6TqGhK3SutwH9hu1aAez4VmvwkEyk
Ã°Å¸â€œÂ¨ Consensus message from 12D3KooWPVKESWFG9sS8G6vjhfPn54kWuNFkkuHwG4yQXhYRcXjX: leader_block (size: 1170 bytes)
Ã°Å¸â€œÂ¦ Leader block received from 12D3KooWPVKESWFG9sS8G6vjhfPn54kWuNFkkuHwG4yQXhYRcXjX | height=1966 proposer=A
Ã°Å¸â€Å’ Consensus stream EOF from 12D3KooWPVKESWFG9sS8G6vjhfPn54kWuNFkkuHwG4yQXhYRcXjX
Ã°Å¸â€Å’ Consensus stream closed with 12D3KooWPVKESWFG9sS8G6vjhfPn54kWuNFkkuHwG4yQXhYRcXjX
Validator heartbeat: C | reported_height=1965 | finalized_height=1965 | local_exec_epoch=1966
2026/05/18 00:53:43 [REGISTRY-PENDING] height=1963 chain_tip=1881 reason=future_block
[REGISTRY-PENDING] height=1963 chain_height=1881 reason=future_parent
[SET-PENDING] height=1964 chain_height=1881 reason=future_height
Validator heartbeat: C | reported_height=1965 | finalized_height=1965 | local_exec_epoch=1966
Validator heartbeat received: C | reported_height=1965 | finalized_height=1965 | local_exec_epoch=1966
2026/05/18 00:53:44 [REGISTRY-PENDING] height=1965 chain_tip=1881 reason=future_block
[REGISTRY-PENDING] height=1965 chain_height=1881 reason=future_parent
[SET-PENDING] height=1966 chain_height=1881 reason=future_height
2026/05/18 00:53:44 [REGISTRY-HISTORY-REBUILD] height=1964 status=scheduled reason=registry_snapshot_missing
2026/05/18 00:53:44 [REGISTRY-HISTORY-REBUILD] height=1964 status=started reason=registry_snapshot_missing
2026/05/18 00:53:44 [REGISTRY-HISTORY-REBUILD] height=1964 status=failed reason=registry_snapshot_missing
Validator heartbeat received: C | reported_height=1965 | finalized_height=1965 | local_exec_epoch=1966
Ã°Å¸â€œÂ¨ Consensus message from 12D3KooWD9ed8zJXbW8uUU6XHD2UYrsQQEvnuXReJWFeo52dvdf8: execution_result (size: 359 bytes)
Ã°Å¸â€Å’ Consensus stream EOF from 12D3KooWD9ed8zJXbW8uUU6XHD2UYrsQQEvnuXReJWFeo52dvdf8
Ã°Å¸â€Å’ Consensus stream closed with 12D3KooWD9ed8zJXbW8uUU6XHD2UYrsQQEvnuXReJWFeo52dvdf8
2026/05/18 00:53:46 [REGISTRY-PENDING] height=1964 chain_tip=1881 reason=future_block
[REGISTRY-PENDING] height=1964 chain_height=1881 reason=future_parent
[SET-PENDING] height=1965 chain_height=1881 reason=future_height
2026/05/18 00:53:46 [REGISTRY-PENDING] height=1966 chain_tip=1881 reason=future_block
[REGISTRY-PENDING] height=1966 chain_height=1881 reason=future_parent
[SET-PENDING] height=1967 chain_height=1881 reason=future_height
Validator heartbeat: B | reported_height=1966 | finalized_height=1966 | local_exec_epoch=1967
Validator heartbeat: B | reported_height=1966 | finalized_height=1966 | local_exec_epoch=1967
Dial fanout full (16); skipping this dial batch item
Ã°Å¸â€â€” PubSub mesh check against 9 peers
Validator heartbeat received: B | reported_height=1966 | finalized_height=1966 | local_exec_epoch=1967
[SNAPSHOT-PUBLISH] deferred height=1881 reason=auto_publish_interval_10
Validator heartbeat: A | reported_height=1966 | finalized_height=1966 | local_exec_epoch=1967
Validator heartbeat received: B | reported_height=1966 | finalized_height=1966 | local_exec_epoch=1967
Validator heartbeat: A | reported_height=1966 | finalized_height=1966 | local_exec_epoch=1967
Validator heartbeat received: A | reported_height=1966 | finalized_height=1966 | local_exec_epoch=1967
2026/05/18 00:53:48 [REGISTRY-PENDING] height=1963 chain_tip=1881 reason=future_block
[REGISTRY-PENDING] height=1963 chain_height=1881 reason=future_parent
[SET-PENDING] height=1964 chain_height=1881 reason=future_height
Validator heartbeat received: A | reported_height=1966 | finalized_height=1966 | local_exec_epoch=1967
2026/05/18 00:53:51 [REGISTRY-PENDING] height=1965 chain_tip=1881 reason=future_block
[REGISTRY-PENDING] height=1965 chain_height=1881 reason=future_parent
2026/05/18 00:53:51 [REGISTRY-HISTORY-REBUILD] height=1965 status=scheduled reason=registry_snapshot_missing
[SET-PENDING] height=1966 chain_height=1881 reason=future_height
2026/05/18 00:53:51 [REGISTRY-HISTORY-REBUILD] height=1965 status=started reason=registry_snapshot_missing
2026/05/18 00:53:51 [REGISTRY-HISTORY-REBUILD] height=1965 status=failed reason=registry_snapshot_missing
Validator heartbeat: C | reported_height=1966 | finalized_height=1966 | local_exec_epoch=1967
[REGISTRY-PENDING] height=1964 chain_height=1881 reason=future_parent
2026/05/18 00:53:51 [REGISTRY-PENDING] height=1964 chain_tip=1881 reason=future_block
[SET-PENDING] height=1965 chain_height=1881 reason=future_height
2026/05/18 00:53:51 [REGISTRY-PENDING] height=1966 chain_tip=1881 reason=future_block
[REGISTRY-PENDING] height=1966 chain_height=1881 reason=future_parent
[SET-PENDING] height=1967 chain_height=1881 reason=future_height
Validator heartbeat: C | reported_height=1966 | finalized_height=1966 | local_exec_epoch=1967
2026/05/18 00:53:51 [OK] goroutine pressure normalized: 240 (degrade mode off)
Attempting to connect to 9 peers
Validator heartbeat received: C | reported_height=1966 | finalized_height=1966 | local_exec_epoch=1967
Candidate heartbeat received: D | reported_height=1881 | finalized_height=1880 | local_exec_epoch=1882
Validator heartbeat received: C | reported_height=1966 | finalized_height=1966 | local_exec_epoch=1967
Candidate heartbeat received: D | reported_height=1881 | finalized_height=1880 | local_exec_epoch=1882
Ã°Å¸â€œÂ¨ Consensus message from 12D3KooWD9ed8zJXbW8uUU6XHD2UYrsQQEvnuXReJWFeo52dvdf8: leader_block (size: 1170 bytes)
Ã°Å¸â€œÂ¦ Leader block received from 12D3KooWD9ed8zJXbW8uUU6XHD2UYrsQQEvnuXReJWFeo52dvdf8 | height=1967 proposer=C
Ã°Å¸â€Å’ Consensus stream EOF from 12D3KooWD9ed8zJXbW8uUU6XHD2UYrsQQEvnuXReJWFeo52dvdf8
Ã°Å¸â€Å’ Consensus stream closed with 12D3KooWD9ed8zJXbW8uUU6XHD2UYrsQQEvnuXReJWFeo52dvdf8
Ã°Å¸â€œÂ¨ Consensus message from 12D3KooWD9ed8zJXbW8uUU6XHD2UYrsQQEvnuXReJWFeo52dvdf8: execution_result (size: 374 bytes)
Ã°Å¸â€Å’ Consensus stream EOF from 12D3KooWD9ed8zJXbW8uUU6XHD2UYrsQQEvnuXReJWFeo52dvdf8
Ã°Å¸â€Å’ Consensus stream closed with 12D3KooWD9ed8zJXbW8uUU6XHD2UYrsQQEvnuXReJWFeo52dvdf8
Ã°Å¸â€œÂ¨ Consensus message from 12D3KooWPVKESWFG9sS8G6vjhfPn54kWuNFkkuHwG4yQXhYRcXjX: execution_result (size: 374 bytes)
Ã°Å¸â€Å’ Consensus stream EOF from 12D3KooWPVKESWFG9sS8G6vjhfPn54kWuNFkkuHwG4yQXhYRcXjX
Ã°Å¸â€Å’ Consensus stream closed with 12D3KooWPVKESWFG9sS8G6vjhfPn54kWuNFkkuHwG4yQXhYRcXjX
Ã°Å¸â€œÂ¨ Consensus message from 12D3KooWHdmUKc1bYKY3scg6TqGhK3SutwH9hu1aAez4VmvwkEyk: execution_result (size: 374 bytes)
Ã°Å¸â€Å’ Consensus stream EOF from 12D3KooWHdmUKc1bYKY3scg6TqGhK3SutwH9hu1aAez4VmvwkEyk
Ã°Å¸â€Å’ Consensus stream closed with 12D3KooWHdmUKc1bYKY3scg6TqGhK3SutwH9hu1aAez4VmvwkEyk
2026/05/18 00:53:57 [REGISTRY-PENDING] height=1966 chain_tip=1881 reason=future_block
[REGISTRY-PENDING] height=1966 chain_height=1881 reason=future_parent
2026/05/18 00:53:57 [REGISTRY-HISTORY-REBUILD] height=1966 status=scheduled reason=registry_snapshot_missing
[SET-PENDING] height=1967 chain_height=1881 reason=future_height
2026/05/18 00:53:57 [REGISTRY-HISTORY-REBUILD] height=1966 status=started reason=registry_snapshot_missing
2026/05/18 00:53:57 [REGISTRY-HISTORY-REBUILD] height=1966 status=failed reason=registry_snapshot_missing
2026/05/18 00:53:57 [REGISTRY-PENDING] height=1965 chain_tip=1881 reason=future_block
[REGISTRY-PENDING] height=1965 chain_height=1881 reason=future_parent
[SET-PENDING] height=1966 chain_height=1881 reason=future_height
2026/05/18 00:53:57 [REGISTRY-PENDING] height=1967 chain_tip=1881 reason=future_block
[REGISTRY-PENDING] height=1967 chain_height=1881 reason=future_parent
[SET-PENDING] height=1968 chain_height=1881 reason=future_height
Validator heartbeat: C | reported_height=1967 | finalized_height=1967 | local_exec_epoch=1968
2026/05/18 00:53:57 [REGISTRY-PENDING] height=1964 chain_tip=1881 reason=future_block
[REGISTRY-PENDING] height=1964 chain_height=1881 reason=future_parent
[SET-PENDING] height=1965 chain_height=1881 reason=future_height
Validator heartbeat: C | reported_height=1967 | finalized_height=1967 | local_exec_epoch=1968
Validator heartbeat received: C | reported_height=1967 | finalized_height=1967 | local_exec_epoch=1968
[SNAPSHOT-PUBLISH] deferred height=1881 reason=auto_publish_interval_10
Validator heartbeat: B | reported_height=1967 | finalized_height=1967 | local_exec_epoch=1968
Validator heartbeat received: C | reported_height=1967 | finalized_height=1967 | local_exec_epoch=1968
Validator heartbeat: B | reported_height=1967 | finalized_height=1967 | local_exec_epoch=1968
Validator heartbeat received: B | reported_height=1967 | finalized_height=1967 | local_exec_epoch=1968
Validator heartbeat: A | reported_height=1967 | finalized_height=1967 | local_exec_epoch=1968
Validator heartbeat received: B | reported_height=1967 | finalized_height=1967 | local_exec_epoch=1968
Validator heartbeat: A | reported_height=1967 | finalized_height=1967 | local_exec_epoch=1968
Validator heartbeat received: A | reported_height=1967 | finalized_height=1967 | local_exec_epoch=1968
Validator heartbeat received: A | reported_height=1967 | finalized_height=1967 | local_exec_epoch=1968
2026/05/18 00:54:01 [OK] goroutine pressure normalized: 249 (degrade mode off)
Dial fanout full (16); skipping this dial batch item
Candidate heartbeat received: D | reported_height=1881 | finalized_height=1880 | local_exec_epoch=1882
Candidate heartbeat received: D | reported_height=1881 | finalized_height=1880 | local_exec_epoch=1882
Ã°Å¸â€œÂ¨ Consensus message from 12D3KooWD9ed8zJXbW8uUU6XHD2UYrsQQEvnuXReJWFeo52dvdf8: leader_block (size: 1170 bytes)
Ã°Å¸â€œÂ¦ Leader block received from 12D3KooWD9ed8zJXbW8uUU6XHD2UYrsQQEvnuXReJWFeo52dvdf8 | height=1968 proposer=C
Ã°Å¸â€Å’ Consensus stream EOF from 12D3KooWD9ed8zJXbW8uUU6XHD2UYrsQQEvnuXReJWFeo52dvdf8
Ã°Å¸â€Å’ Consensus stream closed with 12D3KooWD9ed8zJXbW8uUU6XHD2UYrsQQEvnuXReJWFeo52dvdf8
Ã°Å¸â€œÂ¨ Consensus message from 12D3KooWD9ed8zJXbW8uUU6XHD2UYrsQQEvnuXReJWFeo52dvdf8: execution_result (size: 374 bytes)
Ã°Å¸â€Å’ Consensus stream EOF from 12D3KooWD9ed8zJXbW8uUU6XHD2UYrsQQEvnuXReJWFeo52dvdf8
Ã°Å¸â€Å’ Consensus stream closed with 12D3KooWD9ed8zJXbW8uUU6XHD2UYrsQQEvnuXReJWFeo52dvdf8
Ã°Å¸â€œÂ¨ Consensus message from 12D3KooWHdmUKc1bYKY3scg6TqGhK3SutwH9hu1aAez4VmvwkEyk: execution_result (size: 374 bytes)
Ã°Å¸â€Å’ Consensus stream EOF from 12D3KooWHdmUKc1bYKY3scg6TqGhK3SutwH9hu1aAez4VmvwkEyk
Ã°Å¸â€Å’ Consensus stream closed with 12D3KooWHdmUKc1bYKY3scg6TqGhK3SutwH9hu1aAez4VmvwkEyk
Ã°Å¸â€œÂ¨ Consensus message from 12D3KooWPVKESWFG9sS8G6vjhfPn54kWuNFkkuHwG4yQXhYRcXjX: execution_result (size: 374 bytes)
Ã°Å¸â€Å’ Consensus stream EOF from 12D3KooWPVKESWFG9sS8G6vjhfPn54kWuNFkkuHwG4yQXhYRcXjX
Ã°Å¸â€Å’ Consensus stream closed with 12D3KooWPVKESWFG9sS8G6vjhfPn54kWuNFkkuHwG4yQXhYRcXjX
2026/05/18 00:54:06 [REGISTRY-PENDING] height=1967 chain_tip=1881 reason=future_block
[REGISTRY-PENDING] height=1967 chain_height=1881 reason=future_parent
2026/05/18 00:54:06 [REGISTRY-HISTORY-REBUILD] height=1967 status=scheduled reason=registry_snapshot_missing
[SET-PENDING] height=1968 chain_height=1881 reason=future_height
2026/05/18 00:54:06 [REGISTRY-PENDING] height=1966 chain_tip=1881 reason=future_block
2026/05/18 00:54:06 [REGISTRY-HISTORY-REBUILD] height=1967 status=started reason=registry_snapshot_missing
2026/05/18 00:54:06 [REGISTRY-HISTORY-REBUILD] height=1967 status=failed reason=registry_snapshot_missing
[REGISTRY-PENDING] height=1966 chain_height=1881 reason=future_parent
[SET-PENDING] height=1967 chain_height=1881 reason=future_height
2026/05/18 00:54:06 [REGISTRY-PENDING] height=1968 chain_tip=1881 reason=future_block
[REGISTRY-PENDING] height=1968 chain_height=1881 reason=future_parent
[SET-PENDING] height=1969 chain_height=1881 reason=future_height
Validator heartbeat: C | reported_height=1968 | finalized_height=1968 | local_exec_epoch=1969
2026/05/18 00:54:07 [REGISTRY-PENDING] height=1965 chain_tip=1881 reason=future_block
[REGISTRY-PENDING] height=1965 chain_height=1881 reason=future_parent
[SET-PENDING] height=1966 chain_height=1881 reason=future_height
Validator heartbeat: C | reported_height=1968 | finalized_height=1968 | local_exec_epoch=1969
Validator heartbeat received: C | reported_height=1968 | finalized_height=1968 | local_exec_epoch=1969
[SNAPSHOT-PUBLISH] deferred height=1881 reason=auto_publish_interval_10
Validator heartbeat received: C | reported_height=1968 | finalized_height=1968 | local_exec_epoch=1969
Validator heartbeat: B | reported_height=1968 | finalized_height=1968 | local_exec_epoch=1969
Validator heartbeat: B | reported_height=1968 | finalized_height=1968 | local_exec_epoch=1969
Validator heartbeat received: B | reported_height=1968 | finalized_height=1968 | local_exec_epoch=1969
Validator heartbeat: A | reported_height=1968 | finalized_height=1968 | local_exec_epoch=1969
Validator heartbeat received: B | reported_height=1968 | finalized_height=1968 | local_exec_epoch=1969
Validator heartbeat: A | reported_height=1968 | finalized_height=1968 | local_exec_epoch=1969
Validator heartbeat received: A | reported_height=1968 | finalized_height=1968 | local_exec_epoch=1969
Validator heartbeat received: A | reported_height=1968 | finalized_height=1968 | local_exec_epoch=1969
2026/05/18 00:54:11 [OK] goroutine pressure normalized: 240 (degrade mode off)
Ã°Å¸â€â€” PubSub mesh check against 9 peers
Ã°Å¸â€œÂ¨ Consensus message from 12D3KooWD9ed8zJXbW8uUU6XHD2UYrsQQEvnuXReJWFeo52dvdf8: leader_block (size: 1170 bytes)
Ã°Å¸â€œÂ¦ Leader block received from 12D3KooWD9ed8zJXbW8uUU6XHD2UYrsQQEvnuXReJWFeo52dvdf8 | height=1969 proposer=C
Ã°Å¸â€Å’ Consensus stream EOF from 12D3KooWD9ed8zJXbW8uUU6XHD2UYrsQQEvnuXReJWFeo52dvdf8
Ã°Å¸â€Å’ Consensus stream closed with 12D3KooWD9ed8zJXbW8uUU6XHD2UYrsQQEvnuXReJWFeo52dvdf8
Ã°Å¸â€œÂ¨ Consensus message from 12D3KooWD9ed8zJXbW8uUU6XHD2UYrsQQEvnuXReJWFeo52dvdf8: execution_result (size: 374 bytes)
Ã°Å¸â€Å’ Consensus stream EOF from 12D3KooWD9ed8zJXbW8uUU6XHD2UYrsQQEvnuXReJWFeo52dvdf8
Ã°Å¸â€Å’ Consensus stream closed with 12D3KooWD9ed8zJXbW8uUU6XHD2UYrsQQEvnuXReJWFeo52dvdf8
Ã°Å¸â€œÂ¨ Consensus message from 12D3KooWPVKESWFG9sS8G6vjhfPn54kWuNFkkuHwG4yQXhYRcXjX: execution_result (size: 374 bytes)
Ã°Å¸â€Å’ Consensus stream EOF from 12D3KooWPVKESWFG9sS8G6vjhfPn54kWuNFkkuHwG4yQXhYRcXjX
Ã°Å¸â€Å’ Consensus stream closed with 12D3KooWPVKESWFG9sS8G6vjhfPn54kWuNFkkuHwG4yQXhYRcXjX
Ã°Å¸â€œÂ¨ Consensus message from 12D3KooWHdmUKc1bYKY3scg6TqGhK3SutwH9hu1aAez4VmvwkEyk: execution_result (size: 374 bytes)
Ã°Å¸â€Å’ Consensus stream EOF from 12D3KooWHdmUKc1bYKY3scg6TqGhK3SutwH9hu1aAez4VmvwkEyk
Ã°Å¸â€Å’ Consensus stream closed with 12D3KooWHdmUKc1bYKY3scg6TqGhK3SutwH9hu1aAez4VmvwkEyk
2026/05/18 00:54:13 [REGISTRY-PENDING] height=1968 chain_tip=1881 reason=future_block
[REGISTRY-PENDING] height=1968 chain_height=1881 reason=future_parent
2026/05/18 00:54:13 [REGISTRY-HISTORY-REBUILD] height=1968 status=scheduled reason=registry_snapshot_missing
[SET-PENDING] height=1969 chain_height=1881 reason=future_height
2026/05/18 00:54:13 [REGISTRY-HISTORY-REBUILD] height=1968 status=started reason=registry_snapshot_missing
2026/05/18 00:54:13 [REGISTRY-HISTORY-REBUILD] height=1968 status=failed reason=registry_snapshot_missing
2026/05/18 00:54:13 [REGISTRY-PENDING] height=1967 chain_tip=1881 reason=future_block
[REGISTRY-PENDING] height=1967 chain_height=1881 reason=future_parent
[SET-PENDING] height=1968 chain_height=1881 reason=future_height
2026/05/18 00:54:13 [REGISTRY-PENDING] height=1969 chain_tip=1881 reason=future_block
[REGISTRY-PENDING] height=1969 chain_height=1881 reason=future_parent
[SET-PENDING] height=1970 chain_height=1881 reason=future_height
Validator heartbeat: B | reported_height=1969 | finalized_height=1969 | local_exec_epoch=1970
Validator heartbeat: B | reported_height=1969 | finalized_height=1969 | local_exec_epoch=1970
2026/05/18 00:54:13 [REGISTRY-PENDING] height=1966 chain_tip=1881 reason=future_block
[REGISTRY-PENDING] height=1966 chain_height=1881 reason=future_parent
[SET-PENDING] height=1967 chain_height=1881 reason=future_height
Validator heartbeat received: B | reported_height=1969 | finalized_height=1969 | local_exec_epoch=1970
[SNAPSHOT-PUBLISH] deferred height=1881 reason=auto_publish_interval_10
Validator heartbeat received: B | reported_height=1969 | finalized_height=1969 | local_exec_epoch=1970
Validator heartbeat: C | reported_height=1969 | finalized_height=1969 | local_exec_epoch=1970
Validator heartbeat: C | reported_height=1969 | finalized_height=1969 | local_exec_epoch=1970
Ã°Å¸â€œÂ¨ Consensus message from 12D3KooWD9ed8zJXbW8uUU6XHD2UYrsQQEvnuXReJWFeo52dvdf8: leader_block (size: 1170 bytes)
Ã°Å¸â€œÂ¦ Leader block received from 12D3KooWD9ed8zJXbW8uUU6XHD2UYrsQQEvnuXReJWFeo52dvdf8 | height=1970 proposer=C
Ã°Å¸â€Å’ Consensus stream EOF from 12D3KooWD9ed8zJXbW8uUU6XHD2UYrsQQEvnuXReJWFeo52dvdf8
Ã°Å¸â€Å’ Consensus stream closed with 12D3KooWD9ed8zJXbW8uUU6XHD2UYrsQQEvnuXReJWFeo52dvdf8
Validator heartbeat received: C | reported_height=1969 | finalized_height=1969 | local_exec_epoch=1970
Ã°Å¸â€œÂ¨ Consensus message from 12D3KooWHdmUKc1bYKY3scg6TqGhK3SutwH9hu1aAez4VmvwkEyk: execution_result (size: 359 bytes)
Ã°Å¸â€Å’ Consensus stream EOF from 12D3KooWHdmUKc1bYKY3scg6TqGhK3SutwH9hu1aAez4VmvwkEyk
Ã°Å¸â€Å’ Consensus stream closed with 12D3KooWHdmUKc1bYKY3scg6TqGhK3SutwH9hu1aAez4VmvwkEyk
Ã°Å¸â€œÂ¨ Consensus message from 12D3KooWD9ed8zJXbW8uUU6XHD2UYrsQQEvnuXReJWFeo52dvdf8: execution_result (size: 359 bytes)
Ã°Å¸â€Å’ Consensus stream EOF from 12D3KooWD9ed8zJXbW8uUU6XHD2UYrsQQEvnuXReJWFeo52dvdf8
Ã°Å¸â€Å’ Consensus stream closed with 12D3KooWD9ed8zJXbW8uUU6XHD2UYrsQQEvnuXReJWFeo52dvdf8
Validator heartbeat received: C | reported_height=1969 | finalized_height=1969 | local_exec_epoch=1970
Validator heartbeat: A | reported_height=1969 | finalized_height=1969 | local_exec_epoch=1970
Validator heartbeat: A | reported_height=1969 | finalized_height=1969 | local_exec_epoch=1970
Ã°Å¸â€œÂ¨ Consensus message from 12D3KooWD9ed8zJXbW8uUU6XHD2UYrsQQEvnuXReJWFeo52dvdf8: leader_block (size: 1170 bytes)
Ã°Å¸â€œÂ¦ Leader block received from 12D3KooWD9ed8zJXbW8uUU6XHD2UYrsQQEvnuXReJWFeo52dvdf8 | height=1970 proposer=C
Ã°Å¸â€Å’ Consensus stream EOF from 12D3KooWD9ed8zJXbW8uUU6XHD2UYrsQQEvnuXReJWFeo52dvdf8
Ã°Å¸â€Å’ Consensus stream closed with 12D3KooWD9ed8zJXbW8uUU6XHD2UYrsQQEvnuXReJWFeo52dvdf8
Validator heartbeat received: A | reported_height=1969 | finalized_height=1969 | local_exec_epoch=1970
Validator heartbeat received: A | reported_height=1969 | finalized_height=1969 | local_exec_epoch=1970
Attempting to connect to 9 peers
Dial fanout full (16); skipping this dial batch item
Candidate heartbeat received: D | reported_height=1881 | finalized_height=1880 | local_exec_epoch=1882
Candidate heartbeat received: D | reported_height=1881 | finalized_height=1880 | local_exec_epoch=1882
Ã°Å¸â€œÂ¨ Consensus message from 12D3KooWPVKESWFG9sS8G6vjhfPn54kWuNFkkuHwG4yQXhYRcXjX: execution_result (size: 359 bytes)
Ã°Å¸â€Å’ Consensus stream EOF from 12D3KooWPVKESWFG9sS8G6vjhfPn54kWuNFkkuHwG4yQXhYRcXjX
Ã°Å¸â€Å’ Consensus stream closed with 12D3KooWPVKESWFG9sS8G6vjhfPn54kWuNFkkuHwG4yQXhYRcXjX
2026/05/18 00:54:17 [REGISTRY-PENDING] height=1970 chain_tip=1881 reason=future_block
[REGISTRY-PENDING] height=1970 chain_height=1881 reason=future_parent
[SET-PENDING] height=1971 chain_height=1881 reason=future_height
Validator heartbeat: B | reported_height=1970 | finalized_height=1970 | local_exec_epoch=1971
[SNAPSHOT-PROOF] height=1970 checkpoint=1952 validator=B votes=1 hash=fc280018
Validator heartbeat: B | reported_height=1970 | finalized_height=1970 | local_exec_epoch=1971
Validator heartbeat received: B | reported_height=1970 | finalized_height=1970 | local_exec_epoch=1971
Validator heartbeat received: B | reported_height=1970 | finalized_height=1970 | local_exec_epoch=1971
[SNAPSHOT-PROOF] height=1970 checkpoint=1952 validator=G votes=2 hash=fc280018
2026/05/18 00:54:18 [REGISTRY-HISTORY-REBUILD] height=1969 status=scheduled reason=registry_snapshot_missing
2026/05/18 00:54:18 [REGISTRY-HISTORY-REBUILD] height=1969 status=started reason=registry_snapshot_missing
2026/05/18 00:54:18 [REGISTRY-HISTORY-REBUILD] height=1969 status=failed reason=registry_snapshot_missing
2026/05/18 00:54:18 [REGISTRY-PENDING] height=1969 chain_tip=1881 reason=future_block
[REGISTRY-PENDING] height=1969 chain_height=1881 reason=future_parent
[SET-PENDING] height=1970 chain_height=1881 reason=future_height
2026/05/18 00:54:18 [REGISTRY-PENDING] height=1968 chain_tip=1881 reason=future_block
[REGISTRY-PENDING] height=1968 chain_height=1881 reason=future_parent
[SET-PENDING] height=1969 chain_height=1881 reason=future_height
[SNAPSHOT-PROOF] height=1970 checkpoint=1952 validator=C votes=3 hash=fc280018
Validator heartbeat: C | reported_height=1970 | finalized_height=1970 | local_exec_epoch=1971
2026/05/18 00:54:18 [REGISTRY-PENDING] height=1967 chain_tip=1881 reason=future_block
[REGISTRY-PENDING] height=1967 chain_height=1881 reason=future_parent
[SET-PENDING] height=1968 chain_height=1881 reason=future_height
Validator heartbeat: C | reported_height=1970 | finalized_height=1970 | local_exec_epoch=1971
Validator heartbeat received: C | reported_height=1970 | finalized_height=1970 | local_exec_epoch=1971
Validator heartbeat: C | reported_height=1970 | finalized_height=1970 | local_exec_epoch=1971
Validator heartbeat received: C | reported_height=1970 | finalized_height=1970 | local_exec_epoch=1971
Validator heartbeat: C | reported_height=1970 | finalized_height=1970 | local_exec_epoch=1971
Validator heartbeat received: C | reported_height=1970 | finalized_height=1970 | local_exec_epoch=1971
[SNAPSHOT-PUBLISH] deferred height=1881 reason=auto_publish_interval_10
Validator heartbeat received: C | reported_height=1970 | finalized_height=1970 | local_exec_epoch=1971
Validator heartbeat: A | reported_height=1970 | finalized_height=1970 | local_exec_epoch=1971
Validator heartbeat: A | reported_height=1970 | finalized_height=1970 | local_exec_epoch=1971
[SNAPSHOT-PROOF] height=1970 checkpoint=1952 validator=A votes=4 hash=fc280018
Validator heartbeat received: A | reported_height=1970 | finalized_height=1970 | local_exec_epoch=1971
Ã°Å¸â€œÂ¨ Consensus message from 12D3KooWPVKESWFG9sS8G6vjhfPn54kWuNFkkuHwG4yQXhYRcXjX: leader_block (size: 1170 bytes)
Ã°Å¸â€œÂ¦ Leader block received from 12D3KooWPVKESWFG9sS8G6vjhfPn54kWuNFkkuHwG4yQXhYRcXjX | height=1971 proposer=A
Ã°Å¸â€Å’ Consensus stream EOF from 12D3KooWPVKESWFG9sS8G6vjhfPn54kWuNFkkuHwG4yQXhYRcXjX
Ã°Å¸â€Å’ Consensus stream closed with 12D3KooWPVKESWFG9sS8G6vjhfPn54kWuNFkkuHwG4yQXhYRcXjX
Ã°Å¸â€œÂ¨ Consensus message from 12D3KooWPVKESWFG9sS8G6vjhfPn54kWuNFkkuHwG4yQXhYRcXjX: execution_result (size: 359 bytes)
Ã°Å¸â€Å’ Consensus stream EOF from 12D3KooWPVKESWFG9sS8G6vjhfPn54kWuNFkkuHwG4yQXhYRcXjX
Ã°Å¸â€Å’ Consensus stream closed with 12D3KooWPVKESWFG9sS8G6vjhfPn54kWuNFkkuHwG4yQXhYRcXjX
Ã°Å¸â€œÂ¨ Consensus message from 12D3KooWD9ed8zJXbW8uUU6XHD2UYrsQQEvnuXReJWFeo52dvdf8: execution_result (size: 359 bytes)
Ã°Å¸â€Å’ Consensus stream EOF from 12D3KooWD9ed8zJXbW8uUU6XHD2UYrsQQEvnuXReJWFeo52dvdf8
Ã°Å¸â€Å’ Consensus stream closed with 12D3KooWD9ed8zJXbW8uUU6XHD2UYrsQQEvnuXReJWFeo52dvdf8
Ã°Å¸â€œÂ¨ Consensus message from 12D3KooWHdmUKc1bYKY3scg6TqGhK3SutwH9hu1aAez4VmvwkEyk: execution_result (size: 359 bytes)
Ã°Å¸â€Å’ Consensus stream EOF from 12D3KooWHdmUKc1bYKY3scg6TqGhK3SutwH9hu1aAez4VmvwkEyk
Ã°Å¸â€Å’ Consensus stream closed with 12D3KooWHdmUKc1bYKY3scg6TqGhK3SutwH9hu1aAez4VmvwkEyk
Ã°Å¸â€œÂ¨ Consensus message from 12D3KooWPVKESWFG9sS8G6vjhfPn54kWuNFkkuHwG4yQXhYRcXjX: leader_block (size: 1170 bytes)
Ã°Å¸â€œÂ¦ Leader block received from 12D3KooWPVKESWFG9sS8G6vjhfPn54kWuNFkkuHwG4yQXhYRcXjX | height=1971 proposer=A
Ã°Å¸â€Å’ Consensus stream EOF from 12D3KooWPVKESWFG9sS8G6vjhfPn54kWuNFkkuHwG4yQXhYRcXjX
Ã°Å¸â€Å’ Consensus stream closed with 12D3KooWPVKESWFG9sS8G6vjhfPn54kWuNFkkuHwG4yQXhYRcXjX
Validator heartbeat received: A | reported_height=1970 | finalized_height=1970 | local_exec_epoch=1971
2026/05/18 00:54:21 [REGISTRY-PENDING] height=1971 chain_tip=1881 reason=future_block
[REGISTRY-PENDING] height=1971 chain_height=1881 reason=future_parent
[SET-PENDING] height=1972 chain_height=1881 reason=future_height
Validator heartbeat: C | reported_height=1971 | finalized_height=1971 | local_exec_epoch=1972
Validator heartbeat: C | reported_height=1971 | finalized_height=1971 | local_exec_epoch=1972
2026/05/18 00:54:21 [OK] goroutine pressure normalized: 240 (degrade mode off)
2026/05/18 00:54:22 [REGISTRY-PENDING] height=1970 chain_tip=1881 reason=future_block
[REGISTRY-PENDING] height=1970 chain_height=1881 reason=future_parent
[SET-PENDING] height=1971 chain_height=1881 reason=future_height
Validator heartbeat received: C | reported_height=1971 | finalized_height=1971 | local_exec_epoch=1972
Validator heartbeat received: C | reported_height=1971 | finalized_height=1971 | local_exec_epoch=1972
Validator heartbeat: B | reported_height=1971 | finalized_height=1971 | local_exec_epoch=1972
Validator heartbeat: B | reported_height=1971 | finalized_height=1971 | local_exec_epoch=1972
Ã°Å¸â€œÂ¨ Consensus message from 12D3KooWPVKESWFG9sS8G6vjhfPn54kWuNFkkuHwG4yQXhYRcXjX: leader_block (size: 1170 bytes)
Ã°Å¸â€œÂ¦ Leader block received from 12D3KooWPVKESWFG9sS8G6vjhfPn54kWuNFkkuHwG4yQXhYRcXjX | height=1972 proposer=A
Ã°Å¸â€Å’ Consensus stream EOF from 12D3KooWPVKESWFG9sS8G6vjhfPn54kWuNFkkuHwG4yQXhYRcXjX
Ã°Å¸â€Å’ Consensus stream closed with 12D3KooWPVKESWFG9sS8G6vjhfPn54kWuNFkkuHwG4yQXhYRcXjX
Ã°Å¸â€œÂ¨ Consensus message from 12D3KooWPVKESWFG9sS8G6vjhfPn54kWuNFkkuHwG4yQXhYRcXjX: execution_result (size: 359 bytes)
Ã°Å¸â€Å’ Consensus stream EOF from 12D3KooWPVKESWFG9sS8G6vjhfPn54kWuNFkkuHwG4yQXhYRcXjX
Ã°Å¸â€Å’ Consensus stream closed with 12D3KooWPVKESWFG9sS8G6vjhfPn54kWuNFkkuHwG4yQXhYRcXjX
Ã°Å¸â€œÂ¨ Consensus message from 12D3KooWD9ed8zJXbW8uUU6XHD2UYrsQQEvnuXReJWFeo52dvdf8: execution_result (size: 359 bytes)
Ã°Å¸â€Å’ Consensus stream EOF from 12D3KooWD9ed8zJXbW8uUU6XHD2UYrsQQEvnuXReJWFeo52dvdf8
Ã°Å¸â€Å’ Consensus stream closed with 12D3KooWD9ed8zJXbW8uUU6XHD2UYrsQQEvnuXReJWFeo52dvdf8
Ã°Å¸â€œÂ¨ Consensus message from 12D3KooWPVKESWFG9sS8G6vjhfPn54kWuNFkkuHwG4yQXhYRcXjX: leader_block (size: 1170 bytes)
Ã°Å¸â€œÂ¦ Leader block received from 12D3KooWPVKESWFG9sS8G6vjhfPn54kWuNFkkuHwG4yQXhYRcXjX | height=1972 proposer=A
Ã°Å¸â€Å’ Consensus stream EOF from 12D3KooWPVKESWFG9sS8G6vjhfPn54kWuNFkkuHwG4yQXhYRcXjX
Ã°Å¸â€Å’ Consensus stream closed with 12D3KooWPVKESWFG9sS8G6vjhfPn54kWuNFkkuHwG4yQXhYRcXjX
Validator heartbeat received: B | reported_height=1971 | finalized_height=1971 | local_exec_epoch=1972
2026/05/18 00:54:23 [REGISTRY-HISTORY-REBUILD] height=1970 status=scheduled reason=registry_snapshot_missing
2026/05/18 00:54:23 [REGISTRY-HISTORY-REBUILD] height=1970 status=started reason=registry_snapshot_missing
2026/05/18 00:54:23 [REGISTRY-HISTORY-REBUILD] height=1970 status=failed reason=registry_snapshot_missing
2026/05/18 00:54:23 [REGISTRY-PENDING] height=1969 chain_tip=1881 reason=future_block
[REGISTRY-PENDING] height=1969 chain_height=1881 reason=future_parent
[SET-PENDING] height=1970 chain_height=1881 reason=future_height
Validator heartbeat: A | reported_height=1971 | finalized_height=1971 | local_exec_epoch=1972
Validator heartbeat received: B | reported_height=1971 | finalized_height=1971 | local_exec_epoch=1972
Validator heartbeat: A | reported_height=1971 | finalized_height=1971 | local_exec_epoch=1972
Ã°Å¸â€œÂ¨ Consensus message from 12D3KooWHdmUKc1bYKY3scg6TqGhK3SutwH9hu1aAez4VmvwkEyk: execution_result (size: 359 bytes)
Ã°Å¸â€Å’ Consensus stream EOF from 12D3KooWHdmUKc1bYKY3scg6TqGhK3SutwH9hu1aAez4VmvwkEyk
Ã°Å¸â€Å’ Consensus stream closed with 12D3KooWHdmUKc1bYKY3scg6TqGhK3SutwH9hu1aAez4VmvwkEyk
Validator heartbeat received: A | reported_height=1971 | finalized_height=1971 | local_exec_epoch=1972
2026/05/18 00:54:24 [REGISTRY-PENDING] height=1972 chain_tip=1881 reason=future_block
[REGISTRY-PENDING] height=1972 chain_height=1881 reason=future_parent
[SET-PENDING] height=1973 chain_height=1881 reason=future_height
Validator heartbeat received: A | reported_height=1971 | finalized_height=1971 | local_exec_epoch=1972
Validator heartbeat: C | reported_height=1972 | finalized_height=1972 | local_exec_epoch=1973
Validator heartbeat: C | reported_height=1972 | finalized_height=1972 | local_exec_epoch=1973
Validator heartbeat received: C | reported_height=1972 | finalized_height=1972 | local_exec_epoch=1973
[SNAPSHOT-PUBLISH] deferred height=1881 reason=auto_publish_interval_10
Validator heartbeat received: C | reported_height=1972 | finalized_height=1972 | local_exec_epoch=1973
Validator heartbeat: A | reported_height=1972 | finalized_height=1972 | local_exec_epoch=1973
2026/05/18 00:54:26 [REGISTRY-PENDING] height=1971 chain_tip=1881 reason=future_block
[REGISTRY-PENDING] height=1971 chain_height=1881 reason=future_parent
[SET-PENDING] height=1972 chain_height=1881 reason=future_height
Validator heartbeat: A | reported_height=1972 | finalized_height=1972 | local_exec_epoch=1973
Dial fanout full (16); skipping this dial batch item
2026/05/18 00:54:27 [REGISTRY-PENDING] height=1970 chain_tip=1881 reason=future_block
[REGISTRY-PENDING] height=1970 chain_height=1881 reason=future_parent
Validator heartbeat received: A | reported_height=1972 | finalized_height=1972 | local_exec_epoch=1973
[SET-PENDING] height=1971 chain_height=1881 reason=future_height
Ã°Å¸â€œÂ¨ Consensus message from 12D3KooWHdmUKc1bYKY3scg6TqGhK3SutwH9hu1aAez4VmvwkEyk: leader_block (size: 1170 bytes)
Ã°Å¸â€œÂ¦ Leader block received from 12D3KooWHdmUKc1bYKY3scg6TqGhK3SutwH9hu1aAez4VmvwkEyk | height=1973 proposer=B
Ã°Å¸â€Å’ Consensus stream EOF from 12D3KooWHdmUKc1bYKY3scg6TqGhK3SutwH9hu1aAez4VmvwkEyk
Ã°Å¸â€Å’ Consensus stream closed with 12D3KooWHdmUKc1bYKY3scg6TqGhK3SutwH9hu1aAez4VmvwkEyk
Ã°Å¸â€œÂ¨ Consensus message from 12D3KooWHdmUKc1bYKY3scg6TqGhK3SutwH9hu1aAez4VmvwkEyk: execution_result (size: 359 bytes)
Ã°Å¸â€Å’ Consensus stream EOF from 12D3KooWHdmUKc1bYKY3scg6TqGhK3SutwH9hu1aAez4VmvwkEyk
Ã°Å¸â€Å’ Consensus stream closed with 12D3KooWHdmUKc1bYKY3scg6TqGhK3SutwH9hu1aAez4VmvwkEyk
Validator heartbeat received: A | reported_height=1972 | finalized_height=1972 | local_exec_epoch=1973
Validator heartbeat: B | reported_height=1972 | finalized_height=1972 | local_exec_epoch=1973
Validator heartbeat: B | reported_height=1972 | finalized_height=1972 | local_exec_epoch=1973
Validator heartbeat received: B | reported_height=1972 | finalized_height=1972 | local_exec_epoch=1973
Ã°Å¸â€œÂ¨ Consensus message from 12D3KooWHdmUKc1bYKY3scg6TqGhK3SutwH9hu1aAez4VmvwkEyk: leader_block (size: 1170 bytes)
Ã°Å¸â€œÂ¦ Leader block received from 12D3KooWHdmUKc1bYKY3scg6TqGhK3SutwH9hu1aAez4VmvwkEyk | height=1973 proposer=B
Ã°Å¸â€Å’ Consensus stream EOF from 12D3KooWHdmUKc1bYKY3scg6TqGhK3SutwH9hu1aAez4VmvwkEyk
Ã°Å¸â€Å’ Consensus stream closed with 12D3KooWHdmUKc1bYKY3scg6TqGhK3SutwH9hu1aAez4VmvwkEyk
Ã°Å¸â€œÂ¨ Consensus message from 12D3KooWD9ed8zJXbW8uUU6XHD2UYrsQQEvnuXReJWFeo52dvdf8: execution_result (size: 359 bytes)
Ã°Å¸â€Å’ Consensus stream EOF from 12D3KooWD9ed8zJXbW8uUU6XHD2UYrsQQEvnuXReJWFeo52dvdf8
Ã°Å¸â€Å’ Consensus stream closed with 12D3KooWD9ed8zJXbW8uUU6XHD2UYrsQQEvnuXReJWFeo52dvdf8
2026/05/18 00:54:28 [REGISTRY-HISTORY-REBUILD] height=1972 status=scheduled reason=registry_snapshot_missing
2026/05/18 00:54:28 [REGISTRY-HISTORY-REBUILD] height=1972 status=started reason=registry_snapshot_missing
2026/05/18 00:54:28 [REGISTRY-HISTORY-REBUILD] height=1972 status=failed reason=registry_snapshot_missing
Validator heartbeat: B | reported_height=1972 | finalized_height=1972 | local_exec_epoch=1973
Validator heartbeat received: B | reported_height=1972 | finalized_height=1972 | local_exec_epoch=1973
Validator heartbeat: B | reported_height=1972 | finalized_height=1972 | local_exec_epoch=1973
Ã°Å¸â€œÂ¨ Consensus message from 12D3KooWHdmUKc1bYKY3scg6TqGhK3SutwH9hu1aAez4VmvwkEyk: leader_block (size: 1170 bytes)
Ã°Å¸â€œÂ¦ Leader block received from 12D3KooWHdmUKc1bYKY3scg6TqGhK3SutwH9hu1aAez4VmvwkEyk | height=1973 proposer=B
Ã°Å¸â€Å’ Consensus stream EOF from 12D3KooWHdmUKc1bYKY3scg6TqGhK3SutwH9hu1aAez4VmvwkEyk
Ã°Å¸â€Å’ Consensus stream closed with 12D3KooWHdmUKc1bYKY3scg6TqGhK3SutwH9hu1aAez4VmvwkEyk
Validator heartbeat received: B | reported_height=1972 | finalized_height=1972 | local_exec_epoch=1973
Candidate heartbeat received: D | reported_height=1881 | finalized_height=1880 | local_exec_epoch=1882
2026/05/18 00:54:29 [REGISTRY-PENDING] height=1972 chain_tip=1881 reason=future_block
[REGISTRY-PENDING] height=1972 chain_height=1881 reason=future_parent
[SET-PENDING] height=1973 chain_height=1881 reason=future_height
Validator heartbeat received: B | reported_height=1972 | finalized_height=1972 | local_exec_epoch=1973
Candidate heartbeat received: D | reported_height=1881 | finalized_height=1880 | local_exec_epoch=1882
Ã°Å¸â€œÂ¨ Consensus message from 12D3KooWPVKESWFG9sS8G6vjhfPn54kWuNFkkuHwG4yQXhYRcXjX: execution_result (size: 359 bytes)
Ã°Å¸â€Å’ Consensus stream EOF from 12D3KooWPVKESWFG9sS8G6vjhfPn54kWuNFkkuHwG4yQXhYRcXjX
Ã°Å¸â€Å’ Consensus stream closed with 12D3KooWPVKESWFG9sS8G6vjhfPn54kWuNFkkuHwG4yQXhYRcXjX
2026/05/18 00:54:31 [REGISTRY-PENDING] height=1971 chain_tip=1881 reason=future_block
[REGISTRY-PENDING] height=1971 chain_height=1881 reason=future_parent
[SET-PENDING] height=1972 chain_height=1881 reason=future_height
2026/05/18 00:54:31 [REGISTRY-PENDING] height=1973 chain_tip=1881 reason=future_block
[REGISTRY-PENDING] height=1973 chain_height=1881 reason=future_parent
[SET-PENDING] height=1974 chain_height=1881 reason=future_height
2026/05/18 00:54:31 [OK] goroutine pressure normalized: 240 (degrade mode off)
2026/05/18 00:54:31 map stats: seen_blocks=2 seen_txs=0 fork_heights=0 fork_blocks=0 exec_results_keys=0 exec_results_total=0 pending_blocks=0 queued_exec_votes_keys=0 queued_exec_votes_total=0 accepted_proposal=1 exec_broadcasted_epochs=0 exec_broadcasted_keys=0 exec_signer_seen_epochs=1 exec_signer_seen_total=3 exec_broadcasted_by_val_epochs=0 exec_broadcasted_by_val_total=0 exec_rebroadcast_epochs=0 validator_status=5 candidates=1 peer_state=45 peers_connected=9 peers_connecting=0 peer_suspect=0 allowed_peers=4 pending_validators=0 pending_removals=0 queued_validator_updates=0 height_report_epochs=1 height_report_total=3 misbehavior_validators=0 misbehavior_total=0 exec_mismatch_tracked=0 exec_vote_replay_cache=3
Ã°Å¸â€â€” PubSub mesh check against 9 peers
Validator heartbeat: C | reported_height=1973 | finalized_height=1973 | local_exec_epoch=1974
Validator heartbeat: C | reported_height=1973 | finalized_height=1973 | local_exec_epoch=1974
2026/05/18 00:54:32 [REGISTRY-PENDING] height=1970 chain_tip=1881 reason=future_block
[REGISTRY-PENDING] height=1970 chain_height=1881 reason=future_parent
[SET-PENDING] height=1971 chain_height=1881 reason=future_height
Validator heartbeat received: C | reported_height=1973 | finalized_height=1973 | local_exec_epoch=1974
[SNAPSHOT-PUBLISH] deferred height=1881 reason=auto_publish_interval_10
Validator heartbeat received: C | reported_height=1973 | finalized_height=1973 | local_exec_epoch=1974
Validator heartbeat: B | reported_height=1973 | finalized_height=1973 | local_exec_epoch=1974
Validator heartbeat: B | reported_height=1973 | finalized_height=1973 | local_exec_epoch=1974
2026/05/18 00:54:33 [REGISTRY-HISTORY-REBUILD] height=1973 status=scheduled reason=registry_snapshot_missing
2026/05/18 00:54:33 [REGISTRY-HISTORY-REBUILD] height=1973 status=started reason=registry_snapshot_missing
2026/05/18 00:54:33 [REGISTRY-HISTORY-REBUILD] height=1973 status=failed reason=registry_snapshot_missing
Validator heartbeat received: B | reported_height=1973 | finalized_height=1973 | local_exec_epoch=1974
Validator heartbeat: A | reported_height=1973 | finalized_height=1973 | local_exec_epoch=1974
Validator heartbeat received: B | reported_height=1973 | finalized_height=1973 | local_exec_epoch=1974
Validator heartbeat: A | reported_height=1973 | finalized_height=1973 | local_exec_epoch=1974
2026/05/18 00:54:34 [REGISTRY-PENDING] height=1972 chain_tip=1881 reason=future_block
[REGISTRY-PENDING] height=1972 chain_height=1881 reason=future_parent
[SET-PENDING] height=1973 chain_height=1881 reason=future_height
Validator heartbeat received: A | reported_height=1973 | finalized_height=1973 | local_exec_epoch=1974
Validator heartbeat: A | reported_height=1973 | finalized_height=1973 | local_exec_epoch=1974
Validator heartbeat received: A | reported_height=1973 | finalized_height=1973 | local_exec_epoch=1974
Validator heartbeat: A | reported_height=1973 | finalized_height=1973 | local_exec_epoch=1974
Validator heartbeat received: A | reported_height=1973 | finalized_height=1973 | local_exec_epoch=1974
Validator heartbeat received: A | reported_height=1973 | finalized_height=1973 | local_exec_epoch=1974
Ã°Å¸â€œÂ¨ Consensus message from 12D3KooWD9ed8zJXbW8uUU6XHD2UYrsQQEvnuXReJWFeo52dvdf8: leader_block (size: 1170 bytes)
Ã°Å¸â€œÂ¦ Leader block received from 12D3KooWD9ed8zJXbW8uUU6XHD2UYrsQQEvnuXReJWFeo52dvdf8 | height=1974 proposer=C
Ã°Å¸â€Å’ Consensus stream EOF from 12D3KooWD9ed8zJXbW8uUU6XHD2UYrsQQEvnuXReJWFeo52dvdf8
Ã°Å¸â€Å’ Consensus stream closed with 12D3KooWD9ed8zJXbW8uUU6XHD2UYrsQQEvnuXReJWFeo52dvdf8
Ã°Å¸â€œÂ¨ Consensus message from 12D3KooWD9ed8zJXbW8uUU6XHD2UYrsQQEvnuXReJWFeo52dvdf8: execution_result (size: 374 bytes)
Ã°Å¸â€Å’ Consensus stream EOF from 12D3KooWD9ed8zJXbW8uUU6XHD2UYrsQQEvnuXReJWFeo52dvdf8
Ã°Å¸â€Å’ Consensus stream closed with 12D3KooWD9ed8zJXbW8uUU6XHD2UYrsQQEvnuXReJWFeo52dvdf8
Ã°Å¸â€œÂ¨ Consensus message from 12D3KooWHdmUKc1bYKY3scg6TqGhK3SutwH9hu1aAez4VmvwkEyk: execution_result (size: 374 bytes)
Ã°Å¸â€Å’ Consensus stream EOF from 12D3KooWHdmUKc1bYKY3scg6TqGhK3SutwH9hu1aAez4VmvwkEyk
Ã°Å¸â€Å’ Consensus stream closed with 12D3KooWHdmUKc1bYKY3scg6TqGhK3SutwH9hu1aAez4VmvwkEyk
Ã°Å¸â€œÂ¨ Consensus message from 12D3KooWPVKESWFG9sS8G6vjhfPn54kWuNFkkuHwG4yQXhYRcXjX: execution_result (size: 374 bytes)
Ã°Å¸â€Å’ Consensus stream EOF from 12D3KooWPVKESWFG9sS8G6vjhfPn54kWuNFkkuHwG4yQXhYRcXjX
Ã°Å¸â€Å’ Consensus stream closed with 12D3KooWPVKESWFG9sS8G6vjhfPn54kWuNFkkuHwG4yQXhYRcXjX
2026/05/18 00:54:39 [REGISTRY-PENDING] height=1973 chain_tip=1881 reason=future_block
[REGISTRY-PENDING] height=1973 chain_height=1881 reason=future_parent
[SET-PENDING] height=1974 chain_height=1881 reason=future_height
2026/05/18 00:54:39 [REGISTRY-HISTORY-REBUILD] height=1973 status=scheduled reason=registry_snapshot_missing
2026/05/18 00:54:39 [REGISTRY-HISTORY-REBUILD] height=1973 status=started reason=registry_snapshot_missing
2026/05/18 00:54:39 [REGISTRY-HISTORY-REBUILD] height=1973 status=failed reason=registry_snapshot_missing
2026/05/18 00:54:39 [REGISTRY-PENDING] height=1974 chain_tip=1881 reason=future_block
[REGISTRY-PENDING] height=1974 chain_height=1881 reason=future_parent
[SET-PENDING] height=1975 chain_height=1881 reason=future_height
Validator heartbeat: B | reported_height=1974 | finalized_height=1974 | local_exec_epoch=1975
2026/05/18 00:54:39 [REGISTRY-PENDING] height=1972 chain_tip=1881 reason=future_block
[REGISTRY-PENDING] height=1972 chain_height=1881 reason=future_parent
[SET-PENDING] height=1973 chain_height=1881 reason=future_height
2026/05/18 00:54:39 [REGISTRY-PENDING] height=1971 chain_tip=1881 reason=future_block
[REGISTRY-PENDING] height=1971 chain_height=1881 reason=future_parent
[SET-PENDING] height=1972 chain_height=1881 reason=future_height
Validator heartbeat: B | reported_height=1974 | finalized_height=1974 | local_exec_epoch=1975
Validator heartbeat received: B | reported_height=1974 | finalized_height=1974 | local_exec_epoch=1975
[SNAPSHOT-PUBLISH] deferred height=1881 reason=auto_publish_interval_10
Validator heartbeat received: B | reported_height=1974 | finalized_height=1974 | local_exec_epoch=1975
Validator heartbeat: C | reported_height=1974 | finalized_height=1974 | local_exec_epoch=1975
Validator heartbeat: C | reported_height=1974 | finalized_height=1974 | local_exec_epoch=1975
2026/05/18 00:54:41 [OK] goroutine pressure normalized: 240 (degrade mode off)
Attempting to connect to 9 peers
Dial fanout full (16); skipping this dial batch item
Validator heartbeat received: C | reported_height=1974 | finalized_height=1974 | local_exec_epoch=1975
Validator heartbeat: A | reported_height=1974 | finalized_height=1974 | local_exec_epoch=1975
Validator heartbeat received: C | reported_height=1974 | finalized_height=1974 | local_exec_epoch=1975
Validator heartbeat: A | reported_height=1974 | finalized_height=1974 | local_exec_epoch=1975
Validator heartbeat received: A | reported_height=1974 | finalized_height=1974 | local_exec_epoch=1975
Candidate heartbeat received: D | reported_height=1881 | finalized_height=1880 | local_exec_epoch=1882
Validator heartbeat received: A | reported_height=1974 | finalized_height=1974 | local_exec_epoch=1975
Candidate heartbeat received: D | reported_height=1881 | finalized_height=1880 | local_exec_epoch=1882
Ã°Å¸â€œÂ¨ Consensus message from 12D3KooWD9ed8zJXbW8uUU6XHD2UYrsQQEvnuXReJWFeo52dvdf8: leader_block (size: 1170 bytes)
Ã°Å¸â€œÂ¦ Leader block received from 12D3KooWD9ed8zJXbW8uUU6XHD2UYrsQQEvnuXReJWFeo52dvdf8 | height=1975 proposer=C
Ã°Å¸â€Å’ Consensus stream EOF from 12D3KooWD9ed8zJXbW8uUU6XHD2UYrsQQEvnuXReJWFeo52dvdf8
Ã°Å¸â€Å’ Consensus stream closed with 12D3KooWD9ed8zJXbW8uUU6XHD2UYrsQQEvnuXReJWFeo52dvdf8
Ã°Å¸â€œÂ¨ Consensus message from 12D3KooWD9ed8zJXbW8uUU6XHD2UYrsQQEvnuXReJWFeo52dvdf8: execution_result (size: 359 bytes)
Ã°Å¸â€Å’ Consensus stream EOF from 12D3KooWD9ed8zJXbW8uUU6XHD2UYrsQQEvnuXReJWFeo52dvdf8
Ã°Å¸â€Å’ Consensus stream closed with 12D3KooWD9ed8zJXbW8uUU6XHD2UYrsQQEvnuXReJWFeo52dvdf8
Ã°Å¸â€œÂ¨ Consensus message from 12D3KooWHdmUKc1bYKY3scg6TqGhK3SutwH9hu1aAez4VmvwkEyk: execution_result (size: 359 bytes)
Ã°Å¸â€Å’ Consensus stream EOF from 12D3KooWHdmUKc1bYKY3scg6TqGhK3SutwH9hu1aAez4VmvwkEyk
Ã°Å¸â€Å’ Consensus stream closed with 12D3KooWHdmUKc1bYKY3scg6TqGhK3SutwH9hu1aAez4VmvwkEyk
Ã°Å¸â€œÂ¨ Consensus message from 12D3KooWPVKESWFG9sS8G6vjhfPn54kWuNFkkuHwG4yQXhYRcXjX: execution_result (size: 359 bytes)
Ã°Å¸â€Å’ Consensus stream EOF from 12D3KooWPVKESWFG9sS8G6vjhfPn54kWuNFkkuHwG4yQXhYRcXjX
Ã°Å¸â€Å’ Consensus stream closed with 12D3KooWPVKESWFG9sS8G6vjhfPn54kWuNFkkuHwG4yQXhYRcXjX
Ã°Å¸â€œÂ¨ Consensus message from 12D3KooWD9ed8zJXbW8uUU6XHD2UYrsQQEvnuXReJWFeo52dvdf8: leader_block (size: 1170 bytes)
Ã°Å¸â€œÂ¦ Leader block received from 12D3KooWD9ed8zJXbW8uUU6XHD2UYrsQQEvnuXReJWFeo52dvdf8 | height=1975 proposer=C
Ã°Å¸â€Å’ Consensus stream EOF from 12D3KooWD9ed8zJXbW8uUU6XHD2UYrsQQEvnuXReJWFeo52dvdf8
Ã°Å¸â€Å’ Consensus stream closed with 12D3KooWD9ed8zJXbW8uUU6XHD2UYrsQQEvnuXReJWFeo52dvdf8
2026/05/18 00:54:45 [REGISTRY-PENDING] height=1974 chain_tip=1881 reason=future_block
[REGISTRY-PENDING] height=1974 chain_height=1881 reason=future_parent
2026/05/18 00:54:45 [REGISTRY-HISTORY-REBUILD] height=1974 status=scheduled reason=registry_snapshot_missing
[SET-PENDING] height=1975 chain_height=1881 reason=future_height
2026/05/18 00:54:45 [REGISTRY-HISTORY-REBUILD] height=1974 status=started reason=registry_snapshot_missing
2026/05/18 00:54:45 [REGISTRY-HISTORY-REBUILD] height=1974 status=failed reason=registry_snapshot_missing
2026/05/18 00:54:45 [REGISTRY-PENDING] height=1973 chain_tip=1881 reason=future_block
[REGISTRY-PENDING] height=1973 chain_height=1881 reason=future_parent
[SET-PENDING] height=1974 chain_height=1881 reason=future_height
2026/05/18 00:54:45 [REGISTRY-PENDING] height=1975 chain_tip=1881 reason=future_block
[REGISTRY-PENDING] height=1975 chain_height=1881 reason=future_parent
[SET-PENDING] height=1976 chain_height=1881 reason=future_height
Validator heartbeat: B | reported_height=1975 | finalized_height=1975 | local_exec_epoch=1976
2026/05/18 00:54:45 [REGISTRY-PENDING] height=1972 chain_tip=1881 reason=future_block
[REGISTRY-PENDING] height=1972 chain_height=1881 reason=future_parent
[SET-PENDING] height=1973 chain_height=1881 reason=future_height
Validator heartbeat: B | reported_height=1975 | finalized_height=1975 | local_exec_epoch=1976
Validator heartbeat received: B | reported_height=1975 | finalized_height=1975 | local_exec_epoch=1976
[SNAPSHOT-PUBLISH] deferred height=1881 reason=auto_publish_interval_10
Validator heartbeat: A | reported_height=1975 | finalized_height=1975 | local_exec_epoch=1976
Validator heartbeat received: B | reported_height=1975 | finalized_height=1975 | local_exec_epoch=1976
Validator heartbeat: A | reported_height=1975 | finalized_height=1975 | local_exec_epoch=1976
Validator heartbeat received: A | reported_height=1975 | finalized_height=1975 | local_exec_epoch=1976
Validator heartbeat received: A | reported_height=1975 | finalized_height=1975 | local_exec_epoch=1976
2026/05/18 00:54:51 [REGISTRY-PENDING] height=1974 chain_tip=1881 reason=future_block
[REGISTRY-PENDING] height=1974 chain_height=1881 reason=future_parent
2026/05/18 00:54:51 [REGISTRY-HISTORY-REBUILD] height=1974 status=scheduled reason=registry_snapshot_missing
[SET-PENDING] height=1975 chain_height=1881 reason=future_height
2026/05/18 00:54:51 [REGISTRY-HISTORY-REBUILD] height=1974 status=started reason=registry_snapshot_missing
2026/05/18 00:54:51 [REGISTRY-HISTORY-REBUILD] height=1974 status=failed reason=registry_snapshot_missing
2026/05/18 00:54:51 [REGISTRY-PENDING] height=1973 chain_tip=1881 reason=future_block
[REGISTRY-PENDING] height=1973 chain_height=1881 reason=future_parent
[SET-PENDING] height=1974 chain_height=1881 reason=future_height
2026/05/18 00:54:51 [REGISTRY-PENDING] height=1975 chain_tip=1881 reason=future_block
[REGISTRY-PENDING] height=1975 chain_height=1881 reason=future_parent
[SET-PENDING] height=1976 chain_height=1881 reason=future_height
2026/05/18 00:54:51 [OK] goroutine pressure normalized: 257 (degrade mode off)
2026/05/18 00:54:51 [SNAPSHOT-MATERIALIZING] height=1825 chain_tip=1881 kind=missing_committed
2026/05/18 00:54:51 [SNAPSHOT-MATERIALIZING] height=1833 chain_tip=1881 kind=missing_committed
2026/05/18 00:54:51 [SNAPSHOT-MATERIALIZING] height=1842 chain_tip=1881 kind=missing_committed
Validator heartbeat: C | reported_height=1975 | finalized_height=1975 | local_exec_epoch=1976
Validator heartbeat: C | reported_height=1975 | finalized_height=1975 | local_exec_epoch=1976
2026/05/18 00:54:51 [SNAPSHOT-MATERIALIZING] height=1846 chain_tip=1881 kind=missing_committed
2026/05/18 00:54:51 [SNAPSHOT-MATERIALIZING] height=1879 chain_tip=1881 kind=missing_committed
Validator heartbeat received: C | reported_height=1975 | finalized_height=1975 | local_exec_epoch=1976
[SNAPSHOT-PUBLISH] deferred height=1881 reason=auto_publish_interval_10
Validator heartbeat received: C | reported_height=1975 | finalized_height=1975 | local_exec_epoch=1976
Ã°Å¸â€œÂ¨ Consensus message from 12D3KooWHdmUKc1bYKY3scg6TqGhK3SutwH9hu1aAez4VmvwkEyk: leader_block (size: 1170 bytes)
Ã°Å¸â€œÂ¦ Leader block received from 12D3KooWHdmUKc1bYKY3scg6TqGhK3SutwH9hu1aAez4VmvwkEyk | height=1976 proposer=B
Ã°Å¸â€Å’ Consensus stream EOF from 12D3KooWHdmUKc1bYKY3scg6TqGhK3SutwH9hu1aAez4VmvwkEyk
Ã°Å¸â€Å’ Consensus stream closed with 12D3KooWHdmUKc1bYKY3scg6TqGhK3SutwH9hu1aAez4VmvwkEyk
Ã°Å¸â€œÂ¨ Consensus message from 12D3KooWHdmUKc1bYKY3scg6TqGhK3SutwH9hu1aAez4VmvwkEyk: execution_result (size: 374 bytes)
Ã°Å¸â€Å’ Consensus stream EOF from 12D3KooWHdmUKc1bYKY3scg6TqGhK3SutwH9hu1aAez4VmvwkEyk
Ã°Å¸â€Å’ Consensus stream closed with 12D3KooWHdmUKc1bYKY3scg6TqGhK3SutwH9hu1aAez4VmvwkEyk
Ã°Å¸â€œÂ¨ Consensus message from 12D3KooWPVKESWFG9sS8G6vjhfPn54kWuNFkkuHwG4yQXhYRcXjX: execution_result (size: 374 bytes)
Ã°Å¸â€Å’ Consensus stream EOF from 12D3KooWPVKESWFG9sS8G6vjhfPn54kWuNFkkuHwG4yQXhYRcXjX
Ã°Å¸â€Å’ Consensus stream closed with 12D3KooWPVKESWFG9sS8G6vjhfPn54kWuNFkkuHwG4yQXhYRcXjX
Ã°Å¸â€œÂ¨ Consensus message from 12D3KooWD9ed8zJXbW8uUU6XHD2UYrsQQEvnuXReJWFeo52dvdf8: execution_result (size: 374 bytes)
Ã°Å¸â€Å’ Consensus stream EOF from 12D3KooWD9ed8zJXbW8uUU6XHD2UYrsQQEvnuXReJWFeo52dvdf8
Ã°Å¸â€Å’ Consensus stream closed with 12D3KooWD9ed8zJXbW8uUU6XHD2UYrsQQEvnuXReJWFeo52dvdf8
2026/05/18 00:54:54 [REGISTRY-PENDING] height=1976 chain_tip=1881 reason=future_block
[REGISTRY-PENDING] height=1976 chain_height=1881 reason=future_parent
[SET-PENDING] height=1977 chain_height=1881 reason=future_height
Validator heartbeat: A | reported_height=1976 | finalized_height=1976 | local_exec_epoch=1977
Validator heartbeat: A | reported_height=1976 | finalized_height=1976 | local_exec_epoch=1977
Validator heartbeat received: A | reported_height=1976 | finalized_height=1976 | local_exec_epoch=1977
Validator heartbeat: B | reported_height=1976 | finalized_height=1976 | local_exec_epoch=1977
Validator heartbeat received: A | reported_height=1976 | finalized_height=1976 | local_exec_epoch=1977
Validator heartbeat: B | reported_height=1976 | finalized_height=1976 | local_exec_epoch=1977
2026/05/18 00:54:56 [REGISTRY-PENDING] height=1974 chain_tip=1881 reason=future_block
[REGISTRY-PENDING] height=1974 chain_height=1881 reason=future_parent
2026/05/18 00:54:56 [REGISTRY-HISTORY-REBUILD] height=1974 status=scheduled reason=registry_snapshot_missing
[SET-PENDING] height=1975 chain_height=1881 reason=future_height
2026/05/18 00:54:56 [REGISTRY-HISTORY-REBUILD] height=1974 status=started reason=registry_snapshot_missing
2026/05/18 00:54:56 [REGISTRY-HISTORY-REBUILD] height=1974 status=failed reason=registry_snapshot_missing
2026/05/18 00:54:56 [REGISTRY-PENDING] height=1973 chain_tip=1881 reason=future_block
[REGISTRY-PENDING] height=1973 chain_height=1881 reason=future_parent
[SET-PENDING] height=1974 chain_height=1881 reason=future_height
2026/05/18 00:54:56 [REGISTRY-PENDING] height=1975 chain_tip=1881 reason=future_block
[REGISTRY-PENDING] height=1975 chain_height=1881 reason=future_parent
Dial fanout full (16); skipping this dial batch item
[SET-PENDING] height=1976 chain_height=1881 reason=future_height
Ã°Å¸â€â€” PubSub mesh check against 9 peers
Validator heartbeat received: B | reported_height=1976 | finalized_height=1976 | local_exec_epoch=1977
Validator heartbeat: C | reported_height=1976 | finalized_height=1976 | local_exec_epoch=1977
Validator heartbeat received: B | reported_height=1976 | finalized_height=1976 | local_exec_epoch=1977
Validator heartbeat: C | reported_height=1976 | finalized_height=1976 | local_exec_epoch=1977
Validator heartbeat received: C | reported_height=1976 | finalized_height=1976 | local_exec_epoch=1977
[SNAPSHOT-PUBLISH] deferred height=1881 reason=auto_publish_interval_10
Candidate heartbeat received: D | reported_height=1881 | finalized_height=1880 | local_exec_epoch=1882
Validator heartbeat received: C | reported_height=1976 | finalized_height=1976 | local_exec_epoch=1977
Candidate heartbeat received: D | reported_height=1881 | finalized_height=1880 | local_exec_epoch=1882
2026/05/18 00:55:01 [OK] goroutine pressure normalized: 240 (degrade mode off)
