CHAIN config loaded: chain_id=91938 moniker=Mainnet-Node-1 genesis_path=genesis.json genesis_hash=bcfca8ea5bca4a07d4a32b1f8fe1770316615962bb3487c1fcf3c2dca6a17405
P2P config loaded: listen= external= seeds=4 persistent=4 persist_peer_id_refresh=false
P2P config loaded: persist_peer_id_refresh=false (explicit)
P2P config loaded: prune_localhost_on_refused=true (explicit)
P2P config loaded: prune_localhost_refused_failures=3 (explicit)
CONSENSUS config loaded: propose=3s prevote=1s precommit=1s commit=5s min_block_interval=4s recompute_pause=4s weak_subjectivity_depth=2048 max_future_gap=256 validator_set_commitment_v2_height=1 validator_set_hash_v3_height=0 deterministic_tx_order=true round_timeout=2s round_max=0 round_skew=1 barrier_relax=1m0s barrier_drop=1 barrier_retry_mode=per_block exec_quorum_emergency=true exec_quorum_emergency_stall=8s penalty_mode=converged_only invalid_proposer_q=4 exec_mismatch_q=3 exec_mismatch_slash=5 propose_requires_sync_ready=true post_block_safe_mode=true safe_mode_min=2s safe_mode_max=8s safe_mode_history=32 safe_mode_live_quorum_bps=6700
CONSENSUS config loaded: weak_subjectivity_depth=2048 (explicit)
CONSENSUS config loaded: max_future_block_gap=256 (explicit)
CONSENSUS config loaded: validator_set_commitment_v2_height=1 (explicit)
CONSENSUS config loaded: enforce_deterministic_tx_order=true (explicit)
CONSENSUS config loaded: proposer_round_timeout_seconds=2 (explicit)
CONSENSUS config loaded: proposer_round_max_skew=1 (explicit)
CONSENSUS config loaded: transition_barrier_relax_seconds=60 (explicit)
CONSENSUS config loaded: transition_barrier_max_drop=1 (explicit)
CONSENSUS config loaded: transition_barrier_retry_mode=per_block (explicit)
CONSENSUS config loaded: exec_quorum_emergency_enabled=true (explicit)
CONSENSUS config loaded: exec_quorum_emergency_stall_seconds=8 (explicit)
CONSENSUS config loaded: penalty_enforce_mode=converged_only (explicit)
CONSENSUS config loaded: invalid_proposer_quarantine_after=4 (explicit)
CONSENSUS config loaded: exec_mismatch_quarantine_after=3 (explicit)
CONSENSUS config loaded: exec_mismatch_slash_after=5 (explicit)
CONSENSUS config loaded: propose_requires_sync_ready=true (explicit)
CONSENSUS config loaded: core_pending_excluded_from_proposer=true (explicit)
CONSENSUS config loaded: core_activation_effective_height_buffer=64 (explicit)
CONSENSUS config loaded: post_block_safe_mode_enabled=true (explicit)
CONSENSUS config loaded: post_block_safe_mode_min_seconds=2 (explicit)
CONSENSUS config loaded: post_block_safe_mode_max_seconds=8 (explicit)
CONSENSUS config loaded: post_block_safe_mode_history_blocks=32 (explicit)
CONSENSUS config loaded: post_block_safe_mode_live_quorum_bps=6700 (explicit)
RPC config loaded: addr=127.0.0.1:26657 cors=[*] tls_cert=false tls_key=false auth_read=false auth_submit=false token_full=false token_read=false token_submit=false
VALIDATOR config loaded: dynamic=true deterministic=true equal_chance=true active_set=5 min_active=4 min_stake=100 cap=0.0500 uptime_window=1000 recovery=0.30 long_uptime=0.95 require_stake=true core_stake_exempt=true onboarding_grace_blocks=64 onboarding_max_new_slots=1 onboarding_strict_activation=true activation_delay=5 activation_model_v2_height=0 inactive_remove_blocks=8 rotation_window=50 banned=0 inactivity_penalty=true burn_bps=100 jail=500 cooldown=50 inactive_permanent=false heartbeat_ttl=25s grace=10s drift_blocks=8 rejoin_heartbeats=3 rejoin_signed=1 rejoin_window=16 fail_on_key_unavailable=true allow_identity_rotation=false active_set_mode=adaptive_committee max_active_committee=512 adaptive_log_mult=16 committee_rotation=32 activity_window=64 min_signed=1 heartbeat_scope=committee_only required_key_fingerprint= backup_required=true backup_dir=secure-backups backup_max_age_h=24 restore_on_missing=true allow_env_password_in_production=true password_mode=file_or_prompt
VALIDATOR config loaded: equal_chance_selection=true (explicit)
VALIDATOR config loaded: require_stake=true (explicit)
VALIDATOR config loaded: core_stake_exempt=true (explicit)
VALIDATOR config loaded: inactivity_penalty_enabled=true (explicit)
VALIDATOR config loaded: inactivity_penalty_burn_bps=100 (explicit)
VALIDATOR config loaded: inactivity_penalty_jail_blocks=500 (explicit)
VALIDATOR config loaded: inactivity_penalty_cooldown_blocks=50 (explicit)
VALIDATOR config loaded: permanent_remove_on_inactive=false (explicit)
VALIDATOR config loaded: liveness_heartbeat_ttl_seconds=25 (explicit)
VALIDATOR config loaded: liveness_grace_seconds=10 (explicit)
VALIDATOR config loaded: liveness_max_height_drift_blocks=8 (explicit)
VALIDATOR config loaded: rejoin_required_heartbeats=3 (explicit)
VALIDATOR config loaded: rejoin_required_signed_blocks=1 (explicit)
VALIDATOR config loaded: rejoin_window_blocks=16 (explicit)
VALIDATOR config loaded: fail_on_key_unavailable=true (explicit)
VALIDATOR config loaded: allow_identity_rotation_on_existing_chain=false (explicit)
VALIDATOR config loaded: active_set_mode=adaptive_committee (explicit)
VALIDATOR config loaded: max_active_committee=512 (explicit)
VALIDATOR config loaded: adaptive_committee_log_multiplier=16 (explicit)
VALIDATOR config loaded: committee_rotation_blocks=32 (explicit)
VALIDATOR config loaded: selection_activity_window_blocks=64 (explicit)
VALIDATOR config loaded: selection_min_signed_blocks=1 (explicit)
VALIDATOR config loaded: onboarding_grace_blocks=64 (explicit)
VALIDATOR config loaded: onboarding_max_new_slots=1 (explicit)
VALIDATOR config loaded: onboarding_strict_activation=true (explicit)
VALIDATOR config loaded: validator_set_activation_model_v2_height=0 (explicit)
VALIDATOR config loaded: validator_set_autoheal_mode=validator_quorum (explicit)
VALIDATOR config loaded: validator_set_autoheal_trusted_only_on_mismatch=true (explicit)
VALIDATOR config loaded: validator_set_autoheal_near_tip_force_after=2 (explicit)
VALIDATOR config loaded: validator_set_autoheal_pause_seconds=6 (explicit)
VALIDATOR config loaded: onboarding_bootstrap_lane_enabled=true (explicit)
VALIDATOR config loaded: onboarding_bootstrap_max_new_slots=1 (explicit)
VALIDATOR config loaded: onboarding_bootstrap_require_stake=true (explicit)
VALIDATOR config loaded: onboarding_bootstrap_require_not_jailed=true (explicit)
VALIDATOR config loaded: heartbeat_scope=committee_only (explicit)
VALIDATOR config loaded: required_key_fingerprint= (explicit)
VALIDATOR config loaded: key_backup_required=true (explicit)
VALIDATOR config loaded: key_backup_dir=secure-backups (explicit)
VALIDATOR config loaded: key_backup_max_age_hours=24 (explicit)
VALIDATOR config loaded: key_restore_allowed_on_missing=true (explicit)
VALIDATOR config loaded: allow_env_password_in_production=true (explicit)
VALIDATOR config loaded: core_env_password_allowed=true (explicit)
VALIDATOR config loaded: core_password_file= (explicit)
VALIDATOR config loaded: password_mode=file_or_prompt (explicit)
PROMO config loaded: obs=50 dcs=0.8500 uptime=98.00% div=70.00% div_epochs=20 srp=0.9000 srp_alpha=0.15 rate=1/100 test=false
NET config loaded: disable_dht=false block_public_peers=false diversity=true max_subnet=8 v4=24 v6=64 self_heal=true interval=5s min_peers=3 stall=20s autonat=false relay=false hole_punch=false
NET config loaded: mdns=true
NET config loaded: peer_diversity_enabled=true (explicit)
NET config loaded: peer_diversity_max_per_subnet=8 (explicit)
NET config loaded: peer_diversity_ipv4_prefix=24 (explicit)
NET config loaded: peer_diversity_ipv6_prefix=64 (explicit)
SYNC config loaded: snapshot_threshold_blocks=2000 (explicit)
SYNC config loaded: fresh_join_fallback_block_replay_enabled=true (explicit)
SYNC config loaded: snapshot_publish_new_node_threshold_blocks=50 (explicit)
SYNC config loaded: snapshot_publish_lag_threshold_blocks=20 (explicit)
SYNC config loaded: snapshot_publish_reannounce_cooldown_seconds=12 (explicit)
SYNC config loaded: snapshot_warmup_seconds=10 (explicit)
SYNC config loaded: fast_block_sync_max_blocks=256 (explicit)
SYNC config loaded: restart_snapshot_grace_blocks=256 (explicit)
SYNC config loaded: delta_replay_max_blocks=50000 (explicit)
SYNC config loaded: delta_replay_batch_blocks=1024 (explicit)
SYNC config loaded: delta_replay_verify_workers=8 (explicit)
SYNC config loaded: direct_gossip_max_blocks=128 (explicit)
SYNC config loaded: range_fetch_max_blocks=50000 (explicit)
SYNC config loaded: snapshot_delta_max_blocks=10000000 (explicit)
SYNC config loaded: snapshot_chunk_size_bytes=1048576 (explicit)
SYNC config loaded: snapshot_parallel_chunks=8 (explicit)
SYNC config loaded: sync_stall_seconds=180 (explicit)
SYNC config loaded: sync_peer_timeout_seconds=15 (explicit)
SYNC config loaded: snapshot_anchor_timeout_seconds=10 (explicit)
SYNC config loaded: snapshot_anchor_max_retries=6 (explicit)
SYNC config loaded: checkpoint_interval_blocks=32 (explicit)
SYNC config loaded: snapshot_checkpoint_domain=MSC_SNAPSHOT_V1 (explicit)
SYNC config loaded: snapshot_checkpoint_v2_height=0 (explicit)
SYNC config loaded: snapshot_session_ttl_seconds=0 (explicit)
SYNC config loaded: snapshot_quorum_apply_watchdog_seconds=15 (explicit)
SYNC config loaded: snapshot_session_reset_watchdog_seconds=60 (explicit)
SYNC config loaded: snapshot_invalid_proof_quarantine_after=3 (explicit)
SYNC config loaded: history_mode=background (explicit)
SYNC config loaded: trusted_snapshot_require_checkpoint_proof=true (explicit)
EVM config ignored: stack hard-disabled in this build
DTL config loaded: contract_runtime_removed=true contracts_v2=false compat_rpc_subset=false v2_activation_height=0 logs_index_enabled=true oracle_min_signers=3 oracle_staleness=120 lending_accrual_interval=1 beacon_delay=8 router_enabled=true router_max_hops=4 router_deadline_max_blocks=30 router_max_price_impact_bps=3000 router_quote_max_paths=16 defi_farm_enabled=true gamefi_season_enabled=true gamefi_reward_token=MSC
WARN dtl.solidity_like_runtime_enabled ignored: contract runtime removed
DTL config loaded: contracts_v2_enabled=false (explicit)
DTL config loaded: compat_rpc_subset_enabled=false (explicit)
DTL config loaded: v2_activation_height=0 (explicit)
DTL config loaded: logs_index_enabled=true (explicit)
DTL config loaded: oracle_min_signers=3 (explicit)
DTL config loaded: oracle_max_staleness_blocks=120 (explicit)
DTL config loaded: lending_accrual_interval_blocks=1 (explicit)
DTL config loaded: game_beacon_delay_blocks=8 (explicit)
WARN dtl.max_contract_call_depth ignored: contract runtime removed
WARN dtl.bytecode_runtime_enabled ignored: contract runtime removed
WARN dtl.bytecode_activation_height ignored: contract runtime removed
WARN dtl.bytecode_max_size ignored: contract runtime removed
WARN dtl.bytecode_require_canonical ignored: contract runtime removed
DTL config loaded: router_enabled=true (explicit)
DTL config loaded: router_max_hops=4 (explicit)
DTL config loaded: router_deadline_max_blocks=30 (explicit)
DTL config loaded: router_max_price_impact_bps=3000 (explicit)
DTL config loaded: router_quote_max_paths=16 (explicit)
DTL config loaded: defi_farm_enabled=true (explicit)
DTL config loaded: gamefi_season_enabled=true (explicit)
DTL config loaded: gamefi_reward_token=MSC (explicit)
DTL config loaded: gamefi_season_length_blocks=43200 (explicit)
DTL config loaded: gamefi_claim_grace_blocks=21600 (explicit)
DTL config loaded: gamefi_fee_share_from_pool_bps=2500 (explicit)
DTL config loaded: gamefi_fee_share_from_lending_bps=2000 (explicit)
DTL config loaded: gamefi_duel_win_points=100 (explicit)
DTL config loaded: gamefi_tournament_win_points=600 (explicit)
DTL config loaded: gamefi_tournament_participation_points=80 (explicit)
DTL config loaded: farm_min_stake_blocks=50 (explicit)
DTL config loaded: farm_lp_points_per_block=1 (explicit)
DTL config loaded: farm_max_multiplier_bps=30000 (explicit)
DTL config loaded: gamefi_max_reward_per_account_per_season=1000000 (explicit)
[DTL-CONTRACT-RUNTIME] removed=true
TOKENOMICS config loaded: allow_treasury_ops=false
TOKENOMICS config loaded: random_user_reward_enabled=true
TOKENOMICS config loaded: random_user_reward_chance_bps=2500
TOKENOMICS config loaded: emission_enabled=true
TOKENOMICS config loaded: emission_min_reward=2
TOKENOMICS config loaded: emission_max_reward=4
TOKENOMICS config loaded: work_block_reward_enabled=true
TOKENOMICS config loaded: work_block_base_reward=2
TOKENOMICS config loaded: emission_jackpot_chance_bps=100
TOKENOMICS config loaded: emission_base_chance_bps=10000
TOKENOMICS config loaded: emission_high_chance_after_blocks=1105840
TOKENOMICS config loaded: emission_high_chance_bps=10000
TOKENOMICS config loaded: emission_halving_interval_blocks=1105840
TOKENOMICS config loaded: emission_treasury_bps=2000
TOKENOMICS config loaded: emission_validator_bps=7200
TOKENOMICS config loaded: emission_burn_bps=800
TOKENOMICS config loaded: emission_interval_mode=false
TOKENOMICS config loaded: emission_gap_min_blocks=4
TOKENOMICS config loaded: emission_gap_max_blocks=6
TOKENOMICS config loaded: emission_validator_to_proposer=false
TOKENOMICS config loaded: supply_burn_floor=62000000
TOKENOMICS config loaded: unified_team_reward_enabled=true
TOKENOMICS config loaded: unified_team_reward_treasury_bps=2000
TOKENOMICS config loaded: unified_team_reward_proposer_bps=3500
TOKENOMICS config loaded: unified_team_reward_validator_bps=4500
AUTH config loaded: require_wallet=true open_browser=true timeout=600s challenge_ttl=180s token_ttl=86400s core=[A B C D]
CORE config loaded: registry_path=core_validators.json (explicit)
CORE config loaded: registry_enforcement=warn (explicit)
CORE config loaded: registry_min_signatures=0 (explicit)
CORE config loaded: registry_reload_seconds=10 (explicit)
STORAGE config loaded: key_env=MSC_DB_ENCRYPTION_KEY key_file= key_hex=false key_b64=false
STORAGE runtime: db_encryption=false
2026/05/20 15:05:57 RPC address resolved: 127.0.0.1:26659 (source=cli)
===============================================
===============================================
Node ID     : C
Mode        : full
Role        : validator
Data Dir    : data/C
Listen Port : 7003
===============================================
2026/05/20 15:05:57 [PEER-BOOTSTRAP-RECONCILE] base=/ip4/127.0.0.1/tcp/7001 old=12D3KooWGpHi5kd7qv2bb4kt8mj82B5qZKPvfyTxEcg5XvbxaTXg new=12D3KooWPVKESWFG9sS8G6vjhfPn54kWuNFkkuHwG4yQXhYRcXjX source=peers.json
2026/05/20 15:05:57 [PEER-BOOTSTRAP-RECONCILE] base=/ip4/127.0.0.1/tcp/7002 old=12D3KooWNV3HvPD8CJkhRRdvgv5mvshg49kE4cbQnbkhZq1G7msh new=12D3KooWHdmUKc1bYKY3scg6TqGhK3SutwH9hu1aAez4VmvwkEyk source=peers.json
2026/05/20 15:05:57 [PEER-BOOTSTRAP-RECONCILE] base=/ip4/127.0.0.1/tcp/7004 old=12D3KooWGMgUyWLAv69e7RP2BHtN5PJyVfwFo8ZM95mzKNsJSZ5V new=12D3KooWE7bMkbbpLoSHKB43JdTZm9zkgqvf1iCQdGAqFFBDa42W source=peers.json
2026/05/20 15:05:57 validator key unlocked
2026/05/20 15:05:57 [KEY-AUDIT] validator=C backup_present=true backup_age_s=0 integrity=true
2026/05/20 15:05:57 [IDENTITY] key_loaded=true validator=C fingerprint=50f7a9ab14f0fa88 expected= match=true source=existing mode=strict
2026/05/20 15:05:57 SECURITY: storage DB encryption is disabled. Configure [storage] encryption key and OS disk encryption (BitLocker/LUKS/FileVault).
2026/05/20 15:05:57 [JOB 1] WAL file C:\Users\Mohammad Talha\OneDrive\Desktop\msc-chain\data\C\node_C\state.db\012184.log with log number 012184 stopped reading at offset: 368679; replayed 3171 keys in 41 batches
2026/05/20 15:05:57 [JOB 1] WAL file C:\Users\Mohammad Talha\OneDrive\Desktop\msc-chain\data\C\node_C\blocks.db\000478.log with log number 000478 stopped reading at offset: 162584; replayed 92 keys in 92 batches
2026/05/20 15:05:57 [JOB 1] WAL file C:\Users\Mohammad Talha\OneDrive\Desktop\msc-chain\data\C\node_C\tx.db\000383.log with log number 000383 stopped reading at offset: 5874; replayed 9 keys in 9 batches
2026/05/20 15:05:57 [JOB 1] WAL file C:\Users\Mohammad Talha\OneDrive\Desktop\msc-chain\data\C\node_C\meta.db\000747.log with log number 000747 stopped reading at offset: 253794; replayed 388 keys in 388 batches
2026/05/20 15:05:57 [JOB 1] WAL file C:\Users\Mohammad Talha\OneDrive\Desktop\msc-chain\data\C\node_C\meta.db\000751.log with log number 000751 stopped reading at offset: 338323; replayed 126 keys in 126 batches
[REGISTRY-BOOTSTRAP] height=0 chain_height=2551 reason=early_height
[WARN] consensus validator set unresolved height=1 chain_height=2551 expected_hash= local_hash= local_source=none snapshot_missing=false
2026/05/20 15:05:58 [REGISTRY-MISSING] height=1 chain_tip=2551
[REGISTRY-MISSING] height=1 chain_height=2551 db_state=true
[REGISTRY-BOOTSTRAP] height=1 chain_height=2551 reason=early_height
2026/05/20 15:05:58 [REGISTRY-HISTORY-REBUILD] height=1024 status=scheduled reason=consensus_set_unresolved
2026/05/20 15:05:58 [REGISTRY-HISTORY-REBUILD] height=1024 status=started reason=consensus_set_unresolved
2026/05/20 15:05:58 [REGISTRY-HISTORY-REBUILD] height=1024 status=ok reason=consensus_set_unresolved
[WARN] consensus validator set unresolved height=2 chain_height=2551 expected_hash=34a93d19 local_hash= local_source=none snapshot_missing=false
[WARN] consensus validator set unresolved height=3 chain_height=2551 expected_hash=34a93d19 local_hash= local_source=none snapshot_missing=false
[WARN] consensus validator set unresolved height=4 chain_height=2551 expected_hash=34a93d19 local_hash= local_source=none snapshot_missing=false
[WARN] consensus validator set unresolved height=5 chain_height=2551 expected_hash=34a93d19 local_hash= local_source=none snapshot_missing=false
[WARN] consensus validator set unresolved height=6 chain_height=2551 expected_hash=34a93d19 local_hash= local_source=none snapshot_missing=false
[WARN] consensus validator set unresolved height=7 chain_height=2551 expected_hash=34a93d19 local_hash= local_source=none snapshot_missing=false
[WARN] consensus validator set unresolved height=8 chain_height=2551 expected_hash=34a93d19 local_hash= local_source=none snapshot_missing=false
[WARN] consensus validator set unresolved height=9 chain_height=2551 expected_hash=34a93d19 local_hash= local_source=none snapshot_missing=false
[WARN] consensus validator set unresolved height=10 chain_height=2551 expected_hash=34a93d19 local_hash= local_source=none snapshot_missing=false
[WARN] consensus validator set unresolved height=11 chain_height=2551 expected_hash=34a93d19 local_hash= local_source=none snapshot_missing=false
[WARN] consensus validator set unresolved height=12 chain_height=2551 expected_hash=34a93d19 local_hash= local_source=none snapshot_missing=false
[WARN] consensus validator set unresolved height=13 chain_height=2551 expected_hash=34a93d19 local_hash= local_source=none snapshot_missing=false
[WARN] consensus validator set unresolved height=14 chain_height=2551 expected_hash=34a93d19 local_hash= local_source=none snapshot_missing=false
[WARN] consensus validator set unresolved height=15 chain_height=2551 expected_hash=34a93d19 local_hash= local_source=none snapshot_missing=false
[WARN] consensus validator set unresolved height=16 chain_height=2551 expected_hash=34a93d19 local_hash= local_source=none snapshot_missing=false
[WARN] consensus validator set unresolved height=17 chain_height=2551 expected_hash=34a93d19 local_hash= local_source=none snapshot_missing=false
[WARN] consensus validator set unresolved height=18 chain_height=2551 expected_hash=34a93d19 local_hash= local_source=none snapshot_missing=false
[WARN] consensus validator set unresolved height=19 chain_height=2551 expected_hash=34a93d19 local_hash= local_source=none snapshot_missing=false
[WARN] consensus validator set unresolved height=20 chain_height=2551 expected_hash=34a93d19 local_hash= local_source=none snapshot_missing=false
[WARN] consensus validator set unresolved height=21 chain_height=2551 expected_hash=34a93d19 local_hash= local_source=none snapshot_missing=false
[WARN] consensus validator set unresolved height=22 chain_height=2551 expected_hash=34a93d19 local_hash= local_source=none snapshot_missing=false
[WARN] consensus validator set unresolved height=23 chain_height=2551 expected_hash=34a93d19 local_hash= local_source=none snapshot_missing=false
[WARN] consensus validator set unresolved height=24 chain_height=2551 expected_hash=34a93d19 local_hash= local_source=none snapshot_missing=false
[WARN] consensus validator set unresolved height=25 chain_height=2551 expected_hash=34a93d19 local_hash= local_source=none snapshot_missing=false
[WARN] consensus validator set unresolved height=26 chain_height=2551 expected_hash=34a93d19 local_hash= local_source=none snapshot_missing=false
[WARN] consensus validator set unresolved height=27 chain_height=2551 expected_hash=34a93d19 local_hash= local_source=none snapshot_missing=false
[WARN] consensus validator set unresolved height=28 chain_height=2551 expected_hash=34a93d19 local_hash= local_source=none snapshot_missing=false
[WARN] consensus validator set unresolved height=29 chain_height=2551 expected_hash=34a93d19 local_hash= local_source=none snapshot_missing=false
[WARN] consensus validator set unresolved height=30 chain_height=2551 expected_hash=34a93d19 local_hash= local_source=none snapshot_missing=false
[WARN] consensus validator set unresolved height=31 chain_height=2551 expected_hash=34a93d19 local_hash= local_source=none snapshot_missing=false
[WARN] consensus validator set unresolved height=32 chain_height=2551 expected_hash=34a93d19 local_hash= local_source=none snapshot_missing=false
[WARN] consensus validator set unresolved height=33 chain_height=2551 expected_hash=34a93d19 local_hash= local_source=none snapshot_missing=false
[WARN] consensus validator set unresolved height=34 chain_height=2551 expected_hash=34a93d19 local_hash= local_source=none snapshot_missing=false
[WARN] consensus validator set unresolved height=35 chain_height=2551 expected_hash=34a93d19 local_hash= local_source=none snapshot_missing=false
[WARN] consensus validator set unresolved height=36 chain_height=2551 expected_hash=34a93d19 local_hash= local_source=none snapshot_missing=false
[WARN] consensus validator set unresolved height=37 chain_height=2551 expected_hash=34a93d19 local_hash= local_source=none snapshot_missing=false
[WARN] consensus validator set unresolved height=38 chain_height=2551 expected_hash=34a93d19 local_hash= local_source=none snapshot_missing=false
[WARN] consensus validator set unresolved height=39 chain_height=2551 expected_hash=34a93d19 local_hash= local_source=none snapshot_missing=false
[WARN] consensus validator set unresolved height=40 chain_height=2551 expected_hash=34a93d19 local_hash= local_source=none snapshot_missing=false
[WARN] consensus validator set unresolved height=41 chain_height=2551 expected_hash=34a93d19 local_hash= local_source=none snapshot_missing=false
[WARN] consensus validator set unresolved height=42 chain_height=2551 expected_hash=34a93d19 local_hash= local_source=none snapshot_missing=false
[WARN] consensus validator set unresolved height=43 chain_height=2551 expected_hash=34a93d19 local_hash= local_source=none snapshot_missing=false
[WARN] consensus validator set unresolved height=44 chain_height=2551 expected_hash=34a93d19 local_hash= local_source=none snapshot_missing=false
[WARN] consensus validator set unresolved height=45 chain_height=2551 expected_hash=34a93d19 local_hash= local_source=none snapshot_missing=false
[WARN] consensus validator set unresolved height=46 chain_height=2551 expected_hash=34a93d19 local_hash= local_source=none snapshot_missing=false
[WARN] consensus validator set unresolved height=47 chain_height=2551 expected_hash=34a93d19 local_hash= local_source=none snapshot_missing=false
[WARN] consensus validator set unresolved height=48 chain_height=2551 expected_hash=34a93d19 local_hash= local_source=none snapshot_missing=false
[WARN] consensus validator set unresolved height=49 chain_height=2551 expected_hash=34a93d19 local_hash= local_source=none snapshot_missing=false
[WARN] consensus validator set unresolved height=50 chain_height=2551 expected_hash=34a93d19 local_hash= local_source=none snapshot_missing=false
[WARN] consensus validator set unresolved height=51 chain_height=2551 expected_hash=34a93d19 local_hash= local_source=none snapshot_missing=false
[WARN] consensus validator set unresolved height=52 chain_height=2551 expected_hash=34a93d19 local_hash= local_source=none snapshot_missing=false
[WARN] consensus validator set unresolved height=53 chain_height=2551 expected_hash=34a93d19 local_hash= local_source=none snapshot_missing=false
[WARN] consensus validator set unresolved height=54 chain_height=2551 expected_hash=34a93d19 local_hash= local_source=none snapshot_missing=false
[WARN] consensus validator set unresolved height=55 chain_height=2551 expected_hash=34a93d19 local_hash= local_source=none snapshot_missing=false
[WARN] consensus validator set unresolved height=56 chain_height=2551 expected_hash=34a93d19 local_hash= local_source=none snapshot_missing=false
[WARN] consensus validator set unresolved height=57 chain_height=2551 expected_hash=34a93d19 local_hash= local_source=none snapshot_missing=false
[WARN] consensus validator set unresolved height=58 chain_height=2551 expected_hash=34a93d19 local_hash= local_source=none snapshot_missing=false
[WARN] consensus validator set unresolved height=59 chain_height=2551 expected_hash=34a93d19 local_hash= local_source=none snapshot_missing=false
[WARN] consensus validator set unresolved height=60 chain_height=2551 expected_hash=34a93d19 local_hash= local_source=none snapshot_missing=false
[WARN] consensus validator set unresolved height=61 chain_height=2551 expected_hash=34a93d19 local_hash= local_source=none snapshot_missing=false
[WARN] consensus validator set unresolved height=62 chain_height=2551 expected_hash=34a93d19 local_hash= local_source=none snapshot_missing=false
[WARN] consensus validator set unresolved height=63 chain_height=2551 expected_hash=34a93d19 local_hash= local_source=none snapshot_missing=false
[WARN] consensus validator set unresolved height=64 chain_height=2551 expected_hash=34a93d19 local_hash= local_source=none snapshot_missing=false
[WARN] consensus validator set unresolved height=65 chain_height=2551 expected_hash=34a93d19 local_hash= local_source=none snapshot_missing=false
[WARN] consensus validator set unresolved height=66 chain_height=2551 expected_hash=34a93d19 local_hash= local_source=none snapshot_missing=false
[WARN] consensus validator set unresolved height=67 chain_height=2551 expected_hash=34a93d19 local_hash= local_source=none snapshot_missing=false
[WARN] consensus validator set unresolved height=68 chain_height=2551 expected_hash=34a93d19 local_hash= local_source=none snapshot_missing=false
[WARN] consensus validator set unresolved height=69 chain_height=2551 expected_hash=34a93d19 local_hash= local_source=none snapshot_missing=false
[WARN] consensus validator set unresolved height=70 chain_height=2551 expected_hash=34a93d19 local_hash= local_source=none snapshot_missing=false
[WARN] consensus validator set unresolved height=71 chain_height=2551 expected_hash=34a93d19 local_hash= local_source=none snapshot_missing=false
[WARN] consensus validator set unresolved height=72 chain_height=2551 expected_hash=34a93d19 local_hash= local_source=none snapshot_missing=false
[WARN] consensus validator set unresolved height=73 chain_height=2551 expected_hash=34a93d19 local_hash= local_source=none snapshot_missing=false
[WARN] consensus validator set unresolved height=74 chain_height=2551 expected_hash=34a93d19 local_hash= local_source=none snapshot_missing=false
[WARN] consensus validator set unresolved height=75 chain_height=2551 expected_hash=34a93d19 local_hash= local_source=none snapshot_missing=false
[WARN] consensus validator set unresolved height=76 chain_height=2551 expected_hash=34a93d19 local_hash= local_source=none snapshot_missing=false
[WARN] consensus validator set unresolved height=77 chain_height=2551 expected_hash=34a93d19 local_hash= local_source=none snapshot_missing=false
[WARN] consensus validator set unresolved height=78 chain_height=2551 expected_hash=34a93d19 local_hash= local_source=none snapshot_missing=false
[WARN] consensus validator set unresolved height=79 chain_height=2551 expected_hash=34a93d19 local_hash= local_source=none snapshot_missing=false
[WARN] consensus validator set unresolved height=80 chain_height=2551 expected_hash=34a93d19 local_hash= local_source=none snapshot_missing=false
[WARN] consensus validator set unresolved height=81 chain_height=2551 expected_hash=34a93d19 local_hash= local_source=none snapshot_missing=false
[WARN] consensus validator set unresolved height=82 chain_height=2551 expected_hash=34a93d19 local_hash= local_source=none snapshot_missing=false
[WARN] consensus validator set unresolved height=83 chain_height=2551 expected_hash=34a93d19 local_hash= local_source=none snapshot_missing=false
[WARN] consensus validator set unresolved height=84 chain_height=2551 expected_hash=34a93d19 local_hash= local_source=none snapshot_missing=false
[WARN] consensus validator set unresolved height=85 chain_height=2551 expected_hash=34a93d19 local_hash= local_source=none snapshot_missing=false
[WARN] consensus validator set unresolved height=86 chain_height=2551 expected_hash=34a93d19 local_hash= local_source=none snapshot_missing=false
[WARN] consensus validator set unresolved height=87 chain_height=2551 expected_hash=34a93d19 local_hash= local_source=none snapshot_missing=false
[WARN] consensus validator set unresolved height=88 chain_height=2551 expected_hash=34a93d19 local_hash= local_source=none snapshot_missing=false
[WARN] consensus validator set unresolved height=89 chain_height=2551 expected_hash=34a93d19 local_hash= local_source=none snapshot_missing=false
[WARN] consensus validator set unresolved height=90 chain_height=2551 expected_hash=34a93d19 local_hash= local_source=none snapshot_missing=false
[WARN] consensus validator set unresolved height=91 chain_height=2551 expected_hash=34a93d19 local_hash= local_source=none snapshot_missing=false
[WARN] consensus validator set unresolved height=92 chain_height=2551 expected_hash=34a93d19 local_hash= local_source=none snapshot_missing=false
[WARN] consensus validator set unresolved height=93 chain_height=2551 expected_hash=34a93d19 local_hash= local_source=none snapshot_missing=false
[WARN] consensus validator set unresolved height=94 chain_height=2551 expected_hash=34a93d19 local_hash= local_source=none snapshot_missing=false
[WARN] consensus validator set unresolved height=95 chain_height=2551 expected_hash=34a93d19 local_hash= local_source=none snapshot_missing=false
[WARN] consensus validator set unresolved height=96 chain_height=2551 expected_hash=34a93d19 local_hash= local_source=none snapshot_missing=false
[WARN] consensus validator set unresolved height=97 chain_height=2551 expected_hash=34a93d19 local_hash= local_source=none snapshot_missing=false
[WARN] consensus validator set unresolved height=98 chain_height=2551 expected_hash=34a93d19 local_hash= local_source=none snapshot_missing=false
[WARN] consensus validator set unresolved height=99 chain_height=2551 expected_hash=34a93d19 local_hash= local_source=none snapshot_missing=false
[WARN] consensus validator set unresolved height=100 chain_height=2551 expected_hash=34a93d19 local_hash= local_source=none snapshot_missing=false
[WARN] consensus validator set unresolved height=101 chain_height=2551 expected_hash=34a93d19 local_hash= local_source=none snapshot_missing=false
[WARN] consensus validator set unresolved height=102 chain_height=2551 expected_hash=34a93d19 local_hash= local_source=none snapshot_missing=false
[WARN] consensus validator set unresolved height=103 chain_height=2551 expected_hash=34a93d19 local_hash= local_source=none snapshot_missing=false
[WARN] consensus validator set unresolved height=104 chain_height=2551 expected_hash=34a93d19 local_hash= local_source=none snapshot_missing=false
[WARN] consensus validator set unresolved height=105 chain_height=2551 expected_hash=34a93d19 local_hash= local_source=none snapshot_missing=false
[WARN] consensus validator set unresolved height=106 chain_height=2551 expected_hash=34a93d19 local_hash= local_source=none snapshot_missing=false
[WARN] consensus validator set unresolved height=107 chain_height=2551 expected_hash=34a93d19 local_hash= local_source=none snapshot_missing=false
[WARN] consensus validator set unresolved height=108 chain_height=2551 expected_hash=34a93d19 local_hash= local_source=none snapshot_missing=false
[WARN] consensus validator set unresolved height=109 chain_height=2551 expected_hash=34a93d19 local_hash= local_source=none snapshot_missing=false
[WARN] consensus validator set unresolved height=110 chain_height=2551 expected_hash=34a93d19 local_hash= local_source=none snapshot_missing=false
[WARN] consensus validator set unresolved height=111 chain_height=2551 expected_hash=34a93d19 local_hash= local_source=none snapshot_missing=false
[WARN] consensus validator set unresolved height=112 chain_height=2551 expected_hash=34a93d19 local_hash= local_source=none snapshot_missing=false
[WARN] consensus validator set unresolved height=113 chain_height=2551 expected_hash=34a93d19 local_hash= local_source=none snapshot_missing=false
[WARN] consensus validator set unresolved height=114 chain_height=2551 expected_hash=34a93d19 local_hash= local_source=none snapshot_missing=false
[WARN] consensus validator set unresolved height=115 chain_height=2551 expected_hash=34a93d19 local_hash= local_source=none snapshot_missing=false
[WARN] consensus validator set unresolved height=116 chain_height=2551 expected_hash=34a93d19 local_hash= local_source=none snapshot_missing=false
[WARN] consensus validator set unresolved height=117 chain_height=2551 expected_hash=34a93d19 local_hash= local_source=none snapshot_missing=false
[WARN] consensus validator set unresolved height=118 chain_height=2551 expected_hash=34a93d19 local_hash= local_source=none snapshot_missing=false
[WARN] consensus validator set unresolved height=119 chain_height=2551 expected_hash=34a93d19 local_hash= local_source=none snapshot_missing=false
[WARN] consensus validator set unresolved height=120 chain_height=2551 expected_hash=34a93d19 local_hash= local_source=none snapshot_missing=false
[WARN] consensus validator set unresolved height=121 chain_height=2551 expected_hash=34a93d19 local_hash= local_source=none snapshot_missing=false
[WARN] consensus validator set unresolved height=122 chain_height=2551 expected_hash=34a93d19 local_hash= local_source=none snapshot_missing=false
[WARN] consensus validator set unresolved height=123 chain_height=2551 expected_hash=34a93d19 local_hash= local_source=none snapshot_missing=false
[WARN] consensus validator set unresolved height=124 chain_height=2551 expected_hash=34a93d19 local_hash= local_source=none snapshot_missing=false
[WARN] consensus validator set unresolved height=125 chain_height=2551 expected_hash=34a93d19 local_hash= local_source=none snapshot_missing=false
[WARN] consensus validator set unresolved height=126 chain_height=2551 expected_hash=34a93d19 local_hash= local_source=none snapshot_missing=false
[WARN] consensus validator set unresolved height=127 chain_height=2551 expected_hash=34a93d19 local_hash= local_source=none snapshot_missing=false
[WARN] consensus validator set unresolved height=128 chain_height=2551 expected_hash=34a93d19 local_hash= local_source=none snapshot_missing=false
[WARN] consensus validator set unresolved height=129 chain_height=2551 expected_hash=34a93d19 local_hash= local_source=none snapshot_missing=false
[WARN] consensus validator set unresolved height=130 chain_height=2551 expected_hash=34a93d19 local_hash= local_source=none snapshot_missing=false
[WARN] consensus validator set unresolved height=131 chain_height=2551 expected_hash=34a93d19 local_hash= local_source=none snapshot_missing=false
[WARN] consensus validator set unresolved height=132 chain_height=2551 expected_hash=34a93d19 local_hash= local_source=none snapshot_missing=false
[WARN] consensus validator set unresolved height=133 chain_height=2551 expected_hash=34a93d19 local_hash= local_source=none snapshot_missing=false
[WARN] consensus validator set unresolved height=134 chain_height=2551 expected_hash=34a93d19 local_hash= local_source=none snapshot_missing=false
[WARN] consensus validator set unresolved height=135 chain_height=2551 expected_hash=34a93d19 local_hash= local_source=none snapshot_missing=false
[WARN] consensus validator set unresolved height=136 chain_height=2551 expected_hash=34a93d19 local_hash= local_source=none snapshot_missing=false
[WARN] consensus validator set unresolved height=137 chain_height=2551 expected_hash=34a93d19 local_hash= local_source=none snapshot_missing=false
[WARN] consensus validator set unresolved height=138 chain_height=2551 expected_hash=34a93d19 local_hash= local_source=none snapshot_missing=false
[WARN] consensus validator set unresolved height=139 chain_height=2551 expected_hash=34a93d19 local_hash= local_source=none snapshot_missing=false
[WARN] consensus validator set unresolved height=140 chain_height=2551 expected_hash=34a93d19 local_hash= local_source=none snapshot_missing=false
[WARN] consensus validator set unresolved height=141 chain_height=2551 expected_hash=34a93d19 local_hash= local_source=none snapshot_missing=false
[WARN] consensus validator set unresolved height=142 chain_height=2551 expected_hash=34a93d19 local_hash= local_source=none snapshot_missing=false
[WARN] consensus validator set unresolved height=143 chain_height=2551 expected_hash=34a93d19 local_hash= local_source=none snapshot_missing=false
[WARN] consensus validator set unresolved height=144 chain_height=2551 expected_hash=34a93d19 local_hash= local_source=none snapshot_missing=false
[WARN] consensus validator set unresolved height=145 chain_height=2551 expected_hash=34a93d19 local_hash= local_source=none snapshot_missing=false
[WARN] consensus validator set unresolved height=146 chain_height=2551 expected_hash=34a93d19 local_hash= local_source=none snapshot_missing=false
[WARN] consensus validator set unresolved height=147 chain_height=2551 expected_hash=34a93d19 local_hash= local_source=none snapshot_missing=false
[WARN] consensus validator set unresolved height=148 chain_height=2551 expected_hash=34a93d19 local_hash= local_source=none snapshot_missing=false
[WARN] consensus validator set unresolved height=149 chain_height=2551 expected_hash=34a93d19 local_hash= local_source=none snapshot_missing=false
[WARN] consensus validator set unresolved height=150 chain_height=2551 expected_hash=34a93d19 local_hash= local_source=none snapshot_missing=false
[WARN] consensus validator set unresolved height=151 chain_height=2551 expected_hash=34a93d19 local_hash= local_source=none snapshot_missing=false
[WARN] consensus validator set unresolved height=152 chain_height=2551 expected_hash=34a93d19 local_hash= local_source=none snapshot_missing=false
2026/05/20 15:06:03 [REGISTRY-HISTORY-REBUILD] height=1175 status=scheduled reason=consensus_set_unresolved
2026/05/20 15:06:03 [REGISTRY-HISTORY-REBUILD] height=1175 status=started reason=consensus_set_unresolved
[WARN] consensus validator set unresolved height=153 chain_height=2551 expected_hash=34a93d19 local_hash= local_source=none snapshot_missing=false
2026/05/20 15:06:03 [REGISTRY-HISTORY-REBUILD] height=1175 status=ok reason=consensus_set_unresolved
[WARN] consensus validator set unresolved height=154 chain_height=2551 expected_hash=34a93d19 local_hash= local_source=none snapshot_missing=false
[WARN] consensus validator set unresolved height=155 chain_height=2551 expected_hash=34a93d19 local_hash= local_source=none snapshot_missing=false
[WARN] consensus validator set unresolved height=156 chain_height=2551 expected_hash=34a93d19 local_hash= local_source=none snapshot_missing=false
[WARN] consensus validator set unresolved height=157 chain_height=2551 expected_hash=34a93d19 local_hash= local_source=none snapshot_missing=false
[WARN] consensus validator set unresolved height=158 chain_height=2551 expected_hash=34a93d19 local_hash= local_source=none snapshot_missing=false
[WARN] consensus validator set unresolved height=159 chain_height=2551 expected_hash=34a93d19 local_hash= local_source=none snapshot_missing=false
[WARN] consensus validator set unresolved height=160 chain_height=2551 expected_hash=34a93d19 local_hash= local_source=none snapshot_missing=false
[WARN] consensus validator set unresolved height=161 chain_height=2551 expected_hash=34a93d19 local_hash= local_source=none snapshot_missing=false
[WARN] consensus validator set unresolved height=162 chain_height=2551 expected_hash=34a93d19 local_hash= local_source=none snapshot_missing=false
[WARN] consensus validator set unresolved height=163 chain_height=2551 expected_hash=34a93d19 local_hash= local_source=none snapshot_missing=false
[WARN] consensus validator set unresolved height=164 chain_height=2551 expected_hash=34a93d19 local_hash= local_source=none snapshot_missing=false
[WARN] consensus validator set unresolved height=165 chain_height=2551 expected_hash=34a93d19 local_hash= local_source=none snapshot_missing=false
[WARN] consensus validator set unresolved height=166 chain_height=2551 expected_hash=34a93d19 local_hash= local_source=none snapshot_missing=false
[WARN] consensus validator set unresolved height=167 chain_height=2551 expected_hash=34a93d19 local_hash= local_source=none snapshot_missing=false
[WARN] consensus validator set unresolved height=168 chain_height=2551 expected_hash=34a93d19 local_hash= local_source=none snapshot_missing=false
[WARN] consensus validator set unresolved height=169 chain_height=2551 expected_hash=34a93d19 local_hash= local_source=none snapshot_missing=false
[WARN] consensus validator set unresolved height=170 chain_height=2551 expected_hash=34a93d19 local_hash= local_source=none snapshot_missing=false
[WARN] consensus validator set unresolved height=171 chain_height=2551 expected_hash=34a93d19 local_hash= local_source=none snapshot_missing=false
[WARN] consensus validator set unresolved height=172 chain_height=2551 expected_hash=34a93d19 local_hash= local_source=none snapshot_missing=false
[WARN] consensus validator set unresolved height=173 chain_height=2551 expected_hash=34a93d19 local_hash= local_source=none snapshot_missing=false
[WARN] consensus validator set unresolved height=174 chain_height=2551 expected_hash=34a93d19 local_hash= local_source=none snapshot_missing=false
[WARN] consensus validator set unresolved height=175 chain_height=2551 expected_hash=34a93d19 local_hash= local_source=none snapshot_missing=false
[WARN] consensus validator set unresolved height=176 chain_height=2551 expected_hash=34a93d19 local_hash= local_source=none snapshot_missing=false
[WARN] consensus validator set unresolved height=177 chain_height=2551 expected_hash=34a93d19 local_hash= local_source=none snapshot_missing=false
[WARN] consensus validator set unresolved height=178 chain_height=2551 expected_hash=34a93d19 local_hash= local_source=none snapshot_missing=false
[WARN] consensus validator set unresolved height=179 chain_height=2551 expected_hash=34a93d19 local_hash= local_source=none snapshot_missing=false
[WARN] consensus validator set unresolved height=180 chain_height=2551 expected_hash=34a93d19 local_hash= local_source=none snapshot_missing=false
[WARN] consensus validator set unresolved height=181 chain_height=2551 expected_hash=34a93d19 local_hash= local_source=none snapshot_missing=false
[WARN] consensus validator set unresolved height=182 chain_height=2551 expected_hash=34a93d19 local_hash= local_source=none snapshot_missing=false
[WARN] consensus validator set unresolved height=183 chain_height=2551 expected_hash=34a93d19 local_hash= local_source=none snapshot_missing=false
[WARN] consensus validator set unresolved height=184 chain_height=2551 expected_hash=34a93d19 local_hash= local_source=none snapshot_missing=false
[WARN] consensus validator set unresolved height=185 chain_height=2551 expected_hash=34a93d19 local_hash= local_source=none snapshot_missing=false
[WARN] consensus validator set unresolved height=186 chain_height=2551 expected_hash=34a93d19 local_hash= local_source=none snapshot_missing=false
[WARN] consensus validator set unresolved height=187 chain_height=2551 expected_hash=34a93d19 local_hash= local_source=none snapshot_missing=false
[WARN] consensus validator set unresolved height=188 chain_height=2551 expected_hash=34a93d19 local_hash= local_source=none snapshot_missing=false
[WARN] consensus validator set unresolved height=189 chain_height=2551 expected_hash=34a93d19 local_hash= local_source=none snapshot_missing=false
[WARN] consensus validator set unresolved height=190 chain_height=2551 expected_hash=34a93d19 local_hash= local_source=none snapshot_missing=false
[WARN] consensus validator set unresolved height=191 chain_height=2551 expected_hash=34a93d19 local_hash= local_source=none snapshot_missing=false
[WARN] consensus validator set unresolved height=192 chain_height=2551 expected_hash=34a93d19 local_hash= local_source=none snapshot_missing=false
[WARN] consensus validator set unresolved height=193 chain_height=2551 expected_hash=34a93d19 local_hash= local_source=none snapshot_missing=false
[WARN] consensus validator set unresolved height=194 chain_height=2551 expected_hash=34a93d19 local_hash= local_source=none snapshot_missing=false
[WARN] consensus validator set unresolved height=195 chain_height=2551 expected_hash=34a93d19 local_hash= local_source=none snapshot_missing=false
[WARN] consensus validator set unresolved height=196 chain_height=2551 expected_hash=34a93d19 local_hash= local_source=none snapshot_missing=false
[WARN] consensus validator set unresolved height=197 chain_height=2551 expected_hash=34a93d19 local_hash= local_source=none snapshot_missing=false
[WARN] consensus validator set unresolved height=198 chain_height=2551 expected_hash=34a93d19 local_hash= local_source=none snapshot_missing=false
[WARN] consensus validator set unresolved height=199 chain_height=2551 expected_hash=34a93d19 local_hash= local_source=none snapshot_missing=false
[WARN] consensus validator set unresolved height=200 chain_height=2551 expected_hash=34a93d19 local_hash= local_source=none snapshot_missing=false
[WARN] consensus validator set unresolved height=201 chain_height=2551 expected_hash=34a93d19 local_hash= local_source=none snapshot_missing=false
[WARN] consensus validator set unresolved height=202 chain_height=2551 expected_hash=34a93d19 local_hash= local_source=none snapshot_missing=false
[WARN] consensus validator set unresolved height=203 chain_height=2551 expected_hash=34a93d19 local_hash= local_source=none snapshot_missing=false
[WARN] consensus validator set unresolved height=204 chain_height=2551 expected_hash=34a93d19 local_hash= local_source=none snapshot_missing=false
[WARN] consensus validator set unresolved height=205 chain_height=2551 expected_hash=34a93d19 local_hash= local_source=none snapshot_missing=false
[WARN] consensus validator set unresolved height=206 chain_height=2551 expected_hash=34a93d19 local_hash= local_source=none snapshot_missing=false
[WARN] consensus validator set unresolved height=207 chain_height=2551 expected_hash=34a93d19 local_hash= local_source=none snapshot_missing=false
[WARN] consensus validator set unresolved height=208 chain_height=2551 expected_hash=34a93d19 local_hash= local_source=none snapshot_missing=false
[WARN] consensus validator set unresolved height=209 chain_height=2551 expected_hash=34a93d19 local_hash= local_source=none snapshot_missing=false
[WARN] consensus validator set unresolved height=210 chain_height=2551 expected_hash=34a93d19 local_hash= local_source=none snapshot_missing=false
[WARN] consensus validator set unresolved height=211 chain_height=2551 expected_hash=34a93d19 local_hash= local_source=none snapshot_missing=false
[WARN] consensus validator set unresolved height=212 chain_height=2551 expected_hash=34a93d19 local_hash= local_source=none snapshot_missing=false
[WARN] consensus validator set unresolved height=213 chain_height=2551 expected_hash=34a93d19 local_hash= local_source=none snapshot_missing=false
[WARN] consensus validator set unresolved height=214 chain_height=2551 expected_hash=34a93d19 local_hash= local_source=none snapshot_missing=false
[WARN] consensus validator set unresolved height=215 chain_height=2551 expected_hash=34a93d19 local_hash= local_source=none snapshot_missing=false
[WARN] consensus validator set unresolved height=216 chain_height=2551 expected_hash=34a93d19 local_hash= local_source=none snapshot_missing=false
[WARN] consensus validator set unresolved height=217 chain_height=2551 expected_hash=34a93d19 local_hash= local_source=none snapshot_missing=false
[WARN] consensus validator set unresolved height=218 chain_height=2551 expected_hash=34a93d19 local_hash= local_source=none snapshot_missing=false
[WARN] consensus validator set unresolved height=219 chain_height=2551 expected_hash=34a93d19 local_hash= local_source=none snapshot_missing=false
[WARN] consensus validator set unresolved height=220 chain_height=2551 expected_hash=34a93d19 local_hash= local_source=none snapshot_missing=false
[WARN] consensus validator set unresolved height=221 chain_height=2551 expected_hash=34a93d19 local_hash= local_source=none snapshot_missing=false
[WARN] consensus validator set unresolved height=222 chain_height=2551 expected_hash=34a93d19 local_hash= local_source=none snapshot_missing=false
[WARN] consensus validator set unresolved height=223 chain_height=2551 expected_hash=34a93d19 local_hash= local_source=none snapshot_missing=false
[WARN] consensus validator set unresolved height=224 chain_height=2551 expected_hash=34a93d19 local_hash= local_source=none snapshot_missing=false
[WARN] consensus validator set unresolved height=225 chain_height=2551 expected_hash=34a93d19 local_hash= local_source=none snapshot_missing=false
[WARN] consensus validator set unresolved height=226 chain_height=2551 expected_hash=34a93d19 local_hash= local_source=none snapshot_missing=false
[WARN] consensus validator set unresolved height=227 chain_height=2551 expected_hash=34a93d19 local_hash= local_source=none snapshot_missing=false
[WARN] consensus validator set unresolved height=228 chain_height=2551 expected_hash=34a93d19 local_hash= local_source=none snapshot_missing=false
[WARN] consensus validator set unresolved height=229 chain_height=2551 expected_hash=34a93d19 local_hash= local_source=none snapshot_missing=false
[WARN] consensus validator set unresolved height=230 chain_height=2551 expected_hash=34a93d19 local_hash= local_source=none snapshot_missing=false
[WARN] consensus validator set unresolved height=231 chain_height=2551 expected_hash=34a93d19 local_hash= local_source=none snapshot_missing=false
[WARN] consensus validator set unresolved height=232 chain_height=2551 expected_hash=34a93d19 local_hash= local_source=none snapshot_missing=false
[WARN] consensus validator set unresolved height=233 chain_height=2551 expected_hash=34a93d19 local_hash= local_source=none snapshot_missing=false
[WARN] consensus validator set unresolved height=234 chain_height=2551 expected_hash=34a93d19 local_hash= local_source=none snapshot_missing=false
[WARN] consensus validator set unresolved height=235 chain_height=2551 expected_hash=34a93d19 local_hash= local_source=none snapshot_missing=false
[WARN] consensus validator set unresolved height=236 chain_height=2551 expected_hash=34a93d19 local_hash= local_source=none snapshot_missing=false
[WARN] consensus validator set unresolved height=237 chain_height=2551 expected_hash=34a93d19 local_hash= local_source=none snapshot_missing=false
[WARN] consensus validator set unresolved height=238 chain_height=2551 expected_hash=34a93d19 local_hash= local_source=none snapshot_missing=false
[WARN] consensus validator set unresolved height=239 chain_height=2551 expected_hash=34a93d19 local_hash= local_source=none snapshot_missing=false
[WARN] consensus validator set unresolved height=240 chain_height=2551 expected_hash=34a93d19 local_hash= local_source=none snapshot_missing=false
[WARN] consensus validator set unresolved height=241 chain_height=2551 expected_hash=34a93d19 local_hash= local_source=none snapshot_missing=false
[WARN] consensus validator set unresolved height=242 chain_height=2551 expected_hash=34a93d19 local_hash= local_source=none snapshot_missing=false
[WARN] consensus validator set unresolved height=243 chain_height=2551 expected_hash=34a93d19 local_hash= local_source=none snapshot_missing=false
[WARN] consensus validator set unresolved height=244 chain_height=2551 expected_hash=34a93d19 local_hash= local_source=none snapshot_missing=false
[WARN] consensus validator set unresolved height=245 chain_height=2551 expected_hash=34a93d19 local_hash= local_source=none snapshot_missing=false
[WARN] consensus validator set unresolved height=246 chain_height=2551 expected_hash=34a93d19 local_hash= local_source=none snapshot_missing=false
[WARN] consensus validator set unresolved height=247 chain_height=2551 expected_hash=34a93d19 local_hash= local_source=none snapshot_missing=false
[WARN] consensus validator set unresolved height=248 chain_height=2551 expected_hash=34a93d19 local_hash= local_source=none snapshot_missing=false
[WARN] consensus validator set unresolved height=249 chain_height=2551 expected_hash=34a93d19 local_hash= local_source=none snapshot_missing=false
[WARN] consensus validator set unresolved height=250 chain_height=2551 expected_hash=34a93d19 local_hash= local_source=none snapshot_missing=false
[WARN] consensus validator set unresolved height=251 chain_height=2551 expected_hash=34a93d19 local_hash= local_source=none snapshot_missing=false
[WARN] consensus validator set unresolved height=252 chain_height=2551 expected_hash=34a93d19 local_hash= local_source=none snapshot_missing=false
[WARN] consensus validator set unresolved height=253 chain_height=2551 expected_hash=34a93d19 local_hash= local_source=none snapshot_missing=false
[WARN] consensus validator set unresolved height=254 chain_height=2551 expected_hash=34a93d19 local_hash= local_source=none snapshot_missing=false
[WARN] consensus validator set unresolved height=255 chain_height=2551 expected_hash=34a93d19 local_hash= local_source=none snapshot_missing=false
[WARN] consensus validator set unresolved height=256 chain_height=2551 expected_hash=34a93d19 local_hash= local_source=none snapshot_missing=false
[WARN] consensus validator set unresolved height=257 chain_height=2551 expected_hash=34a93d19 local_hash= local_source=none snapshot_missing=false
[WARN] consensus validator set unresolved height=258 chain_height=2551 expected_hash=34a93d19 local_hash= local_source=none snapshot_missing=false
[WARN] consensus validator set unresolved height=259 chain_height=2551 expected_hash=34a93d19 local_hash= local_source=none snapshot_missing=false
[WARN] consensus validator set unresolved height=260 chain_height=2551 expected_hash=34a93d19 local_hash= local_source=none snapshot_missing=false
[WARN] consensus validator set unresolved height=261 chain_height=2551 expected_hash=34a93d19 local_hash= local_source=none snapshot_missing=false
[WARN] consensus validator set unresolved height=262 chain_height=2551 expected_hash=34a93d19 local_hash= local_source=none snapshot_missing=false
[WARN] consensus validator set unresolved height=263 chain_height=2551 expected_hash=34a93d19 local_hash= local_source=none snapshot_missing=false
[WARN] consensus validator set unresolved height=264 chain_height=2551 expected_hash=34a93d19 local_hash= local_source=none snapshot_missing=false
[WARN] consensus validator set unresolved height=265 chain_height=2551 expected_hash=34a93d19 local_hash= local_source=none snapshot_missing=false
[WARN] consensus validator set unresolved height=266 chain_height=2551 expected_hash=34a93d19 local_hash= local_source=none snapshot_missing=false
[WARN] consensus validator set unresolved height=267 chain_height=2551 expected_hash=34a93d19 local_hash= local_source=none snapshot_missing=false
[WARN] consensus validator set unresolved height=268 chain_height=2551 expected_hash=34a93d19 local_hash= local_source=none snapshot_missing=false
[WARN] consensus validator set unresolved height=269 chain_height=2551 expected_hash=34a93d19 local_hash= local_source=none snapshot_missing=false
[WARN] consensus validator set unresolved height=270 chain_height=2551 expected_hash=34a93d19 local_hash= local_source=none snapshot_missing=false
[WARN] consensus validator set unresolved height=271 chain_height=2551 expected_hash=34a93d19 local_hash= local_source=none snapshot_missing=false
[WARN] consensus validator set unresolved height=272 chain_height=2551 expected_hash=34a93d19 local_hash= local_source=none snapshot_missing=false
[WARN] consensus validator set unresolved height=273 chain_height=2551 expected_hash=34a93d19 local_hash= local_source=none snapshot_missing=false
[WARN] consensus validator set unresolved height=274 chain_height=2551 expected_hash=34a93d19 local_hash= local_source=none snapshot_missing=false
[WARN] consensus validator set unresolved height=275 chain_height=2551 expected_hash=34a93d19 local_hash= local_source=none snapshot_missing=false
[WARN] consensus validator set unresolved height=276 chain_height=2551 expected_hash=34a93d19 local_hash= local_source=none snapshot_missing=false
[WARN] consensus validator set unresolved height=277 chain_height=2551 expected_hash=34a93d19 local_hash= local_source=none snapshot_missing=false
[WARN] consensus validator set unresolved height=278 chain_height=2551 expected_hash=34a93d19 local_hash= local_source=none snapshot_missing=false
[WARN] consensus validator set unresolved height=279 chain_height=2551 expected_hash=34a93d19 local_hash= local_source=none snapshot_missing=false
[WARN] consensus validator set unresolved height=280 chain_height=2551 expected_hash=34a93d19 local_hash= local_source=none snapshot_missing=false
[WARN] consensus validator set unresolved height=281 chain_height=2551 expected_hash=34a93d19 local_hash= local_source=none snapshot_missing=false
[WARN] consensus validator set unresolved height=282 chain_height=2551 expected_hash=34a93d19 local_hash= local_source=none snapshot_missing=false
[WARN] consensus validator set unresolved height=283 chain_height=2551 expected_hash=34a93d19 local_hash= local_source=none snapshot_missing=false
[WARN] consensus validator set unresolved height=284 chain_height=2551 expected_hash=34a93d19 local_hash= local_source=none snapshot_missing=false
[WARN] consensus validator set unresolved height=285 chain_height=2551 expected_hash=34a93d19 local_hash= local_source=none snapshot_missing=false
[WARN] consensus validator set unresolved height=286 chain_height=2551 expected_hash=34a93d19 local_hash= local_source=none snapshot_missing=false
[WARN] consensus validator set unresolved height=287 chain_height=2551 expected_hash=34a93d19 local_hash= local_source=none snapshot_missing=false
[WARN] consensus validator set unresolved height=288 chain_height=2551 expected_hash=34a93d19 local_hash= local_source=none snapshot_missing=false
[WARN] consensus validator set unresolved height=289 chain_height=2551 expected_hash=34a93d19 local_hash= local_source=none snapshot_missing=false
[WARN] consensus validator set unresolved height=290 chain_height=2551 expected_hash=34a93d19 local_hash= local_source=none snapshot_missing=false
[WARN] consensus validator set unresolved height=291 chain_height=2551 expected_hash=34a93d19 local_hash= local_source=none snapshot_missing=false
[WARN] consensus validator set unresolved height=292 chain_height=2551 expected_hash=34a93d19 local_hash= local_source=none snapshot_missing=false
[WARN] consensus validator set unresolved height=293 chain_height=2551 expected_hash=34a93d19 local_hash= local_source=none snapshot_missing=false
[WARN] consensus validator set unresolved height=294 chain_height=2551 expected_hash=34a93d19 local_hash= local_source=none snapshot_missing=false
[WARN] consensus validator set unresolved height=295 chain_height=2551 expected_hash=34a93d19 local_hash= local_source=none snapshot_missing=false
[WARN] consensus validator set unresolved height=296 chain_height=2551 expected_hash=34a93d19 local_hash= local_source=none snapshot_missing=false
[WARN] consensus validator set unresolved height=297 chain_height=2551 expected_hash=34a93d19 local_hash= local_source=none snapshot_missing=false
[WARN] consensus validator set unresolved height=298 chain_height=2551 expected_hash=34a93d19 local_hash= local_source=none snapshot_missing=false
[WARN] consensus validator set unresolved height=299 chain_height=2551 expected_hash=34a93d19 local_hash= local_source=none snapshot_missing=false
[WARN] consensus validator set unresolved height=300 chain_height=2551 expected_hash=34a93d19 local_hash= local_source=none snapshot_missing=false
[WARN] consensus validator set unresolved height=301 chain_height=2551 expected_hash=34a93d19 local_hash= local_source=none snapshot_missing=false
[WARN] consensus validator set unresolved height=302 chain_height=2551 expected_hash=34a93d19 local_hash= local_source=none snapshot_missing=false
[WARN] consensus validator set unresolved height=303 chain_height=2551 expected_hash=34a93d19 local_hash= local_source=none snapshot_missing=false
[WARN] consensus validator set unresolved height=304 chain_height=2551 expected_hash=34a93d19 local_hash= local_source=none snapshot_missing=false
[WARN] consensus validator set unresolved height=305 chain_height=2551 expected_hash=34a93d19 local_hash= local_source=none snapshot_missing=false
[WARN] consensus validator set unresolved height=306 chain_height=2551 expected_hash=34a93d19 local_hash= local_source=none snapshot_missing=false
[WARN] consensus validator set unresolved height=307 chain_height=2551 expected_hash=34a93d19 local_hash= local_source=none snapshot_missing=false
[WARN] consensus validator set unresolved height=308 chain_height=2551 expected_hash=34a93d19 local_hash= local_source=none snapshot_missing=false
[WARN] consensus validator set unresolved height=309 chain_height=2551 expected_hash=34a93d19 local_hash= local_source=none snapshot_missing=false
[WARN] consensus validator set unresolved height=310 chain_height=2551 expected_hash=34a93d19 local_hash= local_source=none snapshot_missing=false
[WARN] consensus validator set unresolved height=311 chain_height=2551 expected_hash=34a93d19 local_hash= local_source=none snapshot_missing=false
[WARN] consensus validator set unresolved height=312 chain_height=2551 expected_hash=34a93d19 local_hash= local_source=none snapshot_missing=false
[WARN] consensus validator set unresolved height=313 chain_height=2551 expected_hash=34a93d19 local_hash= local_source=none snapshot_missing=false
[WARN] consensus validator set unresolved height=314 chain_height=2551 expected_hash=34a93d19 local_hash= local_source=none snapshot_missing=false
[WARN] consensus validator set unresolved height=315 chain_height=2551 expected_hash=34a93d19 local_hash= local_source=none snapshot_missing=false
[WARN] consensus validator set unresolved height=316 chain_height=2551 expected_hash=34a93d19 local_hash= local_source=none snapshot_missing=false
[WARN] consensus validator set unresolved height=317 chain_height=2551 expected_hash=34a93d19 local_hash= local_source=none snapshot_missing=false
[WARN] consensus validator set unresolved height=318 chain_height=2551 expected_hash=34a93d19 local_hash= local_source=none snapshot_missing=false
[WARN] consensus validator set unresolved height=319 chain_height=2551 expected_hash=34a93d19 local_hash= local_source=none snapshot_missing=false
[WARN] consensus validator set unresolved height=320 chain_height=2551 expected_hash=34a93d19 local_hash= local_source=none snapshot_missing=false
[WARN] consensus validator set unresolved height=321 chain_height=2551 expected_hash=34a93d19 local_hash= local_source=none snapshot_missing=false
[WARN] consensus validator set unresolved height=322 chain_height=2551 expected_hash=34a93d19 local_hash= local_source=none snapshot_missing=false
[WARN] consensus validator set unresolved height=323 chain_height=2551 expected_hash=34a93d19 local_hash= local_source=none snapshot_missing=false
[WARN] consensus validator set unresolved height=324 chain_height=2551 expected_hash=34a93d19 local_hash= local_source=none snapshot_missing=false
[WARN] consensus validator set unresolved height=325 chain_height=2551 expected_hash=34a93d19 local_hash= local_source=none snapshot_missing=false
[WARN] consensus validator set unresolved height=326 chain_height=2551 expected_hash=34a93d19 local_hash= local_source=none snapshot_missing=false
[WARN] consensus validator set unresolved height=327 chain_height=2551 expected_hash=34a93d19 local_hash= local_source=none snapshot_missing=false
[WARN] consensus validator set unresolved height=328 chain_height=2551 expected_hash=34a93d19 local_hash= local_source=none snapshot_missing=false
[WARN] consensus validator set unresolved height=329 chain_height=2551 expected_hash=34a93d19 local_hash= local_source=none snapshot_missing=false
[WARN] consensus validator set unresolved height=330 chain_height=2551 expected_hash=34a93d19 local_hash= local_source=none snapshot_missing=false
[WARN] consensus validator set unresolved height=331 chain_height=2551 expected_hash=34a93d19 local_hash= local_source=none snapshot_missing=false
[WARN] consensus validator set unresolved height=332 chain_height=2551 expected_hash=34a93d19 local_hash= local_source=none snapshot_missing=false
[WARN] consensus validator set unresolved height=333 chain_height=2551 expected_hash=34a93d19 local_hash= local_source=none snapshot_missing=false
[WARN] consensus validator set unresolved height=334 chain_height=2551 expected_hash=34a93d19 local_hash= local_source=none snapshot_missing=false
[WARN] consensus validator set unresolved height=335 chain_height=2551 expected_hash=34a93d19 local_hash= local_source=none snapshot_missing=false
[WARN] consensus validator set unresolved height=336 chain_height=2551 expected_hash=34a93d19 local_hash= local_source=none snapshot_missing=false
[WARN] consensus validator set unresolved height=337 chain_height=2551 expected_hash=34a93d19 local_hash= local_source=none snapshot_missing=false
[WARN] consensus validator set unresolved height=338 chain_height=2551 expected_hash=34a93d19 local_hash= local_source=none snapshot_missing=false
[WARN] consensus validator set unresolved height=339 chain_height=2551 expected_hash=34a93d19 local_hash= local_source=none snapshot_missing=false
[WARN] consensus validator set unresolved height=340 chain_height=2551 expected_hash=34a93d19 local_hash= local_source=none snapshot_missing=false
[WARN] consensus validator set unresolved height=341 chain_height=2551 expected_hash=34a93d19 local_hash= local_source=none snapshot_missing=false
[WARN] consensus validator set unresolved height=342 chain_height=2551 expected_hash=34a93d19 local_hash= local_source=none snapshot_missing=false
[WARN] consensus validator set unresolved height=343 chain_height=2551 expected_hash=34a93d19 local_hash= local_source=none snapshot_missing=false
[WARN] consensus validator set unresolved height=344 chain_height=2551 expected_hash=34a93d19 local_hash= local_source=none snapshot_missing=false
[WARN] consensus validator set unresolved height=345 chain_height=2551 expected_hash=34a93d19 local_hash= local_source=none snapshot_missing=false
[WARN] consensus validator set unresolved height=346 chain_height=2551 expected_hash=34a93d19 local_hash= local_source=none snapshot_missing=false
[WARN] consensus validator set unresolved height=347 chain_height=2551 expected_hash=34a93d19 local_hash= local_source=none snapshot_missing=false
[WARN] consensus validator set unresolved height=348 chain_height=2551 expected_hash=34a93d19 local_hash= local_source=none snapshot_missing=false
[WARN] consensus validator set unresolved height=349 chain_height=2551 expected_hash=34a93d19 local_hash= local_source=none snapshot_missing=false
[WARN] consensus validator set unresolved height=350 chain_height=2551 expected_hash=34a93d19 local_hash= local_source=none snapshot_missing=false
[WARN] consensus validator set unresolved height=351 chain_height=2551 expected_hash=34a93d19 local_hash= local_source=none snapshot_missing=false
[WARN] consensus validator set unresolved height=352 chain_height=2551 expected_hash=34a93d19 local_hash= local_source=none snapshot_missing=false
[WARN] consensus validator set unresolved height=353 chain_height=2551 expected_hash=34a93d19 local_hash= local_source=none snapshot_missing=false
[WARN] consensus validator set unresolved height=354 chain_height=2551 expected_hash=34a93d19 local_hash= local_source=none snapshot_missing=false
[WARN] consensus validator set unresolved height=355 chain_height=2551 expected_hash=34a93d19 local_hash= local_source=none snapshot_missing=false
[WARN] consensus validator set unresolved height=356 chain_height=2551 expected_hash=34a93d19 local_hash= local_source=none snapshot_missing=false
[WARN] consensus validator set unresolved height=357 chain_height=2551 expected_hash=34a93d19 local_hash= local_source=none snapshot_missing=false
[WARN] consensus validator set unresolved height=358 chain_height=2551 expected_hash=34a93d19 local_hash= local_source=none snapshot_missing=false
[WARN] consensus validator set unresolved height=359 chain_height=2551 expected_hash=34a93d19 local_hash= local_source=none snapshot_missing=false
[WARN] consensus validator set unresolved height=360 chain_height=2551 expected_hash=34a93d19 local_hash= local_source=none snapshot_missing=false
[WARN] consensus validator set unresolved height=361 chain_height=2551 expected_hash=34a93d19 local_hash= local_source=none snapshot_missing=false
[WARN] consensus validator set unresolved height=362 chain_height=2551 expected_hash=34a93d19 local_hash= local_source=none snapshot_missing=false
[WARN] consensus validator set unresolved height=363 chain_height=2551 expected_hash=34a93d19 local_hash= local_source=none snapshot_missing=false
[WARN] consensus validator set unresolved height=364 chain_height=2551 expected_hash=34a93d19 local_hash= local_source=none snapshot_missing=false
[WARN] consensus validator set unresolved height=365 chain_height=2551 expected_hash=34a93d19 local_hash= local_source=none snapshot_missing=false
[WARN] consensus validator set unresolved height=366 chain_height=2551 expected_hash=34a93d19 local_hash= local_source=none snapshot_missing=false
[WARN] consensus validator set unresolved height=367 chain_height=2551 expected_hash=34a93d19 local_hash= local_source=none snapshot_missing=false
[WARN] consensus validator set unresolved height=368 chain_height=2551 expected_hash=34a93d19 local_hash= local_source=none snapshot_missing=false
[WARN] consensus validator set unresolved height=369 chain_height=2551 expected_hash=34a93d19 local_hash= local_source=none snapshot_missing=false
[WARN] consensus validator set unresolved height=370 chain_height=2551 expected_hash=34a93d19 local_hash= local_source=none snapshot_missing=false
[WARN] consensus validator set unresolved height=371 chain_height=2551 expected_hash=34a93d19 local_hash= local_source=none snapshot_missing=false
[WARN] consensus validator set unresolved height=372 chain_height=2551 expected_hash=34a93d19 local_hash= local_source=none snapshot_missing=false
[WARN] consensus validator set unresolved height=373 chain_height=2551 expected_hash=34a93d19 local_hash= local_source=none snapshot_missing=false
[WARN] consensus validator set unresolved height=374 chain_height=2551 expected_hash=34a93d19 local_hash= local_source=none snapshot_missing=false
[WARN] consensus validator set unresolved height=375 chain_height=2551 expected_hash=34a93d19 local_hash= local_source=none snapshot_missing=false
[WARN] consensus validator set unresolved height=376 chain_height=2551 expected_hash=34a93d19 local_hash= local_source=none snapshot_missing=false
[WARN] consensus validator set unresolved height=377 chain_height=2551 expected_hash=34a93d19 local_hash= local_source=none snapshot_missing=false
[WARN] consensus validator set unresolved height=378 chain_height=2551 expected_hash=34a93d19 local_hash= local_source=none snapshot_missing=false
[WARN] consensus validator set unresolved height=379 chain_height=2551 expected_hash=34a93d19 local_hash= local_source=none snapshot_missing=false
[WARN] consensus validator set unresolved height=380 chain_height=2551 expected_hash=34a93d19 local_hash= local_source=none snapshot_missing=false
2026/05/20 15:06:08 [REGISTRY-HISTORY-REBUILD] height=1403 status=scheduled reason=consensus_set_unresolved
2026/05/20 15:06:08 [REGISTRY-HISTORY-REBUILD] height=1403 status=started reason=consensus_set_unresolved
[WARN] consensus validator set unresolved height=381 chain_height=2551 expected_hash=34a93d19 local_hash= local_source=none snapshot_missing=false
2026/05/20 15:06:08 [REGISTRY-HISTORY-REBUILD] height=1403 status=ok reason=consensus_set_unresolved
[WARN] consensus validator set unresolved height=382 chain_height=2551 expected_hash=34a93d19 local_hash= local_source=none snapshot_missing=false
[WARN] consensus validator set unresolved height=383 chain_height=2551 expected_hash=34a93d19 local_hash= local_source=none snapshot_missing=false
[WARN] consensus validator set unresolved height=384 chain_height=2551 expected_hash=34a93d19 local_hash= local_source=none snapshot_missing=false
[WARN] consensus validator set unresolved height=385 chain_height=2551 expected_hash=34a93d19 local_hash= local_source=none snapshot_missing=false
[WARN] consensus validator set unresolved height=386 chain_height=2551 expected_hash=34a93d19 local_hash= local_source=none snapshot_missing=false
[WARN] consensus validator set unresolved height=387 chain_height=2551 expected_hash=34a93d19 local_hash= local_source=none snapshot_missing=false
[WARN] consensus validator set unresolved height=388 chain_height=2551 expected_hash=34a93d19 local_hash= local_source=none snapshot_missing=false
[WARN] consensus validator set unresolved height=389 chain_height=2551 expected_hash=34a93d19 local_hash= local_source=none snapshot_missing=false
[WARN] consensus validator set unresolved height=390 chain_height=2551 expected_hash=34a93d19 local_hash= local_source=none snapshot_missing=false
[WARN] consensus validator set unresolved height=391 chain_height=2551 expected_hash=34a93d19 local_hash= local_source=none snapshot_missing=false
[WARN] consensus validator set unresolved height=392 chain_height=2551 expected_hash=34a93d19 local_hash= local_source=none snapshot_missing=false
[WARN] consensus validator set unresolved height=393 chain_height=2551 expected_hash=34a93d19 local_hash= local_source=none snapshot_missing=false
[WARN] consensus validator set unresolved height=394 chain_height=2551 expected_hash=34a93d19 local_hash= local_source=none snapshot_missing=false
[WARN] consensus validator set unresolved height=395 chain_height=2551 expected_hash=34a93d19 local_hash= local_source=none snapshot_missing=false
[WARN] consensus validator set unresolved height=396 chain_height=2551 expected_hash=34a93d19 local_hash= local_source=none snapshot_missing=false
[WARN] consensus validator set unresolved height=397 chain_height=2551 expected_hash=34a93d19 local_hash= local_source=none snapshot_missing=false
[WARN] consensus validator set unresolved height=398 chain_height=2551 expected_hash=34a93d19 local_hash= local_source=none snapshot_missing=false
[WARN] consensus validator set unresolved height=399 chain_height=2551 expected_hash=34a93d19 local_hash= local_source=none snapshot_missing=false
[WARN] consensus validator set unresolved height=400 chain_height=2551 expected_hash=34a93d19 local_hash= local_source=none snapshot_missing=false
[WARN] consensus validator set unresolved height=401 chain_height=2551 expected_hash=34a93d19 local_hash= local_source=none snapshot_missing=false
[WARN] consensus validator set unresolved height=402 chain_height=2551 expected_hash=34a93d19 local_hash= local_source=none snapshot_missing=false
[WARN] consensus validator set unresolved height=403 chain_height=2551 expected_hash=34a93d19 local_hash= local_source=none snapshot_missing=false
[WARN] consensus validator set unresolved height=404 chain_height=2551 expected_hash=34a93d19 local_hash= local_source=none snapshot_missing=false
[WARN] consensus validator set unresolved height=405 chain_height=2551 expected_hash=34a93d19 local_hash= local_source=none snapshot_missing=false
[WARN] consensus validator set unresolved height=406 chain_height=2551 expected_hash=34a93d19 local_hash= local_source=none snapshot_missing=false
[WARN] consensus validator set unresolved height=407 chain_height=2551 expected_hash=34a93d19 local_hash= local_source=none snapshot_missing=false
[WARN] consensus validator set unresolved height=408 chain_height=2551 expected_hash=34a93d19 local_hash= local_source=none snapshot_missing=false
[WARN] consensus validator set unresolved height=409 chain_height=2551 expected_hash=34a93d19 local_hash= local_source=none snapshot_missing=false
[WARN] consensus validator set unresolved height=410 chain_height=2551 expected_hash=34a93d19 local_hash= local_source=none snapshot_missing=false
[WARN] consensus validator set unresolved height=411 chain_height=2551 expected_hash=34a93d19 local_hash= local_source=none snapshot_missing=false
[WARN] consensus validator set unresolved height=412 chain_height=2551 expected_hash=34a93d19 local_hash= local_source=none snapshot_missing=false
[WARN] consensus validator set unresolved height=413 chain_height=2551 expected_hash=34a93d19 local_hash= local_source=none snapshot_missing=false
[WARN] consensus validator set unresolved height=414 chain_height=2551 expected_hash=34a93d19 local_hash= local_source=none snapshot_missing=false
[WARN] consensus validator set unresolved height=415 chain_height=2551 expected_hash=34a93d19 local_hash= local_source=none snapshot_missing=false
[WARN] consensus validator set unresolved height=416 chain_height=2551 expected_hash=34a93d19 local_hash= local_source=none snapshot_missing=false
[WARN] consensus validator set unresolved height=417 chain_height=2551 expected_hash=34a93d19 local_hash= local_source=none snapshot_missing=false
[WARN] consensus validator set unresolved height=418 chain_height=2551 expected_hash=34a93d19 local_hash= local_source=none snapshot_missing=false
[WARN] consensus validator set unresolved height=419 chain_height=2551 expected_hash=34a93d19 local_hash= local_source=none snapshot_missing=false
[WARN] consensus validator set unresolved height=420 chain_height=2551 expected_hash=34a93d19 local_hash= local_source=none snapshot_missing=false
[WARN] consensus validator set unresolved height=421 chain_height=2551 expected_hash=34a93d19 local_hash= local_source=none snapshot_missing=false
[WARN] consensus validator set unresolved height=422 chain_height=2551 expected_hash=34a93d19 local_hash= local_source=none snapshot_missing=false
[WARN] consensus validator set unresolved height=423 chain_height=2551 expected_hash=34a93d19 local_hash= local_source=none snapshot_missing=false
[WARN] consensus validator set unresolved height=424 chain_height=2551 expected_hash=34a93d19 local_hash= local_source=none snapshot_missing=false
[WARN] consensus validator set unresolved height=425 chain_height=2551 expected_hash=34a93d19 local_hash= local_source=none snapshot_missing=false
[WARN] consensus validator set unresolved height=426 chain_height=2551 expected_hash=34a93d19 local_hash= local_source=none snapshot_missing=false
[WARN] consensus validator set unresolved height=427 chain_height=2551 expected_hash=34a93d19 local_hash= local_source=none snapshot_missing=false
[WARN] consensus validator set unresolved height=428 chain_height=2551 expected_hash=34a93d19 local_hash= local_source=none snapshot_missing=false
[WARN] consensus validator set unresolved height=429 chain_height=2551 expected_hash=34a93d19 local_hash= local_source=none snapshot_missing=false
[WARN] consensus validator set unresolved height=430 chain_height=2551 expected_hash=34a93d19 local_hash= local_source=none snapshot_missing=false
[WARN] consensus validator set unresolved height=431 chain_height=2551 expected_hash=34a93d19 local_hash= local_source=none snapshot_missing=false
[WARN] consensus validator set unresolved height=432 chain_height=2551 expected_hash=34a93d19 local_hash= local_source=none snapshot_missing=false
[WARN] consensus validator set unresolved height=433 chain_height=2551 expected_hash=34a93d19 local_hash= local_source=none snapshot_missing=false
[WARN] consensus validator set unresolved height=434 chain_height=2551 expected_hash=34a93d19 local_hash= local_source=none snapshot_missing=false
[WARN] consensus validator set unresolved height=435 chain_height=2551 expected_hash=34a93d19 local_hash= local_source=none snapshot_missing=false
[WARN] consensus validator set unresolved height=436 chain_height=2551 expected_hash=34a93d19 local_hash= local_source=none snapshot_missing=false
[WARN] consensus validator set unresolved height=437 chain_height=2551 expected_hash=34a93d19 local_hash= local_source=none snapshot_missing=false
[WARN] consensus validator set unresolved height=438 chain_height=2551 expected_hash=34a93d19 local_hash= local_source=none snapshot_missing=false
[WARN] consensus validator set unresolved height=439 chain_height=2551 expected_hash=34a93d19 local_hash= local_source=none snapshot_missing=false
[WARN] consensus validator set unresolved height=440 chain_height=2551 expected_hash=34a93d19 local_hash= local_source=none snapshot_missing=false
[WARN] consensus validator set unresolved height=441 chain_height=2551 expected_hash=34a93d19 local_hash= local_source=none snapshot_missing=false
[WARN] consensus validator set unresolved height=442 chain_height=2551 expected_hash=34a93d19 local_hash= local_source=none snapshot_missing=false
[WARN] consensus validator set unresolved height=443 chain_height=2551 expected_hash=34a93d19 local_hash= local_source=none snapshot_missing=false
[WARN] consensus validator set unresolved height=444 chain_height=2551 expected_hash=34a93d19 local_hash= local_source=none snapshot_missing=false
[WARN] consensus validator set unresolved height=445 chain_height=2551 expected_hash=34a93d19 local_hash= local_source=none snapshot_missing=false
[WARN] consensus validator set unresolved height=446 chain_height=2551 expected_hash=34a93d19 local_hash= local_source=none snapshot_missing=false
[WARN] consensus validator set unresolved height=447 chain_height=2551 expected_hash=34a93d19 local_hash= local_source=none snapshot_missing=false
[WARN] consensus validator set unresolved height=448 chain_height=2551 expected_hash=34a93d19 local_hash= local_source=none snapshot_missing=false
[WARN] consensus validator set unresolved height=449 chain_height=2551 expected_hash=34a93d19 local_hash= local_source=none snapshot_missing=false
[WARN] consensus validator set unresolved height=450 chain_height=2551 expected_hash=34a93d19 local_hash= local_source=none snapshot_missing=false
[WARN] consensus validator set unresolved height=451 chain_height=2551 expected_hash=34a93d19 local_hash= local_source=none snapshot_missing=false
[WARN] consensus validator set unresolved height=452 chain_height=2551 expected_hash=34a93d19 local_hash= local_source=none snapshot_missing=false
[WARN] consensus validator set unresolved height=453 chain_height=2551 expected_hash=34a93d19 local_hash= local_source=none snapshot_missing=false
[WARN] consensus validator set unresolved height=454 chain_height=2551 expected_hash=34a93d19 local_hash= local_source=none snapshot_missing=false
[WARN] consensus validator set unresolved height=455 chain_height=2551 expected_hash=34a93d19 local_hash= local_source=none snapshot_missing=false
[WARN] consensus validator set unresolved height=456 chain_height=2551 expected_hash=34a93d19 local_hash= local_source=none snapshot_missing=false
[WARN] consensus validator set unresolved height=457 chain_height=2551 expected_hash=34a93d19 local_hash= local_source=none snapshot_missing=false
[WARN] consensus validator set unresolved height=458 chain_height=2551 expected_hash=34a93d19 local_hash= local_source=none snapshot_missing=false
[WARN] consensus validator set unresolved height=459 chain_height=2551 expected_hash=34a93d19 local_hash= local_source=none snapshot_missing=false
[WARN] consensus validator set unresolved height=460 chain_height=2551 expected_hash=34a93d19 local_hash= local_source=none snapshot_missing=false
[WARN] consensus validator set unresolved height=461 chain_height=2551 expected_hash=34a93d19 local_hash= local_source=none snapshot_missing=false
[WARN] consensus validator set unresolved height=462 chain_height=2551 expected_hash=34a93d19 local_hash= local_source=none snapshot_missing=false
[WARN] consensus validator set unresolved height=463 chain_height=2551 expected_hash=34a93d19 local_hash= local_source=none snapshot_missing=false
[WARN] consensus validator set unresolved height=464 chain_height=2551 expected_hash=34a93d19 local_hash= local_source=none snapshot_missing=false
[WARN] consensus validator set unresolved height=465 chain_height=2551 expected_hash=34a93d19 local_hash= local_source=none snapshot_missing=false
[WARN] consensus validator set unresolved height=466 chain_height=2551 expected_hash=34a93d19 local_hash= local_source=none snapshot_missing=false
[WARN] consensus validator set unresolved height=467 chain_height=2551 expected_hash=34a93d19 local_hash= local_source=none snapshot_missing=false
[WARN] consensus validator set unresolved height=468 chain_height=2551 expected_hash=34a93d19 local_hash= local_source=none snapshot_missing=false
[WARN] consensus validator set unresolved height=469 chain_height=2551 expected_hash=34a93d19 local_hash= local_source=none snapshot_missing=false
[WARN] consensus validator set unresolved height=470 chain_height=2551 expected_hash=34a93d19 local_hash= local_source=none snapshot_missing=false
[WARN] consensus validator set unresolved height=471 chain_height=2551 expected_hash=34a93d19 local_hash= local_source=none snapshot_missing=false
[WARN] consensus validator set unresolved height=472 chain_height=2551 expected_hash=34a93d19 local_hash= local_source=none snapshot_missing=false
[WARN] consensus validator set unresolved height=473 chain_height=2551 expected_hash=34a93d19 local_hash= local_source=none snapshot_missing=false
[WARN] consensus validator set unresolved height=474 chain_height=2551 expected_hash=34a93d19 local_hash= local_source=none snapshot_missing=false
[WARN] consensus validator set unresolved height=475 chain_height=2551 expected_hash=34a93d19 local_hash= local_source=none snapshot_missing=false
[WARN] consensus validator set unresolved height=476 chain_height=2551 expected_hash=34a93d19 local_hash= local_source=none snapshot_missing=false
[WARN] consensus validator set unresolved height=477 chain_height=2551 expected_hash=34a93d19 local_hash= local_source=none snapshot_missing=false
[WARN] consensus validator set unresolved height=478 chain_height=2551 expected_hash=34a93d19 local_hash= local_source=none snapshot_missing=false
[WARN] consensus validator set unresolved height=479 chain_height=2551 expected_hash=34a93d19 local_hash= local_source=none snapshot_missing=false
[WARN] consensus validator set unresolved height=480 chain_height=2551 expected_hash=34a93d19 local_hash= local_source=none snapshot_missing=false
[WARN] consensus validator set unresolved height=481 chain_height=2551 expected_hash=34a93d19 local_hash= local_source=none snapshot_missing=false
[WARN] consensus validator set unresolved height=482 chain_height=2551 expected_hash=34a93d19 local_hash= local_source=none snapshot_missing=false
[WARN] consensus validator set unresolved height=483 chain_height=2551 expected_hash=34a93d19 local_hash= local_source=none snapshot_missing=false
[WARN] consensus validator set unresolved height=484 chain_height=2551 expected_hash=34a93d19 local_hash= local_source=none snapshot_missing=false
[WARN] consensus validator set unresolved height=485 chain_height=2551 expected_hash=34a93d19 local_hash= local_source=none snapshot_missing=false
[WARN] consensus validator set unresolved height=486 chain_height=2551 expected_hash=34a93d19 local_hash= local_source=none snapshot_missing=false
[WARN] consensus validator set unresolved height=487 chain_height=2551 expected_hash=34a93d19 local_hash= local_source=none snapshot_missing=false
[WARN] consensus validator set unresolved height=488 chain_height=2551 expected_hash=34a93d19 local_hash= local_source=none snapshot_missing=false
[WARN] consensus validator set unresolved height=489 chain_height=2551 expected_hash=34a93d19 local_hash= local_source=none snapshot_missing=false
[WARN] consensus validator set unresolved height=490 chain_height=2551 expected_hash=34a93d19 local_hash= local_source=none snapshot_missing=false
[WARN] consensus validator set unresolved height=491 chain_height=2551 expected_hash=34a93d19 local_hash= local_source=none snapshot_missing=false
[WARN] consensus validator set unresolved height=492 chain_height=2551 expected_hash=34a93d19 local_hash= local_source=none snapshot_missing=false
[WARN] consensus validator set unresolved height=493 chain_height=2551 expected_hash=34a93d19 local_hash= local_source=none snapshot_missing=false
[WARN] consensus validator set unresolved height=494 chain_height=2551 expected_hash=34a93d19 local_hash= local_source=none snapshot_missing=false
[WARN] consensus validator set unresolved height=495 chain_height=2551 expected_hash=34a93d19 local_hash= local_source=none snapshot_missing=false
[WARN] consensus validator set unresolved height=496 chain_height=2551 expected_hash=34a93d19 local_hash= local_source=none snapshot_missing=false
[WARN] consensus validator set unresolved height=497 chain_height=2551 expected_hash=34a93d19 local_hash= local_source=none snapshot_missing=false
[WARN] consensus validator set unresolved height=498 chain_height=2551 expected_hash=34a93d19 local_hash= local_source=none snapshot_missing=false
[WARN] consensus validator set unresolved height=499 chain_height=2551 expected_hash=34a93d19 local_hash= local_source=none snapshot_missing=false
[WARN] consensus validator set unresolved height=500 chain_height=2551 expected_hash=34a93d19 local_hash= local_source=none snapshot_missing=false
[WARN] consensus validator set unresolved height=501 chain_height=2551 expected_hash=34a93d19 local_hash= local_source=none snapshot_missing=false
[WARN] consensus validator set unresolved height=502 chain_height=2551 expected_hash=34a93d19 local_hash= local_source=none snapshot_missing=false
[WARN] consensus validator set unresolved height=503 chain_height=2551 expected_hash=34a93d19 local_hash= local_source=none snapshot_missing=false
[WARN] consensus validator set unresolved height=504 chain_height=2551 expected_hash=34a93d19 local_hash= local_source=none snapshot_missing=false
[WARN] consensus validator set unresolved height=505 chain_height=2551 expected_hash=34a93d19 local_hash= local_source=none snapshot_missing=false
[WARN] consensus validator set unresolved height=506 chain_height=2551 expected_hash=34a93d19 local_hash= local_source=none snapshot_missing=false
[WARN] consensus validator set unresolved height=507 chain_height=2551 expected_hash=34a93d19 local_hash= local_source=none snapshot_missing=false
[WARN] consensus validator set unresolved height=508 chain_height=2551 expected_hash=34a93d19 local_hash= local_source=none snapshot_missing=false
[WARN] consensus validator set unresolved height=509 chain_height=2551 expected_hash=34a93d19 local_hash= local_source=none snapshot_missing=false
[WARN] consensus validator set unresolved height=510 chain_height=2551 expected_hash=34a93d19 local_hash= local_source=none snapshot_missing=false
[WARN] consensus validator set unresolved height=511 chain_height=2551 expected_hash=34a93d19 local_hash= local_source=none snapshot_missing=false
[WARN] consensus validator set unresolved height=512 chain_height=2551 expected_hash=34a93d19 local_hash= local_source=none snapshot_missing=false
[WARN] consensus validator set unresolved height=513 chain_height=2551 expected_hash=34a93d19 local_hash= local_source=none snapshot_missing=false
[WARN] consensus validator set unresolved height=514 chain_height=2551 expected_hash=34a93d19 local_hash= local_source=none snapshot_missing=false
[WARN] consensus validator set unresolved height=515 chain_height=2551 expected_hash=34a93d19 local_hash= local_source=none snapshot_missing=false
[WARN] consensus validator set unresolved height=516 chain_height=2551 expected_hash=34a93d19 local_hash= local_source=none snapshot_missing=false
[WARN] consensus validator set unresolved height=517 chain_height=2551 expected_hash=34a93d19 local_hash= local_source=none snapshot_missing=false
[WARN] consensus validator set unresolved height=518 chain_height=2551 expected_hash=34a93d19 local_hash= local_source=none snapshot_missing=false
[WARN] consensus validator set unresolved height=519 chain_height=2551 expected_hash=34a93d19 local_hash= local_source=none snapshot_missing=false
[WARN] consensus validator set unresolved height=520 chain_height=2551 expected_hash=34a93d19 local_hash= local_source=none snapshot_missing=false
[WARN] consensus validator set unresolved height=521 chain_height=2551 expected_hash=34a93d19 local_hash= local_source=none snapshot_missing=false
[WARN] consensus validator set unresolved height=522 chain_height=2551 expected_hash=34a93d19 local_hash= local_source=none snapshot_missing=false
[WARN] consensus validator set unresolved height=523 chain_height=2551 expected_hash=34a93d19 local_hash= local_source=none snapshot_missing=false
[WARN] consensus validator set unresolved height=524 chain_height=2551 expected_hash=34a93d19 local_hash= local_source=none snapshot_missing=false
[WARN] consensus validator set unresolved height=525 chain_height=2551 expected_hash=34a93d19 local_hash= local_source=none snapshot_missing=false
[WARN] consensus validator set unresolved height=526 chain_height=2551 expected_hash=34a93d19 local_hash= local_source=none snapshot_missing=false
[WARN] consensus validator set unresolved height=527 chain_height=2551 expected_hash=34a93d19 local_hash= local_source=none snapshot_missing=false
[WARN] consensus validator set unresolved height=528 chain_height=2551 expected_hash=34a93d19 local_hash= local_source=none snapshot_missing=false
[WARN] consensus validator set unresolved height=529 chain_height=2551 expected_hash=34a93d19 local_hash= local_source=none snapshot_missing=false
[WARN] consensus validator set unresolved height=530 chain_height=2551 expected_hash=34a93d19 local_hash= local_source=none snapshot_missing=false
[WARN] consensus validator set unresolved height=531 chain_height=2551 expected_hash=34a93d19 local_hash= local_source=none snapshot_missing=false
[WARN] consensus validator set unresolved height=532 chain_height=2551 expected_hash=34a93d19 local_hash= local_source=none snapshot_missing=false
[WARN] consensus validator set unresolved height=533 chain_height=2551 expected_hash=34a93d19 local_hash= local_source=none snapshot_missing=false
[WARN] consensus validator set unresolved height=534 chain_height=2551 expected_hash=34a93d19 local_hash= local_source=none snapshot_missing=false
[WARN] consensus validator set unresolved height=535 chain_height=2551 expected_hash=34a93d19 local_hash= local_source=none snapshot_missing=false
[WARN] consensus validator set unresolved height=536 chain_height=2551 expected_hash=34a93d19 local_hash= local_source=none snapshot_missing=false
[WARN] consensus validator set unresolved height=537 chain_height=2551 expected_hash=34a93d19 local_hash= local_source=none snapshot_missing=false
[WARN] consensus validator set unresolved height=538 chain_height=2551 expected_hash=34a93d19 local_hash= local_source=none snapshot_missing=false
[WARN] consensus validator set unresolved height=539 chain_height=2551 expected_hash=34a93d19 local_hash= local_source=none snapshot_missing=false
[WARN] consensus validator set unresolved height=540 chain_height=2551 expected_hash=34a93d19 local_hash= local_source=none snapshot_missing=false
[WARN] consensus validator set unresolved height=541 chain_height=2551 expected_hash=34a93d19 local_hash= local_source=none snapshot_missing=false
[WARN] consensus validator set unresolved height=542 chain_height=2551 expected_hash=34a93d19 local_hash= local_source=none snapshot_missing=false
[WARN] consensus validator set unresolved height=543 chain_height=2551 expected_hash=34a93d19 local_hash= local_source=none snapshot_missing=false
[WARN] consensus validator set unresolved height=544 chain_height=2551 expected_hash=34a93d19 local_hash= local_source=none snapshot_missing=false
[WARN] consensus validator set unresolved height=545 chain_height=2551 expected_hash=34a93d19 local_hash= local_source=none snapshot_missing=false
[WARN] consensus validator set unresolved height=546 chain_height=2551 expected_hash=34a93d19 local_hash= local_source=none snapshot_missing=false
[WARN] consensus validator set unresolved height=547 chain_height=2551 expected_hash=34a93d19 local_hash= local_source=none snapshot_missing=false
[WARN] consensus validator set unresolved height=548 chain_height=2551 expected_hash=34a93d19 local_hash= local_source=none snapshot_missing=false
[WARN] consensus validator set unresolved height=549 chain_height=2551 expected_hash=34a93d19 local_hash= local_source=none snapshot_missing=false
[WARN] consensus validator set unresolved height=550 chain_height=2551 expected_hash=34a93d19 local_hash= local_source=none snapshot_missing=false
[WARN] consensus validator set unresolved height=551 chain_height=2551 expected_hash=34a93d19 local_hash= local_source=none snapshot_missing=false
[WARN] consensus validator set unresolved height=552 chain_height=2551 expected_hash=34a93d19 local_hash= local_source=none snapshot_missing=false
[WARN] consensus validator set unresolved height=553 chain_height=2551 expected_hash=34a93d19 local_hash= local_source=none snapshot_missing=false
[WARN] consensus validator set unresolved height=554 chain_height=2551 expected_hash=34a93d19 local_hash= local_source=none snapshot_missing=false
[WARN] consensus validator set unresolved height=555 chain_height=2551 expected_hash=34a93d19 local_hash= local_source=none snapshot_missing=false
[WARN] consensus validator set unresolved height=556 chain_height=2551 expected_hash=34a93d19 local_hash= local_source=none snapshot_missing=false
[WARN] consensus validator set unresolved height=557 chain_height=2551 expected_hash=34a93d19 local_hash= local_source=none snapshot_missing=false
[WARN] consensus validator set unresolved height=558 chain_height=2551 expected_hash=34a93d19 local_hash= local_source=none snapshot_missing=false
[WARN] consensus validator set unresolved height=559 chain_height=2551 expected_hash=34a93d19 local_hash= local_source=none snapshot_missing=false
[WARN] consensus validator set unresolved height=560 chain_height=2551 expected_hash=34a93d19 local_hash= local_source=none snapshot_missing=false
[WARN] consensus validator set unresolved height=561 chain_height=2551 expected_hash=34a93d19 local_hash= local_source=none snapshot_missing=false
[WARN] consensus validator set unresolved height=562 chain_height=2551 expected_hash=34a93d19 local_hash= local_source=none snapshot_missing=false
[WARN] consensus validator set unresolved height=563 chain_height=2551 expected_hash=34a93d19 local_hash= local_source=none snapshot_missing=false
[WARN] consensus validator set unresolved height=564 chain_height=2551 expected_hash=34a93d19 local_hash= local_source=none snapshot_missing=false
[WARN] consensus validator set unresolved height=565 chain_height=2551 expected_hash=34a93d19 local_hash= local_source=none snapshot_missing=false
[WARN] consensus validator set unresolved height=566 chain_height=2551 expected_hash=34a93d19 local_hash= local_source=none snapshot_missing=false
[WARN] consensus validator set unresolved height=567 chain_height=2551 expected_hash=34a93d19 local_hash= local_source=none snapshot_missing=false
[WARN] consensus validator set unresolved height=568 chain_height=2551 expected_hash=34a93d19 local_hash= local_source=none snapshot_missing=false
[WARN] consensus validator set unresolved height=569 chain_height=2551 expected_hash=34a93d19 local_hash= local_source=none snapshot_missing=false
[WARN] consensus validator set unresolved height=570 chain_height=2551 expected_hash=34a93d19 local_hash= local_source=none snapshot_missing=false
[WARN] consensus validator set unresolved height=571 chain_height=2551 expected_hash=34a93d19 local_hash= local_source=none snapshot_missing=false
[WARN] consensus validator set unresolved height=572 chain_height=2551 expected_hash=34a93d19 local_hash= local_source=none snapshot_missing=false
[WARN] consensus validator set unresolved height=573 chain_height=2551 expected_hash=34a93d19 local_hash= local_source=none snapshot_missing=false
[WARN] consensus validator set unresolved height=574 chain_height=2551 expected_hash=34a93d19 local_hash= local_source=none snapshot_missing=false
[WARN] consensus validator set unresolved height=575 chain_height=2551 expected_hash=34a93d19 local_hash= local_source=none snapshot_missing=false
[WARN] consensus validator set unresolved height=576 chain_height=2551 expected_hash=34a93d19 local_hash= local_source=none snapshot_missing=false
[WARN] consensus validator set unresolved height=577 chain_height=2551 expected_hash=34a93d19 local_hash= local_source=none snapshot_missing=false
[WARN] consensus validator set unresolved height=578 chain_height=2551 expected_hash=34a93d19 local_hash= local_source=none snapshot_missing=false
[WARN] consensus validator set unresolved height=579 chain_height=2551 expected_hash=34a93d19 local_hash= local_source=none snapshot_missing=false
[WARN] consensus validator set unresolved height=580 chain_height=2551 expected_hash=34a93d19 local_hash= local_source=none snapshot_missing=false
[WARN] consensus validator set unresolved height=581 chain_height=2551 expected_hash=34a93d19 local_hash= local_source=none snapshot_missing=false
[WARN] consensus validator set unresolved height=582 chain_height=2551 expected_hash=34a93d19 local_hash= local_source=none snapshot_missing=false
[WARN] consensus validator set unresolved height=583 chain_height=2551 expected_hash=34a93d19 local_hash= local_source=none snapshot_missing=false
[WARN] consensus validator set unresolved height=584 chain_height=2551 expected_hash=34a93d19 local_hash= local_source=none snapshot_missing=false
[WARN] consensus validator set unresolved height=585 chain_height=2551 expected_hash=34a93d19 local_hash= local_source=none snapshot_missing=false
[WARN] consensus validator set unresolved height=586 chain_height=2551 expected_hash=34a93d19 local_hash= local_source=none snapshot_missing=false
[WARN] consensus validator set unresolved height=587 chain_height=2551 expected_hash=34a93d19 local_hash= local_source=none snapshot_missing=false
[WARN] consensus validator set unresolved height=588 chain_height=2551 expected_hash=34a93d19 local_hash= local_source=none snapshot_missing=false
[WARN] consensus validator set unresolved height=589 chain_height=2551 expected_hash=34a93d19 local_hash= local_source=none snapshot_missing=false
[WARN] consensus validator set unresolved height=590 chain_height=2551 expected_hash=34a93d19 local_hash= local_source=none snapshot_missing=false
[WARN] consensus validator set unresolved height=591 chain_height=2551 expected_hash=34a93d19 local_hash= local_source=none snapshot_missing=false
[WARN] consensus validator set unresolved height=592 chain_height=2551 expected_hash=34a93d19 local_hash= local_source=none snapshot_missing=false
[WARN] consensus validator set unresolved height=593 chain_height=2551 expected_hash=34a93d19 local_hash= local_source=none snapshot_missing=false
[WARN] consensus validator set unresolved height=594 chain_height=2551 expected_hash=34a93d19 local_hash= local_source=none snapshot_missing=false
[WARN] consensus validator set unresolved height=595 chain_height=2551 expected_hash=34a93d19 local_hash= local_source=none snapshot_missing=false
[WARN] consensus validator set unresolved height=596 chain_height=2551 expected_hash=34a93d19 local_hash= local_source=none snapshot_missing=false
[WARN] consensus validator set unresolved height=597 chain_height=2551 expected_hash=34a93d19 local_hash= local_source=none snapshot_missing=false
[WARN] consensus validator set unresolved height=598 chain_height=2551 expected_hash=34a93d19 local_hash= local_source=none snapshot_missing=false
[WARN] consensus validator set unresolved height=599 chain_height=2551 expected_hash=34a93d19 local_hash= local_source=none snapshot_missing=false
[WARN] consensus validator set unresolved height=600 chain_height=2551 expected_hash=34a93d19 local_hash= local_source=none snapshot_missing=false
[WARN] consensus validator set unresolved height=601 chain_height=2551 expected_hash=34a93d19 local_hash= local_source=none snapshot_missing=false
[WARN] consensus validator set unresolved height=602 chain_height=2551 expected_hash=34a93d19 local_hash= local_source=none snapshot_missing=false
[WARN] consensus validator set unresolved height=603 chain_height=2551 expected_hash=34a93d19 local_hash= local_source=none snapshot_missing=false
[WARN] consensus validator set unresolved height=604 chain_height=2551 expected_hash=34a93d19 local_hash= local_source=none snapshot_missing=false
[WARN] consensus validator set unresolved height=605 chain_height=2551 expected_hash=34a93d19 local_hash= local_source=none snapshot_missing=false
[WARN] consensus validator set unresolved height=606 chain_height=2551 expected_hash=34a93d19 local_hash= local_source=none snapshot_missing=false
[WARN] consensus validator set unresolved height=607 chain_height=2551 expected_hash=34a93d19 local_hash= local_source=none snapshot_missing=false
[WARN] consensus validator set unresolved height=608 chain_height=2551 expected_hash=34a93d19 local_hash= local_source=none snapshot_missing=false
[WARN] consensus validator set unresolved height=609 chain_height=2551 expected_hash=34a93d19 local_hash= local_source=none snapshot_missing=false
[WARN] consensus validator set unresolved height=610 chain_height=2551 expected_hash=34a93d19 local_hash= local_source=none snapshot_missing=false
[WARN] consensus validator set unresolved height=611 chain_height=2551 expected_hash=34a93d19 local_hash= local_source=none snapshot_missing=false
[WARN] consensus validator set unresolved height=612 chain_height=2551 expected_hash=34a93d19 local_hash= local_source=none snapshot_missing=false
[WARN] consensus validator set unresolved height=613 chain_height=2551 expected_hash=34a93d19 local_hash= local_source=none snapshot_missing=false
[WARN] consensus validator set unresolved height=614 chain_height=2551 expected_hash=34a93d19 local_hash= local_source=none snapshot_missing=false
[WARN] consensus validator set unresolved height=615 chain_height=2551 expected_hash=34a93d19 local_hash= local_source=none snapshot_missing=false
[WARN] consensus validator set unresolved height=616 chain_height=2551 expected_hash=34a93d19 local_hash= local_source=none snapshot_missing=false
[WARN] consensus validator set unresolved height=617 chain_height=2551 expected_hash=34a93d19 local_hash= local_source=none snapshot_missing=false
[WARN] consensus validator set unresolved height=618 chain_height=2551 expected_hash=34a93d19 local_hash= local_source=none snapshot_missing=false
[WARN] consensus validator set unresolved height=619 chain_height=2551 expected_hash=34a93d19 local_hash= local_source=none snapshot_missing=false
[WARN] consensus validator set unresolved height=620 chain_height=2551 expected_hash=34a93d19 local_hash= local_source=none snapshot_missing=false
[WARN] consensus validator set unresolved height=621 chain_height=2551 expected_hash=34a93d19 local_hash= local_source=none snapshot_missing=false
[WARN] consensus validator set unresolved height=622 chain_height=2551 expected_hash=34a93d19 local_hash= local_source=none snapshot_missing=false
[WARN] consensus validator set unresolved height=623 chain_height=2551 expected_hash=34a93d19 local_hash= local_source=none snapshot_missing=false
[WARN] consensus validator set unresolved height=624 chain_height=2551 expected_hash=34a93d19 local_hash= local_source=none snapshot_missing=false
[WARN] consensus validator set unresolved height=625 chain_height=2551 expected_hash=34a93d19 local_hash= local_source=none snapshot_missing=false
[WARN] consensus validator set unresolved height=626 chain_height=2551 expected_hash=34a93d19 local_hash= local_source=none snapshot_missing=false
[WARN] consensus validator set unresolved height=627 chain_height=2551 expected_hash=34a93d19 local_hash= local_source=none snapshot_missing=false
[WARN] consensus validator set unresolved height=628 chain_height=2551 expected_hash=34a93d19 local_hash= local_source=none snapshot_missing=false
[WARN] consensus validator set unresolved height=629 chain_height=2551 expected_hash=34a93d19 local_hash= local_source=none snapshot_missing=false
[WARN] consensus validator set unresolved height=630 chain_height=2551 expected_hash=34a93d19 local_hash= local_source=none snapshot_missing=false
[WARN] consensus validator set unresolved height=631 chain_height=2551 expected_hash=34a93d19 local_hash= local_source=none snapshot_missing=false
[WARN] consensus validator set unresolved height=632 chain_height=2551 expected_hash=34a93d19 local_hash= local_source=none snapshot_missing=false
[WARN] consensus validator set unresolved height=633 chain_height=2551 expected_hash=34a93d19 local_hash= local_source=none snapshot_missing=false
[WARN] consensus validator set unresolved height=634 chain_height=2551 expected_hash=34a93d19 local_hash= local_source=none snapshot_missing=false
[WARN] consensus validator set unresolved height=635 chain_height=2551 expected_hash=34a93d19 local_hash= local_source=none snapshot_missing=false
[WARN] consensus validator set unresolved height=636 chain_height=2551 expected_hash=34a93d19 local_hash= local_source=none snapshot_missing=false
[WARN] consensus validator set unresolved height=637 chain_height=2551 expected_hash=34a93d19 local_hash= local_source=none snapshot_missing=false
[WARN] consensus validator set unresolved height=638 chain_height=2551 expected_hash=34a93d19 local_hash= local_source=none snapshot_missing=false
[WARN] consensus validator set unresolved height=639 chain_height=2551 expected_hash=34a93d19 local_hash= local_source=none snapshot_missing=false
[WARN] consensus validator set unresolved height=640 chain_height=2551 expected_hash=34a93d19 local_hash= local_source=none snapshot_missing=false
[WARN] consensus validator set unresolved height=641 chain_height=2551 expected_hash=34a93d19 local_hash= local_source=none snapshot_missing=false
[WARN] consensus validator set unresolved height=642 chain_height=2551 expected_hash=34a93d19 local_hash= local_source=none snapshot_missing=false
[WARN] consensus validator set unresolved height=643 chain_height=2551 expected_hash=34a93d19 local_hash= local_source=none snapshot_missing=false
[WARN] consensus validator set unresolved height=644 chain_height=2551 expected_hash=34a93d19 local_hash= local_source=none snapshot_missing=false
[WARN] consensus validator set unresolved height=645 chain_height=2551 expected_hash=34a93d19 local_hash= local_source=none snapshot_missing=false
[WARN] consensus validator set unresolved height=646 chain_height=2551 expected_hash=34a93d19 local_hash= local_source=none snapshot_missing=false
[WARN] consensus validator set unresolved height=647 chain_height=2551 expected_hash=34a93d19 local_hash= local_source=none snapshot_missing=false
[WARN] consensus validator set unresolved height=648 chain_height=2551 expected_hash=34a93d19 local_hash= local_source=none snapshot_missing=false
[WARN] consensus validator set unresolved height=649 chain_height=2551 expected_hash=34a93d19 local_hash= local_source=none snapshot_missing=false
[WARN] consensus validator set unresolved height=650 chain_height=2551 expected_hash=34a93d19 local_hash= local_source=none snapshot_missing=false
[WARN] consensus validator set unresolved height=651 chain_height=2551 expected_hash=34a93d19 local_hash= local_source=none snapshot_missing=false
[WARN] consensus validator set unresolved height=652 chain_height=2551 expected_hash=34a93d19 local_hash= local_source=none snapshot_missing=false
[WARN] consensus validator set unresolved height=653 chain_height=2551 expected_hash=34a93d19 local_hash= local_source=none snapshot_missing=false
[WARN] consensus validator set unresolved height=654 chain_height=2551 expected_hash=34a93d19 local_hash= local_source=none snapshot_missing=false
[WARN] consensus validator set unresolved height=655 chain_height=2551 expected_hash=34a93d19 local_hash= local_source=none snapshot_missing=false
[WARN] consensus validator set unresolved height=656 chain_height=2551 expected_hash=34a93d19 local_hash= local_source=none snapshot_missing=false
[WARN] consensus validator set unresolved height=657 chain_height=2551 expected_hash=34a93d19 local_hash= local_source=none snapshot_missing=false
[WARN] consensus validator set unresolved height=658 chain_height=2551 expected_hash=34a93d19 local_hash= local_source=none snapshot_missing=false
[WARN] consensus validator set unresolved height=659 chain_height=2551 expected_hash=34a93d19 local_hash= local_source=none snapshot_missing=false
[WARN] consensus validator set unresolved height=660 chain_height=2551 expected_hash=34a93d19 local_hash= local_source=none snapshot_missing=false
[WARN] consensus validator set unresolved height=661 chain_height=2551 expected_hash=34a93d19 local_hash= local_source=none snapshot_missing=false
[WARN] consensus validator set unresolved height=662 chain_height=2551 expected_hash=34a93d19 local_hash= local_source=none snapshot_missing=false
[WARN] consensus validator set unresolved height=663 chain_height=2551 expected_hash=34a93d19 local_hash= local_source=none snapshot_missing=false
[WARN] consensus validator set unresolved height=664 chain_height=2551 expected_hash=34a93d19 local_hash= local_source=none snapshot_missing=false
[WARN] consensus validator set unresolved height=665 chain_height=2551 expected_hash=34a93d19 local_hash= local_source=none snapshot_missing=false
[WARN] consensus validator set unresolved height=666 chain_height=2551 expected_hash=34a93d19 local_hash= local_source=none snapshot_missing=false
[WARN] consensus validator set unresolved height=667 chain_height=2551 expected_hash=34a93d19 local_hash= local_source=none snapshot_missing=false
[WARN] consensus validator set unresolved height=668 chain_height=2551 expected_hash=34a93d19 local_hash= local_source=none snapshot_missing=false
[WARN] consensus validator set unresolved height=669 chain_height=2551 expected_hash=34a93d19 local_hash= local_source=none snapshot_missing=false
[WARN] consensus validator set unresolved height=670 chain_height=2551 expected_hash=34a93d19 local_hash= local_source=none snapshot_missing=false
[WARN] consensus validator set unresolved height=671 chain_height=2551 expected_hash=34a93d19 local_hash= local_source=none snapshot_missing=false
[WARN] consensus validator set unresolved height=672 chain_height=2551 expected_hash=34a93d19 local_hash= local_source=none snapshot_missing=false
[WARN] consensus validator set unresolved height=673 chain_height=2551 expected_hash=34a93d19 local_hash= local_source=none snapshot_missing=false
[WARN] consensus validator set unresolved height=674 chain_height=2551 expected_hash=34a93d19 local_hash= local_source=none snapshot_missing=false
[WARN] consensus validator set unresolved height=675 chain_height=2551 expected_hash=34a93d19 local_hash= local_source=none snapshot_missing=false
[WARN] consensus validator set unresolved height=676 chain_height=2551 expected_hash=34a93d19 local_hash= local_source=none snapshot_missing=false
[WARN] consensus validator set unresolved height=677 chain_height=2551 expected_hash=34a93d19 local_hash= local_source=none snapshot_missing=false
[WARN] consensus validator set unresolved height=678 chain_height=2551 expected_hash=34a93d19 local_hash= local_source=none snapshot_missing=false
[WARN] consensus validator set unresolved height=679 chain_height=2551 expected_hash=34a93d19 local_hash= local_source=none snapshot_missing=false
[WARN] consensus validator set unresolved height=680 chain_height=2551 expected_hash=34a93d19 local_hash= local_source=none snapshot_missing=false
[WARN] consensus validator set unresolved height=681 chain_height=2551 expected_hash=34a93d19 local_hash= local_source=none snapshot_missing=false
[WARN] consensus validator set unresolved height=682 chain_height=2551 expected_hash=34a93d19 local_hash= local_source=none snapshot_missing=false
[WARN] consensus validator set unresolved height=683 chain_height=2551 expected_hash=34a93d19 local_hash= local_source=none snapshot_missing=false
[WARN] consensus validator set unresolved height=684 chain_height=2551 expected_hash=34a93d19 local_hash= local_source=none snapshot_missing=false
[WARN] consensus validator set unresolved height=685 chain_height=2551 expected_hash=34a93d19 local_hash= local_source=none snapshot_missing=false
[WARN] consensus validator set unresolved height=686 chain_height=2551 expected_hash=34a93d19 local_hash= local_source=none snapshot_missing=false
[WARN] consensus validator set unresolved height=687 chain_height=2551 expected_hash=34a93d19 local_hash= local_source=none snapshot_missing=false
[WARN] consensus validator set unresolved height=688 chain_height=2551 expected_hash=34a93d19 local_hash= local_source=none snapshot_missing=false
[WARN] consensus validator set unresolved height=689 chain_height=2551 expected_hash=34a93d19 local_hash= local_source=none snapshot_missing=false
[WARN] consensus validator set unresolved height=690 chain_height=2551 expected_hash=34a93d19 local_hash= local_source=none snapshot_missing=false
[WARN] consensus validator set unresolved height=691 chain_height=2551 expected_hash=34a93d19 local_hash= local_source=none snapshot_missing=false
[WARN] consensus validator set unresolved height=692 chain_height=2551 expected_hash=34a93d19 local_hash= local_source=none snapshot_missing=false
[WARN] consensus validator set unresolved height=693 chain_height=2551 expected_hash=34a93d19 local_hash= local_source=none snapshot_missing=false
[WARN] consensus validator set unresolved height=694 chain_height=2551 expected_hash=34a93d19 local_hash= local_source=none snapshot_missing=false
[WARN] consensus validator set unresolved height=695 chain_height=2551 expected_hash=34a93d19 local_hash= local_source=none snapshot_missing=false
[WARN] consensus validator set unresolved height=696 chain_height=2551 expected_hash=34a93d19 local_hash= local_source=none snapshot_missing=false
[WARN] consensus validator set unresolved height=697 chain_height=2551 expected_hash=34a93d19 local_hash= local_source=none snapshot_missing=false
[WARN] consensus validator set unresolved height=698 chain_height=2551 expected_hash=34a93d19 local_hash= local_source=none snapshot_missing=false
[WARN] consensus validator set unresolved height=699 chain_height=2551 expected_hash=34a93d19 local_hash= local_source=none snapshot_missing=false
[WARN] consensus validator set unresolved height=700 chain_height=2551 expected_hash=34a93d19 local_hash= local_source=none snapshot_missing=false
[WARN] consensus validator set unresolved height=701 chain_height=2551 expected_hash=34a93d19 local_hash= local_source=none snapshot_missing=false
[WARN] consensus validator set unresolved height=702 chain_height=2551 expected_hash=34a93d19 local_hash= local_source=none snapshot_missing=false
[WARN] consensus validator set unresolved height=703 chain_height=2551 expected_hash=34a93d19 local_hash= local_source=none snapshot_missing=false
[WARN] consensus validator set unresolved height=704 chain_height=2551 expected_hash=34a93d19 local_hash= local_source=none snapshot_missing=false
[WARN] consensus validator set unresolved height=705 chain_height=2551 expected_hash=34a93d19 local_hash= local_source=none snapshot_missing=false
[WARN] consensus validator set unresolved height=706 chain_height=2551 expected_hash=34a93d19 local_hash= local_source=none snapshot_missing=false
[WARN] consensus validator set unresolved height=707 chain_height=2551 expected_hash=34a93d19 local_hash= local_source=none snapshot_missing=false
[WARN] consensus validator set unresolved height=708 chain_height=2551 expected_hash=34a93d19 local_hash= local_source=none snapshot_missing=false
[WARN] consensus validator set unresolved height=709 chain_height=2551 expected_hash=34a93d19 local_hash= local_source=none snapshot_missing=false
[WARN] consensus validator set unresolved height=710 chain_height=2551 expected_hash=34a93d19 local_hash= local_source=none snapshot_missing=false
[WARN] consensus validator set unresolved height=711 chain_height=2551 expected_hash=34a93d19 local_hash= local_source=none snapshot_missing=false
[WARN] consensus validator set unresolved height=712 chain_height=2551 expected_hash=34a93d19 local_hash= local_source=none snapshot_missing=false
[WARN] consensus validator set unresolved height=713 chain_height=2551 expected_hash=34a93d19 local_hash= local_source=none snapshot_missing=false
[WARN] consensus validator set unresolved height=714 chain_height=2551 expected_hash=34a93d19 local_hash= local_source=none snapshot_missing=false
[WARN] consensus validator set unresolved height=715 chain_height=2551 expected_hash=34a93d19 local_hash= local_source=none snapshot_missing=false
[WARN] consensus validator set unresolved height=716 chain_height=2551 expected_hash=34a93d19 local_hash= local_source=none snapshot_missing=false
[WARN] consensus validator set unresolved height=717 chain_height=2551 expected_hash=34a93d19 local_hash= local_source=none snapshot_missing=false
[WARN] consensus validator set unresolved height=718 chain_height=2551 expected_hash=34a93d19 local_hash= local_source=none snapshot_missing=false
[WARN] consensus validator set unresolved height=719 chain_height=2551 expected_hash=34a93d19 local_hash= local_source=none snapshot_missing=false
[WARN] consensus validator set unresolved height=720 chain_height=2551 expected_hash=34a93d19 local_hash= local_source=none snapshot_missing=false
[WARN] consensus validator set unresolved height=721 chain_height=2551 expected_hash=34a93d19 local_hash= local_source=none snapshot_missing=false
[WARN] consensus validator set unresolved height=722 chain_height=2551 expected_hash=34a93d19 local_hash= local_source=none snapshot_missing=false
[WARN] consensus validator set unresolved height=723 chain_height=2551 expected_hash=34a93d19 local_hash= local_source=none snapshot_missing=false
[WARN] consensus validator set unresolved height=724 chain_height=2551 expected_hash=34a93d19 local_hash= local_source=none snapshot_missing=false
[WARN] consensus validator set unresolved height=725 chain_height=2551 expected_hash=34a93d19 local_hash= local_source=none snapshot_missing=false
[WARN] consensus validator set unresolved height=726 chain_height=2551 expected_hash=34a93d19 local_hash= local_source=none snapshot_missing=false
[WARN] consensus validator set unresolved height=727 chain_height=2551 expected_hash=34a93d19 local_hash= local_source=none snapshot_missing=false
[WARN] consensus validator set unresolved height=728 chain_height=2551 expected_hash=34a93d19 local_hash= local_source=none snapshot_missing=false
[WARN] consensus validator set unresolved height=729 chain_height=2551 expected_hash=34a93d19 local_hash= local_source=none snapshot_missing=false
[WARN] consensus validator set unresolved height=730 chain_height=2551 expected_hash=34a93d19 local_hash= local_source=none snapshot_missing=false
[WARN] consensus validator set unresolved height=731 chain_height=2551 expected_hash=34a93d19 local_hash= local_source=none snapshot_missing=false
[WARN] consensus validator set unresolved height=732 chain_height=2551 expected_hash=34a93d19 local_hash= local_source=none snapshot_missing=false
[WARN] consensus validator set unresolved height=733 chain_height=2551 expected_hash=34a93d19 local_hash= local_source=none snapshot_missing=false
[WARN] consensus validator set unresolved height=734 chain_height=2551 expected_hash=34a93d19 local_hash= local_source=none snapshot_missing=false
2026/05/20 15:06:13 [REGISTRY-HISTORY-REBUILD] height=1757 status=scheduled reason=consensus_set_unresolved
[WARN] consensus validator set unresolved height=735 chain_height=2551 expected_hash=34a93d19 local_hash= local_source=none snapshot_missing=false
2026/05/20 15:06:13 [REGISTRY-HISTORY-REBUILD] height=1757 status=started reason=consensus_set_unresolved
2026/05/20 15:06:13 [REGISTRY-HISTORY-REBUILD] height=1757 status=ok reason=consensus_set_unresolved
[WARN] consensus validator set unresolved height=736 chain_height=2551 expected_hash=34a93d19 local_hash= local_source=none snapshot_missing=false
[WARN] consensus validator set unresolved height=737 chain_height=2551 expected_hash=34a93d19 local_hash= local_source=none snapshot_missing=false
[WARN] consensus validator set unresolved height=738 chain_height=2551 expected_hash=34a93d19 local_hash= local_source=none snapshot_missing=false
[WARN] consensus validator set unresolved height=739 chain_height=2551 expected_hash=34a93d19 local_hash= local_source=none snapshot_missing=false
[WARN] consensus validator set unresolved height=740 chain_height=2551 expected_hash=34a93d19 local_hash= local_source=none snapshot_missing=false
[WARN] consensus validator set unresolved height=741 chain_height=2551 expected_hash=34a93d19 local_hash= local_source=none snapshot_missing=false
[WARN] consensus validator set unresolved height=742 chain_height=2551 expected_hash=34a93d19 local_hash= local_source=none snapshot_missing=false
[WARN] consensus validator set unresolved height=743 chain_height=2551 expected_hash=34a93d19 local_hash= local_source=none snapshot_missing=false
[WARN] consensus validator set unresolved height=744 chain_height=2551 expected_hash=34a93d19 local_hash= local_source=none snapshot_missing=false
[WARN] consensus validator set unresolved height=745 chain_height=2551 expected_hash=34a93d19 local_hash= local_source=none snapshot_missing=false
[WARN] consensus validator set unresolved height=746 chain_height=2551 expected_hash=34a93d19 local_hash= local_source=none snapshot_missing=false
[WARN] consensus validator set unresolved height=747 chain_height=2551 expected_hash=34a93d19 local_hash= local_source=none snapshot_missing=false
[WARN] consensus validator set unresolved height=748 chain_height=2551 expected_hash=34a93d19 local_hash= local_source=none snapshot_missing=false
[WARN] consensus validator set unresolved height=749 chain_height=2551 expected_hash=34a93d19 local_hash= local_source=none snapshot_missing=false
[WARN] consensus validator set unresolved height=750 chain_height=2551 expected_hash=34a93d19 local_hash= local_source=none snapshot_missing=false
[WARN] consensus validator set unresolved height=751 chain_height=2551 expected_hash=34a93d19 local_hash= local_source=none snapshot_missing=false
[WARN] consensus validator set unresolved height=752 chain_height=2551 expected_hash=34a93d19 local_hash= local_source=none snapshot_missing=false
[WARN] consensus validator set unresolved height=753 chain_height=2551 expected_hash=34a93d19 local_hash= local_source=none snapshot_missing=false
[WARN] consensus validator set unresolved height=754 chain_height=2551 expected_hash=34a93d19 local_hash= local_source=none snapshot_missing=false
[WARN] consensus validator set unresolved height=755 chain_height=2551 expected_hash=34a93d19 local_hash= local_source=none snapshot_missing=false
[WARN] consensus validator set unresolved height=756 chain_height=2551 expected_hash=34a93d19 local_hash= local_source=none snapshot_missing=false
[WARN] consensus validator set unresolved height=757 chain_height=2551 expected_hash=34a93d19 local_hash= local_source=none snapshot_missing=false
[WARN] consensus validator set unresolved height=758 chain_height=2551 expected_hash=34a93d19 local_hash= local_source=none snapshot_missing=false
[WARN] consensus validator set unresolved height=759 chain_height=2551 expected_hash=34a93d19 local_hash= local_source=none snapshot_missing=false
[WARN] consensus validator set unresolved height=760 chain_height=2551 expected_hash=34a93d19 local_hash= local_source=none snapshot_missing=false
[WARN] consensus validator set unresolved height=761 chain_height=2551 expected_hash=34a93d19 local_hash= local_source=none snapshot_missing=false
[WARN] consensus validator set unresolved height=762 chain_height=2551 expected_hash=34a93d19 local_hash= local_source=none snapshot_missing=false
[WARN] consensus validator set unresolved height=763 chain_height=2551 expected_hash=34a93d19 local_hash= local_source=none snapshot_missing=false
[WARN] consensus validator set unresolved height=764 chain_height=2551 expected_hash=34a93d19 local_hash= local_source=none snapshot_missing=false
[WARN] consensus validator set unresolved height=765 chain_height=2551 expected_hash=34a93d19 local_hash= local_source=none snapshot_missing=false
[WARN] consensus validator set unresolved height=766 chain_height=2551 expected_hash=34a93d19 local_hash= local_source=none snapshot_missing=false
[WARN] consensus validator set unresolved height=767 chain_height=2551 expected_hash=34a93d19 local_hash= local_source=none snapshot_missing=false
[WARN] consensus validator set unresolved height=768 chain_height=2551 expected_hash=34a93d19 local_hash= local_source=none snapshot_missing=false
[WARN] consensus validator set unresolved height=769 chain_height=2551 expected_hash=34a93d19 local_hash= local_source=none snapshot_missing=false
[WARN] consensus validator set unresolved height=770 chain_height=2551 expected_hash=34a93d19 local_hash= local_source=none snapshot_missing=false
[WARN] consensus validator set unresolved height=771 chain_height=2551 expected_hash=34a93d19 local_hash= local_source=none snapshot_missing=false
[WARN] consensus validator set unresolved height=772 chain_height=2551 expected_hash=34a93d19 local_hash= local_source=none snapshot_missing=false
[WARN] consensus validator set unresolved height=773 chain_height=2551 expected_hash=34a93d19 local_hash= local_source=none snapshot_missing=false
[WARN] consensus validator set unresolved height=774 chain_height=2551 expected_hash=34a93d19 local_hash= local_source=none snapshot_missing=false
[WARN] consensus validator set unresolved height=775 chain_height=2551 expected_hash=34a93d19 local_hash= local_source=none snapshot_missing=false
[WARN] consensus validator set unresolved height=776 chain_height=2551 expected_hash=34a93d19 local_hash= local_source=none snapshot_missing=false
[WARN] consensus validator set unresolved height=777 chain_height=2551 expected_hash=34a93d19 local_hash= local_source=none snapshot_missing=false
[WARN] consensus validator set unresolved height=778 chain_height=2551 expected_hash=34a93d19 local_hash= local_source=none snapshot_missing=false
[WARN] consensus validator set unresolved height=779 chain_height=2551 expected_hash=34a93d19 local_hash= local_source=none snapshot_missing=false
[WARN] consensus validator set unresolved height=780 chain_height=2551 expected_hash=34a93d19 local_hash= local_source=none snapshot_missing=false
[WARN] consensus validator set unresolved height=781 chain_height=2551 expected_hash=34a93d19 local_hash= local_source=none snapshot_missing=false
[WARN] consensus validator set unresolved height=782 chain_height=2551 expected_hash=34a93d19 local_hash= local_source=none snapshot_missing=false
[WARN] consensus validator set unresolved height=783 chain_height=2551 expected_hash=34a93d19 local_hash= local_source=none snapshot_missing=false
[WARN] consensus validator set unresolved height=784 chain_height=2551 expected_hash=34a93d19 local_hash= local_source=none snapshot_missing=false
[WARN] consensus validator set unresolved height=785 chain_height=2551 expected_hash=34a93d19 local_hash= local_source=none snapshot_missing=false
[WARN] consensus validator set unresolved height=786 chain_height=2551 expected_hash=34a93d19 local_hash= local_source=none snapshot_missing=false
[WARN] consensus validator set unresolved height=787 chain_height=2551 expected_hash=34a93d19 local_hash= local_source=none snapshot_missing=false
[WARN] consensus validator set unresolved height=788 chain_height=2551 expected_hash=34a93d19 local_hash= local_source=none snapshot_missing=false
[WARN] consensus validator set unresolved height=789 chain_height=2551 expected_hash=34a93d19 local_hash= local_source=none snapshot_missing=false
[WARN] consensus validator set unresolved height=790 chain_height=2551 expected_hash=34a93d19 local_hash= local_source=none snapshot_missing=false
[WARN] consensus validator set unresolved height=791 chain_height=2551 expected_hash=34a93d19 local_hash= local_source=none snapshot_missing=false
[WARN] consensus validator set unresolved height=792 chain_height=2551 expected_hash=34a93d19 local_hash= local_source=none snapshot_missing=false
[WARN] consensus validator set unresolved height=793 chain_height=2551 expected_hash=34a93d19 local_hash= local_source=none snapshot_missing=false
[WARN] consensus validator set unresolved height=794 chain_height=2551 expected_hash=34a93d19 local_hash= local_source=none snapshot_missing=false
[WARN] consensus validator set unresolved height=795 chain_height=2551 expected_hash=34a93d19 local_hash= local_source=none snapshot_missing=false
[WARN] consensus validator set unresolved height=796 chain_height=2551 expected_hash=34a93d19 local_hash= local_source=none snapshot_missing=false
[WARN] consensus validator set unresolved height=797 chain_height=2551 expected_hash=34a93d19 local_hash= local_source=none snapshot_missing=false
[WARN] consensus validator set unresolved height=798 chain_height=2551 expected_hash=34a93d19 local_hash= local_source=none snapshot_missing=false
[WARN] consensus validator set unresolved height=799 chain_height=2551 expected_hash=34a93d19 local_hash= local_source=none snapshot_missing=false
[WARN] consensus validator set unresolved height=800 chain_height=2551 expected_hash=34a93d19 local_hash= local_source=none snapshot_missing=false
[WARN] consensus validator set unresolved height=801 chain_height=2551 expected_hash=34a93d19 local_hash= local_source=none snapshot_missing=false
[WARN] consensus validator set unresolved height=802 chain_height=2551 expected_hash=34a93d19 local_hash= local_source=none snapshot_missing=false
[WARN] consensus validator set unresolved height=803 chain_height=2551 expected_hash=34a93d19 local_hash= local_source=none snapshot_missing=false
[WARN] consensus validator set unresolved height=804 chain_height=2551 expected_hash=34a93d19 local_hash= local_source=none snapshot_missing=false
[WARN] consensus validator set unresolved height=805 chain_height=2551 expected_hash=34a93d19 local_hash= local_source=none snapshot_missing=false
[WARN] consensus validator set unresolved height=806 chain_height=2551 expected_hash=34a93d19 local_hash= local_source=none snapshot_missing=false
[WARN] consensus validator set unresolved height=807 chain_height=2551 expected_hash=34a93d19 local_hash= local_source=none snapshot_missing=false
[WARN] consensus validator set unresolved height=808 chain_height=2551 expected_hash=34a93d19 local_hash= local_source=none snapshot_missing=false
[WARN] consensus validator set unresolved height=809 chain_height=2551 expected_hash=34a93d19 local_hash= local_source=none snapshot_missing=false
[WARN] consensus validator set unresolved height=810 chain_height=2551 expected_hash=34a93d19 local_hash= local_source=none snapshot_missing=false
[WARN] consensus validator set unresolved height=811 chain_height=2551 expected_hash=34a93d19 local_hash= local_source=none snapshot_missing=false
[WARN] consensus validator set unresolved height=812 chain_height=2551 expected_hash=34a93d19 local_hash= local_source=none snapshot_missing=false
[WARN] consensus validator set unresolved height=813 chain_height=2551 expected_hash=34a93d19 local_hash= local_source=none snapshot_missing=false
[WARN] consensus validator set unresolved height=814 chain_height=2551 expected_hash=34a93d19 local_hash= local_source=none snapshot_missing=false
[WARN] consensus validator set unresolved height=815 chain_height=2551 expected_hash=34a93d19 local_hash= local_source=none snapshot_missing=false
[WARN] consensus validator set unresolved height=816 chain_height=2551 expected_hash=34a93d19 local_hash= local_source=none snapshot_missing=false
[WARN] consensus validator set unresolved height=817 chain_height=2551 expected_hash=34a93d19 local_hash= local_source=none snapshot_missing=false
[WARN] consensus validator set unresolved height=818 chain_height=2551 expected_hash=34a93d19 local_hash= local_source=none snapshot_missing=false
[WARN] consensus validator set unresolved height=819 chain_height=2551 expected_hash=34a93d19 local_hash= local_source=none snapshot_missing=false
[WARN] consensus validator set unresolved height=820 chain_height=2551 expected_hash=34a93d19 local_hash= local_source=none snapshot_missing=false
[WARN] consensus validator set unresolved height=821 chain_height=2551 expected_hash=34a93d19 local_hash= local_source=none snapshot_missing=false
[WARN] consensus validator set unresolved height=822 chain_height=2551 expected_hash=34a93d19 local_hash= local_source=none snapshot_missing=false
[WARN] consensus validator set unresolved height=823 chain_height=2551 expected_hash=34a93d19 local_hash= local_source=none snapshot_missing=false
[WARN] consensus validator set unresolved height=824 chain_height=2551 expected_hash=34a93d19 local_hash= local_source=none snapshot_missing=false
[WARN] consensus validator set unresolved height=825 chain_height=2551 expected_hash=34a93d19 local_hash= local_source=none snapshot_missing=false
[WARN] consensus validator set unresolved height=826 chain_height=2551 expected_hash=34a93d19 local_hash= local_source=none snapshot_missing=false
[WARN] consensus validator set unresolved height=827 chain_height=2551 expected_hash=34a93d19 local_hash= local_source=none snapshot_missing=false
[WARN] consensus validator set unresolved height=828 chain_height=2551 expected_hash=34a93d19 local_hash= local_source=none snapshot_missing=false
[WARN] consensus validator set unresolved height=829 chain_height=2551 expected_hash=34a93d19 local_hash= local_source=none snapshot_missing=false
[WARN] consensus validator set unresolved height=830 chain_height=2551 expected_hash=34a93d19 local_hash= local_source=none snapshot_missing=false
[WARN] consensus validator set unresolved height=831 chain_height=2551 expected_hash=34a93d19 local_hash= local_source=none snapshot_missing=false
[WARN] consensus validator set unresolved height=832 chain_height=2551 expected_hash=34a93d19 local_hash= local_source=none snapshot_missing=false
[WARN] consensus validator set unresolved height=833 chain_height=2551 expected_hash=34a93d19 local_hash= local_source=none snapshot_missing=false
[WARN] consensus validator set unresolved height=834 chain_height=2551 expected_hash=34a93d19 local_hash= local_source=none snapshot_missing=false
[WARN] consensus validator set unresolved height=835 chain_height=2551 expected_hash=34a93d19 local_hash= local_source=none snapshot_missing=false
[WARN] consensus validator set unresolved height=836 chain_height=2551 expected_hash=34a93d19 local_hash= local_source=none snapshot_missing=false
[WARN] consensus validator set unresolved height=837 chain_height=2551 expected_hash=34a93d19 local_hash= local_source=none snapshot_missing=false
[WARN] consensus validator set unresolved height=838 chain_height=2551 expected_hash=34a93d19 local_hash= local_source=none snapshot_missing=false
[WARN] consensus validator set unresolved height=839 chain_height=2551 expected_hash=34a93d19 local_hash= local_source=none snapshot_missing=false
[WARN] consensus validator set unresolved height=840 chain_height=2551 expected_hash=34a93d19 local_hash= local_source=none snapshot_missing=false
[WARN] consensus validator set unresolved height=841 chain_height=2551 expected_hash=34a93d19 local_hash= local_source=none snapshot_missing=false
[WARN] consensus validator set unresolved height=842 chain_height=2551 expected_hash=34a93d19 local_hash= local_source=none snapshot_missing=false
[WARN] consensus validator set unresolved height=843 chain_height=2551 expected_hash=34a93d19 local_hash= local_source=none snapshot_missing=false
[WARN] consensus validator set unresolved height=844 chain_height=2551 expected_hash=34a93d19 local_hash= local_source=none snapshot_missing=false
[WARN] consensus validator set unresolved height=845 chain_height=2551 expected_hash=34a93d19 local_hash= local_source=none snapshot_missing=false
[WARN] consensus validator set unresolved height=846 chain_height=2551 expected_hash=34a93d19 local_hash= local_source=none snapshot_missing=false
[WARN] consensus validator set unresolved height=847 chain_height=2551 expected_hash=34a93d19 local_hash= local_source=none snapshot_missing=false
[WARN] consensus validator set unresolved height=848 chain_height=2551 expected_hash=34a93d19 local_hash= local_source=none snapshot_missing=false
[WARN] consensus validator set unresolved height=849 chain_height=2551 expected_hash=34a93d19 local_hash= local_source=none snapshot_missing=false
[WARN] consensus validator set unresolved height=850 chain_height=2551 expected_hash=34a93d19 local_hash= local_source=none snapshot_missing=false
[WARN] consensus validator set unresolved height=851 chain_height=2551 expected_hash=34a93d19 local_hash= local_source=none snapshot_missing=false
[WARN] consensus validator set unresolved height=852 chain_height=2551 expected_hash=34a93d19 local_hash= local_source=none snapshot_missing=false
[WARN] consensus validator set unresolved height=853 chain_height=2551 expected_hash=34a93d19 local_hash= local_source=none snapshot_missing=false
[WARN] consensus validator set unresolved height=854 chain_height=2551 expected_hash=34a93d19 local_hash= local_source=none snapshot_missing=false
[WARN] consensus validator set unresolved height=855 chain_height=2551 expected_hash=34a93d19 local_hash= local_source=none snapshot_missing=false
[WARN] consensus validator set unresolved height=856 chain_height=2551 expected_hash=34a93d19 local_hash= local_source=none snapshot_missing=false
[WARN] consensus validator set unresolved height=857 chain_height=2551 expected_hash=34a93d19 local_hash= local_source=none snapshot_missing=false
[WARN] consensus validator set unresolved height=858 chain_height=2551 expected_hash=34a93d19 local_hash= local_source=none snapshot_missing=false
[WARN] consensus validator set unresolved height=859 chain_height=2551 expected_hash=34a93d19 local_hash= local_source=none snapshot_missing=false
[WARN] consensus validator set unresolved height=860 chain_height=2551 expected_hash=34a93d19 local_hash= local_source=none snapshot_missing=false
[WARN] consensus validator set unresolved height=861 chain_height=2551 expected_hash=34a93d19 local_hash= local_source=none snapshot_missing=false
[WARN] consensus validator set unresolved height=862 chain_height=2551 expected_hash=34a93d19 local_hash= local_source=none snapshot_missing=false
[WARN] consensus validator set unresolved height=863 chain_height=2551 expected_hash=34a93d19 local_hash= local_source=none snapshot_missing=false
[WARN] consensus validator set unresolved height=864 chain_height=2551 expected_hash=34a93d19 local_hash= local_source=none snapshot_missing=false
[WARN] consensus validator set unresolved height=865 chain_height=2551 expected_hash=34a93d19 local_hash= local_source=none snapshot_missing=false
[WARN] consensus validator set unresolved height=866 chain_height=2551 expected_hash=34a93d19 local_hash= local_source=none snapshot_missing=false
[WARN] consensus validator set unresolved height=867 chain_height=2551 expected_hash=34a93d19 local_hash= local_source=none snapshot_missing=false
[WARN] consensus validator set unresolved height=868 chain_height=2551 expected_hash=34a93d19 local_hash= local_source=none snapshot_missing=false
[WARN] consensus validator set unresolved height=869 chain_height=2551 expected_hash=34a93d19 local_hash= local_source=none snapshot_missing=false
[WARN] consensus validator set unresolved height=870 chain_height=2551 expected_hash=34a93d19 local_hash= local_source=none snapshot_missing=false
[WARN] consensus validator set unresolved height=871 chain_height=2551 expected_hash=34a93d19 local_hash= local_source=none snapshot_missing=false
[WARN] consensus validator set unresolved height=872 chain_height=2551 expected_hash=34a93d19 local_hash= local_source=none snapshot_missing=false
[WARN] consensus validator set unresolved height=873 chain_height=2551 expected_hash=34a93d19 local_hash= local_source=none snapshot_missing=false
[WARN] consensus validator set unresolved height=874 chain_height=2551 expected_hash=34a93d19 local_hash= local_source=none snapshot_missing=false
[WARN] consensus validator set unresolved height=875 chain_height=2551 expected_hash=34a93d19 local_hash= local_source=none snapshot_missing=false
[WARN] consensus validator set unresolved height=876 chain_height=2551 expected_hash=34a93d19 local_hash= local_source=none snapshot_missing=false
[WARN] consensus validator set unresolved height=877 chain_height=2551 expected_hash=34a93d19 local_hash= local_source=none snapshot_missing=false
[WARN] consensus validator set unresolved height=878 chain_height=2551 expected_hash=34a93d19 local_hash= local_source=none snapshot_missing=false
[WARN] consensus validator set unresolved height=879 chain_height=2551 expected_hash=34a93d19 local_hash= local_source=none snapshot_missing=false
[WARN] consensus validator set unresolved height=880 chain_height=2551 expected_hash=34a93d19 local_hash= local_source=none snapshot_missing=false
[WARN] consensus validator set unresolved height=881 chain_height=2551 expected_hash=34a93d19 local_hash= local_source=none snapshot_missing=false
[WARN] consensus validator set unresolved height=882 chain_height=2551 expected_hash=34a93d19 local_hash= local_source=none snapshot_missing=false
[WARN] consensus validator set unresolved height=883 chain_height=2551 expected_hash=34a93d19 local_hash= local_source=none snapshot_missing=false
[WARN] consensus validator set unresolved height=884 chain_height=2551 expected_hash=34a93d19 local_hash= local_source=none snapshot_missing=false
[WARN] consensus validator set unresolved height=885 chain_height=2551 expected_hash=34a93d19 local_hash= local_source=none snapshot_missing=false
[WARN] consensus validator set unresolved height=886 chain_height=2551 expected_hash=34a93d19 local_hash= local_source=none snapshot_missing=false
[WARN] consensus validator set unresolved height=887 chain_height=2551 expected_hash=34a93d19 local_hash= local_source=none snapshot_missing=false
[WARN] consensus validator set unresolved height=888 chain_height=2551 expected_hash=34a93d19 local_hash= local_source=none snapshot_missing=false
[WARN] consensus validator set unresolved height=889 chain_height=2551 expected_hash=34a93d19 local_hash= local_source=none snapshot_missing=false
[WARN] consensus validator set unresolved height=890 chain_height=2551 expected_hash=34a93d19 local_hash= local_source=none snapshot_missing=false
[WARN] consensus validator set unresolved height=891 chain_height=2551 expected_hash=34a93d19 local_hash= local_source=none snapshot_missing=false
[WARN] consensus validator set unresolved height=892 chain_height=2551 expected_hash=34a93d19 local_hash= local_source=none snapshot_missing=false
[WARN] consensus validator set unresolved height=893 chain_height=2551 expected_hash=34a93d19 local_hash= local_source=none snapshot_missing=false
[WARN] consensus validator set unresolved height=894 chain_height=2551 expected_hash=34a93d19 local_hash= local_source=none snapshot_missing=false
[WARN] consensus validator set unresolved height=895 chain_height=2551 expected_hash=34a93d19 local_hash= local_source=none snapshot_missing=false
[WARN] consensus validator set unresolved height=896 chain_height=2551 expected_hash=34a93d19 local_hash= local_source=none snapshot_missing=false
[WARN] consensus validator set unresolved height=897 chain_height=2551 expected_hash=34a93d19 local_hash= local_source=none snapshot_missing=false
[WARN] consensus validator set unresolved height=898 chain_height=2551 expected_hash=34a93d19 local_hash= local_source=none snapshot_missing=false
[WARN] consensus validator set unresolved height=899 chain_height=2551 expected_hash=34a93d19 local_hash= local_source=none snapshot_missing=false
[WARN] consensus validator set unresolved height=900 chain_height=2551 expected_hash=34a93d19 local_hash= local_source=none snapshot_missing=false
[WARN] consensus validator set unresolved height=901 chain_height=2551 expected_hash=34a93d19 local_hash= local_source=none snapshot_missing=false
[WARN] consensus validator set unresolved height=902 chain_height=2551 expected_hash=34a93d19 local_hash= local_source=none snapshot_missing=false
[WARN] consensus validator set unresolved height=903 chain_height=2551 expected_hash=34a93d19 local_hash= local_source=none snapshot_missing=false
[WARN] consensus validator set unresolved height=904 chain_height=2551 expected_hash=34a93d19 local_hash= local_source=none snapshot_missing=false
[WARN] consensus validator set unresolved height=905 chain_height=2551 expected_hash=34a93d19 local_hash= local_source=none snapshot_missing=false
[WARN] consensus validator set unresolved height=906 chain_height=2551 expected_hash=34a93d19 local_hash= local_source=none snapshot_missing=false
[WARN] consensus validator set unresolved height=907 chain_height=2551 expected_hash=34a93d19 local_hash= local_source=none snapshot_missing=false
[WARN] consensus validator set unresolved height=908 chain_height=2551 expected_hash=34a93d19 local_hash= local_source=none snapshot_missing=false
[WARN] consensus validator set unresolved height=909 chain_height=2551 expected_hash=34a93d19 local_hash= local_source=none snapshot_missing=false
[WARN] consensus validator set unresolved height=910 chain_height=2551 expected_hash=34a93d19 local_hash= local_source=none snapshot_missing=false
[WARN] consensus validator set unresolved height=911 chain_height=2551 expected_hash=34a93d19 local_hash= local_source=none snapshot_missing=false
[WARN] consensus validator set unresolved height=912 chain_height=2551 expected_hash=34a93d19 local_hash= local_source=none snapshot_missing=false
[WARN] consensus validator set unresolved height=913 chain_height=2551 expected_hash=34a93d19 local_hash= local_source=none snapshot_missing=false
[WARN] consensus validator set unresolved height=914 chain_height=2551 expected_hash=34a93d19 local_hash= local_source=none snapshot_missing=false
[WARN] consensus validator set unresolved height=915 chain_height=2551 expected_hash=34a93d19 local_hash= local_source=none snapshot_missing=false
[WARN] consensus validator set unresolved height=916 chain_height=2551 expected_hash=34a93d19 local_hash= local_source=none snapshot_missing=false
[WARN] consensus validator set unresolved height=917 chain_height=2551 expected_hash=34a93d19 local_hash= local_source=none snapshot_missing=false
[WARN] consensus validator set unresolved height=918 chain_height=2551 expected_hash=34a93d19 local_hash= local_source=none snapshot_missing=false
[WARN] consensus validator set unresolved height=919 chain_height=2551 expected_hash=34a93d19 local_hash= local_source=none snapshot_missing=false
[WARN] consensus validator set unresolved height=920 chain_height=2551 expected_hash=34a93d19 local_hash= local_source=none snapshot_missing=false
[WARN] consensus validator set unresolved height=921 chain_height=2551 expected_hash=34a93d19 local_hash= local_source=none snapshot_missing=false
[WARN] consensus validator set unresolved height=922 chain_height=2551 expected_hash=34a93d19 local_hash= local_source=none snapshot_missing=false
[WARN] consensus validator set unresolved height=923 chain_height=2551 expected_hash=34a93d19 local_hash= local_source=none snapshot_missing=false
[WARN] consensus validator set unresolved height=924 chain_height=2551 expected_hash=34a93d19 local_hash= local_source=none snapshot_missing=false
[WARN] consensus validator set unresolved height=925 chain_height=2551 expected_hash=34a93d19 local_hash= local_source=none snapshot_missing=false
[WARN] consensus validator set unresolved height=926 chain_height=2551 expected_hash=34a93d19 local_hash= local_source=none snapshot_missing=false
[WARN] consensus validator set unresolved height=927 chain_height=2551 expected_hash=34a93d19 local_hash= local_source=none snapshot_missing=false
[WARN] consensus validator set unresolved height=928 chain_height=2551 expected_hash=34a93d19 local_hash= local_source=none snapshot_missing=false
[WARN] consensus validator set unresolved height=929 chain_height=2551 expected_hash=34a93d19 local_hash= local_source=none snapshot_missing=false
[WARN] consensus validator set unresolved height=930 chain_height=2551 expected_hash=34a93d19 local_hash= local_source=none snapshot_missing=false
[WARN] consensus validator set unresolved height=931 chain_height=2551 expected_hash=34a93d19 local_hash= local_source=none snapshot_missing=false
[WARN] consensus validator set unresolved height=932 chain_height=2551 expected_hash=34a93d19 local_hash= local_source=none snapshot_missing=false
[WARN] consensus validator set unresolved height=933 chain_height=2551 expected_hash=34a93d19 local_hash= local_source=none snapshot_missing=false
[WARN] consensus validator set unresolved height=934 chain_height=2551 expected_hash=34a93d19 local_hash= local_source=none snapshot_missing=false
[WARN] consensus validator set unresolved height=935 chain_height=2551 expected_hash=34a93d19 local_hash= local_source=none snapshot_missing=false
[WARN] consensus validator set unresolved height=936 chain_height=2551 expected_hash=34a93d19 local_hash= local_source=none snapshot_missing=false
[WARN] consensus validator set unresolved height=937 chain_height=2551 expected_hash=34a93d19 local_hash= local_source=none snapshot_missing=false
[WARN] consensus validator set unresolved height=938 chain_height=2551 expected_hash=34a93d19 local_hash= local_source=none snapshot_missing=false
[WARN] consensus validator set unresolved height=939 chain_height=2551 expected_hash=34a93d19 local_hash= local_source=none snapshot_missing=false
[WARN] consensus validator set unresolved height=940 chain_height=2551 expected_hash=34a93d19 local_hash= local_source=none snapshot_missing=false
[WARN] consensus validator set unresolved height=941 chain_height=2551 expected_hash=34a93d19 local_hash= local_source=none snapshot_missing=false
[WARN] consensus validator set unresolved height=942 chain_height=2551 expected_hash=34a93d19 local_hash= local_source=none snapshot_missing=false
[WARN] consensus validator set unresolved height=943 chain_height=2551 expected_hash=34a93d19 local_hash= local_source=none snapshot_missing=false
[WARN] consensus validator set unresolved height=944 chain_height=2551 expected_hash=34a93d19 local_hash= local_source=none snapshot_missing=false
[WARN] consensus validator set unresolved height=945 chain_height=2551 expected_hash=34a93d19 local_hash= local_source=none snapshot_missing=false
[WARN] consensus validator set unresolved height=946 chain_height=2551 expected_hash=34a93d19 local_hash= local_source=none snapshot_missing=false
[WARN] consensus validator set unresolved height=947 chain_height=2551 expected_hash=34a93d19 local_hash= local_source=none snapshot_missing=false
[WARN] consensus validator set unresolved height=948 chain_height=2551 expected_hash=34a93d19 local_hash= local_source=none snapshot_missing=false
[WARN] consensus validator set unresolved height=949 chain_height=2551 expected_hash=34a93d19 local_hash= local_source=none snapshot_missing=false
[WARN] consensus validator set unresolved height=950 chain_height=2551 expected_hash=34a93d19 local_hash= local_source=none snapshot_missing=false
[WARN] consensus validator set unresolved height=951 chain_height=2551 expected_hash=34a93d19 local_hash= local_source=none snapshot_missing=false
[WARN] consensus validator set unresolved height=952 chain_height=2551 expected_hash=34a93d19 local_hash= local_source=none snapshot_missing=false
[WARN] consensus validator set unresolved height=953 chain_height=2551 expected_hash=34a93d19 local_hash= local_source=none snapshot_missing=false
[WARN] consensus validator set unresolved height=954 chain_height=2551 expected_hash=34a93d19 local_hash= local_source=none snapshot_missing=false
[WARN] consensus validator set unresolved height=955 chain_height=2551 expected_hash=34a93d19 local_hash= local_source=none snapshot_missing=false
[WARN] consensus validator set unresolved height=956 chain_height=2551 expected_hash=34a93d19 local_hash= local_source=none snapshot_missing=false
[WARN] consensus validator set unresolved height=957 chain_height=2551 expected_hash=34a93d19 local_hash= local_source=none snapshot_missing=false
[WARN] consensus validator set unresolved height=958 chain_height=2551 expected_hash=34a93d19 local_hash= local_source=none snapshot_missing=false
[WARN] consensus validator set unresolved height=959 chain_height=2551 expected_hash=34a93d19 local_hash= local_source=none snapshot_missing=false
[WARN] consensus validator set unresolved height=960 chain_height=2551 expected_hash=34a93d19 local_hash= local_source=none snapshot_missing=false
[WARN] consensus validator set unresolved height=961 chain_height=2551 expected_hash=34a93d19 local_hash= local_source=none snapshot_missing=false
[WARN] consensus validator set unresolved height=962 chain_height=2551 expected_hash=34a93d19 local_hash= local_source=none snapshot_missing=false
[WARN] consensus validator set unresolved height=963 chain_height=2551 expected_hash=34a93d19 local_hash= local_source=none snapshot_missing=false
[WARN] consensus validator set unresolved height=964 chain_height=2551 expected_hash=34a93d19 local_hash= local_source=none snapshot_missing=false
[WARN] consensus validator set unresolved height=965 chain_height=2551 expected_hash=34a93d19 local_hash= local_source=none snapshot_missing=false
[WARN] consensus validator set unresolved height=966 chain_height=2551 expected_hash=34a93d19 local_hash= local_source=none snapshot_missing=false
[WARN] consensus validator set unresolved height=967 chain_height=2551 expected_hash=34a93d19 local_hash= local_source=none snapshot_missing=false
[WARN] consensus validator set unresolved height=968 chain_height=2551 expected_hash=34a93d19 local_hash= local_source=none snapshot_missing=false
[WARN] consensus validator set unresolved height=969 chain_height=2551 expected_hash=34a93d19 local_hash= local_source=none snapshot_missing=false
[WARN] consensus validator set unresolved height=970 chain_height=2551 expected_hash=34a93d19 local_hash= local_source=none snapshot_missing=false
[WARN] consensus validator set unresolved height=971 chain_height=2551 expected_hash=34a93d19 local_hash= local_source=none snapshot_missing=false
[WARN] consensus validator set unresolved height=972 chain_height=2551 expected_hash=34a93d19 local_hash= local_source=none snapshot_missing=false
[WARN] consensus validator set unresolved height=973 chain_height=2551 expected_hash=34a93d19 local_hash= local_source=none snapshot_missing=false
[WARN] consensus validator set unresolved height=974 chain_height=2551 expected_hash=34a93d19 local_hash= local_source=none snapshot_missing=false
[WARN] consensus validator set unresolved height=975 chain_height=2551 expected_hash=34a93d19 local_hash= local_source=none snapshot_missing=false
[WARN] consensus validator set unresolved height=976 chain_height=2551 expected_hash=34a93d19 local_hash= local_source=none snapshot_missing=false
[WARN] consensus validator set unresolved height=977 chain_height=2551 expected_hash=34a93d19 local_hash= local_source=none snapshot_missing=false
[WARN] consensus validator set unresolved height=978 chain_height=2551 expected_hash=34a93d19 local_hash= local_source=none snapshot_missing=false
[WARN] consensus validator set unresolved height=979 chain_height=2551 expected_hash=34a93d19 local_hash= local_source=none snapshot_missing=false
[WARN] consensus validator set unresolved height=980 chain_height=2551 expected_hash=34a93d19 local_hash= local_source=none snapshot_missing=false
[WARN] consensus validator set unresolved height=981 chain_height=2551 expected_hash=34a93d19 local_hash= local_source=none snapshot_missing=false
[WARN] consensus validator set unresolved height=982 chain_height=2551 expected_hash=34a93d19 local_hash= local_source=none snapshot_missing=false
[WARN] consensus validator set unresolved height=983 chain_height=2551 expected_hash=34a93d19 local_hash= local_source=none snapshot_missing=false
[WARN] consensus validator set unresolved height=984 chain_height=2551 expected_hash=34a93d19 local_hash= local_source=none snapshot_missing=false
[WARN] consensus validator set unresolved height=985 chain_height=2551 expected_hash=34a93d19 local_hash= local_source=none snapshot_missing=false
[WARN] consensus validator set unresolved height=986 chain_height=2551 expected_hash=34a93d19 local_hash= local_source=none snapshot_missing=false
[WARN] consensus validator set unresolved height=987 chain_height=2551 expected_hash=34a93d19 local_hash= local_source=none snapshot_missing=false
[WARN] consensus validator set unresolved height=988 chain_height=2551 expected_hash=34a93d19 local_hash= local_source=none snapshot_missing=false
[WARN] consensus validator set unresolved height=989 chain_height=2551 expected_hash=34a93d19 local_hash= local_source=none snapshot_missing=false
[WARN] consensus validator set unresolved height=990 chain_height=2551 expected_hash=34a93d19 local_hash= local_source=none snapshot_missing=false
[WARN] consensus validator set unresolved height=991 chain_height=2551 expected_hash=34a93d19 local_hash= local_source=none snapshot_missing=false
[WARN] consensus validator set unresolved height=992 chain_height=2551 expected_hash=34a93d19 local_hash= local_source=none snapshot_missing=false
[WARN] consensus validator set unresolved height=993 chain_height=2551 expected_hash=34a93d19 local_hash= local_source=none snapshot_missing=false
[WARN] consensus validator set unresolved height=994 chain_height=2551 expected_hash=34a93d19 local_hash= local_source=none snapshot_missing=false
[WARN] consensus validator set unresolved height=995 chain_height=2551 expected_hash=34a93d19 local_hash= local_source=none snapshot_missing=false
[WARN] consensus validator set unresolved height=996 chain_height=2551 expected_hash=34a93d19 local_hash= local_source=none snapshot_missing=false
[WARN] consensus validator set unresolved height=997 chain_height=2551 expected_hash=34a93d19 local_hash= local_source=none snapshot_missing=false
[WARN] consensus validator set unresolved height=998 chain_height=2551 expected_hash=34a93d19 local_hash= local_source=none snapshot_missing=false
[WARN] consensus validator set unresolved height=999 chain_height=2551 expected_hash=34a93d19 local_hash= local_source=none snapshot_missing=false
[WARN] consensus validator set unresolved height=1000 chain_height=2551 expected_hash=34a93d19 local_hash= local_source=none snapshot_missing=false
[WARN] consensus validator set unresolved height=1001 chain_height=2551 expected_hash=34a93d19 local_hash= local_source=none snapshot_missing=false
[WARN] consensus validator set unresolved height=1002 chain_height=2551 expected_hash=34a93d19 local_hash= local_source=none snapshot_missing=false
[WARN] consensus validator set unresolved height=1003 chain_height=2551 expected_hash=34a93d19 local_hash= local_source=none snapshot_missing=false
[WARN] consensus validator set unresolved height=1004 chain_height=2551 expected_hash=34a93d19 local_hash= local_source=none snapshot_missing=false
[WARN] consensus validator set unresolved height=1005 chain_height=2551 expected_hash=34a93d19 local_hash= local_source=none snapshot_missing=false
[WARN] consensus validator set unresolved height=1006 chain_height=2551 expected_hash=34a93d19 local_hash= local_source=none snapshot_missing=false
[WARN] consensus validator set unresolved height=1007 chain_height=2551 expected_hash=34a93d19 local_hash= local_source=none snapshot_missing=false
[WARN] consensus validator set unresolved height=1008 chain_height=2551 expected_hash=34a93d19 local_hash= local_source=none snapshot_missing=false
[WARN] consensus validator set unresolved height=1009 chain_height=2551 expected_hash=34a93d19 local_hash= local_source=none snapshot_missing=false
[WARN] consensus validator set unresolved height=1010 chain_height=2551 expected_hash=34a93d19 local_hash= local_source=none snapshot_missing=false
[WARN] consensus validator set unresolved height=1011 chain_height=2551 expected_hash=34a93d19 local_hash= local_source=none snapshot_missing=false
[WARN] consensus validator set unresolved height=1012 chain_height=2551 expected_hash=34a93d19 local_hash= local_source=none snapshot_missing=false
[WARN] consensus validator set unresolved height=1013 chain_height=2551 expected_hash=34a93d19 local_hash= local_source=none snapshot_missing=false
[WARN] consensus validator set unresolved height=1014 chain_height=2551 expected_hash=34a93d19 local_hash= local_source=none snapshot_missing=false
[WARN] consensus validator set unresolved height=1015 chain_height=2551 expected_hash=34a93d19 local_hash= local_source=none snapshot_missing=false
[WARN] consensus validator set unresolved height=1016 chain_height=2551 expected_hash=34a93d19 local_hash= local_source=none snapshot_missing=false
[WARN] consensus validator set unresolved height=1017 chain_height=2551 expected_hash=34a93d19 local_hash= local_source=none snapshot_missing=false
[WARN] consensus validator set unresolved height=1018 chain_height=2551 expected_hash=34a93d19 local_hash= local_source=none snapshot_missing=false
[WARN] consensus validator set unresolved height=1019 chain_height=2551 expected_hash=34a93d19 local_hash= local_source=none snapshot_missing=false
[WARN] consensus validator set unresolved height=1020 chain_height=2551 expected_hash=34a93d19 local_hash= local_source=none snapshot_missing=false
[WARN] consensus validator set unresolved height=1021 chain_height=2551 expected_hash=34a93d19 local_hash= local_source=none snapshot_missing=false
[WARN] consensus validator set unresolved height=1022 chain_height=2551 expected_hash=34a93d19 local_hash= local_source=none snapshot_missing=false
[WARN] consensus validator set unresolved height=1023 chain_height=2551 expected_hash=34a93d19 local_hash= local_source=none snapshot_missing=false
[WARN] consensus validator set unresolved height=1024 chain_height=2551 expected_hash=34a93d19 local_hash= local_source=none snapshot_missing=false
[WARN] consensus validator set unresolved height=1025 chain_height=2551 expected_hash=34a93d19 local_hash= local_source=none snapshot_missing=false
[WARN] consensus validator set unresolved height=1026 chain_height=2551 expected_hash=34a93d19 local_hash= local_source=none snapshot_missing=false
[WARN] consensus validator set unresolved height=1027 chain_height=2551 expected_hash=34a93d19 local_hash= local_source=none snapshot_missing=false
[WARN] consensus validator set unresolved height=1028 chain_height=2551 expected_hash=34a93d19 local_hash= local_source=none snapshot_missing=false
[WARN] consensus validator set unresolved height=1029 chain_height=2551 expected_hash=34a93d19 local_hash= local_source=none snapshot_missing=false
[WARN] consensus validator set unresolved height=1030 chain_height=2551 expected_hash=34a93d19 local_hash= local_source=none snapshot_missing=false
[WARN] consensus validator set unresolved height=1031 chain_height=2551 expected_hash=34a93d19 local_hash= local_source=none snapshot_missing=false
[WARN] consensus validator set unresolved height=1032 chain_height=2551 expected_hash=34a93d19 local_hash= local_source=none snapshot_missing=false
[WARN] consensus validator set unresolved height=1033 chain_height=2551 expected_hash=34a93d19 local_hash= local_source=none snapshot_missing=false
[WARN] consensus validator set unresolved height=1034 chain_height=2551 expected_hash=34a93d19 local_hash= local_source=none snapshot_missing=false
[WARN] consensus validator set unresolved height=1035 chain_height=2551 expected_hash=34a93d19 local_hash= local_source=none snapshot_missing=false
[WARN] consensus validator set unresolved height=1036 chain_height=2551 expected_hash=34a93d19 local_hash= local_source=none snapshot_missing=false
[WARN] consensus validator set unresolved height=1037 chain_height=2551 expected_hash=34a93d19 local_hash= local_source=none snapshot_missing=false
[WARN] consensus validator set unresolved height=1038 chain_height=2551 expected_hash=34a93d19 local_hash= local_source=none snapshot_missing=false
[WARN] consensus validator set unresolved height=1039 chain_height=2551 expected_hash=34a93d19 local_hash= local_source=none snapshot_missing=false
[WARN] consensus validator set unresolved height=1040 chain_height=2551 expected_hash=34a93d19 local_hash= local_source=none snapshot_missing=false
[WARN] consensus validator set unresolved height=1041 chain_height=2551 expected_hash=34a93d19 local_hash= local_source=none snapshot_missing=false
[WARN] consensus validator set unresolved height=1042 chain_height=2551 expected_hash=34a93d19 local_hash= local_source=none snapshot_missing=false
[WARN] consensus validator set unresolved height=1043 chain_height=2551 expected_hash=34a93d19 local_hash= local_source=none snapshot_missing=false
[WARN] consensus validator set unresolved height=1044 chain_height=2551 expected_hash=34a93d19 local_hash= local_source=none snapshot_missing=false
[WARN] consensus validator set unresolved height=1045 chain_height=2551 expected_hash=34a93d19 local_hash= local_source=none snapshot_missing=false
[WARN] consensus validator set unresolved height=1046 chain_height=2551 expected_hash=34a93d19 local_hash= local_source=none snapshot_missing=false
[WARN] consensus validator set unresolved height=1047 chain_height=2551 expected_hash=34a93d19 local_hash= local_source=none snapshot_missing=false
[WARN] consensus validator set unresolved height=1048 chain_height=2551 expected_hash=34a93d19 local_hash= local_source=none snapshot_missing=false
[WARN] consensus validator set unresolved height=1049 chain_height=2551 expected_hash=34a93d19 local_hash= local_source=none snapshot_missing=false
[WARN] consensus validator set unresolved height=1050 chain_height=2551 expected_hash=34a93d19 local_hash= local_source=none snapshot_missing=false
[WARN] consensus validator set unresolved height=1051 chain_height=2551 expected_hash=34a93d19 local_hash= local_source=none snapshot_missing=false
[WARN] consensus validator set unresolved height=1052 chain_height=2551 expected_hash=34a93d19 local_hash= local_source=none snapshot_missing=false
[WARN] consensus validator set unresolved height=1053 chain_height=2551 expected_hash=34a93d19 local_hash= local_source=none snapshot_missing=false
[WARN] consensus validator set unresolved height=1054 chain_height=2551 expected_hash=34a93d19 local_hash= local_source=none snapshot_missing=false
[WARN] consensus validator set unresolved height=1055 chain_height=2551 expected_hash=34a93d19 local_hash= local_source=none snapshot_missing=false
[WARN] consensus validator set unresolved height=1056 chain_height=2551 expected_hash=34a93d19 local_hash= local_source=none snapshot_missing=false
[WARN] consensus validator set unresolved height=1057 chain_height=2551 expected_hash=34a93d19 local_hash= local_source=none snapshot_missing=false
[WARN] consensus validator set unresolved height=1058 chain_height=2551 expected_hash=34a93d19 local_hash= local_source=none snapshot_missing=false
[WARN] consensus validator set unresolved height=1059 chain_height=2551 expected_hash=34a93d19 local_hash= local_source=none snapshot_missing=false
[WARN] consensus validator set unresolved height=1060 chain_height=2551 expected_hash=34a93d19 local_hash= local_source=none snapshot_missing=false
[WARN] consensus validator set unresolved height=1061 chain_height=2551 expected_hash=34a93d19 local_hash= local_source=none snapshot_missing=false
[WARN] consensus validator set unresolved height=1062 chain_height=2551 expected_hash=34a93d19 local_hash= local_source=none snapshot_missing=false
[WARN] consensus validator set unresolved height=1063 chain_height=2551 expected_hash=34a93d19 local_hash= local_source=none snapshot_missing=false
[WARN] consensus validator set unresolved height=1064 chain_height=2551 expected_hash=34a93d19 local_hash= local_source=none snapshot_missing=false
[WARN] consensus validator set unresolved height=1065 chain_height=2551 expected_hash=34a93d19 local_hash= local_source=none snapshot_missing=false
[WARN] consensus validator set unresolved height=1066 chain_height=2551 expected_hash=34a93d19 local_hash= local_source=none snapshot_missing=false
[WARN] consensus validator set unresolved height=1067 chain_height=2551 expected_hash=34a93d19 local_hash= local_source=none snapshot_missing=false
[WARN] consensus validator set unresolved height=1068 chain_height=2551 expected_hash=34a93d19 local_hash= local_source=none snapshot_missing=false
[WARN] consensus validator set unresolved height=1069 chain_height=2551 expected_hash=34a93d19 local_hash= local_source=none snapshot_missing=false
[WARN] consensus validator set unresolved height=1070 chain_height=2551 expected_hash=34a93d19 local_hash= local_source=none snapshot_missing=false
[WARN] consensus validator set unresolved height=1071 chain_height=2551 expected_hash=34a93d19 local_hash= local_source=none snapshot_missing=false
[WARN] consensus validator set unresolved height=1072 chain_height=2551 expected_hash=34a93d19 local_hash= local_source=none snapshot_missing=false
[WARN] consensus validator set unresolved height=1073 chain_height=2551 expected_hash=34a93d19 local_hash= local_source=none snapshot_missing=false
[WARN] consensus validator set unresolved height=1074 chain_height=2551 expected_hash=34a93d19 local_hash= local_source=none snapshot_missing=false
[WARN] consensus validator set unresolved height=1075 chain_height=2551 expected_hash=34a93d19 local_hash= local_source=none snapshot_missing=false
[WARN] consensus validator set unresolved height=1076 chain_height=2551 expected_hash=34a93d19 local_hash= local_source=none snapshot_missing=false
[WARN] consensus validator set unresolved height=1077 chain_height=2551 expected_hash=34a93d19 local_hash= local_source=none snapshot_missing=false
[WARN] consensus validator set unresolved height=1078 chain_height=2551 expected_hash=34a93d19 local_hash= local_source=none snapshot_missing=false
[WARN] consensus validator set unresolved height=1079 chain_height=2551 expected_hash=34a93d19 local_hash= local_source=none snapshot_missing=false
[WARN] consensus validator set unresolved height=1080 chain_height=2551 expected_hash=34a93d19 local_hash= local_source=none snapshot_missing=false
[WARN] consensus validator set unresolved height=1081 chain_height=2551 expected_hash=34a93d19 local_hash= local_source=none snapshot_missing=false
[WARN] consensus validator set unresolved height=1082 chain_height=2551 expected_hash=34a93d19 local_hash= local_source=none snapshot_missing=false
[WARN] consensus validator set unresolved height=1083 chain_height=2551 expected_hash=34a93d19 local_hash= local_source=none snapshot_missing=false
[WARN] consensus validator set unresolved height=1084 chain_height=2551 expected_hash=34a93d19 local_hash= local_source=none snapshot_missing=false
[WARN] consensus validator set unresolved height=1085 chain_height=2551 expected_hash=34a93d19 local_hash= local_source=none snapshot_missing=false
[WARN] consensus validator set unresolved height=1086 chain_height=2551 expected_hash=34a93d19 local_hash= local_source=none snapshot_missing=false
[WARN] consensus validator set unresolved height=1087 chain_height=2551 expected_hash=34a93d19 local_hash= local_source=none snapshot_missing=false
[WARN] consensus validator set unresolved height=1088 chain_height=2551 expected_hash=34a93d19 local_hash= local_source=none snapshot_missing=false
[WARN] consensus validator set unresolved height=1089 chain_height=2551 expected_hash=34a93d19 local_hash= local_source=none snapshot_missing=false
[WARN] consensus validator set unresolved height=1090 chain_height=2551 expected_hash=34a93d19 local_hash= local_source=none snapshot_missing=false
[WARN] consensus validator set unresolved height=1091 chain_height=2551 expected_hash=34a93d19 local_hash= local_source=none snapshot_missing=false
[WARN] consensus validator set unresolved height=1092 chain_height=2551 expected_hash=34a93d19 local_hash= local_source=none snapshot_missing=false
[WARN] consensus validator set unresolved height=1093 chain_height=2551 expected_hash=34a93d19 local_hash= local_source=none snapshot_missing=false
[WARN] consensus validator set unresolved height=1094 chain_height=2551 expected_hash=34a93d19 local_hash= local_source=none snapshot_missing=false
[WARN] consensus validator set unresolved height=1095 chain_height=2551 expected_hash=34a93d19 local_hash= local_source=none snapshot_missing=false
[WARN] consensus validator set unresolved height=1096 chain_height=2551 expected_hash=34a93d19 local_hash= local_source=none snapshot_missing=false
[WARN] consensus validator set unresolved height=1097 chain_height=2551 expected_hash=34a93d19 local_hash= local_source=none snapshot_missing=false
[WARN] consensus validator set unresolved height=1098 chain_height=2551 expected_hash=34a93d19 local_hash= local_source=none snapshot_missing=false
[WARN] consensus validator set unresolved height=1099 chain_height=2551 expected_hash=34a93d19 local_hash= local_source=none snapshot_missing=false
[WARN] consensus validator set unresolved height=1100 chain_height=2551 expected_hash=34a93d19 local_hash= local_source=none snapshot_missing=false
[WARN] consensus validator set unresolved height=1101 chain_height=2551 expected_hash=34a93d19 local_hash= local_source=none snapshot_missing=false
[WARN] consensus validator set unresolved height=1102 chain_height=2551 expected_hash=34a93d19 local_hash= local_source=none snapshot_missing=false
[WARN] consensus validator set unresolved height=1103 chain_height=2551 expected_hash=34a93d19 local_hash= local_source=none snapshot_missing=false
[WARN] consensus validator set unresolved height=1104 chain_height=2551 expected_hash=34a93d19 local_hash= local_source=none snapshot_missing=false
[WARN] consensus validator set unresolved height=1105 chain_height=2551 expected_hash=34a93d19 local_hash= local_source=none snapshot_missing=false
[WARN] consensus validator set unresolved height=1106 chain_height=2551 expected_hash=34a93d19 local_hash= local_source=none snapshot_missing=false
[WARN] consensus validator set unresolved height=1107 chain_height=2551 expected_hash=34a93d19 local_hash= local_source=none snapshot_missing=false
[WARN] consensus validator set unresolved height=1108 chain_height=2551 expected_hash=34a93d19 local_hash= local_source=none snapshot_missing=false
[WARN] consensus validator set unresolved height=1109 chain_height=2551 expected_hash=34a93d19 local_hash= local_source=none snapshot_missing=false
[WARN] consensus validator set unresolved height=1110 chain_height=2551 expected_hash=34a93d19 local_hash= local_source=none snapshot_missing=false
[WARN] consensus validator set unresolved height=1111 chain_height=2551 expected_hash=34a93d19 local_hash= local_source=none snapshot_missing=false
[WARN] consensus validator set unresolved height=1112 chain_height=2551 expected_hash=34a93d19 local_hash= local_source=none snapshot_missing=false
[WARN] consensus validator set unresolved height=1113 chain_height=2551 expected_hash=34a93d19 local_hash= local_source=none snapshot_missing=false
[WARN] consensus validator set unresolved height=1114 chain_height=2551 expected_hash=34a93d19 local_hash= local_source=none snapshot_missing=false
[WARN] consensus validator set unresolved height=1115 chain_height=2551 expected_hash=34a93d19 local_hash= local_source=none snapshot_missing=false
[WARN] consensus validator set unresolved height=1116 chain_height=2551 expected_hash=34a93d19 local_hash= local_source=none snapshot_missing=false
[WARN] consensus validator set unresolved height=1117 chain_height=2551 expected_hash=34a93d19 local_hash= local_source=none snapshot_missing=false
[WARN] consensus validator set unresolved height=1118 chain_height=2551 expected_hash=34a93d19 local_hash= local_source=none snapshot_missing=false
[WARN] consensus validator set unresolved height=1119 chain_height=2551 expected_hash=34a93d19 local_hash= local_source=none snapshot_missing=false
[WARN] consensus validator set unresolved height=1120 chain_height=2551 expected_hash=34a93d19 local_hash= local_source=none snapshot_missing=false
[WARN] consensus validator set unresolved height=1121 chain_height=2551 expected_hash=34a93d19 local_hash= local_source=none snapshot_missing=false
[WARN] consensus validator set unresolved height=1122 chain_height=2551 expected_hash=34a93d19 local_hash= local_source=none snapshot_missing=false
[WARN] consensus validator set unresolved height=1123 chain_height=2551 expected_hash=34a93d19 local_hash= local_source=none snapshot_missing=false
2026/05/20 15:06:18 [REGISTRY-HISTORY-REBUILD] height=2146 status=scheduled reason=consensus_set_unresolved
2026/05/20 15:06:18 [REGISTRY-HISTORY-REBUILD] height=2146 status=started reason=consensus_set_unresolved
[WARN] consensus validator set unresolved height=1124 chain_height=2551 expected_hash=34a93d19 local_hash= local_source=none snapshot_missing=false
2026/05/20 15:06:18 [REGISTRY-HISTORY-REBUILD] height=2146 status=ok reason=consensus_set_unresolved
[WARN] consensus validator set unresolved height=1125 chain_height=2551 expected_hash=34a93d19 local_hash= local_source=none snapshot_missing=false
[WARN] consensus validator set unresolved height=1126 chain_height=2551 expected_hash=34a93d19 local_hash= local_source=none snapshot_missing=false
[WARN] consensus validator set unresolved height=1127 chain_height=2551 expected_hash=34a93d19 local_hash= local_source=none snapshot_missing=false
[WARN] consensus validator set unresolved height=1128 chain_height=2551 expected_hash=34a93d19 local_hash= local_source=none snapshot_missing=false
[WARN] consensus validator set unresolved height=1129 chain_height=2551 expected_hash=34a93d19 local_hash= local_source=none snapshot_missing=false
[WARN] consensus validator set unresolved height=1130 chain_height=2551 expected_hash=34a93d19 local_hash= local_source=none snapshot_missing=false
[WARN] consensus validator set unresolved height=1131 chain_height=2551 expected_hash=34a93d19 local_hash= local_source=none snapshot_missing=false
[WARN] consensus validator set unresolved height=1132 chain_height=2551 expected_hash=34a93d19 local_hash= local_source=none snapshot_missing=false
[WARN] consensus validator set unresolved height=1133 chain_height=2551 expected_hash=34a93d19 local_hash= local_source=none snapshot_missing=false
[WARN] consensus validator set unresolved height=1134 chain_height=2551 expected_hash=34a93d19 local_hash= local_source=none snapshot_missing=false
[WARN] consensus validator set unresolved height=1135 chain_height=2551 expected_hash=34a93d19 local_hash= local_source=none snapshot_missing=false
[WARN] consensus validator set unresolved height=1136 chain_height=2551 expected_hash=34a93d19 local_hash= local_source=none snapshot_missing=false
[WARN] consensus validator set unresolved height=1137 chain_height=2551 expected_hash=34a93d19 local_hash= local_source=none snapshot_missing=false
[WARN] consensus validator set unresolved height=1138 chain_height=2551 expected_hash=34a93d19 local_hash= local_source=none snapshot_missing=false
[WARN] consensus validator set unresolved height=1139 chain_height=2551 expected_hash=34a93d19 local_hash= local_source=none snapshot_missing=false
[WARN] consensus validator set unresolved height=1140 chain_height=2551 expected_hash=34a93d19 local_hash= local_source=none snapshot_missing=false
[WARN] consensus validator set unresolved height=1141 chain_height=2551 expected_hash=34a93d19 local_hash= local_source=none snapshot_missing=false
[WARN] consensus validator set unresolved height=1142 chain_height=2551 expected_hash=34a93d19 local_hash= local_source=none snapshot_missing=false
[WARN] consensus validator set unresolved height=1143 chain_height=2551 expected_hash=34a93d19 local_hash= local_source=none snapshot_missing=false
[WARN] consensus validator set unresolved height=1144 chain_height=2551 expected_hash=34a93d19 local_hash= local_source=none snapshot_missing=false
[WARN] consensus validator set unresolved height=1145 chain_height=2551 expected_hash=34a93d19 local_hash= local_source=none snapshot_missing=false
[WARN] consensus validator set unresolved height=1146 chain_height=2551 expected_hash=34a93d19 local_hash= local_source=none snapshot_missing=false
[WARN] consensus validator set unresolved height=1147 chain_height=2551 expected_hash=34a93d19 local_hash= local_source=none snapshot_missing=false
[WARN] consensus validator set unresolved height=1148 chain_height=2551 expected_hash=34a93d19 local_hash= local_source=none snapshot_missing=false
[WARN] consensus validator set unresolved height=1149 chain_height=2551 expected_hash=34a93d19 local_hash= local_source=none snapshot_missing=false
[WARN] consensus validator set unresolved height=1150 chain_height=2551 expected_hash=34a93d19 local_hash= local_source=none snapshot_missing=false
[WARN] consensus validator set unresolved height=1151 chain_height=2551 expected_hash=34a93d19 local_hash= local_source=none snapshot_missing=false
[WARN] consensus validator set unresolved height=1152 chain_height=2551 expected_hash=34a93d19 local_hash= local_source=none snapshot_missing=false
[WARN] consensus validator set unresolved height=1153 chain_height=2551 expected_hash=34a93d19 local_hash= local_source=none snapshot_missing=false
[WARN] consensus validator set unresolved height=1154 chain_height=2551 expected_hash=34a93d19 local_hash= local_source=none snapshot_missing=false
[WARN] consensus validator set unresolved height=1155 chain_height=2551 expected_hash=34a93d19 local_hash= local_source=none snapshot_missing=false
[WARN] consensus validator set unresolved height=1156 chain_height=2551 expected_hash=34a93d19 local_hash= local_source=none snapshot_missing=false
[WARN] consensus validator set unresolved height=1157 chain_height=2551 expected_hash=34a93d19 local_hash= local_source=none snapshot_missing=false
[WARN] consensus validator set unresolved height=1158 chain_height=2551 expected_hash=34a93d19 local_hash= local_source=none snapshot_missing=false
[WARN] consensus validator set unresolved height=1159 chain_height=2551 expected_hash=34a93d19 local_hash= local_source=none snapshot_missing=false
[WARN] consensus validator set unresolved height=1160 chain_height=2551 expected_hash=34a93d19 local_hash= local_source=none snapshot_missing=false
[WARN] consensus validator set unresolved height=1161 chain_height=2551 expected_hash=34a93d19 local_hash= local_source=none snapshot_missing=false
[WARN] consensus validator set unresolved height=1162 chain_height=2551 expected_hash=34a93d19 local_hash= local_source=none snapshot_missing=false
[WARN] consensus validator set unresolved height=1163 chain_height=2551 expected_hash=34a93d19 local_hash= local_source=none snapshot_missing=false
[WARN] consensus validator set unresolved height=1164 chain_height=2551 expected_hash=34a93d19 local_hash= local_source=none snapshot_missing=false
[WARN] consensus validator set unresolved height=1165 chain_height=2551 expected_hash=34a93d19 local_hash= local_source=none snapshot_missing=false
[WARN] consensus validator set unresolved height=1166 chain_height=2551 expected_hash=34a93d19 local_hash= local_source=none snapshot_missing=false
[WARN] consensus validator set unresolved height=1167 chain_height=2551 expected_hash=34a93d19 local_hash= local_source=none snapshot_missing=false
[WARN] consensus validator set unresolved height=1168 chain_height=2551 expected_hash=34a93d19 local_hash= local_source=none snapshot_missing=false
[WARN] consensus validator set unresolved height=1169 chain_height=2551 expected_hash=34a93d19 local_hash= local_source=none snapshot_missing=false
[WARN] consensus validator set unresolved height=1170 chain_height=2551 expected_hash=34a93d19 local_hash= local_source=none snapshot_missing=false
[WARN] consensus validator set unresolved height=1171 chain_height=2551 expected_hash=34a93d19 local_hash= local_source=none snapshot_missing=false
[WARN] consensus validator set unresolved height=1172 chain_height=2551 expected_hash=34a93d19 local_hash= local_source=none snapshot_missing=false
[WARN] consensus validator set unresolved height=1173 chain_height=2551 expected_hash=34a93d19 local_hash= local_source=none snapshot_missing=false
[WARN] consensus validator set unresolved height=1174 chain_height=2551 expected_hash=34a93d19 local_hash= local_source=none snapshot_missing=false
[WARN] consensus validator set unresolved height=1175 chain_height=2551 expected_hash=34a93d19 local_hash= local_source=none snapshot_missing=false
[WARN] consensus validator set unresolved height=1176 chain_height=2551 expected_hash=34a93d19 local_hash= local_source=none snapshot_missing=false
[WARN] consensus validator set unresolved height=1177 chain_height=2551 expected_hash=34a93d19 local_hash= local_source=none snapshot_missing=false
[WARN] consensus validator set unresolved height=1178 chain_height=2551 expected_hash=34a93d19 local_hash= local_source=none snapshot_missing=false
[WARN] consensus validator set unresolved height=1179 chain_height=2551 expected_hash=34a93d19 local_hash= local_source=none snapshot_missing=false
[WARN] consensus validator set unresolved height=1180 chain_height=2551 expected_hash=34a93d19 local_hash= local_source=none snapshot_missing=false
[WARN] consensus validator set unresolved height=1181 chain_height=2551 expected_hash=34a93d19 local_hash= local_source=none snapshot_missing=false
[WARN] consensus validator set unresolved height=1182 chain_height=2551 expected_hash=34a93d19 local_hash= local_source=none snapshot_missing=false
[WARN] consensus validator set unresolved height=1183 chain_height=2551 expected_hash=34a93d19 local_hash= local_source=none snapshot_missing=false
[WARN] consensus validator set unresolved height=1184 chain_height=2551 expected_hash=34a93d19 local_hash= local_source=none snapshot_missing=false
[WARN] consensus validator set unresolved height=1185 chain_height=2551 expected_hash=34a93d19 local_hash= local_source=none snapshot_missing=false
[WARN] consensus validator set unresolved height=1186 chain_height=2551 expected_hash=34a93d19 local_hash= local_source=none snapshot_missing=false
[WARN] consensus validator set unresolved height=1187 chain_height=2551 expected_hash=34a93d19 local_hash= local_source=none snapshot_missing=false
[WARN] consensus validator set unresolved height=1188 chain_height=2551 expected_hash=34a93d19 local_hash= local_source=none snapshot_missing=false
[WARN] consensus validator set unresolved height=1189 chain_height=2551 expected_hash=34a93d19 local_hash= local_source=none snapshot_missing=false
[WARN] consensus validator set unresolved height=1190 chain_height=2551 expected_hash=34a93d19 local_hash= local_source=none snapshot_missing=false
[WARN] consensus validator set unresolved height=1191 chain_height=2551 expected_hash=34a93d19 local_hash= local_source=none snapshot_missing=false
[WARN] consensus validator set unresolved height=1192 chain_height=2551 expected_hash=34a93d19 local_hash= local_source=none snapshot_missing=false
[WARN] consensus validator set unresolved height=1193 chain_height=2551 expected_hash=34a93d19 local_hash= local_source=none snapshot_missing=false
[WARN] consensus validator set unresolved height=1194 chain_height=2551 expected_hash=34a93d19 local_hash= local_source=none snapshot_missing=false
[WARN] consensus validator set unresolved height=1195 chain_height=2551 expected_hash=34a93d19 local_hash= local_source=none snapshot_missing=false
[WARN] consensus validator set unresolved height=1196 chain_height=2551 expected_hash=34a93d19 local_hash= local_source=none snapshot_missing=false
[WARN] consensus validator set unresolved height=1197 chain_height=2551 expected_hash=34a93d19 local_hash= local_source=none snapshot_missing=false
[WARN] consensus validator set unresolved height=1198 chain_height=2551 expected_hash=34a93d19 local_hash= local_source=none snapshot_missing=false
[WARN] consensus validator set unresolved height=1199 chain_height=2551 expected_hash=34a93d19 local_hash= local_source=none snapshot_missing=false
[WARN] consensus validator set unresolved height=1200 chain_height=2551 expected_hash=34a93d19 local_hash= local_source=none snapshot_missing=false
[WARN] consensus validator set unresolved height=1201 chain_height=2551 expected_hash=34a93d19 local_hash= local_source=none snapshot_missing=false
[WARN] consensus validator set unresolved height=1202 chain_height=2551 expected_hash=34a93d19 local_hash= local_source=none snapshot_missing=false
[WARN] consensus validator set unresolved height=1203 chain_height=2551 expected_hash=34a93d19 local_hash= local_source=none snapshot_missing=false
[WARN] consensus validator set unresolved height=1204 chain_height=2551 expected_hash=34a93d19 local_hash= local_source=none snapshot_missing=false
[WARN] consensus validator set unresolved height=1205 chain_height=2551 expected_hash=34a93d19 local_hash= local_source=none snapshot_missing=false
[WARN] consensus validator set unresolved height=1206 chain_height=2551 expected_hash=34a93d19 local_hash= local_source=none snapshot_missing=false
[WARN] consensus validator set unresolved height=1207 chain_height=2551 expected_hash=34a93d19 local_hash= local_source=none snapshot_missing=false
[WARN] consensus validator set unresolved height=1208 chain_height=2551 expected_hash=34a93d19 local_hash= local_source=none snapshot_missing=false
[WARN] consensus validator set unresolved height=1209 chain_height=2551 expected_hash=34a93d19 local_hash= local_source=none snapshot_missing=false
[WARN] consensus validator set unresolved height=1210 chain_height=2551 expected_hash=34a93d19 local_hash= local_source=none snapshot_missing=false
[WARN] consensus validator set unresolved height=1211 chain_height=2551 expected_hash=34a93d19 local_hash= local_source=none snapshot_missing=false
[WARN] consensus validator set unresolved height=1212 chain_height=2551 expected_hash=34a93d19 local_hash= local_source=none snapshot_missing=false
[WARN] consensus validator set unresolved height=1213 chain_height=2551 expected_hash=34a93d19 local_hash= local_source=none snapshot_missing=false
[WARN] consensus validator set unresolved height=1214 chain_height=2551 expected_hash=34a93d19 local_hash= local_source=none snapshot_missing=false
[WARN] consensus validator set unresolved height=1215 chain_height=2551 expected_hash=34a93d19 local_hash= local_source=none snapshot_missing=false
[WARN] consensus validator set unresolved height=1216 chain_height=2551 expected_hash=34a93d19 local_hash= local_source=none snapshot_missing=false
[WARN] consensus validator set unresolved height=1217 chain_height=2551 expected_hash=34a93d19 local_hash= local_source=none snapshot_missing=false
[WARN] consensus validator set unresolved height=1218 chain_height=2551 expected_hash=34a93d19 local_hash= local_source=none snapshot_missing=false
[WARN] consensus validator set unresolved height=1219 chain_height=2551 expected_hash=34a93d19 local_hash= local_source=none snapshot_missing=false
[WARN] consensus validator set unresolved height=1220 chain_height=2551 expected_hash=34a93d19 local_hash= local_source=none snapshot_missing=false
[WARN] consensus validator set unresolved height=1221 chain_height=2551 expected_hash=34a93d19 local_hash= local_source=none snapshot_missing=false
[WARN] consensus validator set unresolved height=1222 chain_height=2551 expected_hash=34a93d19 local_hash= local_source=none snapshot_missing=false
[WARN] consensus validator set unresolved height=1223 chain_height=2551 expected_hash=34a93d19 local_hash= local_source=none snapshot_missing=false
[WARN] consensus validator set unresolved height=1224 chain_height=2551 expected_hash=34a93d19 local_hash= local_source=none snapshot_missing=false
[WARN] consensus validator set unresolved height=1225 chain_height=2551 expected_hash=34a93d19 local_hash= local_source=none snapshot_missing=false
[WARN] consensus validator set unresolved height=1226 chain_height=2551 expected_hash=34a93d19 local_hash= local_source=none snapshot_missing=false
[WARN] consensus validator set unresolved height=1227 chain_height=2551 expected_hash=34a93d19 local_hash= local_source=none snapshot_missing=false
[WARN] consensus validator set unresolved height=1228 chain_height=2551 expected_hash=34a93d19 local_hash= local_source=none snapshot_missing=false
[WARN] consensus validator set unresolved height=1229 chain_height=2551 expected_hash=34a93d19 local_hash= local_source=none snapshot_missing=false
[WARN] consensus validator set unresolved height=1230 chain_height=2551 expected_hash=34a93d19 local_hash= local_source=none snapshot_missing=false
[WARN] consensus validator set unresolved height=1231 chain_height=2551 expected_hash=34a93d19 local_hash= local_source=none snapshot_missing=false
[WARN] consensus validator set unresolved height=1232 chain_height=2551 expected_hash=34a93d19 local_hash= local_source=none snapshot_missing=false
[WARN] consensus validator set unresolved height=1233 chain_height=2551 expected_hash=34a93d19 local_hash= local_source=none snapshot_missing=false
[WARN] consensus validator set unresolved height=1234 chain_height=2551 expected_hash=34a93d19 local_hash= local_source=none snapshot_missing=false
[WARN] consensus validator set unresolved height=1235 chain_height=2551 expected_hash=34a93d19 local_hash= local_source=none snapshot_missing=false
[WARN] consensus validator set unresolved height=1236 chain_height=2551 expected_hash=34a93d19 local_hash= local_source=none snapshot_missing=false
[WARN] consensus validator set unresolved height=1237 chain_height=2551 expected_hash=34a93d19 local_hash= local_source=none snapshot_missing=false
[WARN] consensus validator set unresolved height=1238 chain_height=2551 expected_hash=34a93d19 local_hash= local_source=none snapshot_missing=false
[WARN] consensus validator set unresolved height=1239 chain_height=2551 expected_hash=34a93d19 local_hash= local_source=none snapshot_missing=false
[WARN] consensus validator set unresolved height=1240 chain_height=2551 expected_hash=34a93d19 local_hash= local_source=none snapshot_missing=false
[WARN] consensus validator set unresolved height=1241 chain_height=2551 expected_hash=34a93d19 local_hash= local_source=none snapshot_missing=false
[WARN] consensus validator set unresolved height=1242 chain_height=2551 expected_hash=34a93d19 local_hash= local_source=none snapshot_missing=false
[WARN] consensus validator set unresolved height=1243 chain_height=2551 expected_hash=34a93d19 local_hash= local_source=none snapshot_missing=false
[WARN] consensus validator set unresolved height=1244 chain_height=2551 expected_hash=34a93d19 local_hash= local_source=none snapshot_missing=false
[WARN] consensus validator set unresolved height=1245 chain_height=2551 expected_hash=34a93d19 local_hash= local_source=none snapshot_missing=false
[WARN] consensus validator set unresolved height=1246 chain_height=2551 expected_hash=34a93d19 local_hash= local_source=none snapshot_missing=false
[WARN] consensus validator set unresolved height=1247 chain_height=2551 expected_hash=34a93d19 local_hash= local_source=none snapshot_missing=false
[WARN] consensus validator set unresolved height=1248 chain_height=2551 expected_hash=34a93d19 local_hash= local_source=none snapshot_missing=false
[WARN] consensus validator set unresolved height=1249 chain_height=2551 expected_hash=34a93d19 local_hash= local_source=none snapshot_missing=false
[WARN] consensus validator set unresolved height=1250 chain_height=2551 expected_hash=34a93d19 local_hash= local_source=none snapshot_missing=false
[WARN] consensus validator set unresolved height=1251 chain_height=2551 expected_hash=34a93d19 local_hash= local_source=none snapshot_missing=false
[WARN] consensus validator set unresolved height=1252 chain_height=2551 expected_hash=34a93d19 local_hash= local_source=none snapshot_missing=false
[WARN] consensus validator set unresolved height=1253 chain_height=2551 expected_hash=34a93d19 local_hash= local_source=none snapshot_missing=false
[WARN] consensus validator set unresolved height=1254 chain_height=2551 expected_hash=34a93d19 local_hash= local_source=none snapshot_missing=false
[WARN] consensus validator set unresolved height=1255 chain_height=2551 expected_hash=34a93d19 local_hash= local_source=none snapshot_missing=false
[WARN] consensus validator set unresolved height=1256 chain_height=2551 expected_hash=34a93d19 local_hash= local_source=none snapshot_missing=false
[WARN] consensus validator set unresolved height=1257 chain_height=2551 expected_hash=34a93d19 local_hash= local_source=none snapshot_missing=false
[WARN] consensus validator set unresolved height=1258 chain_height=2551 expected_hash=34a93d19 local_hash= local_source=none snapshot_missing=false
[WARN] consensus validator set unresolved height=1259 chain_height=2551 expected_hash=34a93d19 local_hash= local_source=none snapshot_missing=false
[WARN] consensus validator set unresolved height=1260 chain_height=2551 expected_hash=34a93d19 local_hash= local_source=none snapshot_missing=false
[WARN] consensus validator set unresolved height=1261 chain_height=2551 expected_hash=34a93d19 local_hash= local_source=none snapshot_missing=false
[WARN] consensus validator set unresolved height=1262 chain_height=2551 expected_hash=34a93d19 local_hash= local_source=none snapshot_missing=false
[WARN] consensus validator set unresolved height=1263 chain_height=2551 expected_hash=34a93d19 local_hash= local_source=none snapshot_missing=false
[WARN] consensus validator set unresolved height=1264 chain_height=2551 expected_hash=34a93d19 local_hash= local_source=none snapshot_missing=false
[WARN] consensus validator set unresolved height=1265 chain_height=2551 expected_hash=34a93d19 local_hash= local_source=none snapshot_missing=false
[WARN] consensus validator set unresolved height=1266 chain_height=2551 expected_hash=34a93d19 local_hash= local_source=none snapshot_missing=false
[WARN] consensus validator set unresolved height=1267 chain_height=2551 expected_hash=34a93d19 local_hash= local_source=none snapshot_missing=false
[WARN] consensus validator set unresolved height=1268 chain_height=2551 expected_hash=34a93d19 local_hash= local_source=none snapshot_missing=false
[WARN] consensus validator set unresolved height=1269 chain_height=2551 expected_hash=34a93d19 local_hash= local_source=none snapshot_missing=false
[WARN] consensus validator set unresolved height=1270 chain_height=2551 expected_hash=34a93d19 local_hash= local_source=none snapshot_missing=false
[WARN] consensus validator set unresolved height=1271 chain_height=2551 expected_hash=34a93d19 local_hash= local_source=none snapshot_missing=false
[WARN] consensus validator set unresolved height=1272 chain_height=2551 expected_hash=34a93d19 local_hash= local_source=none snapshot_missing=false
[WARN] consensus validator set unresolved height=1273 chain_height=2551 expected_hash=34a93d19 local_hash= local_source=none snapshot_missing=false
[WARN] consensus validator set unresolved height=1274 chain_height=2551 expected_hash=34a93d19 local_hash= local_source=none snapshot_missing=false
[WARN] consensus validator set unresolved height=1275 chain_height=2551 expected_hash=34a93d19 local_hash= local_source=none snapshot_missing=false
[WARN] consensus validator set unresolved height=1276 chain_height=2551 expected_hash=34a93d19 local_hash= local_source=none snapshot_missing=false
[WARN] consensus validator set unresolved height=1277 chain_height=2551 expected_hash=34a93d19 local_hash= local_source=none snapshot_missing=false
[WARN] consensus validator set unresolved height=1278 chain_height=2551 expected_hash=34a93d19 local_hash= local_source=none snapshot_missing=false
[WARN] consensus validator set unresolved height=1279 chain_height=2551 expected_hash=34a93d19 local_hash= local_source=none snapshot_missing=false
[WARN] consensus validator set unresolved height=1280 chain_height=2551 expected_hash=34a93d19 local_hash= local_source=none snapshot_missing=false
[WARN] consensus validator set unresolved height=1281 chain_height=2551 expected_hash=34a93d19 local_hash= local_source=none snapshot_missing=false
[WARN] consensus validator set unresolved height=1282 chain_height=2551 expected_hash=34a93d19 local_hash= local_source=none snapshot_missing=false
[WARN] consensus validator set unresolved height=1283 chain_height=2551 expected_hash=34a93d19 local_hash= local_source=none snapshot_missing=false
[WARN] consensus validator set unresolved height=1284 chain_height=2551 expected_hash=34a93d19 local_hash= local_source=none snapshot_missing=false
[WARN] consensus validator set unresolved height=1285 chain_height=2551 expected_hash=34a93d19 local_hash= local_source=none snapshot_missing=false
[WARN] consensus validator set unresolved height=1286 chain_height=2551 expected_hash=34a93d19 local_hash= local_source=none snapshot_missing=false
[WARN] consensus validator set unresolved height=1287 chain_height=2551 expected_hash=34a93d19 local_hash= local_source=none snapshot_missing=false
[WARN] consensus validator set unresolved height=1288 chain_height=2551 expected_hash=34a93d19 local_hash= local_source=none snapshot_missing=false
[WARN] consensus validator set unresolved height=1289 chain_height=2551 expected_hash=34a93d19 local_hash= local_source=none snapshot_missing=false
[WARN] consensus validator set unresolved height=1290 chain_height=2551 expected_hash=34a93d19 local_hash= local_source=none snapshot_missing=false
[WARN] consensus validator set unresolved height=1291 chain_height=2551 expected_hash=34a93d19 local_hash= local_source=none snapshot_missing=false
[WARN] consensus validator set unresolved height=1292 chain_height=2551 expected_hash=34a93d19 local_hash= local_source=none snapshot_missing=false
[WARN] consensus validator set unresolved height=1293 chain_height=2551 expected_hash=34a93d19 local_hash= local_source=none snapshot_missing=false
[WARN] consensus validator set unresolved height=1294 chain_height=2551 expected_hash=34a93d19 local_hash= local_source=none snapshot_missing=false
[WARN] consensus validator set unresolved height=1295 chain_height=2551 expected_hash=34a93d19 local_hash= local_source=none snapshot_missing=false
[WARN] consensus validator set unresolved height=1296 chain_height=2551 expected_hash=34a93d19 local_hash= local_source=none snapshot_missing=false
[WARN] consensus validator set unresolved height=1297 chain_height=2551 expected_hash=34a93d19 local_hash= local_source=none snapshot_missing=false
[WARN] consensus validator set unresolved height=1298 chain_height=2551 expected_hash=34a93d19 local_hash= local_source=none snapshot_missing=false
[WARN] consensus validator set unresolved height=1299 chain_height=2551 expected_hash=34a93d19 local_hash= local_source=none snapshot_missing=false
[WARN] consensus validator set unresolved height=1300 chain_height=2551 expected_hash=34a93d19 local_hash= local_source=none snapshot_missing=false
[WARN] consensus validator set unresolved height=1301 chain_height=2551 expected_hash=34a93d19 local_hash= local_source=none snapshot_missing=false
[WARN] consensus validator set unresolved height=1302 chain_height=2551 expected_hash=34a93d19 local_hash= local_source=none snapshot_missing=false
[WARN] consensus validator set unresolved height=1303 chain_height=2551 expected_hash=34a93d19 local_hash= local_source=none snapshot_missing=false
[WARN] consensus validator set unresolved height=1304 chain_height=2551 expected_hash=34a93d19 local_hash= local_source=none snapshot_missing=false
[WARN] consensus validator set unresolved height=1305 chain_height=2551 expected_hash=34a93d19 local_hash= local_source=none snapshot_missing=false
[WARN] consensus validator set unresolved height=1306 chain_height=2551 expected_hash=34a93d19 local_hash= local_source=none snapshot_missing=false
[WARN] consensus validator set unresolved height=1307 chain_height=2551 expected_hash=34a93d19 local_hash= local_source=none snapshot_missing=false
[WARN] consensus validator set unresolved height=1308 chain_height=2551 expected_hash=34a93d19 local_hash= local_source=none snapshot_missing=false
[WARN] consensus validator set unresolved height=1309 chain_height=2551 expected_hash=34a93d19 local_hash= local_source=none snapshot_missing=false
[WARN] consensus validator set unresolved height=1310 chain_height=2551 expected_hash=34a93d19 local_hash= local_source=none snapshot_missing=false
[WARN] consensus validator set unresolved height=1311 chain_height=2551 expected_hash=34a93d19 local_hash= local_source=none snapshot_missing=false
[WARN] consensus validator set unresolved height=1312 chain_height=2551 expected_hash=34a93d19 local_hash= local_source=none snapshot_missing=false
[WARN] consensus validator set unresolved height=1313 chain_height=2551 expected_hash=34a93d19 local_hash= local_source=none snapshot_missing=false
[WARN] consensus validator set unresolved height=1314 chain_height=2551 expected_hash=34a93d19 local_hash= local_source=none snapshot_missing=false
[WARN] consensus validator set unresolved height=1315 chain_height=2551 expected_hash=34a93d19 local_hash= local_source=none snapshot_missing=false
[WARN] consensus validator set unresolved height=1316 chain_height=2551 expected_hash=34a93d19 local_hash= local_source=none snapshot_missing=false
[WARN] consensus validator set unresolved height=1317 chain_height=2551 expected_hash=34a93d19 local_hash= local_source=none snapshot_missing=false
[WARN] consensus validator set unresolved height=1318 chain_height=2551 expected_hash=34a93d19 local_hash= local_source=none snapshot_missing=false
[WARN] consensus validator set unresolved height=1319 chain_height=2551 expected_hash=34a93d19 local_hash= local_source=none snapshot_missing=false
[WARN] consensus validator set unresolved height=1320 chain_height=2551 expected_hash=34a93d19 local_hash= local_source=none snapshot_missing=false
[WARN] consensus validator set unresolved height=1321 chain_height=2551 expected_hash=34a93d19 local_hash= local_source=none snapshot_missing=false
[WARN] consensus validator set unresolved height=1322 chain_height=2551 expected_hash=34a93d19 local_hash= local_source=none snapshot_missing=false
[WARN] consensus validator set unresolved height=1323 chain_height=2551 expected_hash=34a93d19 local_hash= local_source=none snapshot_missing=false
[WARN] consensus validator set unresolved height=1324 chain_height=2551 expected_hash=34a93d19 local_hash= local_source=none snapshot_missing=false
[WARN] consensus validator set unresolved height=1325 chain_height=2551 expected_hash=34a93d19 local_hash= local_source=none snapshot_missing=false
[WARN] consensus validator set unresolved height=1326 chain_height=2551 expected_hash=34a93d19 local_hash= local_source=none snapshot_missing=false
[WARN] consensus validator set unresolved height=1327 chain_height=2551 expected_hash=34a93d19 local_hash= local_source=none snapshot_missing=false
[WARN] consensus validator set unresolved height=1328 chain_height=2551 expected_hash=34a93d19 local_hash= local_source=none snapshot_missing=false
[WARN] consensus validator set unresolved height=1329 chain_height=2551 expected_hash=34a93d19 local_hash= local_source=none snapshot_missing=false
[WARN] consensus validator set unresolved height=1330 chain_height=2551 expected_hash=34a93d19 local_hash= local_source=none snapshot_missing=false
[WARN] consensus validator set unresolved height=1331 chain_height=2551 expected_hash=34a93d19 local_hash= local_source=none snapshot_missing=false
[WARN] consensus validator set unresolved height=1332 chain_height=2551 expected_hash=34a93d19 local_hash= local_source=none snapshot_missing=false
[WARN] consensus validator set unresolved height=1333 chain_height=2551 expected_hash=34a93d19 local_hash= local_source=none snapshot_missing=false
[WARN] consensus validator set unresolved height=1334 chain_height=2551 expected_hash=34a93d19 local_hash= local_source=none snapshot_missing=false
[WARN] consensus validator set unresolved height=1335 chain_height=2551 expected_hash=34a93d19 local_hash= local_source=none snapshot_missing=false
[WARN] consensus validator set unresolved height=1336 chain_height=2551 expected_hash=34a93d19 local_hash= local_source=none snapshot_missing=false
[WARN] consensus validator set unresolved height=1337 chain_height=2551 expected_hash=34a93d19 local_hash= local_source=none snapshot_missing=false
[WARN] consensus validator set unresolved height=1338 chain_height=2551 expected_hash=34a93d19 local_hash= local_source=none snapshot_missing=false
[WARN] consensus validator set unresolved height=1339 chain_height=2551 expected_hash=34a93d19 local_hash= local_source=none snapshot_missing=false
[WARN] consensus validator set unresolved height=1340 chain_height=2551 expected_hash=34a93d19 local_hash= local_source=none snapshot_missing=false
[WARN] consensus validator set unresolved height=1341 chain_height=2551 expected_hash=34a93d19 local_hash= local_source=none snapshot_missing=false
[WARN] consensus validator set unresolved height=1342 chain_height=2551 expected_hash=34a93d19 local_hash= local_source=none snapshot_missing=false
[WARN] consensus validator set unresolved height=1343 chain_height=2551 expected_hash=34a93d19 local_hash= local_source=none snapshot_missing=false
[WARN] consensus validator set unresolved height=1344 chain_height=2551 expected_hash=34a93d19 local_hash= local_source=none snapshot_missing=false
[WARN] consensus validator set unresolved height=1345 chain_height=2551 expected_hash=34a93d19 local_hash= local_source=none snapshot_missing=false
[WARN] consensus validator set unresolved height=1346 chain_height=2551 expected_hash=34a93d19 local_hash= local_source=none snapshot_missing=false
[WARN] consensus validator set unresolved height=1347 chain_height=2551 expected_hash=34a93d19 local_hash= local_source=none snapshot_missing=false
[WARN] consensus validator set unresolved height=1348 chain_height=2551 expected_hash=34a93d19 local_hash= local_source=none snapshot_missing=false
[WARN] consensus validator set unresolved height=1349 chain_height=2551 expected_hash=34a93d19 local_hash= local_source=none snapshot_missing=false
[WARN] consensus validator set unresolved height=1350 chain_height=2551 expected_hash=34a93d19 local_hash= local_source=none snapshot_missing=false
[WARN] consensus validator set unresolved height=1351 chain_height=2551 expected_hash=34a93d19 local_hash= local_source=none snapshot_missing=false
[WARN] consensus validator set unresolved height=1352 chain_height=2551 expected_hash=34a93d19 local_hash= local_source=none snapshot_missing=false
[WARN] consensus validator set unresolved height=1353 chain_height=2551 expected_hash=34a93d19 local_hash= local_source=none snapshot_missing=false
[WARN] consensus validator set unresolved height=1354 chain_height=2551 expected_hash=34a93d19 local_hash= local_source=none snapshot_missing=false
[WARN] consensus validator set unresolved height=1355 chain_height=2551 expected_hash=34a93d19 local_hash= local_source=none snapshot_missing=false
[WARN] consensus validator set unresolved height=1356 chain_height=2551 expected_hash=34a93d19 local_hash= local_source=none snapshot_missing=false
[WARN] consensus validator set unresolved height=1357 chain_height=2551 expected_hash=34a93d19 local_hash= local_source=none snapshot_missing=false
[WARN] consensus validator set unresolved height=1358 chain_height=2551 expected_hash=34a93d19 local_hash= local_source=none snapshot_missing=false
[WARN] consensus validator set unresolved height=1359 chain_height=2551 expected_hash=34a93d19 local_hash= local_source=none snapshot_missing=false
[WARN] consensus validator set unresolved height=1360 chain_height=2551 expected_hash=34a93d19 local_hash= local_source=none snapshot_missing=false
[WARN] consensus validator set unresolved height=1361 chain_height=2551 expected_hash=34a93d19 local_hash= local_source=none snapshot_missing=false
[WARN] consensus validator set unresolved height=1362 chain_height=2551 expected_hash=34a93d19 local_hash= local_source=none snapshot_missing=false
[WARN] consensus validator set unresolved height=1363 chain_height=2551 expected_hash=34a93d19 local_hash= local_source=none snapshot_missing=false
[WARN] consensus validator set unresolved height=1364 chain_height=2551 expected_hash=34a93d19 local_hash= local_source=none snapshot_missing=false
[WARN] consensus validator set unresolved height=1365 chain_height=2551 expected_hash=34a93d19 local_hash= local_source=none snapshot_missing=false
[WARN] consensus validator set unresolved height=1366 chain_height=2551 expected_hash=34a93d19 local_hash= local_source=none snapshot_missing=false
[WARN] consensus validator set unresolved height=1367 chain_height=2551 expected_hash=34a93d19 local_hash= local_source=none snapshot_missing=false
[WARN] consensus validator set unresolved height=1368 chain_height=2551 expected_hash=34a93d19 local_hash= local_source=none snapshot_missing=false
[WARN] consensus validator set unresolved height=1369 chain_height=2551 expected_hash=34a93d19 local_hash= local_source=none snapshot_missing=false
[WARN] consensus validator set unresolved height=1370 chain_height=2551 expected_hash=34a93d19 local_hash= local_source=none snapshot_missing=false
[WARN] consensus validator set unresolved height=1371 chain_height=2551 expected_hash=34a93d19 local_hash= local_source=none snapshot_missing=false
[WARN] consensus validator set unresolved height=1372 chain_height=2551 expected_hash=34a93d19 local_hash= local_source=none snapshot_missing=false
[WARN] consensus validator set unresolved height=1373 chain_height=2551 expected_hash=34a93d19 local_hash= local_source=none snapshot_missing=false
[WARN] consensus validator set unresolved height=1374 chain_height=2551 expected_hash=34a93d19 local_hash= local_source=none snapshot_missing=false
[WARN] consensus validator set unresolved height=1375 chain_height=2551 expected_hash=34a93d19 local_hash= local_source=none snapshot_missing=false
[WARN] consensus validator set unresolved height=1376 chain_height=2551 expected_hash=34a93d19 local_hash= local_source=none snapshot_missing=false
[WARN] consensus validator set unresolved height=1377 chain_height=2551 expected_hash=34a93d19 local_hash= local_source=none snapshot_missing=false
[WARN] consensus validator set unresolved height=1378 chain_height=2551 expected_hash=34a93d19 local_hash= local_source=none snapshot_missing=false
[WARN] consensus validator set unresolved height=1379 chain_height=2551 expected_hash=34a93d19 local_hash= local_source=none snapshot_missing=false
[WARN] consensus validator set unresolved height=1380 chain_height=2551 expected_hash=34a93d19 local_hash= local_source=none snapshot_missing=false
[WARN] consensus validator set unresolved height=1381 chain_height=2551 expected_hash=34a93d19 local_hash= local_source=none snapshot_missing=false
[WARN] consensus validator set unresolved height=1382 chain_height=2551 expected_hash=34a93d19 local_hash= local_source=none snapshot_missing=false
[WARN] consensus validator set unresolved height=1383 chain_height=2551 expected_hash=34a93d19 local_hash= local_source=none snapshot_missing=false
[WARN] consensus validator set unresolved height=1384 chain_height=2551 expected_hash=34a93d19 local_hash= local_source=none snapshot_missing=false
[WARN] consensus validator set unresolved height=1385 chain_height=2551 expected_hash=34a93d19 local_hash= local_source=none snapshot_missing=false
[WARN] consensus validator set unresolved height=1386 chain_height=2551 expected_hash=34a93d19 local_hash= local_source=none snapshot_missing=false
[WARN] consensus validator set unresolved height=1387 chain_height=2551 expected_hash=34a93d19 local_hash= local_source=none snapshot_missing=false
[WARN] consensus validator set unresolved height=1388 chain_height=2551 expected_hash=34a93d19 local_hash= local_source=none snapshot_missing=false
[WARN] consensus validator set unresolved height=1389 chain_height=2551 expected_hash=34a93d19 local_hash= local_source=none snapshot_missing=false
[WARN] consensus validator set unresolved height=1390 chain_height=2551 expected_hash=34a93d19 local_hash= local_source=none snapshot_missing=false
[WARN] consensus validator set unresolved height=1391 chain_height=2551 expected_hash=34a93d19 local_hash= local_source=none snapshot_missing=false
[WARN] consensus validator set unresolved height=1392 chain_height=2551 expected_hash=34a93d19 local_hash= local_source=none snapshot_missing=false
[WARN] consensus validator set unresolved height=1393 chain_height=2551 expected_hash=34a93d19 local_hash= local_source=none snapshot_missing=false
[WARN] consensus validator set unresolved height=1394 chain_height=2551 expected_hash=34a93d19 local_hash= local_source=none snapshot_missing=false
[WARN] consensus validator set unresolved height=1395 chain_height=2551 expected_hash=34a93d19 local_hash= local_source=none snapshot_missing=false
[WARN] consensus validator set unresolved height=1396 chain_height=2551 expected_hash=34a93d19 local_hash= local_source=none snapshot_missing=false
[WARN] consensus validator set unresolved height=1397 chain_height=2551 expected_hash=34a93d19 local_hash= local_source=none snapshot_missing=false
[WARN] consensus validator set unresolved height=1398 chain_height=2551 expected_hash=34a93d19 local_hash= local_source=none snapshot_missing=false
[WARN] consensus validator set unresolved height=1399 chain_height=2551 expected_hash=34a93d19 local_hash= local_source=none snapshot_missing=false
[WARN] consensus validator set unresolved height=1400 chain_height=2551 expected_hash=34a93d19 local_hash= local_source=none snapshot_missing=false
[WARN] consensus validator set unresolved height=1401 chain_height=2551 expected_hash=34a93d19 local_hash= local_source=none snapshot_missing=false
[WARN] consensus validator set unresolved height=1402 chain_height=2551 expected_hash=34a93d19 local_hash= local_source=none snapshot_missing=false
[WARN] consensus validator set unresolved height=1403 chain_height=2551 expected_hash=34a93d19 local_hash= local_source=none snapshot_missing=false
[WARN] consensus validator set unresolved height=1404 chain_height=2551 expected_hash=34a93d19 local_hash= local_source=none snapshot_missing=false
[WARN] consensus validator set unresolved height=1405 chain_height=2551 expected_hash=34a93d19 local_hash= local_source=none snapshot_missing=false
[WARN] consensus validator set unresolved height=1406 chain_height=2551 expected_hash=34a93d19 local_hash= local_source=none snapshot_missing=false
[WARN] consensus validator set unresolved height=1407 chain_height=2551 expected_hash=34a93d19 local_hash= local_source=none snapshot_missing=false
[WARN] consensus validator set unresolved height=1408 chain_height=2551 expected_hash=34a93d19 local_hash= local_source=none snapshot_missing=false
[WARN] consensus validator set unresolved height=1409 chain_height=2551 expected_hash=34a93d19 local_hash= local_source=none snapshot_missing=false
[WARN] consensus validator set unresolved height=1410 chain_height=2551 expected_hash=34a93d19 local_hash= local_source=none snapshot_missing=false
[WARN] consensus validator set unresolved height=1411 chain_height=2551 expected_hash=34a93d19 local_hash= local_source=none snapshot_missing=false
[WARN] consensus validator set unresolved height=1412 chain_height=2551 expected_hash=34a93d19 local_hash= local_source=none snapshot_missing=false
[WARN] consensus validator set unresolved height=1413 chain_height=2551 expected_hash=34a93d19 local_hash= local_source=none snapshot_missing=false
[WARN] consensus validator set unresolved height=1414 chain_height=2551 expected_hash=34a93d19 local_hash= local_source=none snapshot_missing=false
[WARN] consensus validator set unresolved height=1415 chain_height=2551 expected_hash=34a93d19 local_hash= local_source=none snapshot_missing=false
[WARN] consensus validator set unresolved height=1416 chain_height=2551 expected_hash=34a93d19 local_hash= local_source=none snapshot_missing=false
[WARN] consensus validator set unresolved height=1417 chain_height=2551 expected_hash=34a93d19 local_hash= local_source=none snapshot_missing=false
[WARN] consensus validator set unresolved height=1418 chain_height=2551 expected_hash=34a93d19 local_hash= local_source=none snapshot_missing=false
[WARN] consensus validator set unresolved height=1419 chain_height=2551 expected_hash=34a93d19 local_hash= local_source=none snapshot_missing=false
[WARN] consensus validator set unresolved height=1420 chain_height=2551 expected_hash=34a93d19 local_hash= local_source=none snapshot_missing=false
[WARN] consensus validator set unresolved height=1421 chain_height=2551 expected_hash=34a93d19 local_hash= local_source=none snapshot_missing=false
[WARN] consensus validator set unresolved height=1422 chain_height=2551 expected_hash=34a93d19 local_hash= local_source=none snapshot_missing=false
[WARN] consensus validator set unresolved height=1423 chain_height=2551 expected_hash=34a93d19 local_hash= local_source=none snapshot_missing=false
[WARN] consensus validator set unresolved height=1424 chain_height=2551 expected_hash=34a93d19 local_hash= local_source=none snapshot_missing=false
[WARN] consensus validator set unresolved height=1425 chain_height=2551 expected_hash=34a93d19 local_hash= local_source=none snapshot_missing=false
[WARN] consensus validator set unresolved height=1426 chain_height=2551 expected_hash=34a93d19 local_hash= local_source=none snapshot_missing=false
[WARN] consensus validator set unresolved height=1427 chain_height=2551 expected_hash=34a93d19 local_hash= local_source=none snapshot_missing=false
[WARN] consensus validator set unresolved height=1428 chain_height=2551 expected_hash=34a93d19 local_hash= local_source=none snapshot_missing=false
[WARN] consensus validator set unresolved height=1429 chain_height=2551 expected_hash=34a93d19 local_hash= local_source=none snapshot_missing=false
[WARN] consensus validator set unresolved height=1430 chain_height=2551 expected_hash=34a93d19 local_hash= local_source=none snapshot_missing=false
[WARN] consensus validator set unresolved height=1431 chain_height=2551 expected_hash=34a93d19 local_hash= local_source=none snapshot_missing=false
[WARN] consensus validator set unresolved height=1432 chain_height=2551 expected_hash=34a93d19 local_hash= local_source=none snapshot_missing=false
[WARN] consensus validator set unresolved height=1433 chain_height=2551 expected_hash=34a93d19 local_hash= local_source=none snapshot_missing=false
[WARN] consensus validator set unresolved height=1434 chain_height=2551 expected_hash=34a93d19 local_hash= local_source=none snapshot_missing=false
[WARN] consensus validator set unresolved height=1435 chain_height=2551 expected_hash=34a93d19 local_hash= local_source=none snapshot_missing=false
[WARN] consensus validator set unresolved height=1436 chain_height=2551 expected_hash=34a93d19 local_hash= local_source=none snapshot_missing=false
[WARN] consensus validator set unresolved height=1437 chain_height=2551 expected_hash=34a93d19 local_hash= local_source=none snapshot_missing=false
[WARN] consensus validator set unresolved height=1438 chain_height=2551 expected_hash=34a93d19 local_hash= local_source=none snapshot_missing=false
[WARN] consensus validator set unresolved height=1439 chain_height=2551 expected_hash=34a93d19 local_hash= local_source=none snapshot_missing=false
[WARN] consensus validator set unresolved height=1440 chain_height=2551 expected_hash=34a93d19 local_hash= local_source=none snapshot_missing=false
[WARN] consensus validator set unresolved height=1441 chain_height=2551 expected_hash=34a93d19 local_hash= local_source=none snapshot_missing=false
[WARN] consensus validator set unresolved height=1442 chain_height=2551 expected_hash=34a93d19 local_hash= local_source=none snapshot_missing=false
[WARN] consensus validator set unresolved height=1443 chain_height=2551 expected_hash=34a93d19 local_hash= local_source=none snapshot_missing=false
[WARN] consensus validator set unresolved height=1444 chain_height=2551 expected_hash=34a93d19 local_hash= local_source=none snapshot_missing=false
[WARN] consensus validator set unresolved height=1445 chain_height=2551 expected_hash=34a93d19 local_hash= local_source=none snapshot_missing=false
[WARN] consensus validator set unresolved height=1446 chain_height=2551 expected_hash=34a93d19 local_hash= local_source=none snapshot_missing=false
[WARN] consensus validator set unresolved height=1447 chain_height=2551 expected_hash=34a93d19 local_hash= local_source=none snapshot_missing=false
[WARN] consensus validator set unresolved height=1448 chain_height=2551 expected_hash=34a93d19 local_hash= local_source=none snapshot_missing=false
[WARN] consensus validator set unresolved height=1449 chain_height=2551 expected_hash=34a93d19 local_hash= local_source=none snapshot_missing=false
[WARN] consensus validator set unresolved height=1450 chain_height=2551 expected_hash=34a93d19 local_hash= local_source=none snapshot_missing=false
[WARN] consensus validator set unresolved height=1451 chain_height=2551 expected_hash=34a93d19 local_hash= local_source=none snapshot_missing=false
[WARN] consensus validator set unresolved height=1452 chain_height=2551 expected_hash=34a93d19 local_hash= local_source=none snapshot_missing=false
[WARN] consensus validator set unresolved height=1453 chain_height=2551 expected_hash=34a93d19 local_hash= local_source=none snapshot_missing=false
[WARN] consensus validator set unresolved height=1454 chain_height=2551 expected_hash=34a93d19 local_hash= local_source=none snapshot_missing=false
[WARN] consensus validator set unresolved height=1455 chain_height=2551 expected_hash=34a93d19 local_hash= local_source=none snapshot_missing=false
[WARN] consensus validator set unresolved height=1456 chain_height=2551 expected_hash=34a93d19 local_hash= local_source=none snapshot_missing=false
[WARN] consensus validator set unresolved height=1457 chain_height=2551 expected_hash=34a93d19 local_hash= local_source=none snapshot_missing=false
[WARN] consensus validator set unresolved height=1458 chain_height=2551 expected_hash=34a93d19 local_hash= local_source=none snapshot_missing=false
[WARN] consensus validator set unresolved height=1459 chain_height=2551 expected_hash=34a93d19 local_hash= local_source=none snapshot_missing=false
[WARN] consensus validator set unresolved height=1460 chain_height=2551 expected_hash=34a93d19 local_hash= local_source=none snapshot_missing=false
[WARN] consensus validator set unresolved height=1461 chain_height=2551 expected_hash=34a93d19 local_hash= local_source=none snapshot_missing=false
[WARN] consensus validator set unresolved height=1462 chain_height=2551 expected_hash=34a93d19 local_hash= local_source=none snapshot_missing=false
[WARN] consensus validator set unresolved height=1463 chain_height=2551 expected_hash=34a93d19 local_hash= local_source=none snapshot_missing=false
[WARN] consensus validator set unresolved height=1464 chain_height=2551 expected_hash=34a93d19 local_hash= local_source=none snapshot_missing=false
[WARN] consensus validator set unresolved height=1465 chain_height=2551 expected_hash=34a93d19 local_hash= local_source=none snapshot_missing=false
[WARN] consensus validator set unresolved height=1466 chain_height=2551 expected_hash=34a93d19 local_hash= local_source=none snapshot_missing=false
[WARN] consensus validator set unresolved height=1467 chain_height=2551 expected_hash=34a93d19 local_hash= local_source=none snapshot_missing=false
[WARN] consensus validator set unresolved height=1468 chain_height=2551 expected_hash=34a93d19 local_hash= local_source=none snapshot_missing=false
[WARN] consensus validator set unresolved height=1469 chain_height=2551 expected_hash=34a93d19 local_hash= local_source=none snapshot_missing=false
[WARN] consensus validator set unresolved height=1470 chain_height=2551 expected_hash=34a93d19 local_hash= local_source=none snapshot_missing=false
[WARN] consensus validator set unresolved height=1471 chain_height=2551 expected_hash=34a93d19 local_hash= local_source=none snapshot_missing=false
[WARN] consensus validator set unresolved height=1472 chain_height=2551 expected_hash=34a93d19 local_hash= local_source=none snapshot_missing=false
[WARN] consensus validator set unresolved height=1473 chain_height=2551 expected_hash=34a93d19 local_hash= local_source=none snapshot_missing=false
[WARN] consensus validator set unresolved height=1474 chain_height=2551 expected_hash=34a93d19 local_hash= local_source=none snapshot_missing=false
[WARN] consensus validator set unresolved height=1475 chain_height=2551 expected_hash=34a93d19 local_hash= local_source=none snapshot_missing=false
[WARN] consensus validator set unresolved height=1476 chain_height=2551 expected_hash=34a93d19 local_hash= local_source=none snapshot_missing=false
[WARN] consensus validator set unresolved height=1477 chain_height=2551 expected_hash=34a93d19 local_hash= local_source=none snapshot_missing=false
[WARN] consensus validator set unresolved height=1478 chain_height=2551 expected_hash=34a93d19 local_hash= local_source=none snapshot_missing=false
[WARN] consensus validator set unresolved height=1479 chain_height=2551 expected_hash=34a93d19 local_hash= local_source=none snapshot_missing=false
[WARN] consensus validator set unresolved height=1480 chain_height=2551 expected_hash=34a93d19 local_hash= local_source=none snapshot_missing=false
[WARN] consensus validator set unresolved height=1481 chain_height=2551 expected_hash=34a93d19 local_hash= local_source=none snapshot_missing=false
[WARN] consensus validator set unresolved height=1482 chain_height=2551 expected_hash=34a93d19 local_hash= local_source=none snapshot_missing=false
[WARN] consensus validator set unresolved height=1483 chain_height=2551 expected_hash=34a93d19 local_hash= local_source=none snapshot_missing=false
[WARN] consensus validator set unresolved height=1484 chain_height=2551 expected_hash=34a93d19 local_hash= local_source=none snapshot_missing=false
[WARN] consensus validator set unresolved height=1485 chain_height=2551 expected_hash=34a93d19 local_hash= local_source=none snapshot_missing=false
[WARN] consensus validator set unresolved height=1486 chain_height=2551 expected_hash=34a93d19 local_hash= local_source=none snapshot_missing=false
[WARN] consensus validator set unresolved height=1487 chain_height=2551 expected_hash=34a93d19 local_hash= local_source=none snapshot_missing=false
[WARN] consensus validator set unresolved height=1488 chain_height=2551 expected_hash=34a93d19 local_hash= local_source=none snapshot_missing=false
[WARN] consensus validator set unresolved height=1489 chain_height=2551 expected_hash=34a93d19 local_hash= local_source=none snapshot_missing=false
[WARN] consensus validator set unresolved height=1490 chain_height=2551 expected_hash=34a93d19 local_hash= local_source=none snapshot_missing=false
[WARN] consensus validator set unresolved height=1491 chain_height=2551 expected_hash=34a93d19 local_hash= local_source=none snapshot_missing=false
[WARN] consensus validator set unresolved height=1492 chain_height=2551 expected_hash=34a93d19 local_hash= local_source=none snapshot_missing=false
[WARN] consensus validator set unresolved height=1493 chain_height=2551 expected_hash=34a93d19 local_hash= local_source=none snapshot_missing=false
[WARN] consensus validator set unresolved height=1494 chain_height=2551 expected_hash=34a93d19 local_hash= local_source=none snapshot_missing=false
[WARN] consensus validator set unresolved height=1495 chain_height=2551 expected_hash=34a93d19 local_hash= local_source=none snapshot_missing=false
[WARN] consensus validator set unresolved height=1496 chain_height=2551 expected_hash=34a93d19 local_hash= local_source=none snapshot_missing=false
[WARN] consensus validator set unresolved height=1497 chain_height=2551 expected_hash=34a93d19 local_hash= local_source=none snapshot_missing=false
[WARN] consensus validator set unresolved height=1498 chain_height=2551 expected_hash=34a93d19 local_hash= local_source=none snapshot_missing=false
[WARN] consensus validator set unresolved height=1499 chain_height=2551 expected_hash=34a93d19 local_hash= local_source=none snapshot_missing=false
[WARN] consensus validator set unresolved height=1500 chain_height=2551 expected_hash=34a93d19 local_hash= local_source=none snapshot_missing=false
[WARN] consensus validator set unresolved height=1501 chain_height=2551 expected_hash=34a93d19 local_hash= local_source=none snapshot_missing=false
[WARN] consensus validator set unresolved height=1502 chain_height=2551 expected_hash=34a93d19 local_hash= local_source=none snapshot_missing=false
[WARN] consensus validator set unresolved height=1503 chain_height=2551 expected_hash=34a93d19 local_hash= local_source=none snapshot_missing=false
[WARN] consensus validator set unresolved height=1504 chain_height=2551 expected_hash=34a93d19 local_hash= local_source=none snapshot_missing=false
[WARN] consensus validator set unresolved height=1505 chain_height=2551 expected_hash=34a93d19 local_hash= local_source=none snapshot_missing=false
[WARN] consensus validator set unresolved height=1506 chain_height=2551 expected_hash=34a93d19 local_hash= local_source=none snapshot_missing=false
[WARN] consensus validator set unresolved height=1507 chain_height=2551 expected_hash=34a93d19 local_hash= local_source=none snapshot_missing=false
[WARN] consensus validator set unresolved height=1508 chain_height=2551 expected_hash=34a93d19 local_hash= local_source=none snapshot_missing=false
[WARN] consensus validator set unresolved height=1509 chain_height=2551 expected_hash=34a93d19 local_hash= local_source=none snapshot_missing=false
[WARN] consensus validator set unresolved height=1510 chain_height=2551 expected_hash=34a93d19 local_hash= local_source=none snapshot_missing=false
[WARN] consensus validator set unresolved height=1511 chain_height=2551 expected_hash=34a93d19 local_hash= local_source=none snapshot_missing=false
[WARN] consensus validator set unresolved height=1512 chain_height=2551 expected_hash=34a93d19 local_hash= local_source=none snapshot_missing=false
[WARN] consensus validator set unresolved height=1513 chain_height=2551 expected_hash=34a93d19 local_hash= local_source=none snapshot_missing=false
[WARN] consensus validator set unresolved height=1514 chain_height=2551 expected_hash=34a93d19 local_hash= local_source=none snapshot_missing=false
[WARN] consensus validator set unresolved height=1515 chain_height=2551 expected_hash=34a93d19 local_hash= local_source=none snapshot_missing=false
[WARN] consensus validator set unresolved height=1516 chain_height=2551 expected_hash=34a93d19 local_hash= local_source=none snapshot_missing=false
[WARN] consensus validator set unresolved height=1517 chain_height=2551 expected_hash=34a93d19 local_hash= local_source=none snapshot_missing=false
[WARN] consensus validator set unresolved height=1518 chain_height=2551 expected_hash=34a93d19 local_hash= local_source=none snapshot_missing=false
[WARN] consensus validator set unresolved height=1519 chain_height=2551 expected_hash=34a93d19 local_hash= local_source=none snapshot_missing=false
[WARN] consensus validator set unresolved height=1520 chain_height=2551 expected_hash=34a93d19 local_hash= local_source=none snapshot_missing=false
[WARN] consensus validator set unresolved height=1521 chain_height=2551 expected_hash=34a93d19 local_hash= local_source=none snapshot_missing=false
[WARN] consensus validator set unresolved height=1522 chain_height=2551 expected_hash=34a93d19 local_hash= local_source=none snapshot_missing=false
[WARN] consensus validator set unresolved height=1523 chain_height=2551 expected_hash=34a93d19 local_hash= local_source=none snapshot_missing=false
[WARN] consensus validator set unresolved height=1524 chain_height=2551 expected_hash=34a93d19 local_hash= local_source=none snapshot_missing=false
[WARN] consensus validator set unresolved height=1525 chain_height=2551 expected_hash=34a93d19 local_hash= local_source=none snapshot_missing=false
[WARN] consensus validator set unresolved height=1526 chain_height=2551 expected_hash=34a93d19 local_hash= local_source=none snapshot_missing=false
[WARN] consensus validator set unresolved height=1527 chain_height=2551 expected_hash=34a93d19 local_hash= local_source=none snapshot_missing=false
[WARN] consensus validator set unresolved height=1528 chain_height=2551 expected_hash=34a93d19 local_hash= local_source=none snapshot_missing=false
[WARN] consensus validator set unresolved height=1529 chain_height=2551 expected_hash=34a93d19 local_hash= local_source=none snapshot_missing=false
[WARN] consensus validator set unresolved height=1530 chain_height=2551 expected_hash=34a93d19 local_hash= local_source=none snapshot_missing=false
[WARN] consensus validator set unresolved height=1531 chain_height=2551 expected_hash=34a93d19 local_hash= local_source=none snapshot_missing=false
[WARN] consensus validator set unresolved height=1532 chain_height=2551 expected_hash=34a93d19 local_hash= local_source=none snapshot_missing=false
[WARN] consensus validator set unresolved height=1533 chain_height=2551 expected_hash=34a93d19 local_hash= local_source=none snapshot_missing=false
[WARN] consensus validator set unresolved height=1534 chain_height=2551 expected_hash=34a93d19 local_hash= local_source=none snapshot_missing=false
[WARN] consensus validator set unresolved height=1535 chain_height=2551 expected_hash=34a93d19 local_hash= local_source=none snapshot_missing=false
[WARN] consensus validator set unresolved height=1536 chain_height=2551 expected_hash=34a93d19 local_hash= local_source=none snapshot_missing=false
[WARN] consensus validator set unresolved height=1537 chain_height=2551 expected_hash=34a93d19 local_hash= local_source=none snapshot_missing=false
[WARN] consensus validator set unresolved height=1538 chain_height=2551 expected_hash=34a93d19 local_hash= local_source=none snapshot_missing=false
[WARN] consensus validator set unresolved height=1539 chain_height=2551 expected_hash=34a93d19 local_hash= local_source=none snapshot_missing=false
[WARN] consensus validator set unresolved height=1540 chain_height=2551 expected_hash=34a93d19 local_hash= local_source=none snapshot_missing=false
[WARN] consensus validator set unresolved height=1541 chain_height=2551 expected_hash=34a93d19 local_hash= local_source=none snapshot_missing=false
[WARN] consensus validator set unresolved height=1542 chain_height=2551 expected_hash=34a93d19 local_hash= local_source=none snapshot_missing=false
[WARN] consensus validator set unresolved height=1543 chain_height=2551 expected_hash=34a93d19 local_hash= local_source=none snapshot_missing=false
[WARN] consensus validator set unresolved height=1544 chain_height=2551 expected_hash=34a93d19 local_hash= local_source=none snapshot_missing=false
[WARN] consensus validator set unresolved height=1545 chain_height=2551 expected_hash=34a93d19 local_hash= local_source=none snapshot_missing=false
[WARN] consensus validator set unresolved height=1546 chain_height=2551 expected_hash=34a93d19 local_hash= local_source=none snapshot_missing=false
[WARN] consensus validator set unresolved height=1547 chain_height=2551 expected_hash=34a93d19 local_hash= local_source=none snapshot_missing=false
[WARN] consensus validator set unresolved height=1548 chain_height=2551 expected_hash=34a93d19 local_hash= local_source=none snapshot_missing=false
[WARN] consensus validator set unresolved height=1549 chain_height=2551 expected_hash=34a93d19 local_hash= local_source=none snapshot_missing=false
[WARN] consensus validator set unresolved height=1550 chain_height=2551 expected_hash=34a93d19 local_hash= local_source=none snapshot_missing=false
[WARN] consensus validator set unresolved height=1551 chain_height=2551 expected_hash=34a93d19 local_hash= local_source=none snapshot_missing=false
[COMMITTEE] height=1552 size=4 target=4 hash=34a93d19
[SET-FREEZE] height=1552 vhash=34a93d19 size=4
2026/05/20 15:06:23 [REGISTRY-HISTORY-REBUILD] height=2551 status=scheduled reason=consensus_set_unresolved
[WARN] consensus validator set unresolved height=1632 chain_height=2551 expected_hash=464c25f6 local_hash= local_source=none snapshot_missing=false
2026/05/20 15:06:23 [REGISTRY-HISTORY-REBUILD] height=2551 status=started reason=consensus_set_unresolved
2026/05/20 15:06:23 [REGISTRY-HISTORY-REBUILD] height=2551 status=ok reason=consensus_set_unresolved
[WARN] consensus validator set unresolved height=1633 chain_height=2551 expected_hash=464c25f6 local_hash= local_source=none snapshot_missing=false
[WARN] consensus validator set unresolved height=1634 chain_height=2551 expected_hash=464c25f6 local_hash= local_source=none snapshot_missing=false
[WARN] consensus validator set unresolved height=1635 chain_height=2551 expected_hash=464c25f6 local_hash= local_source=none snapshot_missing=false
[WARN] consensus validator set unresolved height=1636 chain_height=2551 expected_hash=464c25f6 local_hash= local_source=none snapshot_missing=false
[WARN] consensus validator set unresolved height=1637 chain_height=2551 expected_hash=d75b74ab local_hash= local_source=none snapshot_missing=false
[WARN] consensus validator set unresolved height=1638 chain_height=2551 expected_hash=d75b74ab local_hash= local_source=none snapshot_missing=false
[WARN] consensus validator set unresolved height=1639 chain_height=2551 expected_hash=d75b74ab local_hash= local_source=none snapshot_missing=false
[WARN] consensus validator set unresolved height=1640 chain_height=2551 expected_hash=d75b74ab local_hash= local_source=none snapshot_missing=false
[WARN] consensus validator set unresolved height=1641 chain_height=2551 expected_hash=d75b74ab local_hash= local_source=none snapshot_missing=false
[WARN] consensus validator set unresolved height=1642 chain_height=2551 expected_hash=d75b74ab local_hash= local_source=none snapshot_missing=false
[WARN] consensus validator set unresolved height=1643 chain_height=2551 expected_hash=d75b74ab local_hash= local_source=none snapshot_missing=false
[WARN] consensus validator set unresolved height=1644 chain_height=2551 expected_hash=d75b74ab local_hash= local_source=none snapshot_missing=false
[WARN] consensus validator set unresolved height=1645 chain_height=2551 expected_hash=d75b74ab local_hash= local_source=none snapshot_missing=false
[WARN] consensus validator set unresolved height=1646 chain_height=2551 expected_hash=d75b74ab local_hash= local_source=none snapshot_missing=false
[WARN] consensus validator set unresolved height=1647 chain_height=2551 expected_hash=d75b74ab local_hash= local_source=none snapshot_missing=false
[WARN] consensus validator set unresolved height=1648 chain_height=2551 expected_hash=d75b74ab local_hash= local_source=none snapshot_missing=false
[WARN] consensus validator set unresolved height=1649 chain_height=2551 expected_hash=d75b74ab local_hash= local_source=none snapshot_missing=false
[WARN] consensus validator set unresolved height=1650 chain_height=2551 expected_hash=d75b74ab local_hash= local_source=none snapshot_missing=false
[WARN] consensus validator set unresolved height=1651 chain_height=2551 expected_hash=d75b74ab local_hash= local_source=none snapshot_missing=false
[WARN] consensus validator set unresolved height=1652 chain_height=2551 expected_hash=d75b74ab local_hash= local_source=none snapshot_missing=false
[WARN] consensus validator set unresolved height=1653 chain_height=2551 expected_hash=d75b74ab local_hash= local_source=none snapshot_missing=false
[WARN] consensus validator set unresolved height=1654 chain_height=2551 expected_hash=d75b74ab local_hash= local_source=none snapshot_missing=false
[WARN] consensus validator set unresolved height=1655 chain_height=2551 expected_hash=d75b74ab local_hash= local_source=none snapshot_missing=false
[WARN] consensus validator set unresolved height=1656 chain_height=2551 expected_hash=d75b74ab local_hash= local_source=none snapshot_missing=false
[WARN] consensus validator set unresolved height=1657 chain_height=2551 expected_hash=d75b74ab local_hash= local_source=none snapshot_missing=false
[WARN] consensus validator set unresolved height=1658 chain_height=2551 expected_hash=d75b74ab local_hash= local_source=none snapshot_missing=false
[WARN] consensus validator set unresolved height=1659 chain_height=2551 expected_hash=d75b74ab local_hash= local_source=none snapshot_missing=false
[WARN] consensus validator set unresolved height=1660 chain_height=2551 expected_hash=d75b74ab local_hash= local_source=none snapshot_missing=false
[WARN] consensus validator set unresolved height=1661 chain_height=2551 expected_hash=d75b74ab local_hash= local_source=none snapshot_missing=false
[WARN] consensus validator set unresolved height=1662 chain_height=2551 expected_hash=d75b74ab local_hash= local_source=none snapshot_missing=false
[WARN] consensus validator set unresolved height=1663 chain_height=2551 expected_hash=d75b74ab local_hash= local_source=none snapshot_missing=false
[WARN] consensus validator set unresolved height=1664 chain_height=2551 expected_hash=d75b74ab local_hash= local_source=none snapshot_missing=false
[WARN] consensus validator set unresolved height=1665 chain_height=2551 expected_hash=d75b74ab local_hash= local_source=none snapshot_missing=false
[WARN] consensus validator set unresolved height=1666 chain_height=2551 expected_hash=d75b74ab local_hash= local_source=none snapshot_missing=false
[WARN] consensus validator set unresolved height=1667 chain_height=2551 expected_hash=d75b74ab local_hash= local_source=none snapshot_missing=false
[WARN] consensus validator set unresolved height=1668 chain_height=2551 expected_hash=d75b74ab local_hash= local_source=none snapshot_missing=false
[WARN] consensus validator set unresolved height=1669 chain_height=2551 expected_hash=d75b74ab local_hash= local_source=none snapshot_missing=false
[WARN] consensus validator set unresolved height=1670 chain_height=2551 expected_hash=d75b74ab local_hash= local_source=none snapshot_missing=false
[WARN] consensus validator set unresolved height=1671 chain_height=2551 expected_hash=d75b74ab local_hash= local_source=none snapshot_missing=false
[WARN] consensus validator set unresolved height=1672 chain_height=2551 expected_hash=d75b74ab local_hash= local_source=none snapshot_missing=false
[WARN] consensus validator set unresolved height=1673 chain_height=2551 expected_hash=d75b74ab local_hash= local_source=none snapshot_missing=false
[WARN] consensus validator set unresolved height=1674 chain_height=2551 expected_hash=d75b74ab local_hash= local_source=none snapshot_missing=false
[WARN] consensus validator set unresolved height=1675 chain_height=2551 expected_hash=d75b74ab local_hash= local_source=none snapshot_missing=false
[WARN] consensus validator set unresolved height=1676 chain_height=2551 expected_hash=d75b74ab local_hash= local_source=none snapshot_missing=false
[WARN] consensus validator set unresolved height=1677 chain_height=2551 expected_hash=d75b74ab local_hash= local_source=none snapshot_missing=false
[WARN] consensus validator set unresolved height=1678 chain_height=2551 expected_hash=d75b74ab local_hash= local_source=none snapshot_missing=false
[WARN] consensus validator set unresolved height=1679 chain_height=2551 expected_hash=d75b74ab local_hash= local_source=none snapshot_missing=false
[WARN] consensus validator set unresolved height=1680 chain_height=2551 expected_hash=d75b74ab local_hash= local_source=none snapshot_missing=false
[WARN] consensus validator set unresolved height=1681 chain_height=2551 expected_hash=d75b74ab local_hash= local_source=none snapshot_missing=false
[WARN] consensus validator set unresolved height=1682 chain_height=2551 expected_hash=d75b74ab local_hash= local_source=none snapshot_missing=false
[WARN] consensus validator set unresolved height=1683 chain_height=2551 expected_hash=d75b74ab local_hash= local_source=none snapshot_missing=false
[WARN] consensus validator set unresolved height=1684 chain_height=2551 expected_hash=d75b74ab local_hash= local_source=none snapshot_missing=false
[WARN] consensus validator set unresolved height=1685 chain_height=2551 expected_hash=d75b74ab local_hash= local_source=none snapshot_missing=false
[WARN] consensus validator set unresolved height=1686 chain_height=2551 expected_hash=d75b74ab local_hash= local_source=none snapshot_missing=false
[WARN] consensus validator set unresolved height=1687 chain_height=2551 expected_hash=d75b74ab local_hash= local_source=none snapshot_missing=false
[WARN] consensus validator set unresolved height=1688 chain_height=2551 expected_hash=d75b74ab local_hash= local_source=none snapshot_missing=false
[WARN] consensus validator set unresolved height=1689 chain_height=2551 expected_hash=d75b74ab local_hash= local_source=none snapshot_missing=false
[WARN] consensus validator set unresolved height=1690 chain_height=2551 expected_hash=d75b74ab local_hash= local_source=none snapshot_missing=false
[WARN] consensus validator set unresolved height=1691 chain_height=2551 expected_hash=d75b74ab local_hash= local_source=none snapshot_missing=false
[WARN] consensus validator set unresolved height=1692 chain_height=2551 expected_hash=d75b74ab local_hash= local_source=none snapshot_missing=false
[WARN] consensus validator set unresolved height=1693 chain_height=2551 expected_hash=d75b74ab local_hash= local_source=none snapshot_missing=false
[WARN] consensus validator set unresolved height=1694 chain_height=2551 expected_hash=d75b74ab local_hash= local_source=none snapshot_missing=false
[WARN] consensus validator set unresolved height=1695 chain_height=2551 expected_hash=d75b74ab local_hash= local_source=none snapshot_missing=false
[WARN] consensus validator set unresolved height=1696 chain_height=2551 expected_hash=d75b74ab local_hash= local_source=none snapshot_missing=false
[WARN] consensus validator set unresolved height=1697 chain_height=2551 expected_hash=d75b74ab local_hash= local_source=none snapshot_missing=false
[WARN] consensus validator set unresolved height=1698 chain_height=2551 expected_hash=d75b74ab local_hash= local_source=none snapshot_missing=false
[WARN] consensus validator set unresolved height=1699 chain_height=2551 expected_hash=d75b74ab local_hash= local_source=none snapshot_missing=false
[WARN] consensus validator set unresolved height=1700 chain_height=2551 expected_hash=d75b74ab local_hash= local_source=none snapshot_missing=false
[WARN] consensus validator set unresolved height=1701 chain_height=2551 expected_hash=d75b74ab local_hash= local_source=none snapshot_missing=false
[WARN] consensus validator set unresolved height=1702 chain_height=2551 expected_hash=d75b74ab local_hash= local_source=none snapshot_missing=false
[WARN] consensus validator set unresolved height=1703 chain_height=2551 expected_hash=d75b74ab local_hash= local_source=none snapshot_missing=false
[WARN] consensus validator set unresolved height=1704 chain_height=2551 expected_hash=d75b74ab local_hash= local_source=none snapshot_missing=false
[WARN] consensus validator set unresolved height=1705 chain_height=2551 expected_hash=d75b74ab local_hash= local_source=none snapshot_missing=false
[WARN] consensus validator set unresolved height=1706 chain_height=2551 expected_hash=d75b74ab local_hash= local_source=none snapshot_missing=false
[WARN] consensus validator set unresolved height=1707 chain_height=2551 expected_hash=d75b74ab local_hash= local_source=none snapshot_missing=false
[WARN] consensus validator set unresolved height=1708 chain_height=2551 expected_hash=d75b74ab local_hash= local_source=none snapshot_missing=false
[WARN] consensus validator set unresolved height=1709 chain_height=2551 expected_hash=d75b74ab local_hash= local_source=none snapshot_missing=false
[WARN] consensus validator set unresolved height=1710 chain_height=2551 expected_hash=d75b74ab local_hash= local_source=none snapshot_missing=false
[WARN] consensus validator set unresolved height=1711 chain_height=2551 expected_hash=d75b74ab local_hash= local_source=none snapshot_missing=false
[WARN] consensus validator set unresolved height=1712 chain_height=2551 expected_hash=d75b74ab local_hash= local_source=none snapshot_missing=false
[WARN] consensus validator set unresolved height=1713 chain_height=2551 expected_hash=d75b74ab local_hash= local_source=none snapshot_missing=false
[WARN] consensus validator set unresolved height=1714 chain_height=2551 expected_hash=d75b74ab local_hash= local_source=none snapshot_missing=false
[WARN] consensus validator set unresolved height=1715 chain_height=2551 expected_hash=d75b74ab local_hash= local_source=none snapshot_missing=false
[WARN] consensus validator set unresolved height=1716 chain_height=2551 expected_hash=d75b74ab local_hash= local_source=none snapshot_missing=false
[WARN] consensus validator set unresolved height=1717 chain_height=2551 expected_hash=d75b74ab local_hash= local_source=none snapshot_missing=false
[WARN] consensus validator set unresolved height=1718 chain_height=2551 expected_hash=d75b74ab local_hash= local_source=none snapshot_missing=false
[WARN] consensus validator set unresolved height=1719 chain_height=2551 expected_hash=d75b74ab local_hash= local_source=none snapshot_missing=false
[WARN] consensus validator set unresolved height=1720 chain_height=2551 expected_hash=d75b74ab local_hash= local_source=none snapshot_missing=false
[WARN] consensus validator set unresolved height=1721 chain_height=2551 expected_hash=d75b74ab local_hash= local_source=none snapshot_missing=false
[WARN] consensus validator set unresolved height=1722 chain_height=2551 expected_hash=d75b74ab local_hash= local_source=none snapshot_missing=false
[WARN] consensus validator set unresolved height=1723 chain_height=2551 expected_hash=d75b74ab local_hash= local_source=none snapshot_missing=false
[WARN] consensus validator set unresolved height=1724 chain_height=2551 expected_hash=d75b74ab local_hash= local_source=none snapshot_missing=false
[WARN] consensus validator set unresolved height=1725 chain_height=2551 expected_hash=d75b74ab local_hash= local_source=none snapshot_missing=false
[WARN] consensus validator set unresolved height=1726 chain_height=2551 expected_hash=d75b74ab local_hash= local_source=none snapshot_missing=false
[WARN] consensus validator set unresolved height=1727 chain_height=2551 expected_hash=d75b74ab local_hash= local_source=none snapshot_missing=false
[WARN] consensus validator set unresolved height=1728 chain_height=2551 expected_hash=d75b74ab local_hash= local_source=none snapshot_missing=false
[WARN] consensus validator set unresolved height=1729 chain_height=2551 expected_hash=d75b74ab local_hash= local_source=none snapshot_missing=false
[WARN] consensus validator set unresolved height=1730 chain_height=2551 expected_hash=d75b74ab local_hash= local_source=none snapshot_missing=false
[WARN] consensus validator set unresolved height=1731 chain_height=2551 expected_hash=d75b74ab local_hash= local_source=none snapshot_missing=false
[WARN] consensus validator set unresolved height=1732 chain_height=2551 expected_hash=d75b74ab local_hash= local_source=none snapshot_missing=false
[WARN] consensus validator set unresolved height=1733 chain_height=2551 expected_hash=d75b74ab local_hash= local_source=none snapshot_missing=false
[WARN] consensus validator set unresolved height=1734 chain_height=2551 expected_hash=d75b74ab local_hash= local_source=none snapshot_missing=false
[WARN] consensus validator set unresolved height=1735 chain_height=2551 expected_hash=d75b74ab local_hash= local_source=none snapshot_missing=false
[WARN] consensus validator set unresolved height=1736 chain_height=2551 expected_hash=d75b74ab local_hash= local_source=none snapshot_missing=false
[WARN] consensus validator set unresolved height=1737 chain_height=2551 expected_hash=d75b74ab local_hash= local_source=none snapshot_missing=false
[WARN] consensus validator set unresolved height=1738 chain_height=2551 expected_hash=d75b74ab local_hash= local_source=none snapshot_missing=false
[WARN] consensus validator set unresolved height=1739 chain_height=2551 expected_hash=d75b74ab local_hash= local_source=none snapshot_missing=false
[WARN] consensus validator set unresolved height=1740 chain_height=2551 expected_hash=d75b74ab local_hash= local_source=none snapshot_missing=false
[WARN] consensus validator set unresolved height=1741 chain_height=2551 expected_hash=d75b74ab local_hash= local_source=none snapshot_missing=false
[WARN] consensus validator set unresolved height=1742 chain_height=2551 expected_hash=d75b74ab local_hash= local_source=none snapshot_missing=false
[WARN] consensus validator set unresolved height=1743 chain_height=2551 expected_hash=d75b74ab local_hash= local_source=none snapshot_missing=false
[WARN] consensus validator set unresolved height=1744 chain_height=2551 expected_hash=d75b74ab local_hash= local_source=none snapshot_missing=false
[WARN] consensus validator set unresolved height=1745 chain_height=2551 expected_hash=d75b74ab local_hash= local_source=none snapshot_missing=false
[WARN] consensus validator set unresolved height=1746 chain_height=2551 expected_hash=d75b74ab local_hash= local_source=none snapshot_missing=false
[WARN] consensus validator set unresolved height=1747 chain_height=2551 expected_hash=d75b74ab local_hash= local_source=none snapshot_missing=false
[WARN] consensus validator set unresolved height=1748 chain_height=2551 expected_hash=d75b74ab local_hash= local_source=none snapshot_missing=false
[WARN] consensus validator set unresolved height=1749 chain_height=2551 expected_hash=d75b74ab local_hash= local_source=none snapshot_missing=false
[WARN] consensus validator set unresolved height=1750 chain_height=2551 expected_hash=d75b74ab local_hash= local_source=none snapshot_missing=false
[WARN] consensus validator set unresolved height=1751 chain_height=2551 expected_hash=d75b74ab local_hash= local_source=none snapshot_missing=false
[WARN] consensus validator set unresolved height=1752 chain_height=2551 expected_hash=d75b74ab local_hash= local_source=none snapshot_missing=false
[WARN] consensus validator set unresolved height=1753 chain_height=2551 expected_hash=d75b74ab local_hash= local_source=none snapshot_missing=false
[WARN] consensus validator set unresolved height=1754 chain_height=2551 expected_hash=d75b74ab local_hash= local_source=none snapshot_missing=false
[WARN] consensus validator set unresolved height=1755 chain_height=2551 expected_hash=d75b74ab local_hash= local_source=none snapshot_missing=false
[WARN] consensus validator set unresolved height=1756 chain_height=2551 expected_hash=d75b74ab local_hash= local_source=none snapshot_missing=false
[WARN] consensus validator set unresolved height=1757 chain_height=2551 expected_hash=d75b74ab local_hash= local_source=none snapshot_missing=false
[WARN] consensus validator set unresolved height=1758 chain_height=2551 expected_hash=d75b74ab local_hash= local_source=none snapshot_missing=false
[WARN] consensus validator set unresolved height=1759 chain_height=2551 expected_hash=d75b74ab local_hash= local_source=none snapshot_missing=false
[WARN] consensus validator set unresolved height=1760 chain_height=2551 expected_hash=d75b74ab local_hash= local_source=none snapshot_missing=false
[WARN] consensus validator set unresolved height=1761 chain_height=2551 expected_hash=d75b74ab local_hash= local_source=none snapshot_missing=false
[WARN] consensus validator set unresolved height=1762 chain_height=2551 expected_hash=d75b74ab local_hash= local_source=none snapshot_missing=false
[WARN] consensus validator set unresolved height=1763 chain_height=2551 expected_hash=d75b74ab local_hash= local_source=none snapshot_missing=false
[WARN] consensus validator set unresolved height=1764 chain_height=2551 expected_hash=d75b74ab local_hash= local_source=none snapshot_missing=false
[WARN] consensus validator set unresolved height=1765 chain_height=2551 expected_hash=d75b74ab local_hash= local_source=none snapshot_missing=false
[WARN] consensus validator set unresolved height=1766 chain_height=2551 expected_hash=d75b74ab local_hash= local_source=none snapshot_missing=false
[WARN] consensus validator set unresolved height=1767 chain_height=2551 expected_hash=d75b74ab local_hash= local_source=none snapshot_missing=false
[WARN] consensus validator set unresolved height=1768 chain_height=2551 expected_hash=d75b74ab local_hash= local_source=none snapshot_missing=false
[WARN] consensus validator set unresolved height=1769 chain_height=2551 expected_hash=d75b74ab local_hash= local_source=none snapshot_missing=false
[WARN] consensus validator set unresolved height=1770 chain_height=2551 expected_hash=d75b74ab local_hash= local_source=none snapshot_missing=false
[WARN] consensus validator set unresolved height=1771 chain_height=2551 expected_hash=d75b74ab local_hash= local_source=none snapshot_missing=false
[WARN] consensus validator set unresolved height=1772 chain_height=2551 expected_hash=d75b74ab local_hash= local_source=none snapshot_missing=false
[WARN] consensus validator set unresolved height=1773 chain_height=2551 expected_hash=d75b74ab local_hash= local_source=none snapshot_missing=false
[WARN] consensus validator set unresolved height=1774 chain_height=2551 expected_hash=d75b74ab local_hash= local_source=none snapshot_missing=false
[WARN] consensus validator set unresolved height=1775 chain_height=2551 expected_hash=d75b74ab local_hash= local_source=none snapshot_missing=false
[WARN] consensus validator set unresolved height=1776 chain_height=2551 expected_hash=d75b74ab local_hash= local_source=none snapshot_missing=false
[WARN] consensus validator set unresolved height=1777 chain_height=2551 expected_hash=d75b74ab local_hash= local_source=none snapshot_missing=false
[WARN] consensus validator set unresolved height=1778 chain_height=2551 expected_hash=d75b74ab local_hash= local_source=none snapshot_missing=false
[WARN] consensus validator set unresolved height=1779 chain_height=2551 expected_hash=d75b74ab local_hash= local_source=none snapshot_missing=false
[WARN] consensus validator set unresolved height=1780 chain_height=2551 expected_hash=d75b74ab local_hash= local_source=none snapshot_missing=false
[WARN] consensus validator set unresolved height=1781 chain_height=2551 expected_hash=d75b74ab local_hash= local_source=none snapshot_missing=false
[WARN] consensus validator set unresolved height=1782 chain_height=2551 expected_hash=d75b74ab local_hash= local_source=none snapshot_missing=false
[WARN] consensus validator set unresolved height=1783 chain_height=2551 expected_hash=d75b74ab local_hash= local_source=none snapshot_missing=false
[WARN] consensus validator set unresolved height=1784 chain_height=2551 expected_hash=d75b74ab local_hash= local_source=none snapshot_missing=false
[WARN] consensus validator set unresolved height=1785 chain_height=2551 expected_hash=d75b74ab local_hash= local_source=none snapshot_missing=false
[WARN] consensus validator set unresolved height=1786 chain_height=2551 expected_hash=d75b74ab local_hash= local_source=none snapshot_missing=false
[WARN] consensus validator set unresolved height=1787 chain_height=2551 expected_hash=d75b74ab local_hash= local_source=none snapshot_missing=false
[WARN] consensus validator set unresolved height=1788 chain_height=2551 expected_hash=d75b74ab local_hash= local_source=none snapshot_missing=false
[WARN] consensus validator set unresolved height=1789 chain_height=2551 expected_hash=d75b74ab local_hash= local_source=none snapshot_missing=false
[WARN] consensus validator set unresolved height=1790 chain_height=2551 expected_hash=d75b74ab local_hash= local_source=none snapshot_missing=false
[WARN] consensus validator set unresolved height=1791 chain_height=2551 expected_hash=d75b74ab local_hash= local_source=none snapshot_missing=false
[WARN] consensus validator set unresolved height=1792 chain_height=2551 expected_hash=d75b74ab local_hash= local_source=none snapshot_missing=false
[WARN] consensus validator set unresolved height=1793 chain_height=2551 expected_hash=d75b74ab local_hash= local_source=none snapshot_missing=false
[WARN] consensus validator set unresolved height=1794 chain_height=2551 expected_hash=d75b74ab local_hash= local_source=none snapshot_missing=false
[WARN] consensus validator set unresolved height=1795 chain_height=2551 expected_hash=d75b74ab local_hash= local_source=none snapshot_missing=false
[WARN] consensus validator set unresolved height=1796 chain_height=2551 expected_hash=d75b74ab local_hash= local_source=none snapshot_missing=false
[WARN] consensus validator set unresolved height=1797 chain_height=2551 expected_hash=d75b74ab local_hash= local_source=none snapshot_missing=false
[WARN] consensus validator set unresolved height=1798 chain_height=2551 expected_hash=d75b74ab local_hash= local_source=none snapshot_missing=false
[WARN] consensus validator set unresolved height=1799 chain_height=2551 expected_hash=d75b74ab local_hash= local_source=none snapshot_missing=false
[WARN] consensus validator set unresolved height=1800 chain_height=2551 expected_hash=d75b74ab local_hash= local_source=none snapshot_missing=false
[WARN] consensus validator set unresolved height=1801 chain_height=2551 expected_hash=d75b74ab local_hash= local_source=none snapshot_missing=false
[WARN] consensus validator set unresolved height=1802 chain_height=2551 expected_hash=d75b74ab local_hash= local_source=none snapshot_missing=false
[WARN] consensus validator set unresolved height=1803 chain_height=2551 expected_hash=d75b74ab local_hash= local_source=none snapshot_missing=false
[WARN] consensus validator set unresolved height=1804 chain_height=2551 expected_hash=d75b74ab local_hash= local_source=none snapshot_missing=false
[WARN] consensus validator set unresolved height=1805 chain_height=2551 expected_hash=d75b74ab local_hash= local_source=none snapshot_missing=false
[WARN] consensus validator set unresolved height=1806 chain_height=2551 expected_hash=d75b74ab local_hash= local_source=none snapshot_missing=false
[WARN] consensus validator set unresolved height=1807 chain_height=2551 expected_hash=d75b74ab local_hash= local_source=none snapshot_missing=false
[WARN] consensus validator set unresolved height=1808 chain_height=2551 expected_hash=d75b74ab local_hash= local_source=none snapshot_missing=false
[WARN] consensus validator set unresolved height=1809 chain_height=2551 expected_hash=d75b74ab local_hash= local_source=none snapshot_missing=false
[WARN] consensus validator set unresolved height=1810 chain_height=2551 expected_hash=d75b74ab local_hash= local_source=none snapshot_missing=false
[WARN] consensus validator set unresolved height=1811 chain_height=2551 expected_hash=d75b74ab local_hash= local_source=none snapshot_missing=false
[WARN] consensus validator set unresolved height=1812 chain_height=2551 expected_hash=d75b74ab local_hash= local_source=none snapshot_missing=false
[WARN] consensus validator set unresolved height=1813 chain_height=2551 expected_hash=d75b74ab local_hash= local_source=none snapshot_missing=false
[WARN] consensus validator set unresolved height=1814 chain_height=2551 expected_hash=d75b74ab local_hash= local_source=none snapshot_missing=false
[WARN] consensus validator set unresolved height=1815 chain_height=2551 expected_hash=d75b74ab local_hash= local_source=none snapshot_missing=false
[WARN] consensus validator set unresolved height=1816 chain_height=2551 expected_hash=d75b74ab local_hash= local_source=none snapshot_missing=false
[WARN] consensus validator set unresolved height=1817 chain_height=2551 expected_hash=d75b74ab local_hash= local_source=none snapshot_missing=false
[WARN] consensus validator set unresolved height=1818 chain_height=2551 expected_hash=d75b74ab local_hash= local_source=none snapshot_missing=false
[WARN] consensus validator set unresolved height=1819 chain_height=2551 expected_hash=d75b74ab local_hash= local_source=none snapshot_missing=false
[WARN] consensus validator set unresolved height=1820 chain_height=2551 expected_hash=d75b74ab local_hash= local_source=none snapshot_missing=false
[WARN] consensus validator set unresolved height=1821 chain_height=2551 expected_hash=d75b74ab local_hash= local_source=none snapshot_missing=false
[WARN] consensus validator set unresolved height=1822 chain_height=2551 expected_hash=d75b74ab local_hash= local_source=none snapshot_missing=false
[WARN] consensus validator set unresolved height=1823 chain_height=2551 expected_hash=d75b74ab local_hash= local_source=none snapshot_missing=false
[WARN] consensus validator set unresolved height=1824 chain_height=2551 expected_hash=d75b74ab local_hash= local_source=none snapshot_missing=false
[WARN] consensus validator set unresolved height=1825 chain_height=2551 expected_hash=d75b74ab local_hash= local_source=none snapshot_missing=false
[WARN] consensus validator set unresolved height=1826 chain_height=2551 expected_hash=d75b74ab local_hash= local_source=none snapshot_missing=false
[WARN] consensus validator set unresolved height=1827 chain_height=2551 expected_hash=d75b74ab local_hash= local_source=none snapshot_missing=false
[WARN] consensus validator set unresolved height=1828 chain_height=2551 expected_hash=d75b74ab local_hash= local_source=none snapshot_missing=false
[WARN] consensus validator set unresolved height=1829 chain_height=2551 expected_hash=d75b74ab local_hash= local_source=none snapshot_missing=false
[WARN] consensus validator set unresolved height=1830 chain_height=2551 expected_hash=d75b74ab local_hash= local_source=none snapshot_missing=false
[WARN] consensus validator set unresolved height=1831 chain_height=2551 expected_hash=d75b74ab local_hash= local_source=none snapshot_missing=false
[WARN] consensus validator set unresolved height=1832 chain_height=2551 expected_hash=d75b74ab local_hash= local_source=none snapshot_missing=false
[WARN] consensus validator set unresolved height=1833 chain_height=2551 expected_hash=d75b74ab local_hash= local_source=none snapshot_missing=false
[WARN] consensus validator set unresolved height=1834 chain_height=2551 expected_hash=d75b74ab local_hash= local_source=none snapshot_missing=false
[WARN] consensus validator set unresolved height=1835 chain_height=2551 expected_hash=d75b74ab local_hash= local_source=none snapshot_missing=false
[WARN] consensus validator set unresolved height=1836 chain_height=2551 expected_hash=d75b74ab local_hash= local_source=none snapshot_missing=false
[WARN] consensus validator set unresolved height=1837 chain_height=2551 expected_hash=d75b74ab local_hash= local_source=none snapshot_missing=false
[WARN] consensus validator set unresolved height=1838 chain_height=2551 expected_hash=d75b74ab local_hash= local_source=none snapshot_missing=false
[WARN] consensus validator set unresolved height=1839 chain_height=2551 expected_hash=d75b74ab local_hash= local_source=none snapshot_missing=false
[WARN] consensus validator set unresolved height=1840 chain_height=2551 expected_hash=d75b74ab local_hash= local_source=none snapshot_missing=false
[WARN] consensus validator set unresolved height=1841 chain_height=2551 expected_hash=d75b74ab local_hash= local_source=none snapshot_missing=false
[WARN] consensus validator set unresolved height=1842 chain_height=2551 expected_hash=d75b74ab local_hash= local_source=none snapshot_missing=false
[WARN] consensus validator set unresolved height=1843 chain_height=2551 expected_hash=d75b74ab local_hash= local_source=none snapshot_missing=false
[WARN] consensus validator set unresolved height=1844 chain_height=2551 expected_hash=d75b74ab local_hash= local_source=none snapshot_missing=false
[WARN] consensus validator set unresolved height=1845 chain_height=2551 expected_hash=d75b74ab local_hash= local_source=none snapshot_missing=false
[WARN] consensus validator set unresolved height=1846 chain_height=2551 expected_hash=d75b74ab local_hash= local_source=none snapshot_missing=false
[WARN] consensus validator set unresolved height=1847 chain_height=2551 expected_hash=d75b74ab local_hash= local_source=none snapshot_missing=false
[WARN] consensus validator set unresolved height=1848 chain_height=2551 expected_hash=d75b74ab local_hash= local_source=none snapshot_missing=false
[WARN] consensus validator set unresolved height=1849 chain_height=2551 expected_hash=d75b74ab local_hash= local_source=none snapshot_missing=false
[WARN] consensus validator set unresolved height=1850 chain_height=2551 expected_hash=d75b74ab local_hash= local_source=none snapshot_missing=false
[WARN] consensus validator set unresolved height=1851 chain_height=2551 expected_hash=d75b74ab local_hash= local_source=none snapshot_missing=false
[WARN] consensus validator set unresolved height=1852 chain_height=2551 expected_hash=d75b74ab local_hash= local_source=none snapshot_missing=false
[WARN] consensus validator set unresolved height=1853 chain_height=2551 expected_hash=d75b74ab local_hash= local_source=none snapshot_missing=false
[WARN] consensus validator set unresolved height=1854 chain_height=2551 expected_hash=d75b74ab local_hash= local_source=none snapshot_missing=false
[WARN] consensus validator set unresolved height=1855 chain_height=2551 expected_hash=d75b74ab local_hash= local_source=none snapshot_missing=false
[WARN] consensus validator set unresolved height=1856 chain_height=2551 expected_hash=d75b74ab local_hash= local_source=none snapshot_missing=false
[WARN] consensus validator set unresolved height=1857 chain_height=2551 expected_hash=d75b74ab local_hash= local_source=none snapshot_missing=false
[WARN] consensus validator set unresolved height=1858 chain_height=2551 expected_hash=d75b74ab local_hash= local_source=none snapshot_missing=false
[WARN] consensus validator set unresolved height=1859 chain_height=2551 expected_hash=d75b74ab local_hash= local_source=none snapshot_missing=false
[WARN] consensus validator set unresolved height=1860 chain_height=2551 expected_hash=d75b74ab local_hash= local_source=none snapshot_missing=false
[WARN] consensus validator set unresolved height=1861 chain_height=2551 expected_hash=d75b74ab local_hash= local_source=none snapshot_missing=false
[WARN] consensus validator set unresolved height=1862 chain_height=2551 expected_hash=d75b74ab local_hash= local_source=none snapshot_missing=false
[WARN] consensus validator set unresolved height=1863 chain_height=2551 expected_hash=d75b74ab local_hash= local_source=none snapshot_missing=false
[WARN] consensus validator set unresolved height=1864 chain_height=2551 expected_hash=d75b74ab local_hash= local_source=none snapshot_missing=false
[WARN] consensus validator set unresolved height=1865 chain_height=2551 expected_hash=d75b74ab local_hash= local_source=none snapshot_missing=false
[WARN] consensus validator set unresolved height=1866 chain_height=2551 expected_hash=d75b74ab local_hash= local_source=none snapshot_missing=false
[WARN] consensus validator set unresolved height=1867 chain_height=2551 expected_hash=d75b74ab local_hash= local_source=none snapshot_missing=false
[WARN] consensus validator set unresolved height=1868 chain_height=2551 expected_hash=d75b74ab local_hash= local_source=none snapshot_missing=false
[WARN] consensus validator set unresolved height=1869 chain_height=2551 expected_hash=d75b74ab local_hash= local_source=none snapshot_missing=false
[WARN] consensus validator set unresolved height=1870 chain_height=2551 expected_hash=d75b74ab local_hash= local_source=none snapshot_missing=false
[WARN] consensus validator set unresolved height=1871 chain_height=2551 expected_hash=d75b74ab local_hash= local_source=none snapshot_missing=false
[WARN] consensus validator set unresolved height=1872 chain_height=2551 expected_hash=d75b74ab local_hash= local_source=none snapshot_missing=false
[WARN] consensus validator set unresolved height=1873 chain_height=2551 expected_hash=d75b74ab local_hash= local_source=none snapshot_missing=false
[WARN] consensus validator set unresolved height=1874 chain_height=2551 expected_hash=d75b74ab local_hash= local_source=none snapshot_missing=false
[WARN] consensus validator set unresolved height=1875 chain_height=2551 expected_hash=d75b74ab local_hash= local_source=none snapshot_missing=false
[WARN] consensus validator set unresolved height=1876 chain_height=2551 expected_hash=d75b74ab local_hash= local_source=none snapshot_missing=false
[WARN] consensus validator set unresolved height=1877 chain_height=2551 expected_hash=d75b74ab local_hash= local_source=none snapshot_missing=false
[WARN] consensus validator set unresolved height=1878 chain_height=2551 expected_hash=d75b74ab local_hash= local_source=none snapshot_missing=false
[WARN] consensus validator set unresolved height=1879 chain_height=2551 expected_hash=d75b74ab local_hash= local_source=none snapshot_missing=false
[WARN] consensus validator set unresolved height=1880 chain_height=2551 expected_hash=d75b74ab local_hash= local_source=none snapshot_missing=false
[WARN] consensus validator set unresolved height=1881 chain_height=2551 expected_hash=d75b74ab local_hash= local_source=none snapshot_missing=false
[WARN] consensus validator set unresolved height=1882 chain_height=2551 expected_hash=d75b74ab local_hash= local_source=none snapshot_missing=false
[WARN] consensus validator set unresolved height=1883 chain_height=2551 expected_hash=d75b74ab local_hash= local_source=none snapshot_missing=false
[WARN] consensus validator set unresolved height=1884 chain_height=2551 expected_hash=d75b74ab local_hash= local_source=none snapshot_missing=false
[WARN] consensus validator set unresolved height=1885 chain_height=2551 expected_hash=d75b74ab local_hash= local_source=none snapshot_missing=false
[WARN] consensus validator set unresolved height=1886 chain_height=2551 expected_hash=d75b74ab local_hash= local_source=none snapshot_missing=false
[WARN] consensus validator set unresolved height=1887 chain_height=2551 expected_hash=d75b74ab local_hash= local_source=none snapshot_missing=false
[WARN] consensus validator set unresolved height=1888 chain_height=2551 expected_hash=d75b74ab local_hash= local_source=none snapshot_missing=false
[WARN] consensus validator set unresolved height=1889 chain_height=2551 expected_hash=d75b74ab local_hash= local_source=none snapshot_missing=false
[WARN] consensus validator set unresolved height=1890 chain_height=2551 expected_hash=d75b74ab local_hash= local_source=none snapshot_missing=false
[WARN] consensus validator set unresolved height=1891 chain_height=2551 expected_hash=d75b74ab local_hash= local_source=none snapshot_missing=false
[WARN] consensus validator set unresolved height=1892 chain_height=2551 expected_hash=d75b74ab local_hash= local_source=none snapshot_missing=false
[WARN] consensus validator set unresolved height=1893 chain_height=2551 expected_hash=d75b74ab local_hash= local_source=none snapshot_missing=false
[WARN] consensus validator set unresolved height=1894 chain_height=2551 expected_hash=d75b74ab local_hash= local_source=none snapshot_missing=false
[WARN] consensus validator set unresolved height=1895 chain_height=2551 expected_hash=d75b74ab local_hash= local_source=none snapshot_missing=false
[WARN] consensus validator set unresolved height=1896 chain_height=2551 expected_hash=d75b74ab local_hash= local_source=none snapshot_missing=false
[WARN] consensus validator set unresolved height=1897 chain_height=2551 expected_hash=d75b74ab local_hash= local_source=none snapshot_missing=false
[WARN] consensus validator set unresolved height=1898 chain_height=2551 expected_hash=d75b74ab local_hash= local_source=none snapshot_missing=false
[WARN] consensus validator set unresolved height=1899 chain_height=2551 expected_hash=d75b74ab local_hash= local_source=none snapshot_missing=false
[WARN] consensus validator set unresolved height=1900 chain_height=2551 expected_hash=d75b74ab local_hash= local_source=none snapshot_missing=false
[WARN] consensus validator set unresolved height=1901 chain_height=2551 expected_hash=d75b74ab local_hash= local_source=none snapshot_missing=false
[WARN] consensus validator set unresolved height=1902 chain_height=2551 expected_hash=d75b74ab local_hash= local_source=none snapshot_missing=false
[WARN] consensus validator set unresolved height=1903 chain_height=2551 expected_hash=d75b74ab local_hash= local_source=none snapshot_missing=false
[WARN] consensus validator set unresolved height=1904 chain_height=2551 expected_hash=d75b74ab local_hash= local_source=none snapshot_missing=false
[WARN] consensus validator set unresolved height=1905 chain_height=2551 expected_hash=d75b74ab local_hash= local_source=none snapshot_missing=false
[WARN] consensus validator set unresolved height=1906 chain_height=2551 expected_hash=d75b74ab local_hash= local_source=none snapshot_missing=false
[WARN] consensus validator set unresolved height=1907 chain_height=2551 expected_hash=d75b74ab local_hash= local_source=none snapshot_missing=false
[WARN] consensus validator set unresolved height=1908 chain_height=2551 expected_hash=d75b74ab local_hash= local_source=none snapshot_missing=false
[WARN] consensus validator set unresolved height=1909 chain_height=2551 expected_hash=d75b74ab local_hash= local_source=none snapshot_missing=false
[WARN] consensus validator set unresolved height=1910 chain_height=2551 expected_hash=d75b74ab local_hash= local_source=none snapshot_missing=false
[WARN] consensus validator set unresolved height=1911 chain_height=2551 expected_hash=d75b74ab local_hash= local_source=none snapshot_missing=false
[WARN] consensus validator set unresolved height=1912 chain_height=2551 expected_hash=d75b74ab local_hash= local_source=none snapshot_missing=false
[WARN] consensus validator set unresolved height=1913 chain_height=2551 expected_hash=d75b74ab local_hash= local_source=none snapshot_missing=false
[WARN] consensus validator set unresolved height=1914 chain_height=2551 expected_hash=d75b74ab local_hash= local_source=none snapshot_missing=false
[WARN] consensus validator set unresolved height=1915 chain_height=2551 expected_hash=d75b74ab local_hash= local_source=none snapshot_missing=false
[WARN] consensus validator set unresolved height=1916 chain_height=2551 expected_hash=d75b74ab local_hash= local_source=none snapshot_missing=false
[WARN] consensus validator set unresolved height=1917 chain_height=2551 expected_hash=d75b74ab local_hash= local_source=none snapshot_missing=false
[WARN] consensus validator set unresolved height=1918 chain_height=2551 expected_hash=d75b74ab local_hash= local_source=none snapshot_missing=false
[WARN] consensus validator set unresolved height=1919 chain_height=2551 expected_hash=d75b74ab local_hash= local_source=none snapshot_missing=false
[WARN] consensus validator set unresolved height=1920 chain_height=2551 expected_hash=d75b74ab local_hash= local_source=none snapshot_missing=false
[WARN] consensus validator set unresolved height=1921 chain_height=2551 expected_hash=d75b74ab local_hash= local_source=none snapshot_missing=false
[WARN] consensus validator set unresolved height=1922 chain_height=2551 expected_hash=d75b74ab local_hash= local_source=none snapshot_missing=false
[WARN] consensus validator set unresolved height=1923 chain_height=2551 expected_hash=d75b74ab local_hash= local_source=none snapshot_missing=false
[WARN] consensus validator set unresolved height=1924 chain_height=2551 expected_hash=d75b74ab local_hash= local_source=none snapshot_missing=false
[WARN] consensus validator set unresolved height=1925 chain_height=2551 expected_hash=d75b74ab local_hash= local_source=none snapshot_missing=false
[WARN] consensus validator set unresolved height=1926 chain_height=2551 expected_hash=d75b74ab local_hash= local_source=none snapshot_missing=false
[WARN] consensus validator set unresolved height=1927 chain_height=2551 expected_hash=d75b74ab local_hash= local_source=none snapshot_missing=false
[WARN] consensus validator set unresolved height=1928 chain_height=2551 expected_hash=d75b74ab local_hash= local_source=none snapshot_missing=false
[WARN] consensus validator set unresolved height=1929 chain_height=2551 expected_hash=d75b74ab local_hash= local_source=none snapshot_missing=false
[WARN] consensus validator set unresolved height=1930 chain_height=2551 expected_hash=d75b74ab local_hash= local_source=none snapshot_missing=false
[WARN] consensus validator set unresolved height=1931 chain_height=2551 expected_hash=d75b74ab local_hash= local_source=none snapshot_missing=false
[WARN] consensus validator set unresolved height=1932 chain_height=2551 expected_hash=d75b74ab local_hash= local_source=none snapshot_missing=false
[WARN] consensus validator set unresolved height=1933 chain_height=2551 expected_hash=d75b74ab local_hash= local_source=none snapshot_missing=false
[WARN] consensus validator set unresolved height=1934 chain_height=2551 expected_hash=d75b74ab local_hash= local_source=none snapshot_missing=false
[WARN] consensus validator set unresolved height=1935 chain_height=2551 expected_hash=d75b74ab local_hash= local_source=none snapshot_missing=false
[WARN] consensus validator set unresolved height=1936 chain_height=2551 expected_hash=d75b74ab local_hash= local_source=none snapshot_missing=false
[WARN] consensus validator set unresolved height=1937 chain_height=2551 expected_hash=d75b74ab local_hash= local_source=none snapshot_missing=false
[WARN] consensus validator set unresolved height=1938 chain_height=2551 expected_hash=d75b74ab local_hash= local_source=none snapshot_missing=false
[WARN] consensus validator set unresolved height=1939 chain_height=2551 expected_hash=d75b74ab local_hash= local_source=none snapshot_missing=false
[WARN] consensus validator set unresolved height=1940 chain_height=2551 expected_hash=d75b74ab local_hash= local_source=none snapshot_missing=false
[WARN] consensus validator set unresolved height=1941 chain_height=2551 expected_hash=d75b74ab local_hash= local_source=none snapshot_missing=false
[WARN] consensus validator set unresolved height=1942 chain_height=2551 expected_hash=d75b74ab local_hash= local_source=none snapshot_missing=false
[WARN] consensus validator set unresolved height=1943 chain_height=2551 expected_hash=d75b74ab local_hash= local_source=none snapshot_missing=false
[WARN] consensus validator set unresolved height=1944 chain_height=2551 expected_hash=d75b74ab local_hash= local_source=none snapshot_missing=false
[WARN] consensus validator set unresolved height=1945 chain_height=2551 expected_hash=d75b74ab local_hash= local_source=none snapshot_missing=false
[WARN] consensus validator set unresolved height=1946 chain_height=2551 expected_hash=d75b74ab local_hash= local_source=none snapshot_missing=false
[WARN] consensus validator set unresolved height=1947 chain_height=2551 expected_hash=d75b74ab local_hash= local_source=none snapshot_missing=false
[WARN] consensus validator set unresolved height=1948 chain_height=2551 expected_hash=d75b74ab local_hash= local_source=none snapshot_missing=false
[WARN] consensus validator set unresolved height=1949 chain_height=2551 expected_hash=d75b74ab local_hash= local_source=none snapshot_missing=false
[WARN] consensus validator set unresolved height=1950 chain_height=2551 expected_hash=d75b74ab local_hash= local_source=none snapshot_missing=false
[WARN] consensus validator set unresolved height=1951 chain_height=2551 expected_hash=d75b74ab local_hash= local_source=none snapshot_missing=false
[WARN] consensus validator set unresolved height=1952 chain_height=2551 expected_hash=d75b74ab local_hash= local_source=none snapshot_missing=false
[WARN] consensus validator set unresolved height=1953 chain_height=2551 expected_hash=d75b74ab local_hash= local_source=none snapshot_missing=false
[WARN] consensus validator set unresolved height=1954 chain_height=2551 expected_hash=d75b74ab local_hash= local_source=none snapshot_missing=false
[WARN] consensus validator set unresolved height=1955 chain_height=2551 expected_hash=d75b74ab local_hash= local_source=none snapshot_missing=false
[WARN] consensus validator set unresolved height=1956 chain_height=2551 expected_hash=d75b74ab local_hash= local_source=none snapshot_missing=false
[WARN] consensus validator set unresolved height=1957 chain_height=2551 expected_hash=d75b74ab local_hash= local_source=none snapshot_missing=false
[WARN] consensus validator set unresolved height=1958 chain_height=2551 expected_hash=d75b74ab local_hash= local_source=none snapshot_missing=false
[WARN] consensus validator set unresolved height=1959 chain_height=2551 expected_hash=d75b74ab local_hash= local_source=none snapshot_missing=false
[WARN] consensus validator set unresolved height=1960 chain_height=2551 expected_hash=d75b74ab local_hash= local_source=none snapshot_missing=false
[WARN] consensus validator set unresolved height=1961 chain_height=2551 expected_hash=d75b74ab local_hash= local_source=none snapshot_missing=false
[WARN] consensus validator set unresolved height=1962 chain_height=2551 expected_hash=d75b74ab local_hash= local_source=none snapshot_missing=false
[WARN] consensus validator set unresolved height=1963 chain_height=2551 expected_hash=d75b74ab local_hash= local_source=none snapshot_missing=false
[WARN] consensus validator set unresolved height=1964 chain_height=2551 expected_hash=d75b74ab local_hash= local_source=none snapshot_missing=false
[WARN] consensus validator set unresolved height=1965 chain_height=2551 expected_hash=d75b74ab local_hash= local_source=none snapshot_missing=false
[WARN] consensus validator set unresolved height=1966 chain_height=2551 expected_hash=d75b74ab local_hash= local_source=none snapshot_missing=false
[WARN] consensus validator set unresolved height=1967 chain_height=2551 expected_hash=d75b74ab local_hash= local_source=none snapshot_missing=false
[WARN] consensus validator set unresolved height=1968 chain_height=2551 expected_hash=d75b74ab local_hash= local_source=none snapshot_missing=false
[WARN] consensus validator set unresolved height=1969 chain_height=2551 expected_hash=d75b74ab local_hash= local_source=none snapshot_missing=false
[WARN] consensus validator set unresolved height=1970 chain_height=2551 expected_hash=d75b74ab local_hash= local_source=none snapshot_missing=false
[WARN] consensus validator set unresolved height=1971 chain_height=2551 expected_hash=d75b74ab local_hash= local_source=none snapshot_missing=false
[WARN] consensus validator set unresolved height=1972 chain_height=2551 expected_hash=d75b74ab local_hash= local_source=none snapshot_missing=false
[WARN] consensus validator set unresolved height=1973 chain_height=2551 expected_hash=d75b74ab local_hash= local_source=none snapshot_missing=false
[WARN] consensus validator set unresolved height=1974 chain_height=2551 expected_hash=d75b74ab local_hash= local_source=none snapshot_missing=false
[WARN] consensus validator set unresolved height=1975 chain_height=2551 expected_hash=d75b74ab local_hash= local_source=none snapshot_missing=false
[WARN] consensus validator set unresolved height=1976 chain_height=2551 expected_hash=d75b74ab local_hash= local_source=none snapshot_missing=false
[WARN] consensus validator set unresolved height=1977 chain_height=2551 expected_hash=d75b74ab local_hash= local_source=none snapshot_missing=false
[WARN] consensus validator set unresolved height=1978 chain_height=2551 expected_hash=d75b74ab local_hash= local_source=none snapshot_missing=false
[WARN] consensus validator set unresolved height=1979 chain_height=2551 expected_hash=d75b74ab local_hash= local_source=none snapshot_missing=false
[WARN] consensus validator set unresolved height=1980 chain_height=2551 expected_hash=d75b74ab local_hash= local_source=none snapshot_missing=false
[WARN] consensus validator set unresolved height=1981 chain_height=2551 expected_hash=d75b74ab local_hash= local_source=none snapshot_missing=false
[WARN] consensus validator set unresolved height=1982 chain_height=2551 expected_hash=d75b74ab local_hash= local_source=none snapshot_missing=false
[WARN] consensus validator set unresolved height=1983 chain_height=2551 expected_hash=d75b74ab local_hash= local_source=none snapshot_missing=false
[WARN] consensus validator set unresolved height=1984 chain_height=2551 expected_hash=d75b74ab local_hash= local_source=none snapshot_missing=false
[WARN] consensus validator set unresolved height=1985 chain_height=2551 expected_hash=d75b74ab local_hash= local_source=none snapshot_missing=false
[WARN] consensus validator set unresolved height=1986 chain_height=2551 expected_hash=d75b74ab local_hash= local_source=none snapshot_missing=false
[WARN] consensus validator set unresolved height=1987 chain_height=2551 expected_hash=d75b74ab local_hash= local_source=none snapshot_missing=false
[WARN] consensus validator set unresolved height=1988 chain_height=2551 expected_hash=d75b74ab local_hash= local_source=none snapshot_missing=false
[WARN] consensus validator set unresolved height=1989 chain_height=2551 expected_hash=d75b74ab local_hash= local_source=none snapshot_missing=false
[WARN] consensus validator set unresolved height=1990 chain_height=2551 expected_hash=d75b74ab local_hash= local_source=none snapshot_missing=false
[WARN] consensus validator set unresolved height=1991 chain_height=2551 expected_hash=d75b74ab local_hash= local_source=none snapshot_missing=false
[WARN] consensus validator set unresolved height=1992 chain_height=2551 expected_hash=d75b74ab local_hash= local_source=none snapshot_missing=false
[WARN] consensus validator set unresolved height=1993 chain_height=2551 expected_hash=d75b74ab local_hash= local_source=none snapshot_missing=false
[WARN] consensus validator set unresolved height=1994 chain_height=2551 expected_hash=d75b74ab local_hash= local_source=none snapshot_missing=false
[WARN] consensus validator set unresolved height=1995 chain_height=2551 expected_hash=d75b74ab local_hash= local_source=none snapshot_missing=false
[WARN] consensus validator set unresolved height=1996 chain_height=2551 expected_hash=d75b74ab local_hash= local_source=none snapshot_missing=false
[WARN] consensus validator set unresolved height=1997 chain_height=2551 expected_hash=d75b74ab local_hash= local_source=none snapshot_missing=false
[WARN] consensus validator set unresolved height=1998 chain_height=2551 expected_hash=d75b74ab local_hash= local_source=none snapshot_missing=false
[WARN] consensus validator set unresolved height=1999 chain_height=2551 expected_hash=d75b74ab local_hash= local_source=none snapshot_missing=false
[WARN] consensus validator set unresolved height=2000 chain_height=2551 expected_hash=d75b74ab local_hash= local_source=none snapshot_missing=false
[WARN] consensus validator set unresolved height=2001 chain_height=2551 expected_hash=d75b74ab local_hash= local_source=none snapshot_missing=false
[WARN] consensus validator set unresolved height=2002 chain_height=2551 expected_hash=d75b74ab local_hash= local_source=none snapshot_missing=false
[WARN] consensus validator set unresolved height=2003 chain_height=2551 expected_hash=d75b74ab local_hash= local_source=none snapshot_missing=false
[WARN] consensus validator set unresolved height=2004 chain_height=2551 expected_hash=d75b74ab local_hash= local_source=none snapshot_missing=false
[WARN] consensus validator set unresolved height=2005 chain_height=2551 expected_hash=d75b74ab local_hash= local_source=none snapshot_missing=false
[WARN] consensus validator set unresolved height=2006 chain_height=2551 expected_hash=d75b74ab local_hash= local_source=none snapshot_missing=false
[WARN] consensus validator set unresolved height=2007 chain_height=2551 expected_hash=d75b74ab local_hash= local_source=none snapshot_missing=false
[WARN] consensus validator set unresolved height=2008 chain_height=2551 expected_hash=d75b74ab local_hash= local_source=none snapshot_missing=false
[WARN] consensus validator set unresolved height=2009 chain_height=2551 expected_hash=d75b74ab local_hash= local_source=none snapshot_missing=false
[WARN] consensus validator set unresolved height=2010 chain_height=2551 expected_hash=d75b74ab local_hash= local_source=none snapshot_missing=false
[WARN] consensus validator set unresolved height=2011 chain_height=2551 expected_hash=d75b74ab local_hash= local_source=none snapshot_missing=false
[WARN] consensus validator set unresolved height=2012 chain_height=2551 expected_hash=d75b74ab local_hash= local_source=none snapshot_missing=false
[WARN] consensus validator set unresolved height=2013 chain_height=2551 expected_hash=d75b74ab local_hash= local_source=none snapshot_missing=false
[WARN] consensus validator set unresolved height=2014 chain_height=2551 expected_hash=d75b74ab local_hash= local_source=none snapshot_missing=false
[WARN] consensus validator set unresolved height=2015 chain_height=2551 expected_hash=d75b74ab local_hash= local_source=none snapshot_missing=false
[WARN] consensus validator set unresolved height=2016 chain_height=2551 expected_hash=d75b74ab local_hash= local_source=none snapshot_missing=false
[WARN] consensus validator set unresolved height=2017 chain_height=2551 expected_hash=d75b74ab local_hash= local_source=none snapshot_missing=false
[WARN] consensus validator set unresolved height=2018 chain_height=2551 expected_hash=d75b74ab local_hash= local_source=none snapshot_missing=false
[WARN] consensus validator set unresolved height=2019 chain_height=2551 expected_hash=d75b74ab local_hash= local_source=none snapshot_missing=false
[WARN] consensus validator set unresolved height=2020 chain_height=2551 expected_hash=d75b74ab local_hash= local_source=none snapshot_missing=false
[WARN] consensus validator set unresolved height=2021 chain_height=2551 expected_hash=d75b74ab local_hash= local_source=none snapshot_missing=false
[WARN] consensus validator set unresolved height=2022 chain_height=2551 expected_hash=d75b74ab local_hash= local_source=none snapshot_missing=false
2026/05/20 15:06:28 [REGISTRY-HISTORY-REBUILD] height=2551 status=scheduled reason=consensus_set_unresolved
2026/05/20 15:06:28 [REGISTRY-HISTORY-REBUILD] height=2551 status=started reason=consensus_set_unresolved
[WARN] consensus validator set unresolved height=2023 chain_height=2551 expected_hash=d75b74ab local_hash= local_source=none snapshot_missing=false
2026/05/20 15:06:28 [REGISTRY-HISTORY-REBUILD] height=2551 status=ok reason=consensus_set_unresolved
[WARN] consensus validator set unresolved height=2024 chain_height=2551 expected_hash=d75b74ab local_hash= local_source=none snapshot_missing=false
[WARN] consensus validator set unresolved height=2025 chain_height=2551 expected_hash=d75b74ab local_hash= local_source=none snapshot_missing=false
[WARN] consensus validator set unresolved height=2026 chain_height=2551 expected_hash=d75b74ab local_hash= local_source=none snapshot_missing=false
[WARN] consensus validator set unresolved height=2027 chain_height=2551 expected_hash=d75b74ab local_hash= local_source=none snapshot_missing=false
[WARN] consensus validator set unresolved height=2028 chain_height=2551 expected_hash=d75b74ab local_hash= local_source=none snapshot_missing=false
[WARN] consensus validator set unresolved height=2029 chain_height=2551 expected_hash=d75b74ab local_hash= local_source=none snapshot_missing=false
[WARN] consensus validator set unresolved height=2030 chain_height=2551 expected_hash=d75b74ab local_hash= local_source=none snapshot_missing=false
[WARN] consensus validator set unresolved height=2031 chain_height=2551 expected_hash=d75b74ab local_hash= local_source=none snapshot_missing=false
[WARN] consensus validator set unresolved height=2032 chain_height=2551 expected_hash=d75b74ab local_hash= local_source=none snapshot_missing=false
[WARN] consensus validator set unresolved height=2033 chain_height=2551 expected_hash=d75b74ab local_hash= local_source=none snapshot_missing=false
[WARN] consensus validator set unresolved height=2034 chain_height=2551 expected_hash=d75b74ab local_hash= local_source=none snapshot_missing=false
[WARN] consensus validator set unresolved height=2035 chain_height=2551 expected_hash=d75b74ab local_hash= local_source=none snapshot_missing=false
[WARN] consensus validator set unresolved height=2036 chain_height=2551 expected_hash=d75b74ab local_hash= local_source=none snapshot_missing=false
[WARN] consensus validator set unresolved height=2037 chain_height=2551 expected_hash=d75b74ab local_hash= local_source=none snapshot_missing=false
[WARN] consensus validator set unresolved height=2038 chain_height=2551 expected_hash=d75b74ab local_hash= local_source=none snapshot_missing=false
[WARN] consensus validator set unresolved height=2039 chain_height=2551 expected_hash=d75b74ab local_hash= local_source=none snapshot_missing=false
[WARN] consensus validator set unresolved height=2040 chain_height=2551 expected_hash=d75b74ab local_hash= local_source=none snapshot_missing=false
[WARN] consensus validator set unresolved height=2041 chain_height=2551 expected_hash=d75b74ab local_hash= local_source=none snapshot_missing=false
[WARN] consensus validator set unresolved height=2042 chain_height=2551 expected_hash=d75b74ab local_hash= local_source=none snapshot_missing=false
[WARN] consensus validator set unresolved height=2043 chain_height=2551 expected_hash=d75b74ab local_hash= local_source=none snapshot_missing=false
[WARN] consensus validator set unresolved height=2044 chain_height=2551 expected_hash=d75b74ab local_hash= local_source=none snapshot_missing=false
[WARN] consensus validator set unresolved height=2045 chain_height=2551 expected_hash=d75b74ab local_hash= local_source=none snapshot_missing=false
[WARN] consensus validator set unresolved height=2046 chain_height=2551 expected_hash=d75b74ab local_hash= local_source=none snapshot_missing=false
[WARN] consensus validator set unresolved height=2047 chain_height=2551 expected_hash=d75b74ab local_hash= local_source=none snapshot_missing=false
[WARN] consensus validator set unresolved height=2048 chain_height=2551 expected_hash=d75b74ab local_hash= local_source=none snapshot_missing=false
[WARN] consensus validator set unresolved height=2049 chain_height=2551 expected_hash=d75b74ab local_hash= local_source=none snapshot_missing=false
[WARN] consensus validator set unresolved height=2050 chain_height=2551 expected_hash=d75b74ab local_hash= local_source=none snapshot_missing=false
[WARN] consensus validator set unresolved height=2051 chain_height=2551 expected_hash=d75b74ab local_hash= local_source=none snapshot_missing=false
[WARN] consensus validator set unresolved height=2052 chain_height=2551 expected_hash=d75b74ab local_hash= local_source=none snapshot_missing=false
[WARN] consensus validator set unresolved height=2053 chain_height=2551 expected_hash=d75b74ab local_hash= local_source=none snapshot_missing=false
[WARN] consensus validator set unresolved height=2054 chain_height=2551 expected_hash=d75b74ab local_hash= local_source=none snapshot_missing=false
[WARN] consensus validator set unresolved height=2055 chain_height=2551 expected_hash=d75b74ab local_hash= local_source=none snapshot_missing=false
[WARN] consensus validator set unresolved height=2056 chain_height=2551 expected_hash=d75b74ab local_hash= local_source=none snapshot_missing=false
[WARN] consensus validator set unresolved height=2057 chain_height=2551 expected_hash=d75b74ab local_hash= local_source=none snapshot_missing=false
[WARN] consensus validator set unresolved height=2058 chain_height=2551 expected_hash=d75b74ab local_hash= local_source=none snapshot_missing=false
[WARN] consensus validator set unresolved height=2059 chain_height=2551 expected_hash=d75b74ab local_hash= local_source=none snapshot_missing=false
[WARN] consensus validator set unresolved height=2060 chain_height=2551 expected_hash=d75b74ab local_hash= local_source=none snapshot_missing=false
[WARN] consensus validator set unresolved height=2061 chain_height=2551 expected_hash=d75b74ab local_hash= local_source=none snapshot_missing=false
[WARN] consensus validator set unresolved height=2062 chain_height=2551 expected_hash=d75b74ab local_hash= local_source=none snapshot_missing=false
[WARN] consensus validator set unresolved height=2063 chain_height=2551 expected_hash=d75b74ab local_hash= local_source=none snapshot_missing=false
[WARN] consensus validator set unresolved height=2064 chain_height=2551 expected_hash=d75b74ab local_hash= local_source=none snapshot_missing=false
[WARN] consensus validator set unresolved height=2065 chain_height=2551 expected_hash=d75b74ab local_hash= local_source=none snapshot_missing=false
[WARN] consensus validator set unresolved height=2066 chain_height=2551 expected_hash=d75b74ab local_hash= local_source=none snapshot_missing=false
[WARN] consensus validator set unresolved height=2067 chain_height=2551 expected_hash=d75b74ab local_hash= local_source=none snapshot_missing=false
[WARN] consensus validator set unresolved height=2068 chain_height=2551 expected_hash=d75b74ab local_hash= local_source=none snapshot_missing=false
[WARN] consensus validator set unresolved height=2069 chain_height=2551 expected_hash=d75b74ab local_hash= local_source=none snapshot_missing=false
[WARN] consensus validator set unresolved height=2070 chain_height=2551 expected_hash=d75b74ab local_hash= local_source=none snapshot_missing=false
[WARN] consensus validator set unresolved height=2071 chain_height=2551 expected_hash=d75b74ab local_hash= local_source=none snapshot_missing=false
[WARN] consensus validator set unresolved height=2072 chain_height=2551 expected_hash=d75b74ab local_hash= local_source=none snapshot_missing=false
[WARN] consensus validator set unresolved height=2073 chain_height=2551 expected_hash=d75b74ab local_hash= local_source=none snapshot_missing=false
[WARN] consensus validator set unresolved height=2074 chain_height=2551 expected_hash=d75b74ab local_hash= local_source=none snapshot_missing=false
[WARN] consensus validator set unresolved height=2075 chain_height=2551 expected_hash=d75b74ab local_hash= local_source=none snapshot_missing=false
[WARN] consensus validator set unresolved height=2076 chain_height=2551 expected_hash=d75b74ab local_hash= local_source=none snapshot_missing=false
[WARN] consensus validator set unresolved height=2077 chain_height=2551 expected_hash=d75b74ab local_hash= local_source=none snapshot_missing=false
[WARN] consensus validator set unresolved height=2078 chain_height=2551 expected_hash=d75b74ab local_hash= local_source=none snapshot_missing=false
[WARN] consensus validator set unresolved height=2079 chain_height=2551 expected_hash=d75b74ab local_hash= local_source=none snapshot_missing=false
[WARN] consensus validator set unresolved height=2080 chain_height=2551 expected_hash=d75b74ab local_hash= local_source=none snapshot_missing=false
[WARN] consensus validator set unresolved height=2081 chain_height=2551 expected_hash=d75b74ab local_hash= local_source=none snapshot_missing=false
[WARN] consensus validator set unresolved height=2082 chain_height=2551 expected_hash=d75b74ab local_hash= local_source=none snapshot_missing=false
[WARN] consensus validator set unresolved height=2083 chain_height=2551 expected_hash=d75b74ab local_hash= local_source=none snapshot_missing=false
[WARN] consensus validator set unresolved height=2084 chain_height=2551 expected_hash=d75b74ab local_hash= local_source=none snapshot_missing=false
[WARN] consensus validator set unresolved height=2085 chain_height=2551 expected_hash=d75b74ab local_hash= local_source=none snapshot_missing=false
[WARN] consensus validator set unresolved height=2086 chain_height=2551 expected_hash=d75b74ab local_hash= local_source=none snapshot_missing=false
[WARN] consensus validator set unresolved height=2087 chain_height=2551 expected_hash=d75b74ab local_hash= local_source=none snapshot_missing=false
[WARN] consensus validator set unresolved height=2088 chain_height=2551 expected_hash=d75b74ab local_hash= local_source=none snapshot_missing=false
[WARN] consensus validator set unresolved height=2089 chain_height=2551 expected_hash=d75b74ab local_hash= local_source=none snapshot_missing=false
[WARN] consensus validator set unresolved height=2090 chain_height=2551 expected_hash=d75b74ab local_hash= local_source=none snapshot_missing=false
[WARN] consensus validator set unresolved height=2091 chain_height=2551 expected_hash=d75b74ab local_hash= local_source=none snapshot_missing=false
[WARN] consensus validator set unresolved height=2092 chain_height=2551 expected_hash=d75b74ab local_hash= local_source=none snapshot_missing=false
[WARN] consensus validator set unresolved height=2093 chain_height=2551 expected_hash=d75b74ab local_hash= local_source=none snapshot_missing=false
[WARN] consensus validator set unresolved height=2094 chain_height=2551 expected_hash=d75b74ab local_hash= local_source=none snapshot_missing=false
[WARN] consensus validator set unresolved height=2095 chain_height=2551 expected_hash=d75b74ab local_hash= local_source=none snapshot_missing=false
[WARN] consensus validator set unresolved height=2096 chain_height=2551 expected_hash=d75b74ab local_hash= local_source=none snapshot_missing=false
[WARN] consensus validator set unresolved height=2097 chain_height=2551 expected_hash=d75b74ab local_hash= local_source=none snapshot_missing=false
[WARN] consensus validator set unresolved height=2098 chain_height=2551 expected_hash=d75b74ab local_hash= local_source=none snapshot_missing=false
[WARN] consensus validator set unresolved height=2099 chain_height=2551 expected_hash=d75b74ab local_hash= local_source=none snapshot_missing=false
[WARN] consensus validator set unresolved height=2100 chain_height=2551 expected_hash=d75b74ab local_hash= local_source=none snapshot_missing=false
[WARN] consensus validator set unresolved height=2101 chain_height=2551 expected_hash=d75b74ab local_hash= local_source=none snapshot_missing=false
[WARN] consensus validator set unresolved height=2102 chain_height=2551 expected_hash=d75b74ab local_hash= local_source=none snapshot_missing=false
[WARN] consensus validator set unresolved height=2103 chain_height=2551 expected_hash=d75b74ab local_hash= local_source=none snapshot_missing=false
[WARN] consensus validator set unresolved height=2104 chain_height=2551 expected_hash=d75b74ab local_hash= local_source=none snapshot_missing=false
[WARN] consensus validator set unresolved height=2105 chain_height=2551 expected_hash=d75b74ab local_hash= local_source=none snapshot_missing=false
[WARN] consensus validator set unresolved height=2106 chain_height=2551 expected_hash=d75b74ab local_hash= local_source=none snapshot_missing=false
[WARN] consensus validator set unresolved height=2107 chain_height=2551 expected_hash=d75b74ab local_hash= local_source=none snapshot_missing=false
[WARN] consensus validator set unresolved height=2108 chain_height=2551 expected_hash=d75b74ab local_hash= local_source=none snapshot_missing=false
[WARN] consensus validator set unresolved height=2109 chain_height=2551 expected_hash=d75b74ab local_hash= local_source=none snapshot_missing=false
[WARN] consensus validator set unresolved height=2110 chain_height=2551 expected_hash=d75b74ab local_hash= local_source=none snapshot_missing=false
[WARN] consensus validator set unresolved height=2111 chain_height=2551 expected_hash=d75b74ab local_hash= local_source=none snapshot_missing=false
[WARN] consensus validator set unresolved height=2112 chain_height=2551 expected_hash=d75b74ab local_hash= local_source=none snapshot_missing=false
[WARN] consensus validator set unresolved height=2113 chain_height=2551 expected_hash=d75b74ab local_hash= local_source=none snapshot_missing=false
[WARN] consensus validator set unresolved height=2114 chain_height=2551 expected_hash=d75b74ab local_hash= local_source=none snapshot_missing=false
[WARN] consensus validator set unresolved height=2115 chain_height=2551 expected_hash=d75b74ab local_hash= local_source=none snapshot_missing=false
[WARN] consensus validator set unresolved height=2116 chain_height=2551 expected_hash=d75b74ab local_hash= local_source=none snapshot_missing=false
[WARN] consensus validator set unresolved height=2117 chain_height=2551 expected_hash=d75b74ab local_hash= local_source=none snapshot_missing=false
[WARN] consensus validator set unresolved height=2118 chain_height=2551 expected_hash=d75b74ab local_hash= local_source=none snapshot_missing=false
[WARN] consensus validator set unresolved height=2119 chain_height=2551 expected_hash=d75b74ab local_hash= local_source=none snapshot_missing=false
[WARN] consensus validator set unresolved height=2120 chain_height=2551 expected_hash=d75b74ab local_hash= local_source=none snapshot_missing=false
[WARN] consensus validator set unresolved height=2121 chain_height=2551 expected_hash=d75b74ab local_hash= local_source=none snapshot_missing=false
[WARN] consensus validator set unresolved height=2122 chain_height=2551 expected_hash=d75b74ab local_hash= local_source=none snapshot_missing=false
[WARN] consensus validator set unresolved height=2123 chain_height=2551 expected_hash=d75b74ab local_hash= local_source=none snapshot_missing=false
[WARN] consensus validator set unresolved height=2124 chain_height=2551 expected_hash=d75b74ab local_hash= local_source=none snapshot_missing=false
[WARN] consensus validator set unresolved height=2125 chain_height=2551 expected_hash=d75b74ab local_hash= local_source=none snapshot_missing=false
[WARN] consensus validator set unresolved height=2126 chain_height=2551 expected_hash=d75b74ab local_hash= local_source=none snapshot_missing=false
[WARN] consensus validator set unresolved height=2127 chain_height=2551 expected_hash=d75b74ab local_hash= local_source=none snapshot_missing=false
[WARN] consensus validator set unresolved height=2128 chain_height=2551 expected_hash=d75b74ab local_hash= local_source=none snapshot_missing=false
[WARN] consensus validator set unresolved height=2129 chain_height=2551 expected_hash=d75b74ab local_hash= local_source=none snapshot_missing=false
[WARN] consensus validator set unresolved height=2130 chain_height=2551 expected_hash=d75b74ab local_hash= local_source=none snapshot_missing=false
[WARN] consensus validator set unresolved height=2131 chain_height=2551 expected_hash=d75b74ab local_hash= local_source=none snapshot_missing=false
[WARN] consensus validator set unresolved height=2132 chain_height=2551 expected_hash=d75b74ab local_hash= local_source=none snapshot_missing=false
[WARN] consensus validator set unresolved height=2133 chain_height=2551 expected_hash=d75b74ab local_hash= local_source=none snapshot_missing=false
[WARN] consensus validator set unresolved height=2134 chain_height=2551 expected_hash=d75b74ab local_hash= local_source=none snapshot_missing=false
[WARN] consensus validator set unresolved height=2135 chain_height=2551 expected_hash=d75b74ab local_hash= local_source=none snapshot_missing=false
[WARN] consensus validator set unresolved height=2136 chain_height=2551 expected_hash=d75b74ab local_hash= local_source=none snapshot_missing=false
[WARN] consensus validator set unresolved height=2137 chain_height=2551 expected_hash=d75b74ab local_hash= local_source=none snapshot_missing=false
[WARN] consensus validator set unresolved height=2138 chain_height=2551 expected_hash=d75b74ab local_hash= local_source=none snapshot_missing=false
[WARN] consensus validator set unresolved height=2139 chain_height=2551 expected_hash=d75b74ab local_hash= local_source=none snapshot_missing=false
[WARN] consensus validator set unresolved height=2140 chain_height=2551 expected_hash=d75b74ab local_hash= local_source=none snapshot_missing=false
[WARN] consensus validator set unresolved height=2141 chain_height=2551 expected_hash=d75b74ab local_hash= local_source=none snapshot_missing=false
[WARN] consensus validator set unresolved height=2142 chain_height=2551 expected_hash=d75b74ab local_hash= local_source=none snapshot_missing=false
[WARN] consensus validator set unresolved height=2143 chain_height=2551 expected_hash=d75b74ab local_hash= local_source=none snapshot_missing=false
[WARN] consensus validator set unresolved height=2144 chain_height=2551 expected_hash=d75b74ab local_hash= local_source=none snapshot_missing=false
[WARN] consensus validator set unresolved height=2145 chain_height=2551 expected_hash=d75b74ab local_hash= local_source=none snapshot_missing=false
[WARN] consensus validator set unresolved height=2146 chain_height=2551 expected_hash=d75b74ab local_hash= local_source=none snapshot_missing=false
[WARN] consensus validator set unresolved height=2147 chain_height=2551 expected_hash=d75b74ab local_hash= local_source=none snapshot_missing=false
[WARN] consensus validator set unresolved height=2148 chain_height=2551 expected_hash=d75b74ab local_hash= local_source=none snapshot_missing=false
[WARN] consensus validator set unresolved height=2149 chain_height=2551 expected_hash=d75b74ab local_hash= local_source=none snapshot_missing=false
[WARN] consensus validator set unresolved height=2150 chain_height=2551 expected_hash=d75b74ab local_hash= local_source=none snapshot_missing=false
[WARN] consensus validator set unresolved height=2151 chain_height=2551 expected_hash=d75b74ab local_hash= local_source=none snapshot_missing=false
[WARN] consensus validator set unresolved height=2152 chain_height=2551 expected_hash=d75b74ab local_hash= local_source=none snapshot_missing=false
[WARN] consensus validator set unresolved height=2153 chain_height=2551 expected_hash=d75b74ab local_hash= local_source=none snapshot_missing=false
[WARN] consensus validator set unresolved height=2154 chain_height=2551 expected_hash=d75b74ab local_hash= local_source=none snapshot_missing=false
[WARN] consensus validator set unresolved height=2155 chain_height=2551 expected_hash=d75b74ab local_hash= local_source=none snapshot_missing=false
[WARN] consensus validator set unresolved height=2156 chain_height=2551 expected_hash=d75b74ab local_hash= local_source=none snapshot_missing=false
[WARN] consensus validator set unresolved height=2157 chain_height=2551 expected_hash=d75b74ab local_hash= local_source=none snapshot_missing=false
[WARN] consensus validator set unresolved height=2158 chain_height=2551 expected_hash=d75b74ab local_hash= local_source=none snapshot_missing=false
[WARN] consensus validator set unresolved height=2159 chain_height=2551 expected_hash=d75b74ab local_hash= local_source=none snapshot_missing=false
[WARN] consensus validator set unresolved height=2160 chain_height=2551 expected_hash=d75b74ab local_hash= local_source=none snapshot_missing=false
[WARN] consensus validator set unresolved height=2161 chain_height=2551 expected_hash=d75b74ab local_hash= local_source=none snapshot_missing=false
[WARN] consensus validator set unresolved height=2162 chain_height=2551 expected_hash=d75b74ab local_hash= local_source=none snapshot_missing=false
[WARN] consensus validator set unresolved height=2163 chain_height=2551 expected_hash=d75b74ab local_hash= local_source=none snapshot_missing=false
[WARN] consensus validator set unresolved height=2164 chain_height=2551 expected_hash=d75b74ab local_hash= local_source=none snapshot_missing=false
[WARN] consensus validator set unresolved height=2165 chain_height=2551 expected_hash=d75b74ab local_hash= local_source=none snapshot_missing=false
[WARN] consensus validator set unresolved height=2166 chain_height=2551 expected_hash=d75b74ab local_hash= local_source=none snapshot_missing=false
[WARN] consensus validator set unresolved height=2167 chain_height=2551 expected_hash=d75b74ab local_hash= local_source=none snapshot_missing=false
[WARN] consensus validator set unresolved height=2168 chain_height=2551 expected_hash=d75b74ab local_hash= local_source=none snapshot_missing=false
[WARN] consensus validator set unresolved height=2169 chain_height=2551 expected_hash=d75b74ab local_hash= local_source=none snapshot_missing=false
[WARN] consensus validator set unresolved height=2170 chain_height=2551 expected_hash=d75b74ab local_hash= local_source=none snapshot_missing=false
[WARN] consensus validator set unresolved height=2171 chain_height=2551 expected_hash=d75b74ab local_hash= local_source=none snapshot_missing=false
[WARN] consensus validator set unresolved height=2172 chain_height=2551 expected_hash=d75b74ab local_hash= local_source=none snapshot_missing=false
[WARN] consensus validator set unresolved height=2173 chain_height=2551 expected_hash=d75b74ab local_hash= local_source=none snapshot_missing=false
[WARN] consensus validator set unresolved height=2174 chain_height=2551 expected_hash=d75b74ab local_hash= local_source=none snapshot_missing=false
[WARN] consensus validator set unresolved height=2175 chain_height=2551 expected_hash=d75b74ab local_hash= local_source=none snapshot_missing=false
[WARN] consensus validator set unresolved height=2176 chain_height=2551 expected_hash=d75b74ab local_hash= local_source=none snapshot_missing=false
[WARN] consensus validator set unresolved height=2177 chain_height=2551 expected_hash=d75b74ab local_hash= local_source=none snapshot_missing=false
[WARN] consensus validator set unresolved height=2178 chain_height=2551 expected_hash=d75b74ab local_hash= local_source=none snapshot_missing=false
[WARN] consensus validator set unresolved height=2179 chain_height=2551 expected_hash=d75b74ab local_hash= local_source=none snapshot_missing=false
[WARN] consensus validator set unresolved height=2180 chain_height=2551 expected_hash=d75b74ab local_hash= local_source=none snapshot_missing=false
[WARN] consensus validator set unresolved height=2181 chain_height=2551 expected_hash=d75b74ab local_hash= local_source=none snapshot_missing=false
[WARN] consensus validator set unresolved height=2182 chain_height=2551 expected_hash=d75b74ab local_hash= local_source=none snapshot_missing=false
[WARN] consensus validator set unresolved height=2183 chain_height=2551 expected_hash=d75b74ab local_hash= local_source=none snapshot_missing=false
[WARN] consensus validator set unresolved height=2184 chain_height=2551 expected_hash=d75b74ab local_hash= local_source=none snapshot_missing=false
[WARN] consensus validator set unresolved height=2185 chain_height=2551 expected_hash=d75b74ab local_hash= local_source=none snapshot_missing=false
[WARN] consensus validator set unresolved height=2186 chain_height=2551 expected_hash=d75b74ab local_hash= local_source=none snapshot_missing=false
[WARN] consensus validator set unresolved height=2187 chain_height=2551 expected_hash=d75b74ab local_hash= local_source=none snapshot_missing=false
[WARN] consensus validator set unresolved height=2188 chain_height=2551 expected_hash=d75b74ab local_hash= local_source=none snapshot_missing=false
[WARN] consensus validator set unresolved height=2189 chain_height=2551 expected_hash=d75b74ab local_hash= local_source=none snapshot_missing=false
[WARN] consensus validator set unresolved height=2190 chain_height=2551 expected_hash=d75b74ab local_hash= local_source=none snapshot_missing=false
[WARN] consensus validator set unresolved height=2191 chain_height=2551 expected_hash=d75b74ab local_hash= local_source=none snapshot_missing=false
[WARN] consensus validator set unresolved height=2192 chain_height=2551 expected_hash=d75b74ab local_hash= local_source=none snapshot_missing=false
[WARN] consensus validator set unresolved height=2193 chain_height=2551 expected_hash=d75b74ab local_hash= local_source=none snapshot_missing=false
[WARN] consensus validator set unresolved height=2194 chain_height=2551 expected_hash=d75b74ab local_hash= local_source=none snapshot_missing=false
[WARN] consensus validator set unresolved height=2195 chain_height=2551 expected_hash=d75b74ab local_hash= local_source=none snapshot_missing=false
[WARN] consensus validator set unresolved height=2196 chain_height=2551 expected_hash=d75b74ab local_hash= local_source=none snapshot_missing=false
[WARN] consensus validator set unresolved height=2197 chain_height=2551 expected_hash=d75b74ab local_hash= local_source=none snapshot_missing=false
[WARN] consensus validator set unresolved height=2198 chain_height=2551 expected_hash=d75b74ab local_hash= local_source=none snapshot_missing=false
[WARN] consensus validator set unresolved height=2199 chain_height=2551 expected_hash=d75b74ab local_hash= local_source=none snapshot_missing=false
[WARN] consensus validator set unresolved height=2200 chain_height=2551 expected_hash=d75b74ab local_hash= local_source=none snapshot_missing=false
[WARN] consensus validator set unresolved height=2201 chain_height=2551 expected_hash=d75b74ab local_hash= local_source=none snapshot_missing=false
[WARN] consensus validator set unresolved height=2202 chain_height=2551 expected_hash=d75b74ab local_hash= local_source=none snapshot_missing=false
[WARN] consensus validator set unresolved height=2203 chain_height=2551 expected_hash=d75b74ab local_hash= local_source=none snapshot_missing=false
[WARN] consensus validator set unresolved height=2204 chain_height=2551 expected_hash=d75b74ab local_hash= local_source=none snapshot_missing=false
[WARN] consensus validator set unresolved height=2205 chain_height=2551 expected_hash=d75b74ab local_hash= local_source=none snapshot_missing=false
[WARN] consensus validator set unresolved height=2206 chain_height=2551 expected_hash=d75b74ab local_hash= local_source=none snapshot_missing=false
[WARN] consensus validator set unresolved height=2207 chain_height=2551 expected_hash=d75b74ab local_hash= local_source=none snapshot_missing=false
[WARN] consensus validator set unresolved height=2208 chain_height=2551 expected_hash=d75b74ab local_hash= local_source=none snapshot_missing=false
[WARN] consensus validator set unresolved height=2209 chain_height=2551 expected_hash=d75b74ab local_hash= local_source=none snapshot_missing=false
[WARN] consensus validator set unresolved height=2210 chain_height=2551 expected_hash=d75b74ab local_hash= local_source=none snapshot_missing=false
[WARN] consensus validator set unresolved height=2211 chain_height=2551 expected_hash=d75b74ab local_hash= local_source=none snapshot_missing=false
[WARN] consensus validator set unresolved height=2212 chain_height=2551 expected_hash=d75b74ab local_hash= local_source=none snapshot_missing=false
[WARN] consensus validator set unresolved height=2213 chain_height=2551 expected_hash=d75b74ab local_hash= local_source=none snapshot_missing=false
[WARN] consensus validator set unresolved height=2214 chain_height=2551 expected_hash=d75b74ab local_hash= local_source=none snapshot_missing=false
[WARN] consensus validator set unresolved height=2215 chain_height=2551 expected_hash=d75b74ab local_hash= local_source=none snapshot_missing=false
[WARN] consensus validator set unresolved height=2216 chain_height=2551 expected_hash=d75b74ab local_hash= local_source=none snapshot_missing=false
[WARN] consensus validator set unresolved height=2217 chain_height=2551 expected_hash=d75b74ab local_hash= local_source=none snapshot_missing=false
[WARN] consensus validator set unresolved height=2218 chain_height=2551 expected_hash=d75b74ab local_hash= local_source=none snapshot_missing=false
[WARN] consensus validator set unresolved height=2219 chain_height=2551 expected_hash=d75b74ab local_hash= local_source=none snapshot_missing=false
[WARN] consensus validator set unresolved height=2220 chain_height=2551 expected_hash=d75b74ab local_hash= local_source=none snapshot_missing=false
[WARN] consensus validator set unresolved height=2221 chain_height=2551 expected_hash=d75b74ab local_hash= local_source=none snapshot_missing=false
[WARN] consensus validator set unresolved height=2222 chain_height=2551 expected_hash=d75b74ab local_hash= local_source=none snapshot_missing=false
[WARN] consensus validator set unresolved height=2223 chain_height=2551 expected_hash=d75b74ab local_hash= local_source=none snapshot_missing=false
[WARN] consensus validator set unresolved height=2224 chain_height=2551 expected_hash=d75b74ab local_hash= local_source=none snapshot_missing=false
[WARN] consensus validator set unresolved height=2225 chain_height=2551 expected_hash=d75b74ab local_hash= local_source=none snapshot_missing=false
[WARN] consensus validator set unresolved height=2226 chain_height=2551 expected_hash=d75b74ab local_hash= local_source=none snapshot_missing=false
[WARN] consensus validator set unresolved height=2227 chain_height=2551 expected_hash=d75b74ab local_hash= local_source=none snapshot_missing=false
[WARN] consensus validator set unresolved height=2228 chain_height=2551 expected_hash=d75b74ab local_hash= local_source=none snapshot_missing=false
[WARN] consensus validator set unresolved height=2229 chain_height=2551 expected_hash=d75b74ab local_hash= local_source=none snapshot_missing=false
[WARN] consensus validator set unresolved height=2230 chain_height=2551 expected_hash=d75b74ab local_hash= local_source=none snapshot_missing=false
[WARN] consensus validator set unresolved height=2231 chain_height=2551 expected_hash=d75b74ab local_hash= local_source=none snapshot_missing=false
[WARN] consensus validator set unresolved height=2232 chain_height=2551 expected_hash=d75b74ab local_hash= local_source=none snapshot_missing=false
[WARN] consensus validator set unresolved height=2233 chain_height=2551 expected_hash=d75b74ab local_hash= local_source=none snapshot_missing=false
[WARN] consensus validator set unresolved height=2234 chain_height=2551 expected_hash=d75b74ab local_hash= local_source=none snapshot_missing=false
[WARN] consensus validator set unresolved height=2235 chain_height=2551 expected_hash=d75b74ab local_hash= local_source=none snapshot_missing=false
[WARN] consensus validator set unresolved height=2236 chain_height=2551 expected_hash=d75b74ab local_hash= local_source=none snapshot_missing=false
[WARN] consensus validator set unresolved height=2237 chain_height=2551 expected_hash=d75b74ab local_hash= local_source=none snapshot_missing=false
[WARN] consensus validator set unresolved height=2238 chain_height=2551 expected_hash=d75b74ab local_hash= local_source=none snapshot_missing=false
[WARN] consensus validator set unresolved height=2239 chain_height=2551 expected_hash=d75b74ab local_hash= local_source=none snapshot_missing=false
[WARN] consensus validator set unresolved height=2240 chain_height=2551 expected_hash=d75b74ab local_hash= local_source=none snapshot_missing=false
[WARN] consensus validator set unresolved height=2241 chain_height=2551 expected_hash=d75b74ab local_hash= local_source=none snapshot_missing=false
[WARN] consensus validator set unresolved height=2242 chain_height=2551 expected_hash=d75b74ab local_hash= local_source=none snapshot_missing=false
[WARN] consensus validator set unresolved height=2243 chain_height=2551 expected_hash=d75b74ab local_hash= local_source=none snapshot_missing=false
[WARN] consensus validator set unresolved height=2244 chain_height=2551 expected_hash=d75b74ab local_hash= local_source=none snapshot_missing=false
[WARN] consensus validator set unresolved height=2245 chain_height=2551 expected_hash=d75b74ab local_hash= local_source=none snapshot_missing=false
[WARN] consensus validator set unresolved height=2246 chain_height=2551 expected_hash=d75b74ab local_hash= local_source=none snapshot_missing=false
[WARN] consensus validator set unresolved height=2247 chain_height=2551 expected_hash=d75b74ab local_hash= local_source=none snapshot_missing=false
[WARN] consensus validator set unresolved height=2248 chain_height=2551 expected_hash=d75b74ab local_hash= local_source=none snapshot_missing=false
[WARN] consensus validator set unresolved height=2249 chain_height=2551 expected_hash=d75b74ab local_hash= local_source=none snapshot_missing=false
[WARN] consensus validator set unresolved height=2250 chain_height=2551 expected_hash=d75b74ab local_hash= local_source=none snapshot_missing=false
[WARN] consensus validator set unresolved height=2251 chain_height=2551 expected_hash=d75b74ab local_hash= local_source=none snapshot_missing=false
[WARN] consensus validator set unresolved height=2252 chain_height=2551 expected_hash=d75b74ab local_hash= local_source=none snapshot_missing=false
[WARN] consensus validator set unresolved height=2253 chain_height=2551 expected_hash=d75b74ab local_hash= local_source=none snapshot_missing=false
[WARN] consensus validator set unresolved height=2254 chain_height=2551 expected_hash=d75b74ab local_hash= local_source=none snapshot_missing=false
[WARN] consensus validator set unresolved height=2255 chain_height=2551 expected_hash=d75b74ab local_hash= local_source=none snapshot_missing=false
[WARN] consensus validator set unresolved height=2256 chain_height=2551 expected_hash=d75b74ab local_hash= local_source=none snapshot_missing=false
[WARN] consensus validator set unresolved height=2257 chain_height=2551 expected_hash=d75b74ab local_hash= local_source=none snapshot_missing=false
[WARN] consensus validator set unresolved height=2258 chain_height=2551 expected_hash=d75b74ab local_hash= local_source=none snapshot_missing=false
[WARN] consensus validator set unresolved height=2259 chain_height=2551 expected_hash=d75b74ab local_hash= local_source=none snapshot_missing=false
[WARN] consensus validator set unresolved height=2260 chain_height=2551 expected_hash=d75b74ab local_hash= local_source=none snapshot_missing=false
[WARN] consensus validator set unresolved height=2261 chain_height=2551 expected_hash=d75b74ab local_hash= local_source=none snapshot_missing=false
[WARN] consensus validator set unresolved height=2262 chain_height=2551 expected_hash=d75b74ab local_hash= local_source=none snapshot_missing=false
[WARN] consensus validator set unresolved height=2263 chain_height=2551 expected_hash=d75b74ab local_hash= local_source=none snapshot_missing=false
[WARN] consensus validator set unresolved height=2264 chain_height=2551 expected_hash=d75b74ab local_hash= local_source=none snapshot_missing=false
[WARN] consensus validator set unresolved height=2265 chain_height=2551 expected_hash=d75b74ab local_hash= local_source=none snapshot_missing=false
[WARN] consensus validator set unresolved height=2266 chain_height=2551 expected_hash=d75b74ab local_hash= local_source=none snapshot_missing=false
[WARN] consensus validator set unresolved height=2267 chain_height=2551 expected_hash=d75b74ab local_hash= local_source=none snapshot_missing=false
[WARN] consensus validator set unresolved height=2268 chain_height=2551 expected_hash=d75b74ab local_hash= local_source=none snapshot_missing=false
[WARN] consensus validator set unresolved height=2269 chain_height=2551 expected_hash=d75b74ab local_hash= local_source=none snapshot_missing=false
[WARN] consensus validator set unresolved height=2270 chain_height=2551 expected_hash=d75b74ab local_hash= local_source=none snapshot_missing=false
[WARN] consensus validator set unresolved height=2271 chain_height=2551 expected_hash=d75b74ab local_hash= local_source=none snapshot_missing=false
[WARN] consensus validator set unresolved height=2272 chain_height=2551 expected_hash=d75b74ab local_hash= local_source=none snapshot_missing=false
[WARN] consensus validator set unresolved height=2273 chain_height=2551 expected_hash=d75b74ab local_hash= local_source=none snapshot_missing=false
[WARN] consensus validator set unresolved height=2274 chain_height=2551 expected_hash=d75b74ab local_hash= local_source=none snapshot_missing=false
[WARN] consensus validator set unresolved height=2275 chain_height=2551 expected_hash=d75b74ab local_hash= local_source=none snapshot_missing=false
[WARN] consensus validator set unresolved height=2276 chain_height=2551 expected_hash=d75b74ab local_hash= local_source=none snapshot_missing=false
[WARN] consensus validator set unresolved height=2277 chain_height=2551 expected_hash=d75b74ab local_hash= local_source=none snapshot_missing=false
[WARN] consensus validator set unresolved height=2278 chain_height=2551 expected_hash=d75b74ab local_hash= local_source=none snapshot_missing=false
[WARN] consensus validator set unresolved height=2279 chain_height=2551 expected_hash=d75b74ab local_hash= local_source=none snapshot_missing=false
[WARN] consensus validator set unresolved height=2280 chain_height=2551 expected_hash=d75b74ab local_hash= local_source=none snapshot_missing=false
[WARN] consensus validator set unresolved height=2281 chain_height=2551 expected_hash=d75b74ab local_hash= local_source=none snapshot_missing=false
[WARN] consensus validator set unresolved height=2282 chain_height=2551 expected_hash=d75b74ab local_hash= local_source=none snapshot_missing=false
[WARN] consensus validator set unresolved height=2283 chain_height=2551 expected_hash=d75b74ab local_hash= local_source=none snapshot_missing=false
[WARN] consensus validator set unresolved height=2284 chain_height=2551 expected_hash=d75b74ab local_hash= local_source=none snapshot_missing=false
[WARN] consensus validator set unresolved height=2285 chain_height=2551 expected_hash=d75b74ab local_hash= local_source=none snapshot_missing=false
[WARN] consensus validator set unresolved height=2286 chain_height=2551 expected_hash=d75b74ab local_hash= local_source=none snapshot_missing=false
[WARN] consensus validator set unresolved height=2287 chain_height=2551 expected_hash=d75b74ab local_hash= local_source=none snapshot_missing=false
[WARN] consensus validator set unresolved height=2288 chain_height=2551 expected_hash=d75b74ab local_hash= local_source=none snapshot_missing=false
[WARN] consensus validator set unresolved height=2289 chain_height=2551 expected_hash=d75b74ab local_hash= local_source=none snapshot_missing=false
[WARN] consensus validator set unresolved height=2290 chain_height=2551 expected_hash=d75b74ab local_hash= local_source=none snapshot_missing=false
2026/05/20 15:06:33 [REGISTRY-HISTORY-REBUILD] height=2551 status=scheduled reason=consensus_set_unresolved
[WARN] consensus validator set unresolved height=2291 chain_height=2551 expected_hash=d75b74ab local_hash= local_source=none snapshot_missing=false
[WARN] consensus validator set unresolved height=2292 chain_height=2551 expected_hash=d75b74ab local_hash= local_source=none snapshot_missing=false
[WARN] consensus validator set unresolved height=2293 chain_height=2551 expected_hash=d75b74ab local_hash= local_source=none snapshot_missing=false
[WARN] consensus validator set unresolved height=2294 chain_height=2551 expected_hash=d75b74ab local_hash= local_source=none snapshot_missing=false
[WARN] consensus validator set unresolved height=2295 chain_height=2551 expected_hash=d75b74ab local_hash= local_source=none snapshot_missing=false
[WARN] consensus validator set unresolved height=2296 chain_height=2551 expected_hash=d75b74ab local_hash= local_source=none snapshot_missing=false
[WARN] consensus validator set unresolved height=2297 chain_height=2551 expected_hash=d75b74ab local_hash= local_source=none snapshot_missing=false
[WARN] consensus validator set unresolved height=2298 chain_height=2551 expected_hash=d75b74ab local_hash= local_source=none snapshot_missing=false
[WARN] consensus validator set unresolved height=2299 chain_height=2551 expected_hash=d75b74ab local_hash= local_source=none snapshot_missing=false
[WARN] consensus validator set unresolved height=2300 chain_height=2551 expected_hash=d75b74ab local_hash= local_source=none snapshot_missing=false
[WARN] consensus validator set unresolved height=2301 chain_height=2551 expected_hash=d75b74ab local_hash= local_source=none snapshot_missing=false
[WARN] consensus validator set unresolved height=2302 chain_height=2551 expected_hash=d75b74ab local_hash= local_source=none snapshot_missing=false
[WARN] consensus validator set unresolved height=2303 chain_height=2551 expected_hash=d75b74ab local_hash= local_source=none snapshot_missing=false
[WARN] consensus validator set unresolved height=2304 chain_height=2551 expected_hash=d75b74ab local_hash= local_source=none snapshot_missing=false
[WARN] consensus validator set unresolved height=2305 chain_height=2551 expected_hash=d75b74ab local_hash= local_source=none snapshot_missing=false
[WARN] consensus validator set unresolved height=2306 chain_height=2551 expected_hash=d75b74ab local_hash= local_source=none snapshot_missing=false
[WARN] consensus validator set unresolved height=2307 chain_height=2551 expected_hash=d75b74ab local_hash= local_source=none snapshot_missing=false
[WARN] consensus validator set unresolved height=2308 chain_height=2551 expected_hash=d75b74ab local_hash= local_source=none snapshot_missing=false
[WARN] consensus validator set unresolved height=2309 chain_height=2551 expected_hash=d75b74ab local_hash= local_source=none snapshot_missing=false
[WARN] consensus validator set unresolved height=2310 chain_height=2551 expected_hash=d75b74ab local_hash= local_source=none snapshot_missing=false
[WARN] consensus validator set unresolved height=2311 chain_height=2551 expected_hash=d75b74ab local_hash= local_source=none snapshot_missing=false
[WARN] consensus validator set unresolved height=2312 chain_height=2551 expected_hash=d75b74ab local_hash= local_source=none snapshot_missing=false
[WARN] consensus validator set unresolved height=2313 chain_height=2551 expected_hash=d75b74ab local_hash= local_source=none snapshot_missing=false
[WARN] consensus validator set unresolved height=2314 chain_height=2551 expected_hash=d75b74ab local_hash= local_source=none snapshot_missing=false
[WARN] consensus validator set unresolved height=2315 chain_height=2551 expected_hash=d75b74ab local_hash= local_source=none snapshot_missing=false
[WARN] consensus validator set unresolved height=2316 chain_height=2551 expected_hash=d75b74ab local_hash= local_source=none snapshot_missing=false
[WARN] consensus validator set unresolved height=2317 chain_height=2551 expected_hash=d75b74ab local_hash= local_source=none snapshot_missing=false
[WARN] consensus validator set unresolved height=2318 chain_height=2551 expected_hash=d75b74ab local_hash= local_source=none snapshot_missing=false
[WARN] consensus validator set unresolved height=2319 chain_height=2551 expected_hash=d75b74ab local_hash= local_source=none snapshot_missing=false
[WARN] consensus validator set unresolved height=2320 chain_height=2551 expected_hash=d75b74ab local_hash= local_source=none snapshot_missing=false
[WARN] consensus validator set unresolved height=2321 chain_height=2551 expected_hash=d75b74ab local_hash= local_source=none snapshot_missing=false
[WARN] consensus validator set unresolved height=2322 chain_height=2551 expected_hash=d75b74ab local_hash= local_source=none snapshot_missing=false
[WARN] consensus validator set unresolved height=2323 chain_height=2551 expected_hash=d75b74ab local_hash= local_source=none snapshot_missing=false
[WARN] consensus validator set unresolved height=2324 chain_height=2551 expected_hash=d75b74ab local_hash= local_source=none snapshot_missing=false
[WARN] consensus validator set unresolved height=2325 chain_height=2551 expected_hash=d75b74ab local_hash= local_source=none snapshot_missing=false
[WARN] consensus validator set unresolved height=2326 chain_height=2551 expected_hash=d75b74ab local_hash= local_source=none snapshot_missing=false
[WARN] consensus validator set unresolved height=2327 chain_height=2551 expected_hash=d75b74ab local_hash= local_source=none snapshot_missing=false
[WARN] consensus validator set unresolved height=2328 chain_height=2551 expected_hash=d75b74ab local_hash= local_source=none snapshot_missing=false
[WARN] consensus validator set unresolved height=2329 chain_height=2551 expected_hash=d75b74ab local_hash= local_source=none snapshot_missing=false
[WARN] consensus validator set unresolved height=2330 chain_height=2551 expected_hash=d75b74ab local_hash= local_source=none snapshot_missing=false
[WARN] consensus validator set unresolved height=2331 chain_height=2551 expected_hash=d75b74ab local_hash= local_source=none snapshot_missing=false
[WARN] consensus validator set unresolved height=2332 chain_height=2551 expected_hash=d75b74ab local_hash= local_source=none snapshot_missing=false
[WARN] consensus validator set unresolved height=2333 chain_height=2551 expected_hash=d75b74ab local_hash= local_source=none snapshot_missing=false
[WARN] consensus validator set unresolved height=2334 chain_height=2551 expected_hash=d75b74ab local_hash= local_source=none snapshot_missing=false
[WARN] consensus validator set unresolved height=2335 chain_height=2551 expected_hash=d75b74ab local_hash= local_source=none snapshot_missing=false
[WARN] consensus validator set unresolved height=2336 chain_height=2551 expected_hash=d75b74ab local_hash= local_source=none snapshot_missing=false
[WARN] consensus validator set unresolved height=2337 chain_height=2551 expected_hash=d75b74ab local_hash= local_source=none snapshot_missing=false
[WARN] consensus validator set unresolved height=2338 chain_height=2551 expected_hash=d75b74ab local_hash= local_source=none snapshot_missing=false
[WARN] consensus validator set unresolved height=2339 chain_height=2551 expected_hash=d75b74ab local_hash= local_source=none snapshot_missing=false
[WARN] consensus validator set unresolved height=2340 chain_height=2551 expected_hash=d75b74ab local_hash= local_source=none snapshot_missing=false
[WARN] consensus validator set unresolved height=2341 chain_height=2551 expected_hash=d75b74ab local_hash= local_source=none snapshot_missing=false
[WARN] consensus validator set unresolved height=2342 chain_height=2551 expected_hash=d75b74ab local_hash= local_source=none snapshot_missing=false
[WARN] consensus validator set unresolved height=2343 chain_height=2551 expected_hash=d75b74ab local_hash= local_source=none snapshot_missing=false
[WARN] consensus validator set unresolved height=2344 chain_height=2551 expected_hash=d75b74ab local_hash= local_source=none snapshot_missing=false
[WARN] consensus validator set unresolved height=2345 chain_height=2551 expected_hash=d75b74ab local_hash= local_source=none snapshot_missing=false
[WARN] consensus validator set unresolved height=2346 chain_height=2551 expected_hash=d75b74ab local_hash= local_source=none snapshot_missing=false
[WARN] consensus validator set unresolved height=2347 chain_height=2551 expected_hash=d75b74ab local_hash= local_source=none snapshot_missing=false
[WARN] consensus validator set unresolved height=2348 chain_height=2551 expected_hash=d75b74ab local_hash= local_source=none snapshot_missing=false
[WARN] consensus validator set unresolved height=2349 chain_height=2551 expected_hash=d75b74ab local_hash= local_source=none snapshot_missing=false
[WARN] consensus validator set unresolved height=2350 chain_height=2551 expected_hash=d75b74ab local_hash= local_source=none snapshot_missing=false
[WARN] consensus validator set unresolved height=2351 chain_height=2551 expected_hash=d75b74ab local_hash= local_source=none snapshot_missing=false
[WARN] consensus validator set unresolved height=2352 chain_height=2551 expected_hash=d75b74ab local_hash= local_source=none snapshot_missing=false
[WARN] consensus validator set unresolved height=2353 chain_height=2551 expected_hash=d75b74ab local_hash= local_source=none snapshot_missing=false
[WARN] consensus validator set unresolved height=2354 chain_height=2551 expected_hash=d75b74ab local_hash= local_source=none snapshot_missing=false
[WARN] consensus validator set unresolved height=2355 chain_height=2551 expected_hash=d75b74ab local_hash= local_source=none snapshot_missing=false
[WARN] consensus validator set unresolved height=2356 chain_height=2551 expected_hash=d75b74ab local_hash= local_source=none snapshot_missing=false
[WARN] consensus validator set unresolved height=2357 chain_height=2551 expected_hash=d75b74ab local_hash= local_source=none snapshot_missing=false
[WARN] consensus validator set unresolved height=2358 chain_height=2551 expected_hash=d75b74ab local_hash= local_source=none snapshot_missing=false
[WARN] consensus validator set unresolved height=2359 chain_height=2551 expected_hash=d75b74ab local_hash= local_source=none snapshot_missing=false
[WARN] consensus validator set unresolved height=2360 chain_height=2551 expected_hash=d75b74ab local_hash= local_source=none snapshot_missing=false
[WARN] consensus validator set unresolved height=2361 chain_height=2551 expected_hash=d75b74ab local_hash= local_source=none snapshot_missing=false
[WARN] consensus validator set unresolved height=2362 chain_height=2551 expected_hash=d75b74ab local_hash= local_source=none snapshot_missing=false
[WARN] consensus validator set unresolved height=2363 chain_height=2551 expected_hash=d75b74ab local_hash= local_source=none snapshot_missing=false
[WARN] consensus validator set unresolved height=2364 chain_height=2551 expected_hash=d75b74ab local_hash= local_source=none snapshot_missing=false
[WARN] consensus validator set unresolved height=2365 chain_height=2551 expected_hash=d75b74ab local_hash= local_source=none snapshot_missing=false
[WARN] consensus validator set unresolved height=2366 chain_height=2551 expected_hash=d75b74ab local_hash= local_source=none snapshot_missing=false
[WARN] consensus validator set unresolved height=2367 chain_height=2551 expected_hash=d75b74ab local_hash= local_source=none snapshot_missing=false
[WARN] consensus validator set unresolved height=2368 chain_height=2551 expected_hash=d75b74ab local_hash= local_source=none snapshot_missing=false
[WARN] consensus validator set unresolved height=2369 chain_height=2551 expected_hash=d75b74ab local_hash= local_source=none snapshot_missing=false
[WARN] consensus validator set unresolved height=2370 chain_height=2551 expected_hash=d75b74ab local_hash= local_source=none snapshot_missing=false
[WARN] consensus validator set unresolved height=2371 chain_height=2551 expected_hash=d75b74ab local_hash= local_source=none snapshot_missing=false
[WARN] consensus validator set unresolved height=2372 chain_height=2551 expected_hash=d75b74ab local_hash= local_source=none snapshot_missing=false
[WARN] consensus validator set unresolved height=2373 chain_height=2551 expected_hash=d75b74ab local_hash= local_source=none snapshot_missing=false
[WARN] consensus validator set unresolved height=2374 chain_height=2551 expected_hash=d75b74ab local_hash= local_source=none snapshot_missing=false
[WARN] consensus validator set unresolved height=2375 chain_height=2551 expected_hash=d75b74ab local_hash= local_source=none snapshot_missing=false
[WARN] consensus validator set unresolved height=2376 chain_height=2551 expected_hash=d75b74ab local_hash= local_source=none snapshot_missing=false
[WARN] consensus validator set unresolved height=2377 chain_height=2551 expected_hash=d75b74ab local_hash= local_source=none snapshot_missing=false
[WARN] consensus validator set unresolved height=2378 chain_height=2551 expected_hash=d75b74ab local_hash= local_source=none snapshot_missing=false
[WARN] consensus validator set unresolved height=2379 chain_height=2551 expected_hash=d75b74ab local_hash= local_source=none snapshot_missing=false
[WARN] consensus validator set unresolved height=2380 chain_height=2551 expected_hash=d75b74ab local_hash= local_source=none snapshot_missing=false
[WARN] consensus validator set unresolved height=2381 chain_height=2551 expected_hash=d75b74ab local_hash= local_source=none snapshot_missing=false
[WARN] consensus validator set unresolved height=2382 chain_height=2551 expected_hash=d75b74ab local_hash= local_source=none snapshot_missing=false
[WARN] consensus validator set unresolved height=2383 chain_height=2551 expected_hash=d75b74ab local_hash= local_source=none snapshot_missing=false
[WARN] consensus validator set unresolved height=2384 chain_height=2551 expected_hash=d75b74ab local_hash= local_source=none snapshot_missing=false
[WARN] consensus validator set unresolved height=2385 chain_height=2551 expected_hash=d75b74ab local_hash= local_source=none snapshot_missing=false
[WARN] consensus validator set unresolved height=2386 chain_height=2551 expected_hash=d75b74ab local_hash= local_source=none snapshot_missing=false
[WARN] consensus validator set unresolved height=2387 chain_height=2551 expected_hash=d75b74ab local_hash= local_source=none snapshot_missing=false
[WARN] consensus validator set unresolved height=2388 chain_height=2551 expected_hash=d75b74ab local_hash= local_source=none snapshot_missing=false
[WARN] consensus validator set unresolved height=2389 chain_height=2551 expected_hash=d75b74ab local_hash= local_source=none snapshot_missing=false
[WARN] consensus validator set unresolved height=2390 chain_height=2551 expected_hash=d75b74ab local_hash= local_source=none snapshot_missing=false
[WARN] consensus validator set unresolved height=2391 chain_height=2551 expected_hash=d75b74ab local_hash= local_source=none snapshot_missing=false
[WARN] consensus validator set unresolved height=2392 chain_height=2551 expected_hash=d75b74ab local_hash= local_source=none snapshot_missing=false
[WARN] consensus validator set unresolved height=2393 chain_height=2551 expected_hash=d75b74ab local_hash= local_source=none snapshot_missing=false
[WARN] consensus validator set unresolved height=2394 chain_height=2551 expected_hash=d75b74ab local_hash= local_source=none snapshot_missing=false
[WARN] consensus validator set unresolved height=2395 chain_height=2551 expected_hash=d75b74ab local_hash= local_source=none snapshot_missing=false
[WARN] consensus validator set unresolved height=2396 chain_height=2551 expected_hash=d75b74ab local_hash= local_source=none snapshot_missing=false
[WARN] consensus validator set unresolved height=2397 chain_height=2551 expected_hash=d75b74ab local_hash= local_source=none snapshot_missing=false
[WARN] consensus validator set unresolved height=2398 chain_height=2551 expected_hash=d75b74ab local_hash= local_source=none snapshot_missing=false
[WARN] consensus validator set unresolved height=2399 chain_height=2551 expected_hash=d75b74ab local_hash= local_source=none snapshot_missing=false
[WARN] consensus validator set unresolved height=2400 chain_height=2551 expected_hash=d75b74ab local_hash= local_source=none snapshot_missing=false
[WARN] consensus validator set unresolved height=2401 chain_height=2551 expected_hash=d75b74ab local_hash= local_source=none snapshot_missing=false
[WARN] consensus validator set unresolved height=2402 chain_height=2551 expected_hash=d75b74ab local_hash= local_source=none snapshot_missing=false
[WARN] consensus validator set unresolved height=2403 chain_height=2551 expected_hash=d75b74ab local_hash= local_source=none snapshot_missing=false
[WARN] consensus validator set unresolved height=2404 chain_height=2551 expected_hash=d75b74ab local_hash= local_source=none snapshot_missing=false
[WARN] consensus validator set unresolved height=2405 chain_height=2551 expected_hash=d75b74ab local_hash= local_source=none snapshot_missing=false
[WARN] consensus validator set unresolved height=2406 chain_height=2551 expected_hash=d75b74ab local_hash= local_source=none snapshot_missing=false
[WARN] consensus validator set unresolved height=2407 chain_height=2551 expected_hash=d75b74ab local_hash= local_source=none snapshot_missing=false
[WARN] consensus validator set unresolved height=2408 chain_height=2551 expected_hash=d75b74ab local_hash= local_source=none snapshot_missing=false
[WARN] consensus validator set unresolved height=2409 chain_height=2551 expected_hash=d75b74ab local_hash= local_source=none snapshot_missing=false
[WARN] consensus validator set unresolved height=2410 chain_height=2551 expected_hash=d75b74ab local_hash= local_source=none snapshot_missing=false
[WARN] consensus validator set unresolved height=2411 chain_height=2551 expected_hash=d75b74ab local_hash= local_source=none snapshot_missing=false
[WARN] consensus validator set unresolved height=2412 chain_height=2551 expected_hash=d75b74ab local_hash= local_source=none snapshot_missing=false
[WARN] consensus validator set unresolved height=2413 chain_height=2551 expected_hash=d75b74ab local_hash= local_source=none snapshot_missing=false
[WARN] consensus validator set unresolved height=2414 chain_height=2551 expected_hash=d75b74ab local_hash= local_source=none snapshot_missing=false
[WARN] consensus validator set unresolved height=2415 chain_height=2551 expected_hash=d75b74ab local_hash= local_source=none snapshot_missing=false
[WARN] consensus validator set unresolved height=2416 chain_height=2551 expected_hash=d75b74ab local_hash= local_source=none snapshot_missing=false
[WARN] consensus validator set unresolved height=2417 chain_height=2551 expected_hash=d75b74ab local_hash= local_source=none snapshot_missing=false
[WARN] consensus validator set unresolved height=2418 chain_height=2551 expected_hash=d75b74ab local_hash= local_source=none snapshot_missing=false
[WARN] consensus validator set unresolved height=2419 chain_height=2551 expected_hash=d75b74ab local_hash= local_source=none snapshot_missing=false
[WARN] consensus validator set unresolved height=2420 chain_height=2551 expected_hash=d75b74ab local_hash= local_source=none snapshot_missing=false
[WARN] consensus validator set unresolved height=2421 chain_height=2551 expected_hash=d75b74ab local_hash= local_source=none snapshot_missing=false
[WARN] consensus validator set unresolved height=2422 chain_height=2551 expected_hash=d75b74ab local_hash= local_source=none snapshot_missing=false
[WARN] consensus validator set unresolved height=2423 chain_height=2551 expected_hash=d75b74ab local_hash= local_source=none snapshot_missing=false
[WARN] consensus validator set unresolved height=2424 chain_height=2551 expected_hash=d75b74ab local_hash= local_source=none snapshot_missing=false
[WARN] consensus validator set unresolved height=2425 chain_height=2551 expected_hash=d75b74ab local_hash= local_source=none snapshot_missing=false
[WARN] consensus validator set unresolved height=2426 chain_height=2551 expected_hash=d75b74ab local_hash= local_source=none snapshot_missing=false
[WARN] consensus validator set unresolved height=2427 chain_height=2551 expected_hash=d75b74ab local_hash= local_source=none snapshot_missing=false
[WARN] consensus validator set unresolved height=2428 chain_height=2551 expected_hash=d75b74ab local_hash= local_source=none snapshot_missing=false
[WARN] consensus validator set unresolved height=2429 chain_height=2551 expected_hash=d75b74ab local_hash= local_source=none snapshot_missing=false
[WARN] consensus validator set unresolved height=2430 chain_height=2551 expected_hash=d75b74ab local_hash= local_source=none snapshot_missing=false
[WARN] consensus validator set unresolved height=2431 chain_height=2551 expected_hash=d75b74ab local_hash= local_source=none snapshot_missing=false
[WARN] consensus validator set unresolved height=2432 chain_height=2551 expected_hash=d75b74ab local_hash= local_source=none snapshot_missing=false
[WARN] consensus validator set unresolved height=2433 chain_height=2551 expected_hash=d75b74ab local_hash= local_source=none snapshot_missing=false
[WARN] consensus validator set unresolved height=2434 chain_height=2551 expected_hash=d75b74ab local_hash= local_source=none snapshot_missing=false
[WARN] consensus validator set unresolved height=2435 chain_height=2551 expected_hash=d75b74ab local_hash= local_source=none snapshot_missing=false
[WARN] consensus validator set unresolved height=2436 chain_height=2551 expected_hash=d75b74ab local_hash= local_source=none snapshot_missing=false
[WARN] consensus validator set unresolved height=2437 chain_height=2551 expected_hash=d75b74ab local_hash= local_source=none snapshot_missing=false
[WARN] consensus validator set unresolved height=2438 chain_height=2551 expected_hash=d75b74ab local_hash= local_source=none snapshot_missing=false
[WARN] consensus validator set unresolved height=2439 chain_height=2551 expected_hash=d75b74ab local_hash= local_source=none snapshot_missing=false
[WARN] consensus validator set unresolved height=2440 chain_height=2551 expected_hash=d75b74ab local_hash= local_source=none snapshot_missing=false
[WARN] consensus validator set unresolved height=2441 chain_height=2551 expected_hash=d75b74ab local_hash= local_source=none snapshot_missing=false
[WARN] consensus validator set unresolved height=2442 chain_height=2551 expected_hash=d75b74ab local_hash= local_source=none snapshot_missing=false
[WARN] consensus validator set unresolved height=2443 chain_height=2551 expected_hash=d75b74ab local_hash= local_source=none snapshot_missing=false
[WARN] consensus validator set unresolved height=2444 chain_height=2551 expected_hash=d75b74ab local_hash= local_source=none snapshot_missing=false
[WARN] consensus validator set unresolved height=2445 chain_height=2551 expected_hash=d75b74ab local_hash= local_source=none snapshot_missing=false
[WARN] consensus validator set unresolved height=2446 chain_height=2551 expected_hash=d75b74ab local_hash= local_source=none snapshot_missing=false
[WARN] consensus validator set unresolved height=2447 chain_height=2551 expected_hash=d75b74ab local_hash= local_source=none snapshot_missing=false
[WARN] consensus validator set unresolved height=2448 chain_height=2551 expected_hash=d75b74ab local_hash= local_source=none snapshot_missing=false
[WARN] consensus validator set unresolved height=2449 chain_height=2551 expected_hash=d75b74ab local_hash= local_source=none snapshot_missing=false
[WARN] consensus validator set unresolved height=2450 chain_height=2551 expected_hash=d75b74ab local_hash= local_source=none snapshot_missing=false
[WARN] consensus validator set unresolved height=2451 chain_height=2551 expected_hash=d75b74ab local_hash= local_source=none snapshot_missing=false
[WARN] consensus validator set unresolved height=2452 chain_height=2551 expected_hash=d75b74ab local_hash= local_source=none snapshot_missing=false
[WARN] consensus validator set unresolved height=2453 chain_height=2551 expected_hash=d75b74ab local_hash= local_source=none snapshot_missing=false
[WARN] consensus validator set unresolved height=2454 chain_height=2551 expected_hash=d75b74ab local_hash= local_source=none snapshot_missing=false
[WARN] consensus validator set unresolved height=2455 chain_height=2551 expected_hash=d75b74ab local_hash= local_source=none snapshot_missing=false
[WARN] consensus validator set unresolved height=2456 chain_height=2551 expected_hash=d75b74ab local_hash= local_source=none snapshot_missing=false
[WARN] consensus validator set unresolved height=2457 chain_height=2551 expected_hash=d75b74ab local_hash= local_source=none snapshot_missing=false
[WARN] consensus validator set unresolved height=2458 chain_height=2551 expected_hash=d75b74ab local_hash= local_source=none snapshot_missing=false
[WARN] consensus validator set unresolved height=2459 chain_height=2551 expected_hash=d75b74ab local_hash= local_source=none snapshot_missing=false
[COMMITTEE] height=2460 size=4 target=4 hash=34a93d19
[SET-FREEZE] height=2460 vhash=34a93d19 size=4
[WARN] consensus validator set unresolved height=2461 chain_height=2551 expected_hash=d75b74ab local_hash= local_source=none snapshot_missing=false
[WARN] consensus validator set unresolved height=2462 chain_height=2551 expected_hash=d75b74ab local_hash= local_source=none snapshot_missing=false
[WARN] consensus validator set unresolved height=2463 chain_height=2551 expected_hash=d75b74ab local_hash= local_source=none snapshot_missing=false
[WARN] consensus validator set unresolved height=2464 chain_height=2551 expected_hash=d75b74ab local_hash= local_source=none snapshot_missing=false
[COMMITTEE] height=2465 size=4 target=4 hash=34a93d19
[SET-FREEZE] height=2465 vhash=34a93d19 size=4
[WARN] consensus validator set unresolved height=2466 chain_height=2551 expected_hash=d75b74ab local_hash= local_source=none snapshot_missing=false
[WARN] consensus validator set unresolved height=2467 chain_height=2551 expected_hash=d75b74ab local_hash= local_source=none snapshot_missing=false
[WARN] consensus validator set unresolved height=2468 chain_height=2551 expected_hash=d75b74ab local_hash= local_source=none snapshot_missing=false
[WARN] consensus validator set unresolved height=2469 chain_height=2551 expected_hash=d75b74ab local_hash= local_source=none snapshot_missing=false
[WARN] consensus validator set unresolved height=2470 chain_height=2551 expected_hash=d75b74ab local_hash= local_source=none snapshot_missing=false
[COMMITTEE] height=2471 size=4 target=4 hash=34a93d19
[SET-FREEZE] height=2471 vhash=34a93d19 size=4
[WARN] consensus validator set unresolved height=2472 chain_height=2551 expected_hash=d75b74ab local_hash= local_source=none snapshot_missing=false
[WARN] consensus validator set unresolved height=2473 chain_height=2551 expected_hash=d75b74ab local_hash= local_source=none snapshot_missing=false
[WARN] consensus validator set unresolved height=2474 chain_height=2551 expected_hash=d75b74ab local_hash= local_source=none snapshot_missing=false
[WARN] consensus validator set unresolved height=2475 chain_height=2551 expected_hash=d75b74ab local_hash= local_source=none snapshot_missing=false
[WARN] consensus validator set unresolved height=2476 chain_height=2551 expected_hash=d75b74ab local_hash= local_source=none snapshot_missing=false
[WARN] consensus validator set unresolved height=2477 chain_height=2551 expected_hash=d75b74ab local_hash= local_source=none snapshot_missing=false
[WARN] consensus validator set unresolved height=2478 chain_height=2551 expected_hash=d75b74ab local_hash= local_source=none snapshot_missing=false
[WARN] consensus validator set unresolved height=2479 chain_height=2551 expected_hash=d75b74ab local_hash= local_source=none snapshot_missing=false
[WARN] consensus validator set unresolved height=2480 chain_height=2551 expected_hash=d75b74ab local_hash= local_source=none snapshot_missing=false
[COMMITTEE] height=2481 size=4 target=4 hash=34a93d19
[SET-FREEZE] height=2481 vhash=34a93d19 size=4
[WARN] consensus validator set unresolved height=2482 chain_height=2551 expected_hash=d75b74ab local_hash= local_source=none snapshot_missing=false
[WARN] consensus validator set unresolved height=2483 chain_height=2551 expected_hash=d75b74ab local_hash= local_source=none snapshot_missing=false
[WARN] consensus validator set unresolved height=2484 chain_height=2551 expected_hash=d75b74ab local_hash= local_source=none snapshot_missing=false
[WARN] consensus validator set unresolved height=2485 chain_height=2551 expected_hash=d75b74ab local_hash= local_source=none snapshot_missing=false
[WARN] consensus validator set unresolved height=2486 chain_height=2551 expected_hash=d75b74ab local_hash= local_source=none snapshot_missing=false
[WARN] consensus validator set unresolved height=2487 chain_height=2551 expected_hash=d75b74ab local_hash= local_source=none snapshot_missing=false
[WARN] consensus validator set unresolved height=2488 chain_height=2551 expected_hash=d75b74ab local_hash= local_source=none snapshot_missing=false
[WARN] consensus validator set unresolved height=2489 chain_height=2551 expected_hash=d75b74ab local_hash= local_source=none snapshot_missing=false
[WARN] consensus validator set unresolved height=2490 chain_height=2551 expected_hash=d75b74ab local_hash= local_source=none snapshot_missing=false
[COMMITTEE] height=2491 size=4 target=4 hash=34a93d19
[SET-FREEZE] height=2491 vhash=34a93d19 size=4
[WARN] consensus validator set unresolved height=2492 chain_height=2551 expected_hash=d75b74ab local_hash= local_source=none snapshot_missing=false
[WARN] consensus validator set unresolved height=2493 chain_height=2551 expected_hash=d75b74ab local_hash= local_source=none snapshot_missing=false
[WARN] consensus validator set unresolved height=2494 chain_height=2551 expected_hash=d75b74ab local_hash= local_source=none snapshot_missing=false
[WARN] consensus validator set unresolved height=2495 chain_height=2551 expected_hash=d75b74ab local_hash= local_source=none snapshot_missing=false
[WARN] consensus validator set unresolved height=2496 chain_height=2551 expected_hash=d75b74ab local_hash= local_source=none snapshot_missing=false
[COMMITTEE] height=2497 size=4 target=4 hash=34a93d19
[SET-FREEZE] height=2497 vhash=34a93d19 size=4
[WARN] consensus validator set unresolved height=2498 chain_height=2551 expected_hash=d75b74ab local_hash= local_source=none snapshot_missing=false
[WARN] consensus validator set unresolved height=2499 chain_height=2551 expected_hash=d75b74ab local_hash= local_source=none snapshot_missing=false
[WARN] consensus validator set unresolved height=2500 chain_height=2551 expected_hash=d75b74ab local_hash= local_source=none snapshot_missing=false
[COMMITTEE] height=2501 size=4 target=4 hash=34a93d19
[SET-FREEZE] height=2501 vhash=34a93d19 size=4
[WARN] consensus validator set unresolved height=2502 chain_height=2551 expected_hash=d75b74ab local_hash= local_source=none snapshot_missing=false
[WARN] consensus validator set unresolved height=2503 chain_height=2551 expected_hash=d75b74ab local_hash= local_source=none snapshot_missing=false
[WARN] consensus validator set unresolved height=2504 chain_height=2551 expected_hash=d75b74ab local_hash= local_source=none snapshot_missing=false
[WARN] consensus validator set unresolved height=2505 chain_height=2551 expected_hash=d75b74ab local_hash= local_source=none snapshot_missing=false
[WARN] consensus validator set unresolved height=2506 chain_height=2551 expected_hash=d75b74ab local_hash= local_source=none snapshot_missing=false
[WARN] consensus validator set unresolved height=2507 chain_height=2551 expected_hash=d75b74ab local_hash= local_source=none snapshot_missing=false
[WARN] consensus validator set unresolved height=2508 chain_height=2551 expected_hash=d75b74ab local_hash= local_source=none snapshot_missing=false
[WARN] consensus validator set unresolved height=2509 chain_height=2551 expected_hash=d75b74ab local_hash= local_source=none snapshot_missing=false
[WARN] consensus validator set unresolved height=2510 chain_height=2551 expected_hash=d75b74ab local_hash= local_source=none snapshot_missing=false
[COMMITTEE] height=2511 size=4 target=4 hash=34a93d19
[SET-FREEZE] height=2511 vhash=34a93d19 size=4
[WARN] consensus validator set unresolved height=2512 chain_height=2551 expected_hash=d75b74ab local_hash= local_source=none snapshot_missing=false
[WARN] consensus validator set unresolved height=2513 chain_height=2551 expected_hash=d75b74ab local_hash= local_source=none snapshot_missing=false
[WARN] consensus validator set unresolved height=2514 chain_height=2551 expected_hash=d75b74ab local_hash= local_source=none snapshot_missing=false
[WARN] consensus validator set unresolved height=2515 chain_height=2551 expected_hash=d75b74ab local_hash= local_source=none snapshot_missing=false
[WARN] consensus validator set unresolved height=2516 chain_height=2551 expected_hash=d75b74ab local_hash= local_source=none snapshot_missing=false
[WARN] consensus validator set unresolved height=2517 chain_height=2551 expected_hash=d75b74ab local_hash= local_source=none snapshot_missing=false
[WARN] consensus validator set unresolved height=2518 chain_height=2551 expected_hash=d75b74ab local_hash= local_source=none snapshot_missing=false
[WARN] consensus validator set unresolved height=2519 chain_height=2551 expected_hash=d75b74ab local_hash= local_source=none snapshot_missing=false
[WARN] consensus validator set unresolved height=2520 chain_height=2551 expected_hash=d75b74ab local_hash= local_source=none snapshot_missing=false
[COMMITTEE] height=2521 size=4 target=4 hash=34a93d19
[SET-FREEZE] height=2521 vhash=34a93d19 size=4
[WARN] consensus validator set unresolved height=2522 chain_height=2551 expected_hash=d75b74ab local_hash= local_source=none snapshot_missing=false
[WARN] consensus validator set unresolved height=2523 chain_height=2551 expected_hash=d75b74ab local_hash= local_source=none snapshot_missing=false
[WARN] consensus validator set unresolved height=2524 chain_height=2551 expected_hash=d75b74ab local_hash= local_source=none snapshot_missing=false
[WARN] consensus validator set unresolved height=2525 chain_height=2551 expected_hash=d75b74ab local_hash= local_source=none snapshot_missing=false
[WARN] consensus validator set unresolved height=2526 chain_height=2551 expected_hash=d75b74ab local_hash= local_source=none snapshot_missing=false
[WARN] consensus validator set unresolved height=2527 chain_height=2551 expected_hash=d75b74ab local_hash= local_source=none snapshot_missing=false
[WARN] consensus validator set unresolved height=2528 chain_height=2551 expected_hash=d75b74ab local_hash= local_source=none snapshot_missing=false
[COMMITTEE] height=2529 size=4 target=4 hash=34a93d19
[SET-FREEZE] height=2529 vhash=34a93d19 size=4
[WARN] consensus validator set unresolved height=2530 chain_height=2551 expected_hash=d75b74ab local_hash= local_source=none snapshot_missing=false
[COMMITTEE] height=2531 size=4 target=4 hash=34a93d19
[SET-FREEZE] height=2531 vhash=34a93d19 size=4
[WARN] consensus validator set unresolved height=2532 chain_height=2551 expected_hash=d75b74ab local_hash= local_source=none snapshot_missing=false
[WARN] consensus validator set unresolved height=2533 chain_height=2551 expected_hash=d75b74ab local_hash= local_source=none snapshot_missing=false
[WARN] consensus validator set unresolved height=2534 chain_height=2551 expected_hash=d75b74ab local_hash= local_source=none snapshot_missing=false
[WARN] consensus validator set unresolved height=2535 chain_height=2551 expected_hash=d75b74ab local_hash= local_source=none snapshot_missing=false
[WARN] consensus validator set unresolved height=2536 chain_height=2551 expected_hash=d75b74ab local_hash= local_source=none snapshot_missing=false
[WARN] consensus validator set unresolved height=2537 chain_height=2551 expected_hash=d75b74ab local_hash= local_source=none snapshot_missing=false
[WARN] consensus validator set unresolved height=2538 chain_height=2551 expected_hash=d75b74ab local_hash= local_source=none snapshot_missing=false
[WARN] consensus validator set unresolved height=2539 chain_height=2551 expected_hash=d75b74ab local_hash= local_source=none snapshot_missing=false
[WARN] consensus validator set unresolved height=2540 chain_height=2551 expected_hash=d75b74ab local_hash= local_source=none snapshot_missing=false
[COMMITTEE] height=2541 size=4 target=4 hash=34a93d19
[SET-FREEZE] height=2541 vhash=34a93d19 size=4
[WARN] consensus validator set unresolved height=2542 chain_height=2551 expected_hash=d75b74ab local_hash= local_source=none snapshot_missing=false
[WARN] consensus validator set unresolved height=2543 chain_height=2551 expected_hash=d75b74ab local_hash= local_source=none snapshot_missing=false
[WARN] consensus validator set unresolved height=2544 chain_height=2551 expected_hash=d75b74ab local_hash= local_source=none snapshot_missing=false
[WARN] consensus validator set unresolved height=2545 chain_height=2551 expected_hash=d75b74ab local_hash= local_source=none snapshot_missing=false
[WARN] consensus validator set unresolved height=2546 chain_height=2551 expected_hash=d75b74ab local_hash= local_source=none snapshot_missing=false
[WARN] consensus validator set unresolved height=2547 chain_height=2551 expected_hash=d75b74ab local_hash= local_source=none snapshot_missing=false
[COMMITTEE] height=2548 size=4 target=4 hash=34a93d19
[SET-FREEZE] height=2548 vhash=34a93d19 size=4
[EMISSION] h=2550 reward=2 treasury=1 validators=1 burn=0 applied_burn=0 chance_bps=10000
2026/05/20 15:06:37 [STARTUP-EXECUTION-SNAPSHOT] action=rebuild resume base=2550 target=2551
[EMISSION] h=2551 reward=4 treasury=1 validators=2 burn=1 applied_burn=0 chance_bps=10000
2026/05/20 15:06:37 [SNAPSHOT-REPAIR] height=2551 source=tip_create_snapshot_repair reason=startup
2026/05/20 15:06:37 [REGISTRY-MISSING] height=1 chain_tip=2551
[REGISTRY-MISSING] height=1 chain_height=2551 db_state=true
[SET-FREEZE-REPLAY] entries=12102 applied=118 last_h=2548 hash=34a93d19
[SET-FREEZE-CHAIN] applied=2468 materialized=0 tip_h=2551 hash=d75b74ab
2026/05/20 15:06:37 [AUTOHEAL] startup_recovery_applied height=2551 frozen_sets=2546
[STARTUP-COMMITMENT] mode=v2 commitment_height=1 check_h=2552 expected=d75b74ab source=snapshot_parent
Validator C: wallet auth not required by current policy
2026/05/20 15:06:37 EVM/VM routes removed permanently. DTL JSON-RPC available at /rpc
2026/05/20 15:06:37 [SYNC-PIPELINE] stage=live_consensus
Ã¢ÂÂ³ Waiting for sync completion before consensus start (height=2551 finalized=2551)
===============================================
===============================================
Peer ID  : n/a
Height   : 2551
Peers    : 0
===============================================
msc[C]> 2026/05/20 15:06:37 [WARN] interactive CLI input closed; node keeps running: EOF
2026/05/20 15:06:37 [P2P-ID] identity key=data\C\node_C\p2p_identity.key peer_id=12D3KooWD9ed8zJXbW8uUU6XHD2UYrsQQEvnuXReJWFeo52dvdf8
Ã°Å¸Å’Â LibP2P host initialized
Ã°Å¸â€ â€ PeerID: 12D3KooWD9ed8zJXbW8uUU6XHD2UYrsQQEvnuXReJWFeo52dvdf8
Ã°Å¸â€œÂ Listening addresses:
  /ip4/127.0.0.1/tcp/7003/p2p/12D3KooWD9ed8zJXbW8uUU6XHD2UYrsQQEvnuXReJWFeo52dvdf8
P2P stack: discovery=DNS seeds + DHT + mDNS, transport=QUIC, security=Noise, messaging=GossipSub, NAT=UPnP + Relay
Ã°Å¸â€œÅ  Host info: Addrs=1 DHT=true
ÃƒÂ°Ã…Â¸Ã¢â‚¬Å“Ã‚Â¡ PubSub topics initialized (MSC)
   msc-block        block propagation
   msc-tx           mempool ingress
   msc-consensus    exec/commit/snapshot
   msc-validator    validator gossip
   msc-snapshot-meta snapshot manifest metadata
   msc-snapshot-chunk snapshot chunk availability
   msc-snapshot-proof snapshot anchor proofs
Ã°Å¸â€Â§ Network protocols configured
mDNS auto-disabled on Windows (set MSC_FORCE_MDNS=1 to force-enable)
Ã¢Å“â€¦ Listening for blocks...
Ã¢Å“â€¦ Listening for transactions...
2026/05/20 15:06:37 [SNAPSHOT-PUBLISH-REQUIRED] validator=C policy=strict_snapshot_only
Validator heartbeat: C | reported_height=2551 | finalized_height=2551 | local_exec_epoch=2552
Ã°Å¸â€â€” Peer connected: 12D3KooWETqM63k4eBQTHnBZ2jzRd4SCLBX7fMSz6BcnGFUohp9U
Heartbeat sent: C finalized=2551 epoch=2552
Validator heartbeat: C | reported_height=2551 | finalized_height=2551 | local_exec_epoch=2552
Heartbeat sent: C finalized=2551 epoch=2552
[SNAPSHOT-PUBLISH] deferred height=2551 reason=auto_publish_interval_10
Ã°Å¸â€â€” Peer connected: 12D3KooWPVKESWFG9sS8G6vjhfPn54kWuNFkkuHwG4yQXhYRcXjX
Validator heartbeat: C | reported_height=2551 | finalized_height=2551 | local_exec_epoch=2552
Heartbeat sent: C finalized=2551 epoch=2552
Pubkey override (peer-hello testnet) for validator A
Peer info from 12D3KooWPVKESWFG9sS8G6vjhfPn54kWuNFkkuHwG4yQXhYRcXjX | validator=A role=validator
Pubkey override (peer-hello testnet) for validator A
Peer info from 12D3KooWPVKESWFG9sS8G6vjhfPn54kWuNFkkuHwG4yQXhYRcXjX | validator=A role=validator
Validator registered | id=A addr=/ip4/127.0.0.1/tcp/7001/p2p/12D3KooWPVKESWFG9sS8G6vjhfPn54kWuNFkkuHwG4yQXhYRcXjX
Validator heartbeat: C | reported_height=2551 | finalized_height=2551 | local_exec_epoch=2552
Heartbeat sent: C finalized=2551 epoch=2552
Ã°Å¸â€œÂ¨ Consensus message from 12D3KooWPVKESWFG9sS8G6vjhfPn54kWuNFkkuHwG4yQXhYRcXjX: peers (size: 333 bytes)
Ã°Å¸â€â€” Received 4 peers from 12D3KooWPVKESWFG9sS8G6vjhfPn54kWuNFkkuHwG4yQXhYRcXjX
Attempting to connect to 5 peers
Ã°Å¸â€Å’ Consensus stream EOF from 12D3KooWPVKESWFG9sS8G6vjhfPn54kWuNFkkuHwG4yQXhYRcXjX
Ã°Å¸â€Å’ Consensus stream closed with 12D3KooWPVKESWFG9sS8G6vjhfPn54kWuNFkkuHwG4yQXhYRcXjX
Ã°Å¸â€â€” Peer connected: 12D3KooWHdmUKc1bYKY3scg6TqGhK3SutwH9hu1aAez4VmvwkEyk
Validator heartbeat: C | reported_height=2551 | finalized_height=2551 | local_exec_epoch=2552
Heartbeat sent: C finalized=2551 epoch=2552
Pubkey override (peer-hello testnet) for validator B
Peer info from 12D3KooWHdmUKc1bYKY3scg6TqGhK3SutwH9hu1aAez4VmvwkEyk | validator=B role=validator
Validator registered | id=B addr=/ip4/127.0.0.1/tcp/7002/p2p/12D3KooWHdmUKc1bYKY3scg6TqGhK3SutwH9hu1aAez4VmvwkEyk
Peer info from 12D3KooWHdmUKc1bYKY3scg6TqGhK3SutwH9hu1aAez4VmvwkEyk | validator=B role=validator
Validator heartbeat: C | reported_height=2551 | finalized_height=2551 | local_exec_epoch=2552
Heartbeat sent: C finalized=2551 epoch=2552
Validator heartbeat: B | reported_height=2551 | finalized_height=2551 | local_exec_epoch=2552
Validator heartbeat: B | reported_height=2551 | finalized_height=2551 | local_exec_epoch=2552
Validator heartbeat received: B | reported_height=2551 | finalized_height=2551 | local_exec_epoch=2552
Validator heartbeat received: B | reported_height=2551 | finalized_height=2551 | local_exec_epoch=2552
[SYNC-SERVE-REQUEST] peer=12D3KooW requested=2471-2551 snapshot=false snapshot_height=0
[SYNC-SERVE-RESPONSE] peer=12D3KooW requested=2471-2551 served=2471-2551 count=81 snapshot=false tip_gap=false historical_gap=false duration_ms=7
Ã°Å¸â€œÂ¦ Sent blocks 2471-2551 (81 blocks) to 12D3KooWPVKESWFG9sS8G6vjhfPn54kWuNFkkuHwG4yQXhYRcXjX
Ã°Å¸â€œÂ¨ Consensus message from 12D3KooWHdmUKc1bYKY3scg6TqGhK3SutwH9hu1aAez4VmvwkEyk: peers (size: 333 bytes)
Ã°Å¸â€â€” Received 4 peers from 12D3KooWHdmUKc1bYKY3scg6TqGhK3SutwH9hu1aAez4VmvwkEyk
Ã°Å¸â€Å’ Consensus stream EOF from 12D3KooWHdmUKc1bYKY3scg6TqGhK3SutwH9hu1aAez4VmvwkEyk
Ã°Å¸â€Å’ Consensus stream closed with 12D3KooWHdmUKc1bYKY3scg6TqGhK3SutwH9hu1aAez4VmvwkEyk
Validator heartbeat: B | reported_height=2551 | finalized_height=2551 | local_exec_epoch=2552
Validator heartbeat: B | reported_height=2551 | finalized_height=2551 | local_exec_epoch=2552
Validator heartbeat received: B | reported_height=2551 | finalized_height=2551 | local_exec_epoch=2552
Validator heartbeat received: B | reported_height=2551 | finalized_height=2551 | local_exec_epoch=2552
Ã°Å¸â€œÂ¨ Consensus message from 12D3KooWETqM63k4eBQTHnBZ2jzRd4SCLBX7fMSz6BcnGFUohp9U: peers (size: 333 bytes)
Skipping pre-hello peers list from 12D3KooWETqM63k4eBQTHnBZ2jzRd4SCLBX7fMSz6BcnGFUohp9U
Ã°Å¸â€Å’ Consensus stream EOF from 12D3KooWETqM63k4eBQTHnBZ2jzRd4SCLBX7fMSz6BcnGFUohp9U
Ã°Å¸â€Å’ Consensus stream closed with 12D3KooWETqM63k4eBQTHnBZ2jzRd4SCLBX7fMSz6BcnGFUohp9U
Ignoring stale heartbeat: A reported=2471 local_finalized=2551
Ignoring stale heartbeat: A reported=2471 local_finalized=2551
[STARTUP-GATE] waiting reason=waiting_network_validator_set_sample local=2551 finalized=2551 network=0 votes=1
?? Peer forgotten: 12D3KooWETqJcDdusDVo7kZnu5KC56eowZXtQmLkpbpBVME5ijEN reason=self_dial
Skipping self dial target: /ip4/127.0.0.1/tcp/7003/p2p/12D3KooWETqJcDdusDVo7kZnu5KC56eowZXtQmLkpbpBVME5ijEN
Ã°Å¸â€â€” Peer connected: 12D3KooWE7bMkbbpLoSHKB43JdTZm9zkgqvf1iCQdGAqFFBDa42W
Validator heartbeat: C | reported_height=2551 | finalized_height=2551 | local_exec_epoch=2552
Heartbeat sent: C finalized=2551 epoch=2552
Ã°Å¸â€â€ž Bootstrapping DHT...
Ã¢Å“â€¦ DHT bootstrap complete
Ã°Å¸â€Â Starting DHT peer discovery...
Ã°Å¸â€â€” PubSub mesh check against 4 peers
Ã°Å¸â€œÂ¨ Consensus message from 12D3KooWE7bMkbbpLoSHKB43JdTZm9zkgqvf1iCQdGAqFFBDa42W: peers (size: 250 bytes)
Skipping pre-hello peers list from 12D3KooWE7bMkbbpLoSHKB43JdTZm9zkgqvf1iCQdGAqFFBDa42W
Ã°Å¸â€Å’ Consensus stream EOF from 12D3KooWE7bMkbbpLoSHKB43JdTZm9zkgqvf1iCQdGAqFFBDa42W
Ã°Å¸â€Å’ Consensus stream closed with 12D3KooWE7bMkbbpLoSHKB43JdTZm9zkgqvf1iCQdGAqFFBDa42W
Validator heartbeat: B | reported_height=2551 | finalized_height=2551 | local_exec_epoch=2552
Validator heartbeat: B | reported_height=2551 | finalized_height=2551 | local_exec_epoch=2552
Validator heartbeat received: B | reported_height=2551 | finalized_height=2551 | local_exec_epoch=2552
Validator heartbeat received: B | reported_height=2551 | finalized_height=2551 | local_exec_epoch=2552
Validator registered | id=F addr=/ip4/127.0.0.1/tcp/7005/p2p/12D3KooWETqM63k4eBQTHnBZ2jzRd4SCLBX7fMSz6BcnGFUohp9U
Candidate heartbeat received: F | reported_height=2549 | finalized_height=2549 | local_exec_epoch=2550
Validator heartbeat: B | reported_height=2551 | finalized_height=2551 | local_exec_epoch=2552
Candidate heartbeat received: F | reported_height=2549 | finalized_height=2549 | local_exec_epoch=2550
Validator heartbeat: C | reported_height=2551 | finalized_height=2551 | local_exec_epoch=2552
Heartbeat sent: C finalized=2551 epoch=2552
Validator heartbeat: B | reported_height=2551 | finalized_height=2551 | local_exec_epoch=2552
Validator heartbeat received: B | reported_height=2551 | finalized_height=2551 | local_exec_epoch=2552
Validator heartbeat received: B | reported_height=2551 | finalized_height=2551 | local_exec_epoch=2552
Ignoring stale heartbeat: A reported=2471 local_finalized=2551
Ignoring stale heartbeat: A reported=2471 local_finalized=2551
[STARTUP-GATE] waiting reason=waiting_network_validator_set_sample local=2551 finalized=2551 network=0 votes=1
Peer info from 12D3KooWETqM63k4eBQTHnBZ2jzRd4SCLBX7fMSz6BcnGFUohp9U | role=full
Peer info from 12D3KooWETqM63k4eBQTHnBZ2jzRd4SCLBX7fMSz6BcnGFUohp9U | role=full
Peer info from 12D3KooWETqM63k4eBQTHnBZ2jzRd4SCLBX7fMSz6BcnGFUohp9U | role=full
Candidate heartbeat received: F | reported_height=2549 | finalized_height=2549 | local_exec_epoch=2550
Candidate heartbeat received: F | reported_height=2549 | finalized_height=2549 | local_exec_epoch=2550
[STARTUP-GATE] waiting reason=waiting_network_validator_set_sample local=2551 finalized=2551 network=0 votes=1
Candidate heartbeat received: F | reported_height=2549 | finalized_height=2549 | local_exec_epoch=2550
Candidate heartbeat received: F | reported_height=2549 | finalized_height=2549 | local_exec_epoch=2550
[SYNC-SERVE-REQUEST] peer=12D3KooW requested=2550-2551 snapshot=false snapshot_height=0
[SYNC-SERVE-RESPONSE] peer=12D3KooW requested=2550-2551 served=2550-2551 count=2 snapshot=false tip_gap=false historical_gap=false duration_ms=1
Ã°Å¸â€œÂ¦ Sent blocks 2550-2551 (2 blocks) to 12D3KooWETqM63k4eBQTHnBZ2jzRd4SCLBX7fMSz6BcnGFUohp9U
[STARTUP-GATE] waiting reason=waiting_network_validator_set_sample local=2551 finalized=2551 network=0 votes=1
Ignoring stale heartbeat: A reported=2472 local_finalized=2551
Ignoring stale heartbeat: A reported=2472 local_finalized=2551
Pubkey override (testnet) for validator D
Validator registered | id=D addr=/ip4/127.0.0.1/tcp/7004/p2p/12D3KooWE7bMkbbpLoSHKB43JdTZm9zkgqvf1iCQdGAqFFBDa42W
Pubkey override (testnet) for validator D
Candidate heartbeat received: D | reported_height=2542 | finalized_height=2542 | local_exec_epoch=2543
Candidate heartbeat received: D | reported_height=2542 | finalized_height=2542 | local_exec_epoch=2543
Validator heartbeat: C | reported_height=2551 | finalized_height=2551 | local_exec_epoch=2552
Heartbeat sent: C finalized=2551 epoch=2552
Validator heartbeat: B | reported_height=2551 | finalized_height=2551 | local_exec_epoch=2552
Validator heartbeat: B | reported_height=2551 | finalized_height=2551 | local_exec_epoch=2552
Validator heartbeat received: B | reported_height=2551 | finalized_height=2551 | local_exec_epoch=2552
[SNAPSHOT-PUBLISH] deferred height=2551 reason=auto_publish_interval_10
Validator heartbeat received: B | reported_height=2551 | finalized_height=2551 | local_exec_epoch=2552
Candidate heartbeat received: F | reported_height=2549 | finalized_height=2549 | local_exec_epoch=2550
Candidate heartbeat received: F | reported_height=2549 | finalized_height=2549 | local_exec_epoch=2550
[SYNC-SERVE-REQUEST] peer=12D3KooW requested=2543-2551 snapshot=false snapshot_height=0
[SYNC-SERVE-RESPONSE] peer=12D3KooW requested=2543-2551 served=2543-2551 count=9 snapshot=false tip_gap=false historical_gap=false duration_ms=1
Ã°Å¸â€œÂ¦ Sent blocks 2543-2551 (9 blocks) to 12D3KooWE7bMkbbpLoSHKB43JdTZm9zkgqvf1iCQdGAqFFBDa42W
Peer info from 12D3KooWE7bMkbbpLoSHKB43JdTZm9zkgqvf1iCQdGAqFFBDa42W | role=full
Peer info from 12D3KooWE7bMkbbpLoSHKB43JdTZm9zkgqvf1iCQdGAqFFBDa42W | role=full
2026/05/20 15:06:47 [OK] goroutine pressure normalized: 175 (degrade mode off)
[STARTUP-GATE] waiting reason=waiting_network_validator_set_sample local=2551 finalized=2551 network=0 votes=1
Candidate heartbeat received: F | reported_height=2550 | finalized_height=2550 | local_exec_epoch=2551
Candidate heartbeat received: F | reported_height=2550 | finalized_height=2550 | local_exec_epoch=2551
Peer info from 12D3KooWE7bMkbbpLoSHKB43JdTZm9zkgqvf1iCQdGAqFFBDa42W | role=full
Candidate heartbeat received: F | reported_height=2551 | finalized_height=2551 | local_exec_epoch=2552
Candidate heartbeat received: F | reported_height=2551 | finalized_height=2551 | local_exec_epoch=2552
Ã°Å¸â€œÂ¨ Consensus message from 12D3KooWETqM63k4eBQTHnBZ2jzRd4SCLBX7fMSz6BcnGFUohp9U: block_ack (size: 15 bytes)
Ã°Å¸â€Å’ Consensus stream EOF from 12D3KooWETqM63k4eBQTHnBZ2jzRd4SCLBX7fMSz6BcnGFUohp9U
Ã°Å¸â€Å’ Consensus stream closed with 12D3KooWETqM63k4eBQTHnBZ2jzRd4SCLBX7fMSz6BcnGFUohp9U
Candidate heartbeat received: F | reported_height=2551 | finalized_height=2551 | local_exec_epoch=2552
Candidate heartbeat received: F | reported_height=2551 | finalized_height=2551 | local_exec_epoch=2552
[STARTUP-GATE] waiting reason=waiting_network_validator_set_sample local=2551 finalized=2551 network=0 votes=1
Candidate heartbeat received: D | reported_height=2542 | finalized_height=2542 | local_exec_epoch=2543
Candidate heartbeat received: D | reported_height=2542 | finalized_height=2542 | local_exec_epoch=2543
Ignoring stale heartbeat: A reported=2472 local_finalized=2551
Ignoring stale heartbeat: A reported=2472 local_finalized=2551
Attempting to connect to 4 peers
[STARTUP-GATE] waiting reason=waiting_network_validator_set_sample local=2551 finalized=2551 network=0 votes=1
Candidate heartbeat received: F | reported_height=2551 | finalized_height=2551 | local_exec_epoch=2552
Candidate heartbeat received: F | reported_height=2551 | finalized_height=2551 | local_exec_epoch=2552
Candidate heartbeat received: D | reported_height=2543 | finalized_height=2543 | local_exec_epoch=2544
Candidate heartbeat received: D | reported_height=2543 | finalized_height=2543 | local_exec_epoch=2544
[CONSENSUS] height=2551 vhash=d75b74ab validators=4
[EXEC-QUORUM] height=2552 strict=3 relaxed=2 total=4 live=2 stall=15s
[STATUS] height=2551 finalized=2551 peers=4 validators=2 strict_live=2 heartbeat_live=2 out_of_drift=0 drift_limit=8 syncing=false sync_complete=true execution_ready=true execution_reason=ready gossip=false gossip_pipeline=gossip_wait_remote_sample consensus_running=false mode=observer vote=false propose=false role=full validator_state=observer warmup_seconds=0 ready=false reason=waiting_network_validator_set_sample snapshot_source=snapshot_committed expected_source=snapshot_parent expected_hash=d75b74ab resolved_source=snapshot_committed resolved_hash=d75b74ab next_source=carry_forward next_hash=d75b74ab got_hash= authority=snapshot_parent hash_mode=legacy
Candidate heartbeat received: F | reported_height=2551 | finalized_height=2551 | local_exec_epoch=2552
Candidate heartbeat received: F | reported_height=2551 | finalized_height=2551 | local_exec_epoch=2552
[EXEC-QUORUM] height=2552 strict=3 relaxed=2 total=4 live=2 stall=17s
[STARTUP-GATE] waiting reason=waiting_network_validator_set_sample local=2551 finalized=2551 network=0 votes=1
Candidate heartbeat received: F | reported_height=2551 | finalized_height=2551 | local_exec_epoch=2552
Candidate heartbeat received: F | reported_height=2551 | finalized_height=2551 | local_exec_epoch=2552
Ignoring stale heartbeat: A reported=2473 local_finalized=2551
Ignoring stale heartbeat: A reported=2473 local_finalized=2551
[EXEC-QUORUM] height=2552 strict=3 relaxed=2 total=4 live=2 stall=19s
[STARTUP-GATE] waiting reason=waiting_network_validator_set_sample local=2551 finalized=2551 network=0 votes=1
Candidate heartbeat received: D | reported_height=2543 | finalized_height=2543 | local_exec_epoch=2544
Candidate heartbeat received: D | reported_height=2543 | finalized_height=2543 | local_exec_epoch=2544
Candidate heartbeat received: F | reported_height=2551 | finalized_height=2551 | local_exec_epoch=2552
Candidate heartbeat received: F | reported_height=2551 | finalized_height=2551 | local_exec_epoch=2552
2026/05/20 15:06:57 [OK] goroutine pressure normalized: 174 (degrade mode off)
[EXEC-QUORUM] height=2552 strict=3 relaxed=2 total=4 live=2 stall=21s
[EXEC-QUORUM] height=2552 strict=3 relaxed=2 total=4 live=2 stall=21s
[STARTUP-GATE] waiting reason=waiting_network_validator_set_sample local=2551 finalized=2551 network=0 votes=1
Validator heartbeat: B | reported_height=2551 | finalized_height=2551 | local_exec_epoch=2552
Validator heartbeat: B | reported_height=2551 | finalized_height=2551 | local_exec_epoch=2552
[EXEC-QUORUM] height=2552 strict=3 relaxed=2 total=4 live=2 stall=22s
Validator heartbeat received: B | reported_height=2551 | finalized_height=2551 | local_exec_epoch=2552
[SNAPSHOT-PUBLISH] deferred height=2551 reason=auto_publish_interval_10
[EXEC-QUORUM] height=2552 strict=3 relaxed=2 total=4 live=2 stall=22s
Validator heartbeat received: B | reported_height=2551 | finalized_height=2551 | local_exec_epoch=2552
Validator heartbeat: C | reported_height=2551 | finalized_height=2551 | local_exec_epoch=2552
Heartbeat sent: C finalized=2551 epoch=2552
Candidate heartbeat received: F | reported_height=2551 | finalized_height=2551 | local_exec_epoch=2552
Candidate heartbeat received: F | reported_height=2551 | finalized_height=2551 | local_exec_epoch=2552
[EXEC-QUORUM] height=2552 strict=3 relaxed=2 total=4 live=2 stall=23s
[STARTUP-GATE] waiting reason=waiting_network_validator_set_sample local=2551 finalized=2551 network=0 votes=1
Candidate heartbeat received: D | reported_height=2544 | finalized_height=2544 | local_exec_epoch=2545
Candidate heartbeat received: D | reported_height=2544 | finalized_height=2544 | local_exec_epoch=2545
Ignoring stale heartbeat: A reported=2474 local_finalized=2551
Ignoring stale heartbeat: A reported=2474 local_finalized=2551
Candidate heartbeat received: F | reported_height=2551 | finalized_height=2551 | local_exec_epoch=2552
Candidate heartbeat received: F | reported_height=2551 | finalized_height=2551 | local_exec_epoch=2552
[EXEC-QUORUM] height=2552 strict=3 relaxed=2 total=4 live=2 stall=25s
[STARTUP-GATE] waiting reason=waiting_network_validator_set_sample local=2551 finalized=2551 network=0 votes=1
Ignoring stale heartbeat: A reported=2474 local_finalized=2551
Ignoring stale heartbeat: A reported=2474 local_finalized=2551
Candidate heartbeat received: F | reported_height=2551 | finalized_height=2551 | local_exec_epoch=2552
Candidate heartbeat received: F | reported_height=2551 | finalized_height=2551 | local_exec_epoch=2552
[EXEC-QUORUM] height=2552 strict=3 relaxed=2 total=4 live=2 stall=27s
[STARTUP-GATE] waiting reason=waiting_network_validator_set_sample local=2551 finalized=2551 network=0 votes=1
Candidate heartbeat received: D | reported_height=2544 | finalized_height=2544 | local_exec_epoch=2545
Candidate heartbeat received: D | reported_height=2544 | finalized_height=2544 | local_exec_epoch=2545
[EXEC-QUORUM] height=2552 strict=3 relaxed=2 total=4 live=2 stall=29s
[STARTUP-GATE] waiting reason=waiting_network_validator_set_sample local=2551 finalized=2551 network=0 votes=1
Candidate heartbeat received: F | reported_height=2551 | finalized_height=2551 | local_exec_epoch=2552
Candidate heartbeat received: F | reported_height=2551 | finalized_height=2551 | local_exec_epoch=2552
Ignoring stale heartbeat: A reported=2475 local_finalized=2551
Ignoring stale heartbeat: A reported=2475 local_finalized=2551
Candidate heartbeat received: D | reported_height=2545 | finalized_height=2545 | local_exec_epoch=2546
Candidate heartbeat received: D | reported_height=2545 | finalized_height=2545 | local_exec_epoch=2546
[CONSENSUS] height=2551 vhash=d75b74ab validators=4
[EXEC-QUORUM] height=2552 strict=3 relaxed=2 total=4 live=2 stall=30s
[STATUS] height=2551 finalized=2551 peers=4 validators=2 strict_live=2 heartbeat_live=2 out_of_drift=0 drift_limit=8 syncing=false sync_complete=true execution_ready=true execution_reason=ready gossip=false gossip_pipeline=gossip_wait_remote_sample consensus_running=false mode=observer vote=false propose=false role=full validator_state=observer warmup_seconds=0 ready=false reason=waiting_network_validator_set_sample snapshot_source=snapshot_committed expected_source=snapshot_parent expected_hash=d75b74ab resolved_source=snapshot_committed resolved_hash=d75b74ab next_source=carry_forward next_hash=d75b74ab got_hash= authority=snapshot_parent hash_mode=legacy
[EXEC-QUORUM] height=2552 strict=3 relaxed=2 total=4 live=2 stall=31s
[STARTUP-GATE] waiting reason=waiting_network_validator_set_sample local=2551 finalized=2551 network=0 votes=1
Candidate heartbeat received: F | reported_height=2551 | finalized_height=2551 | local_exec_epoch=2552
Candidate heartbeat received: F | reported_height=2551 | finalized_height=2551 | local_exec_epoch=2552
[EXEC-QUORUM] height=2552 strict=3 relaxed=2 total=4 live=2 stall=33s
[STARTUP-GATE] waiting reason=waiting_network_validator_set_sample local=2551 finalized=2551 network=0 votes=1
Candidate heartbeat received: D | reported_height=2545 | finalized_height=2545 | local_exec_epoch=2546
Candidate heartbeat received: D | reported_height=2545 | finalized_height=2545 | local_exec_epoch=2546
Candidate heartbeat received: F | reported_height=2551 | finalized_height=2551 | local_exec_epoch=2552
Candidate heartbeat received: F | reported_height=2551 | finalized_height=2551 | local_exec_epoch=2552
Validator heartbeat: B | reported_height=2551 | finalized_height=2551 | local_exec_epoch=2552
Validator heartbeat: B | reported_height=2551 | finalized_height=2551 | local_exec_epoch=2552
[EXEC-QUORUM] height=2552 strict=3 relaxed=2 total=4 live=2 stall=34s
[EXEC-QUORUM] height=2552 strict=3 relaxed=2 total=4 live=2 stall=34s
Validator heartbeat received: B | reported_height=2551 | finalized_height=2551 | local_exec_epoch=2552
[SNAPSHOT-PUBLISH] deferred height=2551 reason=auto_publish_interval_10
Validator heartbeat received: B | reported_height=2551 | finalized_height=2551 | local_exec_epoch=2552
[EXEC-QUORUM] height=2552 strict=3 relaxed=2 total=4 live=2 stall=35s
[STARTUP-GATE] waiting reason=waiting_network_validator_set_sample local=2551 finalized=2551 network=0 votes=1
Validator heartbeat: C | reported_height=2551 | finalized_height=2551 | local_exec_epoch=2552
Heartbeat sent: C finalized=2551 epoch=2552
Ignoring stale heartbeat: A reported=2476 local_finalized=2551
Ignoring stale heartbeat: A reported=2476 local_finalized=2551
Candidate heartbeat received: D | reported_height=2546 | finalized_height=2546 | local_exec_epoch=2547
Candidate heartbeat received: D | reported_height=2546 | finalized_height=2546 | local_exec_epoch=2547
Candidate heartbeat received: F | reported_height=2551 | finalized_height=2551 | local_exec_epoch=2552
Candidate heartbeat received: F | reported_height=2551 | finalized_height=2551 | local_exec_epoch=2552
[EXEC-QUORUM] height=2552 strict=3 relaxed=2 total=4 live=2 stall=37s
[STARTUP-GATE] waiting reason=waiting_network_validator_set_sample local=2551 finalized=2551 network=0 votes=1
Attempting to connect to 4 peers
[EXEC-QUORUM] height=2552 strict=3 relaxed=2 total=4 live=2 stall=39s
[STARTUP-GATE] waiting reason=waiting_network_validator_set_sample local=2551 finalized=2551 network=0 votes=1
Candidate heartbeat received: F | reported_height=2551 | finalized_height=2551 | local_exec_epoch=2552
Candidate heartbeat received: F | reported_height=2551 | finalized_height=2551 | local_exec_epoch=2552
Candidate heartbeat received: D | reported_height=2546 | finalized_height=2546 | local_exec_epoch=2547
Candidate heartbeat received: D | reported_height=2546 | finalized_height=2546 | local_exec_epoch=2547
2026/05/20 15:07:17 [OK] goroutine pressure normalized: 174 (degrade mode off)
[EXEC-QUORUM] height=2552 strict=3 relaxed=2 total=4 live=2 stall=41s
[EXEC-QUORUM] height=2552 strict=3 relaxed=2 total=4 live=2 stall=41s
[STARTUP-GATE] waiting reason=waiting_network_validator_set_sample local=2551 finalized=2551 network=0 votes=1
Candidate heartbeat received: F | reported_height=2551 | finalized_height=2551 | local_exec_epoch=2552
Candidate heartbeat received: F | reported_height=2551 | finalized_height=2551 | local_exec_epoch=2552
Ignoring stale heartbeat: A reported=2477 local_finalized=2551
Ignoring stale heartbeat: A reported=2477 local_finalized=2551
Candidate heartbeat received: D | reported_height=2547 | finalized_height=2547 | local_exec_epoch=2548
Candidate heartbeat received: D | reported_height=2547 | finalized_height=2547 | local_exec_epoch=2548
[EXEC-QUORUM] height=2552 strict=3 relaxed=2 total=4 live=2 stall=43s
[STARTUP-GATE] waiting reason=waiting_network_validator_set_sample local=2551 finalized=2551 network=0 votes=1
Candidate heartbeat received: F | reported_height=2551 | finalized_height=2551 | local_exec_epoch=2552
Candidate heartbeat received: F | reported_height=2551 | finalized_height=2551 | local_exec_epoch=2552
[EXEC-QUORUM] height=2552 strict=3 relaxed=2 total=4 live=2 stall=45s
[STARTUP-GATE] waiting reason=waiting_network_validator_set_sample local=2551 finalized=2551 network=0 votes=1
Candidate heartbeat received: F | reported_height=2551 | finalized_height=2551 | local_exec_epoch=2552
Candidate heartbeat received: F | reported_height=2551 | finalized_height=2551 | local_exec_epoch=2552
[CONSENSUS] height=2551 vhash=d75b74ab validators=4
[EXEC-QUORUM] height=2552 strict=3 relaxed=2 total=4 live=2 stall=45s
[STATUS] height=2551 finalized=2551 peers=4 validators=2 strict_live=2 heartbeat_live=2 out_of_drift=0 drift_limit=8 syncing=false sync_complete=true execution_ready=true execution_reason=ready gossip=false gossip_pipeline=gossip_wait_remote_sample consensus_running=false mode=observer vote=false propose=false role=full validator_state=observer warmup_seconds=0 ready=false reason=waiting_network_validator_set_sample snapshot_source=snapshot_committed expected_source=snapshot_parent expected_hash=d75b74ab resolved_source=snapshot_committed resolved_hash=d75b74ab next_source=carry_forward next_hash=d75b74ab got_hash= authority=snapshot_parent hash_mode=legacy
Candidate heartbeat received: D | reported_height=2547 | finalized_height=2547 | local_exec_epoch=2548
Candidate heartbeat received: D | reported_height=2547 | finalized_height=2547 | local_exec_epoch=2548
[EXEC-QUORUM] height=2552 strict=3 relaxed=2 total=4 live=2 stall=47s
[STARTUP-GATE] waiting reason=waiting_network_validator_set_sample local=2551 finalized=2551 network=0 votes=1
Validator heartbeat: B | reported_height=2551 | finalized_height=2551 | local_exec_epoch=2552
Validator heartbeat: B | reported_height=2551 | finalized_height=2551 | local_exec_epoch=2552
[EXEC-QUORUM] height=2552 strict=3 relaxed=2 total=4 live=2 stall=47s
Validator heartbeat received: B | reported_height=2551 | finalized_height=2551 | local_exec_epoch=2552
[SNAPSHOT-PUBLISH] deferred height=2551 reason=auto_publish_interval_10
[EXEC-QUORUM] height=2552 strict=3 relaxed=2 total=4 live=2 stall=47s
Validator heartbeat received: B | reported_height=2551 | finalized_height=2551 | local_exec_epoch=2552
Validator heartbeat: C | reported_height=2551 | finalized_height=2551 | local_exec_epoch=2552
Heartbeat sent: C finalized=2551 epoch=2552
Candidate heartbeat received: F | reported_height=2551 | finalized_height=2551 | local_exec_epoch=2552
Candidate heartbeat received: F | reported_height=2551 | finalized_height=2551 | local_exec_epoch=2552
[EXEC-QUORUM] height=2552 strict=3 relaxed=2 total=4 live=2 stall=49s
[STARTUP-GATE] waiting reason=waiting_network_validator_set_sample local=2551 finalized=2551 network=0 votes=1
Candidate heartbeat received: F | reported_height=2551 | finalized_height=2551 | local_exec_epoch=2552
Candidate heartbeat received: F | reported_height=2551 | finalized_height=2551 | local_exec_epoch=2552
Candidate heartbeat received: D | reported_height=2548 | finalized_height=2548 | local_exec_epoch=2549
Candidate heartbeat received: D | reported_height=2548 | finalized_height=2548 | local_exec_epoch=2549
Ignoring stale heartbeat: A reported=2478 local_finalized=2551
Ignoring stale heartbeat: A reported=2478 local_finalized=2551
[EXEC-QUORUM] height=2552 strict=3 relaxed=2 total=4 live=2 stall=51s
[STARTUP-GATE] waiting reason=waiting_network_validator_set_sample local=2551 finalized=2551 network=0 votes=1
Candidate heartbeat received: F | reported_height=2551 | finalized_height=2551 | local_exec_epoch=2552
Candidate heartbeat received: F | reported_height=2551 | finalized_height=2551 | local_exec_epoch=2552
[EXEC-QUORUM] height=2552 strict=3 relaxed=2 total=4 live=2 stall=53s
[STARTUP-GATE] waiting reason=waiting_network_validator_set_sample local=2551 finalized=2551 network=0 votes=1
Candidate heartbeat received: D | reported_height=2549 | finalized_height=2549 | local_exec_epoch=2550
Candidate heartbeat received: D | reported_height=2549 | finalized_height=2549 | local_exec_epoch=2550
Candidate heartbeat received: F | reported_height=2551 | finalized_height=2551 | local_exec_epoch=2552
Candidate heartbeat received: F | reported_height=2551 | finalized_height=2551 | local_exec_epoch=2552
Ignoring stale heartbeat: A reported=2479 local_finalized=2551
Ignoring stale heartbeat: A reported=2479 local_finalized=2551
[EXEC-QUORUM] height=2552 strict=3 relaxed=2 total=4 live=2 stall=55s
[STARTUP-GATE] waiting reason=waiting_network_validator_set_sample local=2551 finalized=2551 network=0 votes=1
Candidate heartbeat received: D | reported_height=2549 | finalized_height=2549 | local_exec_epoch=2550
Candidate heartbeat received: D | reported_height=2549 | finalized_height=2549 | local_exec_epoch=2550
Candidate heartbeat received: F | reported_height=2551 | finalized_height=2551 | local_exec_epoch=2552
Candidate heartbeat received: F | reported_height=2551 | finalized_height=2551 | local_exec_epoch=2552
[EXEC-QUORUM] height=2552 strict=3 relaxed=2 total=4 live=2 stall=57s
[STARTUP-GATE] waiting reason=waiting_network_validator_set_sample local=2551 finalized=2551 network=0 votes=1
Candidate heartbeat received: F | reported_height=2551 | finalized_height=2551 | local_exec_epoch=2552
Candidate heartbeat received: F | reported_height=2551 | finalized_height=2551 | local_exec_epoch=2552
Candidate heartbeat received: D | reported_height=2550 | finalized_height=2550 | local_exec_epoch=2551
Candidate heartbeat received: D | reported_height=2550 | finalized_height=2550 | local_exec_epoch=2551
[EXEC-QUORUM] height=2552 strict=3 relaxed=2 total=4 live=2 stall=59s
[STARTUP-GATE] waiting reason=waiting_network_validator_set_sample local=2551 finalized=2551 network=0 votes=1
Ignoring stale heartbeat: A reported=2480 local_finalized=2551
Ignoring stale heartbeat: A reported=2480 local_finalized=2551
Validator heartbeat: B | reported_height=2551 | finalized_height=2551 | local_exec_epoch=2552
Validator heartbeat: B | reported_height=2551 | finalized_height=2551 | local_exec_epoch=2552
[EXEC-QUORUM] height=2552 strict=3 relaxed=2 total=4 live=2 stall=1m0s
[EXEC-QUORUM] height=2552 strict=3 relaxed=2 total=4 live=2 stall=1m0s
Validator heartbeat received: B | reported_height=2551 | finalized_height=2551 | local_exec_epoch=2552
Validator heartbeat received: B | reported_height=2551 | finalized_height=2551 | local_exec_epoch=2552
[SNAPSHOT-PUBLISH] deferred height=2551 reason=auto_publish_interval_10
[CONSENSUS] height=2551 vhash=d75b74ab validators=4
[EXEC-QUORUM] height=2552 strict=3 relaxed=2 total=4 live=2 stall=1m0s
[STATUS] height=2551 finalized=2551 peers=4 validators=2 strict_live=2 heartbeat_live=2 out_of_drift=0 drift_limit=8 syncing=false sync_complete=true execution_ready=true execution_reason=ready gossip=false gossip_pipeline=gossip_wait_remote_sample consensus_running=false mode=observer vote=false propose=false role=full validator_state=observer warmup_seconds=0 ready=false reason=waiting_network_validator_set_sample snapshot_source=snapshot_committed expected_source=snapshot_parent expected_hash=d75b74ab resolved_source=snapshot_committed resolved_hash=d75b74ab next_source=carry_forward next_hash=d75b74ab got_hash= authority=snapshot_parent hash_mode=legacy
2026/05/20 15:07:37 [OK] goroutine pressure normalized: 174 (degrade mode off)
2026/05/20 15:07:37 map stats: seen_blocks=0 seen_txs=0 fork_heights=0 fork_blocks=0 exec_results_keys=0 exec_results_total=0 pending_blocks=0 queued_exec_votes_keys=0 queued_exec_votes_total=0 accepted_proposal=0 exec_broadcasted_epochs=0 exec_broadcasted_keys=0 exec_signer_seen_epochs=0 exec_signer_seen_total=0 exec_broadcasted_by_val_epochs=0 exec_broadcasted_by_val_total=0 exec_rebroadcast_epochs=0 validator_status=5 candidates=2 peer_state=22 peers_connected=4 peers_connecting=0 peer_suspect=0 allowed_peers=3 pending_validators=0 pending_removals=0 queued_validator_updates=0 height_report_epochs=1 height_report_total=2 misbehavior_validators=0 misbehavior_total=0 exec_mismatch_tracked=0 exec_vote_replay_cache=0
Validator heartbeat: C | reported_height=2551 | finalized_height=2551 | local_exec_epoch=2552
Heartbeat sent: C finalized=2551 epoch=2552
[EXEC-QUORUM] height=2552 strict=3 relaxed=2 total=4 live=2 stall=1m1s
[SNAPSHOT-PROOF] height=2480 checkpoint=2464 validator=A votes=1 hash=3420d6e6
Candidate heartbeat received: F | reported_height=2551 | finalized_height=2551 | local_exec_epoch=2552
Candidate heartbeat received: F | reported_height=2551 | finalized_height=2551 | local_exec_epoch=2552
Candidate heartbeat received: D | reported_height=2550 | finalized_height=2550 | local_exec_epoch=2551
Candidate heartbeat received: D | reported_height=2550 | finalized_height=2550 | local_exec_epoch=2551
[EXEC-QUORUM] height=2552 strict=3 relaxed=2 total=4 live=2 stall=1m1s
[STARTUP-GATE] waiting reason=waiting_network_validator_set_sample local=2551 finalized=2551 network=0 votes=1
Ignoring stale heartbeat: A reported=2481 local_finalized=2551
Ignoring stale heartbeat: A reported=2481 local_finalized=2551
Attempting to connect to 4 peers
Ã°Å¸â€œÂ¨ Consensus message from 12D3KooWE7bMkbbpLoSHKB43JdTZm9zkgqvf1iCQdGAqFFBDa42W: block_ack (size: 15 bytes)
Ã°Å¸â€Å’ Consensus stream EOF from 12D3KooWE7bMkbbpLoSHKB43JdTZm9zkgqvf1iCQdGAqFFBDa42W
Ã°Å¸â€Å’ Consensus stream closed with 12D3KooWE7bMkbbpLoSHKB43JdTZm9zkgqvf1iCQdGAqFFBDa42W
Candidate heartbeat received: F | reported_height=2551 | finalized_height=2551 | local_exec_epoch=2552
Candidate heartbeat received: F | reported_height=2551 | finalized_height=2551 | local_exec_epoch=2552
[EXEC-QUORUM] height=2552 strict=3 relaxed=2 total=4 live=2 stall=1m3s
[STARTUP-GATE] waiting reason=waiting_network_validator_set_sample local=2551 finalized=2551 network=0 votes=1
Candidate heartbeat received: D | reported_height=2551 | finalized_height=2551 | local_exec_epoch=2552
Candidate heartbeat received: D | reported_height=2551 | finalized_height=2551 | local_exec_epoch=2552
[EXEC-QUORUM] height=2552 strict=3 relaxed=2 total=4 live=2 stall=1m5s
[STARTUP-GATE] waiting reason=waiting_network_validator_set_sample local=2551 finalized=2551 network=0 votes=1
Candidate heartbeat received: F | reported_height=2551 | finalized_height=2551 | local_exec_epoch=2552
Candidate heartbeat received: F | reported_height=2551 | finalized_height=2551 | local_exec_epoch=2552
Ignoring stale heartbeat: A reported=2482 local_finalized=2551
Ignoring stale heartbeat: A reported=2482 local_finalized=2551
Candidate heartbeat received: D | reported_height=2551 | finalized_height=2551 | local_exec_epoch=2552
Candidate heartbeat received: D | reported_height=2551 | finalized_height=2551 | local_exec_epoch=2552
[EXEC-QUORUM] height=2552 strict=3 relaxed=2 total=4 live=2 stall=1m7s
[STARTUP-GATE] waiting reason=waiting_network_validator_set_sample local=2551 finalized=2551 network=0 votes=1
Candidate heartbeat received: F | reported_height=2551 | finalized_height=2551 | local_exec_epoch=2552
Candidate heartbeat received: F | reported_height=2551 | finalized_height=2551 | local_exec_epoch=2552
[EXEC-QUORUM] height=2552 strict=3 relaxed=2 total=4 live=2 stall=1m9s
[STARTUP-GATE] waiting reason=waiting_network_validator_set_sample local=2551 finalized=2551 network=0 votes=1
Candidate heartbeat received: D | reported_height=2551 | finalized_height=2551 | local_exec_epoch=2552
Candidate heartbeat received: D | reported_height=2551 | finalized_height=2551 | local_exec_epoch=2552
Candidate heartbeat received: F | reported_height=2551 | finalized_height=2551 | local_exec_epoch=2552
Candidate heartbeat received: F | reported_height=2551 | finalized_height=2551 | local_exec_epoch=2552
[EXEC-QUORUM] height=2552 strict=3 relaxed=2 total=4 live=2 stall=1m11s
[STARTUP-GATE] waiting reason=waiting_network_validator_set_sample local=2551 finalized=2551 network=0 votes=1
Validator heartbeat: B | reported_height=2551 | finalized_height=2551 | local_exec_epoch=2552
Validator heartbeat: B | reported_height=2551 | finalized_height=2551 | local_exec_epoch=2552
[EXEC-QUORUM] height=2552 strict=3 relaxed=2 total=4 live=2 stall=1m12s
[EXEC-QUORUM] height=2552 strict=3 relaxed=2 total=4 live=2 stall=1m12s
Validator heartbeat received: B | reported_height=2551 | finalized_height=2551 | local_exec_epoch=2552
[SNAPSHOT-PUBLISH] deferred height=2551 reason=auto_publish_interval_10
Validator heartbeat received: B | reported_height=2551 | finalized_height=2551 | local_exec_epoch=2552
Candidate heartbeat received: D | reported_height=2551 | finalized_height=2551 | local_exec_epoch=2552
Candidate heartbeat received: D | reported_height=2551 | finalized_height=2551 | local_exec_epoch=2552
Candidate heartbeat received: F | reported_height=2551 | finalized_height=2551 | local_exec_epoch=2552
Candidate heartbeat received: F | reported_height=2551 | finalized_height=2551 | local_exec_epoch=2552
Ignoring stale heartbeat: A reported=2483 local_finalized=2551
Ignoring stale heartbeat: A reported=2483 local_finalized=2551
Validator heartbeat: C | reported_height=2551 | finalized_height=2551 | local_exec_epoch=2552
Heartbeat sent: C finalized=2551 epoch=2552
[EXEC-QUORUM] height=2552 strict=3 relaxed=2 total=4 live=2 stall=1m13s
[STARTUP-GATE] waiting reason=waiting_network_validator_set_sample local=2551 finalized=2551 network=0 votes=1
Candidate heartbeat received: F | reported_height=2551 | finalized_height=2551 | local_exec_epoch=2552
Candidate heartbeat received: F | reported_height=2551 | finalized_height=2551 | local_exec_epoch=2552
Candidate heartbeat received: D | reported_height=2551 | finalized_height=2551 | local_exec_epoch=2552
Candidate heartbeat received: D | reported_height=2551 | finalized_height=2551 | local_exec_epoch=2552
[CONSENSUS] height=2551 vhash=d75b74ab validators=4
[EXEC-QUORUM] height=2552 strict=3 relaxed=2 total=4 live=2 stall=1m15s
[STATUS] height=2551 finalized=2551 peers=4 validators=2 strict_live=2 heartbeat_live=2 out_of_drift=0 drift_limit=8 syncing=false sync_complete=true execution_ready=true execution_reason=ready gossip=false gossip_pipeline=gossip_wait_remote_sample consensus_running=false mode=observer vote=false propose=false role=full validator_state=observer warmup_seconds=0 ready=false reason=waiting_network_validator_set_sample snapshot_source=snapshot_committed expected_source=snapshot_parent expected_hash=d75b74ab resolved_source=snapshot_committed resolved_hash=d75b74ab next_source=carry_forward next_hash=d75b74ab got_hash= authority=snapshot_parent hash_mode=legacy
[EXEC-QUORUM] height=2552 strict=3 relaxed=2 total=4 live=2 stall=1m15s
[STARTUP-GATE] waiting reason=waiting_network_validator_set_sample local=2551 finalized=2551 network=0 votes=1
Candidate heartbeat received: F | reported_height=2551 | finalized_height=2551 | local_exec_epoch=2552
Candidate heartbeat received: F | reported_height=2551 | finalized_height=2551 | local_exec_epoch=2552
[EXEC-QUORUM] height=2552 strict=3 relaxed=2 total=4 live=2 stall=1m18s
[STARTUP-GATE] waiting reason=waiting_network_validator_set_sample local=2551 finalized=2551 network=0 votes=1
Candidate heartbeat received: D | reported_height=2551 | finalized_height=2551 | local_exec_epoch=2552
Candidate heartbeat received: D | reported_height=2551 | finalized_height=2551 | local_exec_epoch=2552
Ignoring stale heartbeat: A reported=2484 local_finalized=2551
Ignoring stale heartbeat: A reported=2484 local_finalized=2551
[EXEC-QUORUM] height=2552 strict=3 relaxed=2 total=4 live=2 stall=1m20s
[STARTUP-GATE] waiting reason=waiting_network_validator_set_sample local=2551 finalized=2551 network=0 votes=1
Candidate heartbeat received: F | reported_height=2551 | finalized_height=2551 | local_exec_epoch=2552
Candidate heartbeat received: F | reported_height=2551 | finalized_height=2551 | local_exec_epoch=2552
2026/05/20 15:07:57 [OK] goroutine pressure normalized: 174 (degrade mode off)
[EXEC-QUORUM] height=2552 strict=3 relaxed=2 total=4 live=2 stall=1m21s
Candidate heartbeat received: D | reported_height=2551 | finalized_height=2551 | local_exec_epoch=2552
Candidate heartbeat received: D | reported_height=2551 | finalized_height=2551 | local_exec_epoch=2552
[EXEC-QUORUM] height=2552 strict=3 relaxed=2 total=4 live=2 stall=1m22s
[STARTUP-GATE] waiting reason=waiting_network_validator_set_sample local=2551 finalized=2551 network=0 votes=1
Candidate heartbeat received: F | reported_height=2551 | finalized_height=2551 | local_exec_epoch=2552
Candidate heartbeat received: F | reported_height=2551 | finalized_height=2551 | local_exec_epoch=2552
[EXEC-QUORUM] height=2552 strict=3 relaxed=2 total=4 live=2 stall=1m24s
[STARTUP-GATE] waiting reason=waiting_network_validator_set_sample local=2551 finalized=2551 network=0 votes=1
Ignoring stale heartbeat: A reported=2485 local_finalized=2551
Ignoring stale heartbeat: A reported=2485 local_finalized=2551
Candidate heartbeat received: F | reported_height=2551 | finalized_height=2551 | local_exec_epoch=2552
Candidate heartbeat received: F | reported_height=2551 | finalized_height=2551 | local_exec_epoch=2552
Candidate heartbeat received: D | reported_height=2551 | finalized_height=2551 | local_exec_epoch=2552
Candidate heartbeat received: D | reported_height=2551 | finalized_height=2551 | local_exec_epoch=2552
[SNAPSHOT-PUBLISH] deferred height=2551 reason=auto_publish_interval_10
Validator heartbeat: B | reported_height=2551 | finalized_height=2551 | local_exec_epoch=2552
Validator heartbeat: B | reported_height=2551 | finalized_height=2551 | local_exec_epoch=2552
[EXEC-QUORUM] height=2552 strict=3 relaxed=2 total=4 live=2 stall=1m25s
[EXEC-QUORUM] height=2552 strict=3 relaxed=2 total=4 live=2 stall=1m25s
Validator heartbeat received: B | reported_height=2551 | finalized_height=2551 | local_exec_epoch=2552
Validator heartbeat received: B | reported_height=2551 | finalized_height=2551 | local_exec_epoch=2552
[EXEC-QUORUM] height=2552 strict=3 relaxed=2 total=4 live=2 stall=1m26s
[STARTUP-GATE] waiting reason=waiting_network_validator_set_sample local=2551 finalized=2551 network=0 votes=1
Validator heartbeat: C | reported_height=2551 | finalized_height=2551 | local_exec_epoch=2552
Heartbeat sent: C finalized=2551 epoch=2552
Attempting to connect to 4 peers
Candidate heartbeat received: F | reported_height=2551 | finalized_height=2551 | local_exec_epoch=2552
Candidate heartbeat received: F | reported_height=2551 | finalized_height=2551 | local_exec_epoch=2552
Candidate heartbeat received: D | reported_height=2551 | finalized_height=2551 | local_exec_epoch=2552
Candidate heartbeat received: D | reported_height=2551 | finalized_height=2551 | local_exec_epoch=2552
[EXEC-QUORUM] height=2552 strict=3 relaxed=2 total=4 live=2 stall=1m28s
[STARTUP-GATE] waiting reason=waiting_network_validator_set_sample local=2551 finalized=2551 network=0 votes=1
Candidate heartbeat received: F | reported_height=2551 | finalized_height=2551 | local_exec_epoch=2552
Candidate heartbeat received: F | reported_height=2551 | finalized_height=2551 | local_exec_epoch=2552
Candidate heartbeat received: D | reported_height=2551 | finalized_height=2551 | local_exec_epoch=2552
Candidate heartbeat received: D | reported_height=2551 | finalized_height=2551 | local_exec_epoch=2552
Ignoring stale heartbeat: A reported=2486 local_finalized=2551
Ignoring stale heartbeat: A reported=2486 local_finalized=2551
[EXEC-QUORUM] height=2552 strict=3 relaxed=2 total=4 live=2 stall=1m30s
[STARTUP-GATE] waiting reason=waiting_network_validator_set_sample local=2551 finalized=2551 network=0 votes=1
[CONSENSUS] height=2551 vhash=d75b74ab validators=4
[EXEC-QUORUM] height=2552 strict=3 relaxed=2 total=4 live=2 stall=1m30s
[STATUS] height=2551 finalized=2551 peers=4 validators=2 strict_live=2 heartbeat_live=2 out_of_drift=0 drift_limit=8 syncing=false sync_complete=true execution_ready=true execution_reason=ready gossip=false gossip_pipeline=gossip_wait_remote_sample consensus_running=false mode=observer vote=false propose=false role=full validator_state=observer warmup_seconds=0 ready=false reason=waiting_network_validator_set_sample snapshot_source=snapshot_committed expected_source=snapshot_parent expected_hash=d75b74ab resolved_source=snapshot_committed resolved_hash=d75b74ab next_source=carry_forward next_hash=d75b74ab got_hash= authority=snapshot_parent hash_mode=legacy
Candidate heartbeat received: F | reported_height=2551 | finalized_height=2551 | local_exec_epoch=2552
Candidate heartbeat received: F | reported_height=2551 | finalized_height=2551 | local_exec_epoch=2552
[EXEC-QUORUM] height=2552 strict=3 relaxed=2 total=4 live=2 stall=1m32s
[STARTUP-GATE] waiting reason=waiting_network_validator_set_sample local=2551 finalized=2551 network=0 votes=1
Candidate heartbeat received: D | reported_height=2551 | finalized_height=2551 | local_exec_epoch=2552
Candidate heartbeat received: D | reported_height=2551 | finalized_height=2551 | local_exec_epoch=2552
[EXEC-QUORUM] height=2552 strict=3 relaxed=2 total=4 live=2 stall=1m34s
[STARTUP-GATE] waiting reason=waiting_network_validator_set_sample local=2551 finalized=2551 network=0 votes=1
Candidate heartbeat received: F | reported_height=2551 | finalized_height=2551 | local_exec_epoch=2552
Candidate heartbeat received: F | reported_height=2551 | finalized_height=2551 | local_exec_epoch=2552
[EXEC-QUORUM] height=2552 strict=3 relaxed=2 total=4 live=2 stall=1m36s
[STARTUP-GATE] waiting reason=waiting_network_validator_set_sample local=2551 finalized=2551 network=0 votes=1
Candidate heartbeat received: D | reported_height=2551 | finalized_height=2551 | local_exec_epoch=2552
Candidate heartbeat received: D | reported_height=2551 | finalized_height=2551 | local_exec_epoch=2552
Candidate heartbeat received: F | reported_height=2551 | finalized_height=2551 | local_exec_epoch=2552
Candidate heartbeat received: F | reported_height=2551 | finalized_height=2551 | local_exec_epoch=2552
[SNAPSHOT-PUBLISH] deferred height=2551 reason=auto_publish_interval_10
Ignoring stale heartbeat: A reported=2487 local_finalized=2551
Ignoring stale heartbeat: A reported=2487 local_finalized=2551
[EXEC-QUORUM] height=2552 strict=3 relaxed=2 total=4 live=2 stall=1m38s
[STARTUP-GATE] waiting reason=waiting_network_validator_set_sample local=2551 finalized=2551 network=0 votes=1
Candidate heartbeat received: F | reported_height=2551 | finalized_height=2551 | local_exec_epoch=2552
Candidate heartbeat received: F | reported_height=2551 | finalized_height=2551 | local_exec_epoch=2552
Validator heartbeat: B | reported_height=2551 | finalized_height=2551 | local_exec_epoch=2552
Validator heartbeat: B | reported_height=2551 | finalized_height=2551 | local_exec_epoch=2552
[EXEC-QUORUM] height=2552 strict=3 relaxed=2 total=4 live=2 stall=1m38s
[EXEC-QUORUM] height=2552 strict=3 relaxed=2 total=4 live=2 stall=1m38s
Validator heartbeat received: B | reported_height=2551 | finalized_height=2551 | local_exec_epoch=2552
Validator heartbeat received: B | reported_height=2551 | finalized_height=2551 | local_exec_epoch=2552
Candidate heartbeat received: D | reported_height=2551 | finalized_height=2551 | local_exec_epoch=2552
Candidate heartbeat received: D | reported_height=2551 | finalized_height=2551 | local_exec_epoch=2552
Validator heartbeat: C | reported_height=2551 | finalized_height=2551 | local_exec_epoch=2552
Heartbeat sent: C finalized=2551 epoch=2552
[EXEC-QUORUM] height=2552 strict=3 relaxed=2 total=4 live=2 stall=1m40s
[STARTUP-GATE] waiting reason=waiting_network_validator_set_sample local=2551 finalized=2551 network=0 votes=1
Candidate heartbeat received: F | reported_height=2551 | finalized_height=2551 | local_exec_epoch=2552
Candidate heartbeat received: F | reported_height=2551 | finalized_height=2551 | local_exec_epoch=2552
[EXEC-QUORUM] height=2552 strict=3 relaxed=2 total=4 live=2 stall=1m41s
Candidate heartbeat received: D | reported_height=2551 | finalized_height=2551 | local_exec_epoch=2552
Candidate heartbeat received: D | reported_height=2551 | finalized_height=2551 | local_exec_epoch=2552
[EXEC-QUORUM] height=2552 strict=3 relaxed=2 total=4 live=2 stall=1m42s
[STARTUP-GATE] waiting reason=waiting_network_validator_set_sample local=2551 finalized=2551 network=0 votes=1
Candidate heartbeat received: F | reported_height=2551 | finalized_height=2551 | local_exec_epoch=2552
Candidate heartbeat received: F | reported_height=2551 | finalized_height=2551 | local_exec_epoch=2552
Ignoring stale heartbeat: A reported=2488 local_finalized=2551
Ignoring stale heartbeat: A reported=2488 local_finalized=2551
[EXEC-QUORUM] height=2552 strict=3 relaxed=2 total=4 live=2 stall=1m44s
[STARTUP-GATE] waiting reason=waiting_network_validator_set_sample local=2551 finalized=2551 network=0 votes=1
Candidate heartbeat received: D | reported_height=2551 | finalized_height=2551 | local_exec_epoch=2552
Candidate heartbeat received: D | reported_height=2551 | finalized_height=2551 | local_exec_epoch=2552
Candidate heartbeat received: F | reported_height=2551 | finalized_height=2551 | local_exec_epoch=2552
Candidate heartbeat received: F | reported_height=2551 | finalized_height=2551 | local_exec_epoch=2552
[CONSENSUS] height=2551 vhash=d75b74ab validators=4
[EXEC-QUORUM] height=2552 strict=3 relaxed=2 total=4 live=2 stall=1m45s
[STATUS] height=2551 finalized=2551 peers=4 validators=2 strict_live=2 heartbeat_live=2 out_of_drift=0 drift_limit=8 syncing=false sync_complete=true execution_ready=true execution_reason=ready gossip=false gossip_pipeline=gossip_wait_remote_sample consensus_running=false mode=observer vote=false propose=false role=full validator_state=observer warmup_seconds=0 ready=false reason=waiting_network_validator_set_sample snapshot_source=snapshot_committed expected_source=snapshot_parent expected_hash=d75b74ab resolved_source=snapshot_committed resolved_hash=d75b74ab next_source=carry_forward next_hash=d75b74ab got_hash= authority=snapshot_parent hash_mode=legacy
[EXEC-QUORUM] height=2552 strict=3 relaxed=2 total=4 live=2 stall=1m46s
[STARTUP-GATE] waiting reason=waiting_network_validator_set_sample local=2551 finalized=2551 network=0 votes=1
Candidate heartbeat received: F | reported_height=2551 | finalized_height=2551 | local_exec_epoch=2552
Candidate heartbeat received: F | reported_height=2551 | finalized_height=2551 | local_exec_epoch=2552
Candidate heartbeat received: D | reported_height=2551 | finalized_height=2551 | local_exec_epoch=2552
Candidate heartbeat received: D | reported_height=2551 | finalized_height=2551 | local_exec_epoch=2552
[EXEC-QUORUM] height=2552 strict=3 relaxed=2 total=4 live=2 stall=1m48s
[STARTUP-GATE] waiting reason=waiting_network_validator_set_sample local=2551 finalized=2551 network=0 votes=1
[SNAPSHOT-PUBLISH] deferred height=2551 reason=auto_publish_interval_10
Ignoring stale heartbeat: A reported=2489 local_finalized=2551
Ignoring stale heartbeat: A reported=2489 local_finalized=2551
Candidate heartbeat received: F | reported_height=2551 | finalized_height=2551 | local_exec_epoch=2552
Candidate heartbeat received: F | reported_height=2551 | finalized_height=2551 | local_exec_epoch=2552
[EXEC-QUORUM] height=2552 strict=3 relaxed=2 total=4 live=2 stall=1m50s
[STARTUP-GATE] waiting reason=waiting_network_validator_set_sample local=2551 finalized=2551 network=0 votes=1
Candidate heartbeat received: D | reported_height=2551 | finalized_height=2551 | local_exec_epoch=2552
Candidate heartbeat received: D | reported_height=2551 | finalized_height=2551 | local_exec_epoch=2552
2026/05/20 15:08:27 [OK] goroutine pressure normalized: 174 (degrade mode off)
Attempting to connect to 4 peers
Validator heartbeat: C | reported_height=2551 | finalized_height=2551 | local_exec_epoch=2552
Heartbeat sent: C finalized=2551 epoch=2552
Validator heartbeat: B | reported_height=2551 | finalized_height=2551 | local_exec_epoch=2552
Validator heartbeat: B | reported_height=2551 | finalized_height=2551 | local_exec_epoch=2552
[EXEC-QUORUM] height=2552 strict=3 relaxed=2 total=4 live=2 stall=1m51s
[EXEC-QUORUM] height=2552 strict=3 relaxed=2 total=4 live=2 stall=1m51s
Validator heartbeat received: B | reported_height=2551 | finalized_height=2551 | local_exec_epoch=2552
Validator heartbeat received: B | reported_height=2551 | finalized_height=2551 | local_exec_epoch=2552
Candidate heartbeat received: F | reported_height=2551 | finalized_height=2551 | local_exec_epoch=2552
Candidate heartbeat received: F | reported_height=2551 | finalized_height=2551 | local_exec_epoch=2552
[EXEC-QUORUM] height=2552 strict=3 relaxed=2 total=4 live=2 stall=1m52s
[STARTUP-GATE] waiting reason=waiting_network_validator_set_sample local=2551 finalized=2551 network=0 votes=1
Candidate heartbeat received: D | reported_height=2551 | finalized_height=2551 | local_exec_epoch=2552
Candidate heartbeat received: D | reported_height=2551 | finalized_height=2551 | local_exec_epoch=2552
Candidate heartbeat received: F | reported_height=2551 | finalized_height=2551 | local_exec_epoch=2552
Candidate heartbeat received: F | reported_height=2551 | finalized_height=2551 | local_exec_epoch=2552
[EXEC-QUORUM] height=2552 strict=3 relaxed=2 total=4 live=2 stall=1m54s
[STARTUP-GATE] waiting reason=waiting_network_validator_set_sample local=2551 finalized=2551 network=0 votes=1
Ignoring stale heartbeat: A reported=2490 local_finalized=2551
Ignoring stale heartbeat: A reported=2490 local_finalized=2551
Candidate heartbeat received: D | reported_height=2551 | finalized_height=2551 | local_exec_epoch=2552
Candidate heartbeat received: D | reported_height=2551 | finalized_height=2551 | local_exec_epoch=2552
Candidate heartbeat received: F | reported_height=2551 | finalized_height=2551 | local_exec_epoch=2552
Candidate heartbeat received: F | reported_height=2551 | finalized_height=2551 | local_exec_epoch=2552
[EXEC-QUORUM] height=2552 strict=3 relaxed=2 total=4 live=2 stall=1m56s
[STARTUP-GATE] waiting reason=waiting_network_validator_set_sample local=2551 finalized=2551 network=0 votes=1
Candidate heartbeat received: F | reported_height=2551 | finalized_height=2551 | local_exec_epoch=2552
Candidate heartbeat received: F | reported_height=2551 | finalized_height=2551 | local_exec_epoch=2552
Candidate heartbeat received: D | reported_height=2551 | finalized_height=2551 | local_exec_epoch=2552
Candidate heartbeat received: D | reported_height=2551 | finalized_height=2551 | local_exec_epoch=2552
[EXEC-QUORUM] height=2552 strict=3 relaxed=2 total=4 live=2 stall=1m58s
[STARTUP-GATE] waiting reason=waiting_network_validator_set_sample local=2551 finalized=2551 network=0 votes=1
[EXEC-QUORUM] height=2552 strict=3 relaxed=2 total=4 live=2 stall=2m0s
[STARTUP-GATE] waiting reason=waiting_network_validator_set_sample local=2551 finalized=2551 network=0 votes=1
Candidate heartbeat received: F | reported_height=2551 | finalized_height=2551 | local_exec_epoch=2552
Candidate heartbeat received: F | reported_height=2551 | finalized_height=2551 | local_exec_epoch=2552
[CONSENSUS] height=2551 vhash=d75b74ab validators=4
[EXEC-QUORUM] height=2552 strict=3 relaxed=2 total=4 live=2 stall=2m0s
[STATUS] height=2551 finalized=2551 peers=4 validators=2 strict_live=2 heartbeat_live=2 out_of_drift=0 drift_limit=8 syncing=false sync_complete=true execution_ready=true execution_reason=ready gossip=false gossip_pipeline=gossip_wait_remote_sample consensus_running=false mode=observer vote=false propose=false role=full validator_state=observer warmup_seconds=0 ready=false reason=waiting_network_validator_set_sample snapshot_source=snapshot_committed expected_source=snapshot_parent expected_hash=d75b74ab resolved_source=snapshot_committed resolved_hash=d75b74ab next_source=carry_forward next_hash=d75b74ab got_hash= authority=snapshot_parent hash_mode=legacy
2026/05/20 15:08:37 [OK] goroutine pressure normalized: 174 (degrade mode off)
[EXEC-QUORUM] height=2552 strict=3 relaxed=2 total=4 live=2 stall=2m1s
[SNAPSHOT-PUBLISH] deferred height=2551 reason=auto_publish_interval_10
Candidate heartbeat received: D | reported_height=2551 | finalized_height=2551 | local_exec_epoch=2552
Candidate heartbeat received: D | reported_height=2551 | finalized_height=2551 | local_exec_epoch=2552
Ignoring stale heartbeat: A reported=2491 local_finalized=2551
Ignoring stale heartbeat: A reported=2491 local_finalized=2551
[EXEC-QUORUM] height=2552 strict=3 relaxed=2 total=4 live=2 stall=2m2s
[STARTUP-GATE] waiting reason=waiting_network_validator_set_sample local=2551 finalized=2551 network=0 votes=1
Candidate heartbeat received: F | reported_height=2551 | finalized_height=2551 | local_exec_epoch=2552
Candidate heartbeat received: F | reported_height=2551 | finalized_height=2551 | local_exec_epoch=2552
Candidate heartbeat received: D | reported_height=2551 | finalized_height=2551 | local_exec_epoch=2552
Candidate heartbeat received: D | reported_height=2551 | finalized_height=2551 | local_exec_epoch=2552
Validator heartbeat: C | reported_height=2551 | finalized_height=2551 | local_exec_epoch=2552
Heartbeat sent: C finalized=2551 epoch=2552
[EXEC-QUORUM] height=2552 strict=3 relaxed=2 total=4 live=2 stall=2m4s
[STARTUP-GATE] waiting reason=waiting_network_validator_set_sample local=2551 finalized=2551 network=0 votes=1
Validator heartbeat: B | reported_height=2551 | finalized_height=2551 | local_exec_epoch=2552
Validator heartbeat: B | reported_height=2551 | finalized_height=2551 | local_exec_epoch=2552
[EXEC-QUORUM] height=2552 strict=3 relaxed=2 total=4 live=2 stall=2m4s
[EXEC-QUORUM] height=2552 strict=3 relaxed=2 total=4 live=2 stall=2m4s
Validator heartbeat received: B | reported_height=2551 | finalized_height=2551 | local_exec_epoch=2552
Validator heartbeat received: B | reported_height=2551 | finalized_height=2551 | local_exec_epoch=2552
Candidate heartbeat received: F | reported_height=2551 | finalized_height=2551 | local_exec_epoch=2552
Candidate heartbeat received: F | reported_height=2551 | finalized_height=2551 | local_exec_epoch=2552
[EXEC-QUORUM] height=2552 strict=3 relaxed=2 total=4 live=2 stall=2m6s
[STARTUP-GATE] waiting reason=waiting_network_validator_set_sample local=2551 finalized=2551 network=0 votes=1
Candidate heartbeat received: D | reported_height=2551 | finalized_height=2551 | local_exec_epoch=2552
Candidate heartbeat received: D | reported_height=2551 | finalized_height=2551 | local_exec_epoch=2552
Candidate heartbeat received: F | reported_height=2551 | finalized_height=2551 | local_exec_epoch=2552
Candidate heartbeat received: F | reported_height=2551 | finalized_height=2551 | local_exec_epoch=2552
[EXEC-QUORUM] height=2552 strict=3 relaxed=2 total=4 live=2 stall=2m8s
[STARTUP-GATE] waiting reason=waiting_network_validator_set_sample local=2551 finalized=2551 network=0 votes=1
Ignoring stale heartbeat: A reported=2492 local_finalized=2551
Ignoring stale heartbeat: A reported=2492 local_finalized=2551
Candidate heartbeat received: D | reported_height=2551 | finalized_height=2551 | local_exec_epoch=2552
Candidate heartbeat received: D | reported_height=2551 | finalized_height=2551 | local_exec_epoch=2552
Candidate heartbeat received: F | reported_height=2551 | finalized_height=2551 | local_exec_epoch=2552
Candidate heartbeat received: F | reported_height=2551 | finalized_height=2551 | local_exec_epoch=2552
[EXEC-QUORUM] height=2552 strict=3 relaxed=2 total=4 live=2 stall=2m10s
[STARTUP-GATE] waiting reason=waiting_network_validator_set_sample local=2551 finalized=2551 network=0 votes=1
2026/05/20 15:08:47 map stats: seen_blocks=0 seen_txs=0 fork_heights=0 fork_blocks=0 exec_results_keys=0 exec_results_total=0 pending_blocks=0 queued_exec_votes_keys=0 queued_exec_votes_total=0 accepted_proposal=0 exec_broadcasted_epochs=0 exec_broadcasted_keys=0 exec_signer_seen_epochs=0 exec_signer_seen_total=0 exec_broadcasted_by_val_epochs=0 exec_broadcasted_by_val_total=0 exec_rebroadcast_epochs=0 validator_status=5 candidates=2 peer_state=22 peers_connected=4 peers_connecting=0 peer_suspect=0 allowed_peers=3 pending_validators=0 pending_removals=0 queued_validator_updates=0 height_report_epochs=1 height_report_total=2 misbehavior_validators=0 misbehavior_total=0 exec_mismatch_tracked=0 exec_vote_replay_cache=0
Candidate heartbeat received: F | reported_height=2551 | finalized_height=2551 | local_exec_epoch=2552
Candidate heartbeat received: F | reported_height=2551 | finalized_height=2551 | local_exec_epoch=2552
[EXEC-QUORUM] height=2552 strict=3 relaxed=2 total=4 live=2 stall=2m12s
[STARTUP-GATE] waiting reason=waiting_network_validator_set_sample local=2551 finalized=2551 network=0 votes=1
Candidate heartbeat received: D | reported_height=2551 | finalized_height=2551 | local_exec_epoch=2552
Candidate heartbeat received: D | reported_height=2551 | finalized_height=2551 | local_exec_epoch=2552
[SNAPSHOT-PUBLISH] deferred height=2551 reason=auto_publish_interval_10
Ignoring stale heartbeat: A reported=2493 local_finalized=2551
Ignoring stale heartbeat: A reported=2493 local_finalized=2551
[EXEC-QUORUM] height=2552 strict=3 relaxed=2 total=4 live=2 stall=2m14s
[STARTUP-GATE] waiting reason=waiting_network_validator_set_sample local=2551 finalized=2551 network=0 votes=1
Candidate heartbeat received: F | reported_height=2551 | finalized_height=2551 | local_exec_epoch=2552
Candidate heartbeat received: F | reported_height=2551 | finalized_height=2551 | local_exec_epoch=2552
Attempting to connect to 4 peers
Candidate heartbeat received: D | reported_height=2551 | finalized_height=2551 | local_exec_epoch=2552
Candidate heartbeat received: D | reported_height=2551 | finalized_height=2551 | local_exec_epoch=2552
[CONSENSUS] height=2551 vhash=d75b74ab validators=4
[EXEC-QUORUM] height=2552 strict=3 relaxed=2 total=4 live=2 stall=2m15s
[STATUS] height=2551 finalized=2551 peers=4 validators=2 strict_live=2 heartbeat_live=2 out_of_drift=0 drift_limit=8 syncing=false sync_complete=true execution_ready=true execution_reason=ready gossip=false gossip_pipeline=gossip_wait_remote_sample consensus_running=false mode=observer vote=false propose=false role=full validator_state=observer warmup_seconds=0 ready=false reason=waiting_network_validator_set_sample snapshot_source=snapshot_committed expected_source=snapshot_parent expected_hash=d75b74ab resolved_source=snapshot_committed resolved_hash=d75b74ab next_source=carry_forward next_hash=d75b74ab got_hash= authority=snapshot_parent hash_mode=legacy
[EXEC-QUORUM] height=2552 strict=3 relaxed=2 total=4 live=2 stall=2m16s
[STARTUP-GATE] waiting reason=waiting_network_validator_set_sample local=2551 finalized=2551 network=0 votes=1
Validator heartbeat: C | reported_height=2551 | finalized_height=2551 | local_exec_epoch=2552
Heartbeat sent: C finalized=2551 epoch=2552
Candidate heartbeat received: F | reported_height=2551 | finalized_height=2551 | local_exec_epoch=2552
Candidate heartbeat received: F | reported_height=2551 | finalized_height=2551 | local_exec_epoch=2552
Validator heartbeat: B | reported_height=2551 | finalized_height=2551 | local_exec_epoch=2552
Validator heartbeat: B | reported_height=2551 | finalized_height=2551 | local_exec_epoch=2552
[EXEC-QUORUM] height=2552 strict=3 relaxed=2 total=4 live=2 stall=2m17s
[EXEC-QUORUM] height=2552 strict=3 relaxed=2 total=4 live=2 stall=2m17s
Validator heartbeat received: B | reported_height=2551 | finalized_height=2551 | local_exec_epoch=2552
Validator heartbeat received: B | reported_height=2551 | finalized_height=2551 | local_exec_epoch=2552
Candidate heartbeat received: D | reported_height=2551 | finalized_height=2551 | local_exec_epoch=2552
Candidate heartbeat received: D | reported_height=2551 | finalized_height=2551 | local_exec_epoch=2552
[EXEC-QUORUM] height=2552 strict=3 relaxed=2 total=4 live=2 stall=2m18s
[STARTUP-GATE] waiting reason=waiting_network_validator_set_sample local=2551 finalized=2551 network=0 votes=1
Candidate heartbeat received: F | reported_height=2551 | finalized_height=2551 | local_exec_epoch=2552
Candidate heartbeat received: F | reported_height=2551 | finalized_height=2551 | local_exec_epoch=2552
Candidate heartbeat received: D | reported_height=2551 | finalized_height=2551 | local_exec_epoch=2552
Candidate heartbeat received: D | reported_height=2551 | finalized_height=2551 | local_exec_epoch=2552
[EXEC-QUORUM] height=2552 strict=3 relaxed=2 total=4 live=2 stall=2m20s
[STARTUP-GATE] waiting reason=waiting_network_validator_set_sample local=2551 finalized=2551 network=0 votes=1
[EXEC-QUORUM] height=2552 strict=3 relaxed=2 total=4 live=2 stall=2m21s
Ignoring stale heartbeat: A reported=2494 local_finalized=2551
Ignoring stale heartbeat: A reported=2494 local_finalized=2551
Candidate heartbeat received: F | reported_height=2551 | finalized_height=2551 | local_exec_epoch=2552
Candidate heartbeat received: F | reported_height=2551 | finalized_height=2551 | local_exec_epoch=2552
[EXEC-QUORUM] height=2552 strict=3 relaxed=2 total=4 live=2 stall=2m22s
[STARTUP-GATE] waiting reason=waiting_network_validator_set_sample local=2551 finalized=2551 network=0 votes=1
Candidate heartbeat received: D | reported_height=2551 | finalized_height=2551 | local_exec_epoch=2552
Candidate heartbeat received: D | reported_height=2551 | finalized_height=2551 | local_exec_epoch=2552
Candidate heartbeat received: F | reported_height=2551 | finalized_height=2551 | local_exec_epoch=2552
Candidate heartbeat received: F | reported_height=2551 | finalized_height=2551 | local_exec_epoch=2552
[EXEC-QUORUM] height=2552 strict=3 relaxed=2 total=4 live=2 stall=2m24s
[STARTUP-GATE] waiting reason=waiting_network_validator_set_sample local=2551 finalized=2551 network=0 votes=1
[SNAPSHOT-PUBLISH] deferred height=2551 reason=auto_publish_interval_10
Candidate heartbeat received: D | reported_height=2551 | finalized_height=2551 | local_exec_epoch=2552
Candidate heartbeat received: D | reported_height=2551 | finalized_height=2551 | local_exec_epoch=2552
Candidate heartbeat received: F | reported_height=2551 | finalized_height=2551 | local_exec_epoch=2552
Candidate heartbeat received: F | reported_height=2551 | finalized_height=2551 | local_exec_epoch=2552
[EXEC-QUORUM] height=2552 strict=3 relaxed=2 total=4 live=2 stall=2m27s
[STARTUP-GATE] waiting reason=waiting_network_validator_set_sample local=2551 finalized=2551 network=0 votes=1
Ignoring stale heartbeat: A reported=2495 local_finalized=2551
Ignoring stale heartbeat: A reported=2495 local_finalized=2551
Candidate heartbeat received: D | reported_height=2551 | finalized_height=2551 | local_exec_epoch=2552
Candidate heartbeat received: D | reported_height=2551 | finalized_height=2551 | local_exec_epoch=2552
Candidate heartbeat received: F | reported_height=2551 | finalized_height=2551 | local_exec_epoch=2552
Candidate heartbeat received: F | reported_height=2551 | finalized_height=2551 | local_exec_epoch=2552
[EXEC-QUORUM] height=2552 strict=3 relaxed=2 total=4 live=2 stall=2m29s
[STARTUP-GATE] waiting reason=waiting_network_validator_set_sample local=2551 finalized=2551 network=0 votes=1
Validator heartbeat: C | reported_height=2551 | finalized_height=2551 | local_exec_epoch=2552
Heartbeat sent: C finalized=2551 epoch=2552
Validator heartbeat: B | reported_height=2551 | finalized_height=2551 | local_exec_epoch=2552
Validator heartbeat: B | reported_height=2551 | finalized_height=2551 | local_exec_epoch=2552
[EXEC-QUORUM] height=2552 strict=3 relaxed=2 total=4 live=2 stall=2m30s
[EXEC-QUORUM] height=2552 strict=3 relaxed=2 total=4 live=2 stall=2m30s
Validator heartbeat received: B | reported_height=2551 | finalized_height=2551 | local_exec_epoch=2552
[SNAPSHOT-PUBLISH] deferred height=2551 reason=auto_publish_interval_10
Validator heartbeat received: B | reported_height=2551 | finalized_height=2551 | local_exec_epoch=2552
[CONSENSUS] height=2551 vhash=d75b74ab validators=4
[EXEC-QUORUM] height=2552 strict=3 relaxed=2 total=4 live=2 stall=2m30s
[STATUS] height=2551 finalized=2551 peers=4 validators=2 strict_live=2 heartbeat_live=2 out_of_drift=0 drift_limit=8 syncing=false sync_complete=true execution_ready=true execution_reason=ready gossip=false gossip_pipeline=gossip_wait_remote_sample consensus_running=false mode=observer vote=false propose=false role=full validator_state=observer warmup_seconds=0 ready=false reason=waiting_network_validator_set_sample snapshot_source=snapshot_committed expected_source=snapshot_parent expected_hash=d75b74ab resolved_source=snapshot_committed resolved_hash=d75b74ab next_source=carry_forward next_hash=d75b74ab got_hash= authority=snapshot_parent hash_mode=legacy
2026/05/20 15:09:07 [OK] goroutine pressure normalized: 174 (degrade mode off)
[EXEC-QUORUM] height=2552 strict=3 relaxed=2 total=4 live=2 stall=2m31s
[STARTUP-GATE] waiting reason=waiting_network_validator_set_sample local=2551 finalized=2551 network=0 votes=1
Candidate heartbeat received: F | reported_height=2551 | finalized_height=2551 | local_exec_epoch=2552
Candidate heartbeat received: F | reported_height=2551 | finalized_height=2551 | local_exec_epoch=2552
Candidate heartbeat received: D | reported_height=2551 | finalized_height=2551 | local_exec_epoch=2552
Candidate heartbeat received: D | reported_height=2551 | finalized_height=2551 | local_exec_epoch=2552
[EXEC-QUORUM] height=2552 strict=3 relaxed=2 total=4 live=2 stall=2m33s
[STARTUP-GATE] waiting reason=waiting_network_validator_set_sample local=2551 finalized=2551 network=0 votes=1
Candidate heartbeat received: F | reported_height=2551 | finalized_height=2551 | local_exec_epoch=2552
Candidate heartbeat received: F | reported_height=2551 | finalized_height=2551 | local_exec_epoch=2552
Ignoring stale heartbeat: A reported=2496 local_finalized=2551
Ignoring stale heartbeat: A reported=2496 local_finalized=2551
Candidate heartbeat received: D | reported_height=2551 | finalized_height=2551 | local_exec_epoch=2552
Candidate heartbeat received: D | reported_height=2551 | finalized_height=2551 | local_exec_epoch=2552
[EXEC-QUORUM] height=2552 strict=3 relaxed=2 total=4 live=2 stall=2m35s
[STARTUP-GATE] waiting reason=waiting_network_validator_set_sample local=2551 finalized=2551 network=0 votes=1
Candidate heartbeat received: F | reported_height=2551 | finalized_height=2551 | local_exec_epoch=2552
Candidate heartbeat received: F | reported_height=2551 | finalized_height=2551 | local_exec_epoch=2552
[SNAPSHOT-PUBLISH] deferred height=2551 reason=auto_publish_interval_10
[EXEC-QUORUM] height=2552 strict=3 relaxed=2 total=4 live=2 stall=2m37s
[STARTUP-GATE] waiting reason=waiting_network_validator_set_sample local=2551 finalized=2551 network=0 votes=1
Candidate heartbeat received: F | reported_height=2551 | finalized_height=2551 | local_exec_epoch=2552
Candidate heartbeat received: F | reported_height=2551 | finalized_height=2551 | local_exec_epoch=2552
Candidate heartbeat received: D | reported_height=2551 | finalized_height=2551 | local_exec_epoch=2552
Candidate heartbeat received: D | reported_height=2551 | finalized_height=2551 | local_exec_epoch=2552
Ignoring stale heartbeat: A reported=2497 local_finalized=2551
Ignoring stale heartbeat: A reported=2497 local_finalized=2551
Attempting to connect to 4 peers
[EXEC-QUORUM] height=2552 strict=3 relaxed=2 total=4 live=2 stall=2m39s
[STARTUP-GATE] waiting reason=waiting_network_validator_set_sample local=2551 finalized=2551 network=0 votes=1
Candidate heartbeat received: F | reported_height=2551 | finalized_height=2551 | local_exec_epoch=2552
Candidate heartbeat received: F | reported_height=2551 | finalized_height=2551 | local_exec_epoch=2552
Candidate heartbeat received: D | reported_height=2551 | finalized_height=2551 | local_exec_epoch=2552
Candidate heartbeat received: D | reported_height=2551 | finalized_height=2551 | local_exec_epoch=2552
2026/05/20 15:09:17 [OK] goroutine pressure normalized: 174 (degrade mode off)
[EXEC-QUORUM] height=2552 strict=3 relaxed=2 total=4 live=2 stall=2m41s
[EXEC-QUORUM] height=2552 strict=3 relaxed=2 total=4 live=2 stall=2m41s
[STARTUP-GATE] waiting reason=waiting_network_validator_set_sample local=2551 finalized=2551 network=0 votes=1
Validator heartbeat: C | reported_height=2551 | finalized_height=2551 | local_exec_epoch=2552
Heartbeat sent: C finalized=2551 epoch=2552
Validator heartbeat: B | reported_height=2551 | finalized_height=2551 | local_exec_epoch=2552
Validator heartbeat: B | reported_height=2551 | finalized_height=2551 | local_exec_epoch=2552
[EXEC-QUORUM] height=2552 strict=3 relaxed=2 total=4 live=2 stall=2m42s
[EXEC-QUORUM] height=2552 strict=3 relaxed=2 total=4 live=2 stall=2m42s
Validator heartbeat received: B | reported_height=2551 | finalized_height=2551 | local_exec_epoch=2552
[SNAPSHOT-PUBLISH] deferred height=2551 reason=auto_publish_interval_10
Validator heartbeat received: B | reported_height=2551 | finalized_height=2551 | local_exec_epoch=2552
Candidate heartbeat received: F | reported_height=2551 | finalized_height=2551 | local_exec_epoch=2552
Candidate heartbeat received: F | reported_height=2551 | finalized_height=2551 | local_exec_epoch=2552
[EXEC-QUORUM] height=2552 strict=3 relaxed=2 total=4 live=2 stall=2m43s
[STARTUP-GATE] waiting reason=waiting_network_validator_set_sample local=2551 finalized=2551 network=0 votes=1
Ignoring stale heartbeat: A reported=2498 local_finalized=2551
Ignoring stale heartbeat: A reported=2498 local_finalized=2551
Candidate heartbeat received: D | reported_height=2551 | finalized_height=2551 | local_exec_epoch=2552
Candidate heartbeat received: D | reported_height=2551 | finalized_height=2551 | local_exec_epoch=2552
[EXEC-QUORUM] height=2552 strict=3 relaxed=2 total=4 live=2 stall=2m45s
[STARTUP-GATE] waiting reason=waiting_network_validator_set_sample local=2551 finalized=2551 network=0 votes=1
Candidate heartbeat received: F | reported_height=2551 | finalized_height=2551 | local_exec_epoch=2552
Candidate heartbeat received: F | reported_height=2551 | finalized_height=2551 | local_exec_epoch=2552
[CONSENSUS] height=2551 vhash=d75b74ab validators=4
[EXEC-QUORUM] height=2552 strict=3 relaxed=2 total=4 live=2 stall=2m45s
[STATUS] height=2551 finalized=2551 peers=4 validators=2 strict_live=2 heartbeat_live=2 out_of_drift=0 drift_limit=8 syncing=false sync_complete=true execution_ready=true execution_reason=ready gossip=false gossip_pipeline=gossip_wait_remote_sample consensus_running=false mode=observer vote=false propose=false role=full validator_state=observer warmup_seconds=0 ready=false reason=waiting_network_validator_set_sample snapshot_source=snapshot_committed expected_source=snapshot_parent expected_hash=d75b74ab resolved_source=snapshot_committed resolved_hash=d75b74ab next_source=carry_forward next_hash=d75b74ab got_hash= authority=snapshot_parent hash_mode=legacy
Candidate heartbeat received: D | reported_height=2551 | finalized_height=2551 | local_exec_epoch=2552
Candidate heartbeat received: D | reported_height=2551 | finalized_height=2551 | local_exec_epoch=2552
[EXEC-QUORUM] height=2552 strict=3 relaxed=2 total=4 live=2 stall=2m47s
[STARTUP-GATE] waiting reason=waiting_network_validator_set_sample local=2551 finalized=2551 network=0 votes=1
Candidate heartbeat received: F | reported_height=2551 | finalized_height=2551 | local_exec_epoch=2552
Candidate heartbeat received: F | reported_height=2551 | finalized_height=2551 | local_exec_epoch=2552
[SNAPSHOT-PUBLISH] deferred height=2551 reason=auto_publish_interval_10
[EXEC-QUORUM] height=2552 strict=3 relaxed=2 total=4 live=2 stall=2m49s
[STARTUP-GATE] waiting reason=waiting_network_validator_set_sample local=2551 finalized=2551 network=0 votes=1
Candidate heartbeat received: D | reported_height=2551 | finalized_height=2551 | local_exec_epoch=2552
Candidate heartbeat received: D | reported_height=2551 | finalized_height=2551 | local_exec_epoch=2552
Candidate heartbeat received: F | reported_height=2551 | finalized_height=2551 | local_exec_epoch=2552
Candidate heartbeat received: F | reported_height=2551 | finalized_height=2551 | local_exec_epoch=2552
Ignoring stale heartbeat: A reported=2499 local_finalized=2551
Ignoring stale heartbeat: A reported=2499 local_finalized=2551
[EXEC-QUORUM] height=2552 strict=3 relaxed=2 total=4 live=2 stall=2m51s
[STARTUP-GATE] waiting reason=waiting_network_validator_set_sample local=2551 finalized=2551 network=0 votes=1
Candidate heartbeat received: D | reported_height=2551 | finalized_height=2551 | local_exec_epoch=2552
Candidate heartbeat received: D | reported_height=2551 | finalized_height=2551 | local_exec_epoch=2552
Candidate heartbeat received: F | reported_height=2551 | finalized_height=2551 | local_exec_epoch=2552
Candidate heartbeat received: F | reported_height=2551 | finalized_height=2551 | local_exec_epoch=2552
[EXEC-QUORUM] height=2552 strict=3 relaxed=2 total=4 live=2 stall=2m53s
[STARTUP-GATE] waiting reason=waiting_network_validator_set_sample local=2551 finalized=2551 network=0 votes=1
Candidate heartbeat received: D | reported_height=2551 | finalized_height=2551 | local_exec_epoch=2552
Candidate heartbeat received: D | reported_height=2551 | finalized_height=2551 | local_exec_epoch=2552
Candidate heartbeat received: F | reported_height=2551 | finalized_height=2551 | local_exec_epoch=2552
Candidate heartbeat received: F | reported_height=2551 | finalized_height=2551 | local_exec_epoch=2552
Validator heartbeat: C | reported_height=2551 | finalized_height=2551 | local_exec_epoch=2552
Heartbeat sent: C finalized=2551 epoch=2552
Validator heartbeat: B | reported_height=2551 | finalized_height=2551 | local_exec_epoch=2552
Validator heartbeat: B | reported_height=2551 | finalized_height=2551 | local_exec_epoch=2552
[EXEC-QUORUM] height=2552 strict=3 relaxed=2 total=4 live=2 stall=2m55s
Validator heartbeat received: B | reported_height=2551 | finalized_height=2551 | local_exec_epoch=2552
[EXEC-QUORUM] height=2552 strict=3 relaxed=2 total=4 live=2 stall=2m55s
[SNAPSHOT-PUBLISH] deferred height=2551 reason=auto_publish_interval_10
Validator heartbeat received: B | reported_height=2551 | finalized_height=2551 | local_exec_epoch=2552
[EXEC-QUORUM] height=2552 strict=3 relaxed=2 total=4 live=2 stall=2m55s
[STARTUP-GATE] waiting reason=waiting_network_validator_set_sample local=2551 finalized=2551 network=0 votes=1
Candidate heartbeat received: D | reported_height=2551 | finalized_height=2551 | local_exec_epoch=2552
Candidate heartbeat received: D | reported_height=2551 | finalized_height=2551 | local_exec_epoch=2552
Ignoring stale heartbeat: A reported=2500 local_finalized=2551
Ignoring stale heartbeat: A reported=2500 local_finalized=2551
Candidate heartbeat received: F | reported_height=2551 | finalized_height=2551 | local_exec_epoch=2552
Candidate heartbeat received: F | reported_height=2551 | finalized_height=2551 | local_exec_epoch=2552
[EXEC-QUORUM] height=2552 strict=3 relaxed=2 total=4 live=2 stall=2m57s
[STARTUP-GATE] waiting reason=waiting_network_validator_set_sample local=2551 finalized=2551 network=0 votes=1
Candidate heartbeat received: D | reported_height=2551 | finalized_height=2551 | local_exec_epoch=2552
Candidate heartbeat received: D | reported_height=2551 | finalized_height=2551 | local_exec_epoch=2552
Candidate heartbeat received: F | reported_height=2551 | finalized_height=2551 | local_exec_epoch=2552
Candidate heartbeat received: F | reported_height=2551 | finalized_height=2551 | local_exec_epoch=2552
[EXEC-QUORUM] height=2552 strict=3 relaxed=2 total=4 live=2 stall=2m59s
[STARTUP-GATE] waiting reason=waiting_network_validator_set_sample local=2551 finalized=2551 network=0 votes=1
Candidate heartbeat received: D | reported_height=2551 | finalized_height=2551 | local_exec_epoch=2552
Candidate heartbeat received: D | reported_height=2551 | finalized_height=2551 | local_exec_epoch=2552
[CONSENSUS] height=2551 vhash=d75b74ab validators=4
[EXEC-QUORUM] height=2552 strict=3 relaxed=2 total=4 live=2 stall=3m0s
[STATUS] height=2551 finalized=2551 peers=4 validators=2 strict_live=2 heartbeat_live=2 out_of_drift=0 drift_limit=8 syncing=false sync_complete=true execution_ready=true execution_reason=ready gossip=false gossip_pipeline=gossip_wait_remote_sample consensus_running=false mode=observer vote=false propose=false role=full validator_state=observer warmup_seconds=0 ready=false reason=waiting_network_validator_set_sample snapshot_source=snapshot_committed expected_source=snapshot_parent expected_hash=d75b74ab resolved_source=snapshot_committed resolved_hash=d75b74ab next_source=carry_forward next_hash=d75b74ab got_hash= authority=snapshot_parent hash_mode=legacy
[EXEC-QUORUM] height=2552 strict=3 relaxed=2 total=4 live=2 stall=3m1s
[SNAPSHOT-PUBLISH] deferred height=2551 reason=auto_publish_interval_10
Ignoring stale heartbeat: A reported=2501 local_finalized=2551
Ignoring stale heartbeat: A reported=2501 local_finalized=2551
[EXEC-QUORUM] height=2552 strict=3 relaxed=2 total=4 live=2 stall=3m1s
[STARTUP-GATE] waiting reason=waiting_network_validator_set_sample local=2551 finalized=2551 network=0 votes=1
Candidate heartbeat received: F | reported_height=2551 | finalized_height=2551 | local_exec_epoch=2552
Candidate heartbeat received: F | reported_height=2551 | finalized_height=2551 | local_exec_epoch=2552
Candidate heartbeat received: D | reported_height=2551 | finalized_height=2551 | local_exec_epoch=2552
Candidate heartbeat received: D | reported_height=2551 | finalized_height=2551 | local_exec_epoch=2552
Attempting to connect to 4 peers
Candidate heartbeat received: F | reported_height=2551 | finalized_height=2551 | local_exec_epoch=2552
Candidate heartbeat received: F | reported_height=2551 | finalized_height=2551 | local_exec_epoch=2552
[EXEC-QUORUM] height=2552 strict=3 relaxed=2 total=4 live=2 stall=3m3s
[STARTUP-GATE] waiting reason=waiting_network_validator_set_sample local=2551 finalized=2551 network=0 votes=1
Candidate heartbeat received: D | reported_height=2551 | finalized_height=2551 | local_exec_epoch=2552
Candidate heartbeat received: D | reported_height=2551 | finalized_height=2551 | local_exec_epoch=2552
[EXEC-QUORUM] height=2552 strict=3 relaxed=2 total=4 live=2 stall=3m5s
[STARTUP-GATE] waiting reason=waiting_network_validator_set_sample local=2551 finalized=2551 network=0 votes=1
Candidate heartbeat received: F | reported_height=2551 | finalized_height=2551 | local_exec_epoch=2552
Candidate heartbeat received: F | reported_height=2551 | finalized_height=2551 | local_exec_epoch=2552
Validator heartbeat: C | reported_height=2551 | finalized_height=2551 | local_exec_epoch=2552
Heartbeat sent: C finalized=2551 epoch=2552
[EXEC-QUORUM] height=2552 strict=3 relaxed=2 total=4 live=2 stall=3m7s
[STARTUP-GATE] waiting reason=waiting_network_validator_set_sample local=2551 finalized=2551 network=0 votes=1
Candidate heartbeat received: F | reported_height=2551 | finalized_height=2551 | local_exec_epoch=2552
Candidate heartbeat received: F | reported_height=2551 | finalized_height=2551 | local_exec_epoch=2552
Validator heartbeat: B | reported_height=2551 | finalized_height=2551 | local_exec_epoch=2552
Validator heartbeat: B | reported_height=2551 | finalized_height=2551 | local_exec_epoch=2552
[EXEC-QUORUM] height=2552 strict=3 relaxed=2 total=4 live=2 stall=3m8s
[EXEC-QUORUM] height=2552 strict=3 relaxed=2 total=4 live=2 stall=3m8s
Validator heartbeat received: B | reported_height=2551 | finalized_height=2551 | local_exec_epoch=2552
[SNAPSHOT-PUBLISH] deferred height=2551 reason=auto_publish_interval_10
Validator heartbeat received: B | reported_height=2551 | finalized_height=2551 | local_exec_epoch=2552
Candidate heartbeat received: D | reported_height=2551 | finalized_height=2551 | local_exec_epoch=2552
Candidate heartbeat received: D | reported_height=2551 | finalized_height=2551 | local_exec_epoch=2552
Ignoring stale heartbeat: A reported=2502 local_finalized=2551
Ignoring stale heartbeat: A reported=2502 local_finalized=2551
[EXEC-QUORUM] height=2552 strict=3 relaxed=2 total=4 live=2 stall=3m9s
[STARTUP-GATE] waiting reason=waiting_network_validator_set_sample local=2551 finalized=2551 network=0 votes=1
Candidate heartbeat received: F | reported_height=2551 | finalized_height=2551 | local_exec_epoch=2552
Candidate heartbeat received: F | reported_height=2551 | finalized_height=2551 | local_exec_epoch=2552
2026/05/20 15:09:47 [OK] goroutine pressure normalized: 174 (degrade mode off)
Candidate heartbeat received: D | reported_height=2551 | finalized_height=2551 | local_exec_epoch=2552
Candidate heartbeat received: D | reported_height=2551 | finalized_height=2551 | local_exec_epoch=2552
[EXEC-QUORUM] height=2552 strict=3 relaxed=2 total=4 live=2 stall=3m11s
[STARTUP-GATE] waiting reason=waiting_network_validator_set_sample local=2551 finalized=2551 network=0 votes=1
Candidate heartbeat received: F | reported_height=2551 | finalized_height=2551 | local_exec_epoch=2552
Candidate heartbeat received: F | reported_height=2551 | finalized_height=2551 | local_exec_epoch=2552
Candidate heartbeat received: D | reported_height=2551 | finalized_height=2551 | local_exec_epoch=2552
Candidate heartbeat received: D | reported_height=2551 | finalized_height=2551 | local_exec_epoch=2552
[EXEC-QUORUM] height=2552 strict=3 relaxed=2 total=4 live=2 stall=3m13s
[STARTUP-GATE] waiting reason=waiting_network_validator_set_sample local=2551 finalized=2551 network=0 votes=1
Candidate heartbeat received: F | reported_height=2551 | finalized_height=2551 | local_exec_epoch=2552
Candidate heartbeat received: F | reported_height=2551 | finalized_height=2551 | local_exec_epoch=2552
Ignoring stale heartbeat: A reported=2503 local_finalized=2551
Ignoring stale heartbeat: A reported=2503 local_finalized=2551
Candidate heartbeat received: D | reported_height=2551 | finalized_height=2551 | local_exec_epoch=2552
Candidate heartbeat received: D | reported_height=2551 | finalized_height=2551 | local_exec_epoch=2552
[CONSENSUS] height=2551 vhash=d75b74ab validators=4
[EXEC-QUORUM] height=2552 strict=3 relaxed=2 total=4 live=2 stall=3m15s
[EXEC-QUORUM] height=2552 strict=3 relaxed=2 total=4 live=2 stall=3m15s
[STATUS] height=2551 finalized=2551 peers=4 validators=2 strict_live=2 heartbeat_live=2 out_of_drift=0 drift_limit=8 syncing=false sync_complete=true execution_ready=true execution_reason=ready gossip=false gossip_pipeline=gossip_wait_remote_sample consensus_running=false mode=observer vote=false propose=false role=full validator_state=observer warmup_seconds=0 ready=false reason=waiting_network_validator_set_sample snapshot_source=snapshot_committed expected_source=snapshot_parent expected_hash=d75b74ab resolved_source=snapshot_committed resolved_hash=d75b74ab next_source=carry_forward next_hash=d75b74ab got_hash= authority=snapshot_parent hash_mode=legacy
[STARTUP-GATE] waiting reason=waiting_network_validator_set_sample local=2551 finalized=2551 network=0 votes=1
Candidate heartbeat received: F | reported_height=2551 | finalized_height=2551 | local_exec_epoch=2552
Candidate heartbeat received: F | reported_height=2551 | finalized_height=2551 | local_exec_epoch=2552
[EXEC-QUORUM] height=2552 strict=3 relaxed=2 total=4 live=2 stall=3m17s
[STARTUP-GATE] waiting reason=waiting_network_validator_set_sample local=2551 finalized=2551 network=0 votes=1
Candidate heartbeat received: D | reported_height=2551 | finalized_height=2551 | local_exec_epoch=2552
Candidate heartbeat received: D | reported_height=2551 | finalized_height=2551 | local_exec_epoch=2552
Candidate heartbeat received: F | reported_height=2551 | finalized_height=2551 | local_exec_epoch=2552
Candidate heartbeat received: F | reported_height=2551 | finalized_height=2551 | local_exec_epoch=2552
[EXEC-QUORUM] height=2552 strict=3 relaxed=2 total=4 live=2 stall=3m19s
[STARTUP-GATE] waiting reason=waiting_network_validator_set_sample local=2551 finalized=2551 network=0 votes=1
Validator heartbeat: C | reported_height=2551 | finalized_height=2551 | local_exec_epoch=2552
Heartbeat sent: C finalized=2551 epoch=2552
Candidate heartbeat received: D | reported_height=2551 | finalized_height=2551 | local_exec_epoch=2552
Candidate heartbeat received: D | reported_height=2551 | finalized_height=2551 | local_exec_epoch=2552
2026/05/20 15:09:57 map stats: seen_blocks=0 seen_txs=0 fork_heights=0 fork_blocks=0 exec_results_keys=0 exec_results_total=0 pending_blocks=0 queued_exec_votes_keys=0 queued_exec_votes_total=0 accepted_proposal=0 exec_broadcasted_epochs=0 exec_broadcasted_keys=0 exec_signer_seen_epochs=0 exec_signer_seen_total=0 exec_broadcasted_by_val_epochs=0 exec_broadcasted_by_val_total=0 exec_rebroadcast_epochs=0 validator_status=5 candidates=2 peer_state=22 peers_connected=4 peers_connecting=0 peer_suspect=0 allowed_peers=3 pending_validators=0 pending_removals=0 queued_validator_updates=0 height_report_epochs=1 height_report_total=2 misbehavior_validators=0 misbehavior_total=0 exec_mismatch_tracked=0 exec_vote_replay_cache=0
[EXEC-QUORUM] height=2552 strict=3 relaxed=2 total=4 live=2 stall=3m21s
Validator heartbeat: B | reported_height=2551 | finalized_height=2551 | local_exec_epoch=2552
Validator heartbeat: B | reported_height=2551 | finalized_height=2551 | local_exec_epoch=2552
[EXEC-QUORUM] height=2552 strict=3 relaxed=2 total=4 live=2 stall=3m21s
Validator heartbeat received: B | reported_height=2551 | finalized_height=2551 | local_exec_epoch=2552
[EXEC-QUORUM] height=2552 strict=3 relaxed=2 total=4 live=2 stall=3m21s
[SNAPSHOT-PUBLISH] deferred height=2551 reason=auto_publish_interval_10
Validator heartbeat received: B | reported_height=2551 | finalized_height=2551 | local_exec_epoch=2552
[EXEC-QUORUM] height=2552 strict=3 relaxed=2 total=4 live=2 stall=3m21s
[STARTUP-GATE] waiting reason=waiting_network_validator_set_sample local=2551 finalized=2551 network=0 votes=1
Candidate heartbeat received: F | reported_height=2551 | finalized_height=2551 | local_exec_epoch=2552
Candidate heartbeat received: F | reported_height=2551 | finalized_height=2551 | local_exec_epoch=2552
Candidate heartbeat received: D | reported_height=2551 | finalized_height=2551 | local_exec_epoch=2552
Candidate heartbeat received: D | reported_height=2551 | finalized_height=2551 | local_exec_epoch=2552
Ignoring stale heartbeat: A reported=2504 local_finalized=2551
Ignoring stale heartbeat: A reported=2504 local_finalized=2551
[EXEC-QUORUM] height=2552 strict=3 relaxed=2 total=4 live=2 stall=3m24s
[STARTUP-GATE] waiting reason=waiting_network_validator_set_sample local=2551 finalized=2551 network=0 votes=1
Candidate heartbeat received: F | reported_height=2551 | finalized_height=2551 | local_exec_epoch=2552
Candidate heartbeat received: F | reported_height=2551 | finalized_height=2551 | local_exec_epoch=2552
Candidate heartbeat received: D | reported_height=2551 | finalized_height=2551 | local_exec_epoch=2552
Candidate heartbeat received: D | reported_height=2551 | finalized_height=2551 | local_exec_epoch=2552
[EXEC-QUORUM] height=2552 strict=3 relaxed=2 total=4 live=2 stall=3m26s
[STARTUP-GATE] waiting reason=waiting_network_validator_set_sample local=2551 finalized=2551 network=0 votes=1
Attempting to connect to 4 peers
Candidate heartbeat received: F | reported_height=2551 | finalized_height=2551 | local_exec_epoch=2552
Candidate heartbeat received: F | reported_height=2551 | finalized_height=2551 | local_exec_epoch=2552
Candidate heartbeat received: D | reported_height=2551 | finalized_height=2551 | local_exec_epoch=2552
Candidate heartbeat received: D | reported_height=2551 | finalized_height=2551 | local_exec_epoch=2552
Ignoring stale heartbeat: A reported=2505 local_finalized=2551
Ignoring stale heartbeat: A reported=2505 local_finalized=2551
[EXEC-QUORUM] height=2552 strict=3 relaxed=2 total=4 live=2 stall=3m28s
[STARTUP-GATE] waiting reason=waiting_network_validator_set_sample local=2551 finalized=2551 network=0 votes=1
Candidate heartbeat received: F | reported_height=2551 | finalized_height=2551 | local_exec_epoch=2552
Candidate heartbeat received: F | reported_height=2551 | finalized_height=2551 | local_exec_epoch=2552
Candidate heartbeat received: D | reported_height=2551 | finalized_height=2551 | local_exec_epoch=2552
Candidate heartbeat received: D | reported_height=2551 | finalized_height=2551 | local_exec_epoch=2552
[EXEC-QUORUM] height=2552 strict=3 relaxed=2 total=4 live=2 stall=3m30s
[STARTUP-GATE] waiting reason=waiting_network_validator_set_sample local=2551 finalized=2551 network=0 votes=1
[CONSENSUS] height=2551 vhash=d75b74ab validators=4
[EXEC-QUORUM] height=2552 strict=3 relaxed=2 total=4 live=2 stall=3m30s
[STATUS] height=2551 finalized=2551 peers=4 validators=2 strict_live=2 heartbeat_live=2 out_of_drift=0 drift_limit=8 syncing=false sync_complete=true execution_ready=true execution_reason=ready gossip=false gossip_pipeline=gossip_wait_remote_sample consensus_running=false mode=observer vote=false propose=false role=full validator_state=observer warmup_seconds=0 ready=false reason=waiting_network_validator_set_sample snapshot_source=snapshot_committed expected_source=snapshot_parent expected_hash=d75b74ab resolved_source=snapshot_committed resolved_hash=d75b74ab next_source=carry_forward next_hash=d75b74ab got_hash= authority=snapshot_parent hash_mode=legacy
2026/05/20 15:10:07 [OK] goroutine pressure normalized: 174 (degrade mode off)
Candidate heartbeat received: F | reported_height=2551 | finalized_height=2551 | local_exec_epoch=2552
Candidate heartbeat received: F | reported_height=2551 | finalized_height=2551 | local_exec_epoch=2552
[EXEC-QUORUM] height=2552 strict=3 relaxed=2 total=4 live=2 stall=3m32s
[STARTUP-GATE] waiting reason=waiting_network_validator_set_sample local=2551 finalized=2551 network=0 votes=1
Validator heartbeat: C | reported_height=2551 | finalized_height=2551 | local_exec_epoch=2552
Heartbeat sent: C finalized=2551 epoch=2552
Candidate heartbeat received: D | reported_height=2551 | finalized_height=2551 | local_exec_epoch=2552
Candidate heartbeat received: D | reported_height=2551 | finalized_height=2551 | local_exec_epoch=2552
Ignoring stale heartbeat: A reported=2506 local_finalized=2551
Ignoring stale heartbeat: A reported=2506 local_finalized=2551
[EXEC-QUORUM] height=2552 strict=3 relaxed=2 total=4 live=2 stall=3m34s
[STARTUP-GATE] waiting reason=waiting_network_validator_set_sample local=2551 finalized=2551 network=0 votes=1
Candidate heartbeat received: F | reported_height=2551 | finalized_height=2551 | local_exec_epoch=2552
Candidate heartbeat received: F | reported_height=2551 | finalized_height=2551 | local_exec_epoch=2552
Validator heartbeat: B | reported_height=2551 | finalized_height=2551 | local_exec_epoch=2552
Validator heartbeat: B | reported_height=2551 | finalized_height=2551 | local_exec_epoch=2552
[EXEC-QUORUM] height=2552 strict=3 relaxed=2 total=4 live=2 stall=3m34s
[EXEC-QUORUM] height=2552 strict=3 relaxed=2 total=4 live=2 stall=3m34s
Validator heartbeat received: B | reported_height=2551 | finalized_height=2551 | local_exec_epoch=2552
[SNAPSHOT-PUBLISH] deferred height=2551 reason=auto_publish_interval_10
Validator heartbeat received: B | reported_height=2551 | finalized_height=2551 | local_exec_epoch=2552
[EXEC-QUORUM] height=2552 strict=3 relaxed=2 total=4 live=2 stall=3m36s
[STARTUP-GATE] waiting reason=waiting_network_validator_set_sample local=2551 finalized=2551 network=0 votes=1
Candidate heartbeat received: D | reported_height=2551 | finalized_height=2551 | local_exec_epoch=2552
Candidate heartbeat received: D | reported_height=2551 | finalized_height=2551 | local_exec_epoch=2552
Candidate heartbeat received: F | reported_height=2551 | finalized_height=2551 | local_exec_epoch=2552
Candidate heartbeat received: F | reported_height=2551 | finalized_height=2551 | local_exec_epoch=2552
[EXEC-QUORUM] height=2552 strict=3 relaxed=2 total=4 live=2 stall=3m38s
[STARTUP-GATE] waiting reason=waiting_network_validator_set_sample local=2551 finalized=2551 network=0 votes=1
Candidate heartbeat received: D | reported_height=2551 | finalized_height=2551 | local_exec_epoch=2552
Candidate heartbeat received: D | reported_height=2551 | finalized_height=2551 | local_exec_epoch=2552
Candidate heartbeat received: F | reported_height=2551 | finalized_height=2551 | local_exec_epoch=2552
Candidate heartbeat received: F | reported_height=2551 | finalized_height=2551 | local_exec_epoch=2552
Ignoring stale heartbeat: A reported=2507 local_finalized=2551
Ignoring stale heartbeat: A reported=2507 local_finalized=2551
[EXEC-QUORUM] height=2552 strict=3 relaxed=2 total=4 live=2 stall=3m40s
[STARTUP-GATE] waiting reason=waiting_network_validator_set_sample local=2551 finalized=2551 network=0 votes=1
Candidate heartbeat received: D | reported_height=2551 | finalized_height=2551 | local_exec_epoch=2552
Candidate heartbeat received: D | reported_height=2551 | finalized_height=2551 | local_exec_epoch=2552
2026/05/20 15:10:17 [OK] goroutine pressure normalized: 174 (degrade mode off)
[EXEC-QUORUM] height=2552 strict=3 relaxed=2 total=4 live=2 stall=3m41s
Candidate heartbeat received: F | reported_height=2551 | finalized_height=2551 | local_exec_epoch=2552
Candidate heartbeat received: F | reported_height=2551 | finalized_height=2551 | local_exec_epoch=2552
[EXEC-QUORUM] height=2552 strict=3 relaxed=2 total=4 live=2 stall=3m42s
[STARTUP-GATE] waiting reason=waiting_network_validator_set_sample local=2551 finalized=2551 network=0 votes=1
Candidate heartbeat received: D | reported_height=2551 | finalized_height=2551 | local_exec_epoch=2552
Candidate heartbeat received: D | reported_height=2551 | finalized_height=2551 | local_exec_epoch=2552
Candidate heartbeat received: F | reported_height=2551 | finalized_height=2551 | local_exec_epoch=2552
Candidate heartbeat received: F | reported_height=2551 | finalized_height=2551 | local_exec_epoch=2552
[EXEC-QUORUM] height=2552 strict=3 relaxed=2 total=4 live=2 stall=3m44s
[STARTUP-GATE] waiting reason=waiting_network_validator_set_sample local=2551 finalized=2551 network=0 votes=1
Candidate heartbeat received: D | reported_height=2551 | finalized_height=2551 | local_exec_epoch=2552
Candidate heartbeat received: D | reported_height=2551 | finalized_height=2551 | local_exec_epoch=2552
[CONSENSUS] height=2551 vhash=d75b74ab validators=4
[EXEC-QUORUM] height=2552 strict=3 relaxed=2 total=4 live=2 stall=3m45s
[STATUS] height=2551 finalized=2551 peers=4 validators=2 strict_live=2 heartbeat_live=2 out_of_drift=0 drift_limit=8 syncing=false sync_complete=true execution_ready=true execution_reason=ready gossip=false gossip_pipeline=gossip_wait_remote_sample consensus_running=false mode=observer vote=false propose=false role=full validator_state=observer warmup_seconds=0 ready=false reason=waiting_network_validator_set_sample snapshot_source=snapshot_committed expected_source=snapshot_parent expected_hash=d75b74ab resolved_source=snapshot_committed resolved_hash=d75b74ab next_source=carry_forward next_hash=d75b74ab got_hash= authority=snapshot_parent hash_mode=legacy
Validator heartbeat: C | reported_height=2551 | finalized_height=2551 | local_exec_epoch=2552
Heartbeat sent: C finalized=2551 epoch=2552
[EXEC-QUORUM] height=2552 strict=3 relaxed=2 total=4 live=2 stall=3m46s
[STARTUP-GATE] waiting reason=waiting_network_validator_set_sample local=2551 finalized=2551 network=0 votes=1
Candidate heartbeat received: F | reported_height=2551 | finalized_height=2551 | local_exec_epoch=2552
Candidate heartbeat received: F | reported_height=2551 | finalized_height=2551 | local_exec_epoch=2552
Ignoring stale heartbeat: A reported=2508 local_finalized=2551
Ignoring stale heartbeat: A reported=2508 local_finalized=2551
Validator heartbeat: B | reported_height=2551 | finalized_height=2551 | local_exec_epoch=2552
Validator heartbeat: B | reported_height=2551 | finalized_height=2551 | local_exec_epoch=2552
[EXEC-QUORUM] height=2552 strict=3 relaxed=2 total=4 live=2 stall=3m47s
[EXEC-QUORUM] height=2552 strict=3 relaxed=2 total=4 live=2 stall=3m47s
Validator heartbeat received: B | reported_height=2551 | finalized_height=2551 | local_exec_epoch=2552
[SNAPSHOT-PUBLISH] deferred height=2551 reason=auto_publish_interval_10
Validator heartbeat received: B | reported_height=2551 | finalized_height=2551 | local_exec_epoch=2552
Candidate heartbeat received: D | reported_height=2551 | finalized_height=2551 | local_exec_epoch=2552
Candidate heartbeat received: D | reported_height=2551 | finalized_height=2551 | local_exec_epoch=2552
[EXEC-QUORUM] height=2552 strict=3 relaxed=2 total=4 live=2 stall=3m48s
[STARTUP-GATE] waiting reason=waiting_network_validator_set_sample local=2551 finalized=2551 network=0 votes=1
Candidate heartbeat received: F | reported_height=2551 | finalized_height=2551 | local_exec_epoch=2552
Candidate heartbeat received: F | reported_height=2551 | finalized_height=2551 | local_exec_epoch=2552
Candidate heartbeat received: D | reported_height=2551 | finalized_height=2551 | local_exec_epoch=2552
Candidate heartbeat received: D | reported_height=2551 | finalized_height=2551 | local_exec_epoch=2552
[EXEC-QUORUM] height=2552 strict=3 relaxed=2 total=4 live=2 stall=3m50s
[STARTUP-GATE] waiting reason=waiting_network_validator_set_sample local=2551 finalized=2551 network=0 votes=1
Candidate heartbeat received: F | reported_height=2551 | finalized_height=2551 | local_exec_epoch=2552
Candidate heartbeat received: F | reported_height=2551 | finalized_height=2551 | local_exec_epoch=2552
Attempting to connect to 4 peers
[EXEC-QUORUM] height=2552 strict=3 relaxed=2 total=4 live=2 stall=3m52s
[STARTUP-GATE] waiting reason=waiting_network_validator_set_sample local=2551 finalized=2551 network=0 votes=1
Candidate heartbeat received: D | reported_height=2551 | finalized_height=2551 | local_exec_epoch=2552
Candidate heartbeat received: D | reported_height=2551 | finalized_height=2551 | local_exec_epoch=2552
Candidate heartbeat received: F | reported_height=2551 | finalized_height=2551 | local_exec_epoch=2552
Candidate heartbeat received: F | reported_height=2551 | finalized_height=2551 | local_exec_epoch=2552
Ignoring stale heartbeat: A reported=2509 local_finalized=2551
Ignoring stale heartbeat: A reported=2509 local_finalized=2551
[EXEC-QUORUM] height=2552 strict=3 relaxed=2 total=4 live=2 stall=3m54s
[STARTUP-GATE] waiting reason=waiting_network_validator_set_sample local=2551 finalized=2551 network=0 votes=1
Candidate heartbeat received: D | reported_height=2551 | finalized_height=2551 | local_exec_epoch=2552
Candidate heartbeat received: D | reported_height=2551 | finalized_height=2551 | local_exec_epoch=2552
Candidate heartbeat received: F | reported_height=2551 | finalized_height=2551 | local_exec_epoch=2552
Candidate heartbeat received: F | reported_height=2551 | finalized_height=2551 | local_exec_epoch=2552
[EXEC-QUORUM] height=2552 strict=3 relaxed=2 total=4 live=2 stall=3m56s
[STARTUP-GATE] waiting reason=waiting_network_validator_set_sample local=2551 finalized=2551 network=0 votes=1
Candidate heartbeat received: D | reported_height=2551 | finalized_height=2551 | local_exec_epoch=2552
Candidate heartbeat received: D | reported_height=2551 | finalized_height=2551 | local_exec_epoch=2552
Candidate heartbeat received: F | reported_height=2551 | finalized_height=2551 | local_exec_epoch=2552
Candidate heartbeat received: F | reported_height=2551 | finalized_height=2551 | local_exec_epoch=2552
[EXEC-QUORUM] height=2552 strict=3 relaxed=2 total=4 live=2 stall=3m58s
[STARTUP-GATE] waiting reason=waiting_network_validator_set_sample local=2551 finalized=2551 network=0 votes=1
Validator heartbeat: C | reported_height=2551 | finalized_height=2551 | local_exec_epoch=2552
Heartbeat sent: C finalized=2551 epoch=2552
Ignoring stale heartbeat: A reported=2510 local_finalized=2551
Ignoring stale heartbeat: A reported=2510 local_finalized=2551
Candidate heartbeat received: F | reported_height=2551 | finalized_height=2551 | local_exec_epoch=2552
Candidate heartbeat received: F | reported_height=2551 | finalized_height=2551 | local_exec_epoch=2552
Validator heartbeat: B | reported_height=2551 | finalized_height=2551 | local_exec_epoch=2552
Validator heartbeat: B | reported_height=2551 | finalized_height=2551 | local_exec_epoch=2552
[EXEC-QUORUM] height=2552 strict=3 relaxed=2 total=4 live=2 stall=3m59s
[EXEC-QUORUM] height=2552 strict=3 relaxed=2 total=4 live=2 stall=3m59s
Validator heartbeat received: B | reported_height=2551 | finalized_height=2551 | local_exec_epoch=2552
[SNAPSHOT-PUBLISH] deferred height=2551 reason=auto_publish_interval_10
Validator heartbeat received: B | reported_height=2551 | finalized_height=2551 | local_exec_epoch=2552
[EXEC-QUORUM] height=2552 strict=3 relaxed=2 total=4 live=2 stall=4m0s
[STARTUP-GATE] waiting reason=waiting_network_validator_set_sample local=2551 finalized=2551 network=0 votes=1
Candidate heartbeat received: D | reported_height=2551 | finalized_height=2551 | local_exec_epoch=2552
Candidate heartbeat received: D | reported_height=2551 | finalized_height=2551 | local_exec_epoch=2552
[CONSENSUS] height=2551 vhash=d75b74ab validators=4
[EXEC-QUORUM] height=2552 strict=3 relaxed=2 total=4 live=2 stall=4m0s
[STATUS] height=2551 finalized=2551 peers=4 validators=2 strict_live=2 heartbeat_live=2 out_of_drift=0 drift_limit=8 syncing=false sync_complete=true execution_ready=true execution_reason=ready gossip=false gossip_pipeline=gossip_wait_remote_sample consensus_running=false mode=observer vote=false propose=false role=full validator_state=observer warmup_seconds=0 ready=false reason=waiting_network_validator_set_sample snapshot_source=snapshot_committed expected_source=snapshot_parent expected_hash=d75b74ab resolved_source=snapshot_committed resolved_hash=d75b74ab next_source=carry_forward next_hash=d75b74ab got_hash= authority=snapshot_parent hash_mode=legacy
[EXEC-QUORUM] height=2552 strict=3 relaxed=2 total=4 live=2 stall=4m1s
[SNAPSHOT-PROOF] height=2510 checkpoint=2496 validator=A votes=1 hash=3191964f
Candidate heartbeat received: F | reported_height=2551 | finalized_height=2551 | local_exec_epoch=2552
Candidate heartbeat received: F | reported_height=2551 | finalized_height=2551 | local_exec_epoch=2552
[EXEC-QUORUM] height=2552 strict=3 relaxed=2 total=4 live=2 stall=4m2s
[STARTUP-GATE] waiting reason=waiting_network_validator_set_sample local=2551 finalized=2551 network=0 votes=1
Ignoring stale heartbeat: A reported=2511 local_finalized=2551
Ignoring stale heartbeat: A reported=2511 local_finalized=2551
Candidate heartbeat received: D | reported_height=2551 | finalized_height=2551 | local_exec_epoch=2552
Candidate heartbeat received: D | reported_height=2551 | finalized_height=2551 | local_exec_epoch=2552
Candidate heartbeat received: F | reported_height=2551 | finalized_height=2551 | local_exec_epoch=2552
Candidate heartbeat received: F | reported_height=2551 | finalized_height=2551 | local_exec_epoch=2552
[EXEC-QUORUM] height=2552 strict=3 relaxed=2 total=4 live=2 stall=4m4s
[STARTUP-GATE] waiting reason=waiting_network_validator_set_sample local=2551 finalized=2551 network=0 votes=1
[EXEC-QUORUM] height=2552 strict=3 relaxed=2 total=4 live=2 stall=4m6s
[STARTUP-GATE] waiting reason=waiting_network_validator_set_sample local=2551 finalized=2551 network=0 votes=1
Candidate heartbeat received: F | reported_height=2551 | finalized_height=2551 | local_exec_epoch=2552
Candidate heartbeat received: F | reported_height=2551 | finalized_height=2551 | local_exec_epoch=2552
Candidate heartbeat received: D | reported_height=2551 | finalized_height=2551 | local_exec_epoch=2552
Candidate heartbeat received: D | reported_height=2551 | finalized_height=2551 | local_exec_epoch=2552
Ignoring stale heartbeat: A reported=2512 local_finalized=2551
Ignoring stale heartbeat: A reported=2512 local_finalized=2551
[EXEC-QUORUM] height=2552 strict=3 relaxed=2 total=4 live=2 stall=4m8s
[STARTUP-GATE] waiting reason=waiting_network_validator_set_sample local=2551 finalized=2551 network=0 votes=1
Candidate heartbeat received: F | reported_height=2551 | finalized_height=2551 | local_exec_epoch=2552
Candidate heartbeat received: F | reported_height=2551 | finalized_height=2551 | local_exec_epoch=2552
Candidate heartbeat received: D | reported_height=2551 | finalized_height=2551 | local_exec_epoch=2552
Candidate heartbeat received: D | reported_height=2551 | finalized_height=2551 | local_exec_epoch=2552
[EXEC-QUORUM] height=2552 strict=3 relaxed=2 total=4 live=2 stall=4m10s
[STARTUP-GATE] waiting reason=waiting_network_validator_set_sample local=2551 finalized=2551 network=0 votes=1
2026/05/20 15:10:47 [OK] goroutine pressure normalized: 174 (degrade mode off)
Candidate heartbeat received: F | reported_height=2551 | finalized_height=2551 | local_exec_epoch=2552
Candidate heartbeat received: F | reported_height=2551 | finalized_height=2551 | local_exec_epoch=2552
Validator heartbeat: C | reported_height=2551 | finalized_height=2551 | local_exec_epoch=2552
Heartbeat sent: C finalized=2551 epoch=2552
Candidate heartbeat received: D | reported_height=2551 | finalized_height=2551 | local_exec_epoch=2552
Candidate heartbeat received: D | reported_height=2551 | finalized_height=2551 | local_exec_epoch=2552
[EXEC-QUORUM] height=2552 strict=3 relaxed=2 total=4 live=2 stall=4m12s
[STARTUP-GATE] waiting reason=waiting_network_validator_set_sample local=2551 finalized=2551 network=0 votes=1
Validator heartbeat: B | reported_height=2551 | finalized_height=2551 | local_exec_epoch=2552
Validator heartbeat: B | reported_height=2551 | finalized_height=2551 | local_exec_epoch=2552
[EXEC-QUORUM] height=2552 strict=3 relaxed=2 total=4 live=2 stall=4m12s
Validator heartbeat received: B | reported_height=2551 | finalized_height=2551 | local_exec_epoch=2552
[EXEC-QUORUM] height=2552 strict=3 relaxed=2 total=4 live=2 stall=4m12s
[SNAPSHOT-PUBLISH] deferred height=2551 reason=auto_publish_interval_10
Validator heartbeat received: B | reported_height=2551 | finalized_height=2551 | local_exec_epoch=2552
Candidate heartbeat received: F | reported_height=2551 | finalized_height=2551 | local_exec_epoch=2552
Candidate heartbeat received: F | reported_height=2551 | finalized_height=2551 | local_exec_epoch=2552
Candidate heartbeat received: D | reported_height=2551 | finalized_height=2551 | local_exec_epoch=2552
Candidate heartbeat received: D | reported_height=2551 | finalized_height=2551 | local_exec_epoch=2552
[EXEC-QUORUM] height=2552 strict=3 relaxed=2 total=4 live=2 stall=4m14s
[STARTUP-GATE] waiting reason=waiting_network_validator_set_sample local=2551 finalized=2551 network=0 votes=1
Attempting to connect to 4 peers
Ignoring stale heartbeat: A reported=2513 local_finalized=2551
Ignoring stale heartbeat: A reported=2513 local_finalized=2551
Candidate heartbeat received: F | reported_height=2551 | finalized_height=2551 | local_exec_epoch=2552
Candidate heartbeat received: F | reported_height=2551 | finalized_height=2551 | local_exec_epoch=2552
[CONSENSUS] height=2551 vhash=d75b74ab validators=4
[EXEC-QUORUM] height=2552 strict=3 relaxed=2 total=4 live=2 stall=4m15s
[STATUS] height=2551 finalized=2551 peers=4 validators=2 strict_live=2 heartbeat_live=2 out_of_drift=0 drift_limit=8 syncing=false sync_complete=true execution_ready=true execution_reason=ready gossip=false gossip_pipeline=gossip_wait_remote_sample consensus_running=false mode=observer vote=false propose=false role=full validator_state=observer warmup_seconds=0 ready=false reason=waiting_network_validator_set_sample snapshot_source=snapshot_committed expected_source=snapshot_parent expected_hash=d75b74ab resolved_source=snapshot_committed resolved_hash=d75b74ab next_source=carry_forward next_hash=d75b74ab got_hash= authority=snapshot_parent hash_mode=legacy
[EXEC-QUORUM] height=2552 strict=3 relaxed=2 total=4 live=2 stall=4m16s
[STARTUP-GATE] waiting reason=waiting_network_validator_set_sample local=2551 finalized=2551 network=0 votes=1
Candidate heartbeat received: D | reported_height=2551 | finalized_height=2551 | local_exec_epoch=2552
Candidate heartbeat received: D | reported_height=2551 | finalized_height=2551 | local_exec_epoch=2552
Candidate heartbeat received: F | reported_height=2551 | finalized_height=2551 | local_exec_epoch=2552
Candidate heartbeat received: F | reported_height=2551 | finalized_height=2551 | local_exec_epoch=2552
[EXEC-QUORUM] height=2552 strict=3 relaxed=2 total=4 live=2 stall=4m18s
[STARTUP-GATE] waiting reason=waiting_network_validator_set_sample local=2551 finalized=2551 network=0 votes=1
Candidate heartbeat received: D | reported_height=2551 | finalized_height=2551 | local_exec_epoch=2552
Candidate heartbeat received: D | reported_height=2551 | finalized_height=2551 | local_exec_epoch=2552
Candidate heartbeat received: F | reported_height=2551 | finalized_height=2551 | local_exec_epoch=2552
Candidate heartbeat received: F | reported_height=2551 | finalized_height=2551 | local_exec_epoch=2552
[EXEC-QUORUM] height=2552 strict=3 relaxed=2 total=4 live=2 stall=4m20s
[STARTUP-GATE] waiting reason=waiting_network_validator_set_sample local=2551 finalized=2551 network=0 votes=1
[EXEC-QUORUM] height=2552 strict=3 relaxed=2 total=4 live=2 stall=4m21s
Candidate heartbeat received: D | reported_height=2551 | finalized_height=2551 | local_exec_epoch=2552
Candidate heartbeat received: D | reported_height=2551 | finalized_height=2551 | local_exec_epoch=2552
Candidate heartbeat received: F | reported_height=2551 | finalized_height=2551 | local_exec_epoch=2552
Candidate heartbeat received: F | reported_height=2551 | finalized_height=2551 | local_exec_epoch=2552
Ignoring stale heartbeat: A reported=2514 local_finalized=2551
Ignoring stale heartbeat: A reported=2514 local_finalized=2551
[EXEC-QUORUM] height=2552 strict=3 relaxed=2 total=4 live=2 stall=4m22s
[STARTUP-GATE] waiting reason=waiting_network_validator_set_sample local=2551 finalized=2551 network=0 votes=1
Candidate heartbeat received: D | reported_height=2551 | finalized_height=2551 | local_exec_epoch=2552
Candidate heartbeat received: D | reported_height=2551 | finalized_height=2551 | local_exec_epoch=2552
Candidate heartbeat received: F | reported_height=2551 | finalized_height=2551 | local_exec_epoch=2552
Candidate heartbeat received: F | reported_height=2551 | finalized_height=2551 | local_exec_epoch=2552
Validator heartbeat: C | reported_height=2551 | finalized_height=2551 | local_exec_epoch=2552
Heartbeat sent: C finalized=2551 epoch=2552
[EXEC-QUORUM] height=2552 strict=3 relaxed=2 total=4 live=2 stall=4m24s
[STARTUP-GATE] waiting reason=waiting_network_validator_set_sample local=2551 finalized=2551 network=0 votes=1
[SNAPSHOT-PUBLISH] deferred height=2551 reason=auto_publish_interval_10
Validator heartbeat: B | reported_height=2551 | finalized_height=2551 | local_exec_epoch=2552
Validator heartbeat: B | reported_height=2551 | finalized_height=2551 | local_exec_epoch=2552
[EXEC-QUORUM] height=2552 strict=3 relaxed=2 total=4 live=2 stall=4m25s
[EXEC-QUORUM] height=2552 strict=3 relaxed=2 total=4 live=2 stall=4m25s
Validator heartbeat received: B | reported_height=2551 | finalized_height=2551 | local_exec_epoch=2552
Validator heartbeat received: B | reported_height=2551 | finalized_height=2551 | local_exec_epoch=2552
Candidate heartbeat received: F | reported_height=2551 | finalized_height=2551 | local_exec_epoch=2552
Candidate heartbeat received: F | reported_height=2551 | finalized_height=2551 | local_exec_epoch=2552
Candidate heartbeat received: D | reported_height=2551 | finalized_height=2551 | local_exec_epoch=2552
Candidate heartbeat received: D | reported_height=2551 | finalized_height=2551 | local_exec_epoch=2552
[EXEC-QUORUM] height=2552 strict=3 relaxed=2 total=4 live=2 stall=4m26s
[STARTUP-GATE] waiting reason=waiting_network_validator_set_sample local=2551 finalized=2551 network=0 votes=1
Ignoring stale heartbeat: A reported=2515 local_finalized=2551
Ignoring stale heartbeat: A reported=2515 local_finalized=2551
[EXEC-QUORUM] height=2552 strict=3 relaxed=2 total=4 live=2 stall=4m28s
[STARTUP-GATE] waiting reason=waiting_network_validator_set_sample local=2551 finalized=2551 network=0 votes=1
Candidate heartbeat received: D | reported_height=2551 | finalized_height=2551 | local_exec_epoch=2552
Candidate heartbeat received: D | reported_height=2551 | finalized_height=2551 | local_exec_epoch=2552
Candidate heartbeat received: F | reported_height=2551 | finalized_height=2551 | local_exec_epoch=2552
Candidate heartbeat received: F | reported_height=2551 | finalized_height=2551 | local_exec_epoch=2552
[CONSENSUS] height=2551 vhash=d75b74ab validators=4
[EXEC-QUORUM] height=2552 strict=3 relaxed=2 total=4 live=2 stall=4m30s
[STATUS] height=2551 finalized=2551 peers=4 validators=2 strict_live=2 heartbeat_live=2 out_of_drift=0 drift_limit=8 syncing=false sync_complete=true execution_ready=true execution_reason=ready gossip=false gossip_pipeline=gossip_wait_remote_sample consensus_running=false mode=observer vote=false propose=false role=full validator_state=observer warmup_seconds=0 ready=false reason=waiting_network_validator_set_sample snapshot_source=snapshot_committed expected_source=snapshot_parent expected_hash=d75b74ab resolved_source=snapshot_committed resolved_hash=d75b74ab next_source=carry_forward next_hash=d75b74ab got_hash= authority=snapshot_parent hash_mode=legacy
[EXEC-QUORUM] height=2552 strict=3 relaxed=2 total=4 live=2 stall=4m30s
[STARTUP-GATE] waiting reason=waiting_network_validator_set_sample local=2551 finalized=2551 network=0 votes=1
2026/05/20 15:11:07 [OK] goroutine pressure normalized: 174 (degrade mode off)
2026/05/20 15:11:07 map stats: seen_blocks=0 seen_txs=0 fork_heights=0 fork_blocks=0 exec_results_keys=0 exec_results_total=0 pending_blocks=0 queued_exec_votes_keys=0 queued_exec_votes_total=0 accepted_proposal=0 exec_broadcasted_epochs=0 exec_broadcasted_keys=0 exec_signer_seen_epochs=0 exec_signer_seen_total=0 exec_broadcasted_by_val_epochs=0 exec_broadcasted_by_val_total=0 exec_rebroadcast_epochs=0 validator_status=5 candidates=2 peer_state=22 peers_connected=4 peers_connecting=0 peer_suspect=0 allowed_peers=3 pending_validators=0 pending_removals=0 queued_validator_updates=0 height_report_epochs=1 height_report_total=2 misbehavior_validators=0 misbehavior_total=0 exec_mismatch_tracked=0 exec_vote_replay_cache=0
Candidate heartbeat received: D | reported_height=2551 | finalized_height=2551 | local_exec_epoch=2552
Candidate heartbeat received: D | reported_height=2551 | finalized_height=2551 | local_exec_epoch=2552
Candidate heartbeat received: F | reported_height=2551 | finalized_height=2551 | local_exec_epoch=2552
Candidate heartbeat received: F | reported_height=2551 | finalized_height=2551 | local_exec_epoch=2552
[EXEC-QUORUM] height=2552 strict=3 relaxed=2 total=4 live=2 stall=4m33s
[STARTUP-GATE] waiting reason=waiting_network_validator_set_sample local=2551 finalized=2551 network=0 votes=1
Candidate heartbeat received: D | reported_height=2551 | finalized_height=2551 | local_exec_epoch=2552
Candidate heartbeat received: D | reported_height=2551 | finalized_height=2551 | local_exec_epoch=2552
Candidate heartbeat received: F | reported_height=2551 | finalized_height=2551 | local_exec_epoch=2552
Candidate heartbeat received: F | reported_height=2551 | finalized_height=2551 | local_exec_epoch=2552
[EXEC-QUORUM] height=2552 strict=3 relaxed=2 total=4 live=2 stall=4m35s
[STARTUP-GATE] waiting reason=waiting_network_validator_set_sample local=2551 finalized=2551 network=0 votes=1
Ignoring stale heartbeat: A reported=2516 local_finalized=2551
Ignoring stale heartbeat: A reported=2516 local_finalized=2551
Candidate heartbeat received: D | reported_height=2551 | finalized_height=2551 | local_exec_epoch=2552
Candidate heartbeat received: D | reported_height=2551 | finalized_height=2551 | local_exec_epoch=2552
Candidate heartbeat received: F | reported_height=2551 | finalized_height=2551 | local_exec_epoch=2552
Candidate heartbeat received: F | reported_height=2551 | finalized_height=2551 | local_exec_epoch=2552
[EXEC-QUORUM] height=2552 strict=3 relaxed=2 total=4 live=2 stall=4m37s
[STARTUP-GATE] waiting reason=waiting_network_validator_set_sample local=2551 finalized=2551 network=0 votes=1
[SNAPSHOT-PUBLISH] deferred height=2551 reason=auto_publish_interval_10
Validator heartbeat: C | reported_height=2551 | finalized_height=2551 | local_exec_epoch=2552
Heartbeat sent: C finalized=2551 epoch=2552
Validator heartbeat: B | reported_height=2551 | finalized_height=2551 | local_exec_epoch=2552
Validator heartbeat: B | reported_height=2551 | finalized_height=2551 | local_exec_epoch=2552
[EXEC-QUORUM] height=2552 strict=3 relaxed=2 total=4 live=2 stall=4m37s
[EXEC-QUORUM] height=2552 strict=3 relaxed=2 total=4 live=2 stall=4m37s
Validator heartbeat received: B | reported_height=2551 | finalized_height=2551 | local_exec_epoch=2552
Validator heartbeat received: B | reported_height=2551 | finalized_height=2551 | local_exec_epoch=2552
Candidate heartbeat received: D | reported_height=2551 | finalized_height=2551 | local_exec_epoch=2552
Candidate heartbeat received: D | reported_height=2551 | finalized_height=2551 | local_exec_epoch=2552
Attempting to connect to 4 peers
Candidate heartbeat received: F | reported_height=2551 | finalized_height=2551 | local_exec_epoch=2552
Candidate heartbeat received: F | reported_height=2551 | finalized_height=2551 | local_exec_epoch=2552
[EXEC-QUORUM] height=2552 strict=3 relaxed=2 total=4 live=2 stall=4m39s
[STARTUP-GATE] waiting reason=waiting_network_validator_set_sample local=2551 finalized=2551 network=0 votes=1
Ignoring stale heartbeat: A reported=2517 local_finalized=2551
Ignoring stale heartbeat: A reported=2517 local_finalized=2551
Candidate heartbeat received: D | reported_height=2551 | finalized_height=2551 | local_exec_epoch=2552
Candidate heartbeat received: D | reported_height=2551 | finalized_height=2551 | local_exec_epoch=2552
[EXEC-QUORUM] height=2552 strict=3 relaxed=2 total=4 live=2 stall=4m41s
[EXEC-QUORUM] height=2552 strict=3 relaxed=2 total=4 live=2 stall=4m41s
[STARTUP-GATE] waiting reason=waiting_network_validator_set_sample local=2551 finalized=2551 network=0 votes=1
Candidate heartbeat received: F | reported_height=2551 | finalized_height=2551 | local_exec_epoch=2552
Candidate heartbeat received: F | reported_height=2551 | finalized_height=2551 | local_exec_epoch=2552
Candidate heartbeat received: D | reported_height=2551 | finalized_height=2551 | local_exec_epoch=2552
Candidate heartbeat received: D | reported_height=2551 | finalized_height=2551 | local_exec_epoch=2552
[EXEC-QUORUM] height=2552 strict=3 relaxed=2 total=4 live=2 stall=4m43s
[STARTUP-GATE] waiting reason=waiting_network_validator_set_sample local=2551 finalized=2551 network=0 votes=1
Candidate heartbeat received: F | reported_height=2551 | finalized_height=2551 | local_exec_epoch=2552
Candidate heartbeat received: F | reported_height=2551 | finalized_height=2551 | local_exec_epoch=2552
Candidate heartbeat received: D | reported_height=2551 | finalized_height=2551 | local_exec_epoch=2552
Candidate heartbeat received: D | reported_height=2551 | finalized_height=2551 | local_exec_epoch=2552
[EXEC-QUORUM] height=2552 strict=3 relaxed=2 total=4 live=2 stall=4m45s
[STARTUP-GATE] waiting reason=waiting_network_validator_set_sample local=2551 finalized=2551 network=0 votes=1
[CONSENSUS] height=2551 vhash=d75b74ab validators=4
[EXEC-QUORUM] height=2552 strict=3 relaxed=2 total=4 live=2 stall=4m45s
[STATUS] height=2551 finalized=2551 peers=4 validators=2 strict_live=2 heartbeat_live=2 out_of_drift=0 drift_limit=8 syncing=false sync_complete=true execution_ready=true execution_reason=ready gossip=false gossip_pipeline=gossip_wait_remote_sample consensus_running=false mode=observer vote=false propose=false role=full validator_state=observer warmup_seconds=0 ready=false reason=waiting_network_validator_set_sample snapshot_source=snapshot_committed expected_source=snapshot_parent expected_hash=d75b74ab resolved_source=snapshot_committed resolved_hash=d75b74ab next_source=carry_forward next_hash=d75b74ab got_hash= authority=snapshot_parent hash_mode=legacy
Candidate heartbeat received: F | reported_height=2551 | finalized_height=2551 | local_exec_epoch=2552
Candidate heartbeat received: F | reported_height=2551 | finalized_height=2551 | local_exec_epoch=2552
Ignoring stale heartbeat: A reported=2518 local_finalized=2551
Ignoring stale heartbeat: A reported=2518 local_finalized=2551
[EXEC-QUORUM] height=2552 strict=3 relaxed=2 total=4 live=2 stall=4m47s
[STARTUP-GATE] waiting reason=waiting_network_validator_set_sample local=2551 finalized=2551 network=0 votes=1
Candidate heartbeat received: F | reported_height=2551 | finalized_height=2551 | local_exec_epoch=2552
Candidate heartbeat received: F | reported_height=2551 | finalized_height=2551 | local_exec_epoch=2552
Candidate heartbeat received: D | reported_height=2551 | finalized_height=2551 | local_exec_epoch=2552
Candidate heartbeat received: D | reported_height=2551 | finalized_height=2551 | local_exec_epoch=2552
[SNAPSHOT-PUBLISH] deferred height=2551 reason=auto_publish_interval_10
[EXEC-QUORUM] height=2552 strict=3 relaxed=2 total=4 live=2 stall=4m49s
[STARTUP-GATE] waiting reason=waiting_network_validator_set_sample local=2551 finalized=2551 network=0 votes=1
Validator heartbeat: C | reported_height=2551 | finalized_height=2551 | local_exec_epoch=2552
Heartbeat sent: C finalized=2551 epoch=2552
Candidate heartbeat received: F | reported_height=2551 | finalized_height=2551 | local_exec_epoch=2552
Candidate heartbeat received: F | reported_height=2551 | finalized_height=2551 | local_exec_epoch=2552
Validator heartbeat: B | reported_height=2551 | finalized_height=2551 | local_exec_epoch=2552
Validator heartbeat: B | reported_height=2551 | finalized_height=2551 | local_exec_epoch=2552
[EXEC-QUORUM] height=2552 strict=3 relaxed=2 total=4 live=2 stall=4m50s
[EXEC-QUORUM] height=2552 strict=3 relaxed=2 total=4 live=2 stall=4m50s
Validator heartbeat received: B | reported_height=2551 | finalized_height=2551 | local_exec_epoch=2552
Validator heartbeat received: B | reported_height=2551 | finalized_height=2551 | local_exec_epoch=2552
2026/05/20 15:11:27 [OK] goroutine pressure normalized: 174 (degrade mode off)
[EXEC-QUORUM] height=2552 strict=3 relaxed=2 total=4 live=2 stall=4m51s
[STARTUP-GATE] waiting reason=waiting_network_validator_set_sample local=2551 finalized=2551 network=0 votes=1
Ignoring stale heartbeat: A reported=2519 local_finalized=2551
Ignoring stale heartbeat: A reported=2519 local_finalized=2551
Candidate heartbeat received: D | reported_height=2551 | finalized_height=2551 | local_exec_epoch=2552
Candidate heartbeat received: D | reported_height=2551 | finalized_height=2551 | local_exec_epoch=2552
Candidate heartbeat received: F | reported_height=2551 | finalized_height=2551 | local_exec_epoch=2552
Candidate heartbeat received: F | reported_height=2551 | finalized_height=2551 | local_exec_epoch=2552
[EXEC-QUORUM] height=2552 strict=3 relaxed=2 total=4 live=2 stall=4m53s
[STARTUP-GATE] waiting reason=waiting_network_validator_set_sample local=2551 finalized=2551 network=0 votes=1
Candidate heartbeat received: D | reported_height=2551 | finalized_height=2551 | local_exec_epoch=2552
Candidate heartbeat received: D | reported_height=2551 | finalized_height=2551 | local_exec_epoch=2552
Candidate heartbeat received: F | reported_height=2551 | finalized_height=2551 | local_exec_epoch=2552
Candidate heartbeat received: F | reported_height=2551 | finalized_height=2551 | local_exec_epoch=2552
[EXEC-QUORUM] height=2552 strict=3 relaxed=2 total=4 live=2 stall=4m55s
[STARTUP-GATE] waiting reason=waiting_network_validator_set_sample local=2551 finalized=2551 network=0 votes=1
Candidate heartbeat received: F | reported_height=2551 | finalized_height=2551 | local_exec_epoch=2552
Candidate heartbeat received: F | reported_height=2551 | finalized_height=2551 | local_exec_epoch=2552
[EXEC-QUORUM] height=2552 strict=3 relaxed=2 total=4 live=2 stall=4m57s
[STARTUP-GATE] waiting reason=waiting_network_validator_set_sample local=2551 finalized=2551 network=0 votes=1
Ignoring stale heartbeat: A reported=2520 local_finalized=2551
Ignoring stale heartbeat: A reported=2520 local_finalized=2551
Candidate heartbeat received: D | reported_height=2551 | finalized_height=2551 | local_exec_epoch=2552
Candidate heartbeat received: D | reported_height=2551 | finalized_height=2551 | local_exec_epoch=2552
[EXEC-QUORUM] height=2552 strict=3 relaxed=2 total=4 live=2 stall=4m59s
[STARTUP-GATE] waiting reason=waiting_network_validator_set_sample local=2551 finalized=2551 network=0 votes=1
Candidate heartbeat received: F | reported_height=2551 | finalized_height=2551 | local_exec_epoch=2552
Candidate heartbeat received: F | reported_height=2551 | finalized_height=2551 | local_exec_epoch=2552
[CONSENSUS] height=2551 vhash=d75b74ab validators=4
[EXEC-QUORUM] height=2552 strict=3 relaxed=2 total=4 live=2 stall=5m0s
[STATUS] height=2551 finalized=2551 peers=4 validators=2 strict_live=2 heartbeat_live=2 out_of_drift=0 drift_limit=8 syncing=false sync_complete=true execution_ready=true execution_reason=ready gossip=false gossip_pipeline=gossip_wait_remote_sample consensus_running=false mode=observer vote=false propose=false role=full validator_state=observer warmup_seconds=0 ready=false reason=waiting_network_validator_set_sample snapshot_source=snapshot_committed expected_source=snapshot_parent expected_hash=d75b74ab resolved_source=snapshot_committed resolved_hash=d75b74ab next_source=carry_forward next_hash=d75b74ab got_hash= authority=snapshot_parent hash_mode=legacy
2026/05/20 15:11:37 [SNAPSHOT-MATERIALIZING] height=2488 chain_tip=2551 kind=missing_committed
2026/05/20 15:11:37 [SNAPSHOT-MATERIALIZING] height=2489 chain_tip=2551 kind=missing_committed
2026/05/20 15:11:37 [SNAPSHOT-MATERIALIZING] height=2491 chain_tip=2551 kind=missing_committed
2026/05/20 15:11:37 [SNAPSHOT-MATERIALIZING] height=2492 chain_tip=2551 kind=missing_committed
2026/05/20 15:11:37 [SNAPSHOT-MATERIALIZING] height=2493 chain_tip=2551 kind=missing_committed
2026/05/20 15:11:37 [SNAPSHOT-MATERIALIZING] height=2494 chain_tip=2551 kind=missing_committed
2026/05/20 15:11:37 [SNAPSHOT-MATERIALIZING] height=2495 chain_tip=2551 kind=missing_committed
2026/05/20 15:11:37 [SNAPSHOT-MATERIALIZING] height=2497 chain_tip=2551 kind=missing_committed
2026/05/20 15:11:37 [SNAPSHOT-MATERIALIZING] height=2498 chain_tip=2551 kind=missing_committed
2026/05/20 15:11:37 [SNAPSHOT-MATERIALIZING] height=2499 chain_tip=2551 kind=missing_committed
[EXEC-QUORUM] height=2552 strict=3 relaxed=2 total=4 live=2 stall=5m1s
2026/05/20 15:11:37 [SNAPSHOT-MATERIALIZING] height=2501 chain_tip=2551 kind=missing_committed
2026/05/20 15:11:37 [SNAPSHOT-MATERIALIZING] height=2502 chain_tip=2551 kind=missing_committed
2026/05/20 15:11:37 [SNAPSHOT-MATERIALIZING] height=2503 chain_tip=2551 kind=missing_committed
2026/05/20 15:11:37 [SNAPSHOT-MATERIALIZING] height=2504 chain_tip=2551 kind=missing_committed
2026/05/20 15:11:37 [SNAPSHOT-MATERIALIZING] height=2505 chain_tip=2551 kind=missing_committed
2026/05/20 15:11:37 [SNAPSHOT-MATERIALIZING] height=2506 chain_tip=2551 kind=missing_committed
2026/05/20 15:11:37 [SNAPSHOT-MATERIALIZING] height=2507 chain_tip=2551 kind=missing_committed
2026/05/20 15:11:37 [SNAPSHOT-MATERIALIZING] height=2508 chain_tip=2551 kind=missing_committed
2026/05/20 15:11:37 [SNAPSHOT-MATERIALIZING] height=2509 chain_tip=2551 kind=missing_committed
2026/05/20 15:11:37 [SNAPSHOT-MATERIALIZING] height=2511 chain_tip=2551 kind=missing_committed
2026/05/20 15:11:37 [SNAPSHOT-MATERIALIZING] height=2512 chain_tip=2551 kind=missing_committed
2026/05/20 15:11:37 [SNAPSHOT-MATERIALIZING] height=2513 chain_tip=2551 kind=missing_committed
2026/05/20 15:11:37 [SNAPSHOT-MATERIALIZING] height=2514 chain_tip=2551 kind=missing_committed
2026/05/20 15:11:37 [SNAPSHOT-MATERIALIZING] height=2515 chain_tip=2551 kind=missing_committed
2026/05/20 15:11:37 [SNAPSHOT-MATERIALIZING] height=2516 chain_tip=2551 kind=missing_committed
2026/05/20 15:11:37 [SNAPSHOT-MATERIALIZING] height=2517 chain_tip=2551 kind=missing_committed
2026/05/20 15:11:37 [SNAPSHOT-MATERIALIZING] height=2518 chain_tip=2551 kind=missing_committed
2026/05/20 15:11:37 [SNAPSHOT-MATERIALIZING] height=2519 chain_tip=2551 kind=missing_committed
2026/05/20 15:11:37 [SNAPSHOT-MATERIALIZING] height=2521 chain_tip=2551 kind=missing_committed
2026/05/20 15:11:37 [SNAPSHOT-MATERIALIZING] height=2522 chain_tip=2551 kind=missing_committed
2026/05/20 15:11:37 [SNAPSHOT-MATERIALIZING] height=2523 chain_tip=2551 kind=missing_committed
2026/05/20 15:11:37 [SNAPSHOT-MATERIALIZING] height=2524 chain_tip=2551 kind=missing_committed
2026/05/20 15:11:37 [SNAPSHOT-MATERIALIZING] height=2525 chain_tip=2551 kind=missing_committed
2026/05/20 15:11:37 [SNAPSHOT-MATERIALIZING] height=2526 chain_tip=2551 kind=missing_committed
2026/05/20 15:11:37 [SNAPSHOT-MATERIALIZING] height=2527 chain_tip=2551 kind=missing_committed
2026/05/20 15:11:37 [SNAPSHOT-MATERIALIZING] height=2529 chain_tip=2551 kind=missing_committed
2026/05/20 15:11:37 [SNAPSHOT-MATERIALIZING] height=2531 chain_tip=2551 kind=missing_committed
2026/05/20 15:11:37 [SNAPSHOT-MATERIALIZING] height=2532 chain_tip=2551 kind=missing_committed
2026/05/20 15:11:37 [SNAPSHOT-MATERIALIZING] height=2533 chain_tip=2551 kind=missing_committed
2026/05/20 15:11:37 [SNAPSHOT-MATERIALIZING] height=2534 chain_tip=2551 kind=missing_committed
2026/05/20 15:11:37 [SNAPSHOT-MATERIALIZING] height=2535 chain_tip=2551 kind=missing_committed
2026/05/20 15:11:37 [SNAPSHOT-MATERIALIZING] height=2536 chain_tip=2551 kind=missing_committed
2026/05/20 15:11:37 [SNAPSHOT-MATERIALIZING] height=2537 chain_tip=2551 kind=missing_committed
2026/05/20 15:11:37 [SNAPSHOT-MATERIALIZING] height=2538 chain_tip=2551 kind=missing_committed
2026/05/20 15:11:37 [SNAPSHOT-MATERIALIZING] height=2539 chain_tip=2551 kind=missing_committed
2026/05/20 15:11:37 [SNAPSHOT-MATERIALIZING] height=2541 chain_tip=2551 kind=missing_committed
2026/05/20 15:11:37 [SNAPSHOT-MATERIALIZING] height=2542 chain_tip=2551 kind=missing_committed
2026/05/20 15:11:37 [SNAPSHOT-MATERIALIZING] height=2543 chain_tip=2551 kind=missing_committed
2026/05/20 15:11:37 [SNAPSHOT-MATERIALIZING] height=2544 chain_tip=2551 kind=missing_committed
2026/05/20 15:11:37 [SNAPSHOT-MATERIALIZING] height=2545 chain_tip=2551 kind=missing_committed
2026/05/20 15:11:37 [SNAPSHOT-MATERIALIZING] height=2546 chain_tip=2551 kind=missing_committed
Candidate heartbeat received: D | reported_height=2551 | finalized_height=2551 | local_exec_epoch=2552
Candidate heartbeat received: D | reported_height=2551 | finalized_height=2551 | local_exec_epoch=2552
[SNAPSHOT-PUBLISH] deferred height=2551 reason=auto_publish_interval_10
Ignoring stale heartbeat: A reported=2521 local_finalized=2551
Ignoring stale heartbeat: A reported=2521 local_finalized=2551
[EXEC-QUORUM] height=2552 strict=3 relaxed=2 total=4 live=2 stall=5m1s
[STARTUP-GATE] waiting reason=waiting_network_validator_set_sample local=2551 finalized=2551 network=0 votes=1
Candidate heartbeat received: F | reported_height=2551 | finalized_height=2551 | local_exec_epoch=2552
Candidate heartbeat received: F | reported_height=2551 | finalized_height=2551 | local_exec_epoch=2552
Ignoring stale heartbeat: A reported=2522 local_finalized=2551
Ignoring stale heartbeat: A reported=2522 local_finalized=2551
Attempting to connect to 4 peers
Validator heartbeat: B | reported_height=2551 | finalized_height=2551 | local_exec_epoch=2552
Validator heartbeat: B | reported_height=2551 | finalized_height=2551 | local_exec_epoch=2552
[EXEC-QUORUM] height=2552 strict=3 relaxed=2 total=4 live=2 stall=5m3s
Validator heartbeat received: B | reported_height=2551 | finalized_height=2551 | local_exec_epoch=2552
[EXEC-QUORUM] height=2552 strict=3 relaxed=2 total=4 live=2 stall=5m3s
Validator heartbeat received: B | reported_height=2551 | finalized_height=2551 | local_exec_epoch=2552
[EXEC-QUORUM] height=2552 strict=3 relaxed=2 total=4 live=2 stall=5m3s
[STARTUP-GATE] waiting reason=waiting_network_validator_set_sample local=2551 finalized=2551 network=0 votes=1
Validator heartbeat: C | reported_height=2551 | finalized_height=2551 | local_exec_epoch=2552
Heartbeat sent: C finalized=2551 epoch=2552
Ignoring stale heartbeat: A reported=2522 local_finalized=2551
Ignoring stale heartbeat: A reported=2522 local_finalized=2551
Candidate heartbeat received: F | reported_height=2551 | finalized_height=2551 | local_exec_epoch=2552
Candidate heartbeat received: F | reported_height=2551 | finalized_height=2551 | local_exec_epoch=2552
[EXEC-QUORUM] height=2552 strict=3 relaxed=2 total=4 live=2 stall=5m5s
[STARTUP-GATE] waiting reason=waiting_network_validator_set_sample local=2551 finalized=2551 network=0 votes=1
Candidate heartbeat received: D | reported_height=2551 | finalized_height=2551 | local_exec_epoch=2552
Candidate heartbeat received: D | reported_height=2551 | finalized_height=2551 | local_exec_epoch=2552
Candidate heartbeat received: F | reported_height=2551 | finalized_height=2551 | local_exec_epoch=2552
Candidate heartbeat received: F | reported_height=2551 | finalized_height=2551 | local_exec_epoch=2552
Ignoring stale heartbeat: A reported=2523 local_finalized=2551
Ignoring stale heartbeat: A reported=2523 local_finalized=2551
[EXEC-QUORUM] height=2552 strict=3 relaxed=2 total=4 live=2 stall=5m7s
[STARTUP-GATE] waiting reason=waiting_network_validator_set_sample local=2551 finalized=2551 network=0 votes=1
Candidate heartbeat received: D | reported_height=2551 | finalized_height=2551 | local_exec_epoch=2552
Candidate heartbeat received: D | reported_height=2551 | finalized_height=2551 | local_exec_epoch=2552
Candidate heartbeat received: F | reported_height=2551 | finalized_height=2551 | local_exec_epoch=2552
Candidate heartbeat received: F | reported_height=2551 | finalized_height=2551 | local_exec_epoch=2552
[EXEC-QUORUM] height=2552 strict=3 relaxed=2 total=4 live=2 stall=5m9s
[STARTUP-GATE] waiting reason=waiting_network_validator_set_sample local=2551 finalized=2551 network=0 votes=1
Ignoring stale heartbeat: A reported=2523 local_finalized=2551
Ignoring stale heartbeat: A reported=2523 local_finalized=2551
Candidate heartbeat received: D | reported_height=2551 | finalized_height=2551 | local_exec_epoch=2552
Candidate heartbeat received: D | reported_height=2551 | finalized_height=2551 | local_exec_epoch=2552
Candidate heartbeat received: F | reported_height=2551 | finalized_height=2551 | local_exec_epoch=2552
Candidate heartbeat received: F | reported_height=2551 | finalized_height=2551 | local_exec_epoch=2552
2026/05/20 15:11:47 [OK] goroutine pressure normalized: 174 (degrade mode off)
[EXEC-QUORUM] height=2552 strict=3 relaxed=2 total=4 live=2 stall=5m11s
[STARTUP-GATE] waiting reason=waiting_network_validator_set_sample local=2551 finalized=2551 network=0 votes=1
Ignoring stale heartbeat: A reported=2524 local_finalized=2551
Ignoring stale heartbeat: A reported=2524 local_finalized=2551
Candidate heartbeat received: D | reported_height=2551 | finalized_height=2551 | local_exec_epoch=2552
Candidate heartbeat received: D | reported_height=2551 | finalized_height=2551 | local_exec_epoch=2552
Candidate heartbeat received: F | reported_height=2551 | finalized_height=2551 | local_exec_epoch=2552
Candidate heartbeat received: F | reported_height=2551 | finalized_height=2551 | local_exec_epoch=2552
[SNAPSHOT-PUBLISH] deferred height=2551 reason=auto_publish_interval_10
[EXEC-QUORUM] height=2552 strict=3 relaxed=2 total=4 live=2 stall=5m13s
[STARTUP-GATE] waiting reason=waiting_network_validator_set_sample local=2551 finalized=2551 network=0 votes=1
Candidate heartbeat received: F | reported_height=2551 | finalized_height=2551 | local_exec_epoch=2552
Candidate heartbeat received: F | reported_height=2551 | finalized_height=2551 | local_exec_epoch=2552
[EXEC-QUORUM] height=2552 strict=3 relaxed=2 total=4 live=2 stall=5m15s
[STARTUP-GATE] waiting reason=waiting_network_validator_set_sample local=2551 finalized=2551 network=0 votes=1
[CONSENSUS] height=2551 vhash=d75b74ab validators=4
[EXEC-QUORUM] height=2552 strict=3 relaxed=2 total=4 live=2 stall=5m15s
[STATUS] height=2551 finalized=2551 peers=4 validators=2 strict_live=2 heartbeat_live=2 out_of_drift=0 drift_limit=8 syncing=false sync_complete=true execution_ready=true execution_reason=ready gossip=false gossip_pipeline=gossip_wait_remote_sample consensus_running=false mode=observer vote=false propose=false role=full validator_state=observer warmup_seconds=0 ready=false reason=waiting_network_validator_set_sample snapshot_source=snapshot_committed expected_source=snapshot_parent expected_hash=d75b74ab resolved_source=snapshot_committed resolved_hash=d75b74ab next_source=carry_forward next_hash=d75b74ab got_hash= authority=snapshot_parent hash_mode=legacy
Candidate heartbeat received: D | reported_height=2551 | finalized_height=2551 | local_exec_epoch=2552
Candidate heartbeat received: D | reported_height=2551 | finalized_height=2551 | local_exec_epoch=2552
Validator heartbeat: B | reported_height=2551 | finalized_height=2551 | local_exec_epoch=2552
Validator heartbeat: B | reported_height=2551 | finalized_height=2551 | local_exec_epoch=2552
[EXEC-QUORUM] height=2552 strict=3 relaxed=2 total=4 live=2 stall=5m16s
[EXEC-QUORUM] height=2552 strict=3 relaxed=2 total=4 live=2 stall=5m16s
Validator heartbeat received: B | reported_height=2551 | finalized_height=2551 | local_exec_epoch=2552
Validator heartbeat received: B | reported_height=2551 | finalized_height=2551 | local_exec_epoch=2552
Validator heartbeat: C | reported_height=2551 | finalized_height=2551 | local_exec_epoch=2552
Heartbeat sent: C finalized=2551 epoch=2552
Ignoring stale heartbeat: A reported=2525 local_finalized=2551
Ignoring stale heartbeat: A reported=2525 local_finalized=2551
Candidate heartbeat received: F | reported_height=2551 | finalized_height=2551 | local_exec_epoch=2552
Candidate heartbeat received: F | reported_height=2551 | finalized_height=2551 | local_exec_epoch=2552
[EXEC-QUORUM] height=2552 strict=3 relaxed=2 total=4 live=2 stall=5m17s
[STARTUP-GATE] waiting reason=waiting_network_validator_set_sample local=2551 finalized=2551 network=0 votes=1
Candidate heartbeat received: D | reported_height=2551 | finalized_height=2551 | local_exec_epoch=2552
Candidate heartbeat received: D | reported_height=2551 | finalized_height=2551 | local_exec_epoch=2552
[EXEC-QUORUM] height=2552 strict=3 relaxed=2 total=4 live=2 stall=5m19s
[STARTUP-GATE] waiting reason=waiting_network_validator_set_sample local=2551 finalized=2551 network=0 votes=1
Candidate heartbeat received: F | reported_height=2551 | finalized_height=2551 | local_exec_epoch=2552
Candidate heartbeat received: F | reported_height=2551 | finalized_height=2551 | local_exec_epoch=2552
Candidate heartbeat received: D | reported_height=2551 | finalized_height=2551 | local_exec_epoch=2552
Candidate heartbeat received: D | reported_height=2551 | finalized_height=2551 | local_exec_epoch=2552
2026/05/20 15:11:57 [OK] goroutine pressure normalized: 174 (degrade mode off)
[EXEC-QUORUM] height=2552 strict=3 relaxed=2 total=4 live=2 stall=5m21s
[EXEC-QUORUM] height=2552 strict=3 relaxed=2 total=4 live=2 stall=5m21s
[STARTUP-GATE] waiting reason=waiting_network_validator_set_sample local=2551 finalized=2551 network=0 votes=1
Candidate heartbeat received: F | reported_height=2551 | finalized_height=2551 | local_exec_epoch=2552
Candidate heartbeat received: F | reported_height=2551 | finalized_height=2551 | local_exec_epoch=2552
Ignoring stale heartbeat: A reported=2526 local_finalized=2551
Ignoring stale heartbeat: A reported=2526 local_finalized=2551
[EXEC-QUORUM] height=2552 strict=3 relaxed=2 total=4 live=2 stall=5m23s
[STARTUP-GATE] waiting reason=waiting_network_validator_set_sample local=2551 finalized=2551 network=0 votes=1
Candidate heartbeat received: D | reported_height=2551 | finalized_height=2551 | local_exec_epoch=2552
Candidate heartbeat received: D | reported_height=2551 | finalized_height=2551 | local_exec_epoch=2552
Candidate heartbeat received: F | reported_height=2551 | finalized_height=2551 | local_exec_epoch=2552
Candidate heartbeat received: F | reported_height=2551 | finalized_height=2551 | local_exec_epoch=2552
[SNAPSHOT-PUBLISH] deferred height=2551 reason=auto_publish_interval_10
[EXEC-QUORUM] height=2552 strict=3 relaxed=2 total=4 live=2 stall=5m25s
[STARTUP-GATE] waiting reason=waiting_network_validator_set_sample local=2551 finalized=2551 network=0 votes=1
Candidate heartbeat received: F | reported_height=2551 | finalized_height=2551 | local_exec_epoch=2552
Candidate heartbeat received: F | reported_height=2551 | finalized_height=2551 | local_exec_epoch=2552
Ignoring stale heartbeat: A reported=2527 local_finalized=2551
Ignoring stale heartbeat: A reported=2527 local_finalized=2551
Attempting to connect to 4 peers
[EXEC-QUORUM] height=2552 strict=3 relaxed=2 total=4 live=2 stall=5m27s
[STARTUP-GATE] waiting reason=waiting_network_validator_set_sample local=2551 finalized=2551 network=0 votes=1
Candidate heartbeat received: D | reported_height=2551 | finalized_height=2551 | local_exec_epoch=2552
Candidate heartbeat received: D | reported_height=2551 | finalized_height=2551 | local_exec_epoch=2552
Candidate heartbeat received: F | reported_height=2551 | finalized_height=2551 | local_exec_epoch=2552
Candidate heartbeat received: F | reported_height=2551 | finalized_height=2551 | local_exec_epoch=2552
Validator heartbeat: B | reported_height=2551 | finalized_height=2551 | local_exec_epoch=2552
Validator heartbeat: B | reported_height=2551 | finalized_height=2551 | local_exec_epoch=2552
[EXEC-QUORUM] height=2552 strict=3 relaxed=2 total=4 live=2 stall=5m28s
Validator heartbeat received: B | reported_height=2551 | finalized_height=2551 | local_exec_epoch=2552
[EXEC-QUORUM] height=2552 strict=3 relaxed=2 total=4 live=2 stall=5m28s
Validator heartbeat received: B | reported_height=2551 | finalized_height=2551 | local_exec_epoch=2552
Validator heartbeat: C | reported_height=2551 | finalized_height=2551 | local_exec_epoch=2552
Heartbeat sent: C finalized=2551 epoch=2552
[EXEC-QUORUM] height=2552 strict=3 relaxed=2 total=4 live=2 stall=5m29s
[STARTUP-GATE] waiting reason=waiting_network_validator_set_sample local=2551 finalized=2551 network=0 votes=1
Candidate heartbeat received: D | reported_height=2551 | finalized_height=2551 | local_exec_epoch=2552
Candidate heartbeat received: D | reported_height=2551 | finalized_height=2551 | local_exec_epoch=2552
[CONSENSUS] height=2551 vhash=d75b74ab validators=4
[EXEC-QUORUM] height=2552 strict=3 relaxed=2 total=4 live=2 stall=5m30s
Candidate heartbeat received: F | reported_height=2551 | finalized_height=2551 | local_exec_epoch=2552
[STATUS] height=2551 finalized=2551 peers=4 validators=2 strict_live=2 heartbeat_live=2 out_of_drift=0 drift_limit=8 syncing=false sync_complete=true execution_ready=true execution_reason=ready gossip=false gossip_pipeline=gossip_wait_remote_sample consensus_running=false mode=observer vote=false propose=false role=full validator_state=observer warmup_seconds=0 ready=false reason=waiting_network_validator_set_sample snapshot_source=snapshot_committed expected_source=snapshot_parent expected_hash=d75b74ab resolved_source=snapshot_committed resolved_hash=d75b74ab next_source=carry_forward next_hash=d75b74ab got_hash= authority=snapshot_parent hash_mode=legacy
Candidate heartbeat received: F | reported_height=2551 | finalized_height=2551 | local_exec_epoch=2552
2026/05/20 15:12:07 map stats: seen_blocks=0 seen_txs=0 fork_heights=0 fork_blocks=0 exec_results_keys=0 exec_results_total=0 pending_blocks=0 queued_exec_votes_keys=0 queued_exec_votes_total=0 accepted_proposal=0 exec_broadcasted_epochs=0 exec_broadcasted_keys=0 exec_signer_seen_epochs=0 exec_signer_seen_total=0 exec_broadcasted_by_val_epochs=0 exec_broadcasted_by_val_total=0 exec_rebroadcast_epochs=0 validator_status=5 candidates=2 peer_state=22 peers_connected=4 peers_connecting=0 peer_suspect=0 allowed_peers=3 pending_validators=0 pending_removals=0 queued_validator_updates=0 height_report_epochs=1 height_report_total=2 misbehavior_validators=0 misbehavior_total=0 exec_mismatch_tracked=0 exec_vote_replay_cache=0
[EXEC-QUORUM] height=2552 strict=3 relaxed=2 total=4 live=2 stall=5m31s
[STARTUP-GATE] waiting reason=waiting_network_validator_set_sample local=2551 finalized=2551 network=0 votes=1
Candidate heartbeat received: D | reported_height=2551 | finalized_height=2551 | local_exec_epoch=2552
Candidate heartbeat received: D | reported_height=2551 | finalized_height=2551 | local_exec_epoch=2552
Candidate heartbeat received: F | reported_height=2551 | finalized_height=2551 | local_exec_epoch=2552
Candidate heartbeat received: F | reported_height=2551 | finalized_height=2551 | local_exec_epoch=2552
[EXEC-QUORUM] height=2552 strict=3 relaxed=2 total=4 live=2 stall=5m33s
[STARTUP-GATE] waiting reason=waiting_network_validator_set_sample local=2551 finalized=2551 network=0 votes=1
Ignoring stale heartbeat: A reported=2528 local_finalized=2551
Ignoring stale heartbeat: A reported=2528 local_finalized=2551
[EXEC-QUORUM] height=2552 strict=3 relaxed=2 total=4 live=2 stall=5m35s
[STARTUP-GATE] waiting reason=waiting_network_validator_set_sample local=2551 finalized=2551 network=0 votes=1
Candidate heartbeat received: F | reported_height=2551 | finalized_height=2551 | local_exec_epoch=2552
Candidate heartbeat received: F | reported_height=2551 | finalized_height=2551 | local_exec_epoch=2552
[SNAPSHOT-PUBLISH] deferred height=2551 reason=auto_publish_interval_10
Candidate heartbeat received: D | reported_height=2551 | finalized_height=2551 | local_exec_epoch=2552
Candidate heartbeat received: D | reported_height=2551 | finalized_height=2551 | local_exec_epoch=2552
[EXEC-QUORUM] height=2552 strict=3 relaxed=2 total=4 live=2 stall=5m37s
[STARTUP-GATE] waiting reason=waiting_network_validator_set_sample local=2551 finalized=2551 network=0 votes=1
Candidate heartbeat received: F | reported_height=2551 | finalized_height=2551 | local_exec_epoch=2552
Candidate heartbeat received: F | reported_height=2551 | finalized_height=2551 | local_exec_epoch=2552
Ignoring stale heartbeat: A reported=2529 local_finalized=2551
Ignoring stale heartbeat: A reported=2529 local_finalized=2551
[EXEC-QUORUM] height=2552 strict=3 relaxed=2 total=4 live=2 stall=5m39s
[STARTUP-GATE] waiting reason=waiting_network_validator_set_sample local=2551 finalized=2551 network=0 votes=1
2026/05/20 15:12:17 [OK] goroutine pressure normalized: 174 (degrade mode off)
[EXEC-QUORUM] height=2552 strict=3 relaxed=2 total=4 live=2 stall=5m41s
Candidate heartbeat received: F | reported_height=2551 | finalized_height=2551 | local_exec_epoch=2552
Candidate heartbeat received: F | reported_height=2551 | finalized_height=2551 | local_exec_epoch=2552
Validator heartbeat: C | reported_height=2551 | finalized_height=2551 | local_exec_epoch=2552
Heartbeat sent: C finalized=2551 epoch=2552
Validator heartbeat: B | reported_height=2551 | finalized_height=2551 | local_exec_epoch=2552
Validator heartbeat: B | reported_height=2551 | finalized_height=2551 | local_exec_epoch=2552
[EXEC-QUORUM] height=2552 strict=3 relaxed=2 total=4 live=2 stall=5m41s
[EXEC-QUORUM] height=2552 strict=3 relaxed=2 total=4 live=2 stall=5m41s
Validator heartbeat received: B | reported_height=2551 | finalized_height=2551 | local_exec_epoch=2552
Validator heartbeat received: B | reported_height=2551 | finalized_height=2551 | local_exec_epoch=2552
[EXEC-QUORUM] height=2552 strict=3 relaxed=2 total=4 live=2 stall=5m41s
[STARTUP-GATE] waiting reason=waiting_network_validator_set_sample local=2551 finalized=2551 network=0 votes=1
Candidate heartbeat received: D | reported_height=2551 | finalized_height=2551 | local_exec_epoch=2552
Candidate heartbeat received: D | reported_height=2551 | finalized_height=2551 | local_exec_epoch=2552
[EXEC-QUORUM] height=2552 strict=3 relaxed=2 total=4 live=2 stall=5m44s
[STARTUP-GATE] waiting reason=waiting_network_validator_set_sample local=2551 finalized=2551 network=0 votes=1
Candidate heartbeat received: F | reported_height=2551 | finalized_height=2551 | local_exec_epoch=2552
Candidate heartbeat received: F | reported_height=2551 | finalized_height=2551 | local_exec_epoch=2552
Candidate heartbeat received: D | reported_height=2551 | finalized_height=2551 | local_exec_epoch=2552
Candidate heartbeat received: D | reported_height=2551 | finalized_height=2551 | local_exec_epoch=2552
[CONSENSUS] height=2551 vhash=d75b74ab validators=4
[EXEC-QUORUM] height=2552 strict=3 relaxed=2 total=4 live=2 stall=5m45s
Ignoring stale heartbeat: A reported=2530 local_finalized=2551
Ignoring stale heartbeat: A reported=2530 local_finalized=2551
[STATUS] height=2551 finalized=2551 peers=4 validators=2 strict_live=2 heartbeat_live=2 out_of_drift=0 drift_limit=8 syncing=false sync_complete=true execution_ready=true execution_reason=ready gossip=false gossip_pipeline=gossip_wait_remote_sample consensus_running=false mode=observer vote=false propose=false role=full validator_state=observer warmup_seconds=0 ready=false reason=waiting_network_validator_set_sample snapshot_source=snapshot_committed expected_source=snapshot_parent expected_hash=d75b74ab resolved_source=snapshot_committed resolved_hash=d75b74ab next_source=carry_forward next_hash=d75b74ab got_hash= authority=snapshot_parent hash_mode=legacy
[EXEC-QUORUM] height=2552 strict=3 relaxed=2 total=4 live=2 stall=5m46s
[STARTUP-GATE] waiting reason=waiting_network_validator_set_sample local=2551 finalized=2551 network=0 votes=1
Candidate heartbeat received: F | reported_height=2551 | finalized_height=2551 | local_exec_epoch=2552
Candidate heartbeat received: F | reported_height=2551 | finalized_height=2551 | local_exec_epoch=2552
[EXEC-QUORUM] height=2552 strict=3 relaxed=2 total=4 live=2 stall=5m48s
[STARTUP-GATE] waiting reason=waiting_network_validator_set_sample local=2551 finalized=2551 network=0 votes=1
Candidate heartbeat received: D | reported_height=2551 | finalized_height=2551 | local_exec_epoch=2552
Candidate heartbeat received: D | reported_height=2551 | finalized_height=2551 | local_exec_epoch=2552
Candidate heartbeat received: F | reported_height=2551 | finalized_height=2551 | local_exec_epoch=2552
Candidate heartbeat received: F | reported_height=2551 | finalized_height=2551 | local_exec_epoch=2552
[SNAPSHOT-PUBLISH] deferred height=2551 reason=auto_publish_interval_10
[SNAPSHOT-PROOF] height=2530 checkpoint=2528 validator=A votes=1 hash=ea7ce116
[EXEC-QUORUM] height=2552 strict=3 relaxed=2 total=4 live=2 stall=5m50s
[STARTUP-GATE] waiting reason=waiting_network_validator_set_sample local=2551 finalized=2551 network=0 votes=1
Ignoring stale heartbeat: A reported=2531 local_finalized=2551
Ignoring stale heartbeat: A reported=2531 local_finalized=2551
Candidate heartbeat received: F | reported_height=2551 | finalized_height=2551 | local_exec_epoch=2552
Candidate heartbeat received: F | reported_height=2551 | finalized_height=2551 | local_exec_epoch=2552
Attempting to connect to 4 peers
Candidate heartbeat received: D | reported_height=2551 | finalized_height=2551 | local_exec_epoch=2552
Candidate heartbeat received: D | reported_height=2551 | finalized_height=2551 | local_exec_epoch=2552
[EXEC-QUORUM] height=2552 strict=3 relaxed=2 total=4 live=2 stall=5m52s
[STARTUP-GATE] waiting reason=waiting_network_validator_set_sample local=2551 finalized=2551 network=0 votes=1
Candidate heartbeat received: F | reported_height=2551 | finalized_height=2551 | local_exec_epoch=2552
Candidate heartbeat received: F | reported_height=2551 | finalized_height=2551 | local_exec_epoch=2552
[EXEC-QUORUM] height=2552 strict=3 relaxed=2 total=4 live=2 stall=5m54s
[STARTUP-GATE] waiting reason=waiting_network_validator_set_sample local=2551 finalized=2551 network=0 votes=1
Candidate heartbeat received: D | reported_height=2551 | finalized_height=2551 | local_exec_epoch=2552
Candidate heartbeat received: D | reported_height=2551 | finalized_height=2551 | local_exec_epoch=2552
Validator heartbeat: C | reported_height=2551 | finalized_height=2551 | local_exec_epoch=2552
Heartbeat sent: C finalized=2551 epoch=2552
Validator heartbeat: B | reported_height=2551 | finalized_height=2551 | local_exec_epoch=2552
Validator heartbeat: B | reported_height=2551 | finalized_height=2551 | local_exec_epoch=2552
[EXEC-QUORUM] height=2552 strict=3 relaxed=2 total=4 live=2 stall=5m54s
[EXEC-QUORUM] height=2552 strict=3 relaxed=2 total=4 live=2 stall=5m54s
Validator heartbeat received: B | reported_height=2551 | finalized_height=2551 | local_exec_epoch=2552
Validator heartbeat received: B | reported_height=2551 | finalized_height=2551 | local_exec_epoch=2552
[SNAPSHOT-PUBLISH] deferred height=2551 reason=auto_publish_interval_10
Candidate heartbeat received: F | reported_height=2551 | finalized_height=2551 | local_exec_epoch=2552
Candidate heartbeat received: F | reported_height=2551 | finalized_height=2551 | local_exec_epoch=2552
[EXEC-QUORUM] height=2552 strict=3 relaxed=2 total=4 live=2 stall=5m56s
[STARTUP-GATE] waiting reason=waiting_network_validator_set_sample local=2551 finalized=2551 network=0 votes=1
Ignoring stale heartbeat: A reported=2532 local_finalized=2551
Ignoring stale heartbeat: A reported=2532 local_finalized=2551
Candidate heartbeat received: D | reported_height=2551 | finalized_height=2551 | local_exec_epoch=2552
Candidate heartbeat received: D | reported_height=2551 | finalized_height=2551 | local_exec_epoch=2552
Candidate heartbeat received: F | reported_height=2551 | finalized_height=2551 | local_exec_epoch=2552
Candidate heartbeat received: F | reported_height=2551 | finalized_height=2551 | local_exec_epoch=2552
[EXEC-QUORUM] height=2552 strict=3 relaxed=2 total=4 live=2 stall=5m58s
[STARTUP-GATE] waiting reason=waiting_network_validator_set_sample local=2551 finalized=2551 network=0 votes=1
Candidate heartbeat received: F | reported_height=2551 | finalized_height=2551 | local_exec_epoch=2552
Candidate heartbeat received: F | reported_height=2551 | finalized_height=2551 | local_exec_epoch=2552
Candidate heartbeat received: D | reported_height=2551 | finalized_height=2551 | local_exec_epoch=2552
Candidate heartbeat received: D | reported_height=2551 | finalized_height=2551 | local_exec_epoch=2552
[EXEC-QUORUM] height=2552 strict=3 relaxed=2 total=4 live=2 stall=6m0s
[STARTUP-GATE] waiting reason=waiting_network_validator_set_sample local=2551 finalized=2551 network=0 votes=1
[CONSENSUS] height=2551 vhash=d75b74ab validators=4
[EXEC-QUORUM] height=2552 strict=3 relaxed=2 total=4 live=2 stall=6m0s
[STATUS] height=2551 finalized=2551 peers=4 validators=2 strict_live=2 heartbeat_live=2 out_of_drift=0 drift_limit=8 syncing=false sync_complete=true execution_ready=true execution_reason=ready gossip=false gossip_pipeline=gossip_wait_remote_sample consensus_running=false mode=observer vote=false propose=false role=full validator_state=observer warmup_seconds=0 ready=false reason=waiting_network_validator_set_sample snapshot_source=snapshot_committed expected_source=snapshot_parent expected_hash=d75b74ab resolved_source=snapshot_committed resolved_hash=d75b74ab next_source=carry_forward next_hash=d75b74ab got_hash= authority=snapshot_parent hash_mode=legacy
[EXEC-QUORUM] height=2552 strict=3 relaxed=2 total=4 live=2 stall=6m1s
[SNAPSHOT-PUBLISH] deferred height=2551 reason=auto_publish_interval_10
[EXEC-QUORUM] height=2552 strict=3 relaxed=2 total=4 live=2 stall=6m2s
[STARTUP-GATE] waiting reason=waiting_network_validator_set_sample local=2551 finalized=2551 network=0 votes=1
Candidate heartbeat received: F | reported_height=2551 | finalized_height=2551 | local_exec_epoch=2552
Candidate heartbeat received: F | reported_height=2551 | finalized_height=2551 | local_exec_epoch=2552
Candidate heartbeat received: D | reported_height=2551 | finalized_height=2551 | local_exec_epoch=2552
Candidate heartbeat received: D | reported_height=2551 | finalized_height=2551 | local_exec_epoch=2552
[EXEC-QUORUM] height=2552 strict=3 relaxed=2 total=4 live=2 stall=6m4s
[STARTUP-GATE] waiting reason=waiting_network_validator_set_sample local=2551 finalized=2551 network=0 votes=1
Candidate heartbeat received: F | reported_height=2551 | finalized_height=2551 | local_exec_epoch=2552
Candidate heartbeat received: F | reported_height=2551 | finalized_height=2551 | local_exec_epoch=2552
[EXEC-QUORUM] height=2552 strict=3 relaxed=2 total=4 live=2 stall=6m6s
[STARTUP-GATE] waiting reason=waiting_network_validator_set_sample local=2551 finalized=2551 network=0 votes=1
Ignoring stale heartbeat: A reported=2533 local_finalized=2551
Ignoring stale heartbeat: A reported=2533 local_finalized=2551
Validator heartbeat: C | reported_height=2551 | finalized_height=2551 | local_exec_epoch=2552
Heartbeat sent: C finalized=2551 epoch=2552
Validator heartbeat: B | reported_height=2551 | finalized_height=2551 | local_exec_epoch=2552
Validator heartbeat: B | reported_height=2551 | finalized_height=2551 | local_exec_epoch=2552
[EXEC-QUORUM] height=2552 strict=3 relaxed=2 total=4 live=2 stall=6m7s
[EXEC-QUORUM] height=2552 strict=3 relaxed=2 total=4 live=2 stall=6m7s
[SNAPSHOT-PUBLISH] deferred height=2551 reason=auto_publish_interval_10
Validator heartbeat received: B | reported_height=2551 | finalized_height=2551 | local_exec_epoch=2552
Validator heartbeat received: B | reported_height=2551 | finalized_height=2551 | local_exec_epoch=2552
Candidate heartbeat received: F | reported_height=2551 | finalized_height=2551 | local_exec_epoch=2552
Candidate heartbeat received: F | reported_height=2551 | finalized_height=2551 | local_exec_epoch=2552
[EXEC-QUORUM] height=2552 strict=3 relaxed=2 total=4 live=2 stall=6m8s
[STARTUP-GATE] waiting reason=waiting_network_validator_set_sample local=2551 finalized=2551 network=0 votes=1
Candidate heartbeat received: D | reported_height=2551 | finalized_height=2551 | local_exec_epoch=2552
Candidate heartbeat received: D | reported_height=2551 | finalized_height=2551 | local_exec_epoch=2552
[EXEC-QUORUM] height=2552 strict=3 relaxed=2 total=4 live=2 stall=6m10s
[STARTUP-GATE] waiting reason=waiting_network_validator_set_sample local=2551 finalized=2551 network=0 votes=1
2026/05/20 15:12:47 [OK] goroutine pressure normalized: 174 (degrade mode off)
Candidate heartbeat received: F | reported_height=2551 | finalized_height=2551 | local_exec_epoch=2552
Candidate heartbeat received: F | reported_height=2551 | finalized_height=2551 | local_exec_epoch=2552
[EXEC-QUORUM] height=2552 strict=3 relaxed=2 total=4 live=2 stall=6m12s
[STARTUP-GATE] waiting reason=waiting_network_validator_set_sample local=2551 finalized=2551 network=0 votes=1
[SNAPSHOT-PUBLISH] deferred height=2551 reason=auto_publish_interval_10
Candidate heartbeat received: F | reported_height=2551 | finalized_height=2551 | local_exec_epoch=2552
Candidate heartbeat received: F | reported_height=2551 | finalized_height=2551 | local_exec_epoch=2552
Candidate heartbeat received: D | reported_height=2551 | finalized_height=2551 | local_exec_epoch=2552
Candidate heartbeat received: D | reported_height=2551 | finalized_height=2551 | local_exec_epoch=2552
[EXEC-QUORUM] height=2552 strict=3 relaxed=2 total=4 live=2 stall=6m14s
[STARTUP-GATE] waiting reason=waiting_network_validator_set_sample local=2551 finalized=2551 network=0 votes=1
Ignoring stale heartbeat: A reported=2534 local_finalized=2551
Ignoring stale heartbeat: A reported=2534 local_finalized=2551
Attempting to connect to 4 peers
Candidate heartbeat received: F | reported_height=2551 | finalized_height=2551 | local_exec_epoch=2552
Candidate heartbeat received: F | reported_height=2551 | finalized_height=2551 | local_exec_epoch=2552
[CONSENSUS] height=2551 vhash=d75b74ab validators=4
[EXEC-QUORUM] height=2552 strict=3 relaxed=2 total=4 live=2 stall=6m15s
[STATUS] height=2551 finalized=2551 peers=4 validators=2 strict_live=2 heartbeat_live=2 out_of_drift=0 drift_limit=8 syncing=false sync_complete=true execution_ready=true execution_reason=ready gossip=false gossip_pipeline=gossip_wait_remote_sample consensus_running=false mode=observer vote=false propose=false role=full validator_state=observer warmup_seconds=0 ready=false reason=waiting_network_validator_set_sample snapshot_source=snapshot_committed expected_source=snapshot_parent expected_hash=d75b74ab resolved_source=snapshot_committed resolved_hash=d75b74ab next_source=carry_forward next_hash=d75b74ab got_hash= authority=snapshot_parent hash_mode=legacy
[EXEC-QUORUM] height=2552 strict=3 relaxed=2 total=4 live=2 stall=6m16s
[STARTUP-GATE] waiting reason=waiting_network_validator_set_sample local=2551 finalized=2551 network=0 votes=1
Candidate heartbeat received: D | reported_height=2551 | finalized_height=2551 | local_exec_epoch=2552
Candidate heartbeat received: D | reported_height=2551 | finalized_height=2551 | local_exec_epoch=2552
Candidate heartbeat received: F | reported_height=2551 | finalized_height=2551 | local_exec_epoch=2552
Candidate heartbeat received: F | reported_height=2551 | finalized_height=2551 | local_exec_epoch=2552
[EXEC-QUORUM] height=2552 strict=3 relaxed=2 total=4 live=2 stall=6m18s
[STARTUP-GATE] waiting reason=waiting_network_validator_set_sample local=2551 finalized=2551 network=0 votes=1
Validator heartbeat: C | reported_height=2551 | finalized_height=2551 | local_exec_epoch=2552
Heartbeat sent: C finalized=2551 epoch=2552
Candidate heartbeat received: D | reported_height=2551 | finalized_height=2551 | local_exec_epoch=2552
Candidate heartbeat received: D | reported_height=2551 | finalized_height=2551 | local_exec_epoch=2552
Validator heartbeat: B | reported_height=2551 | finalized_height=2551 | local_exec_epoch=2552
Validator heartbeat: B | reported_height=2551 | finalized_height=2551 | local_exec_epoch=2552
[EXEC-QUORUM] height=2552 strict=3 relaxed=2 total=4 live=2 stall=6m20s
[EXEC-QUORUM] height=2552 strict=3 relaxed=2 total=4 live=2 stall=6m20s
Validator heartbeat received: B | reported_height=2551 | finalized_height=2551 | local_exec_epoch=2552
[SNAPSHOT-PUBLISH] deferred height=2551 reason=auto_publish_interval_10
Validator heartbeat received: B | reported_height=2551 | finalized_height=2551 | local_exec_epoch=2552
Candidate heartbeat received: F | reported_height=2551 | finalized_height=2551 | local_exec_epoch=2552
Candidate heartbeat received: F | reported_height=2551 | finalized_height=2551 | local_exec_epoch=2552
[EXEC-QUORUM] height=2552 strict=3 relaxed=2 total=4 live=2 stall=6m20s
[STARTUP-GATE] waiting reason=waiting_network_validator_set_sample local=2551 finalized=2551 network=0 votes=1
2026/05/20 15:12:57 [OK] goroutine pressure normalized: 174 (degrade mode off)
[EXEC-QUORUM] height=2552 strict=3 relaxed=2 total=4 live=2 stall=6m21s
Ignoring stale heartbeat: A reported=2535 local_finalized=2551
Ignoring stale heartbeat: A reported=2535 local_finalized=2551
Candidate heartbeat received: D | reported_height=2551 | finalized_height=2551 | local_exec_epoch=2552
Candidate heartbeat received: D | reported_height=2551 | finalized_height=2551 | local_exec_epoch=2552
Candidate heartbeat received: F | reported_height=2551 | finalized_height=2551 | local_exec_epoch=2552
Candidate heartbeat received: F | reported_height=2551 | finalized_height=2551 | local_exec_epoch=2552
[EXEC-QUORUM] height=2552 strict=3 relaxed=2 total=4 live=2 stall=6m22s
[STARTUP-GATE] waiting reason=waiting_network_validator_set_sample local=2551 finalized=2551 network=0 votes=1
[EXEC-QUORUM] height=2552 strict=3 relaxed=2 total=4 live=2 stall=6m24s
[STARTUP-GATE] waiting reason=waiting_network_validator_set_sample local=2551 finalized=2551 network=0 votes=1
Candidate heartbeat received: F | reported_height=2551 | finalized_height=2551 | local_exec_epoch=2552
Candidate heartbeat received: F | reported_height=2551 | finalized_height=2551 | local_exec_epoch=2552
Candidate heartbeat received: D | reported_height=2551 | finalized_height=2551 | local_exec_epoch=2552
Candidate heartbeat received: D | reported_height=2551 | finalized_height=2551 | local_exec_epoch=2552
[EXEC-QUORUM] height=2552 strict=3 relaxed=2 total=4 live=2 stall=6m26s
[STARTUP-GATE] waiting reason=waiting_network_validator_set_sample local=2551 finalized=2551 network=0 votes=1
Candidate heartbeat received: F | reported_height=2551 | finalized_height=2551 | local_exec_epoch=2552
Candidate heartbeat received: F | reported_height=2551 | finalized_height=2551 | local_exec_epoch=2552
Candidate heartbeat received: D | reported_height=2551 | finalized_height=2551 | local_exec_epoch=2552
Candidate heartbeat received: D | reported_height=2551 | finalized_height=2551 | local_exec_epoch=2552
Ignoring stale heartbeat: A reported=2536 local_finalized=2551
Ignoring stale heartbeat: A reported=2536 local_finalized=2551
[EXEC-QUORUM] height=2552 strict=3 relaxed=2 total=4 live=2 stall=6m28s
[STARTUP-GATE] waiting reason=waiting_network_validator_set_sample local=2551 finalized=2551 network=0 votes=1
Candidate heartbeat received: F | reported_height=2551 | finalized_height=2551 | local_exec_epoch=2552
Candidate heartbeat received: F | reported_height=2551 | finalized_height=2551 | local_exec_epoch=2552
[EXEC-QUORUM] height=2552 strict=3 relaxed=2 total=4 live=2 stall=6m30s
[STARTUP-GATE] waiting reason=waiting_network_validator_set_sample local=2551 finalized=2551 network=0 votes=1
[CONSENSUS] height=2551 vhash=d75b74ab validators=4
[EXEC-QUORUM] height=2552 strict=3 relaxed=2 total=4 live=2 stall=6m30s
[STATUS] height=2551 finalized=2551 peers=4 validators=2 strict_live=2 heartbeat_live=2 out_of_drift=0 drift_limit=8 syncing=false sync_complete=true execution_ready=true execution_reason=ready gossip=false gossip_pipeline=gossip_wait_remote_sample consensus_running=false mode=observer vote=false propose=false role=full validator_state=observer warmup_seconds=0 ready=false reason=waiting_network_validator_set_sample snapshot_source=snapshot_committed expected_source=snapshot_parent expected_hash=d75b74ab resolved_source=snapshot_committed resolved_hash=d75b74ab next_source=carry_forward next_hash=d75b74ab got_hash= authority=snapshot_parent hash_mode=legacy
Validator heartbeat: C | reported_height=2551 | finalized_height=2551 | local_exec_epoch=2552
Heartbeat sent: C finalized=2551 epoch=2552
Candidate heartbeat received: F | reported_height=2551 | finalized_height=2551 | local_exec_epoch=2552
Candidate heartbeat received: F | reported_height=2551 | finalized_height=2551 | local_exec_epoch=2552
Candidate heartbeat received: D | reported_height=2551 | finalized_height=2551 | local_exec_epoch=2552
Candidate heartbeat received: D | reported_height=2551 | finalized_height=2551 | local_exec_epoch=2552
[EXEC-QUORUM] height=2552 strict=3 relaxed=2 total=4 live=2 stall=6m32s
[STARTUP-GATE] waiting reason=waiting_network_validator_set_sample local=2551 finalized=2551 network=0 votes=1
Validator heartbeat: B | reported_height=2551 | finalized_height=2551 | local_exec_epoch=2552
Validator heartbeat: B | reported_height=2551 | finalized_height=2551 | local_exec_epoch=2552
[EXEC-QUORUM] height=2552 strict=3 relaxed=2 total=4 live=2 stall=6m33s
Validator heartbeat received: B | reported_height=2551 | finalized_height=2551 | local_exec_epoch=2552
[SNAPSHOT-PUBLISH] deferred height=2551 reason=auto_publish_interval_10
[EXEC-QUORUM] height=2552 strict=3 relaxed=2 total=4 live=2 stall=6m33s
Validator heartbeat received: B | reported_height=2551 | finalized_height=2551 | local_exec_epoch=2552
Candidate heartbeat received: F | reported_height=2551 | finalized_height=2551 | local_exec_epoch=2552
Candidate heartbeat received: F | reported_height=2551 | finalized_height=2551 | local_exec_epoch=2552
[EXEC-QUORUM] height=2552 strict=3 relaxed=2 total=4 live=2 stall=6m34s
[STARTUP-GATE] waiting reason=waiting_network_validator_set_sample local=2551 finalized=2551 network=0 votes=1
Candidate heartbeat received: D | reported_height=2551 | finalized_height=2551 | local_exec_epoch=2552
Candidate heartbeat received: D | reported_height=2551 | finalized_height=2551 | local_exec_epoch=2552
[EXEC-QUORUM] height=2552 strict=3 relaxed=2 total=4 live=2 stall=6m36s
[STARTUP-GATE] waiting reason=waiting_network_validator_set_sample local=2551 finalized=2551 network=0 votes=1
Candidate heartbeat received: F | reported_height=2551 | finalized_height=2551 | local_exec_epoch=2552
Candidate heartbeat received: F | reported_height=2551 | finalized_height=2551 | local_exec_epoch=2552
Ignoring stale heartbeat: A reported=2537 local_finalized=2551
Ignoring stale heartbeat: A reported=2537 local_finalized=2551
Candidate heartbeat received: D | reported_height=2551 | finalized_height=2551 | local_exec_epoch=2552
Candidate heartbeat received: D | reported_height=2551 | finalized_height=2551 | local_exec_epoch=2552
[EXEC-QUORUM] height=2552 strict=3 relaxed=2 total=4 live=2 stall=6m38s
[STARTUP-GATE] waiting reason=waiting_network_validator_set_sample local=2551 finalized=2551 network=0 votes=1
Attempting to connect to 4 peers
Candidate heartbeat received: F | reported_height=2551 | finalized_height=2551 | local_exec_epoch=2552
Candidate heartbeat received: F | reported_height=2551 | finalized_height=2551 | local_exec_epoch=2552
Candidate heartbeat received: D | reported_height=2551 | finalized_height=2551 | local_exec_epoch=2552
Candidate heartbeat received: D | reported_height=2551 | finalized_height=2551 | local_exec_epoch=2552
[EXEC-QUORUM] height=2552 strict=3 relaxed=2 total=4 live=2 stall=6m40s
[STARTUP-GATE] waiting reason=waiting_network_validator_set_sample local=2551 finalized=2551 network=0 votes=1
2026/05/20 15:13:17 [OK] goroutine pressure normalized: 174 (degrade mode off)
2026/05/20 15:13:17 map stats: seen_blocks=0 seen_txs=0 fork_heights=0 fork_blocks=0 exec_results_keys=0 exec_results_total=0 pending_blocks=0 queued_exec_votes_keys=0 queued_exec_votes_total=0 accepted_proposal=0 exec_broadcasted_epochs=0 exec_broadcasted_keys=0 exec_signer_seen_epochs=0 exec_signer_seen_total=0 exec_broadcasted_by_val_epochs=0 exec_broadcasted_by_val_total=0 exec_rebroadcast_epochs=0 validator_status=5 candidates=2 peer_state=22 peers_connected=4 peers_connecting=0 peer_suspect=0 allowed_peers=3 pending_validators=0 pending_removals=0 queued_validator_updates=0 height_report_epochs=1 height_report_total=2 misbehavior_validators=0 misbehavior_total=0 exec_mismatch_tracked=0 exec_vote_replay_cache=0
[EXEC-QUORUM] height=2552 strict=3 relaxed=2 total=4 live=2 stall=6m41s
Candidate heartbeat received: F | reported_height=2551 | finalized_height=2551 | local_exec_epoch=2552
Candidate heartbeat received: F | reported_height=2551 | finalized_height=2551 | local_exec_epoch=2552
[EXEC-QUORUM] height=2552 strict=3 relaxed=2 total=4 live=2 stall=6m42s
[STARTUP-GATE] waiting reason=waiting_network_validator_set_sample local=2551 finalized=2551 network=0 votes=1
Candidate heartbeat received: D | reported_height=2551 | finalized_height=2551 | local_exec_epoch=2552
Candidate heartbeat received: D | reported_height=2551 | finalized_height=2551 | local_exec_epoch=2552
Ignoring stale heartbeat: A reported=2538 local_finalized=2551
Ignoring stale heartbeat: A reported=2538 local_finalized=2551
Candidate heartbeat received: F | reported_height=2551 | finalized_height=2551 | local_exec_epoch=2552
Candidate heartbeat received: F | reported_height=2551 | finalized_height=2551 | local_exec_epoch=2552
[EXEC-QUORUM] height=2552 strict=3 relaxed=2 total=4 live=2 stall=6m44s
[STARTUP-GATE] waiting reason=waiting_network_validator_set_sample local=2551 finalized=2551 network=0 votes=1
Validator heartbeat: C | reported_height=2551 | finalized_height=2551 | local_exec_epoch=2552
Heartbeat sent: C finalized=2551 epoch=2552
Candidate heartbeat received: D | reported_height=2551 | finalized_height=2551 | local_exec_epoch=2552
Candidate heartbeat received: D | reported_height=2551 | finalized_height=2551 | local_exec_epoch=2552
[CONSENSUS] height=2551 vhash=d75b74ab validators=4
[EXEC-QUORUM] height=2552 strict=3 relaxed=2 total=4 live=2 stall=6m45s
[STATUS] height=2551 finalized=2551 peers=4 validators=2 strict_live=2 heartbeat_live=2 out_of_drift=0 drift_limit=8 syncing=false sync_complete=true execution_ready=true execution_reason=ready gossip=false gossip_pipeline=gossip_wait_remote_sample consensus_running=false mode=observer vote=false propose=false role=full validator_state=observer warmup_seconds=0 ready=false reason=waiting_network_validator_set_sample snapshot_source=snapshot_committed expected_source=snapshot_parent expected_hash=d75b74ab resolved_source=snapshot_committed resolved_hash=d75b74ab next_source=carry_forward next_hash=d75b74ab got_hash= authority=snapshot_parent hash_mode=legacy
Validator heartbeat: B | reported_height=2551 | finalized_height=2551 | local_exec_epoch=2552
Validator heartbeat: B | reported_height=2551 | finalized_height=2551 | local_exec_epoch=2552
[EXEC-QUORUM] height=2552 strict=3 relaxed=2 total=4 live=2 stall=6m46s
[EXEC-QUORUM] height=2552 strict=3 relaxed=2 total=4 live=2 stall=6m46s
Validator heartbeat received: B | reported_height=2551 | finalized_height=2551 | local_exec_epoch=2552
Validator heartbeat received: B | reported_height=2551 | finalized_height=2551 | local_exec_epoch=2552
[SNAPSHOT-PUBLISH] deferred height=2551 reason=auto_publish_interval_10
Candidate heartbeat received: F | reported_height=2551 | finalized_height=2551 | local_exec_epoch=2552
Candidate heartbeat received: F | reported_height=2551 | finalized_height=2551 | local_exec_epoch=2552
[EXEC-QUORUM] height=2552 strict=3 relaxed=2 total=4 live=2 stall=6m46s
[STARTUP-GATE] waiting reason=waiting_network_validator_set_sample local=2551 finalized=2551 network=0 votes=1
Candidate heartbeat received: D | reported_height=2551 | finalized_height=2551 | local_exec_epoch=2552
Candidate heartbeat received: D | reported_height=2551 | finalized_height=2551 | local_exec_epoch=2552
[EXEC-QUORUM] height=2552 strict=3 relaxed=2 total=4 live=2 stall=6m48s
[STARTUP-GATE] waiting reason=waiting_network_validator_set_sample local=2551 finalized=2551 network=0 votes=1
Candidate heartbeat received: F | reported_height=2551 | finalized_height=2551 | local_exec_epoch=2552
Candidate heartbeat received: F | reported_height=2551 | finalized_height=2551 | local_exec_epoch=2552
Candidate heartbeat received: D | reported_height=2551 | finalized_height=2551 | local_exec_epoch=2552
Candidate heartbeat received: D | reported_height=2551 | finalized_height=2551 | local_exec_epoch=2552
Ignoring stale heartbeat: A reported=2539 local_finalized=2551
Ignoring stale heartbeat: A reported=2539 local_finalized=2551
[EXEC-QUORUM] height=2552 strict=3 relaxed=2 total=4 live=2 stall=6m50s
[STARTUP-GATE] waiting reason=waiting_network_validator_set_sample local=2551 finalized=2551 network=0 votes=1
Candidate heartbeat received: F | reported_height=2551 | finalized_height=2551 | local_exec_epoch=2552
Candidate heartbeat received: F | reported_height=2551 | finalized_height=2551 | local_exec_epoch=2552
Candidate heartbeat received: D | reported_height=2551 | finalized_height=2551 | local_exec_epoch=2552
Candidate heartbeat received: D | reported_height=2551 | finalized_height=2551 | local_exec_epoch=2552
[EXEC-QUORUM] height=2552 strict=3 relaxed=2 total=4 live=2 stall=6m52s
[STARTUP-GATE] waiting reason=waiting_network_validator_set_sample local=2551 finalized=2551 network=0 votes=1
Candidate heartbeat received: F | reported_height=2551 | finalized_height=2551 | local_exec_epoch=2552
Candidate heartbeat received: F | reported_height=2551 | finalized_height=2551 | local_exec_epoch=2552
Ignoring stale heartbeat: A reported=2540 local_finalized=2551
Ignoring stale heartbeat: A reported=2540 local_finalized=2551
[EXEC-QUORUM] height=2552 strict=3 relaxed=2 total=4 live=2 stall=6m55s
[STARTUP-GATE] waiting reason=waiting_network_validator_set_sample local=2551 finalized=2551 network=0 votes=1
Candidate heartbeat received: F | reported_height=2551 | finalized_height=2551 | local_exec_epoch=2552
Candidate heartbeat received: F | reported_height=2551 | finalized_height=2551 | local_exec_epoch=2552
Candidate heartbeat received: D | reported_height=2551 | finalized_height=2551 | local_exec_epoch=2552
Candidate heartbeat received: D | reported_height=2551 | finalized_height=2551 | local_exec_epoch=2552
[EXEC-QUORUM] height=2552 strict=3 relaxed=2 total=4 live=2 stall=6m57s
[STARTUP-GATE] waiting reason=waiting_network_validator_set_sample local=2551 finalized=2551 network=0 votes=1
Validator heartbeat: C | reported_height=2551 | finalized_height=2551 | local_exec_epoch=2552
Heartbeat sent: C finalized=2551 epoch=2552
Candidate heartbeat received: F | reported_height=2551 | finalized_height=2551 | local_exec_epoch=2552
Candidate heartbeat received: F | reported_height=2551 | finalized_height=2551 | local_exec_epoch=2552
Validator heartbeat: B | reported_height=2551 | finalized_height=2551 | local_exec_epoch=2552
Validator heartbeat: B | reported_height=2551 | finalized_height=2551 | local_exec_epoch=2552
[EXEC-QUORUM] height=2552 strict=3 relaxed=2 total=4 live=2 stall=6m58s
[EXEC-QUORUM] height=2552 strict=3 relaxed=2 total=4 live=2 stall=6m58s
Validator heartbeat received: B | reported_height=2551 | finalized_height=2551 | local_exec_epoch=2552
[SNAPSHOT-PUBLISH] deferred height=2551 reason=auto_publish_interval_10
Validator heartbeat received: B | reported_height=2551 | finalized_height=2551 | local_exec_epoch=2552
[EXEC-QUORUM] height=2552 strict=3 relaxed=2 total=4 live=2 stall=6m59s
[STARTUP-GATE] waiting reason=waiting_network_validator_set_sample local=2551 finalized=2551 network=0 votes=1
Candidate heartbeat received: D | reported_height=2551 | finalized_height=2551 | local_exec_epoch=2552
Candidate heartbeat received: D | reported_height=2551 | finalized_height=2551 | local_exec_epoch=2552
Candidate heartbeat received: F | reported_height=2551 | finalized_height=2551 | local_exec_epoch=2552
Candidate heartbeat received: F | reported_height=2551 | finalized_height=2551 | local_exec_epoch=2552
Ignoring stale heartbeat: A reported=2541 local_finalized=2551
Ignoring stale heartbeat: A reported=2541 local_finalized=2551
[CONSENSUS] height=2551 vhash=d75b74ab validators=4
[EXEC-QUORUM] height=2552 strict=3 relaxed=2 total=4 live=2 stall=7m0s
[STATUS] height=2551 finalized=2551 peers=4 validators=2 strict_live=2 heartbeat_live=2 out_of_drift=0 drift_limit=8 syncing=false sync_complete=true execution_ready=true execution_reason=ready gossip=false gossip_pipeline=gossip_wait_remote_sample consensus_running=false mode=observer vote=false propose=false role=full validator_state=observer warmup_seconds=0 ready=false reason=waiting_network_validator_set_sample snapshot_source=snapshot_committed expected_source=snapshot_parent expected_hash=d75b74ab resolved_source=snapshot_committed resolved_hash=d75b74ab next_source=carry_forward next_hash=d75b74ab got_hash= authority=snapshot_parent hash_mode=legacy
[EXEC-QUORUM] height=2552 strict=3 relaxed=2 total=4 live=2 stall=7m1s
[EXEC-QUORUM] height=2552 strict=3 relaxed=2 total=4 live=2 stall=7m1s
[STARTUP-GATE] waiting reason=waiting_network_validator_set_sample local=2551 finalized=2551 network=0 votes=1
Candidate heartbeat received: D | reported_height=2551 | finalized_height=2551 | local_exec_epoch=2552
Candidate heartbeat received: D | reported_height=2551 | finalized_height=2551 | local_exec_epoch=2552
Candidate heartbeat received: F | reported_height=2551 | finalized_height=2551 | local_exec_epoch=2552
Candidate heartbeat received: F | reported_height=2551 | finalized_height=2551 | local_exec_epoch=2552
Attempting to connect to 4 peers
[EXEC-QUORUM] height=2552 strict=3 relaxed=2 total=4 live=2 stall=7m3s
[STARTUP-GATE] waiting reason=waiting_network_validator_set_sample local=2551 finalized=2551 network=0 votes=1
Candidate heartbeat received: D | reported_height=2551 | finalized_height=2551 | local_exec_epoch=2552
Candidate heartbeat received: D | reported_height=2551 | finalized_height=2551 | local_exec_epoch=2552
Candidate heartbeat received: F | reported_height=2551 | finalized_height=2551 | local_exec_epoch=2552
Candidate heartbeat received: F | reported_height=2551 | finalized_height=2551 | local_exec_epoch=2552
[EXEC-QUORUM] height=2552 strict=3 relaxed=2 total=4 live=2 stall=7m5s
[STARTUP-GATE] waiting reason=waiting_network_validator_set_sample local=2551 finalized=2551 network=0 votes=1
Candidate heartbeat received: F | reported_height=2551 | finalized_height=2551 | local_exec_epoch=2552
Candidate heartbeat received: F | reported_height=2551 | finalized_height=2551 | local_exec_epoch=2552
Candidate heartbeat received: D | reported_height=2551 | finalized_height=2551 | local_exec_epoch=2552
Candidate heartbeat received: D | reported_height=2551 | finalized_height=2551 | local_exec_epoch=2552
[EXEC-QUORUM] height=2552 strict=3 relaxed=2 total=4 live=2 stall=7m7s
[STARTUP-GATE] waiting reason=waiting_network_validator_set_sample local=2551 finalized=2551 network=0 votes=1
Ignoring stale heartbeat: A reported=2542 local_finalized=2551
Ignoring stale heartbeat: A reported=2542 local_finalized=2551
Candidate heartbeat received: F | reported_height=2551 | finalized_height=2551 | local_exec_epoch=2552
Candidate heartbeat received: F | reported_height=2551 | finalized_height=2551 | local_exec_epoch=2552
Candidate heartbeat received: D | reported_height=2551 | finalized_height=2551 | local_exec_epoch=2552
Candidate heartbeat received: D | reported_height=2551 | finalized_height=2551 | local_exec_epoch=2552
[EXEC-QUORUM] height=2552 strict=3 relaxed=2 total=4 live=2 stall=7m9s
[STARTUP-GATE] waiting reason=waiting_network_validator_set_sample local=2551 finalized=2551 network=0 votes=1
Validator heartbeat: C | reported_height=2551 | finalized_height=2551 | local_exec_epoch=2552
Heartbeat sent: C finalized=2551 epoch=2552
2026/05/20 15:13:47 [OK] goroutine pressure normalized: 174 (degrade mode off)
Candidate heartbeat received: D | reported_height=2551 | finalized_height=2551 | local_exec_epoch=2552
Candidate heartbeat received: D | reported_height=2551 | finalized_height=2551 | local_exec_epoch=2552
Candidate heartbeat received: F | reported_height=2551 | finalized_height=2551 | local_exec_epoch=2552
Candidate heartbeat received: F | reported_height=2551 | finalized_height=2551 | local_exec_epoch=2552
[EXEC-QUORUM] height=2552 strict=3 relaxed=2 total=4 live=2 stall=7m11s
[STARTUP-GATE] waiting reason=waiting_network_validator_set_sample local=2551 finalized=2551 network=0 votes=1
Validator heartbeat: B | reported_height=2551 | finalized_height=2551 | local_exec_epoch=2552
Validator heartbeat: B | reported_height=2551 | finalized_height=2551 | local_exec_epoch=2552
[EXEC-QUORUM] height=2552 strict=3 relaxed=2 total=4 live=2 stall=7m11s
[EXEC-QUORUM] height=2552 strict=3 relaxed=2 total=4 live=2 stall=7m11s
Validator heartbeat received: B | reported_height=2551 | finalized_height=2551 | local_exec_epoch=2552
[SNAPSHOT-PUBLISH] deferred height=2551 reason=auto_publish_interval_10
Validator heartbeat received: B | reported_height=2551 | finalized_height=2551 | local_exec_epoch=2552
[EXEC-QUORUM] height=2552 strict=3 relaxed=2 total=4 live=2 stall=7m13s
[STARTUP-GATE] waiting reason=waiting_network_validator_set_sample local=2551 finalized=2551 network=0 votes=1
Candidate heartbeat received: D | reported_height=2551 | finalized_height=2551 | local_exec_epoch=2552
Candidate heartbeat received: D | reported_height=2551 | finalized_height=2551 | local_exec_epoch=2552
Candidate heartbeat received: F | reported_height=2551 | finalized_height=2551 | local_exec_epoch=2552
Candidate heartbeat received: F | reported_height=2551 | finalized_height=2551 | local_exec_epoch=2552
Validator heartbeat: A | reported_height=2543 | finalized_height=2543 | local_exec_epoch=2544
Validator heartbeat: A | reported_height=2543 | finalized_height=2543 | local_exec_epoch=2544
[EXEC-QUORUM] height=2552 strict=3 relaxed=2 total=4 live=2 stall=7m13s
Validator heartbeat received: A | reported_height=2543 | finalized_height=2543 | local_exec_epoch=2544
[EXEC-QUORUM] height=2552 strict=3 relaxed=2 total=4 live=2 stall=7m13s
Validator heartbeat received: A | reported_height=2543 | finalized_height=2543 | local_exec_epoch=2544
[EXEC-QUORUM] height=2552 strict=3 relaxed=2 total=4 live=2 stall=7m15s
[STARTUP-COMMITMENT] mode=v2 commitment_height=1 check_h=2552 expected=d75b74ab source=snapshot_parent
[STARTUP-GATE] ready reason=network_validator_set_sample local=2551 finalized=2551 network=2551 sample=d75b74ab
[EXEC-QUORUM] height=2552 strict=3 relaxed=2 total=4 live=2 stall=7m15s
Consensus started for node C | mode=validator vote=true propose=true
Candidate heartbeat received: D | reported_height=2551 | finalized_height=2551 | local_exec_epoch=2552
Candidate heartbeat received: D | reported_height=2551 | finalized_height=2551 | local_exec_epoch=2552
[CONSENSUS] height=2551 vhash=d75b74ab validators=4
[EXEC-QUORUM] height=2552 strict=3 relaxed=2 total=4 live=2 stall=7m15s
[STATUS] height=2551 finalized=2551 peers=4 validators=2 strict_live=2 heartbeat_live=2 out_of_drift=0 drift_limit=8 syncing=false sync_complete=true execution_ready=true execution_reason=ready gossip=true gossip_pipeline=new_block_gossip_validate_apply consensus_running=true mode=validator vote=true propose=true role=validator validator_state=active warmup_seconds=0 ready=true reason=ready snapshot_source=snapshot_committed expected_source=snapshot_parent expected_hash=d75b74ab resolved_source=snapshot_committed resolved_hash=d75b74ab next_source=carry_forward next_hash=d75b74ab got_hash= authority=snapshot_parent hash_mode=legacy
Candidate heartbeat received: F | reported_height=2551 | finalized_height=2551 | local_exec_epoch=2552
Candidate heartbeat received: F | reported_height=2551 | finalized_height=2551 | local_exec_epoch=2552
Candidate heartbeat received: F | reported_height=2551 | finalized_height=2551 | local_exec_epoch=2552
Candidate heartbeat received: F | reported_height=2551 | finalized_height=2551 | local_exec_epoch=2552
Candidate heartbeat received: D | reported_height=2551 | finalized_height=2551 | local_exec_epoch=2552
Candidate heartbeat received: D | reported_height=2551 | finalized_height=2551 | local_exec_epoch=2552
Validator heartbeat: A | reported_height=2544 | finalized_height=2544 | local_exec_epoch=2545
Validator heartbeat: A | reported_height=2544 | finalized_height=2544 | local_exec_epoch=2545
[EXEC-QUORUM] height=2552 strict=3 relaxed=2 total=4 live=2 stall=7m20s
[EXEC-QUORUM] height=2552 strict=3 relaxed=2 total=4 live=2 stall=7m20s
Validator heartbeat received: A | reported_height=2544 | finalized_height=2544 | local_exec_epoch=2545
[SNAPSHOT-PUBLISH] deferred height=2551 reason=auto_publish_interval_10
Validator heartbeat received: A | reported_height=2544 | finalized_height=2544 | local_exec_epoch=2545
2026/05/20 15:13:57 [OK] goroutine pressure normalized: 174 (degrade mode off)
[EXEC-QUORUM] height=2552 strict=3 relaxed=2 total=4 live=2 stall=7m21s
[STARTUP-COMMITMENT] mode=v2 commitment_height=1 check_h=2552 expected=d75b74ab source=snapshot_parent
Candidate heartbeat received: F | reported_height=2551 | finalized_height=2551 | local_exec_epoch=2552
Candidate heartbeat received: F | reported_height=2551 | finalized_height=2551 | local_exec_epoch=2552
Candidate heartbeat received: D | reported_height=2551 | finalized_height=2551 | local_exec_epoch=2552
Candidate heartbeat received: D | reported_height=2551 | finalized_height=2551 | local_exec_epoch=2552
Validator heartbeat: C | reported_height=2551 | finalized_height=2551 | local_exec_epoch=2552
Heartbeat sent: C finalized=2551 epoch=2552
[EXEC-QUORUM] height=2552 strict=3 relaxed=2 total=4 live=2 stall=7m23s
Candidate heartbeat received: F | reported_height=2551 | finalized_height=2551 | local_exec_epoch=2552
Candidate heartbeat received: F | reported_height=2551 | finalized_height=2551 | local_exec_epoch=2552
Ã°Å¸â€œÂ¨ Consensus message from 12D3KooWHdmUKc1bYKY3scg6TqGhK3SutwH9hu1aAez4VmvwkEyk: leader_block (size: 1313 bytes)
Ã°Å¸â€œÂ¦ Leader block received from 12D3KooWHdmUKc1bYKY3scg6TqGhK3SutwH9hu1aAez4VmvwkEyk | height=2552 proposer=B
[SET-COMMITMENT-APPLY] height=2552 source=snapshot_parent mode=legacy hash=d75b74ab
Ã°Å¸â€Å’ Consensus stream EOF from 12D3KooWHdmUKc1bYKY3scg6TqGhK3SutwH9hu1aAez4VmvwkEyk
Ã°Å¸â€Å’ Consensus stream closed with 12D3KooWHdmUKc1bYKY3scg6TqGhK3SutwH9hu1aAez4VmvwkEyk
2026/05/20 15:14:00 [EXEC-PROPOSAL-SELECT] height=2552 reason=observed prev_round=0 prev_block= round=4 block=a182c14d voters=0 force=false
[EXEC-QUORUM] height=2552 strict=3 relaxed=2 total=4 live=2 stall=7m24s
[EXEC-QUORUM] height=2552 strict=3 relaxed=2 total=4 live=2 stall=7m24s
[EXEC-QUORUM] height=2552 strict=3 relaxed=2 total=4 live=2 stall=7m24s
2026/05/20 15:14:00 [EXEC-BROADCAST] validator=C height=2552 round=4 block=a182c14d prev=4d7f4a94 tx_count=0 tx_merkle= exec=2ea82bda current_runtime=0acf458f current_execution=0acf458f current_tip=2551/4d7f4a94 proposal=2552|4|a182c14d628eeec9298c42c8593299159e765eb6d91e243d223c03482d8d294f||2ea82bda55d1a16a38663dc4cf093d6d67e6407e295983371b2353afe163a6be force=false
[REGISTRY-COMMITMENT-CHECK] height=2552 required=true parent_unanchored=false source=chain_parent_commitment expected=9cd32df6 got=9cd32df6
[EXEC-HASH] hint=2552 from=C exec=2ea82bda
Execution hash received: C @ epoch 2552
[EXEC-QUORUM] height=2552 strict=3 relaxed=2 total=4 live=2 stall=7m24s
2026/05/20 15:14:00 [VOTE-ACCEPT] reason=recorded signer=C height=2552 round=4 vote_block=a182c14d current_block=a182c14d proposal=2552|4|a182c14d628eeec9298c42c8593299159e765eb6d91e243d223c03482d8d294f||2ea82bda55d1a16a38663dc4cf093d6d67e6407e295983371b2353afe163a6be exec=2ea82bda tx_merkle= votes=1 required=2
[EXEC-POOL] epoch=2552 hash=2ea82bda voters=1/4
[EXEC-QUORUM] epoch=2552 required=2 total=4 votes=1
[LEADER-BLOCK-REJECT] height=2552 round=4 reason=duplicate_proposal peer=12D3KooWHdmUKc1bYKY3scg6TqGhK3SutwH9hu1aAez4VmvwkEyk proposer=B block=a182c14d
[LEADER-BLOCK-REJECT] height=2552 round=4 reason=duplicate_proposal peer=12D3KooWHdmUKc1bYKY3scg6TqGhK3SutwH9hu1aAez4VmvwkEyk proposer=B block=a182c14d
Ã°Å¸â€œÂ¨ Consensus message from 12D3KooWHdmUKc1bYKY3scg6TqGhK3SutwH9hu1aAez4VmvwkEyk: execution_result (size: 374 bytes)
Ã°Å¸â€Å’ Consensus stream EOF from 12D3KooWHdmUKc1bYKY3scg6TqGhK3SutwH9hu1aAez4VmvwkEyk
Ã°Å¸â€Å’ Consensus stream closed with 12D3KooWHdmUKc1bYKY3scg6TqGhK3SutwH9hu1aAez4VmvwkEyk
[REGISTRY-COMMITMENT-CHECK] height=2552 required=true parent_unanchored=false source=chain_parent_commitment expected=9cd32df6 got=9cd32df6
[EXEC-HASH] hint=2552 from=B exec=2ea82bda
Execution hash received: B @ epoch 2552
[EXEC-QUORUM] height=2552 strict=3 relaxed=2 total=4 live=2 stall=7m24s
2026/05/20 15:14:00 [VOTE-ACCEPT] reason=recorded signer=B height=2552 round=4 vote_block=a182c14d current_block=a182c14d proposal=2552|4|a182c14d628eeec9298c42c8593299159e765eb6d91e243d223c03482d8d294f||2ea82bda55d1a16a38663dc4cf093d6d67e6407e295983371b2353afe163a6be exec=2ea82bda tx_merkle= votes=2 required=2
[EXEC-POOL] epoch=2552 hash=2ea82bda voters=2/4
[EXEC-QUORUM] epoch=2552 required=2 total=4 votes=2
Execution quorum reached (hash=2ea82bda votes=2/4)
2026/05/20 15:14:00 [EXEC-PRECOMMIT] height=2552 reason=quorum_precommit prev_round=0 prev_block= round=4 block=a182c14d votes=2 required=2
[EXEC-QUORUM] height=2552 strict=3 relaxed=2 total=4 live=2 stall=7m24s
[REGISTRY-COMMITMENT-CHECK] height=2552 required=true parent_unanchored=false source=chain_parent_commitment expected=9cd32df6 got=9cd32df6
[EXEC-QUORUM] height=2552 strict=3 relaxed=2 total=4 live=2 stall=7m24s
[EXEC-QUORUM] height=2552 strict=3 relaxed=2 total=4 live=2 stall=7m24s
[EXEC-QUORUM] height=2552 strict=3 relaxed=2 total=4 live=2 stall=7m24s
[EXEC-QUORUM] height=2552 strict=3 relaxed=2 total=4 live=2 stall=7m24s
2026/05/20 15:14:00 [EXEC-COMMIT] height=2552 reason=precommit_quorum round=4 block=4f8dc759 votes=2 required=2 precommits=2
[REGISTRY-COMMITMENT-CHECK] height=2552 required=true parent_unanchored=false source=chain_parent_commitment expected=9cd32df6 got=9cd32df6
[REGISTRY-PRECOMMIT] height=2552 source=committed_carry_forward header=9cd32df6 resolved=9cd32df6 validators=4
[SYNC-COMMIT-PHASE] node=C stage=idle provider= height=2552 local=2551 phase=process_block_begin
[SYNC-COMMIT-PHASE] node=C stage=idle provider= height=2552 local=2552 phase=process_block_committed
[SYNC-COMMIT-PHASE] node=C stage=idle provider= height=2552 local=2552 phase=post_block_effects_begin
âœ… Height finalized â†’ 2553
[EMISSION] h=2552 reward=3 treasury=1 validators=2 burn=0 applied_burn=0 chance_bps=10000
[SYNC-COMMIT-PHASE] node=C stage=idle provider= height=2552 local=2552 phase=post_block_effects_done
[SYNC-COMMIT-PHASE] node=C stage=idle provider= height=2552 local=2552 phase=persist_registry_begin
[ACTIVATION-FALLBACK] id=C height=2553 source=chain_parent_commitment reason=snapshot_missing
[SYNC-COMMIT-PHASE] node=C stage=idle provider= height=2552 local=2552 phase=persist_registry_done
[SYNC-COMMIT-PHASE] node=C stage=idle provider= height=2552 local=2552 phase=apply_validator_updates_begin
[COMMITTEE] height=2553 size=4 target=4 hash=34a93d19
Validator heartbeat: C | reported_height=2552 | finalized_height=2552 | local_exec_epoch=2553
[SYNC-COMMIT-PHASE] node=C stage=idle provider= height=2552 local=2552 phase=apply_validator_updates_done
[SYNC-COMMIT-PHASE] node=C stage=idle provider= height=2552 local=2552 phase=observe_candidates_begin
Heartbeat sent: C finalized=2552 epoch=2553
[SYNC-COMMIT-PHASE] node=C stage=idle provider= height=2552 local=2552 phase=observe_candidates_done
[SYNC-COMMIT-PHASE] node=C stage=idle provider= height=2552 local=2552 phase=apply_validator_update_txs_begin
[SYNC-COMMIT-PHASE] node=C stage=idle provider= height=2552 local=2552 phase=apply_validator_update_txs_done
[SYNC-COMMIT-PHASE] node=C stage=idle provider= height=2552 local=2552 phase=apply_scheduled_updates_begin
[SYNC-SCHEDULED-UPDATES] stage=idle provider= current_height=2552 step=queue_inactive_removals_begin update_height=2552 due_transition=false defer_for_sync=false update_blocked=false planned_only=false updated=false processed_adds=0 processed_removes=0 next_transition_height=0 transition_validators=0 next_validators=0
[SYNC-SCHEDULED-UPDATES] stage=idle provider= current_height=2552 step=queue_inactive_removals_done update_height=2552 due_transition=false defer_for_sync=false update_blocked=false planned_only=false updated=false processed_adds=0 processed_removes=0 next_transition_height=0 transition_validators=0 next_validators=0
[SYNC-SCHEDULED-UPDATES] stage=idle provider= current_height=2552 step=sync_gate_snapshot_state_begin update_height=2552 due_transition=false defer_for_sync=false update_blocked=false planned_only=false updated=false processed_adds=0 processed_removes=0 next_transition_height=0 transition_validators=0 next_validators=0
[SYNC-SCHEDULED-UPDATES] stage=idle provider= current_height=2552 step=sync_gate_snapshot_state_done update_height=2552 due_transition=false defer_for_sync=false update_blocked=false planned_only=false updated=false processed_adds=0 processed_removes=0 next_transition_height=0 transition_validators=0 next_validators=0
[SYNC-SCHEDULED-UPDATES] stage=idle provider= current_height=2552 step=apply_queued_set_update_begin update_height=2552 due_transition=false defer_for_sync=false update_blocked=false planned_only=false updated=false processed_adds=0 processed_removes=0 next_transition_height=0 transition_validators=0 next_validators=0
[SYNC-SCHEDULED-UPDATES] stage=idle provider= current_height=2552 step=apply_queued_set_update_done update_height=2552 due_transition=false defer_for_sync=false update_blocked=false planned_only=false updated=false processed_adds=0 processed_removes=0 next_transition_height=0 transition_validators=0 next_validators=0
[SYNC-SCHEDULED-UPDATES] stage=idle provider= current_height=2552 step=validator_set_lock_begin update_height=2552 due_transition=false defer_for_sync=false update_blocked=false planned_only=false updated=false processed_adds=0 processed_removes=0 next_transition_height=0 transition_validators=0 next_validators=0
[SYNC-SCHEDULED-UPDATES] stage=idle provider= current_height=2552 step=validator_set_lock_acquired update_height=2552 due_transition=false defer_for_sync=false update_blocked=false planned_only=false updated=false processed_adds=0 processed_removes=0 next_transition_height=0 transition_validators=0 next_validators=0
[SYNC-SCHEDULED-UPDATES] stage=idle provider= current_height=2552 step=compute_next_transition_height_begin update_height=2552 due_transition=false defer_for_sync=false update_blocked=false planned_only=false updated=false processed_adds=0 processed_removes=0 next_transition_height=0 transition_validators=0 next_validators=0
[SYNC-SCHEDULED-UPDATES] stage=idle provider= current_height=2552 step=compute_next_transition_height_done update_height=2552 due_transition=false defer_for_sync=false update_blocked=false planned_only=false updated=false processed_adds=0 processed_removes=0 next_transition_height=0 transition_validators=0 next_validators=0
[SYNC-SCHEDULED-UPDATES] stage=idle provider= current_height=2552 step=due_transition_eval_begin update_height=2552 due_transition=false defer_for_sync=false update_blocked=false planned_only=false updated=false processed_adds=0 processed_removes=0 next_transition_height=0 transition_validators=0 next_validators=0
[SYNC-SCHEDULED-UPDATES] stage=idle provider= current_height=2552 step=due_transition_eval_done update_height=2552 due_transition=false defer_for_sync=false update_blocked=false planned_only=false updated=false processed_adds=0 processed_removes=0 next_transition_height=0 transition_validators=0 next_validators=0
[SYNC-SCHEDULED-UPDATES] stage=idle provider= current_height=2552 step=defer_for_sync_eval_begin update_height=2552 due_transition=false defer_for_sync=false update_blocked=false planned_only=false updated=false processed_adds=0 processed_removes=0 next_transition_height=0 transition_validators=0 next_validators=0
[SYNC-SCHEDULED-UPDATES] stage=idle provider= current_height=2552 step=defer_for_sync_eval_done update_height=2552 due_transition=false defer_for_sync=false update_blocked=false planned_only=false updated=false processed_adds=0 processed_removes=0 next_transition_height=0 transition_validators=0 next_validators=0
[SYNC-SCHEDULED-UPDATES] stage=idle provider= current_height=2552 step=scheduled_transition_validators_begin update_height=2552 due_transition=false defer_for_sync=false update_blocked=false planned_only=false updated=false processed_adds=0 processed_removes=0 next_transition_height=0 transition_validators=0 next_validators=0
[SYNC-SCHEDULED-UPDATES] stage=idle provider= current_height=2552 step=scheduled_transition_validators_done update_height=2552 due_transition=false defer_for_sync=false update_blocked=false planned_only=false updated=false processed_adds=0 processed_removes=0 next_transition_height=0 transition_validators=4 next_validators=0
[SYNC-SCHEDULED-UPDATES] stage=idle provider= current_height=2552 step=build_next_validators_begin update_height=2552 due_transition=false defer_for_sync=false update_blocked=false planned_only=false updated=false processed_adds=0 processed_removes=0 next_transition_height=0 transition_validators=4 next_validators=0
[SYNC-SCHEDULED-UPDATES] stage=idle provider= current_height=2552 step=build_next_validators_done update_height=2552 due_transition=false defer_for_sync=false update_blocked=false planned_only=false updated=false processed_adds=0 processed_removes=0 next_transition_height=0 transition_validators=4 next_validators=4
[SYNC-SCHEDULED-UPDATES] stage=idle provider= current_height=2552 step=transition_quorum_begin update_height=2552 due_transition=false defer_for_sync=false update_blocked=false planned_only=false updated=false processed_adds=0 processed_removes=0 next_transition_height=0 transition_validators=4 next_validators=4
[SYNC-SCHEDULED-UPDATES] stage=idle provider= current_height=2552 step=transition_quorum_done update_height=2552 due_transition=false defer_for_sync=false update_blocked=false planned_only=false updated=false processed_adds=0 processed_removes=0 next_transition_height=0 transition_validators=4 next_validators=4
[SYNC-SCHEDULED-UPDATES] stage=idle provider= current_height=2552 step=transition_plan_write_begin update_height=2552 due_transition=false defer_for_sync=false update_blocked=false planned_only=false updated=false processed_adds=0 processed_removes=0 next_transition_height=0 transition_validators=4 next_validators=4
[SYNC-SCHEDULED-UPDATES] stage=idle provider= current_height=2552 step=transition_plan_write_done update_height=2552 due_transition=false defer_for_sync=false update_blocked=false planned_only=false updated=false processed_adds=0 processed_removes=0 next_transition_height=0 transition_validators=4 next_validators=4
[SYNC-SCHEDULED-UPDATES] stage=idle provider= current_height=2552 step=finalize_pending_maps_begin update_height=2552 due_transition=false defer_for_sync=false update_blocked=false planned_only=false updated=false processed_adds=0 processed_removes=0 next_transition_height=0 transition_validators=4 next_validators=4
[SYNC-SCHEDULED-UPDATES] stage=idle provider= current_height=2552 step=finalize_pending_maps_done update_height=2552 due_transition=false defer_for_sync=false update_blocked=false planned_only=false updated=false processed_adds=0 processed_removes=0 next_transition_height=0 transition_validators=4 next_validators=4
[SYNC-SCHEDULED-UPDATES] stage=idle provider= current_height=2552 step=active_transition_heights_begin update_height=2552 due_transition=false defer_for_sync=false update_blocked=false planned_only=false updated=false processed_adds=0 processed_removes=0 next_transition_height=0 transition_validators=4 next_validators=4
[SYNC-SCHEDULED-UPDATES] stage=idle provider= current_height=2552 step=active_transition_heights_done update_height=2552 due_transition=false defer_for_sync=false update_blocked=false planned_only=false updated=false processed_adds=0 processed_removes=0 next_transition_height=0 transition_validators=4 next_validators=4
[SYNC-SCHEDULED-UPDATES] stage=idle provider= current_height=2552 step=validator_set_unlock update_height=2552 due_transition=false defer_for_sync=false update_blocked=false planned_only=false updated=false processed_adds=0 processed_removes=0 next_transition_height=0 transition_validators=4 next_validators=4
[SYNC-SCHEDULED-UPDATES] stage=idle provider= current_height=2552 step=retry_clear_begin update_height=2552 due_transition=false defer_for_sync=false update_blocked=false planned_only=false updated=false processed_adds=0 processed_removes=0 next_transition_height=0 transition_validators=4 next_validators=4
[SYNC-SCHEDULED-UPDATES] stage=idle provider= current_height=2552 step=retry_clear_done update_height=2552 due_transition=false defer_for_sync=false update_blocked=false planned_only=false updated=false processed_adds=0 processed_removes=0 next_transition_height=0 transition_validators=4 next_validators=4
[SYNC-SCHEDULED-UPDATES] stage=idle provider= current_height=2552 step=prune_retry_begin update_height=2552 due_transition=false defer_for_sync=false update_blocked=false planned_only=false updated=false processed_adds=0 processed_removes=0 next_transition_height=0 transition_validators=4 next_validators=4
[SYNC-SCHEDULED-UPDATES] stage=idle provider= current_height=2552 step=prune_retry_done update_height=2552 due_transition=false defer_for_sync=false update_blocked=false planned_only=false updated=false processed_adds=0 processed_removes=0 next_transition_height=0 transition_validators=4 next_validators=4
[SYNC-SCHEDULED-UPDATES] stage=idle provider= current_height=2552 step=onboarding_tracker_begin update_height=2552 due_transition=false defer_for_sync=false update_blocked=false planned_only=false updated=false processed_adds=0 processed_removes=0 next_transition_height=0 transition_validators=4 next_validators=4
[SYNC-SCHEDULED-UPDATES] stage=idle provider= current_height=2552 step=onboarding_tracker_done update_height=2552 due_transition=false defer_for_sync=false update_blocked=false planned_only=false updated=false processed_adds=0 processed_removes=0 next_transition_height=0 transition_validators=4 next_validators=4
[SYNC-SCHEDULED-UPDATES] stage=idle provider= current_height=2552 step=broadcast_validator_info_begin update_height=2552 due_transition=false defer_for_sync=false update_blocked=false planned_only=false updated=false processed_adds=0 processed_removes=0 next_transition_height=0 transition_validators=4 next_validators=4
[SYNC-SCHEDULED-UPDATES] stage=idle provider= current_height=2552 step=broadcast_validator_info_done update_height=2552 due_transition=false defer_for_sync=false update_blocked=false planned_only=false updated=false processed_adds=0 processed_removes=0 next_transition_height=0 transition_validators=4 next_validators=4
[SYNC-SCHEDULED-UPDATES] stage=idle provider= current_height=2552 step=final_update_log_begin update_height=2552 due_transition=false defer_for_sync=false update_blocked=false planned_only=false updated=false processed_adds=0 processed_removes=0 next_transition_height=0 transition_validators=4 next_validators=4
[SYNC-SCHEDULED-UPDATES] stage=idle provider= current_height=2552 step=final_update_log_done update_height=2552 due_transition=false defer_for_sync=false update_blocked=false planned_only=false updated=false processed_adds=0 processed_removes=0 next_transition_height=0 transition_validators=4 next_validators=4
[SYNC-SCHEDULED-UPDATES] stage=idle provider= current_height=2552 step=snapshot_epoch_validators_begin update_height=2552 due_transition=false defer_for_sync=false update_blocked=false planned_only=false updated=false processed_adds=0 processed_removes=0 next_transition_height=0 transition_validators=4 next_validators=4
Validator heartbeat: B | reported_height=2552 | finalized_height=2552 | local_exec_epoch=2553
Validator heartbeat: B | reported_height=2552 | finalized_height=2552 | local_exec_epoch=2553
[SYNC-SCHEDULED-UPDATES] stage=idle provider= current_height=2552 step=snapshot_epoch_validators_done update_height=2552 due_transition=false defer_for_sync=false update_blocked=false planned_only=false updated=false processed_adds=0 processed_removes=0 next_transition_height=0 transition_validators=4 next_validators=4
[SYNC-COMMIT-PHASE] node=C stage=idle provider= height=2552 local=2552 phase=apply_scheduled_updates_done
[SYNC-COMMIT-PHASE] node=C stage=idle provider= height=2552 local=2552 phase=snapshot_epoch_validators_begin
[SYNC-COMMIT-PHASE] node=C stage=idle provider= height=2552 local=2552 phase=snapshot_epoch_validators_done
[SYNC-COMMIT-PHASE] node=C stage=idle provider= height=2552 local=2552 phase=start_next_round_begin
[SYNC-COMMIT-PHASE] node=C stage=idle provider= height=2552 local=2552 phase=start_next_round_done
[SYNC-COMMIT-PHASE] node=C stage=idle provider= height=2552 local=2552 phase=clear_exec_results_begin
[SYNC-COMMIT-PHASE] node=C stage=idle provider= height=2552 local=2552 phase=clear_exec_results_done
[SYNC-COMMIT-PHASE] node=C stage=idle provider= height=2552 local=2552 phase=update_validator_metrics_begin
[SYNC-COMMIT-PHASE] node=C stage=idle provider= height=2552 local=2552 phase=update_validator_metrics_done
[SYNC-COMMIT-PHASE] node=C stage=idle provider= height=2552 local=2552 phase=enter_safe_mode_begin
[SYNC-COMMIT-PHASE] node=C stage=idle provider= height=2552 local=2552 phase=enter_safe_mode_done
[SYNC-COMMIT-PHASE] node=C stage=idle provider= height=2552 local=2552 phase=ensure_tip_snapshot_begin
[SYNC-COMMIT-PHASE] node=C stage=idle provider= height=2552 local=2552 phase=ensure_tip_snapshot_done
ðŸ§¹ Pruning snapshot @ height 1551
Validator heartbeat received: B | reported_height=2552 | finalized_height=2552 | local_exec_epoch=2553
Validator heartbeat received: B | reported_height=2552 | finalized_height=2552 | local_exec_epoch=2553
[SNAPSHOT-PUBLISH] deferred height=2552 reason=auto_publish_interval_10
[SYNC-CLEAR] reason=up_to_date local=2552 target=0
[SAFE-MODE] height=2553 window=2s live=2 required=3 heartbeat_live=2 out_of_drift=0 committee=4 ended=started
Pruning validator registry snapshot @ height 1551
Pruning validator registry snapshot @ height 1551
[SYNC-COMMIT-PHASE] node=C stage=idle provider= height=2552 local=2552 phase=prune_snapshots_done
[SYNC-COMMIT-PHASE] node=C stage=idle provider= height=2552 local=2552 phase=publish_required_snapshot_begin
[SYNC-COMMIT-PHASE] node=C stage=idle provider= height=2552 local=2552 phase=publish_required_snapshot_done
[COMMIT] node=C h=2552 hash=4f8dc759 by=B type=TIME txs=0
[SYNC-COMMIT-PHASE] node=C stage=idle provider= height=2552 local=2552 phase=commit_log_done
[SYNC-COMMIT-PHASE] node=C stage=idle provider= height=2552 local=2552 phase=touch_signers_begin
[SYNC-COMMIT-PHASE] node=C stage=idle provider= height=2552 local=2552 phase=touch_signers_done
[SYNC-COMMIT-PHASE] node=C stage=idle provider= height=2552 local=2552 phase=maybe_exit_sync_begin
[SYNC-COMMIT-PHASE] node=C stage=idle provider= height=2552 local=2552 phase=done
[STARTUP-COMMITMENT] mode=v2 commitment_height=1 check_h=2553 expected=d75b74ab source=chain_parent_commitment
[LIVENESS] scope=safe_mode height=2553 live=2 required=3 heartbeat_live=2 out_of_drift=0 committee=4 reasons={consensus_not_ready=1,inactive=1} sample=[A:consensus_not_ready,G:inactive]
2026/05/20 15:14:01 [VOTE-STALE-ACCEPT] reason=committed_proposal_unresolved signer=B height=2552 round=4 vote_block=a182c14d exec=2ea82bda tx_merkle=
Candidate heartbeat received: D | reported_height=2551 | finalized_height=2551 | local_exec_epoch=2552
Candidate heartbeat received: D | reported_height=2551 | finalized_height=2551 | local_exec_epoch=2552
Validator heartbeat: A | reported_height=2545 | finalized_height=2545 | local_exec_epoch=2546
Validator heartbeat: A | reported_height=2545 | finalized_height=2545 | local_exec_epoch=2546
Validator heartbeat received: A | reported_height=2545 | finalized_height=2545 | local_exec_epoch=2546
Validator heartbeat received: A | reported_height=2545 | finalized_height=2545 | local_exec_epoch=2546
[SYNC-SERVE-REQUEST] peer=12D3KooW requested=2552-2552 snapshot=false snapshot_height=0
[SYNC-SERVE-RESPONSE] peer=12D3KooW requested=2552-2552 served=2552-2552 count=1 snapshot=false tip_gap=false historical_gap=false duration_ms=2
Ã°Å¸â€œÂ¦ Sent blocks 2552-2552 (1 blocks) to 12D3KooWETqM63k4eBQTHnBZ2jzRd4SCLBX7fMSz6BcnGFUohp9U
Attempting to connect to 4 peers
Candidate heartbeat received: F | reported_height=2551 | finalized_height=2551 | local_exec_epoch=2552
Candidate heartbeat received: F | reported_height=2551 | finalized_height=2551 | local_exec_epoch=2552
Candidate heartbeat received: F | reported_height=2552 | finalized_height=2552 | local_exec_epoch=2553
Candidate heartbeat received: F | reported_height=2552 | finalized_height=2552 | local_exec_epoch=2553
Ã°Å¸â€œÂ¨ Consensus message from 12D3KooWETqM63k4eBQTHnBZ2jzRd4SCLBX7fMSz6BcnGFUohp9U: block_ack (size: 15 bytes)
Ã°Å¸â€Å’ Consensus stream EOF from 12D3KooWETqM63k4eBQTHnBZ2jzRd4SCLBX7fMSz6BcnGFUohp9U
Ã°Å¸â€Å’ Consensus stream closed with 12D3KooWETqM63k4eBQTHnBZ2jzRd4SCLBX7fMSz6BcnGFUohp9U
Candidate heartbeat received: D | reported_height=2551 | finalized_height=2551 | local_exec_epoch=2552
Candidate heartbeat received: D | reported_height=2551 | finalized_height=2551 | local_exec_epoch=2552
[SET-COMMITMENT-APPLY] height=2553 source=chain_parent_commitment mode=legacy hash=d75b74ab
Ã°Å¸â€œÂ¨ Consensus message from 12D3KooWHdmUKc1bYKY3scg6TqGhK3SutwH9hu1aAez4VmvwkEyk: leader_block (size: 1313 bytes)
Ã°Å¸â€œÂ¦ Leader block received from 12D3KooWHdmUKc1bYKY3scg6TqGhK3SutwH9hu1aAez4VmvwkEyk | height=2553 proposer=B
Ã°Å¸â€Å’ Consensus stream EOF from 12D3KooWHdmUKc1bYKY3scg6TqGhK3SutwH9hu1aAez4VmvwkEyk
Ã°Å¸â€Å’ Consensus stream closed with 12D3KooWHdmUKc1bYKY3scg6TqGhK3SutwH9hu1aAez4VmvwkEyk
[ROUND-CATCHUP] height=2553 peer=12D3KooWPVKESWFG9sS8G6vjhfPn54kWuNFkkuHwG4yQXhYRcXjX round=3 local_round=1 synced_round=3 proposer=B
2026/05/20 15:14:06 [EXEC-PROPOSAL-SELECT] height=2553 reason=observed prev_round=0 prev_block= round=3 block=9cc11a97 voters=0 force=false
2026/05/20 15:14:06 [EXEC-BROADCAST] validator=C height=2553 round=3 block=9cc11a97 prev=4f8dc759 tx_count=0 tx_merkle= exec=23fa9b93 current_runtime=0acf458f current_execution=0acf458f current_tip=2552/4f8dc759 proposal=2553|3|9cc11a97ffc30a05ebbfb633ae4e253539fc046762417a9d082415fe8cc06279||23fa9b93a2ba0735cf20cb84e73cc659b840039a0d53e1177967dfa13a2836a0 force=false
[REGISTRY-COMMITMENT-CHECK] height=2553 required=true parent_unanchored=false source=chain_parent_commitment expected=9cd32df6 got=9cd32df6
Ã°Å¸â€œÂ¨ Consensus message from 12D3KooWHdmUKc1bYKY3scg6TqGhK3SutwH9hu1aAez4VmvwkEyk: execution_result (size: 374 bytes)
Ã°Å¸â€Å’ Consensus stream EOF from 12D3KooWHdmUKc1bYKY3scg6TqGhK3SutwH9hu1aAez4VmvwkEyk
Ã°Å¸â€Å’ Consensus stream closed with 12D3KooWHdmUKc1bYKY3scg6TqGhK3SutwH9hu1aAez4VmvwkEyk
[EXEC-HASH] hint=2553 from=C exec=23fa9b93
Execution hash received: C @ epoch 2553
2026/05/20 15:14:07 [VOTE-ACCEPT] reason=recorded signer=C height=2553 round=3 vote_block=9cc11a97 current_block=9cc11a97 proposal=2553|3|9cc11a97ffc30a05ebbfb633ae4e253539fc046762417a9d082415fe8cc06279||23fa9b93a2ba0735cf20cb84e73cc659b840039a0d53e1177967dfa13a2836a0 exec=23fa9b93 tx_merkle= votes=1 required=2
[EXEC-POOL] epoch=2553 hash=23fa9b93 voters=1/4
[EXEC-QUORUM] epoch=2553 required=2 total=4 votes=1
[LEADER-BLOCK-REJECT] height=2553 round=3 reason=duplicate_proposal peer= proposer=B block=9cc11a97
[LEADER-BLOCK-REJECT] height=2553 round=3 reason=duplicate_proposal peer=12D3KooWHdmUKc1bYKY3scg6TqGhK3SutwH9hu1aAez4VmvwkEyk proposer=B block=9cc11a97
[REGISTRY-COMMITMENT-CHECK] height=2553 required=true parent_unanchored=false source=chain_parent_commitment expected=9cd32df6 got=9cd32df6
[EXEC-HASH] hint=2553 from=B exec=23fa9b93
Execution hash received: B @ epoch 2553
2026/05/20 15:14:07 [VOTE-ACCEPT] reason=recorded signer=B height=2553 round=3 vote_block=9cc11a97 current_block=9cc11a97 proposal=2553|3|9cc11a97ffc30a05ebbfb633ae4e253539fc046762417a9d082415fe8cc06279||23fa9b93a2ba0735cf20cb84e73cc659b840039a0d53e1177967dfa13a2836a0 exec=23fa9b93 tx_merkle= votes=2 required=2
[EXEC-POOL] epoch=2553 hash=23fa9b93 voters=2/4
[EXEC-QUORUM] epoch=2553 required=2 total=4 votes=2
Execution quorum reached (hash=23fa9b93 votes=2/4)
2026/05/20 15:14:07 [EXEC-PRECOMMIT] height=2553 reason=quorum_precommit prev_round=0 prev_block= round=3 block=9cc11a97 votes=2 required=2
[REGISTRY-COMMITMENT-CHECK] height=2553 required=true parent_unanchored=false source=chain_parent_commitment expected=9cd32df6 got=9cd32df6
2026/05/20 15:14:07 [EXEC-COMMIT] height=2553 reason=precommit_quorum round=3 block=625f37ab votes=2 required=2 precommits=2
[REGISTRY-COMMITMENT-CHECK] height=2553 required=true parent_unanchored=false source=chain_parent_commitment expected=9cd32df6 got=9cd32df6
[REGISTRY-PRECOMMIT] height=2553 source=committed_carry_forward header=9cd32df6 resolved=9cd32df6 validators=4
[SYNC-COMMIT-PHASE] node=C stage=idle provider= height=2553 local=2552 phase=process_block_begin
[SYNC-COMMIT-PHASE] node=C stage=idle provider= height=2553 local=2553 phase=process_block_committed
[SYNC-COMMIT-PHASE] node=C stage=idle provider= height=2553 local=2553 phase=post_block_effects_begin
âœ… Height finalized â†’ 2554
[EMISSION] h=2553 reward=4 treasury=1 validators=2 burn=1 applied_burn=0 chance_bps=10000
[SYNC-COMMIT-PHASE] node=C stage=idle provider= height=2553 local=2553 phase=post_block_effects_done
[SYNC-COMMIT-PHASE] node=C stage=idle provider= height=2553 local=2553 phase=persist_registry_begin
2026/05/20 15:14:07 [REGISTRY-REPAIR] height=2553 source=committed_carry_forward from=2552 validators=4
[ACTIVATION-FALLBACK] id=C height=2554 source=chain_parent_commitment reason=snapshot_missing
[SYNC-COMMIT-PHASE] node=C stage=idle provider= height=2553 local=2553 phase=persist_registry_done
[SYNC-COMMIT-PHASE] node=C stage=idle provider= height=2553 local=2553 phase=apply_validator_updates_begin
[SYNC-COMMIT-PHASE] node=C stage=idle provider= height=2553 local=2553 phase=apply_validator_updates_done
[SYNC-COMMIT-PHASE] node=C stage=idle provider= height=2553 local=2553 phase=observe_candidates_begin
Validator heartbeat: B | reported_height=2553 | finalized_height=2553 | local_exec_epoch=2554
Validator heartbeat: B | reported_height=2553 | finalized_height=2553 | local_exec_epoch=2554
[SYNC-COMMIT-PHASE] node=C stage=idle provider= height=2553 local=2553 phase=observe_candidates_done
[SYNC-COMMIT-PHASE] node=C stage=idle provider= height=2553 local=2553 phase=apply_validator_update_txs_begin
Validator heartbeat: C | reported_height=2553 | finalized_height=2553 | local_exec_epoch=2554
[SYNC-COMMIT-PHASE] node=C stage=idle provider= height=2553 local=2553 phase=apply_validator_update_txs_done
[SYNC-COMMIT-PHASE] node=C stage=idle provider= height=2553 local=2553 phase=apply_scheduled_updates_begin
[SYNC-SCHEDULED-UPDATES] stage=idle provider= current_height=2553 step=queue_inactive_removals_begin update_height=2553 due_transition=false defer_for_sync=false update_blocked=false planned_only=false updated=false processed_adds=0 processed_removes=0 next_transition_height=0 transition_validators=0 next_validators=0
Heartbeat sent: C finalized=2553 epoch=2554
Validator heartbeat received: B | reported_height=2553 | finalized_height=2553 | local_exec_epoch=2554
[SNAPSHOT-PUBLISH] deferred height=2553 reason=auto_publish_interval_10
Validator heartbeat received: B | reported_height=2553 | finalized_height=2553 | local_exec_epoch=2554
[SYNC-SCHEDULED-UPDATES] stage=idle provider= current_height=2553 step=queue_inactive_removals_done update_height=2553 due_transition=false defer_for_sync=false update_blocked=false planned_only=false updated=false processed_adds=0 processed_removes=0 next_transition_height=0 transition_validators=0 next_validators=0
[SYNC-SCHEDULED-UPDATES] stage=idle provider= current_height=2553 step=sync_gate_snapshot_state_begin update_height=2553 due_transition=false defer_for_sync=false update_blocked=false planned_only=false updated=false processed_adds=0 processed_removes=0 next_transition_height=0 transition_validators=0 next_validators=0
[SYNC-SCHEDULED-UPDATES] stage=idle provider= current_height=2553 step=sync_gate_snapshot_state_done update_height=2553 due_transition=false defer_for_sync=false update_blocked=false planned_only=false updated=false processed_adds=0 processed_removes=0 next_transition_height=0 transition_validators=0 next_validators=0
[SYNC-SCHEDULED-UPDATES] stage=idle provider= current_height=2553 step=apply_queued_set_update_begin update_height=2553 due_transition=false defer_for_sync=false update_blocked=false planned_only=false updated=false processed_adds=0 processed_removes=0 next_transition_height=0 transition_validators=0 next_validators=0
[SYNC-SCHEDULED-UPDATES] stage=idle provider= current_height=2553 step=apply_queued_set_update_done update_height=2553 due_transition=false defer_for_sync=false update_blocked=false planned_only=false updated=false processed_adds=0 processed_removes=0 next_transition_height=0 transition_validators=0 next_validators=0
[SYNC-SCHEDULED-UPDATES] stage=idle provider= current_height=2553 step=validator_set_lock_begin update_height=2553 due_transition=false defer_for_sync=false update_blocked=false planned_only=false updated=false processed_adds=0 processed_removes=0 next_transition_height=0 transition_validators=0 next_validators=0
[SYNC-SCHEDULED-UPDATES] stage=idle provider= current_height=2553 step=validator_set_lock_acquired update_height=2553 due_transition=false defer_for_sync=false update_blocked=false planned_only=false updated=false processed_adds=0 processed_removes=0 next_transition_height=0 transition_validators=0 next_validators=0
[SYNC-SCHEDULED-UPDATES] stage=idle provider= current_height=2553 step=compute_next_transition_height_begin update_height=2553 due_transition=false defer_for_sync=false update_blocked=false planned_only=false updated=false processed_adds=0 processed_removes=0 next_transition_height=0 transition_validators=0 next_validators=0
[SYNC-SCHEDULED-UPDATES] stage=idle provider= current_height=2553 step=compute_next_transition_height_done update_height=2553 due_transition=false defer_for_sync=false update_blocked=false planned_only=false updated=false processed_adds=0 processed_removes=0 next_transition_height=0 transition_validators=0 next_validators=0
[SYNC-SCHEDULED-UPDATES] stage=idle provider= current_height=2553 step=due_transition_eval_begin update_height=2553 due_transition=false defer_for_sync=false update_blocked=false planned_only=false updated=false processed_adds=0 processed_removes=0 next_transition_height=0 transition_validators=0 next_validators=0
[SYNC-SCHEDULED-UPDATES] stage=idle provider= current_height=2553 step=due_transition_eval_done update_height=2553 due_transition=false defer_for_sync=false update_blocked=false planned_only=false updated=false processed_adds=0 processed_removes=0 next_transition_height=0 transition_validators=0 next_validators=0
[SYNC-SCHEDULED-UPDATES] stage=idle provider= current_height=2553 step=defer_for_sync_eval_begin update_height=2553 due_transition=false defer_for_sync=false update_blocked=false planned_only=false updated=false processed_adds=0 processed_removes=0 next_transition_height=0 transition_validators=0 next_validators=0
[SYNC-SCHEDULED-UPDATES] stage=idle provider= current_height=2553 step=defer_for_sync_eval_done update_height=2553 due_transition=false defer_for_sync=false update_blocked=false planned_only=false updated=false processed_adds=0 processed_removes=0 next_transition_height=0 transition_validators=0 next_validators=0
[SYNC-SCHEDULED-UPDATES] stage=idle provider= current_height=2553 step=scheduled_transition_validators_begin update_height=2553 due_transition=false defer_for_sync=false update_blocked=false planned_only=false updated=false processed_adds=0 processed_removes=0 next_transition_height=0 transition_validators=0 next_validators=0
[SYNC-SCHEDULED-UPDATES] stage=idle provider= current_height=2553 step=scheduled_transition_validators_done update_height=2553 due_transition=false defer_for_sync=false update_blocked=false planned_only=false updated=false processed_adds=0 processed_removes=0 next_transition_height=0 transition_validators=4 next_validators=0
[SYNC-SCHEDULED-UPDATES] stage=idle provider= current_height=2553 step=build_next_validators_begin update_height=2553 due_transition=false defer_for_sync=false update_blocked=false planned_only=false updated=false processed_adds=0 processed_removes=0 next_transition_height=0 transition_validators=4 next_validators=0
[SYNC-SCHEDULED-UPDATES] stage=idle provider= current_height=2553 step=build_next_validators_done update_height=2553 due_transition=false defer_for_sync=false update_blocked=false planned_only=false updated=false processed_adds=0 processed_removes=0 next_transition_height=0 transition_validators=4 next_validators=4
[SYNC-SCHEDULED-UPDATES] stage=idle provider= current_height=2553 step=transition_quorum_begin update_height=2553 due_transition=false defer_for_sync=false update_blocked=false planned_only=false updated=false processed_adds=0 processed_removes=0 next_transition_height=0 transition_validators=4 next_validators=4
[SYNC-SCHEDULED-UPDATES] stage=idle provider= current_height=2553 step=transition_quorum_done update_height=2553 due_transition=false defer_for_sync=false update_blocked=false planned_only=false updated=false processed_adds=0 processed_removes=0 next_transition_height=0 transition_validators=4 next_validators=4
[SYNC-SCHEDULED-UPDATES] stage=idle provider= current_height=2553 step=transition_plan_write_begin update_height=2553 due_transition=false defer_for_sync=false update_blocked=false planned_only=false updated=false processed_adds=0 processed_removes=0 next_transition_height=0 transition_validators=4 next_validators=4
[SYNC-SCHEDULED-UPDATES] stage=idle provider= current_height=2553 step=transition_plan_write_done update_height=2553 due_transition=false defer_for_sync=false update_blocked=false planned_only=false updated=false processed_adds=0 processed_removes=0 next_transition_height=0 transition_validators=4 next_validators=4
[SYNC-SCHEDULED-UPDATES] stage=idle provider= current_height=2553 step=finalize_pending_maps_begin update_height=2553 due_transition=false defer_for_sync=false update_blocked=false planned_only=false updated=false processed_adds=0 processed_removes=0 next_transition_height=0 transition_validators=4 next_validators=4
[SYNC-SCHEDULED-UPDATES] stage=idle provider= current_height=2553 step=finalize_pending_maps_done update_height=2553 due_transition=false defer_for_sync=false update_blocked=false planned_only=false updated=false processed_adds=0 processed_removes=0 next_transition_height=0 transition_validators=4 next_validators=4
[SYNC-SCHEDULED-UPDATES] stage=idle provider= current_height=2553 step=active_transition_heights_begin update_height=2553 due_transition=false defer_for_sync=false update_blocked=false planned_only=false updated=false processed_adds=0 processed_removes=0 next_transition_height=0 transition_validators=4 next_validators=4
[SYNC-SCHEDULED-UPDATES] stage=idle provider= current_height=2553 step=active_transition_heights_done update_height=2553 due_transition=false defer_for_sync=false update_blocked=false planned_only=false updated=false processed_adds=0 processed_removes=0 next_transition_height=0 transition_validators=4 next_validators=4
[SYNC-SCHEDULED-UPDATES] stage=idle provider= current_height=2553 step=validator_set_unlock update_height=2553 due_transition=false defer_for_sync=false update_blocked=false planned_only=false updated=false processed_adds=0 processed_removes=0 next_transition_height=0 transition_validators=4 next_validators=4
[SYNC-SCHEDULED-UPDATES] stage=idle provider= current_height=2553 step=retry_clear_begin update_height=2553 due_transition=false defer_for_sync=false update_blocked=false planned_only=false updated=false processed_adds=0 processed_removes=0 next_transition_height=0 transition_validators=4 next_validators=4
[SYNC-SCHEDULED-UPDATES] stage=idle provider= current_height=2553 step=retry_clear_done update_height=2553 due_transition=false defer_for_sync=false update_blocked=false planned_only=false updated=false processed_adds=0 processed_removes=0 next_transition_height=0 transition_validators=4 next_validators=4
[SYNC-SCHEDULED-UPDATES] stage=idle provider= current_height=2553 step=prune_retry_begin update_height=2553 due_transition=false defer_for_sync=false update_blocked=false planned_only=false updated=false processed_adds=0 processed_removes=0 next_transition_height=0 transition_validators=4 next_validators=4
[SYNC-SCHEDULED-UPDATES] stage=idle provider= current_height=2553 step=prune_retry_done update_height=2553 due_transition=false defer_for_sync=false update_blocked=false planned_only=false updated=false processed_adds=0 processed_removes=0 next_transition_height=0 transition_validators=4 next_validators=4
[SYNC-SCHEDULED-UPDATES] stage=idle provider= current_height=2553 step=onboarding_tracker_begin update_height=2553 due_transition=false defer_for_sync=false update_blocked=false planned_only=false updated=false processed_adds=0 processed_removes=0 next_transition_height=0 transition_validators=4 next_validators=4
[SYNC-SCHEDULED-UPDATES] stage=idle provider= current_height=2553 step=onboarding_tracker_done update_height=2553 due_transition=false defer_for_sync=false update_blocked=false planned_only=false updated=false processed_adds=0 processed_removes=0 next_transition_height=0 transition_validators=4 next_validators=4
[SYNC-SCHEDULED-UPDATES] stage=idle provider= current_height=2553 step=broadcast_validator_info_begin update_height=2553 due_transition=false defer_for_sync=false update_blocked=false planned_only=false updated=false processed_adds=0 processed_removes=0 next_transition_height=0 transition_validators=4 next_validators=4
[SYNC-SCHEDULED-UPDATES] stage=idle provider= current_height=2553 step=broadcast_validator_info_done update_height=2553 due_transition=false defer_for_sync=false update_blocked=false planned_only=false updated=false processed_adds=0 processed_removes=0 next_transition_height=0 transition_validators=4 next_validators=4
[SYNC-SCHEDULED-UPDATES] stage=idle provider= current_height=2553 step=final_update_log_begin update_height=2553 due_transition=false defer_for_sync=false update_blocked=false planned_only=false updated=false processed_adds=0 processed_removes=0 next_transition_height=0 transition_validators=4 next_validators=4
[SYNC-SCHEDULED-UPDATES] stage=idle provider= current_height=2553 step=final_update_log_done update_height=2553 due_transition=false defer_for_sync=false update_blocked=false planned_only=false updated=false processed_adds=0 processed_removes=0 next_transition_height=0 transition_validators=4 next_validators=4
[SYNC-SCHEDULED-UPDATES] stage=idle provider= current_height=2553 step=snapshot_epoch_validators_begin update_height=2553 due_transition=false defer_for_sync=false update_blocked=false planned_only=false updated=false processed_adds=0 processed_removes=0 next_transition_height=0 transition_validators=4 next_validators=4
[SYNC-CLEAR] reason=up_to_date local=2553 target=0
[CONSENSUS] height=2553 vhash=d75b74ab validators=4
[SYNC-SCHEDULED-UPDATES] stage=idle provider= current_height=2553 step=snapshot_epoch_validators_done update_height=2553 due_transition=false defer_for_sync=false update_blocked=false planned_only=false updated=false processed_adds=0 processed_removes=0 next_transition_height=0 transition_validators=4 next_validators=4
[SYNC-COMMIT-PHASE] node=C stage=idle provider= height=2553 local=2553 phase=apply_scheduled_updates_done
[SYNC-COMMIT-PHASE] node=C stage=idle provider= height=2553 local=2553 phase=snapshot_epoch_validators_begin
[SYNC-COMMIT-PHASE] node=C stage=idle provider= height=2553 local=2553 phase=snapshot_epoch_validators_done
[SYNC-COMMIT-PHASE] node=C stage=idle provider= height=2553 local=2553 phase=start_next_round_begin
[SYNC-COMMIT-PHASE] node=C stage=idle provider= height=2553 local=2553 phase=start_next_round_done
[SYNC-COMMIT-PHASE] node=C stage=idle provider= height=2553 local=2553 phase=clear_exec_results_begin
[SYNC-COMMIT-PHASE] node=C stage=idle provider= height=2553 local=2553 phase=clear_exec_results_done
[SYNC-COMMIT-PHASE] node=C stage=idle provider= height=2553 local=2553 phase=update_validator_metrics_begin
[SYNC-COMMIT-PHASE] node=C stage=idle provider= height=2553 local=2553 phase=update_validator_metrics_done
[SYNC-COMMIT-PHASE] node=C stage=idle provider= height=2553 local=2553 phase=enter_safe_mode_begin
[SYNC-COMMIT-PHASE] node=C stage=idle provider= height=2553 local=2553 phase=enter_safe_mode_done
[SYNC-COMMIT-PHASE] node=C stage=idle provider= height=2553 local=2553 phase=ensure_tip_snapshot_begin
[SYNC-COMMIT-PHASE] node=C stage=idle provider= height=2553 local=2553 phase=ensure_tip_snapshot_done
ðŸ§¹ Pruning snapshot @ height 1552
[SAFE-MODE] height=2554 window=2s live=2 required=3 heartbeat_live=2 out_of_drift=0 committee=4 ended=started
[STATUS] height=2553 finalized=2553 peers=4 validators=2 strict_live=2 heartbeat_live=2 out_of_drift=0 drift_limit=8 syncing=false sync_complete=true execution_ready=true execution_reason=ready gossip=true gossip_pipeline=new_block_gossip_validate_apply consensus_running=true mode=validator vote=true propose=true role=validator validator_state=active warmup_seconds=0 ready=true reason=ready snapshot_source=none expected_source=chain_parent_commitment expected_hash=d75b74ab resolved_source=chain_parent_commitment resolved_hash=d75b74ab next_source=carry_forward next_hash=d75b74ab got_hash= authority=chain_parent_commitment hash_mode=legacy
Pruning validator registry snapshot @ height 1552
Pruning validator registry snapshot @ height 1552
[SYNC-COMMIT-PHASE] node=C stage=idle provider= height=2553 local=2553 phase=prune_snapshots_done
[SYNC-COMMIT-PHASE] node=C stage=idle provider= height=2553 local=2553 phase=publish_required_snapshot_begin
[SYNC-COMMIT-PHASE] node=C stage=idle provider= height=2553 local=2553 phase=publish_required_snapshot_done
[COMMIT] node=C h=2553 hash=625f37ab by=B type=TIME txs=0
[SYNC-COMMIT-PHASE] node=C stage=idle provider= height=2553 local=2553 phase=commit_log_done
[SYNC-COMMIT-PHASE] node=C stage=idle provider= height=2553 local=2553 phase=touch_signers_begin
[SYNC-COMMIT-PHASE] node=C stage=idle provider= height=2553 local=2553 phase=touch_signers_done
[SYNC-COMMIT-PHASE] node=C stage=idle provider= height=2553 local=2553 phase=maybe_exit_sync_begin
[SYNC-COMMIT-PHASE] node=C stage=idle provider= height=2553 local=2553 phase=done
[STARTUP-COMMITMENT] mode=v2 commitment_height=1 check_h=2554 expected=d75b74ab source=chain_parent_commitment
[SYNC-SERVE-REQUEST] peer=12D3KooW requested=2552-2552 snapshot=false snapshot_height=0
[SYNC-SERVE-RESPONSE] peer=12D3KooW requested=2552-2552 served=2552-2552 count=1 snapshot=false tip_gap=false historical_gap=false duration_ms=1
Ã°Å¸â€œÂ¦ Sent blocks 2552-2552 (1 blocks) to 12D3KooWE7bMkbbpLoSHKB43JdTZm9zkgqvf1iCQdGAqFFBDa42W
[LIVENESS] scope=safe_mode height=2554 live=2 required=3 heartbeat_live=2 out_of_drift=0 committee=4 reasons={consensus_not_ready=1,inactive=1} sample=[A:consensus_not_ready,G:inactive]
2026/05/20 15:14:07 [VOTE-STALE-ACCEPT] reason=committed_proposal_unresolved signer=B height=2553 round=3 vote_block=9cc11a97 exec=23fa9b93 tx_merkle=
Candidate heartbeat received: F | reported_height=2552 | finalized_height=2552 | local_exec_epoch=2553
Candidate heartbeat received: F | reported_height=2552 | finalized_height=2552 | local_exec_epoch=2553
Candidate heartbeat received: D | reported_height=2551 | finalized_height=2551 | local_exec_epoch=2552
Candidate heartbeat received: D | reported_height=2551 | finalized_height=2551 | local_exec_epoch=2552
Candidate heartbeat received: F | reported_height=2552 | finalized_height=2552 | local_exec_epoch=2553
Candidate heartbeat received: F | reported_height=2552 | finalized_height=2552 | local_exec_epoch=2553
Validator heartbeat: A | reported_height=2546 | finalized_height=2546 | local_exec_epoch=2547
Validator heartbeat: A | reported_height=2546 | finalized_height=2546 | local_exec_epoch=2547
[SAFE-MODE] height=2554 window=2s live=2 required=3 ended=timeout
Validator heartbeat received: A | reported_height=2546 | finalized_height=2546 | local_exec_epoch=2547
Validator heartbeat received: A | reported_height=2546 | finalized_height=2546 | local_exec_epoch=2547
[SYNC-SERVE-REQUEST] peer=12D3KooW requested=2553-2553 snapshot=false snapshot_height=0
[SYNC-SERVE-RESPONSE] peer=12D3KooW requested=2553-2553 served=2553-2553 count=1 snapshot=false tip_gap=false historical_gap=false duration_ms=1
Ã°Å¸â€œÂ¦ Sent blocks 2553-2553 (1 blocks) to 12D3KooWETqM63k4eBQTHnBZ2jzRd4SCLBX7fMSz6BcnGFUohp9U
Candidate heartbeat received: D | reported_height=2551 | finalized_height=2551 | local_exec_epoch=2552
Candidate heartbeat received: D | reported_height=2551 | finalized_height=2551 | local_exec_epoch=2552
Candidate heartbeat received: F | reported_height=2552 | finalized_height=2552 | local_exec_epoch=2553
Candidate heartbeat received: F | reported_height=2552 | finalized_height=2552 | local_exec_epoch=2553
[SNAPSHOT-PUBLISH] deferred height=2553 reason=auto_publish_interval_10
[STARTUP-COMMITMENT] mode=v2 commitment_height=1 check_h=2554 expected=d75b74ab source=chain_parent_commitment
[LEADER-SKIP] height=2554 round=0->2 leader=B skipped=2
[ROUND-FAILOVER] height=2554 round=2 leader=B
Candidate heartbeat received: F | reported_height=2553 | finalized_height=2553 | local_exec_epoch=2554
Candidate heartbeat received: F | reported_height=2553 | finalized_height=2553 | local_exec_epoch=2554
Ã°Å¸â€œÂ¨ Consensus message from 12D3KooWE7bMkbbpLoSHKB43JdTZm9zkgqvf1iCQdGAqFFBDa42W: block_ack (size: 15 bytes)
Ã°Å¸â€Å’ Consensus stream EOF from 12D3KooWE7bMkbbpLoSHKB43JdTZm9zkgqvf1iCQdGAqFFBDa42W
Ã°Å¸â€Å’ Consensus stream closed with 12D3KooWE7bMkbbpLoSHKB43JdTZm9zkgqvf1iCQdGAqFFBDa42W
[SET-COMMITMENT-APPLY] height=2554 source=chain_parent_commitment mode=legacy hash=d75b74ab
Ã°Å¸â€œÂ¨ Consensus message from 12D3KooWHdmUKc1bYKY3scg6TqGhK3SutwH9hu1aAez4VmvwkEyk: leader_block (size: 1313 bytes)
Ã°Å¸â€œÂ¦ Leader block received from 12D3KooWHdmUKc1bYKY3scg6TqGhK3SutwH9hu1aAez4VmvwkEyk | height=2554 proposer=B
Ã°Å¸â€Å’ Consensus stream EOF from 12D3KooWHdmUKc1bYKY3scg6TqGhK3SutwH9hu1aAez4VmvwkEyk
Ã°Å¸â€Å’ Consensus stream closed with 12D3KooWHdmUKc1bYKY3scg6TqGhK3SutwH9hu1aAez4VmvwkEyk
2026/05/20 15:14:14 [EXEC-PROPOSAL-SELECT] height=2554 reason=observed prev_round=0 prev_block= round=2 block=c4fe604d voters=0 force=false
2026/05/20 15:14:14 [EXEC-BROADCAST] validator=C height=2554 round=2 block=c4fe604d prev=625f37ab tx_count=0 tx_merkle= exec=f430bf43 current_runtime=0acf458f current_execution=0acf458f current_tip=2553/625f37ab proposal=2554|2|c4fe604db4951ecf3696676023a3e1e0d113365b0881107a62cedc337ce92c39||f430bf43ea6be78d9dd3b7d1d61ce20611575010eac8e32993292683352fdc58 force=false
Ã°Å¸â€œÂ¨ Consensus message from 12D3KooWHdmUKc1bYKY3scg6TqGhK3SutwH9hu1aAez4VmvwkEyk: execution_result (size: 374 bytes)
Ã°Å¸â€Å’ Consensus stream EOF from 12D3KooWHdmUKc1bYKY3scg6TqGhK3SutwH9hu1aAez4VmvwkEyk
Ã°Å¸â€Å’ Consensus stream closed with 12D3KooWHdmUKc1bYKY3scg6TqGhK3SutwH9hu1aAez4VmvwkEyk
[REGISTRY-COMMITMENT-CHECK] height=2554 required=true parent_unanchored=false source=chain_parent_commitment expected=9cd32df6 got=9cd32df6
[EXEC-HASH] hint=2554 from=C exec=f430bf43
Execution hash received: C @ epoch 2554
2026/05/20 15:14:15 [VOTE-ACCEPT] reason=recorded signer=C height=2554 round=2 vote_block=c4fe604d current_block=c4fe604d proposal=2554|2|c4fe604db4951ecf3696676023a3e1e0d113365b0881107a62cedc337ce92c39||f430bf43ea6be78d9dd3b7d1d61ce20611575010eac8e32993292683352fdc58 exec=f430bf43 tx_merkle= votes=1 required=2
[EXEC-POOL] epoch=2554 hash=f430bf43 voters=1/4
[EXEC-QUORUM] epoch=2554 required=2 total=4 votes=1
[LEADER-BLOCK-REJECT] height=2554 round=2 reason=duplicate_proposal peer=12D3KooWHdmUKc1bYKY3scg6TqGhK3SutwH9hu1aAez4VmvwkEyk proposer=B block=c4fe604d
[LEADER-BLOCK-REJECT] height=2554 round=2 reason=duplicate_proposal peer= proposer=B block=c4fe604d
[REGISTRY-COMMITMENT-CHECK] height=2554 required=true parent_unanchored=false source=chain_parent_commitment expected=9cd32df6 got=9cd32df6
[EXEC-HASH] hint=2554 from=B exec=f430bf43
Execution hash received: B @ epoch 2554
2026/05/20 15:14:15 [VOTE-ACCEPT] reason=recorded signer=B height=2554 round=2 vote_block=c4fe604d current_block=c4fe604d proposal=2554|2|c4fe604db4951ecf3696676023a3e1e0d113365b0881107a62cedc337ce92c39||f430bf43ea6be78d9dd3b7d1d61ce20611575010eac8e32993292683352fdc58 exec=f430bf43 tx_merkle= votes=2 required=2
[EXEC-POOL] epoch=2554 hash=f430bf43 voters=2/4
[EXEC-QUORUM] epoch=2554 required=2 total=4 votes=2
Execution quorum reached (hash=f430bf43 votes=2/4)
2026/05/20 15:14:15 [EXEC-PRECOMMIT] height=2554 reason=quorum_precommit prev_round=0 prev_block= round=2 block=c4fe604d votes=2 required=2
[REGISTRY-COMMITMENT-CHECK] height=2554 required=true parent_unanchored=false source=chain_parent_commitment expected=9cd32df6 got=9cd32df6
2026/05/20 15:14:15 [EXEC-COMMIT] height=2554 reason=precommit_quorum round=2 block=75f5c1ec votes=2 required=2 precommits=2
[REGISTRY-COMMITMENT-CHECK] height=2554 required=true parent_unanchored=false source=chain_parent_commitment expected=9cd32df6 got=9cd32df6
[REGISTRY-PRECOMMIT] height=2554 source=committed_carry_forward header=9cd32df6 resolved=9cd32df6 validators=4
[SYNC-COMMIT-PHASE] node=C stage=idle provider= height=2554 local=2553 phase=process_block_begin
[SYNC-COMMIT-PHASE] node=C stage=idle provider= height=2554 local=2554 phase=process_block_committed
[SYNC-COMMIT-PHASE] node=C stage=idle provider= height=2554 local=2554 phase=post_block_effects_begin
âœ… Height finalized â†’ 2555
[EMISSION] h=2554 reward=3 treasury=1 validators=2 burn=0 applied_burn=0 chance_bps=10000
[SYNC-COMMIT-PHASE] node=C stage=idle provider= height=2554 local=2554 phase=post_block_effects_done
[SYNC-COMMIT-PHASE] node=C stage=idle provider= height=2554 local=2554 phase=persist_registry_begin
2026/05/20 15:14:15 [REGISTRY-REPAIR] height=2554 source=committed_carry_forward from=2553 validators=4
[ACTIVATION-FALLBACK] id=C height=2555 source=chain_parent_commitment reason=snapshot_missing
[SYNC-COMMIT-PHASE] node=C stage=idle provider= height=2554 local=2554 phase=persist_registry_done
[SYNC-COMMIT-PHASE] node=C stage=idle provider= height=2554 local=2554 phase=apply_validator_updates_begin
[SYNC-COMMIT-PHASE] node=C stage=idle provider= height=2554 local=2554 phase=apply_validator_updates_done
[SYNC-COMMIT-PHASE] node=C stage=idle provider= height=2554 local=2554 phase=observe_candidates_begin
[SYNC-COMMIT-PHASE] node=C stage=idle provider= height=2554 local=2554 phase=observe_candidates_done
[SYNC-COMMIT-PHASE] node=C stage=idle provider= height=2554 local=2554 phase=apply_validator_update_txs_begin
Validator heartbeat: B | reported_height=2554 | finalized_height=2554 | local_exec_epoch=2555
[SYNC-COMMIT-PHASE] node=C stage=idle provider= height=2554 local=2554 phase=apply_validator_update_txs_done
[SYNC-COMMIT-PHASE] node=C stage=idle provider= height=2554 local=2554 phase=apply_scheduled_updates_begin
[SYNC-SCHEDULED-UPDATES] stage=idle provider= current_height=2554 step=queue_inactive_removals_begin update_height=2554 due_transition=false defer_for_sync=false update_blocked=false planned_only=false updated=false processed_adds=0 processed_removes=0 next_transition_height=0 transition_validators=0 next_validators=0
Validator heartbeat: C | reported_height=2554 | finalized_height=2554 | local_exec_epoch=2555
Validator heartbeat: B | reported_height=2554 | finalized_height=2554 | local_exec_epoch=2555
Heartbeat sent: C finalized=2554 epoch=2555
[SYNC-SCHEDULED-UPDATES] stage=idle provider= current_height=2554 step=queue_inactive_removals_done update_height=2554 due_transition=false defer_for_sync=false update_blocked=false planned_only=false updated=false processed_adds=0 processed_removes=0 next_transition_height=0 transition_validators=0 next_validators=0
[SYNC-SCHEDULED-UPDATES] stage=idle provider= current_height=2554 step=sync_gate_snapshot_state_begin update_height=2554 due_transition=false defer_for_sync=false update_blocked=false planned_only=false updated=false processed_adds=0 processed_removes=0 next_transition_height=0 transition_validators=0 next_validators=0
[SYNC-SCHEDULED-UPDATES] stage=idle provider= current_height=2554 step=sync_gate_snapshot_state_done update_height=2554 due_transition=false defer_for_sync=false update_blocked=false planned_only=false updated=false processed_adds=0 processed_removes=0 next_transition_height=0 transition_validators=0 next_validators=0
[SYNC-SCHEDULED-UPDATES] stage=idle provider= current_height=2554 step=apply_queued_set_update_begin update_height=2554 due_transition=false defer_for_sync=false update_blocked=false planned_only=false updated=false processed_adds=0 processed_removes=0 next_transition_height=0 transition_validators=0 next_validators=0
[SYNC-SCHEDULED-UPDATES] stage=idle provider= current_height=2554 step=apply_queued_set_update_done update_height=2554 due_transition=false defer_for_sync=false update_blocked=false planned_only=false updated=false processed_adds=0 processed_removes=0 next_transition_height=0 transition_validators=0 next_validators=0
[SYNC-SCHEDULED-UPDATES] stage=idle provider= current_height=2554 step=validator_set_lock_begin update_height=2554 due_transition=false defer_for_sync=false update_blocked=false planned_only=false updated=false processed_adds=0 processed_removes=0 next_transition_height=0 transition_validators=0 next_validators=0
[SYNC-SCHEDULED-UPDATES] stage=idle provider= current_height=2554 step=validator_set_lock_acquired update_height=2554 due_transition=false defer_for_sync=false update_blocked=false planned_only=false updated=false processed_adds=0 processed_removes=0 next_transition_height=0 transition_validators=0 next_validators=0
[SYNC-SCHEDULED-UPDATES] stage=idle provider= current_height=2554 step=compute_next_transition_height_begin update_height=2554 due_transition=false defer_for_sync=false update_blocked=false planned_only=false updated=false processed_adds=0 processed_removes=0 next_transition_height=0 transition_validators=0 next_validators=0
[SYNC-SCHEDULED-UPDATES] stage=idle provider= current_height=2554 step=compute_next_transition_height_done update_height=2554 due_transition=false defer_for_sync=false update_blocked=false planned_only=false updated=false processed_adds=0 processed_removes=0 next_transition_height=0 transition_validators=0 next_validators=0
[SYNC-SCHEDULED-UPDATES] stage=idle provider= current_height=2554 step=due_transition_eval_begin update_height=2554 due_transition=false defer_for_sync=false update_blocked=false planned_only=false updated=false processed_adds=0 processed_removes=0 next_transition_height=0 transition_validators=0 next_validators=0
[SYNC-SCHEDULED-UPDATES] stage=idle provider= current_height=2554 step=due_transition_eval_done update_height=2554 due_transition=false defer_for_sync=false update_blocked=false planned_only=false updated=false processed_adds=0 processed_removes=0 next_transition_height=0 transition_validators=0 next_validators=0
[SYNC-SCHEDULED-UPDATES] stage=idle provider= current_height=2554 step=defer_for_sync_eval_begin update_height=2554 due_transition=false defer_for_sync=false update_blocked=false planned_only=false updated=false processed_adds=0 processed_removes=0 next_transition_height=0 transition_validators=0 next_validators=0
[SYNC-SCHEDULED-UPDATES] stage=idle provider= current_height=2554 step=defer_for_sync_eval_done update_height=2554 due_transition=false defer_for_sync=false update_blocked=false planned_only=false updated=false processed_adds=0 processed_removes=0 next_transition_height=0 transition_validators=0 next_validators=0
[SYNC-SCHEDULED-UPDATES] stage=idle provider= current_height=2554 step=scheduled_transition_validators_begin update_height=2554 due_transition=false defer_for_sync=false update_blocked=false planned_only=false updated=false processed_adds=0 processed_removes=0 next_transition_height=0 transition_validators=0 next_validators=0
[SYNC-SCHEDULED-UPDATES] stage=idle provider= current_height=2554 step=scheduled_transition_validators_done update_height=2554 due_transition=false defer_for_sync=false update_blocked=false planned_only=false updated=false processed_adds=0 processed_removes=0 next_transition_height=0 transition_validators=4 next_validators=0
[SYNC-SCHEDULED-UPDATES] stage=idle provider= current_height=2554 step=build_next_validators_begin update_height=2554 due_transition=false defer_for_sync=false update_blocked=false planned_only=false updated=false processed_adds=0 processed_removes=0 next_transition_height=0 transition_validators=4 next_validators=0
[SYNC-SCHEDULED-UPDATES] stage=idle provider= current_height=2554 step=build_next_validators_done update_height=2554 due_transition=false defer_for_sync=false update_blocked=false planned_only=false updated=false processed_adds=0 processed_removes=0 next_transition_height=0 transition_validators=4 next_validators=4
[SYNC-SCHEDULED-UPDATES] stage=idle provider= current_height=2554 step=transition_quorum_begin update_height=2554 due_transition=false defer_for_sync=false update_blocked=false planned_only=false updated=false processed_adds=0 processed_removes=0 next_transition_height=0 transition_validators=4 next_validators=4
[SYNC-SCHEDULED-UPDATES] stage=idle provider= current_height=2554 step=transition_quorum_done update_height=2554 due_transition=false defer_for_sync=false update_blocked=false planned_only=false updated=false processed_adds=0 processed_removes=0 next_transition_height=0 transition_validators=4 next_validators=4
[SYNC-SCHEDULED-UPDATES] stage=idle provider= current_height=2554 step=transition_plan_write_begin update_height=2554 due_transition=false defer_for_sync=false update_blocked=false planned_only=false updated=false processed_adds=0 processed_removes=0 next_transition_height=0 transition_validators=4 next_validators=4
[SYNC-SCHEDULED-UPDATES] stage=idle provider= current_height=2554 step=transition_plan_write_done update_height=2554 due_transition=false defer_for_sync=false update_blocked=false planned_only=false updated=false processed_adds=0 processed_removes=0 next_transition_height=0 transition_validators=4 next_validators=4
[SYNC-SCHEDULED-UPDATES] stage=idle provider= current_height=2554 step=finalize_pending_maps_begin update_height=2554 due_transition=false defer_for_sync=false update_blocked=false planned_only=false updated=false processed_adds=0 processed_removes=0 next_transition_height=0 transition_validators=4 next_validators=4
[SYNC-SCHEDULED-UPDATES] stage=idle provider= current_height=2554 step=finalize_pending_maps_done update_height=2554 due_transition=false defer_for_sync=false update_blocked=false planned_only=false updated=false processed_adds=0 processed_removes=0 next_transition_height=0 transition_validators=4 next_validators=4
[SYNC-SCHEDULED-UPDATES] stage=idle provider= current_height=2554 step=active_transition_heights_begin update_height=2554 due_transition=false defer_for_sync=false update_blocked=false planned_only=false updated=false processed_adds=0 processed_removes=0 next_transition_height=0 transition_validators=4 next_validators=4
[SYNC-SCHEDULED-UPDATES] stage=idle provider= current_height=2554 step=active_transition_heights_done update_height=2554 due_transition=false defer_for_sync=false update_blocked=false planned_only=false updated=false processed_adds=0 processed_removes=0 next_transition_height=0 transition_validators=4 next_validators=4
[SYNC-SCHEDULED-UPDATES] stage=idle provider= current_height=2554 step=validator_set_unlock update_height=2554 due_transition=false defer_for_sync=false update_blocked=false planned_only=false updated=false processed_adds=0 processed_removes=0 next_transition_height=0 transition_validators=4 next_validators=4
[SYNC-SCHEDULED-UPDATES] stage=idle provider= current_height=2554 step=retry_clear_begin update_height=2554 due_transition=false defer_for_sync=false update_blocked=false planned_only=false updated=false processed_adds=0 processed_removes=0 next_transition_height=0 transition_validators=4 next_validators=4
[SYNC-SCHEDULED-UPDATES] stage=idle provider= current_height=2554 step=retry_clear_done update_height=2554 due_transition=false defer_for_sync=false update_blocked=false planned_only=false updated=false processed_adds=0 processed_removes=0 next_transition_height=0 transition_validators=4 next_validators=4
[SYNC-SCHEDULED-UPDATES] stage=idle provider= current_height=2554 step=prune_retry_begin update_height=2554 due_transition=false defer_for_sync=false update_blocked=false planned_only=false updated=false processed_adds=0 processed_removes=0 next_transition_height=0 transition_validators=4 next_validators=4
[SYNC-SCHEDULED-UPDATES] stage=idle provider= current_height=2554 step=prune_retry_done update_height=2554 due_transition=false defer_for_sync=false update_blocked=false planned_only=false updated=false processed_adds=0 processed_removes=0 next_transition_height=0 transition_validators=4 next_validators=4
[SYNC-SCHEDULED-UPDATES] stage=idle provider= current_height=2554 step=onboarding_tracker_begin update_height=2554 due_transition=false defer_for_sync=false update_blocked=false planned_only=false updated=false processed_adds=0 processed_removes=0 next_transition_height=0 transition_validators=4 next_validators=4
[SYNC-SCHEDULED-UPDATES] stage=idle provider= current_height=2554 step=onboarding_tracker_done update_height=2554 due_transition=false defer_for_sync=false update_blocked=false planned_only=false updated=false processed_adds=0 processed_removes=0 next_transition_height=0 transition_validators=4 next_validators=4
[SYNC-SCHEDULED-UPDATES] stage=idle provider= current_height=2554 step=broadcast_validator_info_begin update_height=2554 due_transition=false defer_for_sync=false update_blocked=false planned_only=false updated=false processed_adds=0 processed_removes=0 next_transition_height=0 transition_validators=4 next_validators=4
[SYNC-SCHEDULED-UPDATES] stage=idle provider= current_height=2554 step=broadcast_validator_info_done update_height=2554 due_transition=false defer_for_sync=false update_blocked=false planned_only=false updated=false processed_adds=0 processed_removes=0 next_transition_height=0 transition_validators=4 next_validators=4
[SYNC-SCHEDULED-UPDATES] stage=idle provider= current_height=2554 step=final_update_log_begin update_height=2554 due_transition=false defer_for_sync=false update_blocked=false planned_only=false updated=false processed_adds=0 processed_removes=0 next_transition_height=0 transition_validators=4 next_validators=4
[SYNC-SCHEDULED-UPDATES] stage=idle provider= current_height=2554 step=final_update_log_done update_height=2554 due_transition=false defer_for_sync=false update_blocked=false planned_only=false updated=false processed_adds=0 processed_removes=0 next_transition_height=0 transition_validators=4 next_validators=4
[SYNC-SCHEDULED-UPDATES] stage=idle provider= current_height=2554 step=snapshot_epoch_validators_begin update_height=2554 due_transition=false defer_for_sync=false update_blocked=false planned_only=false updated=false processed_adds=0 processed_removes=0 next_transition_height=0 transition_validators=4 next_validators=4
Validator heartbeat received: B | reported_height=2554 | finalized_height=2554 | local_exec_epoch=2555
[SNAPSHOT-PUBLISH] deferred height=2554 reason=auto_publish_interval_10
[SYNC-SCHEDULED-UPDATES] stage=idle provider= current_height=2554 step=snapshot_epoch_validators_done update_height=2554 due_transition=false defer_for_sync=false update_blocked=false planned_only=false updated=false processed_adds=0 processed_removes=0 next_transition_height=0 transition_validators=4 next_validators=4
[SYNC-COMMIT-PHASE] node=C stage=idle provider= height=2554 local=2554 phase=apply_scheduled_updates_done
[SYNC-COMMIT-PHASE] node=C stage=idle provider= height=2554 local=2554 phase=snapshot_epoch_validators_begin
Validator heartbeat received: B | reported_height=2554 | finalized_height=2554 | local_exec_epoch=2555
[SYNC-CLEAR] reason=up_to_date local=2554 target=0
[SYNC-COMMIT-PHASE] node=C stage=idle provider= height=2554 local=2554 phase=snapshot_epoch_validators_done
[SYNC-COMMIT-PHASE] node=C stage=idle provider= height=2554 local=2554 phase=start_next_round_begin
[SYNC-COMMIT-PHASE] node=C stage=idle provider= height=2554 local=2554 phase=start_next_round_done
[SYNC-COMMIT-PHASE] node=C stage=idle provider= height=2554 local=2554 phase=clear_exec_results_begin
[SYNC-COMMIT-PHASE] node=C stage=idle provider= height=2554 local=2554 phase=clear_exec_results_done
[SYNC-COMMIT-PHASE] node=C stage=idle provider= height=2554 local=2554 phase=update_validator_metrics_begin
[SYNC-COMMIT-PHASE] node=C stage=idle provider= height=2554 local=2554 phase=update_validator_metrics_done
[SYNC-COMMIT-PHASE] node=C stage=idle provider= height=2554 local=2554 phase=enter_safe_mode_begin
[SYNC-COMMIT-PHASE] node=C stage=idle provider= height=2554 local=2554 phase=enter_safe_mode_done
[SYNC-COMMIT-PHASE] node=C stage=idle provider= height=2554 local=2554 phase=ensure_tip_snapshot_begin
[SYNC-COMMIT-PHASE] node=C stage=idle provider= height=2554 local=2554 phase=ensure_tip_snapshot_done
ðŸ§¹ Pruning snapshot @ height 1553
Pruning validator registry snapshot @ height 1553
[SAFE-MODE] height=2555 window=4.6161371s live=2 required=3 heartbeat_live=2 out_of_drift=0 committee=4 ended=started
Pruning validator registry snapshot @ height 1553
[SYNC-COMMIT-PHASE] node=C stage=idle provider= height=2554 local=2554 phase=prune_snapshots_done
[SYNC-COMMIT-PHASE] node=C stage=idle provider= height=2554 local=2554 phase=publish_required_snapshot_begin
[SYNC-COMMIT-PHASE] node=C stage=idle provider= height=2554 local=2554 phase=publish_required_snapshot_done
[COMMIT] node=C h=2554 hash=75f5c1ec by=B type=TIME txs=0
[SYNC-COMMIT-PHASE] node=C stage=idle provider= height=2554 local=2554 phase=commit_log_done
[SYNC-COMMIT-PHASE] node=C stage=idle provider= height=2554 local=2554 phase=touch_signers_begin
[SYNC-COMMIT-PHASE] node=C stage=idle provider= height=2554 local=2554 phase=touch_signers_done
[SYNC-COMMIT-PHASE] node=C stage=idle provider= height=2554 local=2554 phase=maybe_exit_sync_begin
[SYNC-COMMIT-PHASE] node=C stage=idle provider= height=2554 local=2554 phase=done
[STARTUP-COMMITMENT] mode=v2 commitment_height=1 check_h=2555 expected=d75b74ab source=chain_parent_commitment
[LIVENESS] scope=safe_mode height=2555 live=2 required=3 heartbeat_live=2 out_of_drift=0 committee=4 reasons={consensus_not_ready=1,inactive=1} sample=[A:consensus_not_ready,G:inactive]
2026/05/20 15:14:15 [VOTE-STALE-ACCEPT] reason=committed_proposal_unresolved signer=B height=2554 round=2 vote_block=c4fe604d exec=f430bf43 tx_merkle=
Candidate heartbeat received: D | reported_height=2552 | finalized_height=2552 | local_exec_epoch=2553
Candidate heartbeat received: D | reported_height=2552 | finalized_height=2552 | local_exec_epoch=2553
Candidate heartbeat received: F | reported_height=2553 | finalized_height=2553 | local_exec_epoch=2554
Candidate heartbeat received: F | reported_height=2553 | finalized_height=2553 | local_exec_epoch=2554
2026/05/20 15:14:17 [OK] goroutine pressure normalized: 174 (degrade mode off)
Candidate heartbeat received: D | reported_height=2552 | finalized_height=2552 | local_exec_epoch=2553
Candidate heartbeat received: D | reported_height=2552 | finalized_height=2552 | local_exec_epoch=2553
Candidate heartbeat received: F | reported_height=2553 | finalized_height=2553 | local_exec_epoch=2554
Candidate heartbeat received: F | reported_height=2553 | finalized_height=2553 | local_exec_epoch=2554
Validator heartbeat: A | reported_height=2547 | finalized_height=2547 | local_exec_epoch=2548
Validator heartbeat: A | reported_height=2547 | finalized_height=2547 | local_exec_epoch=2548
Validator heartbeat received: A | reported_height=2547 | finalized_height=2547 | local_exec_epoch=2548
Validator heartbeat received: A | reported_height=2547 | finalized_height=2547 | local_exec_epoch=2548
[SYNC-SERVE-REQUEST] peer=12D3KooW requested=2553-2553 snapshot=false snapshot_height=0
[SYNC-SERVE-RESPONSE] peer=12D3KooW requested=2553-2553 served=2553-2553 count=1 snapshot=false tip_gap=false historical_gap=false duration_ms=0
Ã°Å¸â€œÂ¦ Sent blocks 2553-2553 (1 blocks) to 12D3KooWE7bMkbbpLoSHKB43JdTZm9zkgqvf1iCQdGAqFFBDa42W
Candidate heartbeat received: F | reported_height=2553 | finalized_height=2553 | local_exec_epoch=2554
Candidate heartbeat received: F | reported_height=2553 | finalized_height=2553 | local_exec_epoch=2554
[STARTUP-COMMITMENT] mode=v2 commitment_height=1 check_h=2555 expected=d75b74ab source=chain_parent_commitment
[SAFE-MODE] height=2555 window=4.6161371s live=2 required=3 ended=timeout
[LEADER-SKIP] height=2555 round=0->1 leader=B skipped=1
[ROUND-FAILOVER] height=2555 round=1 leader=B
[CONSENSUS] height=2554 vhash=d75b74ab validators=4
[STATUS] height=2554 finalized=2554 peers=4 validators=2 strict_live=2 heartbeat_live=2 out_of_drift=0 drift_limit=8 syncing=false sync_complete=true execution_ready=true execution_reason=ready gossip=true gossip_pipeline=new_block_gossip_validate_apply consensus_running=true mode=validator vote=true propose=true role=validator validator_state=active warmup_seconds=0 ready=true reason=ready snapshot_source=none expected_source=chain_parent_commitment expected_hash=d75b74ab resolved_source=chain_parent_commitment resolved_hash=d75b74ab next_source=carry_forward next_hash=d75b74ab got_hash= authority=chain_parent_commitment hash_mode=legacy
[SYNC-SERVE-REQUEST] peer=12D3KooW requested=2554-2554 snapshot=false snapshot_height=0
[SYNC-SERVE-RESPONSE] peer=12D3KooW requested=2554-2554 served=2554-2554 count=1 snapshot=false tip_gap=false historical_gap=false duration_ms=0
Ã°Å¸â€œÂ¦ Sent blocks 2554-2554 (1 blocks) to 12D3KooWETqM63k4eBQTHnBZ2jzRd4SCLBX7fMSz6BcnGFUohp9U
Candidate heartbeat received: D | reported_height=2552 | finalized_height=2552 | local_exec_epoch=2553
Candidate heartbeat received: D | reported_height=2552 | finalized_height=2552 | local_exec_epoch=2553
Candidate heartbeat received: F | reported_height=2554 | finalized_height=2554 | local_exec_epoch=2555
Candidate heartbeat received: F | reported_height=2554 | finalized_height=2554 | local_exec_epoch=2555
[SET-COMMITMENT-APPLY] height=2555 source=chain_parent_commitment mode=legacy hash=d75b74ab
Ã°Å¸â€œÂ¨ Consensus message from 12D3KooWHdmUKc1bYKY3scg6TqGhK3SutwH9hu1aAez4VmvwkEyk: leader_block (size: 1313 bytes)
Ã°Å¸â€œÂ¦ Leader block received from 12D3KooWHdmUKc1bYKY3scg6TqGhK3SutwH9hu1aAez4VmvwkEyk | height=2555 proposer=B
Ã°Å¸â€Å’ Consensus stream EOF from 12D3KooWHdmUKc1bYKY3scg6TqGhK3SutwH9hu1aAez4VmvwkEyk
Ã°Å¸â€Å’ Consensus stream closed with 12D3KooWHdmUKc1bYKY3scg6TqGhK3SutwH9hu1aAez4VmvwkEyk
2026/05/20 15:14:24 [EXEC-PROPOSAL-SELECT] height=2555 reason=observed prev_round=0 prev_block= round=1 block=29dad335 voters=0 force=false
2026/05/20 15:14:25 [EXEC-BROADCAST] validator=C height=2555 round=1 block=29dad335 prev=75f5c1ec tx_count=0 tx_merkle= exec=72cce51f current_runtime=0acf458f current_execution=0acf458f current_tip=2554/75f5c1ec proposal=2555|1|29dad335727f99176c0922233cd0e59c19d1ea040263663ad53906009cdf94e5||72cce51f65efcbbcebc0d72466baa0d3e4d0cac14508dd56123079bde362699a force=false
[REGISTRY-COMMITMENT-CHECK] height=2555 required=true parent_unanchored=false source=chain_parent_commitment expected=9cd32df6 got=9cd32df6
Ã°Å¸â€œÂ¨ Consensus message from 12D3KooWHdmUKc1bYKY3scg6TqGhK3SutwH9hu1aAez4VmvwkEyk: execution_result (size: 374 bytes)
Ã°Å¸â€Å’ Consensus stream EOF from 12D3KooWHdmUKc1bYKY3scg6TqGhK3SutwH9hu1aAez4VmvwkEyk
Ã°Å¸â€Å’ Consensus stream closed with 12D3KooWHdmUKc1bYKY3scg6TqGhK3SutwH9hu1aAez4VmvwkEyk
[EXEC-HASH] hint=2555 from=C exec=72cce51f
Execution hash received: C @ epoch 2555
2026/05/20 15:14:25 [VOTE-ACCEPT] reason=recorded signer=C height=2555 round=1 vote_block=29dad335 current_block=29dad335 proposal=2555|1|29dad335727f99176c0922233cd0e59c19d1ea040263663ad53906009cdf94e5||72cce51f65efcbbcebc0d72466baa0d3e4d0cac14508dd56123079bde362699a exec=72cce51f tx_merkle= votes=1 required=2
[EXEC-POOL] epoch=2555 hash=72cce51f voters=1/4
[EXEC-QUORUM] epoch=2555 required=2 total=4 votes=1
[LEADER-BLOCK-REJECT] height=2555 round=1 reason=duplicate_proposal peer= proposer=B block=29dad335
[LEADER-BLOCK-REJECT] height=2555 round=1 reason=duplicate_proposal peer=12D3KooWHdmUKc1bYKY3scg6TqGhK3SutwH9hu1aAez4VmvwkEyk proposer=B block=29dad335
[REGISTRY-COMMITMENT-CHECK] height=2555 required=true parent_unanchored=false source=chain_parent_commitment expected=9cd32df6 got=9cd32df6
[EXEC-HASH] hint=2555 from=B exec=72cce51f
Execution hash received: B @ epoch 2555
2026/05/20 15:14:25 [VOTE-ACCEPT] reason=recorded signer=B height=2555 round=1 vote_block=29dad335 current_block=29dad335 proposal=2555|1|29dad335727f99176c0922233cd0e59c19d1ea040263663ad53906009cdf94e5||72cce51f65efcbbcebc0d72466baa0d3e4d0cac14508dd56123079bde362699a exec=72cce51f tx_merkle= votes=2 required=2
[EXEC-POOL] epoch=2555 hash=72cce51f voters=2/4
[EXEC-QUORUM] epoch=2555 required=2 total=4 votes=2
Execution quorum reached (hash=72cce51f votes=2/4)
2026/05/20 15:14:25 [EXEC-PRECOMMIT] height=2555 reason=quorum_precommit prev_round=0 prev_block= round=1 block=29dad335 votes=2 required=2
[REGISTRY-COMMITMENT-CHECK] height=2555 required=true parent_unanchored=false source=chain_parent_commitment expected=9cd32df6 got=9cd32df6
2026/05/20 15:14:25 [EXEC-COMMIT] height=2555 reason=precommit_quorum round=1 block=fb9ea080 votes=2 required=2 precommits=2
[REGISTRY-COMMITMENT-CHECK] height=2555 required=true parent_unanchored=false source=chain_parent_commitment expected=9cd32df6 got=9cd32df6
[REGISTRY-PRECOMMIT] height=2555 source=committed_carry_forward header=9cd32df6 resolved=9cd32df6 validators=4
[SYNC-COMMIT-PHASE] node=C stage=idle provider= height=2555 local=2554 phase=process_block_begin
[SYNC-COMMIT-PHASE] node=C stage=idle provider= height=2555 local=2555 phase=process_block_committed
[SYNC-COMMIT-PHASE] node=C stage=idle provider= height=2555 local=2555 phase=post_block_effects_begin
âœ… Height finalized â†’ 2556
[EMISSION] h=2555 reward=3 treasury=1 validators=2 burn=0 applied_burn=0 chance_bps=10000
[SYNC-COMMIT-PHASE] node=C stage=idle provider= height=2555 local=2555 phase=post_block_effects_done
[SYNC-COMMIT-PHASE] node=C stage=idle provider= height=2555 local=2555 phase=persist_registry_begin
2026/05/20 15:14:25 [REGISTRY-REPAIR] height=2555 source=committed_carry_forward from=2554 validators=4
[ACTIVATION-FALLBACK] id=C height=2556 source=chain_parent_commitment reason=snapshot_missing
[SYNC-COMMIT-PHASE] node=C stage=idle provider= height=2555 local=2555 phase=persist_registry_done
[SYNC-COMMIT-PHASE] node=C stage=idle provider= height=2555 local=2555 phase=apply_validator_updates_begin
[SYNC-COMMIT-PHASE] node=C stage=idle provider= height=2555 local=2555 phase=apply_validator_updates_done
[SYNC-COMMIT-PHASE] node=C stage=idle provider= height=2555 local=2555 phase=observe_candidates_begin
[SYNC-COMMIT-PHASE] node=C stage=idle provider= height=2555 local=2555 phase=observe_candidates_done
[SYNC-COMMIT-PHASE] node=C stage=idle provider= height=2555 local=2555 phase=apply_validator_update_txs_begin
Validator heartbeat: C | reported_height=2555 | finalized_height=2555 | local_exec_epoch=2556
[SYNC-COMMIT-PHASE] node=C stage=idle provider= height=2555 local=2555 phase=apply_validator_update_txs_done
[SYNC-COMMIT-PHASE] node=C stage=idle provider= height=2555 local=2555 phase=apply_scheduled_updates_begin
[SYNC-SCHEDULED-UPDATES] stage=idle provider= current_height=2555 step=queue_inactive_removals_begin update_height=2555 due_transition=false defer_for_sync=false update_blocked=false planned_only=false updated=false processed_adds=0 processed_removes=0 next_transition_height=0 transition_validators=0 next_validators=0
Heartbeat sent: C finalized=2555 epoch=2556
[SYNC-SCHEDULED-UPDATES] stage=idle provider= current_height=2555 step=queue_inactive_removals_done update_height=2555 due_transition=false defer_for_sync=false update_blocked=false planned_only=false updated=false processed_adds=0 processed_removes=0 next_transition_height=0 transition_validators=0 next_validators=0
[SYNC-SCHEDULED-UPDATES] stage=idle provider= current_height=2555 step=sync_gate_snapshot_state_begin update_height=2555 due_transition=false defer_for_sync=false update_blocked=false planned_only=false updated=false processed_adds=0 processed_removes=0 next_transition_height=0 transition_validators=0 next_validators=0
[SYNC-SCHEDULED-UPDATES] stage=idle provider= current_height=2555 step=sync_gate_snapshot_state_done update_height=2555 due_transition=false defer_for_sync=false update_blocked=false planned_only=false updated=false processed_adds=0 processed_removes=0 next_transition_height=0 transition_validators=0 next_validators=0
[SYNC-SCHEDULED-UPDATES] stage=idle provider= current_height=2555 step=apply_queued_set_update_begin update_height=2555 due_transition=false defer_for_sync=false update_blocked=false planned_only=false updated=false processed_adds=0 processed_removes=0 next_transition_height=0 transition_validators=0 next_validators=0
[SYNC-SCHEDULED-UPDATES] stage=idle provider= current_height=2555 step=apply_queued_set_update_done update_height=2555 due_transition=false defer_for_sync=false update_blocked=false planned_only=false updated=false processed_adds=0 processed_removes=0 next_transition_height=0 transition_validators=0 next_validators=0
[SYNC-SCHEDULED-UPDATES] stage=idle provider= current_height=2555 step=validator_set_lock_begin update_height=2555 due_transition=false defer_for_sync=false update_blocked=false planned_only=false updated=false processed_adds=0 processed_removes=0 next_transition_height=0 transition_validators=0 next_validators=0
[SYNC-SCHEDULED-UPDATES] stage=idle provider= current_height=2555 step=validator_set_lock_acquired update_height=2555 due_transition=false defer_for_sync=false update_blocked=false planned_only=false updated=false processed_adds=0 processed_removes=0 next_transition_height=0 transition_validators=0 next_validators=0
[SYNC-SCHEDULED-UPDATES] stage=idle provider= current_height=2555 step=compute_next_transition_height_begin update_height=2555 due_transition=false defer_for_sync=false update_blocked=false planned_only=false updated=false processed_adds=0 processed_removes=0 next_transition_height=0 transition_validators=0 next_validators=0
[SYNC-SCHEDULED-UPDATES] stage=idle provider= current_height=2555 step=compute_next_transition_height_done update_height=2555 due_transition=false defer_for_sync=false update_blocked=false planned_only=false updated=false processed_adds=0 processed_removes=0 next_transition_height=0 transition_validators=0 next_validators=0
[SYNC-SCHEDULED-UPDATES] stage=idle provider= current_height=2555 step=due_transition_eval_begin update_height=2555 due_transition=false defer_for_sync=false update_blocked=false planned_only=false updated=false processed_adds=0 processed_removes=0 next_transition_height=0 transition_validators=0 next_validators=0
[SYNC-SCHEDULED-UPDATES] stage=idle provider= current_height=2555 step=due_transition_eval_done update_height=2555 due_transition=false defer_for_sync=false update_blocked=false planned_only=false updated=false processed_adds=0 processed_removes=0 next_transition_height=0 transition_validators=0 next_validators=0
[SYNC-SCHEDULED-UPDATES] stage=idle provider= current_height=2555 step=defer_for_sync_eval_begin update_height=2555 due_transition=false defer_for_sync=false update_blocked=false planned_only=false updated=false processed_adds=0 processed_removes=0 next_transition_height=0 transition_validators=0 next_validators=0
[SYNC-SCHEDULED-UPDATES] stage=idle provider= current_height=2555 step=defer_for_sync_eval_done update_height=2555 due_transition=false defer_for_sync=false update_blocked=false planned_only=false updated=false processed_adds=0 processed_removes=0 next_transition_height=0 transition_validators=0 next_validators=0
[SYNC-SCHEDULED-UPDATES] stage=idle provider= current_height=2555 step=scheduled_transition_validators_begin update_height=2555 due_transition=false defer_for_sync=false update_blocked=false planned_only=false updated=false processed_adds=0 processed_removes=0 next_transition_height=0 transition_validators=0 next_validators=0
[SYNC-SCHEDULED-UPDATES] stage=idle provider= current_height=2555 step=scheduled_transition_validators_done update_height=2555 due_transition=false defer_for_sync=false update_blocked=false planned_only=false updated=false processed_adds=0 processed_removes=0 next_transition_height=0 transition_validators=4 next_validators=0
[SYNC-SCHEDULED-UPDATES] stage=idle provider= current_height=2555 step=build_next_validators_begin update_height=2555 due_transition=false defer_for_sync=false update_blocked=false planned_only=false updated=false processed_adds=0 processed_removes=0 next_transition_height=0 transition_validators=4 next_validators=0
[SYNC-SCHEDULED-UPDATES] stage=idle provider= current_height=2555 step=build_next_validators_done update_height=2555 due_transition=false defer_for_sync=false update_blocked=false planned_only=false updated=false processed_adds=0 processed_removes=0 next_transition_height=0 transition_validators=4 next_validators=4
[SYNC-SCHEDULED-UPDATES] stage=idle provider= current_height=2555 step=transition_quorum_begin update_height=2555 due_transition=false defer_for_sync=false update_blocked=false planned_only=false updated=false processed_adds=0 processed_removes=0 next_transition_height=0 transition_validators=4 next_validators=4
[SYNC-SCHEDULED-UPDATES] stage=idle provider= current_height=2555 step=transition_quorum_done update_height=2555 due_transition=false defer_for_sync=false update_blocked=false planned_only=false updated=false processed_adds=0 processed_removes=0 next_transition_height=0 transition_validators=4 next_validators=4
[SYNC-SCHEDULED-UPDATES] stage=idle provider= current_height=2555 step=transition_plan_write_begin update_height=2555 due_transition=false defer_for_sync=false update_blocked=false planned_only=false updated=false processed_adds=0 processed_removes=0 next_transition_height=0 transition_validators=4 next_validators=4
[SYNC-SCHEDULED-UPDATES] stage=idle provider= current_height=2555 step=transition_plan_write_done update_height=2555 due_transition=false defer_for_sync=false update_blocked=false planned_only=false updated=false processed_adds=0 processed_removes=0 next_transition_height=0 transition_validators=4 next_validators=4
[SYNC-SCHEDULED-UPDATES] stage=idle provider= current_height=2555 step=finalize_pending_maps_begin update_height=2555 due_transition=false defer_for_sync=false update_blocked=false planned_only=false updated=false processed_adds=0 processed_removes=0 next_transition_height=0 transition_validators=4 next_validators=4
[SYNC-SCHEDULED-UPDATES] stage=idle provider= current_height=2555 step=finalize_pending_maps_done update_height=2555 due_transition=false defer_for_sync=false update_blocked=false planned_only=false updated=false processed_adds=0 processed_removes=0 next_transition_height=0 transition_validators=4 next_validators=4
[SYNC-SCHEDULED-UPDATES] stage=idle provider= current_height=2555 step=active_transition_heights_begin update_height=2555 due_transition=false defer_for_sync=false update_blocked=false planned_only=false updated=false processed_adds=0 processed_removes=0 next_transition_height=0 transition_validators=4 next_validators=4
[SYNC-SCHEDULED-UPDATES] stage=idle provider= current_height=2555 step=active_transition_heights_done update_height=2555 due_transition=false defer_for_sync=false update_blocked=false planned_only=false updated=false processed_adds=0 processed_removes=0 next_transition_height=0 transition_validators=4 next_validators=4
[SYNC-SCHEDULED-UPDATES] stage=idle provider= current_height=2555 step=validator_set_unlock update_height=2555 due_transition=false defer_for_sync=false update_blocked=false planned_only=false updated=false processed_adds=0 processed_removes=0 next_transition_height=0 transition_validators=4 next_validators=4
[SYNC-SCHEDULED-UPDATES] stage=idle provider= current_height=2555 step=retry_clear_begin update_height=2555 due_transition=false defer_for_sync=false update_blocked=false planned_only=false updated=false processed_adds=0 processed_removes=0 next_transition_height=0 transition_validators=4 next_validators=4
[SYNC-SCHEDULED-UPDATES] stage=idle provider= current_height=2555 step=retry_clear_done update_height=2555 due_transition=false defer_for_sync=false update_blocked=false planned_only=false updated=false processed_adds=0 processed_removes=0 next_transition_height=0 transition_validators=4 next_validators=4
[SYNC-SCHEDULED-UPDATES] stage=idle provider= current_height=2555 step=prune_retry_begin update_height=2555 due_transition=false defer_for_sync=false update_blocked=false planned_only=false updated=false processed_adds=0 processed_removes=0 next_transition_height=0 transition_validators=4 next_validators=4
[SYNC-SCHEDULED-UPDATES] stage=idle provider= current_height=2555 step=prune_retry_done update_height=2555 due_transition=false defer_for_sync=false update_blocked=false planned_only=false updated=false processed_adds=0 processed_removes=0 next_transition_height=0 transition_validators=4 next_validators=4
[SYNC-SCHEDULED-UPDATES] stage=idle provider= current_height=2555 step=onboarding_tracker_begin update_height=2555 due_transition=false defer_for_sync=false update_blocked=false planned_only=false updated=false processed_adds=0 processed_removes=0 next_transition_height=0 transition_validators=4 next_validators=4
[SYNC-SCHEDULED-UPDATES] stage=idle provider= current_height=2555 step=onboarding_tracker_done update_height=2555 due_transition=false defer_for_sync=false update_blocked=false planned_only=false updated=false processed_adds=0 processed_removes=0 next_transition_height=0 transition_validators=4 next_validators=4
[SYNC-SCHEDULED-UPDATES] stage=idle provider= current_height=2555 step=broadcast_validator_info_begin update_height=2555 due_transition=false defer_for_sync=false update_blocked=false planned_only=false updated=false processed_adds=0 processed_removes=0 next_transition_height=0 transition_validators=4 next_validators=4
[SYNC-SCHEDULED-UPDATES] stage=idle provider= current_height=2555 step=broadcast_validator_info_done update_height=2555 due_transition=false defer_for_sync=false update_blocked=false planned_only=false updated=false processed_adds=0 processed_removes=0 next_transition_height=0 transition_validators=4 next_validators=4
[SYNC-SCHEDULED-UPDATES] stage=idle provider= current_height=2555 step=final_update_log_begin update_height=2555 due_transition=false defer_for_sync=false update_blocked=false planned_only=false updated=false processed_adds=0 processed_removes=0 next_transition_height=0 transition_validators=4 next_validators=4
[SYNC-SCHEDULED-UPDATES] stage=idle provider= current_height=2555 step=final_update_log_done update_height=2555 due_transition=false defer_for_sync=false update_blocked=false planned_only=false updated=false processed_adds=0 processed_removes=0 next_transition_height=0 transition_validators=4 next_validators=4
[SYNC-SCHEDULED-UPDATES] stage=idle provider= current_height=2555 step=snapshot_epoch_validators_begin update_height=2555 due_transition=false defer_for_sync=false update_blocked=false planned_only=false updated=false processed_adds=0 processed_removes=0 next_transition_height=0 transition_validators=4 next_validators=4
[SYNC-SCHEDULED-UPDATES] stage=idle provider= current_height=2555 step=snapshot_epoch_validators_done update_height=2555 due_transition=false defer_for_sync=false update_blocked=false planned_only=false updated=false processed_adds=0 processed_removes=0 next_transition_height=0 transition_validators=4 next_validators=4
[SYNC-COMMIT-PHASE] node=C stage=idle provider= height=2555 local=2555 phase=apply_scheduled_updates_done
[SYNC-COMMIT-PHASE] node=C stage=idle provider= height=2555 local=2555 phase=snapshot_epoch_validators_begin
[SYNC-COMMIT-PHASE] node=C stage=idle provider= height=2555 local=2555 phase=snapshot_epoch_validators_done
[SYNC-COMMIT-PHASE] node=C stage=idle provider= height=2555 local=2555 phase=start_next_round_begin
[SYNC-COMMIT-PHASE] node=C stage=idle provider= height=2555 local=2555 phase=start_next_round_done
[SYNC-COMMIT-PHASE] node=C stage=idle provider= height=2555 local=2555 phase=clear_exec_results_begin
[SYNC-COMMIT-PHASE] node=C stage=idle provider= height=2555 local=2555 phase=clear_exec_results_done
[SYNC-COMMIT-PHASE] node=C stage=idle provider= height=2555 local=2555 phase=update_validator_metrics_begin
[SYNC-COMMIT-PHASE] node=C stage=idle provider= height=2555 local=2555 phase=update_validator_metrics_done
[SYNC-COMMIT-PHASE] node=C stage=idle provider= height=2555 local=2555 phase=enter_safe_mode_begin
Validator heartbeat: B | reported_height=2555 | finalized_height=2555 | local_exec_epoch=2556
Validator heartbeat: B | reported_height=2555 | finalized_height=2555 | local_exec_epoch=2556
[SYNC-COMMIT-PHASE] node=C stage=idle provider= height=2555 local=2555 phase=enter_safe_mode_done
[SYNC-COMMIT-PHASE] node=C stage=idle provider= height=2555 local=2555 phase=ensure_tip_snapshot_begin
[SYNC-COMMIT-PHASE] node=C stage=idle provider= height=2555 local=2555 phase=ensure_tip_snapshot_done
ðŸ§¹ Pruning snapshot @ height 1554
Pruning validator registry snapshot @ height 1554
Validator heartbeat received: B | reported_height=2555 | finalized_height=2555 | local_exec_epoch=2556
[SNAPSHOT-PUBLISH] deferred height=2555 reason=auto_publish_interval_10
Validator heartbeat received: B | reported_height=2555 | finalized_height=2555 | local_exec_epoch=2556
[SYNC-CLEAR] reason=up_to_date local=2555 target=0
[SAFE-MODE] height=2556 window=6.9626743s live=2 required=3 heartbeat_live=2 out_of_drift=0 committee=4 ended=started
Pruning validator registry snapshot @ height 1554
[SYNC-COMMIT-PHASE] node=C stage=idle provider= height=2555 local=2555 phase=prune_snapshots_done
[SYNC-COMMIT-PHASE] node=C stage=idle provider= height=2555 local=2555 phase=publish_required_snapshot_begin
[SYNC-COMMIT-PHASE] node=C stage=idle provider= height=2555 local=2555 phase=publish_required_snapshot_done
[COMMIT] node=C h=2555 hash=fb9ea080 by=B type=TIME txs=0
[SYNC-COMMIT-PHASE] node=C stage=idle provider= height=2555 local=2555 phase=commit_log_done
[SYNC-COMMIT-PHASE] node=C stage=idle provider= height=2555 local=2555 phase=touch_signers_begin
[SYNC-COMMIT-PHASE] node=C stage=idle provider= height=2555 local=2555 phase=touch_signers_done
[SYNC-COMMIT-PHASE] node=C stage=idle provider= height=2555 local=2555 phase=maybe_exit_sync_begin
[SYNC-COMMIT-PHASE] node=C stage=idle provider= height=2555 local=2555 phase=done
[STARTUP-COMMITMENT] mode=v2 commitment_height=1 check_h=2556 expected=d75b74ab source=chain_parent_commitment
[LIVENESS] scope=safe_mode height=2556 live=2 required=3 heartbeat_live=2 out_of_drift=0 committee=4 reasons={consensus_not_ready=1,inactive=1} sample=[A:consensus_not_ready,G:inactive]
2026/05/20 15:14:25 [VOTE-STALE-ACCEPT] reason=committed_proposal_unresolved signer=B height=2555 round=1 vote_block=29dad335 exec=72cce51f tx_merkle=
Candidate heartbeat received: F | reported_height=2554 | finalized_height=2554 | local_exec_epoch=2555
Candidate heartbeat received: F | reported_height=2554 | finalized_height=2554 | local_exec_epoch=2555
Validator heartbeat: A | reported_height=2548 | finalized_height=2548 | local_exec_epoch=2549
Validator heartbeat: A | reported_height=2548 | finalized_height=2548 | local_exec_epoch=2549
Validator heartbeat received: A | reported_height=2548 | finalized_height=2548 | local_exec_epoch=2549
Validator heartbeat received: A | reported_height=2548 | finalized_height=2548 | local_exec_epoch=2549
Candidate heartbeat received: D | reported_height=2553 | finalized_height=2553 | local_exec_epoch=2554
Candidate heartbeat received: D | reported_height=2553 | finalized_height=2553 | local_exec_epoch=2554
2026/05/20 15:14:27 map stats: seen_blocks=4 seen_txs=0 fork_heights=0 fork_blocks=0 exec_results_keys=0 exec_results_total=0 pending_blocks=0 queued_exec_votes_keys=0 queued_exec_votes_total=0 accepted_proposal=0 exec_broadcasted_epochs=0 exec_broadcasted_keys=0 exec_signer_seen_epochs=0 exec_signer_seen_total=0 exec_broadcasted_by_val_epochs=0 exec_broadcasted_by_val_total=0 exec_rebroadcast_epochs=0 validator_status=5 candidates=2 peer_state=22 peers_connected=4 peers_connecting=0 peer_suspect=0 allowed_peers=3 pending_validators=0 pending_removals=0 queued_validator_updates=0 height_report_epochs=2 height_report_total=3 misbehavior_validators=0 misbehavior_total=0 exec_mismatch_tracked=0 exec_vote_replay_cache=2
Attempting to connect to 4 peers
Ã°Å¸â€œÂ¨ Consensus message from 12D3KooWE7bMkbbpLoSHKB43JdTZm9zkgqvf1iCQdGAqFFBDa42W: block_ack (size: 15 bytes)
Ã°Å¸â€Å’ Consensus stream EOF from 12D3KooWE7bMkbbpLoSHKB43JdTZm9zkgqvf1iCQdGAqFFBDa42W
Ã°Å¸â€Å’ Consensus stream closed with 12D3KooWE7bMkbbpLoSHKB43JdTZm9zkgqvf1iCQdGAqFFBDa42W
