CHAIN config loaded: chain_id=91938 moniker=Mainnet-Node-1 genesis_path=genesis.json genesis_hash=bcfca8ea5bca4a07d4a32b1f8fe1770316615962bb3487c1fcf3c2dca6a17405
P2P config loaded: listen= external= seeds=4 persistent=4 persist_peer_id_refresh=false
P2P config loaded: persist_peer_id_refresh=false (explicit)
P2P config loaded: prune_localhost_on_refused=true (explicit)
P2P config loaded: prune_localhost_refused_failures=3 (explicit)
CONSENSUS config loaded: propose=3s prevote=1s precommit=1s commit=5s min_block_interval=4s recompute_pause=4s weak_subjectivity_depth=2048 max_future_gap=256 validator_set_commitment_v2_height=1 validator_set_hash_v3_height=0 deterministic_tx_order=true round_timeout=2s round_max=0 round_skew=1 barrier_relax=1m0s barrier_drop=1 barrier_retry_mode=per_block exec_quorum_emergency=true penalty_mode=converged_only invalid_proposer_q=4 exec_mismatch_q=3 exec_mismatch_slash=5 propose_requires_sync_ready=true post_block_safe_mode=true safe_mode_min=2s safe_mode_max=8s safe_mode_history=32 safe_mode_live_quorum_bps=6700
CONSENSUS config loaded: weak_subjectivity_depth=2048 (explicit)
CONSENSUS config loaded: max_future_block_gap=256 (explicit)
CONSENSUS config loaded: validator_set_commitment_v2_height=1 (explicit)
CONSENSUS config loaded: enforce_deterministic_tx_order=true (explicit)
CONSENSUS config loaded: proposer_round_timeout_seconds=2 (explicit)
CONSENSUS config loaded: proposer_round_max_skew=1 (explicit)
CONSENSUS config loaded: transition_barrier_relax_seconds=60 (explicit)
CONSENSUS config loaded: transition_barrier_max_drop=1 (explicit)
CONSENSUS config loaded: transition_barrier_retry_mode=per_block (explicit)
CONSENSUS config loaded: exec_quorum_emergency_enabled=true (explicit)
CONSENSUS config loaded: penalty_enforce_mode=converged_only (explicit)
CONSENSUS config loaded: invalid_proposer_quarantine_after=4 (explicit)
CONSENSUS config loaded: exec_mismatch_quarantine_after=3 (explicit)
CONSENSUS config loaded: exec_mismatch_slash_after=5 (explicit)
CONSENSUS config loaded: propose_requires_sync_ready=true (explicit)
CONSENSUS config loaded: core_pending_excluded_from_proposer=true (explicit)
CONSENSUS config loaded: core_activation_effective_height_buffer=64 (explicit)
CONSENSUS config loaded: post_block_safe_mode_enabled=true (explicit)
CONSENSUS config loaded: post_block_safe_mode_min_seconds=2 (explicit)
CONSENSUS config loaded: post_block_safe_mode_max_seconds=8 (explicit)
CONSENSUS config loaded: post_block_safe_mode_history_blocks=32 (explicit)
CONSENSUS config loaded: post_block_safe_mode_live_quorum_bps=6700 (explicit)
RPC config loaded: addr=127.0.0.1:26657 cors=[*] tls_cert=false tls_key=false auth_read=false auth_submit=false token_full=false token_read=false token_submit=false
VALIDATOR config loaded: dynamic=true deterministic=true equal_chance=true active_set=5 min_active=4 min_stake=100 cap=0.0500 uptime_window=1000 recovery=0.30 long_uptime=0.95 require_stake=true core_stake_exempt=true onboarding_grace_blocks=64 onboarding_max_new_slots=1 onboarding_strict_activation=true activation_delay=5 activation_model_v2_height=0 inactive_remove_blocks=8 rotation_window=50 banned=0 inactivity_penalty=true burn_bps=100 jail=500 cooldown=50 inactive_permanent=false heartbeat_ttl=25s grace=10s drift_blocks=8 rejoin_heartbeats=3 rejoin_signed=1 rejoin_window=16 fail_on_key_unavailable=true allow_identity_rotation=false active_set_mode=adaptive_committee max_active_committee=512 adaptive_log_mult=16 committee_rotation=32 activity_window=64 min_signed=1 heartbeat_scope=committee_only required_key_fingerprint= backup_required=true backup_dir=secure-backups backup_max_age_h=24 restore_on_missing=true allow_env_password_in_production=true password_mode=file_or_prompt
VALIDATOR config loaded: equal_chance_selection=true (explicit)
VALIDATOR config loaded: require_stake=true (explicit)
VALIDATOR config loaded: core_stake_exempt=true (explicit)
VALIDATOR config loaded: inactivity_penalty_enabled=true (explicit)
VALIDATOR config loaded: inactivity_penalty_burn_bps=100 (explicit)
VALIDATOR config loaded: inactivity_penalty_jail_blocks=500 (explicit)
VALIDATOR config loaded: inactivity_penalty_cooldown_blocks=50 (explicit)
VALIDATOR config loaded: permanent_remove_on_inactive=false (explicit)
VALIDATOR config loaded: liveness_heartbeat_ttl_seconds=25 (explicit)
VALIDATOR config loaded: liveness_grace_seconds=10 (explicit)
VALIDATOR config loaded: liveness_max_height_drift_blocks=8 (explicit)
VALIDATOR config loaded: rejoin_required_heartbeats=3 (explicit)
VALIDATOR config loaded: rejoin_required_signed_blocks=1 (explicit)
VALIDATOR config loaded: rejoin_window_blocks=16 (explicit)
VALIDATOR config loaded: fail_on_key_unavailable=true (explicit)
VALIDATOR config loaded: allow_identity_rotation_on_existing_chain=false (explicit)
VALIDATOR config loaded: active_set_mode=adaptive_committee (explicit)
VALIDATOR config loaded: max_active_committee=512 (explicit)
VALIDATOR config loaded: adaptive_committee_log_multiplier=16 (explicit)
VALIDATOR config loaded: committee_rotation_blocks=32 (explicit)
VALIDATOR config loaded: selection_activity_window_blocks=64 (explicit)
VALIDATOR config loaded: selection_min_signed_blocks=1 (explicit)
VALIDATOR config loaded: onboarding_grace_blocks=64 (explicit)
VALIDATOR config loaded: onboarding_max_new_slots=1 (explicit)
VALIDATOR config loaded: onboarding_strict_activation=true (explicit)
VALIDATOR config loaded: validator_set_activation_model_v2_height=0 (explicit)
VALIDATOR config loaded: validator_set_autoheal_mode=validator_quorum (explicit)
VALIDATOR config loaded: validator_set_autoheal_trusted_only_on_mismatch=true (explicit)
VALIDATOR config loaded: validator_set_autoheal_near_tip_force_after=2 (explicit)
VALIDATOR config loaded: validator_set_autoheal_pause_seconds=6 (explicit)
VALIDATOR config loaded: onboarding_bootstrap_lane_enabled=true (explicit)
VALIDATOR config loaded: onboarding_bootstrap_max_new_slots=1 (explicit)
VALIDATOR config loaded: onboarding_bootstrap_require_stake=true (explicit)
VALIDATOR config loaded: onboarding_bootstrap_require_not_jailed=true (explicit)
VALIDATOR config loaded: heartbeat_scope=committee_only (explicit)
VALIDATOR config loaded: required_key_fingerprint= (explicit)
VALIDATOR config loaded: key_backup_required=true (explicit)
VALIDATOR config loaded: key_backup_dir=secure-backups (explicit)
VALIDATOR config loaded: key_backup_max_age_hours=24 (explicit)
VALIDATOR config loaded: key_restore_allowed_on_missing=true (explicit)
VALIDATOR config loaded: allow_env_password_in_production=true (explicit)
VALIDATOR config loaded: core_env_password_allowed=true (explicit)
VALIDATOR config loaded: core_password_file= (explicit)
VALIDATOR config loaded: password_mode=file_or_prompt (explicit)
PROMO config loaded: obs=50 dcs=0.8500 uptime=98.00% div=70.00% div_epochs=20 srp=0.9000 srp_alpha=0.15 rate=1/100 test=false
NET config loaded: disable_dht=false block_public_peers=false diversity=true max_subnet=8 v4=24 v6=64 self_heal=true interval=5s min_peers=3 stall=20s autonat=false relay=false hole_punch=false
NET config loaded: mdns=true
NET config loaded: peer_diversity_enabled=true (explicit)
NET config loaded: peer_diversity_max_per_subnet=8 (explicit)
NET config loaded: peer_diversity_ipv4_prefix=24 (explicit)
NET config loaded: peer_diversity_ipv6_prefix=64 (explicit)
SYNC config loaded: snapshot_threshold_blocks=2000 (explicit)
SYNC config loaded: fresh_join_fallback_block_replay_enabled=true (explicit)
SYNC config loaded: snapshot_publish_new_node_threshold_blocks=50 (explicit)
SYNC config loaded: snapshot_publish_lag_threshold_blocks=20 (explicit)
SYNC config loaded: snapshot_publish_reannounce_cooldown_seconds=12 (explicit)
SYNC config loaded: snapshot_warmup_seconds=10 (explicit)
SYNC config loaded: fast_block_sync_max_blocks=256 (explicit)
SYNC config loaded: restart_snapshot_grace_blocks=256 (explicit)
SYNC config loaded: delta_replay_max_blocks=50000 (explicit)
SYNC config loaded: delta_replay_batch_blocks=1024 (explicit)
SYNC config loaded: delta_replay_verify_workers=8 (explicit)
SYNC config loaded: direct_gossip_max_blocks=128 (explicit)
SYNC config loaded: range_fetch_max_blocks=50000 (explicit)
SYNC config loaded: snapshot_delta_max_blocks=10000000 (explicit)
SYNC config loaded: snapshot_chunk_size_bytes=1048576 (explicit)
SYNC config loaded: snapshot_parallel_chunks=8 (explicit)
SYNC config loaded: sync_stall_seconds=180 (explicit)
SYNC config loaded: sync_peer_timeout_seconds=15 (explicit)
SYNC config loaded: snapshot_anchor_timeout_seconds=10 (explicit)
SYNC config loaded: snapshot_anchor_max_retries=6 (explicit)
SYNC config loaded: checkpoint_interval_blocks=32 (explicit)
SYNC config loaded: snapshot_checkpoint_domain=MSC_SNAPSHOT_V1 (explicit)
SYNC config loaded: snapshot_checkpoint_v2_height=0 (explicit)
SYNC config loaded: snapshot_session_ttl_seconds=0 (explicit)
SYNC config loaded: snapshot_quorum_apply_watchdog_seconds=15 (explicit)
SYNC config loaded: snapshot_session_reset_watchdog_seconds=60 (explicit)
SYNC config loaded: snapshot_invalid_proof_quarantine_after=3 (explicit)
SYNC config loaded: history_mode=background (explicit)
SYNC config loaded: trusted_snapshot_require_checkpoint_proof=true (explicit)
EVM config ignored: stack hard-disabled in this build
DTL config loaded: contract_runtime_removed=true contracts_v2=false compat_rpc_subset=false v2_activation_height=0 logs_index_enabled=true oracle_min_signers=3 oracle_staleness=120 lending_accrual_interval=1 beacon_delay=8 router_enabled=true router_max_hops=4 router_deadline_max_blocks=30 router_max_price_impact_bps=3000 router_quote_max_paths=16 defi_farm_enabled=true gamefi_season_enabled=true gamefi_reward_token=MSC
WARN dtl.solidity_like_runtime_enabled ignored: contract runtime removed
DTL config loaded: contracts_v2_enabled=false (explicit)
DTL config loaded: compat_rpc_subset_enabled=false (explicit)
DTL config loaded: v2_activation_height=0 (explicit)
DTL config loaded: logs_index_enabled=true (explicit)
DTL config loaded: oracle_min_signers=3 (explicit)
DTL config loaded: oracle_max_staleness_blocks=120 (explicit)
DTL config loaded: lending_accrual_interval_blocks=1 (explicit)
DTL config loaded: game_beacon_delay_blocks=8 (explicit)
WARN dtl.max_contract_call_depth ignored: contract runtime removed
WARN dtl.bytecode_runtime_enabled ignored: contract runtime removed
WARN dtl.bytecode_activation_height ignored: contract runtime removed
WARN dtl.bytecode_max_size ignored: contract runtime removed
WARN dtl.bytecode_require_canonical ignored: contract runtime removed
DTL config loaded: router_enabled=true (explicit)
DTL config loaded: router_max_hops=4 (explicit)
DTL config loaded: router_deadline_max_blocks=30 (explicit)
DTL config loaded: router_max_price_impact_bps=3000 (explicit)
DTL config loaded: router_quote_max_paths=16 (explicit)
DTL config loaded: defi_farm_enabled=true (explicit)
DTL config loaded: gamefi_season_enabled=true (explicit)
DTL config loaded: gamefi_reward_token=MSC (explicit)
DTL config loaded: gamefi_season_length_blocks=43200 (explicit)
DTL config loaded: gamefi_claim_grace_blocks=21600 (explicit)
DTL config loaded: gamefi_fee_share_from_pool_bps=2500 (explicit)
DTL config loaded: gamefi_fee_share_from_lending_bps=2000 (explicit)
DTL config loaded: gamefi_duel_win_points=100 (explicit)
DTL config loaded: gamefi_tournament_win_points=600 (explicit)
DTL config loaded: gamefi_tournament_participation_points=80 (explicit)
DTL config loaded: farm_min_stake_blocks=50 (explicit)
DTL config loaded: farm_lp_points_per_block=1 (explicit)
DTL config loaded: farm_max_multiplier_bps=30000 (explicit)
DTL config loaded: gamefi_max_reward_per_account_per_season=1000000 (explicit)
[DTL-CONTRACT-RUNTIME] removed=true
TOKENOMICS config loaded: allow_treasury_ops=false
TOKENOMICS config loaded: random_user_reward_enabled=true
TOKENOMICS config loaded: random_user_reward_chance_bps=2500
TOKENOMICS config loaded: emission_enabled=true
TOKENOMICS config loaded: emission_min_reward=2
TOKENOMICS config loaded: emission_max_reward=4
TOKENOMICS config loaded: work_block_reward_enabled=true
TOKENOMICS config loaded: work_block_base_reward=2
TOKENOMICS config loaded: emission_jackpot_chance_bps=100
TOKENOMICS config loaded: emission_base_chance_bps=10000
TOKENOMICS config loaded: emission_high_chance_after_blocks=1105840
TOKENOMICS config loaded: emission_high_chance_bps=10000
TOKENOMICS config loaded: emission_halving_interval_blocks=1105840
TOKENOMICS config loaded: emission_treasury_bps=2000
TOKENOMICS config loaded: emission_validator_bps=7200
TOKENOMICS config loaded: emission_burn_bps=800
TOKENOMICS config loaded: emission_interval_mode=false
TOKENOMICS config loaded: emission_gap_min_blocks=4
TOKENOMICS config loaded: emission_gap_max_blocks=6
TOKENOMICS config loaded: emission_validator_to_proposer=false
TOKENOMICS config loaded: supply_burn_floor=62000000
TOKENOMICS config loaded: unified_team_reward_enabled=true
TOKENOMICS config loaded: unified_team_reward_treasury_bps=2000
TOKENOMICS config loaded: unified_team_reward_proposer_bps=3500
TOKENOMICS config loaded: unified_team_reward_validator_bps=4500
AUTH config loaded: require_wallet=true open_browser=true timeout=600s challenge_ttl=180s token_ttl=86400s core=[A B C D]
CORE config loaded: registry_path=core_validators.json (explicit)
CORE config loaded: registry_enforcement=warn (explicit)
CORE config loaded: registry_min_signatures=0 (explicit)
CORE config loaded: registry_reload_seconds=10 (explicit)
STORAGE config loaded: key_env=MSC_DB_ENCRYPTION_KEY key_file= key_hex=false key_b64=false
STORAGE runtime: db_encryption=false
2026/05/19 10:25:03 RPC address resolved: 127.0.0.1:26659 (source=cli)
===============================================
===============================================
Node ID     : C
Mode        : full
Role        : validator
Data Dir    : data/C
Listen Port : 7003
===============================================
2026/05/19 10:25:03 [PEER-BOOTSTRAP-RECONCILE] base=/ip4/127.0.0.1/tcp/7001 old=12D3KooWGpHi5kd7qv2bb4kt8mj82B5qZKPvfyTxEcg5XvbxaTXg new=12D3KooWPVKESWFG9sS8G6vjhfPn54kWuNFkkuHwG4yQXhYRcXjX source=peers.json
2026/05/19 10:25:03 [PEER-BOOTSTRAP-RECONCILE] base=/ip4/127.0.0.1/tcp/7002 old=12D3KooWNV3HvPD8CJkhRRdvgv5mvshg49kE4cbQnbkhZq1G7msh new=12D3KooWHdmUKc1bYKY3scg6TqGhK3SutwH9hu1aAez4VmvwkEyk source=peers.json
2026/05/19 10:25:03 [PEER-BOOTSTRAP-RECONCILE] base=/ip4/127.0.0.1/tcp/7004 old=12D3KooWGMgUyWLAv69e7RP2BHtN5PJyVfwFo8ZM95mzKNsJSZ5V new=12D3KooWE7bMkbbpLoSHKB43JdTZm9zkgqvf1iCQdGAqFFBDa42W source=peers.json
2026/05/19 10:25:03 validator key unlocked
2026/05/19 10:25:03 [KEY-AUDIT] validator=C backup_present=true backup_age_s=0 integrity=true
2026/05/19 10:25:03 [IDENTITY] key_loaded=true validator=C fingerprint=50f7a9ab14f0fa88 expected= match=true source=existing mode=strict
2026/05/19 10:25:03 SECURITY: storage DB encryption is disabled. Configure [storage] encryption key and OS disk encryption (BitLocker/LUKS/FileVault).
2026/05/19 10:25:03 [JOB 1] WAL file C:\Users\Mohammad Talha\OneDrive\Desktop\msc-chain\data\C\node_C\state.db\011764.log with log number 011764 stopped reading at offset: 256400; replayed 86 keys in 43 batches
2026/05/19 10:25:03 [JOB 1] WAL file C:\Users\Mohammad Talha\OneDrive\Desktop\msc-chain\data\C\node_C\state.db\011770.log with log number 011770 stopped reading at offset: 810960; replayed 272 keys in 136 batches
2026/05/19 10:25:03 [JOB 1] WAL file C:\Users\Mohammad Talha\OneDrive\Desktop\msc-chain\data\C\node_C\blocks.db\000298.log with log number 000298 stopped reading at offset: 0; replayed 0 keys in 0 batches
2026/05/19 10:25:04 [JOB 1] WAL file C:\Users\Mohammad Talha\OneDrive\Desktop\msc-chain\data\C\node_C\tx.db\000255.log with log number 000255 stopped reading at offset: 0; replayed 0 keys in 0 batches
2026/05/19 10:25:04 [JOB 1] WAL file C:\Users\Mohammad Talha\OneDrive\Desktop\msc-chain\data\C\node_C\meta.db\000495.log with log number 000495 stopped reading at offset: 12172; replayed 179 keys in 179 batches
[REGISTRY-BOOTSTRAP] height=0 chain_height=2546 reason=early_height
[WARN] consensus validator set unresolved height=1 chain_height=2546 expected_hash= local_hash= local_source=none snapshot_missing=false
[COMMITTEE] height=2 size=4 target=4 hash=34a93d19
[SET-FREEZE] height=2 vhash=34a93d19 size=4
2026/05/19 10:25:37 [REGISTRY-HISTORY-REBUILD] height=2546 status=scheduled reason=consensus_set_unresolved
[WARN] consensus validator set unresolved height=2466 chain_height=2546 expected_hash=d75b74ab local_hash= local_source=none snapshot_missing=false
2026/05/19 10:25:37 [REGISTRY-HISTORY-REBUILD] height=2546 status=started reason=consensus_set_unresolved
[EMISSION] h=1970 reward=2 treasury=1 validators=1 burn=0 applied_burn=0 chance_bps=10000
2026/05/19 10:25:37 [STARTUP-EXECUTION-SNAPSHOT] action=rebuild resume base=1970 target=2546
[WARN] consensus validator set unresolved height=2467 chain_height=2546 expected_hash=d75b74ab local_hash= local_source=none snapshot_missing=false
[WARN] consensus validator set unresolved height=2468 chain_height=2546 expected_hash=d75b74ab local_hash= local_source=none snapshot_missing=false
[EMISSION] h=1971 reward=4 treasury=1 validators=2 burn=1 applied_burn=0 chance_bps=10000
[EMISSION] h=1972 reward=4 treasury=1 validators=2 burn=1 applied_burn=0 chance_bps=10000
[WARN] consensus validator set unresolved height=2469 chain_height=2546 expected_hash=d75b74ab local_hash= local_source=none snapshot_missing=false
[WARN] consensus validator set unresolved height=2470 chain_height=2546 expected_hash=d75b74ab local_hash= local_source=none snapshot_missing=false
[EMISSION] h=1973 reward=2 treasury=1 validators=1 burn=0 applied_burn=0 chance_bps=10000
[WARN] consensus validator set unresolved height=2471 chain_height=2546 expected_hash=d75b74ab local_hash= local_source=none snapshot_missing=false
[WARN] consensus validator set unresolved height=2472 chain_height=2546 expected_hash=d75b74ab local_hash= local_source=none snapshot_missing=false
[EMISSION] h=1974 reward=3 treasury=1 validators=2 burn=0 applied_burn=0 chance_bps=10000
[WARN] consensus validator set unresolved height=2473 chain_height=2546 expected_hash=d75b74ab local_hash= local_source=none snapshot_missing=false
[WARN] consensus validator set unresolved height=2474 chain_height=2546 expected_hash=d75b74ab local_hash= local_source=none snapshot_missing=false
[EMISSION] h=1975 reward=4 treasury=1 validators=2 burn=1 applied_burn=0 chance_bps=10000
[WARN] consensus validator set unresolved height=2475 chain_height=2546 expected_hash=d75b74ab local_hash= local_source=none snapshot_missing=false
[WARN] consensus validator set unresolved height=2476 chain_height=2546 expected_hash=d75b74ab local_hash= local_source=none snapshot_missing=false
[EMISSION] h=1976 reward=3 treasury=1 validators=2 burn=0 applied_burn=0 chance_bps=10000
[WARN] consensus validator set unresolved height=2477 chain_height=2546 expected_hash=d75b74ab local_hash= local_source=none snapshot_missing=false
[WARN] consensus validator set unresolved height=2478 chain_height=2546 expected_hash=d75b74ab local_hash= local_source=none snapshot_missing=false
[EMISSION] h=1977 reward=4 treasury=1 validators=2 burn=1 applied_burn=0 chance_bps=10000
[WARN] consensus validator set unresolved height=2479 chain_height=2546 expected_hash=d75b74ab local_hash= local_source=none snapshot_missing=false
[WARN] consensus validator set unresolved height=2480 chain_height=2546 expected_hash=d75b74ab local_hash= local_source=none snapshot_missing=false
[EMISSION] h=1978 reward=4 treasury=1 validators=2 burn=1 applied_burn=0 chance_bps=10000
[WARN] consensus validator set unresolved height=2481 chain_height=2546 expected_hash=d75b74ab local_hash= local_source=none snapshot_missing=false
[EMISSION] h=1979 reward=4 treasury=1 validators=2 burn=1 applied_burn=0 chance_bps=10000
[WARN] consensus validator set unresolved height=2482 chain_height=2546 expected_hash=d75b74ab local_hash= local_source=none snapshot_missing=false
[WARN] consensus validator set unresolved height=2483 chain_height=2546 expected_hash=d75b74ab local_hash= local_source=none snapshot_missing=false
[WARN] consensus validator set unresolved height=2484 chain_height=2546 expected_hash=d75b74ab local_hash= local_source=none snapshot_missing=false
[EMISSION] h=1980 reward=3 treasury=1 validators=2 burn=0 applied_burn=0 chance_bps=10000
[WARN] consensus validator set unresolved height=2485 chain_height=2546 expected_hash=d75b74ab local_hash= local_source=none snapshot_missing=false
[WARN] consensus validator set unresolved height=2486 chain_height=2546 expected_hash=d75b74ab local_hash= local_source=none snapshot_missing=false
[EMISSION] h=1981 reward=3 treasury=1 validators=2 burn=0 applied_burn=0 chance_bps=10000
[WARN] consensus validator set unresolved height=2487 chain_height=2546 expected_hash=d75b74ab local_hash= local_source=none snapshot_missing=false
[EMISSION] h=1982 reward=2 treasury=1 validators=1 burn=0 applied_burn=0 chance_bps=10000
[WARN] consensus validator set unresolved height=2488 chain_height=2546 expected_hash=d75b74ab local_hash= local_source=none snapshot_missing=false
[EMISSION] h=1983 reward=2 treasury=1 validators=1 burn=0 applied_burn=0 chance_bps=10000
[WARN] consensus validator set unresolved height=2489 chain_height=2546 expected_hash=d75b74ab local_hash= local_source=none snapshot_missing=false
[EMISSION] h=1984 reward=4 treasury=1 validators=2 burn=1 applied_burn=0 chance_bps=10000
[WARN] consensus validator set unresolved height=2490 chain_height=2546 expected_hash=d75b74ab local_hash= local_source=none snapshot_missing=false
[WARN] consensus validator set unresolved height=2491 chain_height=2546 expected_hash=d75b74ab local_hash= local_source=none snapshot_missing=false
[EMISSION] h=1985 reward=4 treasury=1 validators=2 burn=1 applied_burn=0 chance_bps=10000
[WARN] consensus validator set unresolved height=2492 chain_height=2546 expected_hash=d75b74ab local_hash= local_source=none snapshot_missing=false
[WARN] consensus validator set unresolved height=2493 chain_height=2546 expected_hash=d75b74ab local_hash= local_source=none snapshot_missing=false
[EMISSION] h=1986 reward=4 treasury=1 validators=2 burn=1 applied_burn=0 chance_bps=10000
[WARN] consensus validator set unresolved height=2494 chain_height=2546 expected_hash=d75b74ab local_hash= local_source=none snapshot_missing=false
[WARN] consensus validator set unresolved height=2495 chain_height=2546 expected_hash=d75b74ab local_hash= local_source=none snapshot_missing=false
[EMISSION] h=1987 reward=3 treasury=1 validators=2 burn=0 applied_burn=0 chance_bps=10000
[WARN] consensus validator set unresolved height=2496 chain_height=2546 expected_hash=d75b74ab local_hash= local_source=none snapshot_missing=false
[WARN] consensus validator set unresolved height=2497 chain_height=2546 expected_hash=d75b74ab local_hash= local_source=none snapshot_missing=false
[WARN] consensus validator set unresolved height=2498 chain_height=2546 expected_hash=d75b74ab local_hash= local_source=none snapshot_missing=false
[EMISSION] h=1988 reward=4 treasury=1 validators=2 burn=1 applied_burn=0 chance_bps=10000
[WARN] consensus validator set unresolved height=2499 chain_height=2546 expected_hash=d75b74ab local_hash= local_source=none snapshot_missing=false
[WARN] consensus validator set unresolved height=2500 chain_height=2546 expected_hash=d75b74ab local_hash= local_source=none snapshot_missing=false
[EMISSION] h=1989 reward=3 treasury=1 validators=2 burn=0 applied_burn=0 chance_bps=10000
[WARN] consensus validator set unresolved height=2501 chain_height=2546 expected_hash=d75b74ab local_hash= local_source=none snapshot_missing=false
[WARN] consensus validator set unresolved height=2502 chain_height=2546 expected_hash=d75b74ab local_hash= local_source=none snapshot_missing=false
[EMISSION] h=1990 reward=2 treasury=1 validators=1 burn=0 applied_burn=0 chance_bps=10000
[WARN] consensus validator set unresolved height=2503 chain_height=2546 expected_hash=d75b74ab local_hash= local_source=none snapshot_missing=false
[EMISSION] h=1991 reward=3 treasury=1 validators=2 burn=0 applied_burn=0 chance_bps=10000
[WARN] consensus validator set unresolved height=2504 chain_height=2546 expected_hash=d75b74ab local_hash= local_source=none snapshot_missing=false
[WARN] consensus validator set unresolved height=2505 chain_height=2546 expected_hash=d75b74ab local_hash= local_source=none snapshot_missing=false
[WARN] consensus validator set unresolved height=2506 chain_height=2546 expected_hash=d75b74ab local_hash= local_source=none snapshot_missing=false
[EMISSION] h=1992 reward=2 treasury=1 validators=1 burn=0 applied_burn=0 chance_bps=10000
[WARN] consensus validator set unresolved height=2507 chain_height=2546 expected_hash=d75b74ab local_hash= local_source=none snapshot_missing=false
[WARN] consensus validator set unresolved height=2508 chain_height=2546 expected_hash=d75b74ab local_hash= local_source=none snapshot_missing=false
[WARN] consensus validator set unresolved height=2509 chain_height=2546 expected_hash=d75b74ab local_hash= local_source=none snapshot_missing=false
[WARN] consensus validator set unresolved height=2510 chain_height=2546 expected_hash=d75b74ab local_hash= local_source=none snapshot_missing=false
[EMISSION] h=1993 reward=2 treasury=1 validators=1 burn=0 applied_burn=0 chance_bps=10000
[WARN] consensus validator set unresolved height=2511 chain_height=2546 expected_hash=d75b74ab local_hash= local_source=none snapshot_missing=false
[WARN] consensus validator set unresolved height=2512 chain_height=2546 expected_hash=d75b74ab local_hash= local_source=none snapshot_missing=false
[WARN] consensus validator set unresolved height=2513 chain_height=2546 expected_hash=d75b74ab local_hash= local_source=none snapshot_missing=false
[EMISSION] h=1994 reward=2 treasury=1 validators=1 burn=0 applied_burn=0 chance_bps=10000
[WARN] consensus validator set unresolved height=2514 chain_height=2546 expected_hash=d75b74ab local_hash= local_source=none snapshot_missing=false
[WARN] consensus validator set unresolved height=2515 chain_height=2546 expected_hash=d75b74ab local_hash= local_source=none snapshot_missing=false
[EMISSION] h=1995 reward=2 treasury=1 validators=1 burn=0 applied_burn=0 chance_bps=10000
[WARN] consensus validator set unresolved height=2516 chain_height=2546 expected_hash=d75b74ab local_hash= local_source=none snapshot_missing=false
[WARN] consensus validator set unresolved height=2517 chain_height=2546 expected_hash=d75b74ab local_hash= local_source=none snapshot_missing=false
[WARN] consensus validator set unresolved height=2518 chain_height=2546 expected_hash=d75b74ab local_hash= local_source=none snapshot_missing=false
[EMISSION] h=1996 reward=4 treasury=1 validators=2 burn=1 applied_burn=0 chance_bps=10000
[WARN] consensus validator set unresolved height=2519 chain_height=2546 expected_hash=d75b74ab local_hash= local_source=none snapshot_missing=false
[EMISSION] h=1997 reward=2 treasury=1 validators=1 burn=0 applied_burn=0 chance_bps=10000
[WARN] consensus validator set unresolved height=2520 chain_height=2546 expected_hash=d75b74ab local_hash= local_source=none snapshot_missing=false
[WARN] consensus validator set unresolved height=2521 chain_height=2546 expected_hash=d75b74ab local_hash= local_source=none snapshot_missing=false
[EMISSION] h=1998 reward=4 treasury=1 validators=2 burn=1 applied_burn=0 chance_bps=10000
[WARN] consensus validator set unresolved height=2522 chain_height=2546 expected_hash=d75b74ab local_hash= local_source=none snapshot_missing=false
[WARN] consensus validator set unresolved height=2523 chain_height=2546 expected_hash=d75b74ab local_hash= local_source=none snapshot_missing=false
[EMISSION] h=1999 reward=3 treasury=1 validators=2 burn=0 applied_burn=0 chance_bps=10000
[WARN] consensus validator set unresolved height=2524 chain_height=2546 expected_hash=d75b74ab local_hash= local_source=none snapshot_missing=false
[WARN] consensus validator set unresolved height=2525 chain_height=2546 expected_hash=d75b74ab local_hash= local_source=none snapshot_missing=false
[EMISSION] h=2000 reward=2 treasury=1 validators=1 burn=0 applied_burn=0 chance_bps=10000
[WARN] consensus validator set unresolved height=2526 chain_height=2546 expected_hash=d75b74ab local_hash= local_source=none snapshot_missing=false
[EMISSION] h=2001 reward=3 treasury=1 validators=2 burn=0 applied_burn=0 chance_bps=10000
[WARN] consensus validator set unresolved height=2527 chain_height=2546 expected_hash=d75b74ab local_hash= local_source=none snapshot_missing=false
[WARN] consensus validator set unresolved height=2528 chain_height=2546 expected_hash=d75b74ab local_hash= local_source=none snapshot_missing=false
[EMISSION] h=2002 reward=4 treasury=1 validators=2 burn=1 applied_burn=0 chance_bps=10000
[WARN] consensus validator set unresolved height=2529 chain_height=2546 expected_hash=d75b74ab local_hash= local_source=none snapshot_missing=false
[EMISSION] h=2003 reward=3 treasury=1 validators=2 burn=0 applied_burn=0 chance_bps=10000
[WARN] consensus validator set unresolved height=2530 chain_height=2546 expected_hash=d75b74ab local_hash= local_source=none snapshot_missing=false
[WARN] consensus validator set unresolved height=2531 chain_height=2546 expected_hash=d75b74ab local_hash= local_source=none snapshot_missing=false
[EMISSION] h=2004 reward=4 treasury=1 validators=2 burn=1 applied_burn=0 chance_bps=10000
[WARN] consensus validator set unresolved height=2532 chain_height=2546 expected_hash=d75b74ab local_hash= local_source=none snapshot_missing=false
[EMISSION] h=2005 reward=2 treasury=1 validators=1 burn=0 applied_burn=0 chance_bps=10000
[WARN] consensus validator set unresolved height=2533 chain_height=2546 expected_hash=d75b74ab local_hash= local_source=none snapshot_missing=false
[WARN] consensus validator set unresolved height=2534 chain_height=2546 expected_hash=d75b74ab local_hash= local_source=none snapshot_missing=false
[EMISSION] h=2006 reward=3 treasury=1 validators=2 burn=0 applied_burn=0 chance_bps=10000
[WARN] consensus validator set unresolved height=2535 chain_height=2546 expected_hash=d75b74ab local_hash= local_source=none snapshot_missing=false
[WARN] consensus validator set unresolved height=2536 chain_height=2546 expected_hash=d75b74ab local_hash= local_source=none snapshot_missing=false
[EMISSION] h=2007 reward=3 treasury=1 validators=2 burn=0 applied_burn=0 chance_bps=10000
[WARN] consensus validator set unresolved height=2537 chain_height=2546 expected_hash=d75b74ab local_hash= local_source=none snapshot_missing=false
[EMISSION] h=2008 reward=2 treasury=1 validators=1 burn=0 applied_burn=0 chance_bps=10000
[WARN] consensus validator set unresolved height=2538 chain_height=2546 expected_hash=d75b74ab local_hash= local_source=none snapshot_missing=false
[EMISSION] h=2009 reward=3 treasury=1 validators=2 burn=0 applied_burn=0 chance_bps=10000
[WARN] consensus validator set unresolved height=2539 chain_height=2546 expected_hash=d75b74ab local_hash= local_source=none snapshot_missing=false
[WARN] consensus validator set unresolved height=2540 chain_height=2546 expected_hash=d75b74ab local_hash= local_source=none snapshot_missing=false
[EMISSION] h=2010 reward=2 treasury=1 validators=1 burn=0 applied_burn=0 chance_bps=10000
[WARN] consensus validator set unresolved height=2541 chain_height=2546 expected_hash=d75b74ab local_hash= local_source=none snapshot_missing=false
[WARN] consensus validator set unresolved height=2542 chain_height=2546 expected_hash=d75b74ab local_hash= local_source=none snapshot_missing=false
[EMISSION] h=2011 reward=3 treasury=1 validators=2 burn=0 applied_burn=0 chance_bps=10000
[WARN] consensus validator set unresolved height=2543 chain_height=2546 expected_hash=d75b74ab local_hash= local_source=none snapshot_missing=false
[EMISSION] h=2012 reward=2 treasury=1 validators=1 burn=0 applied_burn=0 chance_bps=10000
[WARN] consensus validator set unresolved height=2544 chain_height=2546 expected_hash=d75b74ab local_hash= local_source=none snapshot_missing=false
[WARN] consensus validator set unresolved height=2545 chain_height=2546 expected_hash=d75b74ab local_hash= local_source=none snapshot_missing=false
[EMISSION] h=2013 reward=2 treasury=1 validators=1 burn=0 applied_burn=0 chance_bps=10000
[WARN] consensus validator set unresolved height=2546 chain_height=2546 expected_hash=d75b74ab local_hash= local_source=none snapshot_missing=false
[EMISSION] h=2014 reward=2 treasury=1 validators=1 burn=0 applied_burn=0 chance_bps=10000
[EMISSION] h=2015 reward=4 treasury=1 validators=2 burn=1 applied_burn=0 chance_bps=10000
[EMISSION] h=2016 reward=4 treasury=1 validators=2 burn=1 applied_burn=0 chance_bps=10000
[EMISSION] h=2017 reward=3 treasury=1 validators=2 burn=0 applied_burn=0 chance_bps=10000
[EMISSION] h=2018 reward=4 treasury=1 validators=2 burn=1 applied_burn=0 chance_bps=10000
[EMISSION] h=2019 reward=4 treasury=1 validators=2 burn=1 applied_burn=0 chance_bps=10000
[EMISSION] h=2020 reward=4 treasury=1 validators=2 burn=1 applied_burn=0 chance_bps=10000
[EMISSION] h=2021 reward=4 treasury=1 validators=2 burn=1 applied_burn=0 chance_bps=10000
[EMISSION] h=2022 reward=3 treasury=1 validators=2 burn=0 applied_burn=0 chance_bps=10000
[EMISSION] h=2023 reward=2 treasury=1 validators=1 burn=0 applied_burn=0 chance_bps=10000
[EMISSION] h=2024 reward=3 treasury=1 validators=2 burn=0 applied_burn=0 chance_bps=10000
[EMISSION] h=2025 reward=4 treasury=1 validators=2 burn=1 applied_burn=0 chance_bps=10000
[EMISSION] h=2026 reward=2 treasury=1 validators=1 burn=0 applied_burn=0 chance_bps=10000
[EMISSION] h=2027 reward=3 treasury=1 validators=2 burn=0 applied_burn=0 chance_bps=10000
[EMISSION] h=2028 reward=2 treasury=1 validators=1 burn=0 applied_burn=0 chance_bps=10000
[EMISSION] h=2029 reward=3 treasury=1 validators=2 burn=0 applied_burn=0 chance_bps=10000
[EMISSION] h=2030 reward=4 treasury=1 validators=2 burn=1 applied_burn=0 chance_bps=10000
[EMISSION] h=2031 reward=3 treasury=1 validators=2 burn=0 applied_burn=0 chance_bps=10000
[EMISSION] h=2032 reward=2 treasury=1 validators=1 burn=0 applied_burn=0 chance_bps=10000
[EMISSION] h=2033 reward=3 treasury=1 validators=2 burn=0 applied_burn=0 chance_bps=10000
[EMISSION] h=2034 reward=3 treasury=1 validators=2 burn=0 applied_burn=0 chance_bps=10000
[EMISSION] h=2035 reward=3 treasury=1 validators=2 burn=0 applied_burn=0 chance_bps=10000
[EMISSION] h=2036 reward=3 treasury=1 validators=2 burn=0 applied_burn=0 chance_bps=10000
[EMISSION] h=2037 reward=4 treasury=1 validators=2 burn=1 applied_burn=0 chance_bps=10000
[EMISSION] h=2038 reward=4 treasury=1 validators=2 burn=1 applied_burn=0 chance_bps=10000
[EMISSION] h=2039 reward=3 treasury=1 validators=2 burn=0 applied_burn=0 chance_bps=10000
[EMISSION] h=2040 reward=2 treasury=1 validators=1 burn=0 applied_burn=0 chance_bps=10000
[EMISSION] h=2041 reward=3 treasury=1 validators=2 burn=0 applied_burn=0 chance_bps=10000
[EMISSION] h=2042 reward=3 treasury=1 validators=2 burn=0 applied_burn=0 chance_bps=10000
[EMISSION] h=2043 reward=4 treasury=1 validators=2 burn=1 applied_burn=0 chance_bps=10000
[EMISSION] h=2044 reward=3 treasury=1 validators=2 burn=0 applied_burn=0 chance_bps=10000
[EMISSION] h=2045 reward=2 treasury=1 validators=1 burn=0 applied_burn=0 chance_bps=10000
[EMISSION] h=2046 reward=3 treasury=1 validators=2 burn=0 applied_burn=0 chance_bps=10000
[EMISSION] h=2047 reward=2 treasury=1 validators=1 burn=0 applied_burn=0 chance_bps=10000
[EMISSION] h=2048 reward=4 treasury=1 validators=2 burn=1 applied_burn=0 chance_bps=10000
[EMISSION] h=2049 reward=3 treasury=1 validators=2 burn=0 applied_burn=0 chance_bps=10000
[EMISSION] h=2050 reward=2 treasury=1 validators=1 burn=0 applied_burn=0 chance_bps=10000
[EMISSION] h=2051 reward=3 treasury=1 validators=2 burn=0 applied_burn=0 chance_bps=10000
[EMISSION] h=2052 reward=4 treasury=1 validators=2 burn=1 applied_burn=0 chance_bps=10000
[EMISSION] h=2053 reward=3 treasury=1 validators=2 burn=0 applied_burn=0 chance_bps=10000
[EMISSION] h=2054 reward=2 treasury=1 validators=1 burn=0 applied_burn=0 chance_bps=10000
[EMISSION] h=2055 reward=3 treasury=1 validators=2 burn=0 applied_burn=0 chance_bps=10000
[EMISSION] h=2056 reward=3 treasury=1 validators=2 burn=0 applied_burn=0 chance_bps=10000
[EMISSION] h=2057 reward=3 treasury=1 validators=2 burn=0 applied_burn=0 chance_bps=10000
[EMISSION] h=2058 reward=2 treasury=1 validators=1 burn=0 applied_burn=0 chance_bps=10000
[EMISSION] h=2059 reward=2 treasury=1 validators=1 burn=0 applied_burn=0 chance_bps=10000
[EMISSION] h=2060 reward=2 treasury=1 validators=1 burn=0 applied_burn=0 chance_bps=10000
[EMISSION] h=2061 reward=3 treasury=1 validators=2 burn=0 applied_burn=0 chance_bps=10000
[EMISSION] h=2062 reward=4 treasury=1 validators=2 burn=1 applied_burn=0 chance_bps=10000
[EMISSION] h=2063 reward=2 treasury=1 validators=1 burn=0 applied_burn=0 chance_bps=10000
[EMISSION] h=2064 reward=3 treasury=1 validators=2 burn=0 applied_burn=0 chance_bps=10000
[EMISSION] h=2065 reward=2 treasury=1 validators=1 burn=0 applied_burn=0 chance_bps=10000
[EMISSION] h=2065 reward=2 treasury=1 validators=1 burn=0 applied_burn=0 chance_bps=10000
2026/05/19 10:25:40 [STARTUP-EXECUTION-SNAPSHOT] action=rebuild resume base=2065 target=2546
[EMISSION] h=2066 reward=2 treasury=1 validators=1 burn=0 applied_burn=0 chance_bps=10000
[EMISSION] h=2066 reward=2 treasury=1 validators=1 burn=0 applied_burn=0 chance_bps=10000
[EMISSION] h=2067 reward=3 treasury=1 validators=2 burn=0 applied_burn=0 chance_bps=10000
[EMISSION] h=2067 reward=3 treasury=1 validators=2 burn=0 applied_burn=0 chance_bps=10000
[EMISSION] h=2068 reward=3 treasury=1 validators=2 burn=0 applied_burn=0 chance_bps=10000
[EMISSION] h=2068 reward=3 treasury=1 validators=2 burn=0 applied_burn=0 chance_bps=10000
[EMISSION] h=2069 reward=3 treasury=1 validators=2 burn=0 applied_burn=0 chance_bps=10000
[EMISSION] h=2069 reward=3 treasury=1 validators=2 burn=0 applied_burn=0 chance_bps=10000
[EMISSION] h=2070 reward=2 treasury=1 validators=1 burn=0 applied_burn=0 chance_bps=10000
[EMISSION] h=2070 reward=2 treasury=1 validators=1 burn=0 applied_burn=0 chance_bps=10000
[EMISSION] h=2071 reward=4 treasury=1 validators=2 burn=1 applied_burn=0 chance_bps=10000
[EMISSION] h=2071 reward=4 treasury=1 validators=2 burn=1 applied_burn=0 chance_bps=10000
[EMISSION] h=2072 reward=2 treasury=1 validators=1 burn=0 applied_burn=0 chance_bps=10000
[EMISSION] h=2072 reward=2 treasury=1 validators=1 burn=0 applied_burn=0 chance_bps=10000
[EMISSION] h=2073 reward=2 treasury=1 validators=1 burn=0 applied_burn=0 chance_bps=10000
[EMISSION] h=2073 reward=2 treasury=1 validators=1 burn=0 applied_burn=0 chance_bps=10000
[SET-FREEZE-REPLAY] entries=10187 applied=117 last_h=1638 hash=d75b74ab
[EMISSION] h=2074 reward=3 treasury=1 validators=2 burn=0 applied_burn=0 chance_bps=10000
[SET-FREEZE-CHAIN] applied=914 materialized=0 tip_h=2546 hash=d75b74ab
[EMISSION] h=2074 reward=3 treasury=1 validators=2 burn=0 applied_burn=0 chance_bps=10000
[EMISSION] h=2075 reward=3 treasury=1 validators=2 burn=0 applied_burn=0 chance_bps=10000
[EMISSION] h=2075 reward=3 treasury=1 validators=2 burn=0 applied_burn=0 chance_bps=10000
[EMISSION] h=2076 reward=2 treasury=1 validators=1 burn=0 applied_burn=0 chance_bps=10000
[EMISSION] h=2076 reward=2 treasury=1 validators=1 burn=0 applied_burn=0 chance_bps=10000
[EMISSION] h=2077 reward=4 treasury=1 validators=2 burn=1 applied_burn=0 chance_bps=10000
[EMISSION] h=2077 reward=4 treasury=1 validators=2 burn=1 applied_burn=0 chance_bps=10000
[EMISSION] h=2078 reward=2 treasury=1 validators=1 burn=0 applied_burn=0 chance_bps=10000
[EMISSION] h=2078 reward=2 treasury=1 validators=1 burn=0 applied_burn=0 chance_bps=10000
[EMISSION] h=2079 reward=3 treasury=1 validators=2 burn=0 applied_burn=0 chance_bps=10000
[EMISSION] h=2079 reward=3 treasury=1 validators=2 burn=0 applied_burn=0 chance_bps=10000
[EMISSION] h=2080 reward=2 treasury=1 validators=1 burn=0 applied_burn=0 chance_bps=10000
[EMISSION] h=2080 reward=2 treasury=1 validators=1 burn=0 applied_burn=0 chance_bps=10000
[EMISSION] h=2081 reward=3 treasury=1 validators=2 burn=0 applied_burn=0 chance_bps=10000
[EMISSION] h=2081 reward=3 treasury=1 validators=2 burn=0 applied_burn=0 chance_bps=10000
[EMISSION] h=2082 reward=4 treasury=1 validators=2 burn=1 applied_burn=0 chance_bps=10000
[EMISSION] h=2082 reward=4 treasury=1 validators=2 burn=1 applied_burn=0 chance_bps=10000
[EMISSION] h=2083 reward=3 treasury=1 validators=2 burn=0 applied_burn=0 chance_bps=10000
[EMISSION] h=2083 reward=3 treasury=1 validators=2 burn=0 applied_burn=0 chance_bps=10000
[EMISSION] h=2084 reward=2 treasury=1 validators=1 burn=0 applied_burn=0 chance_bps=10000
2026/05/19 10:25:40 [AUTOHEAL] startup_recovery_applied height=2546 frozen_sets=2541
Validator C: wallet auth not required by current policy
2026/05/19 10:25:40 EVM/VM routes removed permanently. DTL JSON-RPC available at /rpc
[EMISSION] h=2085 reward=3 treasury=1 validators=2 burn=0 applied_burn=0 chance_bps=10000
2026/05/19 10:25:40 [STARTUP-EXECUTION-SNAPSHOT] action=rebuild begin height=2546
[EMISSION] h=2084 reward=2 treasury=1 validators=1 burn=0 applied_burn=0 chance_bps=10000
2026/05/19 10:25:40 [STARTUP-EXECUTION-SNAPSHOT] action=rebuild resume base=2084 target=2546
[EMISSION] h=2084 reward=2 treasury=1 validators=1 burn=0 applied_burn=0 chance_bps=10000
===============================================
===============================================
Peer ID  : n/a
Height   : 2546
Peers    : 0
===============================================
msc[C]> 2026/05/19 10:25:40 [WARN] interactive CLI input closed; node keeps running: EOF
[EMISSION] h=2086 reward=3 treasury=1 validators=2 burn=0 applied_burn=0 chance_bps=10000
[EMISSION] h=2085 reward=3 treasury=1 validators=2 burn=0 applied_burn=0 chance_bps=10000
[EMISSION] h=2085 reward=3 treasury=1 validators=2 burn=0 applied_burn=0 chance_bps=10000
2026/05/19 10:25:40 [STARTUP-EXECUTION-SNAPSHOT] action=rebuild schedule height=2546 reason=local_history_ready
[EMISSION] h=2087 reward=3 treasury=1 validators=2 burn=0 applied_burn=0 chance_bps=10000
[EMISSION] h=2086 reward=3 treasury=1 validators=2 burn=0 applied_burn=0 chance_bps=10000
[EMISSION] h=2086 reward=3 treasury=1 validators=2 burn=0 applied_burn=0 chance_bps=10000
[EMISSION] h=2088 reward=4 treasury=1 validators=2 burn=1 applied_burn=0 chance_bps=10000
2026/05/19 10:25:40 [STARTUP-EXECUTION-SNAPSHOT] action=rebuild resume base=2088 target=2546
[EMISSION] h=2088 reward=4 treasury=1 validators=2 burn=1 applied_burn=0 chance_bps=10000
[EMISSION] h=2087 reward=3 treasury=1 validators=2 burn=0 applied_burn=0 chance_bps=10000
[EMISSION] h=2087 reward=3 treasury=1 validators=2 burn=0 applied_burn=0 chance_bps=10000
[EMISSION] h=2089 reward=3 treasury=1 validators=2 burn=0 applied_burn=0 chance_bps=10000
[EMISSION] h=2088 reward=4 treasury=1 validators=2 burn=1 applied_burn=0 chance_bps=10000
[EMISSION] h=2089 reward=3 treasury=1 validators=2 burn=0 applied_burn=0 chance_bps=10000
[EMISSION] h=2088 reward=4 treasury=1 validators=2 burn=1 applied_burn=0 chance_bps=10000
[EMISSION] h=2090 reward=4 treasury=1 validators=2 burn=1 applied_burn=0 chance_bps=10000
[EMISSION] h=2089 reward=3 treasury=1 validators=2 burn=0 applied_burn=0 chance_bps=10000
[EMISSION] h=2090 reward=4 treasury=1 validators=2 burn=1 applied_burn=0 chance_bps=10000
[EMISSION] h=2089 reward=3 treasury=1 validators=2 burn=0 applied_burn=0 chance_bps=10000
2026/05/19 10:25:41 [P2P-ID] identity key=data\C\node_C\p2p_identity.key peer_id=12D3KooWD9ed8zJXbW8uUU6XHD2UYrsQQEvnuXReJWFeo52dvdf8
[EMISSION] h=2091 reward=3 treasury=1 validators=2 burn=0 applied_burn=0 chance_bps=10000
[EMISSION] h=2090 reward=4 treasury=1 validators=2 burn=1 applied_burn=0 chance_bps=10000
[EMISSION] h=2091 reward=3 treasury=1 validators=2 burn=0 applied_burn=0 chance_bps=10000
[EMISSION] h=2090 reward=4 treasury=1 validators=2 burn=1 applied_burn=0 chance_bps=10000
Ã°Å¸Å’Â LibP2P host initialized
Ã°Å¸â€ â€ PeerID: 12D3KooWD9ed8zJXbW8uUU6XHD2UYrsQQEvnuXReJWFeo52dvdf8
Ã°Å¸â€œÂ Listening addresses:
  /ip4/127.0.0.1/tcp/7003/p2p/12D3KooWD9ed8zJXbW8uUU6XHD2UYrsQQEvnuXReJWFeo52dvdf8
P2P stack: discovery=DNS seeds + DHT + mDNS, transport=QUIC, security=Noise, messaging=GossipSub, NAT=UPnP + Relay
Ã°Å¸â€œÅ  Host info: Addrs=1 DHT=true
mDNS auto-disabled on Windows (set MSC_FORCE_MDNS=1 to force-enable)
ÃƒÂ°Ã…Â¸Ã¢â‚¬Å“Ã‚Â¡ PubSub topics initialized (MSC)
   msc-block        block propagation
   msc-tx           mempool ingress
   msc-consensus    exec/commit/snapshot
   msc-validator    validator gossip
   msc-snapshot-meta snapshot manifest metadata
   msc-snapshot-chunk snapshot chunk availability
   msc-snapshot-proof snapshot anchor proofs
Ã°Å¸â€Â§ Network protocols configured
[EMISSION] h=2092 reward=3 treasury=1 validators=2 burn=0 applied_burn=0 chance_bps=10000
2026/05/19 10:25:41 [SNAPSHOT-PUBLISH-REQUIRED] validator=C policy=strict_snapshot_only
Ã¢Å“â€¦ Listening for transactions...
Ã¢Å“â€¦ Listening for blocks...
[SNAPSHOT-PUBLISH] deferred height=2546 reason=auto_publish_interval_10
[EMISSION] h=2091 reward=3 treasury=1 validators=2 burn=0 applied_burn=0 chance_bps=10000
[EMISSION] h=2092 reward=3 treasury=1 validators=2 burn=0 applied_burn=0 chance_bps=10000
[EMISSION] h=2091 reward=3 treasury=1 validators=2 burn=0 applied_burn=0 chance_bps=10000
Ã°Å¸â€â€” Peer connected: 12D3KooWPVKESWFG9sS8G6vjhfPn54kWuNFkkuHwG4yQXhYRcXjX
[EMISSION] h=2093 reward=2 treasury=1 validators=1 burn=0 applied_burn=0 chance_bps=10000
[EMISSION] h=2093 reward=2 treasury=1 validators=1 burn=0 applied_burn=0 chance_bps=10000
[EMISSION] h=2092 reward=3 treasury=1 validators=2 burn=0 applied_burn=0 chance_bps=10000
[EMISSION] h=2092 reward=3 treasury=1 validators=2 burn=0 applied_burn=0 chance_bps=10000
Ã°Å¸â€â€” Peer connected: 12D3KooWHdmUKc1bYKY3scg6TqGhK3SutwH9hu1aAez4VmvwkEyk
[EMISSION] h=2094 reward=3 treasury=1 validators=2 burn=0 applied_burn=0 chance_bps=10000
[EMISSION] h=2094 reward=3 treasury=1 validators=2 burn=0 applied_burn=0 chance_bps=10000
[EMISSION] h=2093 reward=2 treasury=1 validators=1 burn=0 applied_burn=0 chance_bps=10000
[EMISSION] h=2093 reward=2 treasury=1 validators=1 burn=0 applied_burn=0 chance_bps=10000
Pubkey override (testnet) for validator B
Pubkey override (testnet) for validator B
Validator registered | id=B addr=/ip4/127.0.0.1/tcp/7002/p2p/12D3KooWHdmUKc1bYKY3scg6TqGhK3SutwH9hu1aAez4VmvwkEyk
Validator heartbeat: B | reported_height=2546 | finalized_height=2546 | local_exec_epoch=2547
Validator heartbeat: B | reported_height=2546 | finalized_height=2546 | local_exec_epoch=2547
[EMISSION] h=2095 reward=4 treasury=1 validators=2 burn=1 applied_burn=0 chance_bps=10000
[EMISSION] h=2095 reward=4 treasury=1 validators=2 burn=1 applied_burn=0 chance_bps=10000
[EMISSION] h=2094 reward=3 treasury=1 validators=2 burn=0 applied_burn=0 chance_bps=10000
[EMISSION] h=2096 reward=4 treasury=1 validators=2 burn=1 applied_burn=0 chance_bps=10000
[EMISSION] h=2094 reward=3 treasury=1 validators=2 burn=0 applied_burn=0 chance_bps=10000
[EMISSION] h=2096 reward=4 treasury=1 validators=2 burn=1 applied_burn=0 chance_bps=10000
[EMISSION] h=2097 reward=2 treasury=1 validators=1 burn=0 applied_burn=0 chance_bps=10000
[EMISSION] h=2095 reward=4 treasury=1 validators=2 burn=1 applied_burn=0 chance_bps=10000
[EMISSION] h=2095 reward=4 treasury=1 validators=2 burn=1 applied_burn=0 chance_bps=10000
[EMISSION] h=2098 reward=4 treasury=1 validators=2 burn=1 applied_burn=0 chance_bps=10000
[EMISSION] h=2096 reward=4 treasury=1 validators=2 burn=1 applied_burn=0 chance_bps=10000
[EMISSION] h=2096 reward=4 treasury=1 validators=2 burn=1 applied_burn=0 chance_bps=10000
[EMISSION] h=2097 reward=2 treasury=1 validators=1 burn=0 applied_burn=0 chance_bps=10000
2026/05/19 10:25:41 [SYNC-PIPELINE] stage=live_consensus
[EMISSION] h=2099 reward=3 treasury=1 validators=2 burn=0 applied_burn=0 chance_bps=10000
[EMISSION] h=2097 reward=2 treasury=1 validators=1 burn=0 applied_burn=0 chance_bps=10000
[EMISSION] h=2098 reward=4 treasury=1 validators=2 burn=1 applied_burn=0 chance_bps=10000
[EMISSION] h=2097 reward=2 treasury=1 validators=1 burn=0 applied_burn=0 chance_bps=10000
[EMISSION] h=2100 reward=2 treasury=1 validators=1 burn=0 applied_burn=0 chance_bps=10000
[EMISSION] h=2099 reward=3 treasury=1 validators=2 burn=0 applied_burn=0 chance_bps=10000
[EMISSION] h=2098 reward=4 treasury=1 validators=2 burn=1 applied_burn=0 chance_bps=10000
[EMISSION] h=2098 reward=4 treasury=1 validators=2 burn=1 applied_burn=0 chance_bps=10000
[EMISSION] h=2101 reward=3 treasury=1 validators=2 burn=0 applied_burn=0 chance_bps=10000
[EMISSION] h=2100 reward=2 treasury=1 validators=1 burn=0 applied_burn=0 chance_bps=10000
[EMISSION] h=2099 reward=3 treasury=1 validators=2 burn=0 applied_burn=0 chance_bps=10000
[EMISSION] h=2099 reward=3 treasury=1 validators=2 burn=0 applied_burn=0 chance_bps=10000
[EMISSION] h=2101 reward=3 treasury=1 validators=2 burn=0 applied_burn=0 chance_bps=10000
[EMISSION] h=2102 reward=3 treasury=1 validators=2 burn=0 applied_burn=0 chance_bps=10000
[EMISSION] h=2100 reward=2 treasury=1 validators=1 burn=0 applied_burn=0 chance_bps=10000
[EMISSION] h=2100 reward=2 treasury=1 validators=1 burn=0 applied_burn=0 chance_bps=10000
[EMISSION] h=2102 reward=3 treasury=1 validators=2 burn=0 applied_burn=0 chance_bps=10000
[EMISSION] h=2103 reward=3 treasury=1 validators=2 burn=0 applied_burn=0 chance_bps=10000
[EMISSION] h=2101 reward=3 treasury=1 validators=2 burn=0 applied_burn=0 chance_bps=10000
[EMISSION] h=2101 reward=3 treasury=1 validators=2 burn=0 applied_burn=0 chance_bps=10000
[EMISSION] h=2103 reward=3 treasury=1 validators=2 burn=0 applied_burn=0 chance_bps=10000
Ã°Å¸â€â€” Peer connected: 12D3KooWETqM63k4eBQTHnBZ2jzRd4SCLBX7fMSz6BcnGFUohp9U
[EMISSION] h=2102 reward=3 treasury=1 validators=2 burn=0 applied_burn=0 chance_bps=10000
[EMISSION] h=2102 reward=3 treasury=1 validators=2 burn=0 applied_burn=0 chance_bps=10000
[EMISSION] h=2104 reward=4 treasury=1 validators=2 burn=1 applied_burn=0 chance_bps=10000
[EMISSION] h=2104 reward=4 treasury=1 validators=2 burn=1 applied_burn=0 chance_bps=10000
[EMISSION] h=2103 reward=3 treasury=1 validators=2 burn=0 applied_burn=0 chance_bps=10000
[EMISSION] h=2103 reward=3 treasury=1 validators=2 burn=0 applied_burn=0 chance_bps=10000
[EMISSION] h=2105 reward=3 treasury=1 validators=2 burn=0 applied_burn=0 chance_bps=10000
[EMISSION] h=2105 reward=3 treasury=1 validators=2 burn=0 applied_burn=0 chance_bps=10000
[EMISSION] h=2106 reward=3 treasury=1 validators=2 burn=0 applied_burn=0 chance_bps=10000
[EMISSION] h=2104 reward=4 treasury=1 validators=2 burn=1 applied_burn=0 chance_bps=10000
[EMISSION] h=2104 reward=4 treasury=1 validators=2 burn=1 applied_burn=0 chance_bps=10000
Pubkey override (peer-hello testnet) for validator A
Peer info from 12D3KooWPVKESWFG9sS8G6vjhfPn54kWuNFkkuHwG4yQXhYRcXjX | validator=A role=validator
Validator registered | id=A addr=/ip4/127.0.0.1/tcp/7001/p2p/12D3KooWPVKESWFG9sS8G6vjhfPn54kWuNFkkuHwG4yQXhYRcXjX
[EMISSION] h=2106 reward=3 treasury=1 validators=2 burn=0 applied_burn=0 chance_bps=10000
Peer info from 12D3KooWPVKESWFG9sS8G6vjhfPn54kWuNFkkuHwG4yQXhYRcXjX | validator=A role=validator
[EMISSION] h=2107 reward=3 treasury=1 validators=2 burn=0 applied_burn=0 chance_bps=10000
Peer info from 12D3KooWHdmUKc1bYKY3scg6TqGhK3SutwH9hu1aAez4VmvwkEyk | validator=B role=validator
[EMISSION] h=2105 reward=3 treasury=1 validators=2 burn=0 applied_burn=0 chance_bps=10000
[EMISSION] h=2105 reward=3 treasury=1 validators=2 burn=0 applied_burn=0 chance_bps=10000
Ã°Å¸â€œÂ¨ Consensus message from 12D3KooWHdmUKc1bYKY3scg6TqGhK3SutwH9hu1aAez4VmvwkEyk: peers (size: 333 bytes)
Ã°Å¸â€â€” Received 4 peers from 12D3KooWHdmUKc1bYKY3scg6TqGhK3SutwH9hu1aAez4VmvwkEyk
Attempting to connect to 5 peers
Ã°Å¸â€Å’ Consensus stream EOF from 12D3KooWHdmUKc1bYKY3scg6TqGhK3SutwH9hu1aAez4VmvwkEyk
Ã°Å¸â€Å’ Consensus stream closed with 12D3KooWHdmUKc1bYKY3scg6TqGhK3SutwH9hu1aAez4VmvwkEyk
[EMISSION] h=2107 reward=3 treasury=1 validators=2 burn=0 applied_burn=0 chance_bps=10000
[EMISSION] h=2106 reward=3 treasury=1 validators=2 burn=0 applied_burn=0 chance_bps=10000
[EMISSION] h=2108 reward=2 treasury=1 validators=1 burn=0 applied_burn=0 chance_bps=10000
Ã°Å¸â€œÂ¨ Consensus message from 12D3KooWPVKESWFG9sS8G6vjhfPn54kWuNFkkuHwG4yQXhYRcXjX: peers (size: 333 bytes)
Ã°Å¸â€â€” Received 4 peers from 12D3KooWPVKESWFG9sS8G6vjhfPn54kWuNFkkuHwG4yQXhYRcXjX
[EMISSION] h=2106 reward=3 treasury=1 validators=2 burn=0 applied_burn=0 chance_bps=10000
Ã°Å¸â€Å’ Consensus stream EOF from 12D3KooWPVKESWFG9sS8G6vjhfPn54kWuNFkkuHwG4yQXhYRcXjX
Ã°Å¸â€Å’ Consensus stream closed with 12D3KooWPVKESWFG9sS8G6vjhfPn54kWuNFkkuHwG4yQXhYRcXjX
[EMISSION] h=2109 reward=3 treasury=1 validators=2 burn=0 applied_burn=0 chance_bps=10000
[EMISSION] h=2107 reward=3 treasury=1 validators=2 burn=0 applied_burn=0 chance_bps=10000
[EMISSION] h=2108 reward=2 treasury=1 validators=1 burn=0 applied_burn=0 chance_bps=10000
[EMISSION] h=2107 reward=3 treasury=1 validators=2 burn=0 applied_burn=0 chance_bps=10000
[EMISSION] h=2108 reward=2 treasury=1 validators=1 burn=0 applied_burn=0 chance_bps=10000
[EMISSION] h=2108 reward=2 treasury=1 validators=1 burn=0 applied_burn=0 chance_bps=10000
[EMISSION] h=2109 reward=3 treasury=1 validators=2 burn=0 applied_burn=0 chance_bps=10000
[EMISSION] h=2110 reward=2 treasury=1 validators=1 burn=0 applied_burn=0 chance_bps=10000
Peer info from 12D3KooWHdmUKc1bYKY3scg6TqGhK3SutwH9hu1aAez4VmvwkEyk | validator=B role=validator
[EMISSION] h=2110 reward=2 treasury=1 validators=1 burn=0 applied_burn=0 chance_bps=10000
[EMISSION] h=2109 reward=3 treasury=1 validators=2 burn=0 applied_burn=0 chance_bps=10000
[EMISSION] h=2109 reward=3 treasury=1 validators=2 burn=0 applied_burn=0 chance_bps=10000
[EMISSION] h=2111 reward=3 treasury=1 validators=2 burn=0 applied_burn=0 chance_bps=10000
[EMISSION] h=2110 reward=2 treasury=1 validators=1 burn=0 applied_burn=0 chance_bps=10000
[EMISSION] h=2112 reward=3 treasury=1 validators=2 burn=0 applied_burn=0 chance_bps=10000
[EMISSION] h=2111 reward=3 treasury=1 validators=2 burn=0 applied_burn=0 chance_bps=10000
[EMISSION] h=2110 reward=2 treasury=1 validators=1 burn=0 applied_burn=0 chance_bps=10000
[EMISSION] h=2112 reward=3 treasury=1 validators=2 burn=0 applied_burn=0 chance_bps=10000
[EMISSION] h=2113 reward=3 treasury=1 validators=2 burn=0 applied_burn=0 chance_bps=10000
[EMISSION] h=2111 reward=3 treasury=1 validators=2 burn=0 applied_burn=0 chance_bps=10000
[EMISSION] h=2111 reward=3 treasury=1 validators=2 burn=0 applied_burn=0 chance_bps=10000
[EMISSION] h=2113 reward=3 treasury=1 validators=2 burn=0 applied_burn=0 chance_bps=10000
[EMISSION] h=2112 reward=3 treasury=1 validators=2 burn=0 applied_burn=0 chance_bps=10000
[EMISSION] h=2114 reward=4 treasury=1 validators=2 burn=1 applied_burn=0 chance_bps=10000
[EMISSION] h=2112 reward=3 treasury=1 validators=2 burn=0 applied_burn=0 chance_bps=10000
[EMISSION] h=2114 reward=4 treasury=1 validators=2 burn=1 applied_burn=0 chance_bps=10000
[EMISSION] h=2115 reward=3 treasury=1 validators=2 burn=0 applied_burn=0 chance_bps=10000
[EMISSION] h=2113 reward=3 treasury=1 validators=2 burn=0 applied_burn=0 chance_bps=10000
[EMISSION] h=2113 reward=3 treasury=1 validators=2 burn=0 applied_burn=0 chance_bps=10000
[EMISSION] h=2115 reward=3 treasury=1 validators=2 burn=0 applied_burn=0 chance_bps=10000
Peer info from 12D3KooWETqM63k4eBQTHnBZ2jzRd4SCLBX7fMSz6BcnGFUohp9U | role=full
[EMISSION] h=2116 reward=2 treasury=1 validators=1 burn=0 applied_burn=0 chance_bps=10000
Peer info from 12D3KooWETqM63k4eBQTHnBZ2jzRd4SCLBX7fMSz6BcnGFUohp9U | role=full
[EMISSION] h=2114 reward=4 treasury=1 validators=2 burn=1 applied_burn=0 chance_bps=10000
[EMISSION] h=2114 reward=4 treasury=1 validators=2 burn=1 applied_burn=0 chance_bps=10000
[EMISSION] h=2116 reward=2 treasury=1 validators=1 burn=0 applied_burn=0 chance_bps=10000
[EMISSION] h=2115 reward=3 treasury=1 validators=2 burn=0 applied_burn=0 chance_bps=10000
[EMISSION] h=2117 reward=3 treasury=1 validators=2 burn=0 applied_burn=0 chance_bps=10000
Ã°Å¸â€œÂ¨ Consensus message from 12D3KooWETqM63k4eBQTHnBZ2jzRd4SCLBX7fMSz6BcnGFUohp9U: peers (size: 333 bytes)
Ã°Å¸â€â€” Received 4 peers from 12D3KooWETqM63k4eBQTHnBZ2jzRd4SCLBX7fMSz6BcnGFUohp9U
Ã°Å¸â€Å’ Consensus stream EOF from 12D3KooWETqM63k4eBQTHnBZ2jzRd4SCLBX7fMSz6BcnGFUohp9U
Ã°Å¸â€Å’ Consensus stream closed with 12D3KooWETqM63k4eBQTHnBZ2jzRd4SCLBX7fMSz6BcnGFUohp9U
[EMISSION] h=2115 reward=3 treasury=1 validators=2 burn=0 applied_burn=0 chance_bps=10000
[EMISSION] h=2117 reward=3 treasury=1 validators=2 burn=0 applied_burn=0 chance_bps=10000
[EMISSION] h=2116 reward=2 treasury=1 validators=1 burn=0 applied_burn=0 chance_bps=10000
[EMISSION] h=2118 reward=4 treasury=1 validators=2 burn=1 applied_burn=0 chance_bps=10000
[EMISSION] h=2118 reward=4 treasury=1 validators=2 burn=1 applied_burn=0 chance_bps=10000
[EMISSION] h=2116 reward=2 treasury=1 validators=1 burn=0 applied_burn=0 chance_bps=10000
[EMISSION] h=2119 reward=4 treasury=1 validators=2 burn=1 applied_burn=0 chance_bps=10000
[EMISSION] h=2117 reward=3 treasury=1 validators=2 burn=0 applied_burn=0 chance_bps=10000
[EMISSION] h=2117 reward=3 treasury=1 validators=2 burn=0 applied_burn=0 chance_bps=10000
[EMISSION] h=2119 reward=4 treasury=1 validators=2 burn=1 applied_burn=0 chance_bps=10000
[EMISSION] h=2118 reward=4 treasury=1 validators=2 burn=1 applied_burn=0 chance_bps=10000
[EMISSION] h=2120 reward=2 treasury=1 validators=1 burn=0 applied_burn=0 chance_bps=10000
[EMISSION] h=2118 reward=4 treasury=1 validators=2 burn=1 applied_burn=0 chance_bps=10000
[EMISSION] h=2120 reward=2 treasury=1 validators=1 burn=0 applied_burn=0 chance_bps=10000
[EMISSION] h=2119 reward=4 treasury=1 validators=2 burn=1 applied_burn=0 chance_bps=10000
[EMISSION] h=2121 reward=3 treasury=1 validators=2 burn=0 applied_burn=0 chance_bps=10000
[EMISSION] h=2119 reward=4 treasury=1 validators=2 burn=1 applied_burn=0 chance_bps=10000
[EMISSION] h=2121 reward=3 treasury=1 validators=2 burn=0 applied_burn=0 chance_bps=10000
[EMISSION] h=2120 reward=2 treasury=1 validators=1 burn=0 applied_burn=0 chance_bps=10000
[EMISSION] h=2122 reward=4 treasury=1 validators=2 burn=1 applied_burn=0 chance_bps=10000
[EMISSION] h=2120 reward=2 treasury=1 validators=1 burn=0 applied_burn=0 chance_bps=10000
[EMISSION] h=2122 reward=4 treasury=1 validators=2 burn=1 applied_burn=0 chance_bps=10000
[EMISSION] h=2123 reward=2 treasury=1 validators=1 burn=0 applied_burn=0 chance_bps=10000
[EMISSION] h=2121 reward=3 treasury=1 validators=2 burn=0 applied_burn=0 chance_bps=10000
[EMISSION] h=2121 reward=3 treasury=1 validators=2 burn=0 applied_burn=0 chance_bps=10000
[EMISSION] h=2123 reward=2 treasury=1 validators=1 burn=0 applied_burn=0 chance_bps=10000
[EMISSION] h=2122 reward=4 treasury=1 validators=2 burn=1 applied_burn=0 chance_bps=10000
[EMISSION] h=2124 reward=4 treasury=1 validators=2 burn=1 applied_burn=0 chance_bps=10000
[EMISSION] h=2122 reward=4 treasury=1 validators=2 burn=1 applied_burn=0 chance_bps=10000
[EMISSION] h=2124 reward=4 treasury=1 validators=2 burn=1 applied_burn=0 chance_bps=10000
[EMISSION] h=2123 reward=2 treasury=1 validators=1 burn=0 applied_burn=0 chance_bps=10000
[EMISSION] h=2125 reward=2 treasury=1 validators=1 burn=0 applied_burn=0 chance_bps=10000
[EMISSION] h=2123 reward=2 treasury=1 validators=1 burn=0 applied_burn=0 chance_bps=10000
[EMISSION] h=2125 reward=2 treasury=1 validators=1 burn=0 applied_burn=0 chance_bps=10000
[EMISSION] h=2124 reward=4 treasury=1 validators=2 burn=1 applied_burn=0 chance_bps=10000
[EMISSION] h=2126 reward=4 treasury=1 validators=2 burn=1 applied_burn=0 chance_bps=10000
[EMISSION] h=2124 reward=4 treasury=1 validators=2 burn=1 applied_burn=0 chance_bps=10000
[EMISSION] h=2126 reward=4 treasury=1 validators=2 burn=1 applied_burn=0 chance_bps=10000
[EMISSION] h=2125 reward=2 treasury=1 validators=1 burn=0 applied_burn=0 chance_bps=10000
[EMISSION] h=2127 reward=3 treasury=1 validators=2 burn=0 applied_burn=0 chance_bps=10000
[EMISSION] h=2125 reward=2 treasury=1 validators=1 burn=0 applied_burn=0 chance_bps=10000
[EMISSION] h=2127 reward=3 treasury=1 validators=2 burn=0 applied_burn=0 chance_bps=10000
[EMISSION] h=2126 reward=4 treasury=1 validators=2 burn=1 applied_burn=0 chance_bps=10000
[EMISSION] h=2128 reward=4 treasury=1 validators=2 burn=1 applied_burn=0 chance_bps=10000
[EMISSION] h=2126 reward=4 treasury=1 validators=2 burn=1 applied_burn=0 chance_bps=10000
[EMISSION] h=2128 reward=4 treasury=1 validators=2 burn=1 applied_burn=0 chance_bps=10000
[EMISSION] h=2127 reward=3 treasury=1 validators=2 burn=0 applied_burn=0 chance_bps=10000
[EMISSION] h=2129 reward=3 treasury=1 validators=2 burn=0 applied_burn=0 chance_bps=10000
[EMISSION] h=2127 reward=3 treasury=1 validators=2 burn=0 applied_burn=0 chance_bps=10000
[EMISSION] h=2129 reward=3 treasury=1 validators=2 burn=0 applied_burn=0 chance_bps=10000
[EMISSION] h=2128 reward=4 treasury=1 validators=2 burn=1 applied_burn=0 chance_bps=10000
[EMISSION] h=2128 reward=4 treasury=1 validators=2 burn=1 applied_burn=0 chance_bps=10000
[EMISSION] h=2130 reward=4 treasury=1 validators=2 burn=1 applied_burn=0 chance_bps=10000
[EMISSION] h=2130 reward=4 treasury=1 validators=2 burn=1 applied_burn=0 chance_bps=10000
[EMISSION] h=2129 reward=3 treasury=1 validators=2 burn=0 applied_burn=0 chance_bps=10000
[EMISSION] h=2129 reward=3 treasury=1 validators=2 burn=0 applied_burn=0 chance_bps=10000
Validator heartbeat: C | reported_height=2546 | finalized_height=2546 | local_exec_epoch=2547
[EMISSION] h=2131 reward=4 treasury=1 validators=2 burn=1 applied_burn=0 chance_bps=10000
Heartbeat sent: C finalized=2546 epoch=2547
[EMISSION] h=2130 reward=4 treasury=1 validators=2 burn=1 applied_burn=0 chance_bps=10000
[EMISSION] h=2131 reward=4 treasury=1 validators=2 burn=1 applied_burn=0 chance_bps=10000
[EMISSION] h=2130 reward=4 treasury=1 validators=2 burn=1 applied_burn=0 chance_bps=10000
[EMISSION] h=2132 reward=3 treasury=1 validators=2 burn=0 applied_burn=0 chance_bps=10000
[EMISSION] h=2131 reward=4 treasury=1 validators=2 burn=1 applied_burn=0 chance_bps=10000
[EMISSION] h=2132 reward=3 treasury=1 validators=2 burn=0 applied_burn=0 chance_bps=10000
[EMISSION] h=2131 reward=4 treasury=1 validators=2 burn=1 applied_burn=0 chance_bps=10000
[EMISSION] h=2132 reward=3 treasury=1 validators=2 burn=0 applied_burn=0 chance_bps=10000
[EMISSION] h=2133 reward=2 treasury=1 validators=1 burn=0 applied_burn=0 chance_bps=10000
[EMISSION] h=2133 reward=2 treasury=1 validators=1 burn=0 applied_burn=0 chance_bps=10000
[EMISSION] h=2132 reward=3 treasury=1 validators=2 burn=0 applied_burn=0 chance_bps=10000
[EMISSION] h=2133 reward=2 treasury=1 validators=1 burn=0 applied_burn=0 chance_bps=10000
[EMISSION] h=2134 reward=4 treasury=1 validators=2 burn=1 applied_burn=0 chance_bps=10000
[EMISSION] h=2133 reward=2 treasury=1 validators=1 burn=0 applied_burn=0 chance_bps=10000
[EMISSION] h=2134 reward=4 treasury=1 validators=2 burn=1 applied_burn=0 chance_bps=10000
[EMISSION] h=2134 reward=4 treasury=1 validators=2 burn=1 applied_burn=0 chance_bps=10000
[EMISSION] h=2135 reward=3 treasury=1 validators=2 burn=0 applied_burn=0 chance_bps=10000
[EMISSION] h=2134 reward=4 treasury=1 validators=2 burn=1 applied_burn=0 chance_bps=10000
[EMISSION] h=2135 reward=3 treasury=1 validators=2 burn=0 applied_burn=0 chance_bps=10000
[EMISSION] h=2135 reward=3 treasury=1 validators=2 burn=0 applied_burn=0 chance_bps=10000
[EMISSION] h=2135 reward=3 treasury=1 validators=2 burn=0 applied_burn=0 chance_bps=10000
[EMISSION] h=2136 reward=4 treasury=1 validators=2 burn=1 applied_burn=0 chance_bps=10000
[EMISSION] h=2136 reward=4 treasury=1 validators=2 burn=1 applied_burn=0 chance_bps=10000
[EMISSION] h=2136 reward=4 treasury=1 validators=2 burn=1 applied_burn=0 chance_bps=10000
[EMISSION] h=2136 reward=4 treasury=1 validators=2 burn=1 applied_burn=0 chance_bps=10000
?? Peer forgotten: 12D3KooWETqJcDdusDVo7kZnu5KC56eowZXtQmLkpbpBVME5ijEN reason=self_dial
Skipping self dial target: /ip4/127.0.0.1/tcp/7003/p2p/12D3KooWETqJcDdusDVo7kZnu5KC56eowZXtQmLkpbpBVME5ijEN
[EMISSION] h=2137 reward=3 treasury=1 validators=2 burn=0 applied_burn=0 chance_bps=10000
[EMISSION] h=2137 reward=3 treasury=1 validators=2 burn=0 applied_burn=0 chance_bps=10000
[EMISSION] h=2137 reward=3 treasury=1 validators=2 burn=0 applied_burn=0 chance_bps=10000
[EMISSION] h=2137 reward=3 treasury=1 validators=2 burn=0 applied_burn=0 chance_bps=10000
[EMISSION] h=2138 reward=3 treasury=1 validators=2 burn=0 applied_burn=0 chance_bps=10000
[EMISSION] h=2138 reward=3 treasury=1 validators=2 burn=0 applied_burn=0 chance_bps=10000
[EMISSION] h=2138 reward=3 treasury=1 validators=2 burn=0 applied_burn=0 chance_bps=10000
[EMISSION] h=2138 reward=3 treasury=1 validators=2 burn=0 applied_burn=0 chance_bps=10000
[EMISSION] h=2139 reward=4 treasury=1 validators=2 burn=1 applied_burn=0 chance_bps=10000
[EMISSION] h=2139 reward=4 treasury=1 validators=2 burn=1 applied_burn=0 chance_bps=10000
[EMISSION] h=2139 reward=4 treasury=1 validators=2 burn=1 applied_burn=0 chance_bps=10000
Ã°Å¸â€œÂ¨ Consensus message from 12D3KooWHdmUKc1bYKY3scg6TqGhK3SutwH9hu1aAez4VmvwkEyk: leader_block (size: 1311 bytes)
Ã°Å¸â€œÂ¦ Leader block received from 12D3KooWHdmUKc1bYKY3scg6TqGhK3SutwH9hu1aAez4VmvwkEyk | height=2547 proposer=B
Ã°Å¸â€Å’ Consensus stream EOF from 12D3KooWHdmUKc1bYKY3scg6TqGhK3SutwH9hu1aAez4VmvwkEyk
Ã°Å¸â€Å’ Consensus stream closed with 12D3KooWHdmUKc1bYKY3scg6TqGhK3SutwH9hu1aAez4VmvwkEyk
[SET-COMMITMENT-APPLY] height=2547 source=chain_parent_commitment mode=legacy hash=d75b74ab
[EMISSION] h=2140 reward=3 treasury=1 validators=2 burn=0 applied_burn=0 chance_bps=10000
Ã°Å¸â€œÂ¨ Consensus message from 12D3KooWHdmUKc1bYKY3scg6TqGhK3SutwH9hu1aAez4VmvwkEyk: execution_result (size: 359 bytes)
[EMISSION] h=2139 reward=4 treasury=1 validators=2 burn=1 applied_burn=0 chance_bps=10000
Ã°Å¸â€Å’ Consensus stream EOF from 12D3KooWHdmUKc1bYKY3scg6TqGhK3SutwH9hu1aAez4VmvwkEyk
Ã°Å¸â€Å’ Consensus stream closed with 12D3KooWHdmUKc1bYKY3scg6TqGhK3SutwH9hu1aAez4VmvwkEyk
[EMISSION] h=2140 reward=3 treasury=1 validators=2 burn=0 applied_burn=0 chance_bps=10000
[EMISSION] h=2140 reward=3 treasury=1 validators=2 burn=0 applied_burn=0 chance_bps=10000
Ã°Å¸â€œÂ¨ Consensus message from 12D3KooWPVKESWFG9sS8G6vjhfPn54kWuNFkkuHwG4yQXhYRcXjX: execution_result (size: 359 bytes)
Ã°Å¸â€Å’ Consensus stream EOF from 12D3KooWPVKESWFG9sS8G6vjhfPn54kWuNFkkuHwG4yQXhYRcXjX
Ã°Å¸â€Å’ Consensus stream closed with 12D3KooWPVKESWFG9sS8G6vjhfPn54kWuNFkkuHwG4yQXhYRcXjX
[EMISSION] h=2141 reward=4 treasury=1 validators=2 burn=1 applied_burn=0 chance_bps=10000
[EMISSION] h=2140 reward=3 treasury=1 validators=2 burn=0 applied_burn=0 chance_bps=10000
[EMISSION] h=2141 reward=4 treasury=1 validators=2 burn=1 applied_burn=0 chance_bps=10000
[EMISSION] h=2141 reward=4 treasury=1 validators=2 burn=1 applied_burn=0 chance_bps=10000
[EMISSION] h=2142 reward=2 treasury=1 validators=1 burn=0 applied_burn=0 chance_bps=10000
[EMISSION] h=2141 reward=4 treasury=1 validators=2 burn=1 applied_burn=0 chance_bps=10000
[EMISSION] h=2142 reward=2 treasury=1 validators=1 burn=0 applied_burn=0 chance_bps=10000
[EMISSION] h=2142 reward=2 treasury=1 validators=1 burn=0 applied_burn=0 chance_bps=10000
[EMISSION] h=2142 reward=2 treasury=1 validators=1 burn=0 applied_burn=0 chance_bps=10000
[EMISSION] h=2143 reward=2 treasury=1 validators=1 burn=0 applied_burn=0 chance_bps=10000
[EMISSION] h=2143 reward=2 treasury=1 validators=1 burn=0 applied_burn=0 chance_bps=10000
[EMISSION] h=2143 reward=2 treasury=1 validators=1 burn=0 applied_burn=0 chance_bps=10000
[EMISSION] h=2144 reward=4 treasury=1 validators=2 burn=1 applied_burn=0 chance_bps=10000
[EMISSION] h=2143 reward=2 treasury=1 validators=1 burn=0 applied_burn=0 chance_bps=10000
[EMISSION] h=2144 reward=4 treasury=1 validators=2 burn=1 applied_burn=0 chance_bps=10000
Ã°Å¸â€â€” Peer connected: 12D3KooWE7bMkbbpLoSHKB43JdTZm9zkgqvf1iCQdGAqFFBDa42W
Ã¢Å“â€¦ Connected to peer: 12D3KooWE7bMkbbpLoSHKB43JdTZm9zkgqvf1iCQdGAqFFBDa42W
[EMISSION] h=2144 reward=4 treasury=1 validators=2 burn=1 applied_burn=0 chance_bps=10000
[EMISSION] h=2144 reward=4 treasury=1 validators=2 burn=1 applied_burn=0 chance_bps=10000
[EMISSION] h=2145 reward=3 treasury=1 validators=2 burn=0 applied_burn=0 chance_bps=10000
[EMISSION] h=2145 reward=3 treasury=1 validators=2 burn=0 applied_burn=0 chance_bps=10000
[EMISSION] h=2145 reward=3 treasury=1 validators=2 burn=0 applied_burn=0 chance_bps=10000
[EMISSION] h=2145 reward=3 treasury=1 validators=2 burn=0 applied_burn=0 chance_bps=10000
[EMISSION] h=2146 reward=3 treasury=1 validators=2 burn=0 applied_burn=0 chance_bps=10000
[EMISSION] h=2146 reward=3 treasury=1 validators=2 burn=0 applied_burn=0 chance_bps=10000
[EMISSION] h=2146 reward=3 treasury=1 validators=2 burn=0 applied_burn=0 chance_bps=10000
[EMISSION] h=2146 reward=3 treasury=1 validators=2 burn=0 applied_burn=0 chance_bps=10000
[EMISSION] h=2147 reward=4 treasury=1 validators=2 burn=1 applied_burn=0 chance_bps=10000
[SYNC-SERVE-REQUEST] peer=12D3KooW requested=2531-2546 snapshot=false snapshot_height=0
[SYNC-SERVE-RESPONSE] peer=12D3KooW requested=2531-2546 served=2531-2546 count=16 snapshot=false tip_gap=false historical_gap=false duration_ms=2
Ã°Å¸â€œÂ¦ Sent blocks 2531-2546 (16 blocks) to 12D3KooWE7bMkbbpLoSHKB43JdTZm9zkgqvf1iCQdGAqFFBDa42W
[EMISSION] h=2147 reward=4 treasury=1 validators=2 burn=1 applied_burn=0 chance_bps=10000
[EMISSION] h=2147 reward=4 treasury=1 validators=2 burn=1 applied_burn=0 chance_bps=10000
[EMISSION] h=2147 reward=4 treasury=1 validators=2 burn=1 applied_burn=0 chance_bps=10000
Ã°Å¸â€â€ž Bootstrapping DHT...
[EMISSION] h=2148 reward=2 treasury=1 validators=1 burn=0 applied_burn=0 chance_bps=10000
Ã¢Å“â€¦ DHT bootstrap complete
Ã°Å¸â€Â Starting DHT peer discovery...
[EMISSION] h=2148 reward=2 treasury=1 validators=1 burn=0 applied_burn=0 chance_bps=10000
[EMISSION] h=2148 reward=2 treasury=1 validators=1 burn=0 applied_burn=0 chance_bps=10000
Ã°Å¸â€â€” PubSub mesh check against 4 peers
[EMISSION] h=2148 reward=2 treasury=1 validators=1 burn=0 applied_burn=0 chance_bps=10000
[EMISSION] h=2149 reward=3 treasury=1 validators=2 burn=0 applied_burn=0 chance_bps=10000
[EMISSION] h=2149 reward=3 treasury=1 validators=2 burn=0 applied_burn=0 chance_bps=10000
[EMISSION] h=2149 reward=3 treasury=1 validators=2 burn=0 applied_burn=0 chance_bps=10000
[EMISSION] h=2149 reward=3 treasury=1 validators=2 burn=0 applied_burn=0 chance_bps=10000
[EMISSION] h=2150 reward=4 treasury=1 validators=2 burn=1 applied_burn=0 chance_bps=10000
[EMISSION] h=2150 reward=4 treasury=1 validators=2 burn=1 applied_burn=0 chance_bps=10000
[EMISSION] h=2150 reward=4 treasury=1 validators=2 burn=1 applied_burn=0 chance_bps=10000
[EMISSION] h=2150 reward=4 treasury=1 validators=2 burn=1 applied_burn=0 chance_bps=10000
[EMISSION] h=2151 reward=3 treasury=1 validators=2 burn=0 applied_burn=0 chance_bps=10000
[EMISSION] h=2151 reward=3 treasury=1 validators=2 burn=0 applied_burn=0 chance_bps=10000
[EMISSION] h=2151 reward=3 treasury=1 validators=2 burn=0 applied_burn=0 chance_bps=10000
[EMISSION] h=2152 reward=2 treasury=1 validators=1 burn=0 applied_burn=0 chance_bps=10000
[EMISSION] h=2151 reward=3 treasury=1 validators=2 burn=0 applied_burn=0 chance_bps=10000
[EMISSION] h=2152 reward=2 treasury=1 validators=1 burn=0 applied_burn=0 chance_bps=10000
[EMISSION] h=2152 reward=2 treasury=1 validators=1 burn=0 applied_burn=0 chance_bps=10000
[EMISSION] h=2152 reward=2 treasury=1 validators=1 burn=0 applied_burn=0 chance_bps=10000
[EMISSION] h=2153 reward=2 treasury=1 validators=1 burn=0 applied_burn=0 chance_bps=10000
[EMISSION] h=2153 reward=2 treasury=1 validators=1 burn=0 applied_burn=0 chance_bps=10000
[EMISSION] h=2153 reward=2 treasury=1 validators=1 burn=0 applied_burn=0 chance_bps=10000
[EMISSION] h=2153 reward=2 treasury=1 validators=1 burn=0 applied_burn=0 chance_bps=10000
[EMISSION] h=2154 reward=2 treasury=1 validators=1 burn=0 applied_burn=0 chance_bps=10000
[EMISSION] h=2154 reward=2 treasury=1 validators=1 burn=0 applied_burn=0 chance_bps=10000
[EMISSION] h=2154 reward=2 treasury=1 validators=1 burn=0 applied_burn=0 chance_bps=10000
[EMISSION] h=2154 reward=2 treasury=1 validators=1 burn=0 applied_burn=0 chance_bps=10000
[EMISSION] h=2155 reward=4 treasury=1 validators=2 burn=1 applied_burn=0 chance_bps=10000
Peer info from 12D3KooWE7bMkbbpLoSHKB43JdTZm9zkgqvf1iCQdGAqFFBDa42W | role=full
[EMISSION] h=2155 reward=4 treasury=1 validators=2 burn=1 applied_burn=0 chance_bps=10000
[EMISSION] h=2155 reward=4 treasury=1 validators=2 burn=1 applied_burn=0 chance_bps=10000
[EMISSION] h=2155 reward=4 treasury=1 validators=2 burn=1 applied_burn=0 chance_bps=10000
Ã°Å¸â€œÂ¨ Consensus message from 12D3KooWE7bMkbbpLoSHKB43JdTZm9zkgqvf1iCQdGAqFFBDa42W: peers (size: 333 bytes)
Ã°Å¸â€â€” Received 4 peers from 12D3KooWE7bMkbbpLoSHKB43JdTZm9zkgqvf1iCQdGAqFFBDa42W
Attempting to connect to 4 peers
Ã°Å¸â€Å’ Consensus stream EOF from 12D3KooWE7bMkbbpLoSHKB43JdTZm9zkgqvf1iCQdGAqFFBDa42W
Ã°Å¸â€Å’ Consensus stream closed with 12D3KooWE7bMkbbpLoSHKB43JdTZm9zkgqvf1iCQdGAqFFBDa42W
[EMISSION] h=2156 reward=3 treasury=1 validators=2 burn=0 applied_burn=0 chance_bps=10000
[EMISSION] h=2156 reward=3 treasury=1 validators=2 burn=0 applied_burn=0 chance_bps=10000
[EMISSION] h=2156 reward=3 treasury=1 validators=2 burn=0 applied_burn=0 chance_bps=10000
[EMISSION] h=2156 reward=3 treasury=1 validators=2 burn=0 applied_burn=0 chance_bps=10000
[EMISSION] h=2157 reward=4 treasury=1 validators=2 burn=1 applied_burn=0 chance_bps=10000
[EMISSION] h=2157 reward=4 treasury=1 validators=2 burn=1 applied_burn=0 chance_bps=10000
[EMISSION] h=2157 reward=4 treasury=1 validators=2 burn=1 applied_burn=0 chance_bps=10000
[EMISSION] h=2158 reward=3 treasury=1 validators=2 burn=0 applied_burn=0 chance_bps=10000
[EMISSION] h=2157 reward=4 treasury=1 validators=2 burn=1 applied_burn=0 chance_bps=10000
[EMISSION] h=2158 reward=3 treasury=1 validators=2 burn=0 applied_burn=0 chance_bps=10000
[EMISSION] h=2158 reward=3 treasury=1 validators=2 burn=0 applied_burn=0 chance_bps=10000
[EMISSION] h=2159 reward=3 treasury=1 validators=2 burn=0 applied_burn=0 chance_bps=10000
[EMISSION] h=2158 reward=3 treasury=1 validators=2 burn=0 applied_burn=0 chance_bps=10000
[EMISSION] h=2159 reward=3 treasury=1 validators=2 burn=0 applied_burn=0 chance_bps=10000
[EMISSION] h=2159 reward=3 treasury=1 validators=2 burn=0 applied_burn=0 chance_bps=10000
[EMISSION] h=2159 reward=3 treasury=1 validators=2 burn=0 applied_burn=0 chance_bps=10000
[EMISSION] h=2160 reward=4 treasury=1 validators=2 burn=1 applied_burn=0 chance_bps=10000
[EMISSION] h=2160 reward=4 treasury=1 validators=2 burn=1 applied_burn=0 chance_bps=10000
[EMISSION] h=2160 reward=4 treasury=1 validators=2 burn=1 applied_burn=0 chance_bps=10000
[EMISSION] h=2160 reward=4 treasury=1 validators=2 burn=1 applied_burn=0 chance_bps=10000
[EMISSION] h=2161 reward=3 treasury=1 validators=2 burn=0 applied_burn=0 chance_bps=10000
[EMISSION] h=2161 reward=3 treasury=1 validators=2 burn=0 applied_burn=0 chance_bps=10000
[EMISSION] h=2161 reward=3 treasury=1 validators=2 burn=0 applied_burn=0 chance_bps=10000
[EMISSION] h=2161 reward=3 treasury=1 validators=2 burn=0 applied_burn=0 chance_bps=10000
[EMISSION] h=2162 reward=4 treasury=1 validators=2 burn=1 applied_burn=0 chance_bps=10000
[EMISSION] h=2162 reward=4 treasury=1 validators=2 burn=1 applied_burn=0 chance_bps=10000
[EMISSION] h=2162 reward=4 treasury=1 validators=2 burn=1 applied_burn=0 chance_bps=10000
[EMISSION] h=2162 reward=4 treasury=1 validators=2 burn=1 applied_burn=0 chance_bps=10000
[EMISSION] h=2163 reward=4 treasury=1 validators=2 burn=1 applied_burn=0 chance_bps=10000
[EMISSION] h=2163 reward=4 treasury=1 validators=2 burn=1 applied_burn=0 chance_bps=10000
[EMISSION] h=2163 reward=4 treasury=1 validators=2 burn=1 applied_burn=0 chance_bps=10000
[EMISSION] h=2163 reward=4 treasury=1 validators=2 burn=1 applied_burn=0 chance_bps=10000
[EMISSION] h=2164 reward=3 treasury=1 validators=2 burn=0 applied_burn=0 chance_bps=10000
[EMISSION] h=2164 reward=3 treasury=1 validators=2 burn=0 applied_burn=0 chance_bps=10000
[EMISSION] h=2164 reward=3 treasury=1 validators=2 burn=0 applied_burn=0 chance_bps=10000
[EMISSION] h=2164 reward=3 treasury=1 validators=2 burn=0 applied_burn=0 chance_bps=10000
[EMISSION] h=2165 reward=2 treasury=1 validators=1 burn=0 applied_burn=0 chance_bps=10000
[EMISSION] h=2165 reward=2 treasury=1 validators=1 burn=0 applied_burn=0 chance_bps=10000
[EMISSION] h=2165 reward=2 treasury=1 validators=1 burn=0 applied_burn=0 chance_bps=10000
2026/05/19 10:25:44 [EXEC-PROPOSAL-SELECT] height=2547 reason=observed prev_round=0 prev_block= round=0 block=f53eb382 voters=0 force=false
[EMISSION] h=2165 reward=2 treasury=1 validators=1 burn=0 applied_burn=0 chance_bps=10000
[EMISSION] h=2166 reward=3 treasury=1 validators=2 burn=0 applied_burn=0 chance_bps=10000
[EMISSION] h=2166 reward=3 treasury=1 validators=2 burn=0 applied_burn=0 chance_bps=10000
[EMISSION] h=2166 reward=3 treasury=1 validators=2 burn=0 applied_burn=0 chance_bps=10000
[EMISSION] h=2166 reward=3 treasury=1 validators=2 burn=0 applied_burn=0 chance_bps=10000
[EMISSION] h=2167 reward=2 treasury=1 validators=1 burn=0 applied_burn=0 chance_bps=10000
[EMISSION] h=2167 reward=2 treasury=1 validators=1 burn=0 applied_burn=0 chance_bps=10000
[EMISSION] h=2167 reward=2 treasury=1 validators=1 burn=0 applied_burn=0 chance_bps=10000
[EMISSION] h=2167 reward=2 treasury=1 validators=1 burn=0 applied_burn=0 chance_bps=10000
Validator heartbeat received: B | reported_height=2546 | finalized_height=2546 | local_exec_epoch=2547
[EMISSION] h=2168 reward=4 treasury=1 validators=2 burn=1 applied_burn=0 chance_bps=10000
Validator heartbeat: A | reported_height=2546 | finalized_height=2546 | local_exec_epoch=2547
[EMISSION] h=2168 reward=4 treasury=1 validators=2 burn=1 applied_burn=0 chance_bps=10000
[EMISSION] h=2168 reward=4 treasury=1 validators=2 burn=1 applied_burn=0 chance_bps=10000
[EMISSION] h=2168 reward=4 treasury=1 validators=2 burn=1 applied_burn=0 chance_bps=10000
[EMISSION] h=2169 reward=3 treasury=1 validators=2 burn=0 applied_burn=0 chance_bps=10000
[EMISSION] h=2169 reward=3 treasury=1 validators=2 burn=0 applied_burn=0 chance_bps=10000
[EMISSION] h=2169 reward=3 treasury=1 validators=2 burn=0 applied_burn=0 chance_bps=10000
[EMISSION] h=2169 reward=3 treasury=1 validators=2 burn=0 applied_burn=0 chance_bps=10000
[EMISSION] h=2170 reward=2 treasury=1 validators=1 burn=0 applied_burn=0 chance_bps=10000
[EMISSION] h=2170 reward=2 treasury=1 validators=1 burn=0 applied_burn=0 chance_bps=10000
[EMISSION] h=2170 reward=2 treasury=1 validators=1 burn=0 applied_burn=0 chance_bps=10000
[EMISSION] h=2170 reward=2 treasury=1 validators=1 burn=0 applied_burn=0 chance_bps=10000
[EMISSION] h=2171 reward=2 treasury=1 validators=1 burn=0 applied_burn=0 chance_bps=10000
[EMISSION] h=2171 reward=2 treasury=1 validators=1 burn=0 applied_burn=0 chance_bps=10000
[EMISSION] h=2171 reward=2 treasury=1 validators=1 burn=0 applied_burn=0 chance_bps=10000
[EMISSION] h=2171 reward=2 treasury=1 validators=1 burn=0 applied_burn=0 chance_bps=10000
[EMISSION] h=2172 reward=3 treasury=1 validators=2 burn=0 applied_burn=0 chance_bps=10000
[EMISSION] h=2172 reward=3 treasury=1 validators=2 burn=0 applied_burn=0 chance_bps=10000
Validator heartbeat: C | reported_height=2546 | finalized_height=2546 | local_exec_epoch=2547
Heartbeat sent: C finalized=2546 epoch=2547
[EMISSION] h=2172 reward=3 treasury=1 validators=2 burn=0 applied_burn=0 chance_bps=10000
[EMISSION] h=2172 reward=3 treasury=1 validators=2 burn=0 applied_burn=0 chance_bps=10000
[EMISSION] h=2173 reward=3 treasury=1 validators=2 burn=0 applied_burn=0 chance_bps=10000
[EMISSION] h=2173 reward=3 treasury=1 validators=2 burn=0 applied_burn=0 chance_bps=10000
[EMISSION] h=2173 reward=3 treasury=1 validators=2 burn=0 applied_burn=0 chance_bps=10000
[EMISSION] h=2173 reward=3 treasury=1 validators=2 burn=0 applied_burn=0 chance_bps=10000
[EMISSION] h=2174 reward=2 treasury=1 validators=1 burn=0 applied_burn=0 chance_bps=10000
[EMISSION] h=2174 reward=2 treasury=1 validators=1 burn=0 applied_burn=0 chance_bps=10000
[EMISSION] h=2174 reward=2 treasury=1 validators=1 burn=0 applied_burn=0 chance_bps=10000
[EMISSION] h=2175 reward=3 treasury=1 validators=2 burn=0 applied_burn=0 chance_bps=10000
[EMISSION] h=2174 reward=2 treasury=1 validators=1 burn=0 applied_burn=0 chance_bps=10000
[EMISSION] h=2175 reward=3 treasury=1 validators=2 burn=0 applied_burn=0 chance_bps=10000
[EMISSION] h=2175 reward=3 treasury=1 validators=2 burn=0 applied_burn=0 chance_bps=10000
[EMISSION] h=2175 reward=3 treasury=1 validators=2 burn=0 applied_burn=0 chance_bps=10000
Ã°Å¸â€œÂ¨ Consensus message from 12D3KooWHdmUKc1bYKY3scg6TqGhK3SutwH9hu1aAez4VmvwkEyk: leader_block (size: 1311 bytes)
Ã°Å¸â€œÂ¦ Leader block received from 12D3KooWHdmUKc1bYKY3scg6TqGhK3SutwH9hu1aAez4VmvwkEyk | height=2547 proposer=B
Ã°Å¸â€Å’ Consensus stream EOF from 12D3KooWHdmUKc1bYKY3scg6TqGhK3SutwH9hu1aAez4VmvwkEyk
Ã°Å¸â€Å’ Consensus stream closed with 12D3KooWHdmUKc1bYKY3scg6TqGhK3SutwH9hu1aAez4VmvwkEyk
[EMISSION] h=2176 reward=3 treasury=1 validators=2 burn=0 applied_burn=0 chance_bps=10000
[EMISSION] h=2176 reward=3 treasury=1 validators=2 burn=0 applied_burn=0 chance_bps=10000
[EMISSION] h=2176 reward=3 treasury=1 validators=2 burn=0 applied_burn=0 chance_bps=10000
[EMISSION] h=2177 reward=4 treasury=1 validators=2 burn=1 applied_burn=0 chance_bps=10000
[EMISSION] h=2176 reward=3 treasury=1 validators=2 burn=0 applied_burn=0 chance_bps=10000
[EMISSION] h=2177 reward=4 treasury=1 validators=2 burn=1 applied_burn=0 chance_bps=10000
[EMISSION] h=2177 reward=4 treasury=1 validators=2 burn=1 applied_burn=0 chance_bps=10000
[EMISSION] h=2178 reward=3 treasury=1 validators=2 burn=0 applied_burn=0 chance_bps=10000
[EMISSION] h=2177 reward=4 treasury=1 validators=2 burn=1 applied_burn=0 chance_bps=10000
[EMISSION] h=2178 reward=3 treasury=1 validators=2 burn=0 applied_burn=0 chance_bps=10000
[EMISSION] h=2178 reward=3 treasury=1 validators=2 burn=0 applied_burn=0 chance_bps=10000
[EMISSION] h=2179 reward=3 treasury=1 validators=2 burn=0 applied_burn=0 chance_bps=10000
[EMISSION] h=2178 reward=3 treasury=1 validators=2 burn=0 applied_burn=0 chance_bps=10000
[EMISSION] h=2179 reward=3 treasury=1 validators=2 burn=0 applied_burn=0 chance_bps=10000
[EMISSION] h=2179 reward=3 treasury=1 validators=2 burn=0 applied_burn=0 chance_bps=10000
[EMISSION] h=2180 reward=3 treasury=1 validators=2 burn=0 applied_burn=0 chance_bps=10000
[EMISSION] h=2179 reward=3 treasury=1 validators=2 burn=0 applied_burn=0 chance_bps=10000
[EMISSION] h=2180 reward=3 treasury=1 validators=2 burn=0 applied_burn=0 chance_bps=10000
[EMISSION] h=2180 reward=3 treasury=1 validators=2 burn=0 applied_burn=0 chance_bps=10000
[EMISSION] h=2181 reward=2 treasury=1 validators=1 burn=0 applied_burn=0 chance_bps=10000
[EMISSION] h=2180 reward=3 treasury=1 validators=2 burn=0 applied_burn=0 chance_bps=10000
[EMISSION] h=2181 reward=2 treasury=1 validators=1 burn=0 applied_burn=0 chance_bps=10000
[EMISSION] h=2181 reward=2 treasury=1 validators=1 burn=0 applied_burn=0 chance_bps=10000
[EMISSION] h=2182 reward=4 treasury=1 validators=2 burn=1 applied_burn=0 chance_bps=10000
[EMISSION] h=2181 reward=2 treasury=1 validators=1 burn=0 applied_burn=0 chance_bps=10000
[EMISSION] h=2183 reward=4 treasury=1 validators=2 burn=1 applied_burn=0 chance_bps=10000
[EMISSION] h=2182 reward=4 treasury=1 validators=2 burn=1 applied_burn=0 chance_bps=10000
[EMISSION] h=2182 reward=4 treasury=1 validators=2 burn=1 applied_burn=0 chance_bps=10000
[EMISSION] h=2182 reward=4 treasury=1 validators=2 burn=1 applied_burn=0 chance_bps=10000
[EMISSION] h=2184 reward=4 treasury=1 validators=2 burn=1 applied_burn=0 chance_bps=10000
[EMISSION] h=2183 reward=4 treasury=1 validators=2 burn=1 applied_burn=0 chance_bps=10000
[EMISSION] h=2183 reward=4 treasury=1 validators=2 burn=1 applied_burn=0 chance_bps=10000
[EMISSION] h=2183 reward=4 treasury=1 validators=2 burn=1 applied_burn=0 chance_bps=10000
[EMISSION] h=2185 reward=3 treasury=1 validators=2 burn=0 applied_burn=0 chance_bps=10000
[EMISSION] h=2184 reward=4 treasury=1 validators=2 burn=1 applied_burn=0 chance_bps=10000
[EMISSION] h=2184 reward=4 treasury=1 validators=2 burn=1 applied_burn=0 chance_bps=10000
[EMISSION] h=2184 reward=4 treasury=1 validators=2 burn=1 applied_burn=0 chance_bps=10000
[EMISSION] h=2186 reward=3 treasury=1 validators=2 burn=0 applied_burn=0 chance_bps=10000
[EMISSION] h=2185 reward=3 treasury=1 validators=2 burn=0 applied_burn=0 chance_bps=10000
2026/05/19 10:25:45 [STARTUP-EXECUTION-SNAPSHOT] action=rebuild begin height=2546
[EMISSION] h=2185 reward=3 treasury=1 validators=2 burn=0 applied_burn=0 chance_bps=10000
[EMISSION] h=2185 reward=3 treasury=1 validators=2 burn=0 applied_burn=0 chance_bps=10000
[EMISSION] h=2187 reward=4 treasury=1 validators=2 burn=1 applied_burn=0 chance_bps=10000
2026/05/19 10:25:45 [STARTUP-EXECUTION-SNAPSHOT] action=rebuild resume base=2187 target=2546
[EMISSION] h=2187 reward=4 treasury=1 validators=2 burn=1 applied_burn=0 chance_bps=10000
[EMISSION] h=2186 reward=3 treasury=1 validators=2 burn=0 applied_burn=0 chance_bps=10000
[EMISSION] h=2186 reward=3 treasury=1 validators=2 burn=0 applied_burn=0 chance_bps=10000
[EMISSION] h=2188 reward=4 treasury=1 validators=2 burn=1 applied_burn=0 chance_bps=10000
[EMISSION] h=2186 reward=3 treasury=1 validators=2 burn=0 applied_burn=0 chance_bps=10000
[EMISSION] h=2188 reward=4 treasury=1 validators=2 burn=1 applied_burn=0 chance_bps=10000
[EMISSION] h=2187 reward=4 treasury=1 validators=2 burn=1 applied_burn=0 chance_bps=10000
[EMISSION] h=2187 reward=4 treasury=1 validators=2 burn=1 applied_burn=0 chance_bps=10000
[EMISSION] h=2187 reward=4 treasury=1 validators=2 burn=1 applied_burn=0 chance_bps=10000
[EMISSION] h=2189 reward=3 treasury=1 validators=2 burn=0 applied_burn=0 chance_bps=10000
[EMISSION] h=2188 reward=4 treasury=1 validators=2 burn=1 applied_burn=0 chance_bps=10000
[EMISSION] h=2189 reward=3 treasury=1 validators=2 burn=0 applied_burn=0 chance_bps=10000
[EMISSION] h=2188 reward=4 treasury=1 validators=2 burn=1 applied_burn=0 chance_bps=10000
[EMISSION] h=2188 reward=4 treasury=1 validators=2 burn=1 applied_burn=0 chance_bps=10000
[EMISSION] h=2190 reward=3 treasury=1 validators=2 burn=0 applied_burn=0 chance_bps=10000
[EMISSION] h=2189 reward=3 treasury=1 validators=2 burn=0 applied_burn=0 chance_bps=10000
[EMISSION] h=2190 reward=3 treasury=1 validators=2 burn=0 applied_burn=0 chance_bps=10000
[EMISSION] h=2189 reward=3 treasury=1 validators=2 burn=0 applied_burn=0 chance_bps=10000
[EMISSION] h=2189 reward=3 treasury=1 validators=2 burn=0 applied_burn=0 chance_bps=10000
[EMISSION] h=2191 reward=4 treasury=1 validators=2 burn=1 applied_burn=0 chance_bps=10000
[EMISSION] h=2190 reward=3 treasury=1 validators=2 burn=0 applied_burn=0 chance_bps=10000
[EMISSION] h=2191 reward=4 treasury=1 validators=2 burn=1 applied_burn=0 chance_bps=10000
[EMISSION] h=2190 reward=3 treasury=1 validators=2 burn=0 applied_burn=0 chance_bps=10000
[EMISSION] h=2190 reward=3 treasury=1 validators=2 burn=0 applied_burn=0 chance_bps=10000
[EMISSION] h=2192 reward=3 treasury=1 validators=2 burn=0 applied_burn=0 chance_bps=10000
[EMISSION] h=2191 reward=4 treasury=1 validators=2 burn=1 applied_burn=0 chance_bps=10000
[EMISSION] h=2192 reward=3 treasury=1 validators=2 burn=0 applied_burn=0 chance_bps=10000
[EMISSION] h=2191 reward=4 treasury=1 validators=2 burn=1 applied_burn=0 chance_bps=10000
[EMISSION] h=2191 reward=4 treasury=1 validators=2 burn=1 applied_burn=0 chance_bps=10000
[EMISSION] h=2193 reward=2 treasury=1 validators=1 burn=0 applied_burn=0 chance_bps=10000
[EMISSION] h=2192 reward=3 treasury=1 validators=2 burn=0 applied_burn=0 chance_bps=10000
[EMISSION] h=2193 reward=2 treasury=1 validators=1 burn=0 applied_burn=0 chance_bps=10000
[EMISSION] h=2192 reward=3 treasury=1 validators=2 burn=0 applied_burn=0 chance_bps=10000
[EMISSION] h=2192 reward=3 treasury=1 validators=2 burn=0 applied_burn=0 chance_bps=10000
[EMISSION] h=2194 reward=3 treasury=1 validators=2 burn=0 applied_burn=0 chance_bps=10000
[EMISSION] h=2193 reward=2 treasury=1 validators=1 burn=0 applied_burn=0 chance_bps=10000
[EMISSION] h=2194 reward=3 treasury=1 validators=2 burn=0 applied_burn=0 chance_bps=10000
[EMISSION] h=2193 reward=2 treasury=1 validators=1 burn=0 applied_burn=0 chance_bps=10000
[EMISSION] h=2193 reward=2 treasury=1 validators=1 burn=0 applied_burn=0 chance_bps=10000
Peer info from 12D3KooWE7bMkbbpLoSHKB43JdTZm9zkgqvf1iCQdGAqFFBDa42W | role=full
[EMISSION] h=2195 reward=3 treasury=1 validators=2 burn=0 applied_burn=0 chance_bps=10000
[EMISSION] h=2194 reward=3 treasury=1 validators=2 burn=0 applied_burn=0 chance_bps=10000
[EMISSION] h=2195 reward=3 treasury=1 validators=2 burn=0 applied_burn=0 chance_bps=10000
[EMISSION] h=2194 reward=3 treasury=1 validators=2 burn=0 applied_burn=0 chance_bps=10000
[EMISSION] h=2194 reward=3 treasury=1 validators=2 burn=0 applied_burn=0 chance_bps=10000
[EMISSION] h=2196 reward=3 treasury=1 validators=2 burn=0 applied_burn=0 chance_bps=10000
[EMISSION] h=2195 reward=3 treasury=1 validators=2 burn=0 applied_burn=0 chance_bps=10000
[EMISSION] h=2196 reward=3 treasury=1 validators=2 burn=0 applied_burn=0 chance_bps=10000
[EMISSION] h=2195 reward=3 treasury=1 validators=2 burn=0 applied_burn=0 chance_bps=10000
[EMISSION] h=2195 reward=3 treasury=1 validators=2 burn=0 applied_burn=0 chance_bps=10000
[EMISSION] h=2197 reward=4 treasury=1 validators=2 burn=1 applied_burn=0 chance_bps=10000
[EMISSION] h=2197 reward=4 treasury=1 validators=2 burn=1 applied_burn=0 chance_bps=10000
[EMISSION] h=2196 reward=3 treasury=1 validators=2 burn=0 applied_burn=0 chance_bps=10000
[EMISSION] h=2196 reward=3 treasury=1 validators=2 burn=0 applied_burn=0 chance_bps=10000
[EMISSION] h=2196 reward=3 treasury=1 validators=2 burn=0 applied_burn=0 chance_bps=10000
[EMISSION] h=2198 reward=2 treasury=1 validators=1 burn=0 applied_burn=0 chance_bps=10000
[EMISSION] h=2198 reward=2 treasury=1 validators=1 burn=0 applied_burn=0 chance_bps=10000
[EMISSION] h=2197 reward=4 treasury=1 validators=2 burn=1 applied_burn=0 chance_bps=10000
[EMISSION] h=2197 reward=4 treasury=1 validators=2 burn=1 applied_burn=0 chance_bps=10000
[EMISSION] h=2197 reward=4 treasury=1 validators=2 burn=1 applied_burn=0 chance_bps=10000
[EMISSION] h=2199 reward=4 treasury=1 validators=2 burn=1 applied_burn=0 chance_bps=10000
[EMISSION] h=2199 reward=4 treasury=1 validators=2 burn=1 applied_burn=0 chance_bps=10000
[EMISSION] h=2198 reward=2 treasury=1 validators=1 burn=0 applied_burn=0 chance_bps=10000
[EMISSION] h=2198 reward=2 treasury=1 validators=1 burn=0 applied_burn=0 chance_bps=10000
Ã¢ÂÂ³ Waiting for sync completion before consensus start (height=2546 finalized=2546)
[EMISSION] h=2200 reward=2 treasury=1 validators=1 burn=0 applied_burn=0 chance_bps=10000
[EMISSION] h=2198 reward=2 treasury=1 validators=1 burn=0 applied_burn=0 chance_bps=10000
[EMISSION] h=2199 reward=4 treasury=1 validators=2 burn=1 applied_burn=0 chance_bps=10000
[EMISSION] h=2200 reward=2 treasury=1 validators=1 burn=0 applied_burn=0 chance_bps=10000
[EMISSION] h=2199 reward=4 treasury=1 validators=2 burn=1 applied_burn=0 chance_bps=10000
[EMISSION] h=2199 reward=4 treasury=1 validators=2 burn=1 applied_burn=0 chance_bps=10000
[EMISSION] h=2200 reward=2 treasury=1 validators=1 burn=0 applied_burn=0 chance_bps=10000
[EMISSION] h=2201 reward=2 treasury=1 validators=1 burn=0 applied_burn=0 chance_bps=10000
[EMISSION] h=2200 reward=2 treasury=1 validators=1 burn=0 applied_burn=0 chance_bps=10000
[EMISSION] h=2201 reward=2 treasury=1 validators=1 burn=0 applied_burn=0 chance_bps=10000
[EMISSION] h=2201 reward=2 treasury=1 validators=1 burn=0 applied_burn=0 chance_bps=10000
[EMISSION] h=2202 reward=2 treasury=1 validators=1 burn=0 applied_burn=0 chance_bps=10000
[EMISSION] h=2200 reward=2 treasury=1 validators=1 burn=0 applied_burn=0 chance_bps=10000
[EMISSION] h=2201 reward=2 treasury=1 validators=1 burn=0 applied_burn=0 chance_bps=10000
[EMISSION] h=2202 reward=2 treasury=1 validators=1 burn=0 applied_burn=0 chance_bps=10000
[EMISSION] h=2202 reward=2 treasury=1 validators=1 burn=0 applied_burn=0 chance_bps=10000
[EMISSION] h=2203 reward=4 treasury=1 validators=2 burn=1 applied_burn=0 chance_bps=10000
[SNAPSHOT-PUBLISH] deferred height=2546 reason=auto_publish_interval_10
[EMISSION] h=2201 reward=2 treasury=1 validators=1 burn=0 applied_burn=0 chance_bps=10000
Validator heartbeat received: B | reported_height=2546 | finalized_height=2546 | local_exec_epoch=2547
Validator heartbeat: A | reported_height=2546 | finalized_height=2546 | local_exec_epoch=2547
[EMISSION] h=2202 reward=2 treasury=1 validators=1 burn=0 applied_burn=0 chance_bps=10000
[EMISSION] h=2203 reward=4 treasury=1 validators=2 burn=1 applied_burn=0 chance_bps=10000
[EMISSION] h=2203 reward=4 treasury=1 validators=2 burn=1 applied_burn=0 chance_bps=10000
[EMISSION] h=2202 reward=2 treasury=1 validators=1 burn=0 applied_burn=0 chance_bps=10000
[EMISSION] h=2204 reward=4 treasury=1 validators=2 burn=1 applied_burn=0 chance_bps=10000
[EMISSION] h=2203 reward=4 treasury=1 validators=2 burn=1 applied_burn=0 chance_bps=10000
[EMISSION] h=2204 reward=4 treasury=1 validators=2 burn=1 applied_burn=0 chance_bps=10000
[EMISSION] h=2203 reward=4 treasury=1 validators=2 burn=1 applied_burn=0 chance_bps=10000
[EMISSION] h=2204 reward=4 treasury=1 validators=2 burn=1 applied_burn=0 chance_bps=10000
[EMISSION] h=2205 reward=4 treasury=1 validators=2 burn=1 applied_burn=0 chance_bps=10000
[EMISSION] h=2204 reward=4 treasury=1 validators=2 burn=1 applied_burn=0 chance_bps=10000
[EMISSION] h=2205 reward=4 treasury=1 validators=2 burn=1 applied_burn=0 chance_bps=10000
[EMISSION] h=2204 reward=4 treasury=1 validators=2 burn=1 applied_burn=0 chance_bps=10000
[EMISSION] h=2206 reward=4 treasury=1 validators=2 burn=1 applied_burn=0 chance_bps=10000
[EMISSION] h=2205 reward=4 treasury=1 validators=2 burn=1 applied_burn=0 chance_bps=10000
[EMISSION] h=2205 reward=4 treasury=1 validators=2 burn=1 applied_burn=0 chance_bps=10000
[EMISSION] h=2206 reward=4 treasury=1 validators=2 burn=1 applied_burn=0 chance_bps=10000
[EMISSION] h=2205 reward=4 treasury=1 validators=2 burn=1 applied_burn=0 chance_bps=10000
[EMISSION] h=2207 reward=3 treasury=1 validators=2 burn=0 applied_burn=0 chance_bps=10000
[EMISSION] h=2206 reward=4 treasury=1 validators=2 burn=1 applied_burn=0 chance_bps=10000
[EMISSION] h=2206 reward=4 treasury=1 validators=2 burn=1 applied_burn=0 chance_bps=10000
[EMISSION] h=2206 reward=4 treasury=1 validators=2 burn=1 applied_burn=0 chance_bps=10000
[EMISSION] h=2207 reward=3 treasury=1 validators=2 burn=0 applied_burn=0 chance_bps=10000
[EMISSION] h=2208 reward=4 treasury=1 validators=2 burn=1 applied_burn=0 chance_bps=10000
[EMISSION] h=2207 reward=3 treasury=1 validators=2 burn=0 applied_burn=0 chance_bps=10000
[EMISSION] h=2207 reward=3 treasury=1 validators=2 burn=0 applied_burn=0 chance_bps=10000
[EMISSION] h=2207 reward=3 treasury=1 validators=2 burn=0 applied_burn=0 chance_bps=10000
[EMISSION] h=2208 reward=4 treasury=1 validators=2 burn=1 applied_burn=0 chance_bps=10000
[EMISSION] h=2208 reward=4 treasury=1 validators=2 burn=1 applied_burn=0 chance_bps=10000
[EMISSION] h=2209 reward=4 treasury=1 validators=2 burn=1 applied_burn=0 chance_bps=10000
[EMISSION] h=2208 reward=4 treasury=1 validators=2 burn=1 applied_burn=0 chance_bps=10000
[EMISSION] h=2208 reward=4 treasury=1 validators=2 burn=1 applied_burn=0 chance_bps=10000
[EMISSION] h=2209 reward=4 treasury=1 validators=2 burn=1 applied_burn=0 chance_bps=10000
[EMISSION] h=2209 reward=4 treasury=1 validators=2 burn=1 applied_burn=0 chance_bps=10000
[EMISSION] h=2210 reward=3 treasury=1 validators=2 burn=0 applied_burn=0 chance_bps=10000
[EMISSION] h=2209 reward=4 treasury=1 validators=2 burn=1 applied_burn=0 chance_bps=10000
[EMISSION] h=2209 reward=4 treasury=1 validators=2 burn=1 applied_burn=0 chance_bps=10000
[EMISSION] h=2210 reward=3 treasury=1 validators=2 burn=0 applied_burn=0 chance_bps=10000
[EMISSION] h=2210 reward=3 treasury=1 validators=2 burn=0 applied_burn=0 chance_bps=10000
[EMISSION] h=2210 reward=3 treasury=1 validators=2 burn=0 applied_burn=0 chance_bps=10000
[EMISSION] h=2211 reward=3 treasury=1 validators=2 burn=0 applied_burn=0 chance_bps=10000
[EMISSION] h=2210 reward=3 treasury=1 validators=2 burn=0 applied_burn=0 chance_bps=10000
[EMISSION] h=2211 reward=3 treasury=1 validators=2 burn=0 applied_burn=0 chance_bps=10000
[EMISSION] h=2211 reward=3 treasury=1 validators=2 burn=0 applied_burn=0 chance_bps=10000
[EMISSION] h=2212 reward=3 treasury=1 validators=2 burn=0 applied_burn=0 chance_bps=10000
[EMISSION] h=2211 reward=3 treasury=1 validators=2 burn=0 applied_burn=0 chance_bps=10000
[EMISSION] h=2211 reward=3 treasury=1 validators=2 burn=0 applied_burn=0 chance_bps=10000
[EMISSION] h=2212 reward=3 treasury=1 validators=2 burn=0 applied_burn=0 chance_bps=10000
[EMISSION] h=2212 reward=3 treasury=1 validators=2 burn=0 applied_burn=0 chance_bps=10000
[EMISSION] h=2213 reward=2 treasury=1 validators=1 burn=0 applied_burn=0 chance_bps=10000
[EMISSION] h=2212 reward=3 treasury=1 validators=2 burn=0 applied_burn=0 chance_bps=10000
[EMISSION] h=2212 reward=3 treasury=1 validators=2 burn=0 applied_burn=0 chance_bps=10000
[EMISSION] h=2213 reward=2 treasury=1 validators=1 burn=0 applied_burn=0 chance_bps=10000
[EMISSION] h=2213 reward=2 treasury=1 validators=1 burn=0 applied_burn=0 chance_bps=10000
[EMISSION] h=2214 reward=2 treasury=1 validators=1 burn=0 applied_burn=0 chance_bps=10000
[EMISSION] h=2213 reward=2 treasury=1 validators=1 burn=0 applied_burn=0 chance_bps=10000
[EMISSION] h=2213 reward=2 treasury=1 validators=1 burn=0 applied_burn=0 chance_bps=10000
[EMISSION] h=2214 reward=2 treasury=1 validators=1 burn=0 applied_burn=0 chance_bps=10000
[EMISSION] h=2214 reward=2 treasury=1 validators=1 burn=0 applied_burn=0 chance_bps=10000
[EMISSION] h=2214 reward=2 treasury=1 validators=1 burn=0 applied_burn=0 chance_bps=10000
[EMISSION] h=2215 reward=3 treasury=1 validators=2 burn=0 applied_burn=0 chance_bps=10000
[EMISSION] h=2214 reward=2 treasury=1 validators=1 burn=0 applied_burn=0 chance_bps=10000
[EMISSION] h=2215 reward=3 treasury=1 validators=2 burn=0 applied_burn=0 chance_bps=10000
[EMISSION] h=2215 reward=3 treasury=1 validators=2 burn=0 applied_burn=0 chance_bps=10000
[EMISSION] h=2215 reward=3 treasury=1 validators=2 burn=0 applied_burn=0 chance_bps=10000
[EMISSION] h=2216 reward=3 treasury=1 validators=2 burn=0 applied_burn=0 chance_bps=10000
[EMISSION] h=2215 reward=3 treasury=1 validators=2 burn=0 applied_burn=0 chance_bps=10000
[EMISSION] h=2216 reward=3 treasury=1 validators=2 burn=0 applied_burn=0 chance_bps=10000
[EMISSION] h=2216 reward=3 treasury=1 validators=2 burn=0 applied_burn=0 chance_bps=10000
[EMISSION] h=2216 reward=3 treasury=1 validators=2 burn=0 applied_burn=0 chance_bps=10000
[EMISSION] h=2217 reward=2 treasury=1 validators=1 burn=0 applied_burn=0 chance_bps=10000
[EMISSION] h=2216 reward=3 treasury=1 validators=2 burn=0 applied_burn=0 chance_bps=10000
[EMISSION] h=2217 reward=2 treasury=1 validators=1 burn=0 applied_burn=0 chance_bps=10000
[EMISSION] h=2217 reward=2 treasury=1 validators=1 burn=0 applied_burn=0 chance_bps=10000
[EMISSION] h=2217 reward=2 treasury=1 validators=1 burn=0 applied_burn=0 chance_bps=10000
[EMISSION] h=2218 reward=4 treasury=1 validators=2 burn=1 applied_burn=0 chance_bps=10000
[EMISSION] h=2217 reward=2 treasury=1 validators=1 burn=0 applied_burn=0 chance_bps=10000
[EMISSION] h=2218 reward=4 treasury=1 validators=2 burn=1 applied_burn=0 chance_bps=10000
[EMISSION] h=2218 reward=4 treasury=1 validators=2 burn=1 applied_burn=0 chance_bps=10000
[EMISSION] h=2218 reward=4 treasury=1 validators=2 burn=1 applied_burn=0 chance_bps=10000
[EMISSION] h=2218 reward=4 treasury=1 validators=2 burn=1 applied_burn=0 chance_bps=10000
[EMISSION] h=2219 reward=3 treasury=1 validators=2 burn=0 applied_burn=0 chance_bps=10000
[EMISSION] h=2219 reward=3 treasury=1 validators=2 burn=0 applied_burn=0 chance_bps=10000
[EMISSION] h=2219 reward=3 treasury=1 validators=2 burn=0 applied_burn=0 chance_bps=10000
[EMISSION] h=2219 reward=3 treasury=1 validators=2 burn=0 applied_burn=0 chance_bps=10000
[EMISSION] h=2219 reward=3 treasury=1 validators=2 burn=0 applied_burn=0 chance_bps=10000
[EMISSION] h=2220 reward=4 treasury=1 validators=2 burn=1 applied_burn=0 chance_bps=10000
[EMISSION] h=2220 reward=4 treasury=1 validators=2 burn=1 applied_burn=0 chance_bps=10000
[EMISSION] h=2220 reward=4 treasury=1 validators=2 burn=1 applied_burn=0 chance_bps=10000
[EMISSION] h=2220 reward=4 treasury=1 validators=2 burn=1 applied_burn=0 chance_bps=10000
[EMISSION] h=2220 reward=4 treasury=1 validators=2 burn=1 applied_burn=0 chance_bps=10000
[EMISSION] h=2221 reward=2 treasury=1 validators=1 burn=0 applied_burn=0 chance_bps=10000
[EMISSION] h=2221 reward=2 treasury=1 validators=1 burn=0 applied_burn=0 chance_bps=10000
[EMISSION] h=2221 reward=2 treasury=1 validators=1 burn=0 applied_burn=0 chance_bps=10000
[EMISSION] h=2221 reward=2 treasury=1 validators=1 burn=0 applied_burn=0 chance_bps=10000
[EMISSION] h=2221 reward=2 treasury=1 validators=1 burn=0 applied_burn=0 chance_bps=10000
[EMISSION] h=2222 reward=3 treasury=1 validators=2 burn=0 applied_burn=0 chance_bps=10000
[EMISSION] h=2222 reward=3 treasury=1 validators=2 burn=0 applied_burn=0 chance_bps=10000
[EMISSION] h=2222 reward=3 treasury=1 validators=2 burn=0 applied_burn=0 chance_bps=10000
[EMISSION] h=2222 reward=3 treasury=1 validators=2 burn=0 applied_burn=0 chance_bps=10000
[EMISSION] h=2222 reward=3 treasury=1 validators=2 burn=0 applied_burn=0 chance_bps=10000
[EMISSION] h=2223 reward=4 treasury=1 validators=2 burn=1 applied_burn=0 chance_bps=10000
[EMISSION] h=2223 reward=4 treasury=1 validators=2 burn=1 applied_burn=0 chance_bps=10000
[EMISSION] h=2223 reward=4 treasury=1 validators=2 burn=1 applied_burn=0 chance_bps=10000
[EMISSION] h=2223 reward=4 treasury=1 validators=2 burn=1 applied_burn=0 chance_bps=10000
[EMISSION] h=2223 reward=4 treasury=1 validators=2 burn=1 applied_burn=0 chance_bps=10000
[EMISSION] h=2224 reward=4 treasury=1 validators=2 burn=1 applied_burn=0 chance_bps=10000
[EMISSION] h=2224 reward=4 treasury=1 validators=2 burn=1 applied_burn=0 chance_bps=10000
[EMISSION] h=2224 reward=4 treasury=1 validators=2 burn=1 applied_burn=0 chance_bps=10000
[EMISSION] h=2225 reward=2 treasury=1 validators=1 burn=0 applied_burn=0 chance_bps=10000
[EMISSION] h=2224 reward=4 treasury=1 validators=2 burn=1 applied_burn=0 chance_bps=10000
[EMISSION] h=2224 reward=4 treasury=1 validators=2 burn=1 applied_burn=0 chance_bps=10000
[EMISSION] h=2225 reward=2 treasury=1 validators=1 burn=0 applied_burn=0 chance_bps=10000
[EMISSION] h=2225 reward=2 treasury=1 validators=1 burn=0 applied_burn=0 chance_bps=10000
[EMISSION] h=2225 reward=2 treasury=1 validators=1 burn=0 applied_burn=0 chance_bps=10000
[EMISSION] h=2226 reward=2 treasury=1 validators=1 burn=0 applied_burn=0 chance_bps=10000
[EMISSION] h=2225 reward=2 treasury=1 validators=1 burn=0 applied_burn=0 chance_bps=10000
[EMISSION] h=2226 reward=2 treasury=1 validators=1 burn=0 applied_burn=0 chance_bps=10000
[EMISSION] h=2227 reward=2 treasury=1 validators=1 burn=0 applied_burn=0 chance_bps=10000
[EMISSION] h=2226 reward=2 treasury=1 validators=1 burn=0 applied_burn=0 chance_bps=10000
[EMISSION] h=2226 reward=2 treasury=1 validators=1 burn=0 applied_burn=0 chance_bps=10000
[EMISSION] h=2226 reward=2 treasury=1 validators=1 burn=0 applied_burn=0 chance_bps=10000
[EMISSION] h=2227 reward=2 treasury=1 validators=1 burn=0 applied_burn=0 chance_bps=10000
[EMISSION] h=2228 reward=3 treasury=1 validators=2 burn=0 applied_burn=0 chance_bps=10000
[EMISSION] h=2227 reward=2 treasury=1 validators=1 burn=0 applied_burn=0 chance_bps=10000
[EMISSION] h=2228 reward=3 treasury=1 validators=2 burn=0 applied_burn=0 chance_bps=10000
[EMISSION] h=2227 reward=2 treasury=1 validators=1 burn=0 applied_burn=0 chance_bps=10000
[EMISSION] h=2229 reward=4 treasury=1 validators=2 burn=1 applied_burn=0 chance_bps=10000
[EMISSION] h=2227 reward=2 treasury=1 validators=1 burn=0 applied_burn=0 chance_bps=10000
[EMISSION] h=2228 reward=3 treasury=1 validators=2 burn=0 applied_burn=0 chance_bps=10000
[EMISSION] h=2229 reward=4 treasury=1 validators=2 burn=1 applied_burn=0 chance_bps=10000
[EMISSION] h=2230 reward=4 treasury=1 validators=2 burn=1 applied_burn=0 chance_bps=10000
[EMISSION] h=2228 reward=3 treasury=1 validators=2 burn=0 applied_burn=0 chance_bps=10000
[EMISSION] h=2228 reward=3 treasury=1 validators=2 burn=0 applied_burn=0 chance_bps=10000
[EMISSION] h=2229 reward=4 treasury=1 validators=2 burn=1 applied_burn=0 chance_bps=10000
[EMISSION] h=2230 reward=4 treasury=1 validators=2 burn=1 applied_burn=0 chance_bps=10000
[EMISSION] h=2229 reward=4 treasury=1 validators=2 burn=1 applied_burn=0 chance_bps=10000
[EMISSION] h=2231 reward=2 treasury=1 validators=1 burn=0 applied_burn=0 chance_bps=10000
[EMISSION] h=2230 reward=4 treasury=1 validators=2 burn=1 applied_burn=0 chance_bps=10000
[EMISSION] h=2231 reward=2 treasury=1 validators=1 burn=0 applied_burn=0 chance_bps=10000
[EMISSION] h=2229 reward=4 treasury=1 validators=2 burn=1 applied_burn=0 chance_bps=10000
[EMISSION] h=2231 reward=2 treasury=1 validators=1 burn=0 applied_burn=0 chance_bps=10000
[EMISSION] h=2230 reward=4 treasury=1 validators=2 burn=1 applied_burn=0 chance_bps=10000
[EMISSION] h=2232 reward=2 treasury=1 validators=1 burn=0 applied_burn=0 chance_bps=10000
[EMISSION] h=2230 reward=4 treasury=1 validators=2 burn=1 applied_burn=0 chance_bps=10000
[EMISSION] h=2232 reward=2 treasury=1 validators=1 burn=0 applied_burn=0 chance_bps=10000
[EMISSION] h=2232 reward=2 treasury=1 validators=1 burn=0 applied_burn=0 chance_bps=10000
[EMISSION] h=2233 reward=4 treasury=1 validators=2 burn=1 applied_burn=0 chance_bps=10000
[EMISSION] h=2231 reward=2 treasury=1 validators=1 burn=0 applied_burn=0 chance_bps=10000
[EMISSION] h=2233 reward=4 treasury=1 validators=2 burn=1 applied_burn=0 chance_bps=10000
[EMISSION] h=2231 reward=2 treasury=1 validators=1 burn=0 applied_burn=0 chance_bps=10000
[EMISSION] h=2232 reward=2 treasury=1 validators=1 burn=0 applied_burn=0 chance_bps=10000
[EMISSION] h=2233 reward=4 treasury=1 validators=2 burn=1 applied_burn=0 chance_bps=10000
[EMISSION] h=2234 reward=3 treasury=1 validators=2 burn=0 applied_burn=0 chance_bps=10000
[EMISSION] h=2234 reward=3 treasury=1 validators=2 burn=0 applied_burn=0 chance_bps=10000
[EMISSION] h=2232 reward=2 treasury=1 validators=1 burn=0 applied_burn=0 chance_bps=10000
[EMISSION] h=2233 reward=4 treasury=1 validators=2 burn=1 applied_burn=0 chance_bps=10000
[EMISSION] h=2235 reward=2 treasury=1 validators=1 burn=0 applied_burn=0 chance_bps=10000
[EMISSION] h=2234 reward=3 treasury=1 validators=2 burn=0 applied_burn=0 chance_bps=10000
[EMISSION] h=2235 reward=2 treasury=1 validators=1 burn=0 applied_burn=0 chance_bps=10000
[EMISSION] h=2234 reward=3 treasury=1 validators=2 burn=0 applied_burn=0 chance_bps=10000
[EMISSION] h=2233 reward=4 treasury=1 validators=2 burn=1 applied_burn=0 chance_bps=10000
[EMISSION] h=2235 reward=2 treasury=1 validators=1 burn=0 applied_burn=0 chance_bps=10000
[EMISSION] h=2236 reward=4 treasury=1 validators=2 burn=1 applied_burn=0 chance_bps=10000
[EMISSION] h=2236 reward=4 treasury=1 validators=2 burn=1 applied_burn=0 chance_bps=10000
[EMISSION] h=2236 reward=4 treasury=1 validators=2 burn=1 applied_burn=0 chance_bps=10000
[EMISSION] h=2234 reward=3 treasury=1 validators=2 burn=0 applied_burn=0 chance_bps=10000
[EMISSION] h=2235 reward=2 treasury=1 validators=1 burn=0 applied_burn=0 chance_bps=10000
[EMISSION] h=2237 reward=2 treasury=1 validators=1 burn=0 applied_burn=0 chance_bps=10000
[EMISSION] h=2237 reward=2 treasury=1 validators=1 burn=0 applied_burn=0 chance_bps=10000
[EMISSION] h=2235 reward=2 treasury=1 validators=1 burn=0 applied_burn=0 chance_bps=10000
[EMISSION] h=2237 reward=2 treasury=1 validators=1 burn=0 applied_burn=0 chance_bps=10000
[EMISSION] h=2236 reward=4 treasury=1 validators=2 burn=1 applied_burn=0 chance_bps=10000
[EMISSION] h=2238 reward=2 treasury=1 validators=1 burn=0 applied_burn=0 chance_bps=10000
[EMISSION] h=2238 reward=2 treasury=1 validators=1 burn=0 applied_burn=0 chance_bps=10000
[EMISSION] h=2236 reward=4 treasury=1 validators=2 burn=1 applied_burn=0 chance_bps=10000
[EMISSION] h=2238 reward=2 treasury=1 validators=1 burn=0 applied_burn=0 chance_bps=10000
[EMISSION] h=2237 reward=2 treasury=1 validators=1 burn=0 applied_burn=0 chance_bps=10000
[EMISSION] h=2239 reward=4 treasury=1 validators=2 burn=1 applied_burn=0 chance_bps=10000
[EMISSION] h=2239 reward=4 treasury=1 validators=2 burn=1 applied_burn=0 chance_bps=10000
[EMISSION] h=2237 reward=2 treasury=1 validators=1 burn=0 applied_burn=0 chance_bps=10000
[EMISSION] h=2238 reward=2 treasury=1 validators=1 burn=0 applied_burn=0 chance_bps=10000
[EMISSION] h=2239 reward=4 treasury=1 validators=2 burn=1 applied_burn=0 chance_bps=10000
[EMISSION] h=2240 reward=2 treasury=1 validators=1 burn=0 applied_burn=0 chance_bps=10000
[EMISSION] h=2238 reward=2 treasury=1 validators=1 burn=0 applied_burn=0 chance_bps=10000
[EMISSION] h=2240 reward=2 treasury=1 validators=1 burn=0 applied_burn=0 chance_bps=10000
[EMISSION] h=2239 reward=4 treasury=1 validators=2 burn=1 applied_burn=0 chance_bps=10000
[EMISSION] h=2240 reward=2 treasury=1 validators=1 burn=0 applied_burn=0 chance_bps=10000
[EMISSION] h=2241 reward=3 treasury=1 validators=2 burn=0 applied_burn=0 chance_bps=10000
[EMISSION] h=2239 reward=4 treasury=1 validators=2 burn=1 applied_burn=0 chance_bps=10000
[EMISSION] h=2241 reward=3 treasury=1 validators=2 burn=0 applied_burn=0 chance_bps=10000
[EMISSION] h=2240 reward=2 treasury=1 validators=1 burn=0 applied_burn=0 chance_bps=10000
[EMISSION] h=2241 reward=3 treasury=1 validators=2 burn=0 applied_burn=0 chance_bps=10000
[EMISSION] h=2242 reward=3 treasury=1 validators=2 burn=0 applied_burn=0 chance_bps=10000
[EMISSION] h=2240 reward=2 treasury=1 validators=1 burn=0 applied_burn=0 chance_bps=10000
[EMISSION] h=2242 reward=3 treasury=1 validators=2 burn=0 applied_burn=0 chance_bps=10000
[EMISSION] h=2241 reward=3 treasury=1 validators=2 burn=0 applied_burn=0 chance_bps=10000
[EMISSION] h=2243 reward=2 treasury=1 validators=1 burn=0 applied_burn=0 chance_bps=10000
[EMISSION] h=2242 reward=3 treasury=1 validators=2 burn=0 applied_burn=0 chance_bps=10000
[EMISSION] h=2241 reward=3 treasury=1 validators=2 burn=0 applied_burn=0 chance_bps=10000
[EMISSION] h=2243 reward=2 treasury=1 validators=1 burn=0 applied_burn=0 chance_bps=10000
[EMISSION] h=2242 reward=3 treasury=1 validators=2 burn=0 applied_burn=0 chance_bps=10000
[EMISSION] h=2244 reward=4 treasury=1 validators=2 burn=1 applied_burn=0 chance_bps=10000
[EMISSION] h=2243 reward=2 treasury=1 validators=1 burn=0 applied_burn=0 chance_bps=10000
[EMISSION] h=2242 reward=3 treasury=1 validators=2 burn=0 applied_burn=0 chance_bps=10000
[EMISSION] h=2244 reward=4 treasury=1 validators=2 burn=1 applied_burn=0 chance_bps=10000
[EMISSION] h=2243 reward=2 treasury=1 validators=1 burn=0 applied_burn=0 chance_bps=10000
[EMISSION] h=2243 reward=2 treasury=1 validators=1 burn=0 applied_burn=0 chance_bps=10000
[EMISSION] h=2244 reward=4 treasury=1 validators=2 burn=1 applied_burn=0 chance_bps=10000
[EMISSION] h=2245 reward=3 treasury=1 validators=2 burn=0 applied_burn=0 chance_bps=10000
[EMISSION] h=2245 reward=3 treasury=1 validators=2 burn=0 applied_burn=0 chance_bps=10000
[EMISSION] h=2244 reward=4 treasury=1 validators=2 burn=1 applied_burn=0 chance_bps=10000
[EMISSION] h=2244 reward=4 treasury=1 validators=2 burn=1 applied_burn=0 chance_bps=10000
[EMISSION] h=2245 reward=3 treasury=1 validators=2 burn=0 applied_burn=0 chance_bps=10000
[EMISSION] h=2246 reward=2 treasury=1 validators=1 burn=0 applied_burn=0 chance_bps=10000
[EMISSION] h=2245 reward=3 treasury=1 validators=2 burn=0 applied_burn=0 chance_bps=10000
[EMISSION] h=2246 reward=2 treasury=1 validators=1 burn=0 applied_burn=0 chance_bps=10000
[EMISSION] h=2245 reward=3 treasury=1 validators=2 burn=0 applied_burn=0 chance_bps=10000
[EMISSION] h=2246 reward=2 treasury=1 validators=1 burn=0 applied_burn=0 chance_bps=10000
[EMISSION] h=2247 reward=3 treasury=1 validators=2 burn=0 applied_burn=0 chance_bps=10000
[EMISSION] h=2246 reward=2 treasury=1 validators=1 burn=0 applied_burn=0 chance_bps=10000
[EMISSION] h=2247 reward=3 treasury=1 validators=2 burn=0 applied_burn=0 chance_bps=10000
[EMISSION] h=2246 reward=2 treasury=1 validators=1 burn=0 applied_burn=0 chance_bps=10000
[EMISSION] h=2247 reward=3 treasury=1 validators=2 burn=0 applied_burn=0 chance_bps=10000
[EMISSION] h=2248 reward=4 treasury=1 validators=2 burn=1 applied_burn=0 chance_bps=10000
[EMISSION] h=2247 reward=3 treasury=1 validators=2 burn=0 applied_burn=0 chance_bps=10000
[EMISSION] h=2248 reward=4 treasury=1 validators=2 burn=1 applied_burn=0 chance_bps=10000
[EMISSION] h=2247 reward=3 treasury=1 validators=2 burn=0 applied_burn=0 chance_bps=10000
[EMISSION] h=2248 reward=4 treasury=1 validators=2 burn=1 applied_burn=0 chance_bps=10000
[EMISSION] h=2249 reward=4 treasury=1 validators=2 burn=1 applied_burn=0 chance_bps=10000
[EMISSION] h=2248 reward=4 treasury=1 validators=2 burn=1 applied_burn=0 chance_bps=10000
[EMISSION] h=2249 reward=4 treasury=1 validators=2 burn=1 applied_burn=0 chance_bps=10000
[EMISSION] h=2248 reward=4 treasury=1 validators=2 burn=1 applied_burn=0 chance_bps=10000
[EMISSION] h=2249 reward=4 treasury=1 validators=2 burn=1 applied_burn=0 chance_bps=10000
[EMISSION] h=2250 reward=2 treasury=1 validators=1 burn=0 applied_burn=0 chance_bps=10000
[EMISSION] h=2250 reward=2 treasury=1 validators=1 burn=0 applied_burn=0 chance_bps=10000
[EMISSION] h=2249 reward=4 treasury=1 validators=2 burn=1 applied_burn=0 chance_bps=10000
[EMISSION] h=2249 reward=4 treasury=1 validators=2 burn=1 applied_burn=0 chance_bps=10000
[EMISSION] h=2250 reward=2 treasury=1 validators=1 burn=0 applied_burn=0 chance_bps=10000
[EMISSION] h=2251 reward=2 treasury=1 validators=1 burn=0 applied_burn=0 chance_bps=10000
[EMISSION] h=2250 reward=2 treasury=1 validators=1 burn=0 applied_burn=0 chance_bps=10000
[EMISSION] h=2251 reward=2 treasury=1 validators=1 burn=0 applied_burn=0 chance_bps=10000
[EMISSION] h=2251 reward=2 treasury=1 validators=1 burn=0 applied_burn=0 chance_bps=10000
[EMISSION] h=2250 reward=2 treasury=1 validators=1 burn=0 applied_burn=0 chance_bps=10000
Validator heartbeat received: A | reported_height=2546 | finalized_height=2546 | local_exec_epoch=2547
[EMISSION] h=2252 reward=4 treasury=1 validators=2 burn=1 applied_burn=0 chance_bps=10000
Validator heartbeat: B | reported_height=2546 | finalized_height=2546 | local_exec_epoch=2547
[EMISSION] h=2251 reward=2 treasury=1 validators=1 burn=0 applied_burn=0 chance_bps=10000
[EMISSION] h=2252 reward=4 treasury=1 validators=2 burn=1 applied_burn=0 chance_bps=10000
[EMISSION] h=2252 reward=4 treasury=1 validators=2 burn=1 applied_burn=0 chance_bps=10000
[EMISSION] h=2251 reward=2 treasury=1 validators=1 burn=0 applied_burn=0 chance_bps=10000
[EMISSION] h=2253 reward=2 treasury=1 validators=1 burn=0 applied_burn=0 chance_bps=10000
[EMISSION] h=2252 reward=4 treasury=1 validators=2 burn=1 applied_burn=0 chance_bps=10000
[EMISSION] h=2253 reward=2 treasury=1 validators=1 burn=0 applied_burn=0 chance_bps=10000
[EMISSION] h=2253 reward=2 treasury=1 validators=1 burn=0 applied_burn=0 chance_bps=10000
[EMISSION] h=2252 reward=4 treasury=1 validators=2 burn=1 applied_burn=0 chance_bps=10000
[EMISSION] h=2254 reward=4 treasury=1 validators=2 burn=1 applied_burn=0 chance_bps=10000
[EMISSION] h=2253 reward=2 treasury=1 validators=1 burn=0 applied_burn=0 chance_bps=10000
[EMISSION] h=2254 reward=4 treasury=1 validators=2 burn=1 applied_burn=0 chance_bps=10000
[EMISSION] h=2253 reward=2 treasury=1 validators=1 burn=0 applied_burn=0 chance_bps=10000
[EMISSION] h=2254 reward=4 treasury=1 validators=2 burn=1 applied_burn=0 chance_bps=10000
[EMISSION] h=2255 reward=4 treasury=1 validators=2 burn=1 applied_burn=0 chance_bps=10000
[EMISSION] h=2254 reward=4 treasury=1 validators=2 burn=1 applied_burn=0 chance_bps=10000
[EMISSION] h=2255 reward=4 treasury=1 validators=2 burn=1 applied_burn=0 chance_bps=10000
[EMISSION] h=2254 reward=4 treasury=1 validators=2 burn=1 applied_burn=0 chance_bps=10000
[EMISSION] h=2255 reward=4 treasury=1 validators=2 burn=1 applied_burn=0 chance_bps=10000
[EMISSION] h=2256 reward=3 treasury=1 validators=2 burn=0 applied_burn=0 chance_bps=10000
[EMISSION] h=2255 reward=4 treasury=1 validators=2 burn=1 applied_burn=0 chance_bps=10000
[EMISSION] h=2256 reward=3 treasury=1 validators=2 burn=0 applied_burn=0 chance_bps=10000
[EMISSION] h=2255 reward=4 treasury=1 validators=2 burn=1 applied_burn=0 chance_bps=10000
[EMISSION] h=2257 reward=4 treasury=1 validators=2 burn=1 applied_burn=0 chance_bps=10000
[EMISSION] h=2256 reward=3 treasury=1 validators=2 burn=0 applied_burn=0 chance_bps=10000
[EMISSION] h=2257 reward=4 treasury=1 validators=2 burn=1 applied_burn=0 chance_bps=10000
[EMISSION] h=2256 reward=3 treasury=1 validators=2 burn=0 applied_burn=0 chance_bps=10000
[EMISSION] h=2256 reward=3 treasury=1 validators=2 burn=0 applied_burn=0 chance_bps=10000
[EMISSION] h=2258 reward=3 treasury=1 validators=2 burn=0 applied_burn=0 chance_bps=10000
[EMISSION] h=2257 reward=4 treasury=1 validators=2 burn=1 applied_burn=0 chance_bps=10000
[EMISSION] h=2257 reward=4 treasury=1 validators=2 burn=1 applied_burn=0 chance_bps=10000
[EMISSION] h=2258 reward=3 treasury=1 validators=2 burn=0 applied_burn=0 chance_bps=10000
[EMISSION] h=2257 reward=4 treasury=1 validators=2 burn=1 applied_burn=0 chance_bps=10000
[EMISSION] h=2259 reward=2 treasury=1 validators=1 burn=0 applied_burn=0 chance_bps=10000
[EMISSION] h=2258 reward=3 treasury=1 validators=2 burn=0 applied_burn=0 chance_bps=10000
[EMISSION] h=2259 reward=2 treasury=1 validators=1 burn=0 applied_burn=0 chance_bps=10000
[EMISSION] h=2258 reward=3 treasury=1 validators=2 burn=0 applied_burn=0 chance_bps=10000
[EMISSION] h=2260 reward=4 treasury=1 validators=2 burn=1 applied_burn=0 chance_bps=10000
[EMISSION] h=2258 reward=3 treasury=1 validators=2 burn=0 applied_burn=0 chance_bps=10000
[EMISSION] h=2259 reward=2 treasury=1 validators=1 burn=0 applied_burn=0 chance_bps=10000
[EMISSION] h=2260 reward=4 treasury=1 validators=2 burn=1 applied_burn=0 chance_bps=10000
[EMISSION] h=2259 reward=2 treasury=1 validators=1 burn=0 applied_burn=0 chance_bps=10000
[EMISSION] h=2261 reward=4 treasury=1 validators=2 burn=1 applied_burn=0 chance_bps=10000
[EMISSION] h=2260 reward=4 treasury=1 validators=2 burn=1 applied_burn=0 chance_bps=10000
[EMISSION] h=2259 reward=2 treasury=1 validators=1 burn=0 applied_burn=0 chance_bps=10000
[EMISSION] h=2261 reward=4 treasury=1 validators=2 burn=1 applied_burn=0 chance_bps=10000
[EMISSION] h=2260 reward=4 treasury=1 validators=2 burn=1 applied_burn=0 chance_bps=10000
[EMISSION] h=2262 reward=2 treasury=1 validators=1 burn=0 applied_burn=0 chance_bps=10000
[EMISSION] h=2262 reward=2 treasury=1 validators=1 burn=0 applied_burn=0 chance_bps=10000
[EMISSION] h=2261 reward=4 treasury=1 validators=2 burn=1 applied_burn=0 chance_bps=10000
[EMISSION] h=2260 reward=4 treasury=1 validators=2 burn=1 applied_burn=0 chance_bps=10000
[EMISSION] h=2261 reward=4 treasury=1 validators=2 burn=1 applied_burn=0 chance_bps=10000
[EMISSION] h=2263 reward=2 treasury=1 validators=1 burn=0 applied_burn=0 chance_bps=10000
[EMISSION] h=2262 reward=2 treasury=1 validators=1 burn=0 applied_burn=0 chance_bps=10000
[EMISSION] h=2263 reward=2 treasury=1 validators=1 burn=0 applied_burn=0 chance_bps=10000
[EMISSION] h=2261 reward=4 treasury=1 validators=2 burn=1 applied_burn=0 chance_bps=10000
[EMISSION] h=2262 reward=2 treasury=1 validators=1 burn=0 applied_burn=0 chance_bps=10000
[EMISSION] h=2264 reward=3 treasury=1 validators=2 burn=0 applied_burn=0 chance_bps=10000
[EMISSION] h=2263 reward=2 treasury=1 validators=1 burn=0 applied_burn=0 chance_bps=10000
[EMISSION] h=2264 reward=3 treasury=1 validators=2 burn=0 applied_burn=0 chance_bps=10000
[EMISSION] h=2262 reward=2 treasury=1 validators=1 burn=0 applied_burn=0 chance_bps=10000
[EMISSION] h=2263 reward=2 treasury=1 validators=1 burn=0 applied_burn=0 chance_bps=10000
[EMISSION] h=2265 reward=3 treasury=1 validators=2 burn=0 applied_burn=0 chance_bps=10000
[EMISSION] h=2264 reward=3 treasury=1 validators=2 burn=0 applied_burn=0 chance_bps=10000
[EMISSION] h=2263 reward=2 treasury=1 validators=1 burn=0 applied_burn=0 chance_bps=10000
[EMISSION] h=2265 reward=3 treasury=1 validators=2 burn=0 applied_burn=0 chance_bps=10000
[EMISSION] h=2264 reward=3 treasury=1 validators=2 burn=0 applied_burn=0 chance_bps=10000
[EMISSION] h=2266 reward=4 treasury=1 validators=2 burn=1 applied_burn=0 chance_bps=10000
[EMISSION] h=2265 reward=3 treasury=1 validators=2 burn=0 applied_burn=0 chance_bps=10000
[EMISSION] h=2266 reward=4 treasury=1 validators=2 burn=1 applied_burn=0 chance_bps=10000
[EMISSION] h=2264 reward=3 treasury=1 validators=2 burn=0 applied_burn=0 chance_bps=10000
[EMISSION] h=2265 reward=3 treasury=1 validators=2 burn=0 applied_burn=0 chance_bps=10000
[EMISSION] h=2267 reward=2 treasury=1 validators=1 burn=0 applied_burn=0 chance_bps=10000
[EMISSION] h=2265 reward=3 treasury=1 validators=2 burn=0 applied_burn=0 chance_bps=10000
[EMISSION] h=2266 reward=4 treasury=1 validators=2 burn=1 applied_burn=0 chance_bps=10000
[EMISSION] h=2267 reward=2 treasury=1 validators=1 burn=0 applied_burn=0 chance_bps=10000
[EMISSION] h=2266 reward=4 treasury=1 validators=2 burn=1 applied_burn=0 chance_bps=10000
[EMISSION] h=2268 reward=3 treasury=1 validators=2 burn=0 applied_burn=0 chance_bps=10000
[EMISSION] h=2266 reward=4 treasury=1 validators=2 burn=1 applied_burn=0 chance_bps=10000
[EMISSION] h=2267 reward=2 treasury=1 validators=1 burn=0 applied_burn=0 chance_bps=10000
[EMISSION] h=2268 reward=3 treasury=1 validators=2 burn=0 applied_burn=0 chance_bps=10000
[EMISSION] h=2267 reward=2 treasury=1 validators=1 burn=0 applied_burn=0 chance_bps=10000
[EMISSION] h=2269 reward=2 treasury=1 validators=1 burn=0 applied_burn=0 chance_bps=10000
[EMISSION] h=2267 reward=2 treasury=1 validators=1 burn=0 applied_burn=0 chance_bps=10000
[EMISSION] h=2268 reward=3 treasury=1 validators=2 burn=0 applied_burn=0 chance_bps=10000
[EMISSION] h=2269 reward=2 treasury=1 validators=1 burn=0 applied_burn=0 chance_bps=10000
[EMISSION] h=2268 reward=3 treasury=1 validators=2 burn=0 applied_burn=0 chance_bps=10000
[EMISSION] h=2270 reward=2 treasury=1 validators=1 burn=0 applied_burn=0 chance_bps=10000
[EMISSION] h=2268 reward=3 treasury=1 validators=2 burn=0 applied_burn=0 chance_bps=10000
[EMISSION] h=2269 reward=2 treasury=1 validators=1 burn=0 applied_burn=0 chance_bps=10000
[EMISSION] h=2270 reward=2 treasury=1 validators=1 burn=0 applied_burn=0 chance_bps=10000
[EMISSION] h=2269 reward=2 treasury=1 validators=1 burn=0 applied_burn=0 chance_bps=10000
[EMISSION] h=2270 reward=2 treasury=1 validators=1 burn=0 applied_burn=0 chance_bps=10000
[EMISSION] h=2269 reward=2 treasury=1 validators=1 burn=0 applied_burn=0 chance_bps=10000
[EMISSION] h=2271 reward=4 treasury=1 validators=2 burn=1 applied_burn=0 chance_bps=10000
[EMISSION] h=2271 reward=4 treasury=1 validators=2 burn=1 applied_burn=0 chance_bps=10000
[EMISSION] h=2270 reward=2 treasury=1 validators=1 burn=0 applied_burn=0 chance_bps=10000
[EMISSION] h=2271 reward=4 treasury=1 validators=2 burn=1 applied_burn=0 chance_bps=10000
[EMISSION] h=2272 reward=4 treasury=1 validators=2 burn=1 applied_burn=0 chance_bps=10000
[EMISSION] h=2270 reward=2 treasury=1 validators=1 burn=0 applied_burn=0 chance_bps=10000
[EMISSION] h=2271 reward=4 treasury=1 validators=2 burn=1 applied_burn=0 chance_bps=10000
[EMISSION] h=2272 reward=4 treasury=1 validators=2 burn=1 applied_burn=0 chance_bps=10000
[EMISSION] h=2273 reward=2 treasury=1 validators=1 burn=0 applied_burn=0 chance_bps=10000
[EMISSION] h=2272 reward=4 treasury=1 validators=2 burn=1 applied_burn=0 chance_bps=10000
[EMISSION] h=2271 reward=4 treasury=1 validators=2 burn=1 applied_burn=0 chance_bps=10000
[EMISSION] h=2272 reward=4 treasury=1 validators=2 burn=1 applied_burn=0 chance_bps=10000
[EMISSION] h=2273 reward=2 treasury=1 validators=1 burn=0 applied_burn=0 chance_bps=10000
[EMISSION] h=2273 reward=2 treasury=1 validators=1 burn=0 applied_burn=0 chance_bps=10000
[EMISSION] h=2272 reward=4 treasury=1 validators=2 burn=1 applied_burn=0 chance_bps=10000
[EMISSION] h=2274 reward=4 treasury=1 validators=2 burn=1 applied_burn=0 chance_bps=10000
[EMISSION] h=2274 reward=4 treasury=1 validators=2 burn=1 applied_burn=0 chance_bps=10000
[EMISSION] h=2273 reward=2 treasury=1 validators=1 burn=0 applied_burn=0 chance_bps=10000
[EMISSION] h=2274 reward=4 treasury=1 validators=2 burn=1 applied_burn=0 chance_bps=10000
[EMISSION] h=2275 reward=4 treasury=1 validators=2 burn=1 applied_burn=0 chance_bps=10000
2026/05/19 10:25:50 [EXEC-BROADCAST-DEFER] validator=C height=2547 reason=exec_changed exec=1e5aa924 tx_merkle= current_runtime=ab74f64c current_execution=ab74f64c current_tip=2546/8da4f6f5 proposal=2547|0|f53eb382be434e238dc175666a5392d5e07e9dabfe186e770933510402bee0bc||1e5aa924c655edd2cb77c5aec6587a768a93798e543624a31ae02465c9320006 block=f53eb382 prev=8da4f6f5
[LEADER-BLOCK-REJECT] height=2547 round=0 reason=duplicate_proposal peer=12D3KooWHdmUKc1bYKY3scg6TqGhK3SutwH9hu1aAez4VmvwkEyk proposer=B block=f53eb382
[EMISSION] h=2273 reward=2 treasury=1 validators=1 burn=0 applied_burn=0 chance_bps=10000
[EMISSION] h=2275 reward=4 treasury=1 validators=2 burn=1 applied_burn=0 chance_bps=10000
[EMISSION] h=2274 reward=4 treasury=1 validators=2 burn=1 applied_burn=0 chance_bps=10000
[EMISSION] h=2275 reward=4 treasury=1 validators=2 burn=1 applied_burn=0 chance_bps=10000
[EMISSION] h=2274 reward=4 treasury=1 validators=2 burn=1 applied_burn=0 chance_bps=10000
[EMISSION] h=2276 reward=4 treasury=1 validators=2 burn=1 applied_burn=0 chance_bps=10000
[EMISSION] h=2276 reward=4 treasury=1 validators=2 burn=1 applied_burn=0 chance_bps=10000
[EMISSION] h=2275 reward=4 treasury=1 validators=2 burn=1 applied_burn=0 chance_bps=10000
[EMISSION] h=2276 reward=4 treasury=1 validators=2 burn=1 applied_burn=0 chance_bps=10000
[EMISSION] h=2277 reward=3 treasury=1 validators=2 burn=0 applied_burn=0 chance_bps=10000
[EMISSION] h=2275 reward=4 treasury=1 validators=2 burn=1 applied_burn=0 chance_bps=10000
[EMISSION] h=2277 reward=3 treasury=1 validators=2 burn=0 applied_burn=0 chance_bps=10000
[EMISSION] h=2276 reward=4 treasury=1 validators=2 burn=1 applied_burn=0 chance_bps=10000
[EMISSION] h=2277 reward=3 treasury=1 validators=2 burn=0 applied_burn=0 chance_bps=10000
[EMISSION] h=2278 reward=3 treasury=1 validators=2 burn=0 applied_burn=0 chance_bps=10000
[EMISSION] h=2276 reward=4 treasury=1 validators=2 burn=1 applied_burn=0 chance_bps=10000
[EMISSION] h=2278 reward=3 treasury=1 validators=2 burn=0 applied_burn=0 chance_bps=10000
[EMISSION] h=2277 reward=3 treasury=1 validators=2 burn=0 applied_burn=0 chance_bps=10000
[EMISSION] h=2278 reward=3 treasury=1 validators=2 burn=0 applied_burn=0 chance_bps=10000
[EMISSION] h=2279 reward=4 treasury=1 validators=2 burn=1 applied_burn=0 chance_bps=10000
[EMISSION] h=2277 reward=3 treasury=1 validators=2 burn=0 applied_burn=0 chance_bps=10000
[EMISSION] h=2279 reward=4 treasury=1 validators=2 burn=1 applied_burn=0 chance_bps=10000
[EMISSION] h=2278 reward=3 treasury=1 validators=2 burn=0 applied_burn=0 chance_bps=10000
[EMISSION] h=2279 reward=4 treasury=1 validators=2 burn=1 applied_burn=0 chance_bps=10000
[EMISSION] h=2280 reward=3 treasury=1 validators=2 burn=0 applied_burn=0 chance_bps=10000
[EMISSION] h=2278 reward=3 treasury=1 validators=2 burn=0 applied_burn=0 chance_bps=10000
[EMISSION] h=2279 reward=4 treasury=1 validators=2 burn=1 applied_burn=0 chance_bps=10000
[EMISSION] h=2280 reward=3 treasury=1 validators=2 burn=0 applied_burn=0 chance_bps=10000
Validator heartbeat received: A | reported_height=2546 | finalized_height=2546 | local_exec_epoch=2547
Validator heartbeat: B | reported_height=2546 | finalized_height=2546 | local_exec_epoch=2547
[EMISSION] h=2280 reward=3 treasury=1 validators=2 burn=0 applied_burn=0 chance_bps=10000
[EMISSION] h=2281 reward=2 treasury=1 validators=1 burn=0 applied_burn=0 chance_bps=10000
[EMISSION] h=2279 reward=4 treasury=1 validators=2 burn=1 applied_burn=0 chance_bps=10000
[EMISSION] h=2280 reward=3 treasury=1 validators=2 burn=0 applied_burn=0 chance_bps=10000
[EMISSION] h=2281 reward=2 treasury=1 validators=1 burn=0 applied_burn=0 chance_bps=10000
[EMISSION] h=2282 reward=3 treasury=1 validators=2 burn=0 applied_burn=0 chance_bps=10000
[EMISSION] h=2281 reward=2 treasury=1 validators=1 burn=0 applied_burn=0 chance_bps=10000
[EMISSION] h=2280 reward=3 treasury=1 validators=2 burn=0 applied_burn=0 chance_bps=10000
[EMISSION] h=2281 reward=2 treasury=1 validators=1 burn=0 applied_burn=0 chance_bps=10000
[EMISSION] h=2282 reward=3 treasury=1 validators=2 burn=0 applied_burn=0 chance_bps=10000
[EMISSION] h=2283 reward=3 treasury=1 validators=2 burn=0 applied_burn=0 chance_bps=10000
[EMISSION] h=2282 reward=3 treasury=1 validators=2 burn=0 applied_burn=0 chance_bps=10000
[EMISSION] h=2281 reward=2 treasury=1 validators=1 burn=0 applied_burn=0 chance_bps=10000
[EMISSION] h=2283 reward=3 treasury=1 validators=2 burn=0 applied_burn=0 chance_bps=10000
[EMISSION] h=2282 reward=3 treasury=1 validators=2 burn=0 applied_burn=0 chance_bps=10000
[EMISSION] h=2284 reward=3 treasury=1 validators=2 burn=0 applied_burn=0 chance_bps=10000
[EMISSION] h=2283 reward=3 treasury=1 validators=2 burn=0 applied_burn=0 chance_bps=10000
[EMISSION] h=2284 reward=3 treasury=1 validators=2 burn=0 applied_burn=0 chance_bps=10000
[EMISSION] h=2282 reward=3 treasury=1 validators=2 burn=0 applied_burn=0 chance_bps=10000
[EMISSION] h=2283 reward=3 treasury=1 validators=2 burn=0 applied_burn=0 chance_bps=10000
[EMISSION] h=2285 reward=2 treasury=1 validators=1 burn=0 applied_burn=0 chance_bps=10000
[EMISSION] h=2283 reward=3 treasury=1 validators=2 burn=0 applied_burn=0 chance_bps=10000
[EMISSION] h=2284 reward=3 treasury=1 validators=2 burn=0 applied_burn=0 chance_bps=10000
[EMISSION] h=2285 reward=2 treasury=1 validators=1 burn=0 applied_burn=0 chance_bps=10000
[EMISSION] h=2284 reward=3 treasury=1 validators=2 burn=0 applied_burn=0 chance_bps=10000
[EMISSION] h=2286 reward=3 treasury=1 validators=2 burn=0 applied_burn=0 chance_bps=10000
[EMISSION] h=2284 reward=3 treasury=1 validators=2 burn=0 applied_burn=0 chance_bps=10000
[EMISSION] h=2285 reward=2 treasury=1 validators=1 burn=0 applied_burn=0 chance_bps=10000
[EMISSION] h=2286 reward=3 treasury=1 validators=2 burn=0 applied_burn=0 chance_bps=10000
[EMISSION] h=2285 reward=2 treasury=1 validators=1 burn=0 applied_burn=0 chance_bps=10000
[EMISSION] h=2287 reward=3 treasury=1 validators=2 burn=0 applied_burn=0 chance_bps=10000
[EMISSION] h=2286 reward=3 treasury=1 validators=2 burn=0 applied_burn=0 chance_bps=10000
[EMISSION] h=2285 reward=2 treasury=1 validators=1 burn=0 applied_burn=0 chance_bps=10000
[EMISSION] h=2287 reward=3 treasury=1 validators=2 burn=0 applied_burn=0 chance_bps=10000
[EMISSION] h=2286 reward=3 treasury=1 validators=2 burn=0 applied_burn=0 chance_bps=10000
[EMISSION] h=2288 reward=3 treasury=1 validators=2 burn=0 applied_burn=0 chance_bps=10000
[EMISSION] h=2287 reward=3 treasury=1 validators=2 burn=0 applied_burn=0 chance_bps=10000
[EMISSION] h=2286 reward=3 treasury=1 validators=2 burn=0 applied_burn=0 chance_bps=10000
[EMISSION] h=2288 reward=3 treasury=1 validators=2 burn=0 applied_burn=0 chance_bps=10000
[EMISSION] h=2287 reward=3 treasury=1 validators=2 burn=0 applied_burn=0 chance_bps=10000
[EMISSION] h=2289 reward=4 treasury=1 validators=2 burn=1 applied_burn=0 chance_bps=10000
[EMISSION] h=2288 reward=3 treasury=1 validators=2 burn=0 applied_burn=0 chance_bps=10000
[EMISSION] h=2287 reward=3 treasury=1 validators=2 burn=0 applied_burn=0 chance_bps=10000
[EMISSION] h=2289 reward=4 treasury=1 validators=2 burn=1 applied_burn=0 chance_bps=10000
[EMISSION] h=2288 reward=3 treasury=1 validators=2 burn=0 applied_burn=0 chance_bps=10000
[EMISSION] h=2290 reward=4 treasury=1 validators=2 burn=1 applied_burn=0 chance_bps=10000
[EMISSION] h=2289 reward=4 treasury=1 validators=2 burn=1 applied_burn=0 chance_bps=10000
[EMISSION] h=2288 reward=3 treasury=1 validators=2 burn=0 applied_burn=0 chance_bps=10000
[EMISSION] h=2290 reward=4 treasury=1 validators=2 burn=1 applied_burn=0 chance_bps=10000
[EMISSION] h=2289 reward=4 treasury=1 validators=2 burn=1 applied_burn=0 chance_bps=10000
[EMISSION] h=2290 reward=4 treasury=1 validators=2 burn=1 applied_burn=0 chance_bps=10000
[EMISSION] h=2291 reward=3 treasury=1 validators=2 burn=0 applied_burn=0 chance_bps=10000
[EMISSION] h=2291 reward=3 treasury=1 validators=2 burn=0 applied_burn=0 chance_bps=10000
[EMISSION] h=2289 reward=4 treasury=1 validators=2 burn=1 applied_burn=0 chance_bps=10000
[EMISSION] h=2290 reward=4 treasury=1 validators=2 burn=1 applied_burn=0 chance_bps=10000
[EMISSION] h=2291 reward=3 treasury=1 validators=2 burn=0 applied_burn=0 chance_bps=10000
[EMISSION] h=2292 reward=3 treasury=1 validators=2 burn=0 applied_burn=0 chance_bps=10000
[EMISSION] h=2290 reward=4 treasury=1 validators=2 burn=1 applied_burn=0 chance_bps=10000
[EMISSION] h=2292 reward=3 treasury=1 validators=2 burn=0 applied_burn=0 chance_bps=10000
[EMISSION] h=2291 reward=3 treasury=1 validators=2 burn=0 applied_burn=0 chance_bps=10000
[EMISSION] h=2292 reward=3 treasury=1 validators=2 burn=0 applied_burn=0 chance_bps=10000
[EMISSION] h=2293 reward=2 treasury=1 validators=1 burn=0 applied_burn=0 chance_bps=10000
[EMISSION] h=2293 reward=2 treasury=1 validators=1 burn=0 applied_burn=0 chance_bps=10000
[EMISSION] h=2291 reward=3 treasury=1 validators=2 burn=0 applied_burn=0 chance_bps=10000
[EMISSION] h=2292 reward=3 treasury=1 validators=2 burn=0 applied_burn=0 chance_bps=10000
2026/05/19 10:25:51 [OK] goroutine pressure normalized: 178 (degrade mode off)
[EMISSION] h=2293 reward=2 treasury=1 validators=1 burn=0 applied_burn=0 chance_bps=10000
[EMISSION] h=2294 reward=4 treasury=1 validators=2 burn=1 applied_burn=0 chance_bps=10000
[EMISSION] h=2292 reward=3 treasury=1 validators=2 burn=0 applied_burn=0 chance_bps=10000
[EMISSION] h=2294 reward=4 treasury=1 validators=2 burn=1 applied_burn=0 chance_bps=10000
[EMISSION] h=2293 reward=2 treasury=1 validators=1 burn=0 applied_burn=0 chance_bps=10000
[EMISSION] h=2295 reward=2 treasury=1 validators=1 burn=0 applied_burn=0 chance_bps=10000
[EMISSION] h=2294 reward=4 treasury=1 validators=2 burn=1 applied_burn=0 chance_bps=10000
[EMISSION] h=2293 reward=2 treasury=1 validators=1 burn=0 applied_burn=0 chance_bps=10000
[EMISSION] h=2295 reward=2 treasury=1 validators=1 burn=0 applied_burn=0 chance_bps=10000
[EMISSION] h=2294 reward=4 treasury=1 validators=2 burn=1 applied_burn=0 chance_bps=10000
[EMISSION] h=2296 reward=4 treasury=1 validators=2 burn=1 applied_burn=0 chance_bps=10000
[EMISSION] h=2295 reward=2 treasury=1 validators=1 burn=0 applied_burn=0 chance_bps=10000
[EMISSION] h=2294 reward=4 treasury=1 validators=2 burn=1 applied_burn=0 chance_bps=10000
[EMISSION] h=2296 reward=4 treasury=1 validators=2 burn=1 applied_burn=0 chance_bps=10000
[EMISSION] h=2295 reward=2 treasury=1 validators=1 burn=0 applied_burn=0 chance_bps=10000
[EMISSION] h=2297 reward=3 treasury=1 validators=2 burn=0 applied_burn=0 chance_bps=10000
[EMISSION] h=2295 reward=2 treasury=1 validators=1 burn=0 applied_burn=0 chance_bps=10000
[EMISSION] h=2296 reward=4 treasury=1 validators=2 burn=1 applied_burn=0 chance_bps=10000
[EMISSION] h=2297 reward=3 treasury=1 validators=2 burn=0 applied_burn=0 chance_bps=10000
[EMISSION] h=2296 reward=4 treasury=1 validators=2 burn=1 applied_burn=0 chance_bps=10000
[EMISSION] h=2298 reward=4 treasury=1 validators=2 burn=1 applied_burn=0 chance_bps=10000
[EMISSION] h=2297 reward=3 treasury=1 validators=2 burn=0 applied_burn=0 chance_bps=10000
[EMISSION] h=2298 reward=4 treasury=1 validators=2 burn=1 applied_burn=0 chance_bps=10000
[EMISSION] h=2296 reward=4 treasury=1 validators=2 burn=1 applied_burn=0 chance_bps=10000
[EMISSION] h=2297 reward=3 treasury=1 validators=2 burn=0 applied_burn=0 chance_bps=10000
[EMISSION] h=2299 reward=3 treasury=1 validators=2 burn=0 applied_burn=0 chance_bps=10000
[EMISSION] h=2298 reward=4 treasury=1 validators=2 burn=1 applied_burn=0 chance_bps=10000
[EMISSION] h=2298 reward=4 treasury=1 validators=2 burn=1 applied_burn=0 chance_bps=10000
[EMISSION] h=2299 reward=3 treasury=1 validators=2 burn=0 applied_burn=0 chance_bps=10000
[EMISSION] h=2297 reward=3 treasury=1 validators=2 burn=0 applied_burn=0 chance_bps=10000
[EMISSION] h=2299 reward=3 treasury=1 validators=2 burn=0 applied_burn=0 chance_bps=10000
[EMISSION] h=2300 reward=4 treasury=1 validators=2 burn=1 applied_burn=0 chance_bps=10000
[EMISSION] h=2299 reward=3 treasury=1 validators=2 burn=0 applied_burn=0 chance_bps=10000
[EMISSION] h=2300 reward=4 treasury=1 validators=2 burn=1 applied_burn=0 chance_bps=10000
[EMISSION] h=2298 reward=4 treasury=1 validators=2 burn=1 applied_burn=0 chance_bps=10000
[EMISSION] h=2301 reward=3 treasury=1 validators=2 burn=0 applied_burn=0 chance_bps=10000
[EMISSION] h=2300 reward=4 treasury=1 validators=2 burn=1 applied_burn=0 chance_bps=10000
[EMISSION] h=2301 reward=3 treasury=1 validators=2 burn=0 applied_burn=0 chance_bps=10000
[EMISSION] h=2300 reward=4 treasury=1 validators=2 burn=1 applied_burn=0 chance_bps=10000
[EMISSION] h=2299 reward=3 treasury=1 validators=2 burn=0 applied_burn=0 chance_bps=10000
[EMISSION] h=2302 reward=3 treasury=1 validators=2 burn=0 applied_burn=0 chance_bps=10000
[EMISSION] h=2301 reward=3 treasury=1 validators=2 burn=0 applied_burn=0 chance_bps=10000
[EMISSION] h=2302 reward=3 treasury=1 validators=2 burn=0 applied_burn=0 chance_bps=10000
[EMISSION] h=2301 reward=3 treasury=1 validators=2 burn=0 applied_burn=0 chance_bps=10000
[EMISSION] h=2300 reward=4 treasury=1 validators=2 burn=1 applied_burn=0 chance_bps=10000
[EMISSION] h=2302 reward=3 treasury=1 validators=2 burn=0 applied_burn=0 chance_bps=10000
[EMISSION] h=2303 reward=4 treasury=1 validators=2 burn=1 applied_burn=0 chance_bps=10000
[EMISSION] h=2302 reward=3 treasury=1 validators=2 burn=0 applied_burn=0 chance_bps=10000
[EMISSION] h=2303 reward=4 treasury=1 validators=2 burn=1 applied_burn=0 chance_bps=10000
[EMISSION] h=2301 reward=3 treasury=1 validators=2 burn=0 applied_burn=0 chance_bps=10000
[EMISSION] h=2303 reward=4 treasury=1 validators=2 burn=1 applied_burn=0 chance_bps=10000
[EMISSION] h=2304 reward=2 treasury=1 validators=1 burn=0 applied_burn=0 chance_bps=10000
[EMISSION] h=2303 reward=4 treasury=1 validators=2 burn=1 applied_burn=0 chance_bps=10000
[EMISSION] h=2304 reward=2 treasury=1 validators=1 burn=0 applied_burn=0 chance_bps=10000
[EMISSION] h=2304 reward=2 treasury=1 validators=1 burn=0 applied_burn=0 chance_bps=10000
[EMISSION] h=2302 reward=3 treasury=1 validators=2 burn=0 applied_burn=0 chance_bps=10000
[EMISSION] h=2305 reward=3 treasury=1 validators=2 burn=0 applied_burn=0 chance_bps=10000
[EMISSION] h=2305 reward=3 treasury=1 validators=2 burn=0 applied_burn=0 chance_bps=10000
[EMISSION] h=2304 reward=2 treasury=1 validators=1 burn=0 applied_burn=0 chance_bps=10000
[EMISSION] h=2303 reward=4 treasury=1 validators=2 burn=1 applied_burn=0 chance_bps=10000
[EMISSION] h=2305 reward=3 treasury=1 validators=2 burn=0 applied_burn=0 chance_bps=10000
[EMISSION] h=2306 reward=3 treasury=1 validators=2 burn=0 applied_burn=0 chance_bps=10000
[EMISSION] h=2306 reward=3 treasury=1 validators=2 burn=0 applied_burn=0 chance_bps=10000
[EMISSION] h=2304 reward=2 treasury=1 validators=1 burn=0 applied_burn=0 chance_bps=10000
[EMISSION] h=2305 reward=3 treasury=1 validators=2 burn=0 applied_burn=0 chance_bps=10000
[EMISSION] h=2306 reward=3 treasury=1 validators=2 burn=0 applied_burn=0 chance_bps=10000
[EMISSION] h=2307 reward=2 treasury=1 validators=1 burn=0 applied_burn=0 chance_bps=10000
[EMISSION] h=2307 reward=2 treasury=1 validators=1 burn=0 applied_burn=0 chance_bps=10000
[EMISSION] h=2305 reward=3 treasury=1 validators=2 burn=0 applied_burn=0 chance_bps=10000
[EMISSION] h=2307 reward=2 treasury=1 validators=1 burn=0 applied_burn=0 chance_bps=10000
[EMISSION] h=2306 reward=3 treasury=1 validators=2 burn=0 applied_burn=0 chance_bps=10000
[EMISSION] h=2308 reward=4 treasury=1 validators=2 burn=1 applied_burn=0 chance_bps=10000
[EMISSION] h=2306 reward=3 treasury=1 validators=2 burn=0 applied_burn=0 chance_bps=10000
[EMISSION] h=2307 reward=2 treasury=1 validators=1 burn=0 applied_burn=0 chance_bps=10000
[EMISSION] h=2308 reward=4 treasury=1 validators=2 burn=1 applied_burn=0 chance_bps=10000
[EMISSION] h=2308 reward=4 treasury=1 validators=2 burn=1 applied_burn=0 chance_bps=10000
[EMISSION] h=2309 reward=2 treasury=1 validators=1 burn=0 applied_burn=0 chance_bps=10000
[EMISSION] h=2307 reward=2 treasury=1 validators=1 burn=0 applied_burn=0 chance_bps=10000
[EMISSION] h=2309 reward=2 treasury=1 validators=1 burn=0 applied_burn=0 chance_bps=10000
[EMISSION] h=2308 reward=4 treasury=1 validators=2 burn=1 applied_burn=0 chance_bps=10000
[EMISSION] h=2309 reward=2 treasury=1 validators=1 burn=0 applied_burn=0 chance_bps=10000
[EMISSION] h=2310 reward=2 treasury=1 validators=1 burn=0 applied_burn=0 chance_bps=10000
[EMISSION] h=2308 reward=4 treasury=1 validators=2 burn=1 applied_burn=0 chance_bps=10000
[EMISSION] h=2309 reward=2 treasury=1 validators=1 burn=0 applied_burn=0 chance_bps=10000
[EMISSION] h=2310 reward=2 treasury=1 validators=1 burn=0 applied_burn=0 chance_bps=10000
[EMISSION] h=2311 reward=2 treasury=1 validators=1 burn=0 applied_burn=0 chance_bps=10000
[EMISSION] h=2310 reward=2 treasury=1 validators=1 burn=0 applied_burn=0 chance_bps=10000
[EMISSION] h=2309 reward=2 treasury=1 validators=1 burn=0 applied_burn=0 chance_bps=10000
[EMISSION] h=2310 reward=2 treasury=1 validators=1 burn=0 applied_burn=0 chance_bps=10000
[EMISSION] h=2312 reward=4 treasury=1 validators=2 burn=1 applied_burn=0 chance_bps=10000
[EMISSION] h=2311 reward=2 treasury=1 validators=1 burn=0 applied_burn=0 chance_bps=10000
[EMISSION] h=2311 reward=2 treasury=1 validators=1 burn=0 applied_burn=0 chance_bps=10000
[EMISSION] h=2310 reward=2 treasury=1 validators=1 burn=0 applied_burn=0 chance_bps=10000
[EMISSION] h=2313 reward=3 treasury=1 validators=2 burn=0 applied_burn=0 chance_bps=10000
[EMISSION] h=2311 reward=2 treasury=1 validators=1 burn=0 applied_burn=0 chance_bps=10000
[EMISSION] h=2312 reward=4 treasury=1 validators=2 burn=1 applied_burn=0 chance_bps=10000
[EMISSION] h=2311 reward=2 treasury=1 validators=1 burn=0 applied_burn=0 chance_bps=10000
[EMISSION] h=2312 reward=4 treasury=1 validators=2 burn=1 applied_burn=0 chance_bps=10000
[EMISSION] h=2314 reward=3 treasury=1 validators=2 burn=0 applied_burn=0 chance_bps=10000
[EMISSION] h=2312 reward=4 treasury=1 validators=2 burn=1 applied_burn=0 chance_bps=10000
[EMISSION] h=2313 reward=3 treasury=1 validators=2 burn=0 applied_burn=0 chance_bps=10000
[EMISSION] h=2312 reward=4 treasury=1 validators=2 burn=1 applied_burn=0 chance_bps=10000
[EMISSION] h=2315 reward=4 treasury=1 validators=2 burn=1 applied_burn=0 chance_bps=10000
[EMISSION] h=2313 reward=3 treasury=1 validators=2 burn=0 applied_burn=0 chance_bps=10000
[EMISSION] h=2313 reward=3 treasury=1 validators=2 burn=0 applied_burn=0 chance_bps=10000
[EMISSION] h=2314 reward=3 treasury=1 validators=2 burn=0 applied_burn=0 chance_bps=10000
[EMISSION] h=2313 reward=3 treasury=1 validators=2 burn=0 applied_burn=0 chance_bps=10000
[EMISSION] h=2316 reward=4 treasury=1 validators=2 burn=1 applied_burn=0 chance_bps=10000
[EMISSION] h=2314 reward=3 treasury=1 validators=2 burn=0 applied_burn=0 chance_bps=10000
[EMISSION] h=2315 reward=4 treasury=1 validators=2 burn=1 applied_burn=0 chance_bps=10000
[EMISSION] h=2314 reward=3 treasury=1 validators=2 burn=0 applied_burn=0 chance_bps=10000
[EMISSION] h=2314 reward=3 treasury=1 validators=2 burn=0 applied_burn=0 chance_bps=10000
[EMISSION] h=2317 reward=4 treasury=1 validators=2 burn=1 applied_burn=0 chance_bps=10000
[EMISSION] h=2315 reward=4 treasury=1 validators=2 burn=1 applied_burn=0 chance_bps=10000
[EMISSION] h=2316 reward=4 treasury=1 validators=2 burn=1 applied_burn=0 chance_bps=10000
[EMISSION] h=2315 reward=4 treasury=1 validators=2 burn=1 applied_burn=0 chance_bps=10000
[EMISSION] h=2318 reward=3 treasury=1 validators=2 burn=0 applied_burn=0 chance_bps=10000
[EMISSION] h=2316 reward=4 treasury=1 validators=2 burn=1 applied_burn=0 chance_bps=10000
[EMISSION] h=2317 reward=4 treasury=1 validators=2 burn=1 applied_burn=0 chance_bps=10000
[EMISSION] h=2315 reward=4 treasury=1 validators=2 burn=1 applied_burn=0 chance_bps=10000
[EMISSION] h=2316 reward=4 treasury=1 validators=2 burn=1 applied_burn=0 chance_bps=10000
[EMISSION] h=2319 reward=3 treasury=1 validators=2 burn=0 applied_burn=0 chance_bps=10000
[EMISSION] h=2317 reward=4 treasury=1 validators=2 burn=1 applied_burn=0 chance_bps=10000
[EMISSION] h=2318 reward=3 treasury=1 validators=2 burn=0 applied_burn=0 chance_bps=10000
[EMISSION] h=2316 reward=4 treasury=1 validators=2 burn=1 applied_burn=0 chance_bps=10000
[EMISSION] h=2317 reward=4 treasury=1 validators=2 burn=1 applied_burn=0 chance_bps=10000
[EMISSION] h=2320 reward=3 treasury=1 validators=2 burn=0 applied_burn=0 chance_bps=10000
[EMISSION] h=2318 reward=3 treasury=1 validators=2 burn=0 applied_burn=0 chance_bps=10000
[EMISSION] h=2319 reward=3 treasury=1 validators=2 burn=0 applied_burn=0 chance_bps=10000
[EMISSION] h=2318 reward=3 treasury=1 validators=2 burn=0 applied_burn=0 chance_bps=10000
[EMISSION] h=2317 reward=4 treasury=1 validators=2 burn=1 applied_burn=0 chance_bps=10000
[EMISSION] h=2321 reward=3 treasury=1 validators=2 burn=0 applied_burn=0 chance_bps=10000
[EMISSION] h=2320 reward=3 treasury=1 validators=2 burn=0 applied_burn=0 chance_bps=10000
[EMISSION] h=2319 reward=3 treasury=1 validators=2 burn=0 applied_burn=0 chance_bps=10000
[EMISSION] h=2322 reward=2 treasury=1 validators=1 burn=0 applied_burn=0 chance_bps=10000
[EMISSION] h=2319 reward=3 treasury=1 validators=2 burn=0 applied_burn=0 chance_bps=10000
[EMISSION] h=2318 reward=3 treasury=1 validators=2 burn=0 applied_burn=0 chance_bps=10000
[EMISSION] h=2321 reward=3 treasury=1 validators=2 burn=0 applied_burn=0 chance_bps=10000
[EMISSION] h=2320 reward=3 treasury=1 validators=2 burn=0 applied_burn=0 chance_bps=10000
[EMISSION] h=2320 reward=3 treasury=1 validators=2 burn=0 applied_burn=0 chance_bps=10000
[EMISSION] h=2322 reward=2 treasury=1 validators=1 burn=0 applied_burn=0 chance_bps=10000
[EMISSION] h=2323 reward=2 treasury=1 validators=1 burn=0 applied_burn=0 chance_bps=10000
[EMISSION] h=2319 reward=3 treasury=1 validators=2 burn=0 applied_burn=0 chance_bps=10000
[EMISSION] h=2321 reward=3 treasury=1 validators=2 burn=0 applied_burn=0 chance_bps=10000
[EMISSION] h=2321 reward=3 treasury=1 validators=2 burn=0 applied_burn=0 chance_bps=10000
[EMISSION] h=2320 reward=3 treasury=1 validators=2 burn=0 applied_burn=0 chance_bps=10000
[REGISTRY-COMMITMENT-CHECK] height=2547 required=true parent_unanchored=false source=chain_parent_commitment expected=9cd32df6 got=9cd32df6
[EMISSION] h=2324 reward=2 treasury=1 validators=1 burn=0 applied_burn=0 chance_bps=10000
[EMISSION] h=2323 reward=2 treasury=1 validators=1 burn=0 applied_burn=0 chance_bps=10000
[EMISSION] h=2322 reward=2 treasury=1 validators=1 burn=0 applied_burn=0 chance_bps=10000
[EMISSION] h=2322 reward=2 treasury=1 validators=1 burn=0 applied_burn=0 chance_bps=10000
[EMISSION] h=2321 reward=3 treasury=1 validators=2 burn=0 applied_burn=0 chance_bps=10000
[EMISSION] h=2324 reward=2 treasury=1 validators=1 burn=0 applied_burn=0 chance_bps=10000
[EMISSION] h=2325 reward=4 treasury=1 validators=2 burn=1 applied_burn=0 chance_bps=10000
[EMISSION] h=2323 reward=2 treasury=1 validators=1 burn=0 applied_burn=0 chance_bps=10000
[EMISSION] h=2323 reward=2 treasury=1 validators=1 burn=0 applied_burn=0 chance_bps=10000
[EMISSION] h=2322 reward=2 treasury=1 validators=1 burn=0 applied_burn=0 chance_bps=10000
[EMISSION] h=2326 reward=4 treasury=1 validators=2 burn=1 applied_burn=0 chance_bps=10000
[EMISSION] h=2325 reward=4 treasury=1 validators=2 burn=1 applied_burn=0 chance_bps=10000
[EMISSION] h=2324 reward=2 treasury=1 validators=1 burn=0 applied_burn=0 chance_bps=10000
[EMISSION] h=2323 reward=2 treasury=1 validators=1 burn=0 applied_burn=0 chance_bps=10000
[EMISSION] h=2324 reward=2 treasury=1 validators=1 burn=0 applied_burn=0 chance_bps=10000
[EMISSION] h=2326 reward=4 treasury=1 validators=2 burn=1 applied_burn=0 chance_bps=10000
[EMISSION] h=2327 reward=2 treasury=1 validators=1 burn=0 applied_burn=0 chance_bps=10000
[EMISSION] h=2325 reward=4 treasury=1 validators=2 burn=1 applied_burn=0 chance_bps=10000
[EMISSION] h=2324 reward=2 treasury=1 validators=1 burn=0 applied_burn=0 chance_bps=10000
[EMISSION] h=2325 reward=4 treasury=1 validators=2 burn=1 applied_burn=0 chance_bps=10000
[EMISSION] h=2327 reward=2 treasury=1 validators=1 burn=0 applied_burn=0 chance_bps=10000
[EMISSION] h=2326 reward=4 treasury=1 validators=2 burn=1 applied_burn=0 chance_bps=10000
[EMISSION] h=2325 reward=4 treasury=1 validators=2 burn=1 applied_burn=0 chance_bps=10000
[EMISSION] h=2326 reward=4 treasury=1 validators=2 burn=1 applied_burn=0 chance_bps=10000
[EMISSION] h=2327 reward=2 treasury=1 validators=1 burn=0 applied_burn=0 chance_bps=10000
[EMISSION] h=2326 reward=4 treasury=1 validators=2 burn=1 applied_burn=0 chance_bps=10000
[EMISSION] h=2327 reward=2 treasury=1 validators=1 burn=0 applied_burn=0 chance_bps=10000
[EMISSION] h=2327 reward=2 treasury=1 validators=1 burn=0 applied_burn=0 chance_bps=10000
[EMISSION] h=2328 reward=4 treasury=1 validators=2 burn=1 applied_burn=0 chance_bps=10000
[EMISSION] h=2329 reward=2 treasury=1 validators=1 burn=0 applied_burn=0 chance_bps=10000
[EMISSION] h=2328 reward=4 treasury=1 validators=2 burn=1 applied_burn=0 chance_bps=10000
[EMISSION] h=2328 reward=4 treasury=1 validators=2 burn=1 applied_burn=0 chance_bps=10000
[EMISSION] h=2328 reward=4 treasury=1 validators=2 burn=1 applied_burn=0 chance_bps=10000
[EMISSION] h=2328 reward=4 treasury=1 validators=2 burn=1 applied_burn=0 chance_bps=10000
[EMISSION] h=2330 reward=3 treasury=1 validators=2 burn=0 applied_burn=0 chance_bps=10000
[EMISSION] h=2329 reward=2 treasury=1 validators=1 burn=0 applied_burn=0 chance_bps=10000
[EMISSION] h=2329 reward=2 treasury=1 validators=1 burn=0 applied_burn=0 chance_bps=10000
[EMISSION] h=2329 reward=2 treasury=1 validators=1 burn=0 applied_burn=0 chance_bps=10000
[EMISSION] h=2329 reward=2 treasury=1 validators=1 burn=0 applied_burn=0 chance_bps=10000
[EMISSION] h=2330 reward=3 treasury=1 validators=2 burn=0 applied_burn=0 chance_bps=10000
[EMISSION] h=2331 reward=2 treasury=1 validators=1 burn=0 applied_burn=0 chance_bps=10000
[EMISSION] h=2330 reward=3 treasury=1 validators=2 burn=0 applied_burn=0 chance_bps=10000
[EMISSION] h=2330 reward=3 treasury=1 validators=2 burn=0 applied_burn=0 chance_bps=10000
[EMISSION] h=2330 reward=3 treasury=1 validators=2 burn=0 applied_burn=0 chance_bps=10000
[SNAPSHOT-PUBLISH] deferred height=2546 reason=auto_publish_interval_10
[EMISSION] h=2331 reward=2 treasury=1 validators=1 burn=0 applied_burn=0 chance_bps=10000
[EMISSION] h=2332 reward=4 treasury=1 validators=2 burn=1 applied_burn=0 chance_bps=10000
[EMISSION] h=2331 reward=2 treasury=1 validators=1 burn=0 applied_burn=0 chance_bps=10000
[EMISSION] h=2332 reward=4 treasury=1 validators=2 burn=1 applied_burn=0 chance_bps=10000
[EMISSION] h=2331 reward=2 treasury=1 validators=1 burn=0 applied_burn=0 chance_bps=10000
[EMISSION] h=2331 reward=2 treasury=1 validators=1 burn=0 applied_burn=0 chance_bps=10000
[EMISSION] h=2333 reward=4 treasury=1 validators=2 burn=1 applied_burn=0 chance_bps=10000
[EMISSION] h=2332 reward=4 treasury=1 validators=2 burn=1 applied_burn=0 chance_bps=10000
[EMISSION] h=2333 reward=4 treasury=1 validators=2 burn=1 applied_burn=0 chance_bps=10000
[EMISSION] h=2334 reward=4 treasury=1 validators=2 burn=1 applied_burn=0 chance_bps=10000
[EMISSION] h=2332 reward=4 treasury=1 validators=2 burn=1 applied_burn=0 chance_bps=10000
[EMISSION] h=2332 reward=4 treasury=1 validators=2 burn=1 applied_burn=0 chance_bps=10000
[EMISSION] h=2333 reward=4 treasury=1 validators=2 burn=1 applied_burn=0 chance_bps=10000
[EMISSION] h=2334 reward=4 treasury=1 validators=2 burn=1 applied_burn=0 chance_bps=10000
[EMISSION] h=2333 reward=4 treasury=1 validators=2 burn=1 applied_burn=0 chance_bps=10000
[EMISSION] h=2335 reward=4 treasury=1 validators=2 burn=1 applied_burn=0 chance_bps=10000
[EMISSION] h=2333 reward=4 treasury=1 validators=2 burn=1 applied_burn=0 chance_bps=10000
[EMISSION] h=2334 reward=4 treasury=1 validators=2 burn=1 applied_burn=0 chance_bps=10000
[EMISSION] h=2335 reward=4 treasury=1 validators=2 burn=1 applied_burn=0 chance_bps=10000
[EMISSION] h=2334 reward=4 treasury=1 validators=2 burn=1 applied_burn=0 chance_bps=10000
[EMISSION] h=2336 reward=4 treasury=1 validators=2 burn=1 applied_burn=0 chance_bps=10000
[EMISSION] h=2335 reward=4 treasury=1 validators=2 burn=1 applied_burn=0 chance_bps=10000
[EMISSION] h=2336 reward=4 treasury=1 validators=2 burn=1 applied_burn=0 chance_bps=10000
[EMISSION] h=2334 reward=4 treasury=1 validators=2 burn=1 applied_burn=0 chance_bps=10000
[EMISSION] h=2337 reward=3 treasury=1 validators=2 burn=0 applied_burn=0 chance_bps=10000
[EMISSION] h=2335 reward=4 treasury=1 validators=2 burn=1 applied_burn=0 chance_bps=10000
[EMISSION] h=2336 reward=4 treasury=1 validators=2 burn=1 applied_burn=0 chance_bps=10000
[EMISSION] h=2335 reward=4 treasury=1 validators=2 burn=1 applied_burn=0 chance_bps=10000
[EMISSION] h=2337 reward=3 treasury=1 validators=2 burn=0 applied_burn=0 chance_bps=10000
[EMISSION] h=2338 reward=2 treasury=1 validators=1 burn=0 applied_burn=0 chance_bps=10000
[EMISSION] h=2336 reward=4 treasury=1 validators=2 burn=1 applied_burn=0 chance_bps=10000
[EMISSION] h=2338 reward=2 treasury=1 validators=1 burn=0 applied_burn=0 chance_bps=10000
[EMISSION] h=2336 reward=4 treasury=1 validators=2 burn=1 applied_burn=0 chance_bps=10000
[EMISSION] h=2337 reward=3 treasury=1 validators=2 burn=0 applied_burn=0 chance_bps=10000
[EMISSION] h=2339 reward=4 treasury=1 validators=2 burn=1 applied_burn=0 chance_bps=10000
[EMISSION] h=2338 reward=2 treasury=1 validators=1 burn=0 applied_burn=0 chance_bps=10000
[EMISSION] h=2337 reward=3 treasury=1 validators=2 burn=0 applied_burn=0 chance_bps=10000
[EMISSION] h=2339 reward=4 treasury=1 validators=2 burn=1 applied_burn=0 chance_bps=10000
[EMISSION] h=2337 reward=3 treasury=1 validators=2 burn=0 applied_burn=0 chance_bps=10000
Validator heartbeat received: B | reported_height=2546 | finalized_height=2546 | local_exec_epoch=2547
Validator heartbeat: B | reported_height=2546 | finalized_height=2546 | local_exec_epoch=2547
[EMISSION] h=2340 reward=4 treasury=1 validators=2 burn=1 applied_burn=0 chance_bps=10000
[EMISSION] h=2339 reward=4 treasury=1 validators=2 burn=1 applied_burn=0 chance_bps=10000
[EMISSION] h=2338 reward=2 treasury=1 validators=1 burn=0 applied_burn=0 chance_bps=10000
[EMISSION] h=2340 reward=4 treasury=1 validators=2 burn=1 applied_burn=0 chance_bps=10000
[EMISSION] h=2338 reward=2 treasury=1 validators=1 burn=0 applied_burn=0 chance_bps=10000
[EMISSION] h=2341 reward=2 treasury=1 validators=1 burn=0 applied_burn=0 chance_bps=10000
[EMISSION] h=2339 reward=4 treasury=1 validators=2 burn=1 applied_burn=0 chance_bps=10000
[EMISSION] h=2340 reward=4 treasury=1 validators=2 burn=1 applied_burn=0 chance_bps=10000
[EMISSION] h=2341 reward=2 treasury=1 validators=1 burn=0 applied_burn=0 chance_bps=10000
[EMISSION] h=2342 reward=4 treasury=1 validators=2 burn=1 applied_burn=0 chance_bps=10000
[EMISSION] h=2339 reward=4 treasury=1 validators=2 burn=1 applied_burn=0 chance_bps=10000
[EMISSION] h=2340 reward=4 treasury=1 validators=2 burn=1 applied_burn=0 chance_bps=10000
[EMISSION] h=2342 reward=4 treasury=1 validators=2 burn=1 applied_burn=0 chance_bps=10000
[EMISSION] h=2341 reward=2 treasury=1 validators=1 burn=0 applied_burn=0 chance_bps=10000
[EMISSION] h=2341 reward=2 treasury=1 validators=1 burn=0 applied_burn=0 chance_bps=10000
[EMISSION] h=2343 reward=4 treasury=1 validators=2 burn=1 applied_burn=0 chance_bps=10000
[EMISSION] h=2340 reward=4 treasury=1 validators=2 burn=1 applied_burn=0 chance_bps=10000
[EMISSION] h=2343 reward=4 treasury=1 validators=2 burn=1 applied_burn=0 chance_bps=10000
[EMISSION] h=2342 reward=4 treasury=1 validators=2 burn=1 applied_burn=0 chance_bps=10000
[EMISSION] h=2344 reward=3 treasury=1 validators=2 burn=0 applied_burn=0 chance_bps=10000
[EMISSION] h=2341 reward=2 treasury=1 validators=1 burn=0 applied_burn=0 chance_bps=10000
[EMISSION] h=2342 reward=4 treasury=1 validators=2 burn=1 applied_burn=0 chance_bps=10000
[EMISSION] h=2344 reward=3 treasury=1 validators=2 burn=0 applied_burn=0 chance_bps=10000
[EMISSION] h=2343 reward=4 treasury=1 validators=2 burn=1 applied_burn=0 chance_bps=10000
[EMISSION] h=2342 reward=4 treasury=1 validators=2 burn=1 applied_burn=0 chance_bps=10000
[EMISSION] h=2345 reward=3 treasury=1 validators=2 burn=0 applied_burn=0 chance_bps=10000
[EMISSION] h=2343 reward=4 treasury=1 validators=2 burn=1 applied_burn=0 chance_bps=10000
[EMISSION] h=2345 reward=3 treasury=1 validators=2 burn=0 applied_burn=0 chance_bps=10000
[EMISSION] h=2344 reward=3 treasury=1 validators=2 burn=0 applied_burn=0 chance_bps=10000
[EMISSION] h=2346 reward=2 treasury=1 validators=1 burn=0 applied_burn=0 chance_bps=10000
[EMISSION] h=2343 reward=4 treasury=1 validators=2 burn=1 applied_burn=0 chance_bps=10000
[EMISSION] h=2346 reward=2 treasury=1 validators=1 burn=0 applied_burn=0 chance_bps=10000
[EMISSION] h=2344 reward=3 treasury=1 validators=2 burn=0 applied_burn=0 chance_bps=10000
[EMISSION] h=2345 reward=3 treasury=1 validators=2 burn=0 applied_burn=0 chance_bps=10000
[EMISSION] h=2347 reward=3 treasury=1 validators=2 burn=0 applied_burn=0 chance_bps=10000
[EMISSION] h=2345 reward=3 treasury=1 validators=2 burn=0 applied_burn=0 chance_bps=10000
[EMISSION] h=2344 reward=3 treasury=1 validators=2 burn=0 applied_burn=0 chance_bps=10000
[EMISSION] h=2347 reward=3 treasury=1 validators=2 burn=0 applied_burn=0 chance_bps=10000
[EMISSION] h=2346 reward=2 treasury=1 validators=1 burn=0 applied_burn=0 chance_bps=10000
[EMISSION] h=2348 reward=3 treasury=1 validators=2 burn=0 applied_burn=0 chance_bps=10000
[EMISSION] h=2345 reward=3 treasury=1 validators=2 burn=0 applied_burn=0 chance_bps=10000
[EMISSION] h=2346 reward=2 treasury=1 validators=1 burn=0 applied_burn=0 chance_bps=10000
[EMISSION] h=2347 reward=3 treasury=1 validators=2 burn=0 applied_burn=0 chance_bps=10000
[EMISSION] h=2348 reward=3 treasury=1 validators=2 burn=0 applied_burn=0 chance_bps=10000
[EMISSION] h=2346 reward=2 treasury=1 validators=1 burn=0 applied_burn=0 chance_bps=10000
[EMISSION] h=2349 reward=4 treasury=1 validators=2 burn=1 applied_burn=0 chance_bps=10000
[EMISSION] h=2348 reward=3 treasury=1 validators=2 burn=0 applied_burn=0 chance_bps=10000
[EMISSION] h=2349 reward=4 treasury=1 validators=2 burn=1 applied_burn=0 chance_bps=10000
[EMISSION] h=2347 reward=3 treasury=1 validators=2 burn=0 applied_burn=0 chance_bps=10000
[EMISSION] h=2347 reward=3 treasury=1 validators=2 burn=0 applied_burn=0 chance_bps=10000
[EMISSION] h=2350 reward=2 treasury=1 validators=1 burn=0 applied_burn=0 chance_bps=10000
[EMISSION] h=2349 reward=4 treasury=1 validators=2 burn=1 applied_burn=0 chance_bps=10000
[EMISSION] h=2350 reward=2 treasury=1 validators=1 burn=0 applied_burn=0 chance_bps=10000
[EMISSION] h=2348 reward=3 treasury=1 validators=2 burn=0 applied_burn=0 chance_bps=10000
[EMISSION] h=2348 reward=3 treasury=1 validators=2 burn=0 applied_burn=0 chance_bps=10000
[EMISSION] h=2351 reward=2 treasury=1 validators=1 burn=0 applied_burn=0 chance_bps=10000
[EMISSION] h=2350 reward=2 treasury=1 validators=1 burn=0 applied_burn=0 chance_bps=10000
[EMISSION] h=2349 reward=4 treasury=1 validators=2 burn=1 applied_burn=0 chance_bps=10000
[EMISSION] h=2351 reward=2 treasury=1 validators=1 burn=0 applied_burn=0 chance_bps=10000
[EMISSION] h=2349 reward=4 treasury=1 validators=2 burn=1 applied_burn=0 chance_bps=10000
[EMISSION] h=2352 reward=4 treasury=1 validators=2 burn=1 applied_burn=0 chance_bps=10000
[EMISSION] h=2351 reward=2 treasury=1 validators=1 burn=0 applied_burn=0 chance_bps=10000
[EMISSION] h=2350 reward=2 treasury=1 validators=1 burn=0 applied_burn=0 chance_bps=10000
[EMISSION] h=2352 reward=4 treasury=1 validators=2 burn=1 applied_burn=0 chance_bps=10000
[EMISSION] h=2352 reward=4 treasury=1 validators=2 burn=1 applied_burn=0 chance_bps=10000
[EMISSION] h=2350 reward=2 treasury=1 validators=1 burn=0 applied_burn=0 chance_bps=10000
[EMISSION] h=2351 reward=2 treasury=1 validators=1 burn=0 applied_burn=0 chance_bps=10000
[EMISSION] h=2353 reward=4 treasury=1 validators=2 burn=1 applied_burn=0 chance_bps=10000
[EMISSION] h=2353 reward=4 treasury=1 validators=2 burn=1 applied_burn=0 chance_bps=10000
[EMISSION] h=2353 reward=4 treasury=1 validators=2 burn=1 applied_burn=0 chance_bps=10000
[EMISSION] h=2351 reward=2 treasury=1 validators=1 burn=0 applied_burn=0 chance_bps=10000
[EMISSION] h=2352 reward=4 treasury=1 validators=2 burn=1 applied_burn=0 chance_bps=10000
[EMISSION] h=2354 reward=3 treasury=1 validators=2 burn=0 applied_burn=0 chance_bps=10000
[EMISSION] h=2354 reward=3 treasury=1 validators=2 burn=0 applied_burn=0 chance_bps=10000
[EMISSION] h=2352 reward=4 treasury=1 validators=2 burn=1 applied_burn=0 chance_bps=10000
[EMISSION] h=2354 reward=3 treasury=1 validators=2 burn=0 applied_burn=0 chance_bps=10000
[EMISSION] h=2353 reward=4 treasury=1 validators=2 burn=1 applied_burn=0 chance_bps=10000
[EMISSION] h=2355 reward=2 treasury=1 validators=1 burn=0 applied_burn=0 chance_bps=10000
[EMISSION] h=2355 reward=2 treasury=1 validators=1 burn=0 applied_burn=0 chance_bps=10000
[EMISSION] h=2353 reward=4 treasury=1 validators=2 burn=1 applied_burn=0 chance_bps=10000
[EMISSION] h=2356 reward=4 treasury=1 validators=2 burn=1 applied_burn=0 chance_bps=10000
[EMISSION] h=2354 reward=3 treasury=1 validators=2 burn=0 applied_burn=0 chance_bps=10000
[EMISSION] h=2355 reward=2 treasury=1 validators=1 burn=0 applied_burn=0 chance_bps=10000
[EMISSION] h=2354 reward=3 treasury=1 validators=2 burn=0 applied_burn=0 chance_bps=10000
[EMISSION] h=2356 reward=4 treasury=1 validators=2 burn=1 applied_burn=0 chance_bps=10000
[EMISSION] h=2355 reward=2 treasury=1 validators=1 burn=0 applied_burn=0 chance_bps=10000
[EMISSION] h=2356 reward=4 treasury=1 validators=2 burn=1 applied_burn=0 chance_bps=10000
[EMISSION] h=2357 reward=4 treasury=1 validators=2 burn=1 applied_burn=0 chance_bps=10000
[EMISSION] h=2355 reward=2 treasury=1 validators=1 burn=0 applied_burn=0 chance_bps=10000
[EMISSION] h=2357 reward=4 treasury=1 validators=2 burn=1 applied_burn=0 chance_bps=10000
[EMISSION] h=2356 reward=4 treasury=1 validators=2 burn=1 applied_burn=0 chance_bps=10000
[EMISSION] h=2358 reward=4 treasury=1 validators=2 burn=1 applied_burn=0 chance_bps=10000
[EMISSION] h=2357 reward=4 treasury=1 validators=2 burn=1 applied_burn=0 chance_bps=10000
[EMISSION] h=2356 reward=4 treasury=1 validators=2 burn=1 applied_burn=0 chance_bps=10000
[EMISSION] h=2358 reward=4 treasury=1 validators=2 burn=1 applied_burn=0 chance_bps=10000
[EMISSION] h=2357 reward=4 treasury=1 validators=2 burn=1 applied_burn=0 chance_bps=10000
[EMISSION] h=2359 reward=4 treasury=1 validators=2 burn=1 applied_burn=0 chance_bps=10000
[EMISSION] h=2358 reward=4 treasury=1 validators=2 burn=1 applied_burn=0 chance_bps=10000
[EMISSION] h=2357 reward=4 treasury=1 validators=2 burn=1 applied_burn=0 chance_bps=10000
[EMISSION] h=2359 reward=4 treasury=1 validators=2 burn=1 applied_burn=0 chance_bps=10000
[EMISSION] h=2358 reward=4 treasury=1 validators=2 burn=1 applied_burn=0 chance_bps=10000
[EMISSION] h=2360 reward=2 treasury=1 validators=1 burn=0 applied_burn=0 chance_bps=10000
[EMISSION] h=2359 reward=4 treasury=1 validators=2 burn=1 applied_burn=0 chance_bps=10000
[EMISSION] h=2358 reward=4 treasury=1 validators=2 burn=1 applied_burn=0 chance_bps=10000
[EMISSION] h=2360 reward=2 treasury=1 validators=1 burn=0 applied_burn=0 chance_bps=10000
[EMISSION] h=2359 reward=4 treasury=1 validators=2 burn=1 applied_burn=0 chance_bps=10000
[EMISSION] h=2361 reward=3 treasury=1 validators=2 burn=0 applied_burn=0 chance_bps=10000
[EMISSION] h=2360 reward=2 treasury=1 validators=1 burn=0 applied_burn=0 chance_bps=10000
[EMISSION] h=2359 reward=4 treasury=1 validators=2 burn=1 applied_burn=0 chance_bps=10000
[EMISSION] h=2361 reward=3 treasury=1 validators=2 burn=0 applied_burn=0 chance_bps=10000
[EMISSION] h=2360 reward=2 treasury=1 validators=1 burn=0 applied_burn=0 chance_bps=10000
[EMISSION] h=2361 reward=3 treasury=1 validators=2 burn=0 applied_burn=0 chance_bps=10000
[EMISSION] h=2362 reward=4 treasury=1 validators=2 burn=1 applied_burn=0 chance_bps=10000
[EMISSION] h=2360 reward=2 treasury=1 validators=1 burn=0 applied_burn=0 chance_bps=10000
[EMISSION] h=2362 reward=4 treasury=1 validators=2 burn=1 applied_burn=0 chance_bps=10000
[EMISSION] h=2361 reward=3 treasury=1 validators=2 burn=0 applied_burn=0 chance_bps=10000
[EMISSION] h=2362 reward=4 treasury=1 validators=2 burn=1 applied_burn=0 chance_bps=10000
[EMISSION] h=2361 reward=3 treasury=1 validators=2 burn=0 applied_burn=0 chance_bps=10000
[EMISSION] h=2363 reward=4 treasury=1 validators=2 burn=1 applied_burn=0 chance_bps=10000
[EMISSION] h=2363 reward=4 treasury=1 validators=2 burn=1 applied_burn=0 chance_bps=10000
[EMISSION] h=2362 reward=4 treasury=1 validators=2 burn=1 applied_burn=0 chance_bps=10000
[EMISSION] h=2363 reward=4 treasury=1 validators=2 burn=1 applied_burn=0 chance_bps=10000
[EMISSION] h=2364 reward=2 treasury=1 validators=1 burn=0 applied_burn=0 chance_bps=10000
[EMISSION] h=2362 reward=4 treasury=1 validators=2 burn=1 applied_burn=0 chance_bps=10000
[EMISSION] h=2363 reward=4 treasury=1 validators=2 burn=1 applied_burn=0 chance_bps=10000
[EMISSION] h=2364 reward=2 treasury=1 validators=1 burn=0 applied_burn=0 chance_bps=10000
[EMISSION] h=2365 reward=2 treasury=1 validators=1 burn=0 applied_burn=0 chance_bps=10000
[EMISSION] h=2364 reward=2 treasury=1 validators=1 burn=0 applied_burn=0 chance_bps=10000
[EMISSION] h=2363 reward=4 treasury=1 validators=2 burn=1 applied_burn=0 chance_bps=10000
[EMISSION] h=2364 reward=2 treasury=1 validators=1 burn=0 applied_burn=0 chance_bps=10000
[EMISSION] h=2365 reward=2 treasury=1 validators=1 burn=0 applied_burn=0 chance_bps=10000
[EMISSION] h=2365 reward=2 treasury=1 validators=1 burn=0 applied_burn=0 chance_bps=10000
[EMISSION] h=2366 reward=4 treasury=1 validators=2 burn=1 applied_burn=0 chance_bps=10000
[EMISSION] h=2364 reward=2 treasury=1 validators=1 burn=0 applied_burn=0 chance_bps=10000
[EMISSION] h=2365 reward=2 treasury=1 validators=1 burn=0 applied_burn=0 chance_bps=10000
[EMISSION] h=2366 reward=4 treasury=1 validators=2 burn=1 applied_burn=0 chance_bps=10000
[EMISSION] h=2367 reward=2 treasury=1 validators=1 burn=0 applied_burn=0 chance_bps=10000
[EMISSION] h=2365 reward=2 treasury=1 validators=1 burn=0 applied_burn=0 chance_bps=10000
[EMISSION] h=2366 reward=4 treasury=1 validators=2 burn=1 applied_burn=0 chance_bps=10000
[EMISSION] h=2366 reward=4 treasury=1 validators=2 burn=1 applied_burn=0 chance_bps=10000
[EMISSION] h=2367 reward=2 treasury=1 validators=1 burn=0 applied_burn=0 chance_bps=10000
[EMISSION] h=2368 reward=3 treasury=1 validators=2 burn=0 applied_burn=0 chance_bps=10000
[EMISSION] h=2366 reward=4 treasury=1 validators=2 burn=1 applied_burn=0 chance_bps=10000
[EMISSION] h=2367 reward=2 treasury=1 validators=1 burn=0 applied_burn=0 chance_bps=10000
[EMISSION] h=2368 reward=3 treasury=1 validators=2 burn=0 applied_burn=0 chance_bps=10000
[EMISSION] h=2367 reward=2 treasury=1 validators=1 burn=0 applied_burn=0 chance_bps=10000
[EMISSION] h=2369 reward=4 treasury=1 validators=2 burn=1 applied_burn=0 chance_bps=10000
[EMISSION] h=2367 reward=2 treasury=1 validators=1 burn=0 applied_burn=0 chance_bps=10000
[EMISSION] h=2368 reward=3 treasury=1 validators=2 burn=0 applied_burn=0 chance_bps=10000
[EMISSION] h=2369 reward=4 treasury=1 validators=2 burn=1 applied_burn=0 chance_bps=10000
Validator heartbeat received: B | reported_height=2546 | finalized_height=2546 | local_exec_epoch=2547
[EMISSION] h=2368 reward=3 treasury=1 validators=2 burn=0 applied_burn=0 chance_bps=10000
Validator heartbeat: B | reported_height=2546 | finalized_height=2546 | local_exec_epoch=2547
[EMISSION] h=2369 reward=4 treasury=1 validators=2 burn=1 applied_burn=0 chance_bps=10000
[EMISSION] h=2370 reward=4 treasury=1 validators=2 burn=1 applied_burn=0 chance_bps=10000
[EMISSION] h=2368 reward=3 treasury=1 validators=2 burn=0 applied_burn=0 chance_bps=10000
2026/05/19 10:25:55 [EXEC-BROADCAST-DEFER] validator=C height=2547 reason=exec_changed exec=1e5aa924 tx_merkle= current_runtime=ab74f64c current_execution=ab74f64c current_tip=2546/8da4f6f5 proposal=2547|0|f53eb382be434e238dc175666a5392d5e07e9dabfe186e770933510402bee0bc||1e5aa924c655edd2cb77c5aec6587a768a93798e543624a31ae02465c9320006 block=f53eb382 prev=8da4f6f5
[EXEC-HASH] hint=2547 from=B exec=1e5aa924
Execution hash received: B @ epoch 2547
[EMISSION] h=2370 reward=4 treasury=1 validators=2 burn=1 applied_burn=0 chance_bps=10000
[EMISSION] h=2369 reward=4 treasury=1 validators=2 burn=1 applied_burn=0 chance_bps=10000
[EMISSION] h=2370 reward=4 treasury=1 validators=2 burn=1 applied_burn=0 chance_bps=10000
[EMISSION] h=2369 reward=4 treasury=1 validators=2 burn=1 applied_burn=0 chance_bps=10000
[EMISSION] h=2371 reward=4 treasury=1 validators=2 burn=1 applied_burn=0 chance_bps=10000
[EMISSION] h=2371 reward=4 treasury=1 validators=2 burn=1 applied_burn=0 chance_bps=10000
[EMISSION] h=2370 reward=4 treasury=1 validators=2 burn=1 applied_burn=0 chance_bps=10000
[EMISSION] h=2371 reward=4 treasury=1 validators=2 burn=1 applied_burn=0 chance_bps=10000
[EMISSION] h=2372 reward=3 treasury=1 validators=2 burn=0 applied_burn=0 chance_bps=10000
[EMISSION] h=2370 reward=4 treasury=1 validators=2 burn=1 applied_burn=0 chance_bps=10000
[EMISSION] h=2371 reward=4 treasury=1 validators=2 burn=1 applied_burn=0 chance_bps=10000
[EMISSION] h=2372 reward=3 treasury=1 validators=2 burn=0 applied_burn=0 chance_bps=10000
[EMISSION] h=2373 reward=4 treasury=1 validators=2 burn=1 applied_burn=0 chance_bps=10000
[EMISSION] h=2372 reward=3 treasury=1 validators=2 burn=0 applied_burn=0 chance_bps=10000
[EMISSION] h=2371 reward=4 treasury=1 validators=2 burn=1 applied_burn=0 chance_bps=10000
[EMISSION] h=2372 reward=3 treasury=1 validators=2 burn=0 applied_burn=0 chance_bps=10000
[EMISSION] h=2373 reward=4 treasury=1 validators=2 burn=1 applied_burn=0 chance_bps=10000
[EMISSION] h=2373 reward=4 treasury=1 validators=2 burn=1 applied_burn=0 chance_bps=10000
[EMISSION] h=2374 reward=3 treasury=1 validators=2 burn=0 applied_burn=0 chance_bps=10000
[EMISSION] h=2372 reward=3 treasury=1 validators=2 burn=0 applied_burn=0 chance_bps=10000
[EMISSION] h=2373 reward=4 treasury=1 validators=2 burn=1 applied_burn=0 chance_bps=10000
[EMISSION] h=2374 reward=3 treasury=1 validators=2 burn=0 applied_burn=0 chance_bps=10000
[EMISSION] h=2375 reward=2 treasury=1 validators=1 burn=0 applied_burn=0 chance_bps=10000
[EMISSION] h=2374 reward=3 treasury=1 validators=2 burn=0 applied_burn=0 chance_bps=10000
[EMISSION] h=2373 reward=4 treasury=1 validators=2 burn=1 applied_burn=0 chance_bps=10000
[EMISSION] h=2375 reward=2 treasury=1 validators=1 burn=0 applied_burn=0 chance_bps=10000
[EMISSION] h=2374 reward=3 treasury=1 validators=2 burn=0 applied_burn=0 chance_bps=10000
[EMISSION] h=2376 reward=3 treasury=1 validators=2 burn=0 applied_burn=0 chance_bps=10000
[EMISSION] h=2375 reward=2 treasury=1 validators=1 burn=0 applied_burn=0 chance_bps=10000
[EMISSION] h=2376 reward=3 treasury=1 validators=2 burn=0 applied_burn=0 chance_bps=10000
[EMISSION] h=2374 reward=3 treasury=1 validators=2 burn=0 applied_burn=0 chance_bps=10000
[EMISSION] h=2375 reward=2 treasury=1 validators=1 burn=0 applied_burn=0 chance_bps=10000
[EMISSION] h=2377 reward=2 treasury=1 validators=1 burn=0 applied_burn=0 chance_bps=10000
[EMISSION] h=2377 reward=2 treasury=1 validators=1 burn=0 applied_burn=0 chance_bps=10000
[EMISSION] h=2376 reward=3 treasury=1 validators=2 burn=0 applied_burn=0 chance_bps=10000
[EMISSION] h=2375 reward=2 treasury=1 validators=1 burn=0 applied_burn=0 chance_bps=10000
[EMISSION] h=2376 reward=3 treasury=1 validators=2 burn=0 applied_burn=0 chance_bps=10000
[EMISSION] h=2378 reward=3 treasury=1 validators=2 burn=0 applied_burn=0 chance_bps=10000
[EMISSION] h=2378 reward=3 treasury=1 validators=2 burn=0 applied_burn=0 chance_bps=10000
[EMISSION] h=2377 reward=2 treasury=1 validators=1 burn=0 applied_burn=0 chance_bps=10000
[EMISSION] h=2376 reward=3 treasury=1 validators=2 burn=0 applied_burn=0 chance_bps=10000
[EMISSION] h=2379 reward=2 treasury=1 validators=1 burn=0 applied_burn=0 chance_bps=10000
[EMISSION] h=2377 reward=2 treasury=1 validators=1 burn=0 applied_burn=0 chance_bps=10000
[EMISSION] h=2379 reward=2 treasury=1 validators=1 burn=0 applied_burn=0 chance_bps=10000
[EMISSION] h=2377 reward=2 treasury=1 validators=1 burn=0 applied_burn=0 chance_bps=10000
[EMISSION] h=2380 reward=4 treasury=1 validators=2 burn=1 applied_burn=0 chance_bps=10000
[EMISSION] h=2378 reward=3 treasury=1 validators=2 burn=0 applied_burn=0 chance_bps=10000
[EMISSION] h=2378 reward=3 treasury=1 validators=2 burn=0 applied_burn=0 chance_bps=10000
[EMISSION] h=2380 reward=4 treasury=1 validators=2 burn=1 applied_burn=0 chance_bps=10000
[EMISSION] h=2378 reward=3 treasury=1 validators=2 burn=0 applied_burn=0 chance_bps=10000
[EMISSION] h=2379 reward=2 treasury=1 validators=1 burn=0 applied_burn=0 chance_bps=10000
[EMISSION] h=2379 reward=2 treasury=1 validators=1 burn=0 applied_burn=0 chance_bps=10000
[EMISSION] h=2381 reward=3 treasury=1 validators=2 burn=0 applied_burn=0 chance_bps=10000
[EMISSION] h=2381 reward=3 treasury=1 validators=2 burn=0 applied_burn=0 chance_bps=10000
[EMISSION] h=2379 reward=2 treasury=1 validators=1 burn=0 applied_burn=0 chance_bps=10000
[EMISSION] h=2380 reward=4 treasury=1 validators=2 burn=1 applied_burn=0 chance_bps=10000
[EMISSION] h=2382 reward=2 treasury=1 validators=1 burn=0 applied_burn=0 chance_bps=10000
[EMISSION] h=2380 reward=4 treasury=1 validators=2 burn=1 applied_burn=0 chance_bps=10000
[EMISSION] h=2382 reward=2 treasury=1 validators=1 burn=0 applied_burn=0 chance_bps=10000
[EMISSION] h=2381 reward=3 treasury=1 validators=2 burn=0 applied_burn=0 chance_bps=10000
[EMISSION] h=2380 reward=4 treasury=1 validators=2 burn=1 applied_burn=0 chance_bps=10000
[EMISSION] h=2383 reward=4 treasury=1 validators=2 burn=1 applied_burn=0 chance_bps=10000
[EMISSION] h=2381 reward=3 treasury=1 validators=2 burn=0 applied_burn=0 chance_bps=10000
[EMISSION] h=2383 reward=4 treasury=1 validators=2 burn=1 applied_burn=0 chance_bps=10000
[EMISSION] h=2382 reward=2 treasury=1 validators=1 burn=0 applied_burn=0 chance_bps=10000
[EMISSION] h=2381 reward=3 treasury=1 validators=2 burn=0 applied_burn=0 chance_bps=10000
[EMISSION] h=2384 reward=3 treasury=1 validators=2 burn=0 applied_burn=0 chance_bps=10000
[EMISSION] h=2382 reward=2 treasury=1 validators=1 burn=0 applied_burn=0 chance_bps=10000
[EMISSION] h=2384 reward=3 treasury=1 validators=2 burn=0 applied_burn=0 chance_bps=10000
[EMISSION] h=2383 reward=4 treasury=1 validators=2 burn=1 applied_burn=0 chance_bps=10000
[EMISSION] h=2382 reward=2 treasury=1 validators=1 burn=0 applied_burn=0 chance_bps=10000
[EMISSION] h=2385 reward=2 treasury=1 validators=1 burn=0 applied_burn=0 chance_bps=10000
[EMISSION] h=2383 reward=4 treasury=1 validators=2 burn=1 applied_burn=0 chance_bps=10000
[EMISSION] h=2385 reward=2 treasury=1 validators=1 burn=0 applied_burn=0 chance_bps=10000
[EMISSION] h=2384 reward=3 treasury=1 validators=2 burn=0 applied_burn=0 chance_bps=10000
[EMISSION] h=2383 reward=4 treasury=1 validators=2 burn=1 applied_burn=0 chance_bps=10000
[EMISSION] h=2386 reward=2 treasury=1 validators=1 burn=0 applied_burn=0 chance_bps=10000
[EMISSION] h=2384 reward=3 treasury=1 validators=2 burn=0 applied_burn=0 chance_bps=10000
[EMISSION] h=2386 reward=2 treasury=1 validators=1 burn=0 applied_burn=0 chance_bps=10000
[EMISSION] h=2384 reward=3 treasury=1 validators=2 burn=0 applied_burn=0 chance_bps=10000
[EMISSION] h=2385 reward=2 treasury=1 validators=1 burn=0 applied_burn=0 chance_bps=10000
[EMISSION] h=2387 reward=2 treasury=1 validators=1 burn=0 applied_burn=0 chance_bps=10000
[EMISSION] h=2385 reward=2 treasury=1 validators=1 burn=0 applied_burn=0 chance_bps=10000
[EMISSION] h=2387 reward=2 treasury=1 validators=1 burn=0 applied_burn=0 chance_bps=10000
[EMISSION] h=2385 reward=2 treasury=1 validators=1 burn=0 applied_burn=0 chance_bps=10000
[EMISSION] h=2386 reward=2 treasury=1 validators=1 burn=0 applied_burn=0 chance_bps=10000
[EMISSION] h=2388 reward=2 treasury=1 validators=1 burn=0 applied_burn=0 chance_bps=10000
[EMISSION] h=2386 reward=2 treasury=1 validators=1 burn=0 applied_burn=0 chance_bps=10000
[EMISSION] h=2388 reward=2 treasury=1 validators=1 burn=0 applied_burn=0 chance_bps=10000
[EMISSION] h=2386 reward=2 treasury=1 validators=1 burn=0 applied_burn=0 chance_bps=10000
[EMISSION] h=2387 reward=2 treasury=1 validators=1 burn=0 applied_burn=0 chance_bps=10000
[EMISSION] h=2389 reward=3 treasury=1 validators=2 burn=0 applied_burn=0 chance_bps=10000
[EMISSION] h=2387 reward=2 treasury=1 validators=1 burn=0 applied_burn=0 chance_bps=10000
[EMISSION] h=2389 reward=3 treasury=1 validators=2 burn=0 applied_burn=0 chance_bps=10000
[EMISSION] h=2387 reward=2 treasury=1 validators=1 burn=0 applied_burn=0 chance_bps=10000
[EMISSION] h=2388 reward=2 treasury=1 validators=1 burn=0 applied_burn=0 chance_bps=10000
[EMISSION] h=2390 reward=4 treasury=1 validators=2 burn=1 applied_burn=0 chance_bps=10000
[EMISSION] h=2388 reward=2 treasury=1 validators=1 burn=0 applied_burn=0 chance_bps=10000
[EMISSION] h=2390 reward=4 treasury=1 validators=2 burn=1 applied_burn=0 chance_bps=10000
[EMISSION] h=2388 reward=2 treasury=1 validators=1 burn=0 applied_burn=0 chance_bps=10000
[EMISSION] h=2391 reward=3 treasury=1 validators=2 burn=0 applied_burn=0 chance_bps=10000
[EMISSION] h=2389 reward=3 treasury=1 validators=2 burn=0 applied_burn=0 chance_bps=10000
[EMISSION] h=2389 reward=3 treasury=1 validators=2 burn=0 applied_burn=0 chance_bps=10000
[EMISSION] h=2391 reward=3 treasury=1 validators=2 burn=0 applied_burn=0 chance_bps=10000
[EMISSION] h=2389 reward=3 treasury=1 validators=2 burn=0 applied_burn=0 chance_bps=10000
[EMISSION] h=2390 reward=4 treasury=1 validators=2 burn=1 applied_burn=0 chance_bps=10000
[EMISSION] h=2392 reward=2 treasury=1 validators=1 burn=0 applied_burn=0 chance_bps=10000
[EMISSION] h=2390 reward=4 treasury=1 validators=2 burn=1 applied_burn=0 chance_bps=10000
[EMISSION] h=2392 reward=2 treasury=1 validators=1 burn=0 applied_burn=0 chance_bps=10000
[EMISSION] h=2390 reward=4 treasury=1 validators=2 burn=1 applied_burn=0 chance_bps=10000
[EMISSION] h=2391 reward=3 treasury=1 validators=2 burn=0 applied_burn=0 chance_bps=10000
[EMISSION] h=2393 reward=4 treasury=1 validators=2 burn=1 applied_burn=0 chance_bps=10000
[EMISSION] h=2391 reward=3 treasury=1 validators=2 burn=0 applied_burn=0 chance_bps=10000
[EMISSION] h=2393 reward=4 treasury=1 validators=2 burn=1 applied_burn=0 chance_bps=10000
[EMISSION] h=2392 reward=2 treasury=1 validators=1 burn=0 applied_burn=0 chance_bps=10000
[EMISSION] h=2391 reward=3 treasury=1 validators=2 burn=0 applied_burn=0 chance_bps=10000
[EMISSION] h=2394 reward=4 treasury=1 validators=2 burn=1 applied_burn=0 chance_bps=10000
[EMISSION] h=2392 reward=2 treasury=1 validators=1 burn=0 applied_burn=0 chance_bps=10000
[EMISSION] h=2393 reward=4 treasury=1 validators=2 burn=1 applied_burn=0 chance_bps=10000
[EMISSION] h=2394 reward=4 treasury=1 validators=2 burn=1 applied_burn=0 chance_bps=10000
[EMISSION] h=2395 reward=2 treasury=1 validators=1 burn=0 applied_burn=0 chance_bps=10000
[EMISSION] h=2392 reward=2 treasury=1 validators=1 burn=0 applied_burn=0 chance_bps=10000
[EMISSION] h=2393 reward=4 treasury=1 validators=2 burn=1 applied_burn=0 chance_bps=10000
[EMISSION] h=2394 reward=4 treasury=1 validators=2 burn=1 applied_burn=0 chance_bps=10000
[EMISSION] h=2395 reward=2 treasury=1 validators=1 burn=0 applied_burn=0 chance_bps=10000
[EMISSION] h=2393 reward=4 treasury=1 validators=2 burn=1 applied_burn=0 chance_bps=10000
[EMISSION] h=2394 reward=4 treasury=1 validators=2 burn=1 applied_burn=0 chance_bps=10000
[EMISSION] h=2396 reward=2 treasury=1 validators=1 burn=0 applied_burn=0 chance_bps=10000
[EMISSION] h=2395 reward=2 treasury=1 validators=1 burn=0 applied_burn=0 chance_bps=10000
[EMISSION] h=2396 reward=2 treasury=1 validators=1 burn=0 applied_burn=0 chance_bps=10000
2026/05/19 10:25:56 [VOTE-ACCEPT] reason=recorded signer=B height=2547 round=0 vote_block=f53eb382 current_block=f53eb382 proposal=2547|0|f53eb382be434e238dc175666a5392d5e07e9dabfe186e770933510402bee0bc||1e5aa924c655edd2cb77c5aec6587a768a93798e543624a31ae02465c9320006 exec=1e5aa924 tx_merkle= votes=1 required=3
[EXEC-POOL] epoch=2547 hash=1e5aa924 voters=1/4
[EXEC-QUORUM] epoch=2547 required=3 total=4 votes=1
[EMISSION] h=2395 reward=2 treasury=1 validators=1 burn=0 applied_burn=0 chance_bps=10000
[EMISSION] h=2394 reward=4 treasury=1 validators=2 burn=1 applied_burn=0 chance_bps=10000
[EMISSION] h=2397 reward=4 treasury=1 validators=2 burn=1 applied_burn=0 chance_bps=10000
[EMISSION] h=2397 reward=4 treasury=1 validators=2 burn=1 applied_burn=0 chance_bps=10000
[EMISSION] h=2396 reward=2 treasury=1 validators=1 burn=0 applied_burn=0 chance_bps=10000
[EMISSION] h=2395 reward=2 treasury=1 validators=1 burn=0 applied_burn=0 chance_bps=10000
[EMISSION] h=2398 reward=2 treasury=1 validators=1 burn=0 applied_burn=0 chance_bps=10000
[EMISSION] h=2396 reward=2 treasury=1 validators=1 burn=0 applied_burn=0 chance_bps=10000
[EMISSION] h=2398 reward=2 treasury=1 validators=1 burn=0 applied_burn=0 chance_bps=10000
[CONSENSUS] height=2546 vhash=d75b74ab validators=4
[EMISSION] h=2397 reward=4 treasury=1 validators=2 burn=1 applied_burn=0 chance_bps=10000
[EMISSION] h=2399 reward=3 treasury=1 validators=2 burn=0 applied_burn=0 chance_bps=10000
[EMISSION] h=2397 reward=4 treasury=1 validators=2 burn=1 applied_burn=0 chance_bps=10000
[EMISSION] h=2396 reward=2 treasury=1 validators=1 burn=0 applied_burn=0 chance_bps=10000
[EMISSION] h=2399 reward=3 treasury=1 validators=2 burn=0 applied_burn=0 chance_bps=10000
[EMISSION] h=2398 reward=2 treasury=1 validators=1 burn=0 applied_burn=0 chance_bps=10000
[EMISSION] h=2400 reward=2 treasury=1 validators=1 burn=0 applied_burn=0 chance_bps=10000
[EMISSION] h=2398 reward=2 treasury=1 validators=1 burn=0 applied_burn=0 chance_bps=10000
[EMISSION] h=2400 reward=2 treasury=1 validators=1 burn=0 applied_burn=0 chance_bps=10000
[EMISSION] h=2397 reward=4 treasury=1 validators=2 burn=1 applied_burn=0 chance_bps=10000
[EMISSION] h=2399 reward=3 treasury=1 validators=2 burn=0 applied_burn=0 chance_bps=10000
[EMISSION] h=2401 reward=4 treasury=1 validators=2 burn=1 applied_burn=0 chance_bps=10000
[EMISSION] h=2399 reward=3 treasury=1 validators=2 burn=0 applied_burn=0 chance_bps=10000
[EMISSION] h=2398 reward=2 treasury=1 validators=1 burn=0 applied_burn=0 chance_bps=10000
[EMISSION] h=2400 reward=2 treasury=1 validators=1 burn=0 applied_burn=0 chance_bps=10000
[EMISSION] h=2401 reward=4 treasury=1 validators=2 burn=1 applied_burn=0 chance_bps=10000
[EMISSION] h=2400 reward=2 treasury=1 validators=1 burn=0 applied_burn=0 chance_bps=10000
[EMISSION] h=2402 reward=4 treasury=1 validators=2 burn=1 applied_burn=0 chance_bps=10000
[EMISSION] h=2399 reward=3 treasury=1 validators=2 burn=0 applied_burn=0 chance_bps=10000
[EMISSION] h=2401 reward=4 treasury=1 validators=2 burn=1 applied_burn=0 chance_bps=10000
[EMISSION] h=2402 reward=4 treasury=1 validators=2 burn=1 applied_burn=0 chance_bps=10000
[EMISSION] h=2401 reward=4 treasury=1 validators=2 burn=1 applied_burn=0 chance_bps=10000
[EMISSION] h=2403 reward=3 treasury=1 validators=2 burn=0 applied_burn=0 chance_bps=10000
[EMISSION] h=2402 reward=4 treasury=1 validators=2 burn=1 applied_burn=0 chance_bps=10000
[EMISSION] h=2400 reward=2 treasury=1 validators=1 burn=0 applied_burn=0 chance_bps=10000
[EMISSION] h=2403 reward=3 treasury=1 validators=2 burn=0 applied_burn=0 chance_bps=10000
[EMISSION] h=2402 reward=4 treasury=1 validators=2 burn=1 applied_burn=0 chance_bps=10000
[EMISSION] h=2404 reward=3 treasury=1 validators=2 burn=0 applied_burn=0 chance_bps=10000
[EMISSION] h=2401 reward=4 treasury=1 validators=2 burn=1 applied_burn=0 chance_bps=10000
[EMISSION] h=2403 reward=3 treasury=1 validators=2 burn=0 applied_burn=0 chance_bps=10000
[EMISSION] h=2404 reward=3 treasury=1 validators=2 burn=0 applied_burn=0 chance_bps=10000
[EMISSION] h=2403 reward=3 treasury=1 validators=2 burn=0 applied_burn=0 chance_bps=10000
[EMISSION] h=2405 reward=3 treasury=1 validators=2 burn=0 applied_burn=0 chance_bps=10000
[EMISSION] h=2402 reward=4 treasury=1 validators=2 burn=1 applied_burn=0 chance_bps=10000
[EMISSION] h=2404 reward=3 treasury=1 validators=2 burn=0 applied_burn=0 chance_bps=10000
[EMISSION] h=2405 reward=3 treasury=1 validators=2 burn=0 applied_burn=0 chance_bps=10000
[EMISSION] h=2404 reward=3 treasury=1 validators=2 burn=0 applied_burn=0 chance_bps=10000
[EMISSION] h=2406 reward=2 treasury=1 validators=1 burn=0 applied_burn=0 chance_bps=10000
[EMISSION] h=2403 reward=3 treasury=1 validators=2 burn=0 applied_burn=0 chance_bps=10000
[EMISSION] h=2405 reward=3 treasury=1 validators=2 burn=0 applied_burn=0 chance_bps=10000
[EMISSION] h=2406 reward=2 treasury=1 validators=1 burn=0 applied_burn=0 chance_bps=10000
[EMISSION] h=2405 reward=3 treasury=1 validators=2 burn=0 applied_burn=0 chance_bps=10000
[EMISSION] h=2404 reward=3 treasury=1 validators=2 burn=0 applied_burn=0 chance_bps=10000
[EMISSION] h=2407 reward=4 treasury=1 validators=2 burn=1 applied_burn=0 chance_bps=10000
[EMISSION] h=2406 reward=2 treasury=1 validators=1 burn=0 applied_burn=0 chance_bps=10000
[EMISSION] h=2406 reward=2 treasury=1 validators=1 burn=0 applied_burn=0 chance_bps=10000
[EMISSION] h=2407 reward=4 treasury=1 validators=2 burn=1 applied_burn=0 chance_bps=10000
[EMISSION] h=2408 reward=4 treasury=1 validators=2 burn=1 applied_burn=0 chance_bps=10000
[EMISSION] h=2407 reward=4 treasury=1 validators=2 burn=1 applied_burn=0 chance_bps=10000
[EMISSION] h=2405 reward=3 treasury=1 validators=2 burn=0 applied_burn=0 chance_bps=10000
[EMISSION] h=2407 reward=4 treasury=1 validators=2 burn=1 applied_burn=0 chance_bps=10000
[EMISSION] h=2408 reward=4 treasury=1 validators=2 burn=1 applied_burn=0 chance_bps=10000
[EMISSION] h=2406 reward=2 treasury=1 validators=1 burn=0 applied_burn=0 chance_bps=10000
[EMISSION] h=2409 reward=3 treasury=1 validators=2 burn=0 applied_burn=0 chance_bps=10000
[EMISSION] h=2408 reward=4 treasury=1 validators=2 burn=1 applied_burn=0 chance_bps=10000
[EMISSION] h=2408 reward=4 treasury=1 validators=2 burn=1 applied_burn=0 chance_bps=10000
[EMISSION] h=2409 reward=3 treasury=1 validators=2 burn=0 applied_burn=0 chance_bps=10000
[EMISSION] h=2407 reward=4 treasury=1 validators=2 burn=1 applied_burn=0 chance_bps=10000
[EMISSION] h=2410 reward=4 treasury=1 validators=2 burn=1 applied_burn=0 chance_bps=10000
[EMISSION] h=2409 reward=3 treasury=1 validators=2 burn=0 applied_burn=0 chance_bps=10000
[EMISSION] h=2409 reward=3 treasury=1 validators=2 burn=0 applied_burn=0 chance_bps=10000
[EMISSION] h=2410 reward=4 treasury=1 validators=2 burn=1 applied_burn=0 chance_bps=10000
[EMISSION] h=2408 reward=4 treasury=1 validators=2 burn=1 applied_burn=0 chance_bps=10000
[EMISSION] h=2411 reward=2 treasury=1 validators=1 burn=0 applied_burn=0 chance_bps=10000
[EMISSION] h=2410 reward=4 treasury=1 validators=2 burn=1 applied_burn=0 chance_bps=10000
[EMISSION] h=2410 reward=4 treasury=1 validators=2 burn=1 applied_burn=0 chance_bps=10000
[EMISSION] h=2411 reward=2 treasury=1 validators=1 burn=0 applied_burn=0 chance_bps=10000
[EMISSION] h=2409 reward=3 treasury=1 validators=2 burn=0 applied_burn=0 chance_bps=10000
[EMISSION] h=2412 reward=2 treasury=1 validators=1 burn=0 applied_burn=0 chance_bps=10000
[EMISSION] h=2411 reward=2 treasury=1 validators=1 burn=0 applied_burn=0 chance_bps=10000
[EMISSION] h=2412 reward=2 treasury=1 validators=1 burn=0 applied_burn=0 chance_bps=10000
[EMISSION] h=2410 reward=4 treasury=1 validators=2 burn=1 applied_burn=0 chance_bps=10000
[EMISSION] h=2411 reward=2 treasury=1 validators=1 burn=0 applied_burn=0 chance_bps=10000
[EMISSION] h=2413 reward=3 treasury=1 validators=2 burn=0 applied_burn=0 chance_bps=10000
[EMISSION] h=2412 reward=2 treasury=1 validators=1 burn=0 applied_burn=0 chance_bps=10000
[EMISSION] h=2413 reward=3 treasury=1 validators=2 burn=0 applied_burn=0 chance_bps=10000
[EMISSION] h=2412 reward=2 treasury=1 validators=1 burn=0 applied_burn=0 chance_bps=10000
[EMISSION] h=2411 reward=2 treasury=1 validators=1 burn=0 applied_burn=0 chance_bps=10000
[EMISSION] h=2414 reward=3 treasury=1 validators=2 burn=0 applied_burn=0 chance_bps=10000
[EMISSION] h=2413 reward=3 treasury=1 validators=2 burn=0 applied_burn=0 chance_bps=10000
[EMISSION] h=2414 reward=3 treasury=1 validators=2 burn=0 applied_burn=0 chance_bps=10000
[EMISSION] h=2413 reward=3 treasury=1 validators=2 burn=0 applied_burn=0 chance_bps=10000
[EMISSION] h=2412 reward=2 treasury=1 validators=1 burn=0 applied_burn=0 chance_bps=10000
[EMISSION] h=2415 reward=2 treasury=1 validators=1 burn=0 applied_burn=0 chance_bps=10000
[EMISSION] h=2414 reward=3 treasury=1 validators=2 burn=0 applied_burn=0 chance_bps=10000
[EMISSION] h=2415 reward=2 treasury=1 validators=1 burn=0 applied_burn=0 chance_bps=10000
[EMISSION] h=2414 reward=3 treasury=1 validators=2 burn=0 applied_burn=0 chance_bps=10000
[EMISSION] h=2413 reward=3 treasury=1 validators=2 burn=0 applied_burn=0 chance_bps=10000
[EMISSION] h=2415 reward=2 treasury=1 validators=1 burn=0 applied_burn=0 chance_bps=10000
[EMISSION] h=2416 reward=3 treasury=1 validators=2 burn=0 applied_burn=0 chance_bps=10000
[EMISSION] h=2415 reward=2 treasury=1 validators=1 burn=0 applied_burn=0 chance_bps=10000
[EMISSION] h=2416 reward=3 treasury=1 validators=2 burn=0 applied_burn=0 chance_bps=10000
[EMISSION] h=2414 reward=3 treasury=1 validators=2 burn=0 applied_burn=0 chance_bps=10000
[EMISSION] h=2416 reward=3 treasury=1 validators=2 burn=0 applied_burn=0 chance_bps=10000
[EMISSION] h=2417 reward=2 treasury=1 validators=1 burn=0 applied_burn=0 chance_bps=10000
[EMISSION] h=2416 reward=3 treasury=1 validators=2 burn=0 applied_burn=0 chance_bps=10000
[EMISSION] h=2415 reward=2 treasury=1 validators=1 burn=0 applied_burn=0 chance_bps=10000
[EMISSION] h=2417 reward=2 treasury=1 validators=1 burn=0 applied_burn=0 chance_bps=10000
2026/05/19 10:25:57 [STARTUP-EXECUTION-SNAPSHOT] action=rebuild begin height=2546
[EMISSION] h=2417 reward=2 treasury=1 validators=1 burn=0 applied_burn=0 chance_bps=10000
2026/05/19 10:25:57 [STARTUP-EXECUTION-SNAPSHOT] action=rebuild resume base=2417 target=2546
[EMISSION] h=2417 reward=2 treasury=1 validators=1 burn=0 applied_burn=0 chance_bps=10000
[EMISSION] h=2418 reward=2 treasury=1 validators=1 burn=0 applied_burn=0 chance_bps=10000
[EMISSION] h=2416 reward=3 treasury=1 validators=2 burn=0 applied_burn=0 chance_bps=10000
[EMISSION] h=2418 reward=2 treasury=1 validators=1 burn=0 applied_burn=0 chance_bps=10000
[EMISSION] h=2417 reward=2 treasury=1 validators=1 burn=0 applied_burn=0 chance_bps=10000
[EMISSION] h=2418 reward=2 treasury=1 validators=1 burn=0 applied_burn=0 chance_bps=10000
[EMISSION] h=2419 reward=2 treasury=1 validators=1 burn=0 applied_burn=0 chance_bps=10000
[EMISSION] h=2417 reward=2 treasury=1 validators=1 burn=0 applied_burn=0 chance_bps=10000
[EMISSION] h=2418 reward=2 treasury=1 validators=1 burn=0 applied_burn=0 chance_bps=10000
[EMISSION] h=2419 reward=2 treasury=1 validators=1 burn=0 applied_burn=0 chance_bps=10000
[EMISSION] h=2418 reward=2 treasury=1 validators=1 burn=0 applied_burn=0 chance_bps=10000
[EMISSION] h=2420 reward=3 treasury=1 validators=2 burn=0 applied_burn=0 chance_bps=10000
[EMISSION] h=2419 reward=2 treasury=1 validators=1 burn=0 applied_burn=0 chance_bps=10000
[EMISSION] h=2418 reward=2 treasury=1 validators=1 burn=0 applied_burn=0 chance_bps=10000
[EMISSION] h=2420 reward=3 treasury=1 validators=2 burn=0 applied_burn=0 chance_bps=10000
[EMISSION] h=2419 reward=2 treasury=1 validators=1 burn=0 applied_burn=0 chance_bps=10000
[EMISSION] h=2421 reward=3 treasury=1 validators=2 burn=0 applied_burn=0 chance_bps=10000
[EMISSION] h=2419 reward=2 treasury=1 validators=1 burn=0 applied_burn=0 chance_bps=10000
[EMISSION] h=2420 reward=3 treasury=1 validators=2 burn=0 applied_burn=0 chance_bps=10000
[EMISSION] h=2419 reward=2 treasury=1 validators=1 burn=0 applied_burn=0 chance_bps=10000
[EMISSION] h=2420 reward=3 treasury=1 validators=2 burn=0 applied_burn=0 chance_bps=10000
[EMISSION] h=2421 reward=3 treasury=1 validators=2 burn=0 applied_burn=0 chance_bps=10000
[EMISSION] h=2422 reward=3 treasury=1 validators=2 burn=0 applied_burn=0 chance_bps=10000
[EMISSION] h=2420 reward=3 treasury=1 validators=2 burn=0 applied_burn=0 chance_bps=10000
[EMISSION] h=2421 reward=3 treasury=1 validators=2 burn=0 applied_burn=0 chance_bps=10000
[EMISSION] h=2420 reward=3 treasury=1 validators=2 burn=0 applied_burn=0 chance_bps=10000
[EMISSION] h=2421 reward=3 treasury=1 validators=2 burn=0 applied_burn=0 chance_bps=10000
[EMISSION] h=2422 reward=3 treasury=1 validators=2 burn=0 applied_burn=0 chance_bps=10000
[EMISSION] h=2422 reward=3 treasury=1 validators=2 burn=0 applied_burn=0 chance_bps=10000
[EMISSION] h=2423 reward=3 treasury=1 validators=2 burn=0 applied_burn=0 chance_bps=10000
[EMISSION] h=2421 reward=3 treasury=1 validators=2 burn=0 applied_burn=0 chance_bps=10000
[EMISSION] h=2421 reward=3 treasury=1 validators=2 burn=0 applied_burn=0 chance_bps=10000
[EMISSION] h=2422 reward=3 treasury=1 validators=2 burn=0 applied_burn=0 chance_bps=10000
[EMISSION] h=2423 reward=3 treasury=1 validators=2 burn=0 applied_burn=0 chance_bps=10000
[EMISSION] h=2424 reward=2 treasury=1 validators=1 burn=0 applied_burn=0 chance_bps=10000
[EMISSION] h=2423 reward=3 treasury=1 validators=2 burn=0 applied_burn=0 chance_bps=10000
[EMISSION] h=2422 reward=3 treasury=1 validators=2 burn=0 applied_burn=0 chance_bps=10000
[EMISSION] h=2424 reward=2 treasury=1 validators=1 burn=0 applied_burn=0 chance_bps=10000
[EMISSION] h=2423 reward=3 treasury=1 validators=2 burn=0 applied_burn=0 chance_bps=10000
[EMISSION] h=2422 reward=3 treasury=1 validators=2 burn=0 applied_burn=0 chance_bps=10000
[EMISSION] h=2425 reward=3 treasury=1 validators=2 burn=0 applied_burn=0 chance_bps=10000
[EMISSION] h=2423 reward=3 treasury=1 validators=2 burn=0 applied_burn=0 chance_bps=10000
[EMISSION] h=2424 reward=2 treasury=1 validators=1 burn=0 applied_burn=0 chance_bps=10000
[EMISSION] h=2424 reward=2 treasury=1 validators=1 burn=0 applied_burn=0 chance_bps=10000
[EMISSION] h=2423 reward=3 treasury=1 validators=2 burn=0 applied_burn=0 chance_bps=10000
[EMISSION] h=2426 reward=4 treasury=1 validators=2 burn=1 applied_burn=0 chance_bps=10000
[EMISSION] h=2425 reward=3 treasury=1 validators=2 burn=0 applied_burn=0 chance_bps=10000
[EMISSION] h=2425 reward=3 treasury=1 validators=2 burn=0 applied_burn=0 chance_bps=10000
[EMISSION] h=2424 reward=2 treasury=1 validators=1 burn=0 applied_burn=0 chance_bps=10000
[EMISSION] h=2425 reward=3 treasury=1 validators=2 burn=0 applied_burn=0 chance_bps=10000
[EMISSION] h=2427 reward=4 treasury=1 validators=2 burn=1 applied_burn=0 chance_bps=10000
[EMISSION] h=2426 reward=4 treasury=1 validators=2 burn=1 applied_burn=0 chance_bps=10000
[EMISSION] h=2424 reward=2 treasury=1 validators=1 burn=0 applied_burn=0 chance_bps=10000
[EMISSION] h=2425 reward=3 treasury=1 validators=2 burn=0 applied_burn=0 chance_bps=10000
[EMISSION] h=2426 reward=4 treasury=1 validators=2 burn=1 applied_burn=0 chance_bps=10000
[EMISSION] h=2428 reward=2 treasury=1 validators=1 burn=0 applied_burn=0 chance_bps=10000
[EMISSION] h=2426 reward=4 treasury=1 validators=2 burn=1 applied_burn=0 chance_bps=10000
[EMISSION] h=2427 reward=4 treasury=1 validators=2 burn=1 applied_burn=0 chance_bps=10000
Validator heartbeat received: B | reported_height=2546 | finalized_height=2546 | local_exec_epoch=2547
Pubkey override (testnet) for validator D
Validator registered | id=D addr=/ip4/127.0.0.1/tcp/7004/p2p/12D3KooWE7bMkbbpLoSHKB43JdTZm9zkgqvf1iCQdGAqFFBDa42W
[EMISSION] h=2425 reward=3 treasury=1 validators=2 burn=0 applied_burn=0 chance_bps=10000
[EMISSION] h=2426 reward=4 treasury=1 validators=2 burn=1 applied_burn=0 chance_bps=10000
[EMISSION] h=2429 reward=3 treasury=1 validators=2 burn=0 applied_burn=0 chance_bps=10000
[EMISSION] h=2427 reward=4 treasury=1 validators=2 burn=1 applied_burn=0 chance_bps=10000
[EMISSION] h=2427 reward=4 treasury=1 validators=2 burn=1 applied_burn=0 chance_bps=10000
[EMISSION] h=2428 reward=2 treasury=1 validators=1 burn=0 applied_burn=0 chance_bps=10000
[EMISSION] h=2426 reward=4 treasury=1 validators=2 burn=1 applied_burn=0 chance_bps=10000
[EMISSION] h=2427 reward=4 treasury=1 validators=2 burn=1 applied_burn=0 chance_bps=10000
[EMISSION] h=2430 reward=2 treasury=1 validators=1 burn=0 applied_burn=0 chance_bps=10000
[EMISSION] h=2428 reward=2 treasury=1 validators=1 burn=0 applied_burn=0 chance_bps=10000
[EMISSION] h=2428 reward=2 treasury=1 validators=1 burn=0 applied_burn=0 chance_bps=10000
[EMISSION] h=2429 reward=3 treasury=1 validators=2 burn=0 applied_burn=0 chance_bps=10000
[EMISSION] h=2428 reward=2 treasury=1 validators=1 burn=0 applied_burn=0 chance_bps=10000
[EMISSION] h=2431 reward=4 treasury=1 validators=2 burn=1 applied_burn=0 chance_bps=10000
[EMISSION] h=2427 reward=4 treasury=1 validators=2 burn=1 applied_burn=0 chance_bps=10000
[EMISSION] h=2429 reward=3 treasury=1 validators=2 burn=0 applied_burn=0 chance_bps=10000
[EMISSION] h=2429 reward=3 treasury=1 validators=2 burn=0 applied_burn=0 chance_bps=10000
[EMISSION] h=2430 reward=2 treasury=1 validators=1 burn=0 applied_burn=0 chance_bps=10000
[EMISSION] h=2428 reward=2 treasury=1 validators=1 burn=0 applied_burn=0 chance_bps=10000
[EMISSION] h=2429 reward=3 treasury=1 validators=2 burn=0 applied_burn=0 chance_bps=10000
[EMISSION] h=2432 reward=4 treasury=1 validators=2 burn=1 applied_burn=0 chance_bps=10000
[EMISSION] h=2430 reward=2 treasury=1 validators=1 burn=0 applied_burn=0 chance_bps=10000
[EMISSION] h=2430 reward=2 treasury=1 validators=1 burn=0 applied_burn=0 chance_bps=10000
[EMISSION] h=2431 reward=4 treasury=1 validators=2 burn=1 applied_burn=0 chance_bps=10000
[EMISSION] h=2429 reward=3 treasury=1 validators=2 burn=0 applied_burn=0 chance_bps=10000
[EMISSION] h=2430 reward=2 treasury=1 validators=1 burn=0 applied_burn=0 chance_bps=10000
[EMISSION] h=2431 reward=4 treasury=1 validators=2 burn=1 applied_burn=0 chance_bps=10000
[EMISSION] h=2432 reward=4 treasury=1 validators=2 burn=1 applied_burn=0 chance_bps=10000
[EMISSION] h=2430 reward=2 treasury=1 validators=1 burn=0 applied_burn=0 chance_bps=10000
[EMISSION] h=2431 reward=4 treasury=1 validators=2 burn=1 applied_burn=0 chance_bps=10000
[EMISSION] h=2432 reward=4 treasury=1 validators=2 burn=1 applied_burn=0 chance_bps=10000
[EMISSION] h=2431 reward=4 treasury=1 validators=2 burn=1 applied_burn=0 chance_bps=10000
[EMISSION] h=2431 reward=4 treasury=1 validators=2 burn=1 applied_burn=0 chance_bps=10000
[EMISSION] h=2432 reward=4 treasury=1 validators=2 burn=1 applied_burn=0 chance_bps=10000
[EMISSION] h=2432 reward=4 treasury=1 validators=2 burn=1 applied_burn=0 chance_bps=10000
[EMISSION] h=2433 reward=2 treasury=1 validators=1 burn=0 applied_burn=0 chance_bps=10000
[EMISSION] h=2432 reward=4 treasury=1 validators=2 burn=1 applied_burn=0 chance_bps=10000
[EMISSION] h=2433 reward=2 treasury=1 validators=1 burn=0 applied_burn=0 chance_bps=10000
[EMISSION] h=2433 reward=2 treasury=1 validators=1 burn=0 applied_burn=0 chance_bps=10000
[EMISSION] h=2433 reward=2 treasury=1 validators=1 burn=0 applied_burn=0 chance_bps=10000
[EMISSION] h=2433 reward=2 treasury=1 validators=1 burn=0 applied_burn=0 chance_bps=10000
[EMISSION] h=2434 reward=2 treasury=1 validators=1 burn=0 applied_burn=0 chance_bps=10000
[EMISSION] h=2433 reward=2 treasury=1 validators=1 burn=0 applied_burn=0 chance_bps=10000
[EMISSION] h=2434 reward=2 treasury=1 validators=1 burn=0 applied_burn=0 chance_bps=10000
[EMISSION] h=2435 reward=2 treasury=1 validators=1 burn=0 applied_burn=0 chance_bps=10000
[EMISSION] h=2434 reward=2 treasury=1 validators=1 burn=0 applied_burn=0 chance_bps=10000
[EMISSION] h=2434 reward=2 treasury=1 validators=1 burn=0 applied_burn=0 chance_bps=10000
[EMISSION] h=2434 reward=2 treasury=1 validators=1 burn=0 applied_burn=0 chance_bps=10000
[EMISSION] h=2434 reward=2 treasury=1 validators=1 burn=0 applied_burn=0 chance_bps=10000
[EMISSION] h=2435 reward=2 treasury=1 validators=1 burn=0 applied_burn=0 chance_bps=10000
[EMISSION] h=2436 reward=4 treasury=1 validators=2 burn=1 applied_burn=0 chance_bps=10000
[EMISSION] h=2435 reward=2 treasury=1 validators=1 burn=0 applied_burn=0 chance_bps=10000
[EMISSION] h=2436 reward=4 treasury=1 validators=2 burn=1 applied_burn=0 chance_bps=10000
[EMISSION] h=2435 reward=2 treasury=1 validators=1 burn=0 applied_burn=0 chance_bps=10000
[EMISSION] h=2435 reward=2 treasury=1 validators=1 burn=0 applied_burn=0 chance_bps=10000
[EMISSION] h=2435 reward=2 treasury=1 validators=1 burn=0 applied_burn=0 chance_bps=10000
[EMISSION] h=2437 reward=4 treasury=1 validators=2 burn=1 applied_burn=0 chance_bps=10000
[EMISSION] h=2436 reward=4 treasury=1 validators=2 burn=1 applied_burn=0 chance_bps=10000
[EMISSION] h=2437 reward=4 treasury=1 validators=2 burn=1 applied_burn=0 chance_bps=10000
[EMISSION] h=2436 reward=4 treasury=1 validators=2 burn=1 applied_burn=0 chance_bps=10000
[EMISSION] h=2436 reward=4 treasury=1 validators=2 burn=1 applied_burn=0 chance_bps=10000
[EMISSION] h=2437 reward=4 treasury=1 validators=2 burn=1 applied_burn=0 chance_bps=10000
[EMISSION] h=2438 reward=4 treasury=1 validators=2 burn=1 applied_burn=0 chance_bps=10000
[EMISSION] h=2436 reward=4 treasury=1 validators=2 burn=1 applied_burn=0 chance_bps=10000
[EMISSION] h=2437 reward=4 treasury=1 validators=2 burn=1 applied_burn=0 chance_bps=10000
[EMISSION] h=2438 reward=4 treasury=1 validators=2 burn=1 applied_burn=0 chance_bps=10000
[EMISSION] h=2437 reward=4 treasury=1 validators=2 burn=1 applied_burn=0 chance_bps=10000
[EMISSION] h=2438 reward=4 treasury=1 validators=2 burn=1 applied_burn=0 chance_bps=10000
[EMISSION] h=2437 reward=4 treasury=1 validators=2 burn=1 applied_burn=0 chance_bps=10000
[EMISSION] h=2439 reward=2 treasury=1 validators=1 burn=0 applied_burn=0 chance_bps=10000
[EMISSION] h=2438 reward=4 treasury=1 validators=2 burn=1 applied_burn=0 chance_bps=10000
[EMISSION] h=2439 reward=2 treasury=1 validators=1 burn=0 applied_burn=0 chance_bps=10000
[EMISSION] h=2438 reward=4 treasury=1 validators=2 burn=1 applied_burn=0 chance_bps=10000
[EMISSION] h=2439 reward=2 treasury=1 validators=1 burn=0 applied_burn=0 chance_bps=10000
[EMISSION] h=2438 reward=4 treasury=1 validators=2 burn=1 applied_burn=0 chance_bps=10000
[EMISSION] h=2440 reward=4 treasury=1 validators=2 burn=1 applied_burn=0 chance_bps=10000
[EMISSION] h=2439 reward=2 treasury=1 validators=1 burn=0 applied_burn=0 chance_bps=10000
[EMISSION] h=2439 reward=2 treasury=1 validators=1 burn=0 applied_burn=0 chance_bps=10000
[EMISSION] h=2440 reward=4 treasury=1 validators=2 burn=1 applied_burn=0 chance_bps=10000
[EMISSION] h=2440 reward=4 treasury=1 validators=2 burn=1 applied_burn=0 chance_bps=10000
[EMISSION] h=2439 reward=2 treasury=1 validators=1 burn=0 applied_burn=0 chance_bps=10000
[EMISSION] h=2441 reward=3 treasury=1 validators=2 burn=0 applied_burn=0 chance_bps=10000
[EMISSION] h=2440 reward=4 treasury=1 validators=2 burn=1 applied_burn=0 chance_bps=10000
[EMISSION] h=2441 reward=3 treasury=1 validators=2 burn=0 applied_burn=0 chance_bps=10000
[EMISSION] h=2440 reward=4 treasury=1 validators=2 burn=1 applied_burn=0 chance_bps=10000
[EMISSION] h=2441 reward=3 treasury=1 validators=2 burn=0 applied_burn=0 chance_bps=10000
[EMISSION] h=2440 reward=4 treasury=1 validators=2 burn=1 applied_burn=0 chance_bps=10000
[EMISSION] h=2442 reward=2 treasury=1 validators=1 burn=0 applied_burn=0 chance_bps=10000
[EMISSION] h=2441 reward=3 treasury=1 validators=2 burn=0 applied_burn=0 chance_bps=10000
[EMISSION] h=2442 reward=2 treasury=1 validators=1 burn=0 applied_burn=0 chance_bps=10000
[EMISSION] h=2441 reward=3 treasury=1 validators=2 burn=0 applied_burn=0 chance_bps=10000
[EMISSION] h=2442 reward=2 treasury=1 validators=1 burn=0 applied_burn=0 chance_bps=10000
[EMISSION] h=2443 reward=3 treasury=1 validators=2 burn=0 applied_burn=0 chance_bps=10000
Candidate heartbeat received: D | reported_height=2330 | finalized_height=2330 | local_exec_epoch=2331
[EMISSION] h=2441 reward=3 treasury=1 validators=2 burn=0 applied_burn=0 chance_bps=10000
[EMISSION] h=2443 reward=3 treasury=1 validators=2 burn=0 applied_burn=0 chance_bps=10000
[EMISSION] h=2442 reward=2 treasury=1 validators=1 burn=0 applied_burn=0 chance_bps=10000
[EMISSION] h=2443 reward=3 treasury=1 validators=2 burn=0 applied_burn=0 chance_bps=10000
[EMISSION] h=2442 reward=2 treasury=1 validators=1 burn=0 applied_burn=0 chance_bps=10000
[EMISSION] h=2444 reward=4 treasury=1 validators=2 burn=1 applied_burn=0 chance_bps=10000
[EMISSION] h=2442 reward=2 treasury=1 validators=1 burn=0 applied_burn=0 chance_bps=10000
[EMISSION] h=2444 reward=4 treasury=1 validators=2 burn=1 applied_burn=0 chance_bps=10000
[EMISSION] h=2443 reward=3 treasury=1 validators=2 burn=0 applied_burn=0 chance_bps=10000
[EMISSION] h=2444 reward=4 treasury=1 validators=2 burn=1 applied_burn=0 chance_bps=10000
[EMISSION] h=2443 reward=3 treasury=1 validators=2 burn=0 applied_burn=0 chance_bps=10000
[EMISSION] h=2445 reward=2 treasury=1 validators=1 burn=0 applied_burn=0 chance_bps=10000
[EMISSION] h=2443 reward=3 treasury=1 validators=2 burn=0 applied_burn=0 chance_bps=10000
[EMISSION] h=2445 reward=2 treasury=1 validators=1 burn=0 applied_burn=0 chance_bps=10000
[EMISSION] h=2444 reward=4 treasury=1 validators=2 burn=1 applied_burn=0 chance_bps=10000
[EMISSION] h=2445 reward=2 treasury=1 validators=1 burn=0 applied_burn=0 chance_bps=10000
[EMISSION] h=2446 reward=4 treasury=1 validators=2 burn=1 applied_burn=0 chance_bps=10000
[EMISSION] h=2444 reward=4 treasury=1 validators=2 burn=1 applied_burn=0 chance_bps=10000
[EMISSION] h=2444 reward=4 treasury=1 validators=2 burn=1 applied_burn=0 chance_bps=10000
[EMISSION] h=2446 reward=4 treasury=1 validators=2 burn=1 applied_burn=0 chance_bps=10000
[EMISSION] h=2445 reward=2 treasury=1 validators=1 burn=0 applied_burn=0 chance_bps=10000
[EMISSION] h=2446 reward=4 treasury=1 validators=2 burn=1 applied_burn=0 chance_bps=10000
[EMISSION] h=2447 reward=3 treasury=1 validators=2 burn=0 applied_burn=0 chance_bps=10000
[EMISSION] h=2445 reward=2 treasury=1 validators=1 burn=0 applied_burn=0 chance_bps=10000
[EMISSION] h=2447 reward=3 treasury=1 validators=2 burn=0 applied_burn=0 chance_bps=10000
[REGISTRY-COMMITMENT-CHECK] height=2547 required=true parent_unanchored=false source=chain_parent_commitment expected=9cd32df6 got=9cd32df6
[EMISSION] h=2445 reward=2 treasury=1 validators=1 burn=0 applied_burn=0 chance_bps=10000
[EMISSION] h=2446 reward=4 treasury=1 validators=2 burn=1 applied_burn=0 chance_bps=10000
[EMISSION] h=2447 reward=3 treasury=1 validators=2 burn=0 applied_burn=0 chance_bps=10000
[EMISSION] h=2448 reward=2 treasury=1 validators=1 burn=0 applied_burn=0 chance_bps=10000
[EMISSION] h=2446 reward=4 treasury=1 validators=2 burn=1 applied_burn=0 chance_bps=10000
[EMISSION] h=2448 reward=2 treasury=1 validators=1 burn=0 applied_burn=0 chance_bps=10000
[EMISSION] h=2446 reward=4 treasury=1 validators=2 burn=1 applied_burn=0 chance_bps=10000
[EMISSION] h=2447 reward=3 treasury=1 validators=2 burn=0 applied_burn=0 chance_bps=10000
[EMISSION] h=2448 reward=2 treasury=1 validators=1 burn=0 applied_burn=0 chance_bps=10000
[EMISSION] h=2449 reward=3 treasury=1 validators=2 burn=0 applied_burn=0 chance_bps=10000
[EMISSION] h=2447 reward=3 treasury=1 validators=2 burn=0 applied_burn=0 chance_bps=10000
[EMISSION] h=2449 reward=3 treasury=1 validators=2 burn=0 applied_burn=0 chance_bps=10000
[EMISSION] h=2448 reward=2 treasury=1 validators=1 burn=0 applied_burn=0 chance_bps=10000
[EMISSION] h=2447 reward=3 treasury=1 validators=2 burn=0 applied_burn=0 chance_bps=10000
[EMISSION] h=2449 reward=3 treasury=1 validators=2 burn=0 applied_burn=0 chance_bps=10000
[EMISSION] h=2450 reward=2 treasury=1 validators=1 burn=0 applied_burn=0 chance_bps=10000
[EMISSION] h=2448 reward=2 treasury=1 validators=1 burn=0 applied_burn=0 chance_bps=10000
[EMISSION] h=2450 reward=2 treasury=1 validators=1 burn=0 applied_burn=0 chance_bps=10000
[EMISSION] h=2449 reward=3 treasury=1 validators=2 burn=0 applied_burn=0 chance_bps=10000
[EMISSION] h=2450 reward=2 treasury=1 validators=1 burn=0 applied_burn=0 chance_bps=10000
[EMISSION] h=2448 reward=2 treasury=1 validators=1 burn=0 applied_burn=0 chance_bps=10000
[EMISSION] h=2449 reward=3 treasury=1 validators=2 burn=0 applied_burn=0 chance_bps=10000
[EMISSION] h=2451 reward=2 treasury=1 validators=1 burn=0 applied_burn=0 chance_bps=10000
[EMISSION] h=2450 reward=2 treasury=1 validators=1 burn=0 applied_burn=0 chance_bps=10000
[EMISSION] h=2451 reward=2 treasury=1 validators=1 burn=0 applied_burn=0 chance_bps=10000
[EMISSION] h=2451 reward=2 treasury=1 validators=1 burn=0 applied_burn=0 chance_bps=10000
[EMISSION] h=2449 reward=3 treasury=1 validators=2 burn=0 applied_burn=0 chance_bps=10000
[EMISSION] h=2450 reward=2 treasury=1 validators=1 burn=0 applied_burn=0 chance_bps=10000
[EMISSION] h=2452 reward=3 treasury=1 validators=2 burn=0 applied_burn=0 chance_bps=10000
[EMISSION] h=2451 reward=2 treasury=1 validators=1 burn=0 applied_burn=0 chance_bps=10000
[EXEC-QUORUM] height=2547 strict=3 relaxed=2 total=4 live=2 stall=21s
[EMISSION] h=2452 reward=3 treasury=1 validators=2 burn=0 applied_burn=0 chance_bps=10000
[EMISSION] h=2452 reward=3 treasury=1 validators=2 burn=0 applied_burn=0 chance_bps=10000
[EMISSION] h=2450 reward=2 treasury=1 validators=1 burn=0 applied_burn=0 chance_bps=10000
[EMISSION] h=2451 reward=2 treasury=1 validators=1 burn=0 applied_burn=0 chance_bps=10000
[EMISSION] h=2453 reward=3 treasury=1 validators=2 burn=0 applied_burn=0 chance_bps=10000
[EMISSION] h=2452 reward=3 treasury=1 validators=2 burn=0 applied_burn=0 chance_bps=10000
[EMISSION] h=2451 reward=2 treasury=1 validators=1 burn=0 applied_burn=0 chance_bps=10000
[EMISSION] h=2453 reward=3 treasury=1 validators=2 burn=0 applied_burn=0 chance_bps=10000
[EMISSION] h=2452 reward=3 treasury=1 validators=2 burn=0 applied_burn=0 chance_bps=10000
[EMISSION] h=2453 reward=3 treasury=1 validators=2 burn=0 applied_burn=0 chance_bps=10000
[EMISSION] h=2454 reward=4 treasury=1 validators=2 burn=1 applied_burn=0 chance_bps=10000
[EMISSION] h=2453 reward=3 treasury=1 validators=2 burn=0 applied_burn=0 chance_bps=10000
[EMISSION] h=2454 reward=4 treasury=1 validators=2 burn=1 applied_burn=0 chance_bps=10000
[EMISSION] h=2452 reward=3 treasury=1 validators=2 burn=0 applied_burn=0 chance_bps=10000
[EMISSION] h=2453 reward=3 treasury=1 validators=2 burn=0 applied_burn=0 chance_bps=10000
[EMISSION] h=2454 reward=4 treasury=1 validators=2 burn=1 applied_burn=0 chance_bps=10000
[EMISSION] h=2455 reward=2 treasury=1 validators=1 burn=0 applied_burn=0 chance_bps=10000
Candidate heartbeat received: D | reported_height=2330 | finalized_height=2330 | local_exec_epoch=2331
[EMISSION] h=2454 reward=4 treasury=1 validators=2 burn=1 applied_burn=0 chance_bps=10000
[EMISSION] h=2455 reward=2 treasury=1 validators=1 burn=0 applied_burn=0 chance_bps=10000
Validator heartbeat received: B | reported_height=2546 | finalized_height=2546 | local_exec_epoch=2547
[SNAPSHOT-PUBLISH] deferred height=2546 reason=auto_publish_interval_10
[EMISSION] h=2453 reward=3 treasury=1 validators=2 burn=0 applied_burn=0 chance_bps=10000
[EMISSION] h=2454 reward=4 treasury=1 validators=2 burn=1 applied_burn=0 chance_bps=10000
[EMISSION] h=2456 reward=4 treasury=1 validators=2 burn=1 applied_burn=0 chance_bps=10000
[EMISSION] h=2455 reward=2 treasury=1 validators=1 burn=0 applied_burn=0 chance_bps=10000
[EMISSION] h=2455 reward=2 treasury=1 validators=1 burn=0 applied_burn=0 chance_bps=10000
[EMISSION] h=2454 reward=4 treasury=1 validators=2 burn=1 applied_burn=0 chance_bps=10000
[EMISSION] h=2456 reward=4 treasury=1 validators=2 burn=1 applied_burn=0 chance_bps=10000
[EMISSION] h=2455 reward=2 treasury=1 validators=1 burn=0 applied_burn=0 chance_bps=10000
[EMISSION] h=2456 reward=4 treasury=1 validators=2 burn=1 applied_burn=0 chance_bps=10000
[EMISSION] h=2457 reward=3 treasury=1 validators=2 burn=0 applied_burn=0 chance_bps=10000
[EMISSION] h=2455 reward=2 treasury=1 validators=1 burn=0 applied_burn=0 chance_bps=10000
[EMISSION] h=2457 reward=3 treasury=1 validators=2 burn=0 applied_burn=0 chance_bps=10000
[EMISSION] h=2456 reward=4 treasury=1 validators=2 burn=1 applied_burn=0 chance_bps=10000
[EMISSION] h=2456 reward=4 treasury=1 validators=2 burn=1 applied_burn=0 chance_bps=10000
[EMISSION] h=2457 reward=3 treasury=1 validators=2 burn=0 applied_burn=0 chance_bps=10000
[EMISSION] h=2458 reward=3 treasury=1 validators=2 burn=0 applied_burn=0 chance_bps=10000
[EMISSION] h=2456 reward=4 treasury=1 validators=2 burn=1 applied_burn=0 chance_bps=10000
[EMISSION] h=2457 reward=3 treasury=1 validators=2 burn=0 applied_burn=0 chance_bps=10000
[EMISSION] h=2458 reward=3 treasury=1 validators=2 burn=0 applied_burn=0 chance_bps=10000
[EMISSION] h=2457 reward=3 treasury=1 validators=2 burn=0 applied_burn=0 chance_bps=10000
[EMISSION] h=2458 reward=3 treasury=1 validators=2 burn=0 applied_burn=0 chance_bps=10000
[EMISSION] h=2459 reward=3 treasury=1 validators=2 burn=0 applied_burn=0 chance_bps=10000
[EMISSION] h=2458 reward=3 treasury=1 validators=2 burn=0 applied_burn=0 chance_bps=10000
[EMISSION] h=2457 reward=3 treasury=1 validators=2 burn=0 applied_burn=0 chance_bps=10000
[EMISSION] h=2459 reward=3 treasury=1 validators=2 burn=0 applied_burn=0 chance_bps=10000
[EMISSION] h=2458 reward=3 treasury=1 validators=2 burn=0 applied_burn=0 chance_bps=10000
[EMISSION] h=2459 reward=3 treasury=1 validators=2 burn=0 applied_burn=0 chance_bps=10000
[EMISSION] h=2458 reward=3 treasury=1 validators=2 burn=0 applied_burn=0 chance_bps=10000
[EMISSION] h=2460 reward=2 treasury=1 validators=1 burn=0 applied_burn=0 chance_bps=10000
[EMISSION] h=2460 reward=2 treasury=1 validators=1 burn=0 applied_burn=0 chance_bps=10000
[EMISSION] h=2459 reward=3 treasury=1 validators=2 burn=0 applied_burn=0 chance_bps=10000
[EMISSION] h=2460 reward=2 treasury=1 validators=1 burn=0 applied_burn=0 chance_bps=10000
[EMISSION] h=2459 reward=3 treasury=1 validators=2 burn=0 applied_burn=0 chance_bps=10000
[EMISSION] h=2459 reward=3 treasury=1 validators=2 burn=0 applied_burn=0 chance_bps=10000
[EMISSION] h=2461 reward=3 treasury=1 validators=2 burn=0 applied_burn=0 chance_bps=10000
[EMISSION] h=2460 reward=2 treasury=1 validators=1 burn=0 applied_burn=0 chance_bps=10000
[EMISSION] h=2461 reward=3 treasury=1 validators=2 burn=0 applied_burn=0 chance_bps=10000
[EMISSION] h=2461 reward=3 treasury=1 validators=2 burn=0 applied_burn=0 chance_bps=10000
[EMISSION] h=2460 reward=2 treasury=1 validators=1 burn=0 applied_burn=0 chance_bps=10000
[EMISSION] h=2460 reward=2 treasury=1 validators=1 burn=0 applied_burn=0 chance_bps=10000
[EMISSION] h=2462 reward=3 treasury=1 validators=2 burn=0 applied_burn=0 chance_bps=10000
[EMISSION] h=2461 reward=3 treasury=1 validators=2 burn=0 applied_burn=0 chance_bps=10000
[EMISSION] h=2462 reward=3 treasury=1 validators=2 burn=0 applied_burn=0 chance_bps=10000
[EMISSION] h=2461 reward=3 treasury=1 validators=2 burn=0 applied_burn=0 chance_bps=10000
[EMISSION] h=2462 reward=3 treasury=1 validators=2 burn=0 applied_burn=0 chance_bps=10000
[EMISSION] h=2461 reward=3 treasury=1 validators=2 burn=0 applied_burn=0 chance_bps=10000
[EMISSION] h=2462 reward=3 treasury=1 validators=2 burn=0 applied_burn=0 chance_bps=10000
[EMISSION] h=2463 reward=4 treasury=1 validators=2 burn=1 applied_burn=0 chance_bps=10000
[EMISSION] h=2463 reward=4 treasury=1 validators=2 burn=1 applied_burn=0 chance_bps=10000
[EMISSION] h=2464 reward=3 treasury=1 validators=2 burn=0 applied_burn=0 chance_bps=10000
2026/05/19 10:26:00 [STARTUP-EXECUTION-SNAPSHOT] action=rebuild parent_model=legacy_raw_parent base=2464 next=2465 raw=4d3dc825 post=916d2e62
[EMISSION] h=2463 reward=4 treasury=1 validators=2 burn=1 applied_burn=0 chance_bps=10000
[EMISSION] h=2462 reward=3 treasury=1 validators=2 burn=0 applied_burn=0 chance_bps=10000
[EMISSION] h=2462 reward=3 treasury=1 validators=2 burn=0 applied_burn=0 chance_bps=10000
[EMISSION] h=2463 reward=4 treasury=1 validators=2 burn=1 applied_burn=0 chance_bps=10000
[EMISSION] h=2464 reward=3 treasury=1 validators=2 burn=0 applied_burn=0 chance_bps=10000
[EMISSION] h=2465 reward=3 treasury=1 validators=2 burn=0 applied_burn=0 chance_bps=10000
[EMISSION] h=2464 reward=3 treasury=1 validators=2 burn=0 applied_burn=0 chance_bps=10000
2026/05/19 10:26:00 [STARTUP-EXECUTION-SNAPSHOT] action=rebuild parent_model=legacy_raw_parent base=2465 next=2466 raw=2f5acded post=d24da173
[EMISSION] h=2464 reward=3 treasury=1 validators=2 burn=0 applied_burn=0 chance_bps=10000
[EMISSION] h=2463 reward=4 treasury=1 validators=2 burn=1 applied_burn=0 chance_bps=10000
[EMISSION] h=2463 reward=4 treasury=1 validators=2 burn=1 applied_burn=0 chance_bps=10000
[EMISSION] h=2465 reward=3 treasury=1 validators=2 burn=0 applied_burn=0 chance_bps=10000
[EMISSION] h=2465 reward=3 treasury=1 validators=2 burn=0 applied_burn=0 chance_bps=10000
[EMISSION] h=2465 reward=3 treasury=1 validators=2 burn=0 applied_burn=0 chance_bps=10000
[EMISSION] h=2464 reward=3 treasury=1 validators=2 burn=0 applied_burn=0 chance_bps=10000
[EMISSION] h=2466 reward=2 treasury=1 validators=1 burn=0 applied_burn=1 chance_bps=10000
2026/05/19 10:26:00 [STARTUP-EXECUTION-SNAPSHOT] action=rebuild status=failed height=2546 err=create_snapshot_failed height=2467 err=execution_snapshot_ledger_unavailable height=2467
[EMISSION] h=2466 reward=2 treasury=1 validators=1 burn=0 applied_burn=1 chance_bps=10000
[STARTUP-PRECHECK] waiting reason=startup_execution_snapshot_rebuild_failed_h_2546 target=2547
[EMISSION] h=2464 reward=3 treasury=1 validators=2 burn=0 applied_burn=0 chance_bps=10000
2026/05/19 10:26:00 [REGISTRY-HISTORY-REBUILD] height=2546 status=failed err=create_snapshot_failed height=2467 err=execution_snapshot_ledger_unavailable height=2467
2026/05/19 10:26:00 [REGISTRY-HISTORY-REBUILD] height=2546 status=failed reason=consensus_set_unresolved
[EMISSION] h=2466 reward=2 treasury=1 validators=1 burn=0 applied_burn=1 chance_bps=10000
[EMISSION] h=2465 reward=3 treasury=1 validators=2 burn=0 applied_burn=0 chance_bps=10000
[SNAPSHOT-FETCH] height=2546 reason=startup source=peers
[EMISSION] h=2466 reward=2 treasury=1 validators=1 burn=0 applied_burn=1 chance_bps=10000
Candidate heartbeat received: D | reported_height=2330 | finalized_height=2330 | local_exec_epoch=2331
[EMISSION] h=2465 reward=3 treasury=1 validators=2 burn=0 applied_burn=0 chance_bps=10000
[EMISSION] h=2466 reward=2 treasury=1 validators=1 burn=0 applied_burn=1 chance_bps=10000
2026/05/19 10:26:00 [STARTUP-EXECUTION-SNAPSHOT] action=rebuild async_wait height=2546 trigger=local_history_ready reason=startup_execution_snapshot_rebuild_failed_h_2546
Candidate heartbeat received: D | reported_height=2331 | finalized_height=2331 | local_exec_epoch=2332
Validator heartbeat: B | reported_height=2546 | finalized_height=2546 | local_exec_epoch=2547
[EMISSION] h=2466 reward=2 treasury=1 validators=1 burn=0 applied_burn=1 chance_bps=10000
Blocked leader broadcast @ epoch 2547: proposal gated: startup_execution_snapshot_rebuild_failed_h_2546
2026/05/19 10:26:00 [EXEC-BROADCAST-DEFER] validator=C height=2547 reason=exec_changed exec=1e5aa924 tx_merkle= current_runtime=ab74f64c current_execution=ab74f64c current_tip=2546/8da4f6f5 proposal=2547|0|f53eb382be434e238dc175666a5392d5e07e9dabfe186e770933510402bee0bc||1e5aa924c655edd2cb77c5aec6587a768a93798e543624a31ae02465c9320006 block=f53eb382 prev=8da4f6f5
2026/05/19 10:26:00 [STARTUP-EXECUTION-SNAPSHOT] action=rebuild schedule height=2546 reason=prior_rebuild_failed_local_history_ready
[EMISSION] h=2466 reward=2 treasury=1 validators=1 burn=0 applied_burn=1 chance_bps=10000
2026/05/19 10:26:00 [STARTUP-EXECUTION-SNAPSHOT] action=rebuild resume base=2466 target=2546
[SNAPSHOT-PROVIDERS] 12D3KooW(rep=0.50,class=degraded) 12D3KooW(rep=0.50,class=degraded)
2026/05/19 10:26:00 [SYNC-FALLBACK] relaxed_snapshot_proof=enabled reason=snapshot_anchor_unreachable
[SNAPSHOT-QUORUM] waiting checkpoint=2528 votes=0/3 reason=snapshot_anchor_unreachable frozen=2546 candidate=0 target=2546 retries=1 proof_cache=false strict=map[checkpoint_proof_invalid:2 snapshot_anchor_unreachable:1]
2026/05/19 10:26:00 [SNAPSHOT-FETCH] height=2546 reason=startup source=peers status=failed err=validator_quorum: no quorum-reachable snapshot candidate
2026/05/19 10:26:00 [WARN] committed tip snapshot materialization failed height=2546 reason=startup err=create_snapshot_failed reason=startup err=create_snapshot_failed height=2467 err=execution_snapshot_ledger_unavailable height=2467
2026/05/19 10:26:00 [WARN] startup committed snapshot unresolved height=2546
2026/05/19 10:26:00 [SNAPSHOT-SESSION] participation_bypass height=2547 local_height=2546 target=2546 stage=PROVIDER_ROTATE retries=1
[EXEC-QUORUM] height=2547 strict=3 relaxed=2 total=4 live=2 stall=22s
Candidate heartbeat received: D | reported_height=2330 | finalized_height=2330 | local_exec_epoch=2331
2026/05/19 10:26:01 [EXEC-BROADCAST-DEFER] validator=C height=2547 reason=syncing trigger=exec_match block=f53eb382 prev=8da4f6f5
[EXEC-HASH] hint=2547 from=A exec=1e5aa924
Execution hash received: A @ epoch 2547
Candidate heartbeat received: D | reported_height=2331 | finalized_height=2331 | local_exec_epoch=2332
Validator heartbeat: B | reported_height=2546 | finalized_height=2546 | local_exec_epoch=2547
Validator heartbeat received: B | reported_height=2546 | finalized_height=2546 | local_exec_epoch=2547
Validator heartbeat: A | reported_height=2546 | finalized_height=2546 | local_exec_epoch=2547
Validator heartbeat: C | reported_height=2546 | finalized_height=2546 | local_exec_epoch=2547
Heartbeat sent: C finalized=2546 epoch=2547
[EMISSION] h=2466 reward=2 treasury=1 validators=1 burn=0 applied_burn=1 chance_bps=10000
Blocked leader broadcast @ epoch 2547: proposal gated: startup_execution_snapshot_rebuild_failed_h_2546
2026/05/19 10:26:02 [EXEC-BROADCAST-DEFER] validator=C height=2547 reason=exec_changed exec=1e5aa924 tx_merkle= current_runtime=ab74f64c current_execution=ab74f64c current_tip=2546/8da4f6f5 proposal=2547|0|f53eb382be434e238dc175666a5392d5e07e9dabfe186e770933510402bee0bc||1e5aa924c655edd2cb77c5aec6587a768a93798e543624a31ae02465c9320006 block=f53eb382 prev=8da4f6f5
[EXEC-QUORUM] height=2547 strict=3 relaxed=2 total=4 live=2 stall=24s
2026/05/19 10:26:02 [VOTE-ACCEPT] reason=recorded signer=A height=2547 round=0 vote_block=f53eb382 current_block=f53eb382 proposal=2547|0|f53eb382be434e238dc175666a5392d5e07e9dabfe186e770933510402bee0bc||1e5aa924c655edd2cb77c5aec6587a768a93798e543624a31ae02465c9320006 exec=1e5aa924 tx_merkle= votes=2 required=2
[EXEC-POOL] epoch=2547 hash=1e5aa924 voters=2/4
[EXEC-QUORUM] epoch=2547 required=2 total=4 votes=2
Execution quorum reached (hash=1e5aa924 votes=2/4)
2026/05/19 10:26:02 [EXEC-PRECOMMIT] height=2547 reason=quorum_precommit prev_round=0 prev_block= round=0 block=f53eb382 votes=2 required=2
[SYNC-SERVE-REQUEST] peer=12D3KooW requested=2547-2547 snapshot=false snapshot_height=0
[SYNC-SERVE-RESPONSE] peer=12D3KooW requested=2547-2547 served=0-0 count=0 snapshot=false tip_gap=true historical_gap=false duration_ms=3
[SYNC-SERVE-REQUEST] peer=12D3KooW requested=2547-2547 snapshot=false snapshot_height=0
[SYNC-SERVE-RESPONSE] peer=12D3KooW requested=2547-2547 served=0-0 count=0 snapshot=false tip_gap=true historical_gap=false duration_ms=8
[SYNC-SERVE-REQUEST] peer=12D3KooW requested=2547-2547 snapshot=false snapshot_height=0
[SYNC-SERVE-RESPONSE] peer=12D3KooW requested=2547-2547 served=0-0 count=0 snapshot=false tip_gap=true historical_gap=false duration_ms=0
Validator heartbeat received: B | reported_height=2546 | finalized_height=2546 | local_exec_epoch=2547
Validator heartbeat: A | reported_height=2546 | finalized_height=2546 | local_exec_epoch=2547
[STATUS] height=2546 finalized=2546 peers=4 validators=2 strict_live=2 heartbeat_live=2 out_of_drift=0 drift_limit=8 syncing=false sync_complete=true execution_ready=false execution_reason=startup_execution_snapshot_rebuild_pending_h_2546 gossip=true gossip_pipeline=new_block_gossip_validate_apply consensus_running=false mode=observer vote=false propose=false role=full validator_state=observer warmup_seconds=0 ready=false reason=startup_execution_snapshot_rebuild_pending_h_2546 snapshot_source=none expected_source=chain_parent_commitment expected_hash=d75b74ab resolved_source=chain_parent_commitment resolved_hash=d75b74ab next_source=carry_forward next_hash=d75b74ab got_hash= authority=chain_parent_commitment hash_mode=legacy
Validator heartbeat received: A | reported_height=2546 | finalized_height=2546 | local_exec_epoch=2547
2026/05/19 10:26:03 [STARTUP-EXECUTION-SNAPSHOT] action=rebuild begin height=2546
[EXEC-QUORUM] height=2547 strict=3 relaxed=2 total=4 live=2 stall=25s
Candidate heartbeat received: D | reported_height=2332 | finalized_height=2332 | local_exec_epoch=2333
[EMISSION] h=2466 reward=2 treasury=1 validators=1 burn=0 applied_burn=1 chance_bps=10000
Validator heartbeat received: A | reported_height=2546 | finalized_height=2546 | local_exec_epoch=2547
[REGISTRY-COMMITMENT-CHECK] height=2547 required=true parent_unanchored=false source=chain_parent_commitment expected=9cd32df6 got=9cd32df6
Candidate heartbeat received: D | reported_height=2332 | finalized_height=2332 | local_exec_epoch=2333
[EXEC-QUORUM] height=2547 strict=3 relaxed=2 total=4 live=2 stall=26s
[SNAPSHOT-PUBLISH] deferred height=2546 reason=auto_publish_interval_10
[SYNC-SERVE-REQUEST] peer=12D3KooW requested=2547-2547 snapshot=false snapshot_height=0
[SYNC-SERVE-RESPONSE] peer=12D3KooW requested=2547-2547 served=0-0 count=0 snapshot=false tip_gap=true historical_gap=false duration_ms=0
Candidate heartbeat received: D | reported_height=2332 | finalized_height=2332 | local_exec_epoch=2333
Candidate heartbeat received: D | reported_height=2332 | finalized_height=2332 | local_exec_epoch=2333
[EXEC-QUORUM] height=2547 strict=3 relaxed=2 total=4 live=2 stall=27s
[EXEC-QUORUM] height=2547 strict=3 relaxed=2 total=4 live=2 stall=27s
[EXEC-QUORUM] height=2547 strict=3 relaxed=2 total=4 live=2 stall=28s
2026/05/19 10:26:07 [STARTUP-EXECUTION-SNAPSHOT] action=rebuild schedule height=2546 reason=prior_rebuild_failed_local_history_ready
[EMISSION] h=2466 reward=2 treasury=1 validators=1 burn=0 applied_burn=1 chance_bps=10000
2026/05/19 10:26:07 [STARTUP-EXECUTION-SNAPSHOT] action=rebuild resume base=2466 target=2546
2026/05/19 10:26:07 [STARTUP-EXECUTION-SNAPSHOT] action=rebuild status=failed height=2546 err=create_snapshot_failed height=2467 err=execution_snapshot_ledger_unavailable height=2467
2026/05/19 10:26:07 [STARTUP-EXECUTION-SNAPSHOT] action=rebuild async_wait height=2546 trigger=prior_rebuild_failed_local_history_ready reason=startup_execution_snapshot_rebuild_failed_h_2546
[EXEC-QUORUM] height=2547 strict=3 relaxed=2 total=4 live=2 stall=28s
Validator heartbeat: B | reported_height=2546 | finalized_height=2546 | local_exec_epoch=2547
Validator heartbeat: B | reported_height=2546 | finalized_height=2546 | local_exec_epoch=2547
Ã°Å¸â€œÂ¨ Consensus message from 12D3KooWHdmUKc1bYKY3scg6TqGhK3SutwH9hu1aAez4VmvwkEyk: leader_block (size: 1311 bytes)
Ã°Å¸â€œÂ¦ Leader block received from 12D3KooWHdmUKc1bYKY3scg6TqGhK3SutwH9hu1aAez4VmvwkEyk | height=2547 proposer=B
Ã°Å¸â€Å’ Consensus stream EOF from 12D3KooWHdmUKc1bYKY3scg6TqGhK3SutwH9hu1aAez4VmvwkEyk
Ã°Å¸â€Å’ Consensus stream closed with 12D3KooWHdmUKc1bYKY3scg6TqGhK3SutwH9hu1aAez4VmvwkEyk
Ã°Å¸â€œÂ¨ Consensus message from 12D3KooWHdmUKc1bYKY3scg6TqGhK3SutwH9hu1aAez4VmvwkEyk: execution_result (size: 359 bytes)
Ã°Å¸â€Å’ Consensus stream EOF from 12D3KooWHdmUKc1bYKY3scg6TqGhK3SutwH9hu1aAez4VmvwkEyk
Ã°Å¸â€Å’ Consensus stream closed with 12D3KooWHdmUKc1bYKY3scg6TqGhK3SutwH9hu1aAez4VmvwkEyk
[SYNC-SERVE-REQUEST] peer=12D3KooW requested=2547-2547 snapshot=false snapshot_height=0
[SYNC-SERVE-RESPONSE] peer=12D3KooW requested=2547-2547 served=0-0 count=0 snapshot=false tip_gap=true historical_gap=false duration_ms=0
[SYNC-SERVE-REQUEST] peer=12D3KooW requested=2547-2547 snapshot=false snapshot_height=0
[SYNC-SERVE-RESPONSE] peer=12D3KooW requested=2547-2547 served=0-0 count=0 snapshot=false tip_gap=true historical_gap=false duration_ms=10
[SYNC-SERVE-REQUEST] peer=12D3KooW requested=2547-2547 snapshot=false snapshot_height=0
[SYNC-SERVE-RESPONSE] peer=12D3KooW requested=2547-2547 served=0-0 count=0 snapshot=false tip_gap=true historical_gap=false duration_ms=0
[EXEC-QUORUM] height=2547 strict=3 relaxed=2 total=4 live=2 stall=29s
[EMISSION] h=2466 reward=2 treasury=1 validators=1 burn=0 applied_burn=1 chance_bps=10000
[STARTUP-PRECHECK] waiting reason=startup_execution_snapshot_rebuild_failed_h_2546 target=2547
Validator heartbeat received: B | reported_height=2546 | finalized_height=2546 | local_exec_epoch=2547
Validator heartbeat: A | reported_height=2546 | finalized_height=2546 | local_exec_epoch=2547
Validator heartbeat received: B | reported_height=2546 | finalized_height=2546 | local_exec_epoch=2547
Validator heartbeat: A | reported_height=2546 | finalized_height=2546 | local_exec_epoch=2547
[EXEC-QUORUM] height=2547 strict=3 relaxed=2 total=4 live=2 stall=30s
2026/05/19 10:26:08 [EXEC-COMMIT] height=2547 reason=precommit_quorum round=0 block=bad96df2 votes=2 required=2 precommits=2
âŒ Block signature verification failed | proposer=B height=2547 hash=bad96df2 candidates=2 runtime_norm=true runtime_raw=true genesis_norm=true genesis_raw=true
âŒ Block signature verification failed | proposer=B height=2547 hash=bad96df2 candidates=2 runtime_norm=true runtime_raw=true genesis_norm=true genesis_raw=true
âŒ Block signature verification failed | proposer=B height=2547 hash=bad96df2 candidates=2 runtime_norm=true runtime_raw=true genesis_norm=true genesis_raw=true
Validator heartbeat received: A | reported_height=2546 | finalized_height=2546 | local_exec_epoch=2547
âŒ Block signature verification failed | proposer=B height=2547 hash=bad96df2 candidates=2 runtime_norm=true runtime_raw=true genesis_norm=true genesis_raw=true
Validator heartbeat received: A | reported_height=2546 | finalized_height=2546 | local_exec_epoch=2547
âŒ Block signature verification failed | proposer=B height=2547 hash=bad96df2 candidates=2 runtime_norm=true runtime_raw=true genesis_norm=true genesis_raw=true
âŒ Block signature verification failed | proposer=B height=2547 hash=bad96df2 candidates=2 runtime_norm=true runtime_raw=true genesis_norm=true genesis_raw=true
âŒ Block signature verification failed | proposer=B height=2547 hash=bad96df2 candidates=2 runtime_norm=true runtime_raw=true genesis_norm=true genesis_raw=true
âŒ Block signature verification failed | proposer=B height=2547 hash=bad96df2 candidates=2 runtime_norm=true runtime_raw=true genesis_norm=true genesis_raw=true
[SYNC-SERVE-REQUEST] peer=12D3KooW requested=2547-2547 snapshot=false snapshot_height=0
[SYNC-SERVE-RESPONSE] peer=12D3KooW requested=2547-2547 served=0-0 count=0 snapshot=false tip_gap=true historical_gap=false duration_ms=0
[SYNC-SERVE-REQUEST] peer=12D3KooW requested=2547-2547 snapshot=false snapshot_height=0
[SYNC-SERVE-RESPONSE] peer=12D3KooW requested=2547-2547 served=0-0 count=0 snapshot=false tip_gap=true historical_gap=false duration_ms=0
âŒ Block signature verification failed | proposer=B height=2547 hash=bad96df2 candidates=2 runtime_norm=true runtime_raw=true genesis_norm=true genesis_raw=true
âŒ Block signature verification failed | proposer=B height=2547 hash=bad96df2 candidates=2 runtime_norm=true runtime_raw=true genesis_norm=true genesis_raw=true
âŒ Block signature verification failed | proposer=B height=2547 hash=bad96df2 candidates=2 runtime_norm=true runtime_raw=true genesis_norm=true genesis_raw=true
[SYNC-BLOCK-REJECT] stage=idle provider= local=2546 next=2547 got=2547 reason=validation_failed queue_tip=0 proposer=B hash=bad96df2 prev=8da4f6f5
[APPLY-FAIL] h=2547 hash=bad96df2 reason=validation_failed fail_count=1
[SYNC-QUEUE-ADD] stage=idle provider= local=2546 next=2547 queued_height=2547 queued_at_height=1 queue_tip=2547 proposer=B hash=bad96df2 prev=8da4f6f5
Queued signature-failed block for retry | local=2546 got=2547 proposer=B hash=bad96df2
[LEADER-BLOCK-REJECT] height=2547 round=0 reason=duplicate_proposal peer=12D3KooWHdmUKc1bYKY3scg6TqGhK3SutwH9hu1aAez4VmvwkEyk proposer=B block=f53eb382
[LEADER-BLOCK-REJECT] height=2547 round=0 reason=duplicate_proposal peer=12D3KooWHdmUKc1bYKY3scg6TqGhK3SutwH9hu1aAez4VmvwkEyk proposer=B block=f53eb382
[LEADER-BLOCK-REJECT] height=2547 round=0 reason=duplicate_proposal peer= proposer=B block=f53eb382
2026/05/19 10:26:10 [STARTUP-EXECUTION-SNAPSHOT] action=rebuild begin height=2546
[EMISSION] h=2466 reward=2 treasury=1 validators=1 burn=0 applied_burn=1 chance_bps=10000
2026/05/19 10:26:10 [VOTE-DROP] reason=queued_syncing signer=B height=2547 round=0 vote_block=f53eb382 current_block= proposal= exec=1e5aa924 tx_merkle=
[SYNC-QUEUE] reason=invalid_block_signature local=2546 target=2547
2026/05/19 10:26:10 [SYNC-FALLBACK] relaxed_snapshot_proof=disabled
[SYNC] reason=invalid_block_signature_snapshot_policy_fallback local=2546 target=2547 votes=3 required=3 stage=direct_gossip action=block_range_fetch
[SYNC-REQUEST-START] peer=12D3KooW range=2547-2547 snapshot=false snapshot_height=0 timeout_ms=15000
[SYNC-REQUEST-OPEN] peer=12D3KooW range=2547-2547
[SYNC-REQUEST-OPEN-OK] peer=12D3KooW range=2547-2547 duration_ms=3
[SYNC-REQUEST-ENCODE] peer=12D3KooW range=2547-2547
[SYNC-REQUEST-ENCODE-OK] peer=12D3KooW range=2547-2547 duration_ms=0
[SYNC-REQUEST-DECODE] peer=12D3KooW range=2547-2547
[SYNC-REQUEST-START] peer=12D3KooW range=2547-2547 snapshot=false snapshot_height=0 timeout_ms=15000
[SYNC-REQUEST-OPEN] peer=12D3KooW range=2547-2547
[SYNC-REQUEST-RESULT] peer=12D3KooW range=2547-2547 count=0 snapshot=false duration_ms=1
[SYNC-REQUEST-OPEN-OK] peer=12D3KooW range=2547-2547 duration_ms=0
[SYNC-REQUEST-ENCODE] peer=12D3KooW range=2547-2547
[SYNC-REQUEST-ENCODE-OK] peer=12D3KooW range=2547-2547 duration_ms=0
[SYNC-REQUEST-DECODE] peer=12D3KooW range=2547-2547
[SYNC-REQUEST-RESULT] peer=12D3KooW range=2547-2547 count=0 snapshot=false duration_ms=1
[SYNC-SINGLE] stage=range_fetch requested=2547 result=failed err=single_block_fetch_failed
[SYNC-REQUEST-START] peer=12D3KooW range=2547-2547 snapshot=false snapshot_height=0 timeout_ms=15000
[SYNC-REQUEST-OPEN] peer=12D3KooW range=2547-2547
[SYNC-REQUEST-START] peer=12D3KooW range=2547-2547 snapshot=false snapshot_height=0 timeout_ms=15000
[SYNC-REQUEST-OPEN] peer=12D3KooW range=2547-2547
[SYNC-REQUEST-OPEN-OK] peer=12D3KooW range=2547-2547 duration_ms=0
[SYNC-REQUEST-ENCODE] peer=12D3KooW range=2547-2547
[SYNC-REQUEST-ENCODE-OK] peer=12D3KooW range=2547-2547 duration_ms=1
[SYNC-REQUEST-DECODE] peer=12D3KooW range=2547-2547
[SYNC-REQUEST-OPEN-OK] peer=12D3KooW range=2547-2547 duration_ms=0
[SYNC-REQUEST-ENCODE] peer=12D3KooW range=2547-2547
[SYNC-REQUEST-ENCODE-OK] peer=12D3KooW range=2547-2547 duration_ms=0
[SYNC-REQUEST-DECODE] peer=12D3KooW range=2547-2547
[SYNC-REQUEST-RESULT] peer=12D3KooW range=2547-2547 count=0 snapshot=false duration_ms=1
[SYNC-REQUEST-RESULT] peer=12D3KooW range=2547-2547 count=0 snapshot=false duration_ms=3
[SYNC-SINGLE] stage=range_fetch requested=2547 result=failed err=single_block_fetch_failed
[SYNC-BATCH-STOP] stage=range_fetch local=2546 target=2547 reason=no_sync_peer exclude=4
2026/05/19 10:26:11 [OK] goroutine pressure normalized: 175 (degrade mode off)
Attempting to connect to 4 peers
[CONSENSUS] height=2546 vhash=d75b74ab validators=4
2026/05/19 10:26:11 [VOTE-DROP] reason=queued_syncing signer=A height=2547 round=0 vote_block=f53eb382 current_block= proposal= exec=1e5aa924 tx_merkle=
[LEADER-BLOCK-REJECT] height=2547 round=0 reason=duplicate_proposal peer= proposer=B block=f53eb382
[LEADER-BLOCK-REJECT] height=2547 round=0 reason=duplicate_proposal peer=12D3KooWETqM63k4eBQTHnBZ2jzRd4SCLBX7fMSz6BcnGFUohp9U proposer=B block=f53eb382
[LEADER-BLOCK-REJECT] height=2547 round=0 reason=duplicate_proposal peer=12D3KooWHdmUKc1bYKY3scg6TqGhK3SutwH9hu1aAez4VmvwkEyk proposer=B block=f53eb382
[EXEC-QUORUM] height=2547 strict=3 relaxed=2 total=4 live=2 stall=34s
[EXEC-QUORUM] height=2547 strict=3 relaxed=2 total=4 live=2 stall=34s
[REGISTRY-COMMITMENT-CHECK] height=2547 required=true parent_unanchored=false source=chain_parent_commitment expected=9cd32df6 got=9cd32df6
[EXEC-QUORUM] height=2547 strict=3 relaxed=2 total=4 live=2 stall=35s
[SYNC-SERVE-REQUEST] peer=12D3KooW requested=2547-2547 snapshot=false snapshot_height=0
[SYNC-SERVE-RESPONSE] peer=12D3KooW requested=2547-2547 served=0-0 count=0 snapshot=false tip_gap=true historical_gap=false duration_ms=0
[SYNC-SERVE-REQUEST] peer=12D3KooW requested=2547-2547 snapshot=false snapshot_height=0
[SYNC-SERVE-RESPONSE] peer=12D3KooW requested=2547-2547 served=0-0 count=0 snapshot=false tip_gap=true historical_gap=false duration_ms=1
[SYNC-SERVE-REQUEST] peer=12D3KooW requested=2547-2547 snapshot=false snapshot_height=0
[SYNC-SERVE-RESPONSE] peer=12D3KooW requested=2547-2547 served=0-0 count=0 snapshot=false tip_gap=true historical_gap=false duration_ms=0
Candidate heartbeat received: D | reported_height=2333 | finalized_height=2333 | local_exec_epoch=2334
[EXEC-QUORUM] height=2547 strict=3 relaxed=2 total=4 live=2 stall=36s
Candidate heartbeat received: D | reported_height=2333 | finalized_height=2333 | local_exec_epoch=2334
Validator heartbeat: C | reported_height=2546 | finalized_height=2546 | local_exec_epoch=2547
Heartbeat sent: C finalized=2546 epoch=2547
[EXEC-QUORUM] height=2547 strict=3 relaxed=2 total=4 live=2 stall=37s
2026/05/19 10:26:15 [VOTE-DROP] reason=replay_cache signer=B height=2547 round=0 vote_block=f53eb382 current_block=f53eb382 proposal=2547|0|f53eb382be434e238dc175666a5392d5e07e9dabfe186e770933510402bee0bc||1e5aa924c655edd2cb77c5aec6587a768a93798e543624a31ae02465c9320006 exec=1e5aa924 tx_merkle=
[LEADER-BLOCK-REJECT] height=2547 round=0 reason=duplicate_proposal peer= proposer=B block=f53eb382
[STATUS] height=2546 finalized=2546 peers=4 validators=2 strict_live=2 heartbeat_live=2 out_of_drift=0 drift_limit=8 syncing=false sync_complete=true execution_ready=false execution_reason=startup_execution_snapshot_rebuild_pending_h_2546 gossip=true gossip_pipeline=new_block_gossip_validate_apply consensus_running=false mode=observer vote=false propose=false role=full validator_state=observer warmup_seconds=0 ready=false reason=startup_execution_snapshot_rebuild_pending_h_2546 snapshot_source=none expected_source=chain_parent_commitment expected_hash=d75b74ab resolved_source=chain_parent_commitment resolved_hash=d75b74ab next_source=carry_forward next_hash=d75b74ab got_hash= authority=chain_parent_commitment hash_mode=legacy
[EXEC-QUORUM] height=2547 strict=3 relaxed=2 total=4 live=2 stall=37s
2026/05/19 10:26:15 [STARTUP-EXECUTION-SNAPSHOT] action=rebuild schedule height=2546 reason=prior_rebuild_failed_local_history_ready
2026/05/19 10:26:15 [STARTUP-EXECUTION-SNAPSHOT] action=rebuild begin height=2546
[EMISSION] h=2466 reward=2 treasury=1 validators=1 burn=0 applied_burn=1 chance_bps=10000
2026/05/19 10:26:15 [STARTUP-EXECUTION-SNAPSHOT] action=rebuild resume base=2466 target=2546
2026/05/19 10:26:15 [STARTUP-EXECUTION-SNAPSHOT] action=rebuild status=failed height=2546 err=create_snapshot_failed height=2467 err=execution_snapshot_ledger_unavailable height=2467
2026/05/19 10:26:15 [STARTUP-EXECUTION-SNAPSHOT] action=rebuild async_wait height=2546 trigger=prior_rebuild_failed_local_history_ready reason=startup_execution_snapshot_rebuild_failed_h_2546
[EMISSION] h=2466 reward=2 treasury=1 validators=1 burn=0 applied_burn=1 chance_bps=10000
[STARTUP-PRECHECK] waiting reason=startup_execution_snapshot_rebuild_failed_h_2546 target=2547
[EXEC-QUORUM] height=2547 strict=3 relaxed=2 total=4 live=2 stall=38s
[SYNC-QUEUE] reason=late_join local=2546 target=2547
[SYNC] reason=late_join local=2546 target=2547 votes=3 required=3 stage=direct_gossip action=block_range_fetch
[SYNC-REQUEST-START] peer=12D3KooW range=2547-2547 snapshot=false snapshot_height=0 timeout_ms=15000
[SYNC-REQUEST-START] peer=12D3KooW range=2547-2547 snapshot=false snapshot_height=0 timeout_ms=15000
[SYNC-REQUEST-OPEN] peer=12D3KooW range=2547-2547
[SYNC-REQUEST-OPEN] peer=12D3KooW range=2547-2547
[SYNC-REQUEST-OPEN-OK] peer=12D3KooW range=2547-2547 duration_ms=1
[SYNC-REQUEST-OPEN-OK] peer=12D3KooW range=2547-2547 duration_ms=1
[SYNC-REQUEST-ENCODE] peer=12D3KooW range=2547-2547
[SYNC-REQUEST-ENCODE] peer=12D3KooW range=2547-2547
[SYNC-REQUEST-ENCODE-OK] peer=12D3KooW range=2547-2547 duration_ms=1
[SYNC-REQUEST-DECODE] peer=12D3KooW range=2547-2547
[SYNC-REQUEST-ENCODE-OK] peer=12D3KooW range=2547-2547 duration_ms=0
[SYNC-REQUEST-DECODE] peer=12D3KooW range=2547-2547
[SYNC-REQUEST-RESULT] peer=12D3KooW range=2547-2547 count=0 snapshot=false duration_ms=0
[SYNC-REQUEST-RESULT] peer=12D3KooW range=2547-2547 count=0 snapshot=false duration_ms=0
[SYNC-SINGLE] stage=range_fetch requested=2547 result=failed err=single_block_fetch_failed
[SYNC-REQUEST-START] peer=12D3KooW range=2547-2547 snapshot=false snapshot_height=0 timeout_ms=15000
[SYNC-REQUEST-OPEN] peer=12D3KooW range=2547-2547
[SYNC-REQUEST-START] peer=12D3KooW range=2547-2547 snapshot=false snapshot_height=0 timeout_ms=15000
[SYNC-REQUEST-OPEN] peer=12D3KooW range=2547-2547
[SYNC-REQUEST-OPEN-OK] peer=12D3KooW range=2547-2547 duration_ms=0
[SYNC-REQUEST-ENCODE] peer=12D3KooW range=2547-2547
[SYNC-REQUEST-OPEN-OK] peer=12D3KooW range=2547-2547 duration_ms=0
[SYNC-REQUEST-ENCODE] peer=12D3KooW range=2547-2547
[SYNC-REQUEST-ENCODE-OK] peer=12D3KooW range=2547-2547 duration_ms=0
[SYNC-REQUEST-DECODE] peer=12D3KooW range=2547-2547
[SYNC-REQUEST-ENCODE-OK] peer=12D3KooW range=2547-2547 duration_ms=0
[SYNC-REQUEST-DECODE] peer=12D3KooW range=2547-2547
[SYNC-REQUEST-RESULT] peer=12D3KooW range=2547-2547 count=0 snapshot=false duration_ms=0
[SYNC-REQUEST-RESULT] peer=12D3KooW range=2547-2547 count=0 snapshot=false duration_ms=0
[SYNC-SINGLE] stage=range_fetch requested=2547 result=failed err=single_block_fetch_failed
[SYNC-BATCH-STOP] stage=range_fetch local=2546 target=2547 reason=no_sync_peer exclude=4
[REGISTRY-COMMITMENT-CHECK] height=2547 required=true parent_unanchored=false source=chain_parent_commitment expected=9cd32df6 got=9cd32df6
[SNAPSHOT-PUBLISH] deferred height=2546 reason=auto_publish_interval_10
[EXEC-QUORUM] height=2547 strict=3 relaxed=2 total=4 live=2 stall=39s
[EXEC-QUORUM] height=2547 strict=3 relaxed=2 total=4 live=2 stall=39s
2026/05/19 10:26:18 [VOTE-DROP] reason=replay_cache signer=B height=2547 round=0 vote_block=f53eb382 current_block=f53eb382 proposal=2547|0|f53eb382be434e238dc175666a5392d5e07e9dabfe186e770933510402bee0bc||1e5aa924c655edd2cb77c5aec6587a768a93798e543624a31ae02465c9320006 exec=1e5aa924 tx_merkle=
[SYNC-SERVE-REQUEST] peer=12D3KooW requested=2547-2547 snapshot=false snapshot_height=0
[SYNC-SERVE-RESPONSE] peer=12D3KooW requested=2547-2547 served=0-0 count=0 snapshot=false tip_gap=true historical_gap=false duration_ms=1
[SYNC-SERVE-REQUEST] peer=12D3KooW requested=2547-2547 snapshot=false snapshot_height=0
[SYNC-SERVE-RESPONSE] peer=12D3KooW requested=2547-2547 served=0-0 count=0 snapshot=false tip_gap=true historical_gap=false duration_ms=0
[EMISSION] h=2466 reward=2 treasury=1 validators=1 burn=0 applied_burn=1 chance_bps=10000
[SYNC-SERVE-REQUEST] peer=12D3KooW requested=2547-2547 snapshot=false snapshot_height=0
[SYNC-SERVE-RESPONSE] peer=12D3KooW requested=2547-2547 served=0-0 count=0 snapshot=false tip_gap=true historical_gap=false duration_ms=0
[EXEC-QUORUM] height=2547 strict=3 relaxed=2 total=4 live=2 stall=41s
Candidate heartbeat received: D | reported_height=2333 | finalized_height=2333 | local_exec_epoch=2334
Validator heartbeat: B | reported_height=2546 | finalized_height=2546 | local_exec_epoch=2547
Candidate heartbeat received: D | reported_height=2333 | finalized_height=2333 | local_exec_epoch=2334
Validator heartbeat: B | reported_height=2546 | finalized_height=2546 | local_exec_epoch=2547
[LEADER-BLOCK-REJECT] height=2547 round=0 reason=duplicate_proposal peer=12D3KooWPVKESWFG9sS8G6vjhfPn54kWuNFkkuHwG4yQXhYRcXjX proposer=B block=f53eb382
Ã°Å¸â€œÂ¨ Consensus message from 12D3KooWPVKESWFG9sS8G6vjhfPn54kWuNFkkuHwG4yQXhYRcXjX: leader_block (size: 1311 bytes)
Ã°Å¸â€œÂ¦ Leader block received from 12D3KooWPVKESWFG9sS8G6vjhfPn54kWuNFkkuHwG4yQXhYRcXjX | height=2547 proposer=B
[LEADER-BLOCK-REJECT] height=2547 round=0 reason=duplicate_proposal peer=12D3KooWPVKESWFG9sS8G6vjhfPn54kWuNFkkuHwG4yQXhYRcXjX proposer=B block=f53eb382
Ã°Å¸â€Å’ Consensus stream EOF from 12D3KooWPVKESWFG9sS8G6vjhfPn54kWuNFkkuHwG4yQXhYRcXjX
Ã°Å¸â€Å’ Consensus stream closed with 12D3KooWPVKESWFG9sS8G6vjhfPn54kWuNFkkuHwG4yQXhYRcXjX
Ã°Å¸â€œÂ¨ Consensus message from 12D3KooWPVKESWFG9sS8G6vjhfPn54kWuNFkkuHwG4yQXhYRcXjX: execution_result (size: 359 bytes)
Ã°Å¸â€Å’ Consensus stream EOF from 12D3KooWPVKESWFG9sS8G6vjhfPn54kWuNFkkuHwG4yQXhYRcXjX
Ã°Å¸â€Å’ Consensus stream closed with 12D3KooWPVKESWFG9sS8G6vjhfPn54kWuNFkkuHwG4yQXhYRcXjX
2026/05/19 10:26:21 [OK] goroutine pressure normalized: 174 (degrade mode off)
[SYNC-SERVE-REQUEST] peer=12D3KooW requested=2547-2547 snapshot=false snapshot_height=0
[SYNC-SERVE-RESPONSE] peer=12D3KooW requested=2547-2547 served=0-0 count=0 snapshot=false tip_gap=true historical_gap=false duration_ms=0
[SYNC-SERVE-REQUEST] peer=12D3KooW requested=2547-2547 snapshot=false snapshot_height=0
[SYNC-SERVE-RESPONSE] peer=12D3KooW requested=2547-2547 served=0-0 count=0 snapshot=false tip_gap=true historical_gap=false duration_ms=3
[SYNC-QUEUE] reason=late_join local=2546 target=2547
[SYNC] reason=late_join local=2546 target=2547 votes=3 required=3 stage=direct_gossip action=block_range_fetch
[SYNC-REQUEST-START] peer=12D3KooW range=2547-2547 snapshot=false snapshot_height=0 timeout_ms=15000
[SYNC-REQUEST-OPEN] peer=12D3KooW range=2547-2547
[SYNC-REQUEST-START] peer=12D3KooW range=2547-2547 snapshot=false snapshot_height=0 timeout_ms=15000
[SYNC-REQUEST-OPEN] peer=12D3KooW range=2547-2547
[SYNC-REQUEST-OPEN-OK] peer=12D3KooW range=2547-2547 duration_ms=0
[SYNC-REQUEST-OPEN-OK] peer=12D3KooW range=2547-2547 duration_ms=0
[SYNC-REQUEST-ENCODE] peer=12D3KooW range=2547-2547
[SYNC-REQUEST-ENCODE] peer=12D3KooW range=2547-2547
[SYNC-REQUEST-ENCODE-OK] peer=12D3KooW range=2547-2547 duration_ms=0
[SYNC-REQUEST-DECODE] peer=12D3KooW range=2547-2547
[SYNC-REQUEST-ENCODE-OK] peer=12D3KooW range=2547-2547 duration_ms=1
[SYNC-REQUEST-DECODE] peer=12D3KooW range=2547-2547
[SYNC-REQUEST-RESULT] peer=12D3KooW range=2547-2547 count=0 snapshot=false duration_ms=1
[SYNC-REQUEST-RESULT] peer=12D3KooW range=2547-2547 count=0 snapshot=false duration_ms=0
[SYNC-SINGLE] stage=range_fetch requested=2547 result=failed err=single_block_fetch_failed
[SYNC-REQUEST-START] peer=12D3KooW range=2547-2547 snapshot=false snapshot_height=0 timeout_ms=15000
[SYNC-REQUEST-OPEN] peer=12D3KooW range=2547-2547
[SYNC-REQUEST-START] peer=12D3KooW range=2547-2547 snapshot=false snapshot_height=0 timeout_ms=15000
[SYNC-REQUEST-OPEN] peer=12D3KooW range=2547-2547
[SYNC-REQUEST-OPEN-OK] peer=12D3KooW range=2547-2547 duration_ms=2
[SYNC-REQUEST-ENCODE] peer=12D3KooW range=2547-2547
[SYNC-REQUEST-ENCODE-OK] peer=12D3KooW range=2547-2547 duration_ms=0
[SYNC-REQUEST-DECODE] peer=12D3KooW range=2547-2547
[SYNC-REQUEST-OPEN-OK] peer=12D3KooW range=2547-2547 duration_ms=1
[SYNC-REQUEST-ENCODE] peer=12D3KooW range=2547-2547
[SYNC-REQUEST-ENCODE-OK] peer=12D3KooW range=2547-2547 duration_ms=0
[SYNC-REQUEST-DECODE] peer=12D3KooW range=2547-2547
[SYNC-REQUEST-RESULT] peer=12D3KooW range=2547-2547 count=0 snapshot=false duration_ms=1
[SYNC-REQUEST-RESULT] peer=12D3KooW range=2547-2547 count=0 snapshot=false duration_ms=0
[SYNC-SINGLE] stage=range_fetch requested=2547 result=failed err=single_block_fetch_failed
[SYNC-BATCH-STOP] stage=range_fetch local=2546 target=2547 reason=no_sync_peer exclude=4
[SYNC-SERVE-REQUEST] peer=12D3KooW requested=2547-2547 snapshot=false snapshot_height=0
[SYNC-SERVE-RESPONSE] peer=12D3KooW requested=2547-2547 served=0-0 count=0 snapshot=false tip_gap=true historical_gap=false duration_ms=0
[EXEC-QUORUM] height=2547 strict=3 relaxed=2 total=4 live=2 stall=44s
[REGISTRY-COMMITMENT-CHECK] height=2547 required=true parent_unanchored=false source=chain_parent_commitment expected=9cd32df6 got=9cd32df6
2026/05/19 10:26:23 [STARTUP-EXECUTION-SNAPSHOT] action=rebuild begin height=2546
[EMISSION] h=2466 reward=2 treasury=1 validators=1 burn=0 applied_burn=1 chance_bps=10000
2026/05/19 10:26:23 [STARTUP-EXECUTION-SNAPSHOT] action=rebuild resume base=2466 target=2546
2026/05/19 10:26:23 [STARTUP-EXECUTION-SNAPSHOT] action=rebuild status=failed height=2546 err=create_snapshot_failed height=2467 err=execution_snapshot_ledger_unavailable height=2467
[STARTUP-PRECHECK] waiting reason=startup_execution_snapshot_rebuild_failed_h_2546 target=2547
[EXEC-QUORUM] height=2547 strict=3 relaxed=2 total=4 live=2 stall=45s
2026/05/19 10:26:23 [STARTUP-EXECUTION-SNAPSHOT] action=rebuild schedule height=2546 reason=prior_rebuild_failed_local_history_ready
[EMISSION] h=2466 reward=2 treasury=1 validators=1 burn=0 applied_burn=1 chance_bps=10000
2026/05/19 10:26:23 [STARTUP-EXECUTION-SNAPSHOT] action=rebuild async_wait height=2546 trigger=prior_rebuild_failed_local_history_ready reason=startup_execution_snapshot_rebuild_failed_h_2546
[EXEC-QUORUM] height=2547 strict=3 relaxed=2 total=4 live=2 stall=45s
[SYNC-SERVE-REQUEST] peer=12D3KooW requested=2547-2547 snapshot=false snapshot_height=0
[SYNC-SERVE-RESPONSE] peer=12D3KooW requested=2547-2547 served=0-0 count=0 snapshot=false tip_gap=true historical_gap=false duration_ms=1
[SYNC-SERVE-REQUEST] peer=12D3KooW requested=2547-2547 snapshot=false snapshot_height=0
[SYNC-SERVE-RESPONSE] peer=12D3KooW requested=2547-2547 served=0-0 count=0 snapshot=false tip_gap=true historical_gap=false duration_ms=0
[EXEC-QUORUM] height=2547 strict=3 relaxed=2 total=4 live=2 stall=46s
[SYNC-SERVE-REQUEST] peer=12D3KooW requested=2547-2547 snapshot=false snapshot_height=0
[SYNC-SERVE-RESPONSE] peer=12D3KooW requested=2547-2547 served=0-0 count=0 snapshot=false tip_gap=true historical_gap=false duration_ms=1
[EXEC-QUORUM] height=2547 strict=3 relaxed=2 total=4 live=2 stall=46s
[REGISTRY-COMMITMENT-CHECK] height=2547 required=true parent_unanchored=false source=chain_parent_commitment expected=9cd32df6 got=9cd32df6
[EXEC-QUORUM] height=2547 strict=3 relaxed=2 total=4 live=2 stall=47s
2026/05/19 10:26:25 [VOTE-DROP] reason=replay_cache signer=A height=2547 round=0 vote_block=f53eb382 current_block=f53eb382 proposal=2547|0|f53eb382be434e238dc175666a5392d5e07e9dabfe186e770933510402bee0bc||1e5aa924c655edd2cb77c5aec6587a768a93798e543624a31ae02465c9320006 exec=1e5aa924 tx_merkle=
[EXEC-QUORUM] height=2547 strict=3 relaxed=2 total=4 live=2 stall=47s
[CONSENSUS] height=2546 vhash=d75b74ab validators=4
[SYNC-QUEUE] reason=status_tick local=2546 target=2547
[SYNC] reason=status_tick local=2546 target=2547 votes=3 required=3 stage=direct_gossip action=block_range_fetch
[SYNC-REQUEST-START] peer=12D3KooW range=2547-2547 snapshot=false snapshot_height=0 timeout_ms=15000
[SYNC-REQUEST-OPEN] peer=12D3KooW range=2547-2547
[SYNC-REQUEST-START] peer=12D3KooW range=2547-2547 snapshot=false snapshot_height=0 timeout_ms=15000
[SYNC-REQUEST-OPEN] peer=12D3KooW range=2547-2547
[SYNC-REQUEST-OPEN-OK] peer=12D3KooW range=2547-2547 duration_ms=0
[SYNC-REQUEST-ENCODE] peer=12D3KooW range=2547-2547
[SYNC-REQUEST-OPEN-OK] peer=12D3KooW range=2547-2547 duration_ms=0
[SYNC-REQUEST-ENCODE] peer=12D3KooW range=2547-2547
[SYNC-REQUEST-ENCODE-OK] peer=12D3KooW range=2547-2547 duration_ms=0
[SYNC-REQUEST-DECODE] peer=12D3KooW range=2547-2547
[SYNC-REQUEST-RESULT] peer=12D3KooW range=2547-2547 count=0 snapshot=false duration_ms=0
[SYNC-REQUEST-ENCODE-OK] peer=12D3KooW range=2547-2547 duration_ms=1
[SYNC-REQUEST-DECODE] peer=12D3KooW range=2547-2547
[SYNC-REQUEST-RESULT] peer=12D3KooW range=2547-2547 count=0 snapshot=false duration_ms=0
[SYNC-SINGLE] stage=range_fetch requested=2547 result=failed err=single_block_fetch_failed
[SYNC-REQUEST-START] peer=12D3KooW range=2547-2547 snapshot=false snapshot_height=0 timeout_ms=15000
[SYNC-REQUEST-OPEN] peer=12D3KooW range=2547-2547
[SYNC-REQUEST-START] peer=12D3KooW range=2547-2547 snapshot=false snapshot_height=0 timeout_ms=15000
[SYNC-REQUEST-OPEN] peer=12D3KooW range=2547-2547
[SYNC-REQUEST-OPEN-OK] peer=12D3KooW range=2547-2547 duration_ms=0
[SYNC-REQUEST-OPEN-OK] peer=12D3KooW range=2547-2547 duration_ms=0
[SYNC-REQUEST-ENCODE] peer=12D3KooW range=2547-2547
[SYNC-REQUEST-ENCODE] peer=12D3KooW range=2547-2547
[SYNC-REQUEST-ENCODE-OK] peer=12D3KooW range=2547-2547 duration_ms=1
[SYNC-REQUEST-DECODE] peer=12D3KooW range=2547-2547
[SYNC-REQUEST-ENCODE-OK] peer=12D3KooW range=2547-2547 duration_ms=0
[SYNC-REQUEST-DECODE] peer=12D3KooW range=2547-2547
[SYNC-REQUEST-RESULT] peer=12D3KooW range=2547-2547 count=0 snapshot=false duration_ms=0
[SYNC-REQUEST-RESULT] peer=12D3KooW range=2547-2547 count=0 snapshot=false duration_ms=0
[SYNC-SINGLE] stage=range_fetch requested=2547 result=failed err=single_block_fetch_failed
[SYNC-BATCH-STOP] stage=range_fetch local=2546 target=2547 reason=no_sync_peer exclude=4
[EXEC-QUORUM] height=2547 strict=3 relaxed=2 total=4 live=2 stall=48s
[EMISSION] h=2466 reward=2 treasury=1 validators=1 burn=0 applied_burn=1 chance_bps=10000
Validator heartbeat: C | reported_height=2546 | finalized_height=2546 | local_exec_epoch=2547
Heartbeat sent: C finalized=2546 epoch=2547
[SYNC-SERVE-REQUEST] peer=12D3KooW requested=2547-2547 snapshot=false snapshot_height=0
[SYNC-SERVE-RESPONSE] peer=12D3KooW requested=2547-2547 served=0-0 count=0 snapshot=false tip_gap=true historical_gap=false duration_ms=1
[SYNC-SERVE-REQUEST] peer=12D3KooW requested=2547-2547 snapshot=false snapshot_height=0
[SYNC-SERVE-REQUEST] peer=12D3KooW requested=2547-2547 snapshot=false snapshot_height=0
[SYNC-SERVE-RESPONSE] peer=12D3KooW requested=2547-2547 served=0-0 count=0 snapshot=false tip_gap=true historical_gap=false duration_ms=0
[SYNC-SERVE-RESPONSE] peer=12D3KooW requested=2547-2547 served=0-0 count=0 snapshot=false tip_gap=true historical_gap=false duration_ms=7
[EXEC-QUORUM] height=2547 strict=3 relaxed=2 total=4 live=2 stall=49s
2026/05/19 10:26:27 [VOTE-DROP] reason=replay_cache signer=B height=2547 round=0 vote_block=f53eb382 current_block=f53eb382 proposal=2547|0|f53eb382be434e238dc175666a5392d5e07e9dabfe186e770933510402bee0bc||1e5aa924c655edd2cb77c5aec6587a768a93798e543624a31ae02465c9320006 exec=1e5aa924 tx_merkle=
[EXEC-QUORUM] height=2547 strict=3 relaxed=2 total=4 live=2 stall=49s
[EXEC-QUORUM] height=2547 strict=3 relaxed=2 total=4 live=2 stall=50s
[EXEC-QUORUM] height=2547 strict=3 relaxed=2 total=4 live=2 stall=50s
2026/05/19 10:26:28 [STARTUP-EXECUTION-SNAPSHOT] action=rebuild begin height=2546
[EMISSION] h=2466 reward=2 treasury=1 validators=1 burn=0 applied_burn=1 chance_bps=10000
2026/05/19 10:26:28 [STARTUP-EXECUTION-SNAPSHOT] action=rebuild resume base=2466 target=2546
2026/05/19 10:26:28 [STARTUP-EXECUTION-SNAPSHOT] action=rebuild status=failed height=2546 err=create_snapshot_failed height=2467 err=execution_snapshot_ledger_unavailable height=2467
Blocked leader broadcast @ epoch 2547: proposal gated: startup_execution_snapshot_rebuild_failed_h_2546
2026/05/19 10:26:28 [EXEC-BROADCAST-DEFER] validator=C height=2547 reason=exec_changed exec=1e5aa924 tx_merkle= current_runtime=ab74f64c current_execution=ab74f64c current_tip=2546/8da4f6f5 proposal=2547|0|f53eb382be434e238dc175666a5392d5e07e9dabfe186e770933510402bee0bc||1e5aa924c655edd2cb77c5aec6587a768a93798e543624a31ae02465c9320006 block=f53eb382 prev=8da4f6f5
[SNAPSHOT-PUBLISH] deferred height=2546 reason=auto_publish_interval_10
[EXEC-QUORUM] height=2547 strict=3 relaxed=2 total=4 live=2 stall=50s
[EXEC-QUORUM] height=2547 strict=3 relaxed=2 total=4 live=2 stall=50s
[SYNC-SERVE-REQUEST] peer=12D3KooW requested=2547-2547 snapshot=false snapshot_height=0
[SYNC-SERVE-RESPONSE] peer=12D3KooW requested=2547-2547 served=0-0 count=0 snapshot=false tip_gap=true historical_gap=false duration_ms=0
[EXEC-QUORUM] height=2547 strict=3 relaxed=2 total=4 live=2 stall=51s
[REGISTRY-COMMITMENT-CHECK] height=2547 required=true parent_unanchored=false source=chain_parent_commitment expected=9cd32df6 got=9cd32df6
2026/05/19 10:26:30 [STARTUP-EXECUTION-SNAPSHOT] action=rebuild schedule height=2546 reason=prior_rebuild_failed_local_history_ready
[EMISSION] h=2466 reward=2 treasury=1 validators=1 burn=0 applied_burn=1 chance_bps=10000
2026/05/19 10:26:30 [STARTUP-EXECUTION-SNAPSHOT] action=rebuild async_wait height=2546 trigger=prior_rebuild_failed_local_history_ready reason=startup_execution_snapshot_rebuild_failed_h_2546
[STATUS] height=2546 finalized=2546 peers=4 validators=2 strict_live=2 heartbeat_live=2 out_of_drift=0 drift_limit=8 syncing=false sync_complete=true execution_ready=false execution_reason=startup_execution_snapshot_rebuild_pending_h_2546 gossip=true gossip_pipeline=new_block_gossip_validate_apply consensus_running=false mode=observer vote=false propose=false role=full validator_state=observer warmup_seconds=0 ready=false reason=startup_execution_snapshot_rebuild_pending_h_2546 snapshot_source=none expected_source=chain_parent_commitment expected_hash=d75b74ab resolved_source=chain_parent_commitment resolved_hash=d75b74ab next_source=carry_forward next_hash=d75b74ab got_hash= authority=chain_parent_commitment hash_mode=legacy
[REGISTRY-COMMITMENT-CHECK] height=2547 required=true parent_unanchored=false source=chain_parent_commitment expected=9cd32df6 got=9cd32df6
[EXEC-QUORUM] height=2547 strict=3 relaxed=2 total=4 live=2 stall=52s
[EMISSION] h=2466 reward=2 treasury=1 validators=1 burn=0 applied_burn=1 chance_bps=10000
[STARTUP-PRECHECK] waiting reason=startup_execution_snapshot_rebuild_failed_h_2546 target=2547
[EXEC-QUORUM] height=2547 strict=3 relaxed=2 total=4 live=2 stall=53s
2026/05/19 10:26:31 [VOTE-DROP] reason=replay_cache signer=A height=2547 round=0 vote_block=f53eb382 current_block=f53eb382 proposal=2547|0|f53eb382be434e238dc175666a5392d5e07e9dabfe186e770933510402bee0bc||1e5aa924c655edd2cb77c5aec6587a768a93798e543624a31ae02465c9320006 exec=1e5aa924 tx_merkle=
[SYNC-QUEUE] reason=late_join local=2546 target=2547
[SYNC] reason=late_join local=2546 target=2547 votes=3 required=3 stage=direct_gossip action=block_range_fetch
[SYNC-REQUEST-START] peer=12D3KooW range=2547-2547 snapshot=false snapshot_height=0 timeout_ms=15000
[SYNC-REQUEST-OPEN] peer=12D3KooW range=2547-2547
[SYNC-REQUEST-START] peer=12D3KooW range=2547-2547 snapshot=false snapshot_height=0 timeout_ms=15000
[SYNC-REQUEST-OPEN] peer=12D3KooW range=2547-2547
[SYNC-REQUEST-OPEN-OK] peer=12D3KooW range=2547-2547 duration_ms=0
[SYNC-REQUEST-ENCODE] peer=12D3KooW range=2547-2547
[SYNC-REQUEST-ENCODE-OK] peer=12D3KooW range=2547-2547 duration_ms=0
[SYNC-REQUEST-DECODE] peer=12D3KooW range=2547-2547
[SYNC-REQUEST-OPEN-OK] peer=12D3KooW range=2547-2547 duration_ms=0
[SYNC-REQUEST-ENCODE] peer=12D3KooW range=2547-2547
[SYNC-REQUEST-ENCODE-OK] peer=12D3KooW range=2547-2547 duration_ms=0
[SYNC-REQUEST-DECODE] peer=12D3KooW range=2547-2547
[SYNC-REQUEST-RESULT] peer=12D3KooW range=2547-2547 count=0 snapshot=false duration_ms=2
[SYNC-REQUEST-RESULT] peer=12D3KooW range=2547-2547 count=0 snapshot=false duration_ms=1
[SYNC-SINGLE] stage=range_fetch requested=2547 result=failed err=single_block_fetch_failed
[SYNC-REQUEST-START] peer=12D3KooW range=2547-2547 snapshot=false snapshot_height=0 timeout_ms=15000
[SYNC-REQUEST-START] peer=12D3KooW range=2547-2547 snapshot=false snapshot_height=0 timeout_ms=15000
[SYNC-REQUEST-OPEN] peer=12D3KooW range=2547-2547
[SYNC-REQUEST-OPEN] peer=12D3KooW range=2547-2547
[SYNC-REQUEST-OPEN-OK] peer=12D3KooW range=2547-2547 duration_ms=0
[SYNC-REQUEST-ENCODE] peer=12D3KooW range=2547-2547
[SYNC-REQUEST-OPEN-OK] peer=12D3KooW range=2547-2547 duration_ms=0
[SYNC-REQUEST-ENCODE] peer=12D3KooW range=2547-2547
[SYNC-REQUEST-ENCODE-OK] peer=12D3KooW range=2547-2547 duration_ms=0
[SYNC-REQUEST-DECODE] peer=12D3KooW range=2547-2547
[SYNC-REQUEST-ENCODE-OK] peer=12D3KooW range=2547-2547 duration_ms=0
[SYNC-REQUEST-DECODE] peer=12D3KooW range=2547-2547
[SYNC-REQUEST-RESULT] peer=12D3KooW range=2547-2547 count=0 snapshot=false duration_ms=0
[SYNC-REQUEST-RESULT] peer=12D3KooW range=2547-2547 count=0 snapshot=false duration_ms=0
[SYNC-SINGLE] stage=range_fetch requested=2547 result=failed err=single_block_fetch_failed
[SYNC-BATCH-STOP] stage=range_fetch local=2546 target=2547 reason=no_sync_peer exclude=4
[EXEC-QUORUM] height=2547 strict=3 relaxed=2 total=4 live=2 stall=53s
[EXEC-QUORUM] height=2547 strict=3 relaxed=2 total=4 live=2 stall=54s
[EXEC-QUORUM] height=2547 strict=3 relaxed=2 total=4 live=2 stall=54s
[EXEC-QUORUM] height=2547 strict=3 relaxed=2 total=4 live=2 stall=54s
[EXEC-QUORUM] height=2547 strict=3 relaxed=2 total=4 live=2 stall=54s
[LEADER-BLOCK-REJECT] height=2547 round=0 reason=duplicate_proposal peer=12D3KooWHdmUKc1bYKY3scg6TqGhK3SutwH9hu1aAez4VmvwkEyk proposer=B block=f53eb382
Ã°Å¸â€œÂ¨ Consensus message from 12D3KooWHdmUKc1bYKY3scg6TqGhK3SutwH9hu1aAez4VmvwkEyk: leader_block (size: 1311 bytes)
Ã°Å¸â€œÂ¦ Leader block received from 12D3KooWHdmUKc1bYKY3scg6TqGhK3SutwH9hu1aAez4VmvwkEyk | height=2547 proposer=B
Ã°Å¸â€Å’ Consensus stream EOF from 12D3KooWHdmUKc1bYKY3scg6TqGhK3SutwH9hu1aAez4VmvwkEyk
Ã°Å¸â€Å’ Consensus stream closed with 12D3KooWHdmUKc1bYKY3scg6TqGhK3SutwH9hu1aAez4VmvwkEyk
[LEADER-BLOCK-REJECT] height=2547 round=0 reason=duplicate_proposal peer=12D3KooWHdmUKc1bYKY3scg6TqGhK3SutwH9hu1aAez4VmvwkEyk proposer=B block=f53eb382
Ã°Å¸â€œÂ¨ Consensus message from 12D3KooWHdmUKc1bYKY3scg6TqGhK3SutwH9hu1aAez4VmvwkEyk: execution_result (size: 359 bytes)
Ã°Å¸â€Å’ Consensus stream EOF from 12D3KooWHdmUKc1bYKY3scg6TqGhK3SutwH9hu1aAez4VmvwkEyk
Ã°Å¸â€Å’ Consensus stream closed with 12D3KooWHdmUKc1bYKY3scg6TqGhK3SutwH9hu1aAez4VmvwkEyk
[SYNC-SERVE-REQUEST] peer=12D3KooW requested=2547-2547 snapshot=false snapshot_height=0
[SYNC-SERVE-RESPONSE] peer=12D3KooW requested=2547-2547 served=0-0 count=0 snapshot=false tip_gap=true historical_gap=false duration_ms=1
[SYNC-SERVE-REQUEST] peer=12D3KooW requested=2547-2547 snapshot=false snapshot_height=0
[SYNC-SERVE-RESPONSE] peer=12D3KooW requested=2547-2547 served=0-0 count=0 snapshot=false tip_gap=true historical_gap=false duration_ms=2
[SYNC-SERVE-REQUEST] peer=12D3KooW requested=2547-2547 snapshot=false snapshot_height=0
[SYNC-SERVE-RESPONSE] peer=12D3KooW requested=2547-2547 served=0-0 count=0 snapshot=false tip_gap=true historical_gap=false duration_ms=1
2026/05/19 10:26:34 [STARTUP-EXECUTION-SNAPSHOT] action=rebuild begin height=2546
[EMISSION] h=2466 reward=2 treasury=1 validators=1 burn=0 applied_burn=1 chance_bps=10000
2026/05/19 10:26:34 [STARTUP-EXECUTION-SNAPSHOT] action=rebuild resume base=2466 target=2546
2026/05/19 10:26:34 [STARTUP-EXECUTION-SNAPSHOT] action=rebuild status=failed height=2546 err=create_snapshot_failed height=2467 err=execution_snapshot_ledger_unavailable height=2467
Attempting to connect to 4 peers
Validator heartbeat received: B | reported_height=2546 | finalized_height=2546 | local_exec_epoch=2547
[SNAPSHOT-PUBLISH] deferred height=2546 reason=auto_publish_interval_10
Validator heartbeat: A | reported_height=2546 | finalized_height=2546 | local_exec_epoch=2547
[SYNC-SERVE-REQUEST] peer=12D3KooW requested=2547-2547 snapshot=false snapshot_height=0
[SYNC-SERVE-RESPONSE] peer=12D3KooW requested=2547-2547 served=0-0 count=0 snapshot=false tip_gap=true historical_gap=false duration_ms=1
[SYNC-SERVE-REQUEST] peer=12D3KooW requested=2547-2547 snapshot=false snapshot_height=0
[SYNC-SERVE-RESPONSE] peer=12D3KooW requested=2547-2547 served=0-0 count=0 snapshot=false tip_gap=true historical_gap=false duration_ms=1
[SYNC-QUEUE] reason=heartbeat local=2546 target=2547
[SYNC] reason=heartbeat local=2546 target=2547 votes=3 required=3 stage=direct_gossip action=block_range_fetch
[SYNC-REQUEST-START] peer=12D3KooW range=2547-2547 snapshot=false snapshot_height=0 timeout_ms=15000
[SYNC-REQUEST-OPEN] peer=12D3KooW range=2547-2547
[SYNC-REQUEST-OPEN-OK] peer=12D3KooW range=2547-2547 duration_ms=1
[SYNC-REQUEST-ENCODE] peer=12D3KooW range=2547-2547
[SYNC-REQUEST-ENCODE-OK] peer=12D3KooW range=2547-2547 duration_ms=2
[SYNC-REQUEST-DECODE] peer=12D3KooW range=2547-2547
[SYNC-REQUEST-START] peer=12D3KooW range=2547-2547 snapshot=false snapshot_height=0 timeout_ms=15000
[SYNC-REQUEST-OPEN] peer=12D3KooW range=2547-2547
[SYNC-REQUEST-RESULT] peer=12D3KooW range=2547-2547 count=0 snapshot=false duration_ms=1
[SYNC-REQUEST-OPEN-OK] peer=12D3KooW range=2547-2547 duration_ms=0
[SYNC-REQUEST-ENCODE] peer=12D3KooW range=2547-2547
[SYNC-REQUEST-ENCODE-OK] peer=12D3KooW range=2547-2547 duration_ms=0
[SYNC-REQUEST-DECODE] peer=12D3KooW range=2547-2547
[SYNC-REQUEST-RESULT] peer=12D3KooW range=2547-2547 count=0 snapshot=false duration_ms=0
[SYNC-SINGLE] stage=range_fetch requested=2547 result=failed err=single_block_fetch_failed
[SYNC-REQUEST-START] peer=12D3KooW range=2547-2547 snapshot=false snapshot_height=0 timeout_ms=15000
[SYNC-REQUEST-START] peer=12D3KooW range=2547-2547 snapshot=false snapshot_height=0 timeout_ms=15000
[SYNC-REQUEST-OPEN] peer=12D3KooW range=2547-2547
[SYNC-REQUEST-OPEN] peer=12D3KooW range=2547-2547
[SYNC-REQUEST-OPEN-OK] peer=12D3KooW range=2547-2547 duration_ms=0
[SYNC-REQUEST-ENCODE] peer=12D3KooW range=2547-2547
[SYNC-REQUEST-ENCODE-OK] peer=12D3KooW range=2547-2547 duration_ms=0
[SYNC-REQUEST-DECODE] peer=12D3KooW range=2547-2547
[SYNC-REQUEST-OPEN-OK] peer=12D3KooW range=2547-2547 duration_ms=1
[SYNC-REQUEST-ENCODE] peer=12D3KooW range=2547-2547
[SYNC-REQUEST-ENCODE-OK] peer=12D3KooW range=2547-2547 duration_ms=0
[SYNC-REQUEST-DECODE] peer=12D3KooW range=2547-2547
[SYNC-REQUEST-RESULT] peer=12D3KooW range=2547-2547 count=0 snapshot=false duration_ms=1
[SYNC-REQUEST-RESULT] peer=12D3KooW range=2547-2547 count=0 snapshot=false duration_ms=1
[SYNC-SINGLE] stage=range_fetch requested=2547 result=failed err=single_block_fetch_failed
[SYNC-BATCH-STOP] stage=range_fetch local=2546 target=2547 reason=no_sync_peer exclude=4
[REGISTRY-COMMITMENT-CHECK] height=2547 required=true parent_unanchored=false source=chain_parent_commitment expected=9cd32df6 got=9cd32df6
[EXEC-QUORUM] height=2547 strict=3 relaxed=2 total=4 live=2 stall=58s
[EXEC-QUORUM] height=2547 strict=3 relaxed=2 total=4 live=2 stall=58s
[EXEC-QUORUM] height=2547 strict=3 relaxed=2 total=4 live=2 stall=58s
[EXEC-QUORUM] height=2547 strict=3 relaxed=2 total=4 live=2 stall=59s
2026/05/19 10:26:37 [VOTE-DROP] reason=replay_cache signer=B height=2547 round=0 vote_block=f53eb382 current_block=f53eb382 proposal=2547|0|f53eb382be434e238dc175666a5392d5e07e9dabfe186e770933510402bee0bc||1e5aa924c655edd2cb77c5aec6587a768a93798e543624a31ae02465c9320006 exec=1e5aa924 tx_merkle=
2026/05/19 10:26:38 [STARTUP-EXECUTION-SNAPSHOT] action=rebuild schedule height=2546 reason=prior_rebuild_failed_local_history_ready
[EMISSION] h=2466 reward=2 treasury=1 validators=1 burn=0 applied_burn=1 chance_bps=10000
2026/05/19 10:26:38 [STARTUP-EXECUTION-SNAPSHOT] action=rebuild async_wait height=2546 trigger=prior_rebuild_failed_local_history_ready reason=startup_execution_snapshot_rebuild_failed_h_2546
[EXEC-QUORUM] height=2547 strict=3 relaxed=2 total=4 live=2 stall=59s
[EXEC-QUORUM] height=2547 strict=3 relaxed=2 total=4 live=2 stall=1m0s
[REGISTRY-COMMITMENT-CHECK] height=2547 required=true parent_unanchored=false source=chain_parent_commitment expected=9cd32df6 got=9cd32df6
[SYNC-SERVE-REQUEST] peer=12D3KooW requested=2547-2547 snapshot=false snapshot_height=0
[SYNC-SERVE-RESPONSE] peer=12D3KooW requested=2547-2547 served=0-0 count=0 snapshot=false tip_gap=true historical_gap=false duration_ms=1
[EXEC-QUORUM] height=2547 strict=3 relaxed=2 total=4 live=2 stall=1m0s
[SYNC-SERVE-REQUEST] peer=12D3KooW requested=2547-2547 snapshot=false snapshot_height=0
[SYNC-SERVE-RESPONSE] peer=12D3KooW requested=2547-2547 served=0-0 count=0 snapshot=false tip_gap=true historical_gap=false duration_ms=0
[SYNC-SERVE-REQUEST] peer=12D3KooW requested=2547-2547 snapshot=false snapshot_height=0
[SYNC-SERVE-RESPONSE] peer=12D3KooW requested=2547-2547 served=0-0 count=0 snapshot=false tip_gap=true historical_gap=false duration_ms=0
[EMISSION] h=2466 reward=2 treasury=1 validators=1 burn=0 applied_burn=1 chance_bps=10000
[STARTUP-PRECHECK] waiting reason=startup_execution_snapshot_rebuild_failed_h_2546 target=2547
[EXEC-QUORUM] height=2547 strict=3 relaxed=2 total=4 live=2 stall=1m1s
[EXEC-QUORUM] height=2547 strict=3 relaxed=2 total=4 live=2 stall=1m1s
[EXEC-QUORUM] height=2547 strict=3 relaxed=2 total=4 live=2 stall=1m2s
Validator heartbeat: C | reported_height=2546 | finalized_height=2546 | local_exec_epoch=2547
Heartbeat sent: C finalized=2546 epoch=2547
[EXEC-QUORUM] height=2547 strict=3 relaxed=2 total=4 live=2 stall=1m2s
[EXEC-QUORUM] height=2547 strict=3 relaxed=2 total=4 live=2 stall=1m2s
[SNAPSHOT-PUBLISH] deferred height=2546 reason=auto_publish_interval_10
[CONSENSUS] height=2546 vhash=d75b74ab validators=4
[SYNC-QUEUE] reason=status_tick local=2546 target=2547
[SYNC] reason=status_tick local=2546 target=2547 votes=3 required=3 stage=direct_gossip action=block_range_fetch
[SYNC-REQUEST-START] peer=12D3KooW range=2547-2547 snapshot=false snapshot_height=0 timeout_ms=15000
[SYNC-REQUEST-OPEN] peer=12D3KooW range=2547-2547
[SYNC-REQUEST-START] peer=12D3KooW range=2547-2547 snapshot=false snapshot_height=0 timeout_ms=15000
[SYNC-REQUEST-OPEN] peer=12D3KooW range=2547-2547
[SYNC-REQUEST-OPEN-OK] peer=12D3KooW range=2547-2547 duration_ms=1
[SYNC-REQUEST-ENCODE] peer=12D3KooW range=2547-2547
[SYNC-REQUEST-OPEN-OK] peer=12D3KooW range=2547-2547 duration_ms=0
[SYNC-REQUEST-ENCODE-OK] peer=12D3KooW range=2547-2547 duration_ms=0
[SYNC-REQUEST-DECODE] peer=12D3KooW range=2547-2547
[SYNC-REQUEST-ENCODE] peer=12D3KooW range=2547-2547
[SYNC-REQUEST-RESULT] peer=12D3KooW range=2547-2547 count=0 snapshot=false duration_ms=0
[SYNC-REQUEST-ENCODE-OK] peer=12D3KooW range=2547-2547 duration_ms=1
[SYNC-REQUEST-DECODE] peer=12D3KooW range=2547-2547
[SYNC-REQUEST-RESULT] peer=12D3KooW range=2547-2547 count=0 snapshot=false duration_ms=0
[SYNC-SINGLE] stage=range_fetch requested=2547 result=failed err=single_block_fetch_failed
[SYNC-REQUEST-START] peer=12D3KooW range=2547-2547 snapshot=false snapshot_height=0 timeout_ms=15000
[SYNC-REQUEST-START] peer=12D3KooW range=2547-2547 snapshot=false snapshot_height=0 timeout_ms=15000
[SYNC-REQUEST-OPEN] peer=12D3KooW range=2547-2547
[SYNC-REQUEST-OPEN] peer=12D3KooW range=2547-2547
[SYNC-REQUEST-OPEN-OK] peer=12D3KooW range=2547-2547 duration_ms=0
[SYNC-REQUEST-ENCODE] peer=12D3KooW range=2547-2547
[SYNC-REQUEST-OPEN-OK] peer=12D3KooW range=2547-2547 duration_ms=2
[SYNC-REQUEST-ENCODE] peer=12D3KooW range=2547-2547
[SYNC-REQUEST-ENCODE-OK] peer=12D3KooW range=2547-2547 duration_ms=0
[SYNC-REQUEST-DECODE] peer=12D3KooW range=2547-2547
[SYNC-REQUEST-ENCODE-OK] peer=12D3KooW range=2547-2547 duration_ms=0
[SYNC-REQUEST-DECODE] peer=12D3KooW range=2547-2547
[SYNC-REQUEST-RESULT] peer=12D3KooW range=2547-2547 count=0 snapshot=false duration_ms=0
[SYNC-REQUEST-RESULT] peer=12D3KooW range=2547-2547 count=0 snapshot=false duration_ms=0
[SYNC-SINGLE] stage=range_fetch requested=2547 result=failed err=single_block_fetch_failed
[SYNC-BATCH-STOP] stage=range_fetch local=2546 target=2547 reason=no_sync_peer exclude=4
2026/05/19 10:26:41 [STARTUP-EXECUTION-SNAPSHOT] action=rebuild begin height=2546
[EMISSION] h=2466 reward=2 treasury=1 validators=1 burn=0 applied_burn=1 chance_bps=10000
2026/05/19 10:26:41 [STARTUP-EXECUTION-SNAPSHOT] action=rebuild resume base=2466 target=2546
2026/05/19 10:26:41 [STARTUP-EXECUTION-SNAPSHOT] action=rebuild status=failed height=2546 err=create_snapshot_failed height=2467 err=execution_snapshot_ledger_unavailable height=2467
[SYNC-SERVE-REQUEST] peer=12D3KooW requested=2547-2547 snapshot=false snapshot_height=0
[SYNC-SERVE-RESPONSE] peer=12D3KooW requested=2547-2547 served=0-0 count=0 snapshot=false tip_gap=true historical_gap=false duration_ms=1
[SYNC-SERVE-REQUEST] peer=12D3KooW requested=2547-2547 snapshot=false snapshot_height=0
[SYNC-SERVE-RESPONSE] peer=12D3KooW requested=2547-2547 served=0-0 count=0 snapshot=false tip_gap=true historical_gap=false duration_ms=2
[SYNC-SERVE-REQUEST] peer=12D3KooW requested=2547-2547 snapshot=false snapshot_height=0
[SYNC-SERVE-RESPONSE] peer=12D3KooW requested=2547-2547 served=0-0 count=0 snapshot=false tip_gap=true historical_gap=false duration_ms=0
[REGISTRY-COMMITMENT-CHECK] height=2547 required=true parent_unanchored=false source=chain_parent_commitment expected=9cd32df6 got=9cd32df6
[EXEC-QUORUM] height=2547 strict=3 relaxed=2 total=4 live=2 stall=1m3s
2026/05/19 10:26:41 map stats: seen_blocks=0 seen_txs=0 fork_heights=1 fork_blocks=1 exec_results_keys=0 exec_results_total=0 pending_blocks=0 queued_exec_votes_keys=0 queued_exec_votes_total=0 accepted_proposal=1 exec_broadcasted_epochs=0 exec_broadcasted_keys=0 exec_signer_seen_epochs=1 exec_signer_seen_total=2 exec_broadcasted_by_val_epochs=0 exec_broadcasted_by_val_total=0 exec_rebroadcast_epochs=1 validator_status=5 candidates=1 peer_state=20 peers_connected=4 peers_connecting=0 peer_suspect=0 allowed_peers=3 pending_validators=0 pending_removals=0 queued_validator_updates=0 height_report_epochs=1 height_report_total=3 misbehavior_validators=0 misbehavior_total=0 exec_mismatch_tracked=0 exec_vote_replay_cache=2
[EXEC-QUORUM] height=2547 strict=3 relaxed=2 total=4 live=2 stall=1m3s
[EXEC-QUORUM] height=2547 strict=3 relaxed=2 total=4 live=2 stall=1m4s
[EXEC-QUORUM] height=2547 strict=3 relaxed=2 total=4 live=2 stall=1m5s
2026/05/19 10:26:43 [EXEC-COMMIT] height=2547 reason=precommit_quorum round=0 block=bad96df2 votes=2 required=2 precommits=2
âŒ Block signature verification failed | proposer=B height=2547 hash=bad96df2 candidates=2 runtime_norm=true runtime_raw=true genesis_norm=true genesis_raw=true
âŒ Block signature verification failed | proposer=B height=2547 hash=bad96df2 candidates=2 runtime_norm=true runtime_raw=true genesis_norm=true genesis_raw=true
âŒ Block signature verification failed | proposer=B height=2547 hash=bad96df2 candidates=2 runtime_norm=true runtime_raw=true genesis_norm=true genesis_raw=true
âŒ Block signature verification failed | proposer=B height=2547 hash=bad96df2 candidates=2 runtime_norm=true runtime_raw=true genesis_norm=true genesis_raw=true
âŒ Block signature verification failed | proposer=B height=2547 hash=bad96df2 candidates=2 runtime_norm=true runtime_raw=true genesis_norm=true genesis_raw=true
[SYNC-SERVE-REQUEST] peer=12D3KooW requested=2547-2547 snapshot=false snapshot_height=0
[SYNC-SERVE-RESPONSE] peer=12D3KooW requested=2547-2547 served=0-0 count=0 snapshot=false tip_gap=true historical_gap=false duration_ms=3
[EXEC-QUORUM] height=2547 strict=3 relaxed=2 total=4 live=2 stall=1m5s
[SYNC-SERVE-REQUEST] peer=12D3KooW requested=2547-2547 snapshot=false snapshot_height=0
[SYNC-SERVE-RESPONSE] peer=12D3KooW requested=2547-2547 served=0-0 count=0 snapshot=false tip_gap=true historical_gap=false duration_ms=0
âŒ Block signature verification failed | proposer=B height=2547 hash=bad96df2 candidates=2 runtime_norm=true runtime_raw=true genesis_norm=true genesis_raw=true
âŒ Block signature verification failed | proposer=B height=2547 hash=bad96df2 candidates=2 runtime_norm=true runtime_raw=true genesis_norm=true genesis_raw=true
âŒ Block signature verification failed | proposer=B height=2547 hash=bad96df2 candidates=2 runtime_norm=true runtime_raw=true genesis_norm=true genesis_raw=true
[SYNC-SERVE-REQUEST] peer=12D3KooW requested=2547-2547 snapshot=false snapshot_height=0
[SYNC-SERVE-RESPONSE] peer=12D3KooW requested=2547-2547 served=0-0 count=0 snapshot=false tip_gap=true historical_gap=false duration_ms=1
âŒ Block signature verification failed | proposer=B height=2547 hash=bad96df2 candidates=2 runtime_norm=true runtime_raw=true genesis_norm=true genesis_raw=true
[EXEC-QUORUM] height=2547 strict=3 relaxed=2 total=4 live=2 stall=1m6s
âŒ Block signature verification failed | proposer=B height=2547 hash=bad96df2 candidates=2 runtime_norm=true runtime_raw=true genesis_norm=true genesis_raw=true
âŒ Block signature verification failed | proposer=B height=2547 hash=bad96df2 candidates=2 runtime_norm=true runtime_raw=true genesis_norm=true genesis_raw=true
[SYNC-BLOCK-REJECT] stage=direct_gossip provider=12D3KooW local=2546 next=2547 got=2547 reason=validation_failed queue_tip=2547 proposer=B hash=bad96df2 prev=8da4f6f5
[APPLY-FAIL] h=2547 hash=bad96df2 reason=validation_failed fail_count=2
[EXEC-QUORUM] height=2547 strict=3 relaxed=2 total=4 live=2 stall=1m6s
Validator heartbeat received: B | reported_height=2546 | finalized_height=2546 | local_exec_epoch=2547
Validator heartbeat: A | reported_height=2546 | finalized_height=2546 | local_exec_epoch=2547
[EXEC-QUORUM] height=2547 strict=3 relaxed=2 total=4 live=2 stall=1m6s
[EXEC-QUORUM] height=2547 strict=3 relaxed=2 total=4 live=2 stall=1m6s
[SYNC-QUEUE] reason=invalid_block_signature local=2546 target=2547
[SYNC] reason=invalid_block_signature local=2546 target=2547 votes=3 required=3 stage=direct_gossip action=block_range_fetch
[SYNC-REQUEST-START] peer=12D3KooW range=2547-2547 snapshot=false snapshot_height=0 timeout_ms=15000
[SYNC-REQUEST-OPEN] peer=12D3KooW range=2547-2547
[SYNC-REQUEST-OPEN-OK] peer=12D3KooW range=2547-2547 duration_ms=1
[SYNC-REQUEST-ENCODE] peer=12D3KooW range=2547-2547
[SYNC-REQUEST-START] peer=12D3KooW range=2547-2547 snapshot=false snapshot_height=0 timeout_ms=15000
[SYNC-REQUEST-OPEN] peer=12D3KooW range=2547-2547
[SYNC-REQUEST-OPEN-OK] peer=12D3KooW range=2547-2547 duration_ms=0
[SYNC-REQUEST-ENCODE] peer=12D3KooW range=2547-2547
[SYNC-REQUEST-ENCODE-OK] peer=12D3KooW range=2547-2547 duration_ms=1
[SYNC-REQUEST-DECODE] peer=12D3KooW range=2547-2547
[SYNC-REQUEST-ENCODE-OK] peer=12D3KooW range=2547-2547 duration_ms=0
[SYNC-REQUEST-DECODE] peer=12D3KooW range=2547-2547
[SYNC-REQUEST-RESULT] peer=12D3KooW range=2547-2547 count=0 snapshot=false duration_ms=0
[SYNC-REQUEST-RESULT] peer=12D3KooW range=2547-2547 count=0 snapshot=false duration_ms=2
[SYNC-SINGLE] stage=range_fetch requested=2547 result=failed err=single_block_fetch_failed
[SYNC-REQUEST-START] peer=12D3KooW range=2547-2547 snapshot=false snapshot_height=0 timeout_ms=15000
[SYNC-REQUEST-OPEN] peer=12D3KooW range=2547-2547
[SYNC-REQUEST-OPEN-OK] peer=12D3KooW range=2547-2547 duration_ms=0
[SYNC-REQUEST-ENCODE] peer=12D3KooW range=2547-2547
[SYNC-REQUEST-START] peer=12D3KooW range=2547-2547 snapshot=false snapshot_height=0 timeout_ms=15000
[SYNC-REQUEST-OPEN] peer=12D3KooW range=2547-2547
[SYNC-REQUEST-OPEN-OK] peer=12D3KooW range=2547-2547 duration_ms=1
[SYNC-REQUEST-ENCODE] peer=12D3KooW range=2547-2547
[SYNC-REQUEST-ENCODE-OK] peer=12D3KooW range=2547-2547 duration_ms=0
[SYNC-REQUEST-DECODE] peer=12D3KooW range=2547-2547
[SYNC-REQUEST-RESULT] peer=12D3KooW range=2547-2547 count=0 snapshot=false duration_ms=0
[SYNC-REQUEST-ENCODE-OK] peer=12D3KooW range=2547-2547 duration_ms=0
[SYNC-REQUEST-DECODE] peer=12D3KooW range=2547-2547
[SYNC-REQUEST-RESULT] peer=12D3KooW range=2547-2547 count=0 snapshot=false duration_ms=1
[SYNC-SINGLE] stage=range_fetch requested=2547 result=failed err=single_block_fetch_failed
[SYNC-BATCH-STOP] stage=range_fetch local=2546 target=2547 reason=no_sync_peer exclude=4
[SYNC-SERVE-REQUEST] peer=12D3KooW requested=2547-2547 snapshot=false snapshot_height=0
[SYNC-SERVE-RESPONSE] peer=12D3KooW requested=2547-2547 served=0-0 count=0 snapshot=false tip_gap=true historical_gap=false duration_ms=0
[SYNC-SERVE-REQUEST] peer=12D3KooW requested=2547-2547 snapshot=false snapshot_height=0
[SYNC-SERVE-RESPONSE] peer=12D3KooW requested=2547-2547 served=0-0 count=0 snapshot=false tip_gap=true historical_gap=false duration_ms=1
2026/05/19 10:26:46 [STARTUP-EXECUTION-SNAPSHOT] action=rebuild schedule height=2546 reason=prior_rebuild_failed_local_history_ready
[EMISSION] h=2466 reward=2 treasury=1 validators=1 burn=0 applied_burn=1 chance_bps=10000
2026/05/19 10:26:46 [STARTUP-EXECUTION-SNAPSHOT] action=rebuild async_wait height=2546 trigger=prior_rebuild_failed_local_history_ready reason=startup_execution_snapshot_rebuild_failed_h_2546
[SYNC-SERVE-REQUEST] peer=12D3KooW requested=2547-2547 snapshot=false snapshot_height=0
[SYNC-SERVE-RESPONSE] peer=12D3KooW requested=2547-2547 served=0-0 count=0 snapshot=false tip_gap=true historical_gap=false duration_ms=1
[STATUS] height=2546 finalized=2546 peers=4 validators=2 strict_live=2 heartbeat_live=2 out_of_drift=0 drift_limit=8 syncing=false sync_complete=true execution_ready=false execution_reason=startup_execution_snapshot_rebuild_pending_h_2546 gossip=true gossip_pipeline=new_block_gossip_validate_apply consensus_running=false mode=observer vote=false propose=false role=full validator_state=observer warmup_seconds=0 ready=false reason=startup_execution_snapshot_rebuild_pending_h_2546 snapshot_source=none expected_source=chain_parent_commitment expected_hash=d75b74ab resolved_source=chain_parent_commitment resolved_hash=d75b74ab next_source=carry_forward next_hash=d75b74ab got_hash= authority=chain_parent_commitment hash_mode=legacy
[SYNC-SERVE-REQUEST] peer=12D3KooW requested=2547-2547 snapshot=false snapshot_height=0
[SYNC-SERVE-RESPONSE] peer=12D3KooW requested=2547-2547 served=0-0 count=0 snapshot=false tip_gap=true historical_gap=false duration_ms=0
Validator heartbeat received: A | reported_height=2546 | finalized_height=2546 | local_exec_epoch=2547
[SNAPSHOT-PUBLISH] deferred height=2546 reason=auto_publish_interval_10
[LEADER-BLOCK-REJECT] height=2547 round=0 reason=duplicate_proposal peer= proposer=B block=f53eb382
2026/05/19 10:26:49 [STARTUP-EXECUTION-SNAPSHOT] action=rebuild begin height=2546
[EMISSION] h=2466 reward=2 treasury=1 validators=1 burn=0 applied_burn=1 chance_bps=10000
2026/05/19 10:26:49 [STARTUP-EXECUTION-SNAPSHOT] action=rebuild resume base=2466 target=2546
2026/05/19 10:26:49 [STARTUP-EXECUTION-SNAPSHOT] action=rebuild status=failed height=2546 err=create_snapshot_failed height=2467 err=execution_snapshot_ledger_unavailable height=2467
[STARTUP-PRECHECK] waiting reason=startup_execution_snapshot_rebuild_failed_h_2546 target=2547
[SYNC-SERVE-REQUEST] peer=12D3KooW requested=2547-2547 snapshot=false snapshot_height=0
[SYNC-SERVE-RESPONSE] peer=12D3KooW requested=2547-2547 served=0-0 count=0 snapshot=false tip_gap=true historical_gap=false duration_ms=0
[SYNC-QUEUE] reason=heartbeat local=2546 target=2547
[SYNC] reason=heartbeat local=2546 target=2547 votes=3 required=3 stage=direct_gossip action=block_range_fetch
[SYNC-REQUEST-START] peer=12D3KooW range=2547-2547 snapshot=false snapshot_height=0 timeout_ms=15000
[SYNC-REQUEST-OPEN] peer=12D3KooW range=2547-2547
[SYNC-REQUEST-START] peer=12D3KooW range=2547-2547 snapshot=false snapshot_height=0 timeout_ms=15000
[SYNC-REQUEST-OPEN] peer=12D3KooW range=2547-2547
[SYNC-REQUEST-OPEN-OK] peer=12D3KooW range=2547-2547 duration_ms=0
[SYNC-REQUEST-ENCODE] peer=12D3KooW range=2547-2547
[SYNC-REQUEST-ENCODE-OK] peer=12D3KooW range=2547-2547 duration_ms=0
[SYNC-REQUEST-DECODE] peer=12D3KooW range=2547-2547
[SYNC-REQUEST-OPEN-OK] peer=12D3KooW range=2547-2547 duration_ms=1
[SYNC-REQUEST-ENCODE] peer=12D3KooW range=2547-2547
[SYNC-REQUEST-RESULT] peer=12D3KooW range=2547-2547 count=0 snapshot=false duration_ms=0
[SYNC-REQUEST-ENCODE-OK] peer=12D3KooW range=2547-2547 duration_ms=0
[SYNC-REQUEST-DECODE] peer=12D3KooW range=2547-2547
[SYNC-REQUEST-RESULT] peer=12D3KooW range=2547-2547 count=0 snapshot=false duration_ms=1
[SYNC-SINGLE] stage=range_fetch requested=2547 result=failed err=single_block_fetch_failed
[SYNC-REQUEST-START] peer=12D3KooW range=2547-2547 snapshot=false snapshot_height=0 timeout_ms=15000
[SYNC-REQUEST-OPEN] peer=12D3KooW range=2547-2547
[SYNC-REQUEST-START] peer=12D3KooW range=2547-2547 snapshot=false snapshot_height=0 timeout_ms=15000
[SYNC-REQUEST-OPEN] peer=12D3KooW range=2547-2547
[SYNC-REQUEST-OPEN-OK] peer=12D3KooW range=2547-2547 duration_ms=0
[SYNC-REQUEST-ENCODE] peer=12D3KooW range=2547-2547
[SYNC-REQUEST-OPEN-OK] peer=12D3KooW range=2547-2547 duration_ms=0
[SYNC-REQUEST-ENCODE-OK] peer=12D3KooW range=2547-2547 duration_ms=0
[SYNC-REQUEST-DECODE] peer=12D3KooW range=2547-2547
[SYNC-REQUEST-ENCODE] peer=12D3KooW range=2547-2547
[SYNC-REQUEST-ENCODE-OK] peer=12D3KooW range=2547-2547 duration_ms=1
[SYNC-REQUEST-DECODE] peer=12D3KooW range=2547-2547
Candidate heartbeat received: D | reported_height=2334 | finalized_height=2334 | local_exec_epoch=2335
[SYNC-REQUEST-RESULT] peer=12D3KooW range=2547-2547 count=0 snapshot=false duration_ms=1
[SYNC-REQUEST-RESULT] peer=12D3KooW range=2547-2547 count=0 snapshot=false duration_ms=1
[SYNC-SINGLE] stage=range_fetch requested=2547 result=failed err=single_block_fetch_failed
[SYNC-BATCH-STOP] stage=range_fetch local=2546 target=2547 reason=no_sync_peer exclude=4
Validator heartbeat: B | reported_height=2546 | finalized_height=2546 | local_exec_epoch=2547
[SYNC-SERVE-REQUEST] peer=12D3KooW requested=2547-2547 snapshot=false snapshot_height=0
[SYNC-SERVE-RESPONSE] peer=12D3KooW requested=2547-2547 served=0-0 count=0 snapshot=false tip_gap=true historical_gap=false duration_ms=0
[EXEC-QUORUM] height=2547 strict=3 relaxed=2 total=4 live=2 stall=1m11s
[EMISSION] h=2466 reward=2 treasury=1 validators=1 burn=0 applied_burn=1 chance_bps=10000
[EXEC-QUORUM] height=2547 strict=3 relaxed=2 total=4 live=2 stall=1m11s
[EXEC-QUORUM] height=2547 strict=3 relaxed=2 total=4 live=2 stall=1m12s
[REGISTRY-COMMITMENT-CHECK] height=2547 required=true parent_unanchored=false source=chain_parent_commitment expected=9cd32df6 got=9cd32df6
[REGISTRY-COMMITMENT-CHECK] height=2547 required=true parent_unanchored=false source=chain_parent_commitment expected=9cd32df6 got=9cd32df6
2026/05/19 10:26:51 [OK] goroutine pressure normalized: 174 (degrade mode off)
[EXEC-QUORUM] height=2547 strict=3 relaxed=2 total=4 live=2 stall=1m12s
[EXEC-QUORUM] height=2547 strict=3 relaxed=2 total=4 live=2 stall=1m13s
[SYNC] reason=late_join local=2546 target=2547 votes=3 required=3 stage=direct_gossip action=block_range_fetch
[SYNC-REQUEST-START] peer=12D3KooW range=2547-2547 snapshot=false snapshot_height=0 timeout_ms=15000
[SYNC-REQUEST-OPEN] peer=12D3KooW range=2547-2547
[SYNC-REQUEST-OPEN-OK] peer=12D3KooW range=2547-2547 duration_ms=1
[SYNC-REQUEST-ENCODE] peer=12D3KooW range=2547-2547
[SYNC-REQUEST-START] peer=12D3KooW range=2547-2547 snapshot=false snapshot_height=0 timeout_ms=15000
[SYNC-REQUEST-ENCODE-OK] peer=12D3KooW range=2547-2547 duration_ms=0
[SYNC-REQUEST-DECODE] peer=12D3KooW range=2547-2547
[SYNC-REQUEST-OPEN] peer=12D3KooW range=2547-2547
[SYNC-REQUEST-OPEN-OK] peer=12D3KooW range=2547-2547 duration_ms=0
[SYNC-REQUEST-ENCODE] peer=12D3KooW range=2547-2547
[SYNC-REQUEST-RESULT] peer=12D3KooW range=2547-2547 count=0 snapshot=false duration_ms=0
[SYNC-REQUEST-ENCODE-OK] peer=12D3KooW range=2547-2547 duration_ms=0
[SYNC-REQUEST-DECODE] peer=12D3KooW range=2547-2547
[SYNC-REQUEST-RESULT] peer=12D3KooW range=2547-2547 count=0 snapshot=false duration_ms=3
[SYNC-SINGLE] stage=range_fetch requested=2547 result=failed err=single_block_fetch_failed
[SYNC-REQUEST-START] peer=12D3KooW range=2547-2547 snapshot=false snapshot_height=0 timeout_ms=15000
[SYNC-REQUEST-OPEN] peer=12D3KooW range=2547-2547
[SYNC-REQUEST-OPEN-OK] peer=12D3KooW range=2547-2547 duration_ms=0
[SYNC-REQUEST-ENCODE] peer=12D3KooW range=2547-2547
[SYNC-REQUEST-START] peer=12D3KooW range=2547-2547 snapshot=false snapshot_height=0 timeout_ms=15000
[SYNC-REQUEST-OPEN] peer=12D3KooW range=2547-2547
[SYNC-REQUEST-ENCODE-OK] peer=12D3KooW range=2547-2547 duration_ms=0
[SYNC-REQUEST-DECODE] peer=12D3KooW range=2547-2547
[SYNC-REQUEST-RESULT] peer=12D3KooW range=2547-2547 count=0 snapshot=false duration_ms=0
[SYNC-REQUEST-OPEN-OK] peer=12D3KooW range=2547-2547 duration_ms=0
[SYNC-REQUEST-ENCODE] peer=12D3KooW range=2547-2547
[SYNC-REQUEST-ENCODE-OK] peer=12D3KooW range=2547-2547 duration_ms=0
[SYNC-REQUEST-DECODE] peer=12D3KooW range=2547-2547
[SYNC-REQUEST-RESULT] peer=12D3KooW range=2547-2547 count=0 snapshot=false duration_ms=0
[SYNC-SINGLE] stage=range_fetch requested=2547 result=failed err=single_block_fetch_failed
[SYNC-BATCH-STOP] stage=range_fetch local=2546 target=2547 reason=no_sync_peer exclude=4
[EXEC-QUORUM] height=2547 strict=3 relaxed=2 total=4 live=2 stall=1m13s
[EXEC-QUORUM] height=2547 strict=3 relaxed=2 total=4 live=2 stall=1m14s
2026/05/19 10:26:52 [VOTE-DROP] reason=replay_cache signer=A height=2547 round=0 vote_block=f53eb382 current_block=f53eb382 proposal=2547|0|f53eb382be434e238dc175666a5392d5e07e9dabfe186e770933510402bee0bc||1e5aa924c655edd2cb77c5aec6587a768a93798e543624a31ae02465c9320006 exec=1e5aa924 tx_merkle=
2026/05/19 10:26:52 [STARTUP-EXECUTION-SNAPSHOT] action=rebuild schedule height=2546 reason=prior_rebuild_failed_local_history_ready
[EMISSION] h=2466 reward=2 treasury=1 validators=1 burn=0 applied_burn=1 chance_bps=10000
2026/05/19 10:26:52 [STARTUP-EXECUTION-SNAPSHOT] action=rebuild async_wait height=2546 trigger=prior_rebuild_failed_local_history_ready reason=startup_execution_snapshot_rebuild_failed_h_2546
[EXEC-QUORUM] height=2547 strict=3 relaxed=2 total=4 live=2 stall=1m14s
[EXEC-QUORUM] height=2547 strict=3 relaxed=2 total=4 live=2 stall=1m15s
[EXEC-QUORUM] height=2547 strict=3 relaxed=2 total=4 live=2 stall=1m15s
Validator heartbeat: C | reported_height=2546 | finalized_height=2546 | local_exec_epoch=2547
Heartbeat sent: C finalized=2546 epoch=2547
[SYNC-SERVE-REQUEST] peer=12D3KooW requested=2547-2547 snapshot=false snapshot_height=0
[SYNC-SERVE-RESPONSE] peer=12D3KooW requested=2547-2547 served=0-0 count=0 snapshot=false tip_gap=true historical_gap=false duration_ms=5
[SYNC-SERVE-REQUEST] peer=12D3KooW requested=2547-2547 snapshot=false snapshot_height=0
[SYNC-SERVE-RESPONSE] peer=12D3KooW requested=2547-2547 served=0-0 count=0 snapshot=false tip_gap=true historical_gap=false duration_ms=0
[SYNC-SERVE-REQUEST] peer=12D3KooW requested=2547-2547 snapshot=false snapshot_height=0
[SYNC-SERVE-RESPONSE] peer=12D3KooW requested=2547-2547 served=0-0 count=0 snapshot=false tip_gap=true historical_gap=false duration_ms=2
[EXEC-QUORUM] height=2547 strict=3 relaxed=2 total=4 live=2 stall=1m15s
[EXEC-QUORUM] height=2547 strict=3 relaxed=2 total=4 live=2 stall=1m15s
[EXEC-QUORUM] height=2547 strict=3 relaxed=2 total=4 live=2 stall=1m16s
2026/05/19 10:26:54 [STARTUP-EXECUTION-SNAPSHOT] action=rebuild begin height=2546
[EMISSION] h=2466 reward=2 treasury=1 validators=1 burn=0 applied_burn=1 chance_bps=10000
2026/05/19 10:26:54 [STARTUP-EXECUTION-SNAPSHOT] action=rebuild resume base=2466 target=2546
2026/05/19 10:26:54 [STARTUP-EXECUTION-SNAPSHOT] action=rebuild status=failed height=2546 err=create_snapshot_failed height=2467 err=execution_snapshot_ledger_unavailable height=2467
Blocked leader broadcast @ epoch 2547: proposal gated: startup_execution_snapshot_rebuild_failed_h_2546
2026/05/19 10:26:54 [EXEC-BROADCAST-DEFER] validator=C height=2547 reason=exec_changed exec=1e5aa924 tx_merkle= current_runtime=ab74f64c current_execution=ab74f64c current_tip=2546/8da4f6f5 proposal=2547|0|f53eb382be434e238dc175666a5392d5e07e9dabfe186e770933510402bee0bc||1e5aa924c655edd2cb77c5aec6587a768a93798e543624a31ae02465c9320006 block=f53eb382 prev=8da4f6f5
[EXEC-QUORUM] height=2547 strict=3 relaxed=2 total=4 live=2 stall=1m16s
[EXEC-QUORUM] height=2547 strict=3 relaxed=2 total=4 live=2 stall=1m16s
[EXEC-QUORUM] height=2547 strict=3 relaxed=2 total=4 live=2 stall=1m17s
2026/05/19 10:26:55 [EXEC-COMMIT] height=2547 reason=precommit_quorum round=0 block=bad96df2 votes=2 required=2 precommits=2
âŒ Block signature verification failed | proposer=B height=2547 hash=bad96df2 candidates=2 runtime_norm=true runtime_raw=true genesis_norm=true genesis_raw=true
[REGISTRY-COMMITMENT-CHECK] height=2547 required=true parent_unanchored=false source=chain_parent_commitment expected=9cd32df6 got=9cd32df6
[EMISSION] h=2466 reward=2 treasury=1 validators=1 burn=0 applied_burn=1 chance_bps=10000
[STARTUP-PRECHECK] waiting reason=startup_execution_snapshot_rebuild_failed_h_2546 target=2547
âŒ Block signature verification failed | proposer=B height=2547 hash=bad96df2 candidates=2 runtime_norm=true runtime_raw=true genesis_norm=true genesis_raw=true
âŒ Block signature verification failed | proposer=B height=2547 hash=bad96df2 candidates=2 runtime_norm=true runtime_raw=true genesis_norm=true genesis_raw=true
[EMISSION] h=2466 reward=2 treasury=1 validators=1 burn=0 applied_burn=1 chance_bps=10000
âŒ Block signature verification failed | proposer=B height=2547 hash=bad96df2 candidates=2 runtime_norm=true runtime_raw=true genesis_norm=true genesis_raw=true
âŒ Block signature verification failed | proposer=B height=2547 hash=bad96df2 candidates=2 runtime_norm=true runtime_raw=true genesis_norm=true genesis_raw=true
[CONSENSUS] height=2546 vhash=d75b74ab validators=4
âŒ Block signature verification failed | proposer=B height=2547 hash=bad96df2 candidates=2 runtime_norm=true runtime_raw=true genesis_norm=true genesis_raw=true
âŒ Block signature verification failed | proposer=B height=2547 hash=bad96df2 candidates=2 runtime_norm=true runtime_raw=true genesis_norm=true genesis_raw=true
[EXEC-QUORUM] height=2547 strict=3 relaxed=2 total=4 live=2 stall=1m18s
âŒ Block signature verification failed | proposer=B height=2547 hash=bad96df2 candidates=2 runtime_norm=true runtime_raw=true genesis_norm=true genesis_raw=true
[SYNC-QUEUE] reason=status_tick local=2546 target=2547
[SYNC] reason=status_tick local=2546 target=2547 votes=3 required=3 stage=direct_gossip action=block_range_fetch
[SYNC-REQUEST-START] peer=12D3KooW range=2547-2547 snapshot=false snapshot_height=0 timeout_ms=15000
[SYNC-REQUEST-OPEN] peer=12D3KooW range=2547-2547
[SYNC-REQUEST-START] peer=12D3KooW range=2547-2547 snapshot=false snapshot_height=0 timeout_ms=15000
[SYNC-REQUEST-OPEN] peer=12D3KooW range=2547-2547
[SYNC-REQUEST-OPEN-OK] peer=12D3KooW range=2547-2547 duration_ms=2
[SYNC-REQUEST-ENCODE] peer=12D3KooW range=2547-2547
[SYNC-REQUEST-OPEN-OK] peer=12D3KooW range=2547-2547 duration_ms=1
[SYNC-REQUEST-ENCODE] peer=12D3KooW range=2547-2547
[SYNC-REQUEST-ENCODE-OK] peer=12D3KooW range=2547-2547 duration_ms=1
[SYNC-REQUEST-DECODE] peer=12D3KooW range=2547-2547
[SYNC-REQUEST-ENCODE-OK] peer=12D3KooW range=2547-2547 duration_ms=0
[SYNC-REQUEST-DECODE] peer=12D3KooW range=2547-2547
[SYNC-REQUEST-RESULT] peer=12D3KooW range=2547-2547 count=0 snapshot=false duration_ms=0
[SYNC-REQUEST-RESULT] peer=12D3KooW range=2547-2547 count=0 snapshot=false duration_ms=2
[SYNC-SINGLE] stage=range_fetch requested=2547 result=failed err=single_block_fetch_failed
[SYNC-REQUEST-START] peer=12D3KooW range=2547-2547 snapshot=false snapshot_height=0 timeout_ms=15000
[SYNC-REQUEST-OPEN] peer=12D3KooW range=2547-2547
[SYNC-REQUEST-START] peer=12D3KooW range=2547-2547 snapshot=false snapshot_height=0 timeout_ms=15000
[SYNC-REQUEST-OPEN] peer=12D3KooW range=2547-2547
[SYNC-REQUEST-OPEN-OK] peer=12D3KooW range=2547-2547 duration_ms=0
[SYNC-REQUEST-ENCODE] peer=12D3KooW range=2547-2547
[SYNC-REQUEST-ENCODE-OK] peer=12D3KooW range=2547-2547 duration_ms=0
[SYNC-REQUEST-DECODE] peer=12D3KooW range=2547-2547
[SYNC-REQUEST-RESULT] peer=12D3KooW range=2547-2547 count=0 snapshot=false duration_ms=0
[SYNC-REQUEST-OPEN-OK] peer=12D3KooW range=2547-2547 duration_ms=0
[SYNC-REQUEST-ENCODE] peer=12D3KooW range=2547-2547
[SYNC-REQUEST-ENCODE-OK] peer=12D3KooW range=2547-2547 duration_ms=0
[SYNC-REQUEST-DECODE] peer=12D3KooW range=2547-2547
[SYNC-REQUEST-RESULT] peer=12D3KooW range=2547-2547 count=0 snapshot=false duration_ms=1
[SYNC-SINGLE] stage=range_fetch requested=2547 result=failed err=single_block_fetch_failed
[SYNC-BATCH-STOP] stage=range_fetch local=2546 target=2547 reason=no_sync_peer exclude=4
âŒ Block signature verification failed | proposer=B height=2547 hash=bad96df2 candidates=2 runtime_norm=true runtime_raw=true genesis_norm=true genesis_raw=true
âŒ Block signature verification failed | proposer=B height=2547 hash=bad96df2 candidates=2 runtime_norm=true runtime_raw=true genesis_norm=true genesis_raw=true
âŒ Block signature verification failed | proposer=B height=2547 hash=bad96df2 candidates=2 runtime_norm=true runtime_raw=true genesis_norm=true genesis_raw=true
[SYNC-BLOCK-REJECT] stage=direct_gossip provider=12D3KooW local=2546 next=2547 got=2547 reason=validation_failed queue_tip=2547 proposer=B hash=bad96df2 prev=8da4f6f5
[APPLY-FAIL] h=2547 hash=bad96df2 reason=validation_failed fail_count=3
Validator heartbeat received: A | reported_height=2546 | finalized_height=2546 | local_exec_epoch=2547
[SNAPSHOT-PUBLISH] deferred height=2546 reason=auto_publish_interval_10
[EXEC-QUORUM] height=2547 strict=3 relaxed=2 total=4 live=2 stall=1m19s
Candidate heartbeat received: D | reported_height=2334 | finalized_height=2334 | local_exec_epoch=2335
Validator heartbeat: B | reported_height=2546 | finalized_height=2546 | local_exec_epoch=2547
[EXEC-QUORUM] height=2547 strict=3 relaxed=2 total=4 live=2 stall=1m19s
Ã°Å¸â€œÂ¨ Consensus message from 12D3KooWHdmUKc1bYKY3scg6TqGhK3SutwH9hu1aAez4VmvwkEyk: leader_block (size: 1311 bytes)
Ã°Å¸â€œÂ¦ Leader block received from 12D3KooWHdmUKc1bYKY3scg6TqGhK3SutwH9hu1aAez4VmvwkEyk | height=2547 proposer=B
[LEADER-BLOCK-REJECT] height=2547 round=0 reason=duplicate_proposal peer=12D3KooWHdmUKc1bYKY3scg6TqGhK3SutwH9hu1aAez4VmvwkEyk proposer=B block=f53eb382
[LEADER-BLOCK-REJECT] height=2547 round=0 reason=duplicate_proposal peer=12D3KooWHdmUKc1bYKY3scg6TqGhK3SutwH9hu1aAez4VmvwkEyk proposer=B block=f53eb382
Ã°Å¸â€Å’ Consensus stream EOF from 12D3KooWHdmUKc1bYKY3scg6TqGhK3SutwH9hu1aAez4VmvwkEyk
Ã°Å¸â€Å’ Consensus stream closed with 12D3KooWHdmUKc1bYKY3scg6TqGhK3SutwH9hu1aAez4VmvwkEyk
Ã°Å¸â€œÂ¨ Consensus message from 12D3KooWHdmUKc1bYKY3scg6TqGhK3SutwH9hu1aAez4VmvwkEyk: execution_result (size: 359 bytes)
Ã°Å¸â€Å’ Consensus stream EOF from 12D3KooWHdmUKc1bYKY3scg6TqGhK3SutwH9hu1aAez4VmvwkEyk
Ã°Å¸â€Å’ Consensus stream closed with 12D3KooWHdmUKc1bYKY3scg6TqGhK3SutwH9hu1aAez4VmvwkEyk
[SYNC-SERVE-REQUEST] peer=12D3KooW requested=2547-2547 snapshot=false snapshot_height=0
[SYNC-SERVE-RESPONSE] peer=12D3KooW requested=2547-2547 served=0-0 count=0 snapshot=false tip_gap=true historical_gap=false duration_ms=1
Attempting to connect to 4 peers
[SYNC-SERVE-REQUEST] peer=12D3KooW requested=2547-2547 snapshot=false snapshot_height=0
[SYNC-SERVE-RESPONSE] peer=12D3KooW requested=2547-2547 served=0-0 count=0 snapshot=false tip_gap=true historical_gap=false duration_ms=3
[SYNC-SERVE-REQUEST] peer=12D3KooW requested=2547-2547 snapshot=false snapshot_height=0
[SYNC-SERVE-RESPONSE] peer=12D3KooW requested=2547-2547 served=0-0 count=0 snapshot=false tip_gap=true historical_gap=false duration_ms=0
[EXEC-QUORUM] height=2547 strict=3 relaxed=2 total=4 live=2 stall=1m21s
[EXEC-QUORUM] height=2547 strict=3 relaxed=2 total=4 live=2 stall=1m21s
2026/05/19 10:26:59 [STARTUP-EXECUTION-SNAPSHOT] action=rebuild schedule height=2546 reason=prior_rebuild_failed_local_history_ready
2026/05/19 10:26:59 [STARTUP-EXECUTION-SNAPSHOT] action=rebuild begin height=2546
[EMISSION] h=2466 reward=2 treasury=1 validators=1 burn=0 applied_burn=1 chance_bps=10000
2026/05/19 10:26:59 [STARTUP-EXECUTION-SNAPSHOT] action=rebuild resume base=2466 target=2546
2026/05/19 10:26:59 [STARTUP-EXECUTION-SNAPSHOT] action=rebuild status=failed height=2546 err=create_snapshot_failed height=2467 err=execution_snapshot_ledger_unavailable height=2467
2026/05/19 10:26:59 [STARTUP-EXECUTION-SNAPSHOT] action=rebuild async_wait height=2546 trigger=prior_rebuild_failed_local_history_ready reason=startup_execution_snapshot_rebuild_failed_h_2546
[EXEC-QUORUM] height=2547 strict=3 relaxed=2 total=4 live=2 stall=1m21s
[EXEC-QUORUM] height=2547 strict=3 relaxed=2 total=4 live=2 stall=1m22s
2026/05/19 10:27:00 [EXEC-COMMIT] height=2547 reason=precommit_quorum round=0 block=bad96df2 votes=2 required=2 precommits=2
âŒ Block signature verification failed | proposer=B height=2547 hash=bad96df2 candidates=2 runtime_norm=true runtime_raw=true genesis_norm=true genesis_raw=true
[EXEC-QUORUM] height=2547 strict=3 relaxed=2 total=4 live=2 stall=1m22s
âŒ Block signature verification failed | proposer=B height=2547 hash=bad96df2 candidates=2 runtime_norm=true runtime_raw=true genesis_norm=true genesis_raw=true
âŒ Block signature verification failed | proposer=B height=2547 hash=bad96df2 candidates=2 runtime_norm=true runtime_raw=true genesis_norm=true genesis_raw=true
âŒ Block signature verification failed | proposer=B height=2547 hash=bad96df2 candidates=2 runtime_norm=true runtime_raw=true genesis_norm=true genesis_raw=true
âŒ Block signature verification failed | proposer=B height=2547 hash=bad96df2 candidates=2 runtime_norm=true runtime_raw=true genesis_norm=true genesis_raw=true
âŒ Block signature verification failed | proposer=B height=2547 hash=bad96df2 candidates=2 runtime_norm=true runtime_raw=true genesis_norm=true genesis_raw=true
âŒ Block signature verification failed | proposer=B height=2547 hash=bad96df2 candidates=2 runtime_norm=true runtime_raw=true genesis_norm=true genesis_raw=true
[SYNC-SERVE-REQUEST] peer=12D3KooW requested=2547-2547 snapshot=false snapshot_height=0
[SYNC-SERVE-RESPONSE] peer=12D3KooW requested=2547-2547 served=0-0 count=0 snapshot=false tip_gap=true historical_gap=false duration_ms=12
âŒ Block signature verification failed | proposer=B height=2547 hash=bad96df2 candidates=2 runtime_norm=true runtime_raw=true genesis_norm=true genesis_raw=true
âŒ Block signature verification failed | proposer=B height=2547 hash=bad96df2 candidates=2 runtime_norm=true runtime_raw=true genesis_norm=true genesis_raw=true
âŒ Block signature verification failed | proposer=B height=2547 hash=bad96df2 candidates=2 runtime_norm=true runtime_raw=true genesis_norm=true genesis_raw=true
[SYNC-BLOCK-REJECT] stage=direct_gossip provider=12D3KooW local=2546 next=2547 got=2547 reason=validation_failed queue_tip=2547 proposer=B hash=bad96df2 prev=8da4f6f5
[APPLY-FAIL] h=2547 hash=bad96df2 reason=validation_failed fail_count=4
[SYNC-SERVE-REQUEST] peer=12D3KooW requested=2547-2547 snapshot=false snapshot_height=0
[SYNC-SERVE-RESPONSE] peer=12D3KooW requested=2547-2547 served=0-0 count=0 snapshot=false tip_gap=true historical_gap=false duration_ms=2
[EXEC-QUORUM] height=2547 strict=3 relaxed=2 total=4 live=2 stall=1m24s
Validator heartbeat received: B | reported_height=2546 | finalized_height=2546 | local_exec_epoch=2547
[SNAPSHOT-PUBLISH] deferred height=2546 reason=auto_publish_interval_10
Validator heartbeat: A | reported_height=2546 | finalized_height=2546 | local_exec_epoch=2547
[EMISSION] h=2466 reward=2 treasury=1 validators=1 burn=0 applied_burn=1 chance_bps=10000
[STATUS] height=2546 finalized=2546 peers=4 validators=2 strict_live=2 heartbeat_live=2 out_of_drift=0 drift_limit=8 syncing=false sync_complete=true execution_ready=false execution_reason=startup_execution_snapshot_rebuild_pending_h_2546 gossip=true gossip_pipeline=new_block_gossip_validate_apply consensus_running=false mode=observer vote=false propose=false role=full validator_state=observer warmup_seconds=0 ready=false reason=startup_execution_snapshot_rebuild_pending_h_2546 snapshot_source=none expected_source=chain_parent_commitment expected_hash=d75b74ab resolved_source=chain_parent_commitment resolved_hash=d75b74ab next_source=carry_forward next_hash=d75b74ab got_hash= authority=chain_parent_commitment hash_mode=legacy
[SYNC-QUEUE] reason=late_join local=2546 target=2547
[SYNC] reason=late_join local=2546 target=2547 votes=3 required=3 stage=direct_gossip action=block_range_fetch
[SYNC-REQUEST-START] peer=12D3KooW range=2547-2547 snapshot=false snapshot_height=0 timeout_ms=15000
[SYNC-REQUEST-OPEN] peer=12D3KooW range=2547-2547
[SYNC-REQUEST-OPEN-OK] peer=12D3KooW range=2547-2547 duration_ms=0
[SYNC-REQUEST-ENCODE] peer=12D3KooW range=2547-2547
[SYNC-REQUEST-ENCODE-OK] peer=12D3KooW range=2547-2547 duration_ms=0
[SYNC-REQUEST-DECODE] peer=12D3KooW range=2547-2547
[SYNC-REQUEST-START] peer=12D3KooW range=2547-2547 snapshot=false snapshot_height=0 timeout_ms=15000
[SYNC-REQUEST-OPEN] peer=12D3KooW range=2547-2547
[SYNC-REQUEST-OPEN-OK] peer=12D3KooW range=2547-2547 duration_ms=0
[SYNC-REQUEST-ENCODE] peer=12D3KooW range=2547-2547
[SYNC-REQUEST-ENCODE-OK] peer=12D3KooW range=2547-2547 duration_ms=1
[SYNC-REQUEST-RESULT] peer=12D3KooW range=2547-2547 count=0 snapshot=false duration_ms=4
[SYNC-REQUEST-DECODE] peer=12D3KooW range=2547-2547
[SYNC-REQUEST-RESULT] peer=12D3KooW range=2547-2547 count=0 snapshot=false duration_ms=0
[SYNC-SINGLE] stage=range_fetch requested=2547 result=failed err=single_block_fetch_failed
[SYNC-REQUEST-START] peer=12D3KooW range=2547-2547 snapshot=false snapshot_height=0 timeout_ms=15000
[SYNC-REQUEST-OPEN] peer=12D3KooW range=2547-2547
[SYNC-REQUEST-OPEN-OK] peer=12D3KooW range=2547-2547 duration_ms=0
[SYNC-REQUEST-ENCODE] peer=12D3KooW range=2547-2547
[SYNC-REQUEST-START] peer=12D3KooW range=2547-2547 snapshot=false snapshot_height=0 timeout_ms=15000
[SYNC-REQUEST-OPEN] peer=12D3KooW range=2547-2547
[SYNC-REQUEST-ENCODE-OK] peer=12D3KooW range=2547-2547 duration_ms=1
[SYNC-REQUEST-DECODE] peer=12D3KooW range=2547-2547
[SYNC-REQUEST-RESULT] peer=12D3KooW range=2547-2547 count=0 snapshot=false duration_ms=2
[SYNC-REQUEST-OPEN-OK] peer=12D3KooW range=2547-2547 duration_ms=3
[SYNC-REQUEST-ENCODE] peer=12D3KooW range=2547-2547
[SYNC-REQUEST-ENCODE-OK] peer=12D3KooW range=2547-2547 duration_ms=0
[SYNC-REQUEST-DECODE] peer=12D3KooW range=2547-2547
[SYNC-REQUEST-RESULT] peer=12D3KooW range=2547-2547 count=0 snapshot=false duration_ms=2
[SYNC-SINGLE] stage=range_fetch requested=2547 result=failed err=single_block_fetch_failed
[SYNC-BATCH-STOP] stage=range_fetch local=2546 target=2547 reason=no_sync_peer exclude=4
[EXEC-QUORUM] height=2547 strict=3 relaxed=2 total=4 live=2 stall=1m25s
[SYNC-SERVE-REQUEST] peer=12D3KooW requested=2547-2547 snapshot=false snapshot_height=0
[SYNC-SERVE-RESPONSE] peer=12D3KooW requested=2547-2547 served=0-0 count=0 snapshot=false tip_gap=true historical_gap=false duration_ms=0
[SYNC-SERVE-REQUEST] peer=12D3KooW requested=2547-2547 snapshot=false snapshot_height=0
[SYNC-SERVE-RESPONSE] peer=12D3KooW requested=2547-2547 served=0-0 count=0 snapshot=false tip_gap=true historical_gap=false duration_ms=0
[EXEC-QUORUM] height=2547 strict=3 relaxed=2 total=4 live=2 stall=1m25s
[SYNC-SERVE-REQUEST] peer=12D3KooW requested=2547-2547 snapshot=false snapshot_height=0
[SYNC-SERVE-RESPONSE] peer=12D3KooW requested=2547-2547 served=0-0 count=0 snapshot=false tip_gap=true historical_gap=false duration_ms=0
[REGISTRY-COMMITMENT-CHECK] height=2547 required=true parent_unanchored=false source=chain_parent_commitment expected=9cd32df6 got=9cd32df6
[EXEC-QUORUM] height=2547 strict=3 relaxed=2 total=4 live=2 stall=1m26s
[EXEC-QUORUM] height=2547 strict=3 relaxed=2 total=4 live=2 stall=1m27s
[REGISTRY-COMMITMENT-CHECK] height=2547 required=true parent_unanchored=false source=chain_parent_commitment expected=9cd32df6 got=9cd32df6
[EXEC-QUORUM] height=2547 strict=3 relaxed=2 total=4 live=2 stall=1m27s
[EXEC-QUORUM] height=2547 strict=3 relaxed=2 total=4 live=2 stall=1m28s
[SYNC-QUEUE] reason=late_join local=2546 target=2547
Validator heartbeat: C | reported_height=2546 | finalized_height=2546 | local_exec_epoch=2547
[SYNC] reason=late_join local=2546 target=2547 votes=3 required=3 stage=direct_gossip action=block_range_fetch
[SYNC-REQUEST-START] peer=12D3KooW range=2547-2547 snapshot=false snapshot_height=0 timeout_ms=15000
[SYNC-REQUEST-OPEN] peer=12D3KooW range=2547-2547
[SYNC-REQUEST-START] peer=12D3KooW range=2547-2547 snapshot=false snapshot_height=0 timeout_ms=15000
[SYNC-REQUEST-OPEN] peer=12D3KooW range=2547-2547
[SYNC-REQUEST-OPEN-OK] peer=12D3KooW range=2547-2547 duration_ms=1
[SYNC-REQUEST-ENCODE] peer=12D3KooW range=2547-2547
[SYNC-REQUEST-OPEN-OK] peer=12D3KooW range=2547-2547 duration_ms=4
[SYNC-REQUEST-ENCODE] peer=12D3KooW range=2547-2547
[SYNC-REQUEST-ENCODE-OK] peer=12D3KooW range=2547-2547 duration_ms=2
[SYNC-REQUEST-DECODE] peer=12D3KooW range=2547-2547
[SYNC-REQUEST-ENCODE-OK] peer=12D3KooW range=2547-2547 duration_ms=2
[SYNC-REQUEST-DECODE] peer=12D3KooW range=2547-2547
Heartbeat sent: C finalized=2546 epoch=2547
[SYNC-REQUEST-RESULT] peer=12D3KooW range=2547-2547 count=0 snapshot=false duration_ms=0
[SYNC-REQUEST-RESULT] peer=12D3KooW range=2547-2547 count=0 snapshot=false duration_ms=6
[SYNC-SINGLE] stage=range_fetch requested=2547 result=failed err=single_block_fetch_failed
[SYNC-REQUEST-START] peer=12D3KooW range=2547-2547 snapshot=false snapshot_height=0 timeout_ms=15000
[SYNC-REQUEST-START] peer=12D3KooW range=2547-2547 snapshot=false snapshot_height=0 timeout_ms=15000
[SYNC-REQUEST-OPEN] peer=12D3KooW range=2547-2547
[SYNC-REQUEST-OPEN] peer=12D3KooW range=2547-2547
[SYNC-REQUEST-OPEN-OK] peer=12D3KooW range=2547-2547 duration_ms=1
[SYNC-REQUEST-ENCODE] peer=12D3KooW range=2547-2547
[SYNC-REQUEST-OPEN-OK] peer=12D3KooW range=2547-2547 duration_ms=1
[SYNC-REQUEST-ENCODE] peer=12D3KooW range=2547-2547
[SYNC-REQUEST-ENCODE-OK] peer=12D3KooW range=2547-2547 duration_ms=0
[SYNC-REQUEST-DECODE] peer=12D3KooW range=2547-2547
[SYNC-REQUEST-ENCODE-OK] peer=12D3KooW range=2547-2547 duration_ms=0
[SYNC-REQUEST-DECODE] peer=12D3KooW range=2547-2547
[SYNC-REQUEST-RESULT] peer=12D3KooW range=2547-2547 count=0 snapshot=false duration_ms=1
[SYNC-REQUEST-RESULT] peer=12D3KooW range=2547-2547 count=0 snapshot=false duration_ms=4
[SYNC-SINGLE] stage=range_fetch requested=2547 result=failed err=single_block_fetch_failed
[SYNC-BATCH-STOP] stage=range_fetch local=2546 target=2547 reason=no_sync_peer exclude=4
[EXEC-QUORUM] height=2547 strict=3 relaxed=2 total=4 live=2 stall=1m28s
2026/05/19 10:27:06 [VOTE-DROP] reason=replay_cache signer=B height=2547 round=0 vote_block=f53eb382 current_block=f53eb382 proposal=2547|0|f53eb382be434e238dc175666a5392d5e07e9dabfe186e770933510402bee0bc||1e5aa924c655edd2cb77c5aec6587a768a93798e543624a31ae02465c9320006 exec=1e5aa924 tx_merkle=
[LEADER-BLOCK-REJECT] height=2547 round=0 reason=duplicate_proposal peer= proposer=B block=f53eb382
[SYNC-SERVE-REQUEST] peer=12D3KooW requested=2547-2547 snapshot=false snapshot_height=0
[SYNC-SERVE-RESPONSE] peer=12D3KooW requested=2547-2547 served=0-0 count=0 snapshot=false tip_gap=true historical_gap=false duration_ms=2
[SYNC-SERVE-REQUEST] peer=12D3KooW requested=2547-2547 snapshot=false snapshot_height=0
[SYNC-SERVE-RESPONSE] peer=12D3KooW requested=2547-2547 served=0-0 count=0 snapshot=false tip_gap=true historical_gap=false duration_ms=2
[SYNC-SERVE-REQUEST] peer=12D3KooW requested=2547-2547 snapshot=false snapshot_height=0
[SYNC-SERVE-RESPONSE] peer=12D3KooW requested=2547-2547 served=0-0 count=0 snapshot=false tip_gap=true historical_gap=false duration_ms=1
2026/05/19 10:27:07 [STARTUP-EXECUTION-SNAPSHOT] action=rebuild begin height=2546
[EMISSION] h=2466 reward=2 treasury=1 validators=1 burn=0 applied_burn=1 chance_bps=10000
2026/05/19 10:27:07 [STARTUP-EXECUTION-SNAPSHOT] action=rebuild resume base=2466 target=2546
2026/05/19 10:27:07 [STARTUP-EXECUTION-SNAPSHOT] action=rebuild status=failed height=2546 err=create_snapshot_failed height=2467 err=execution_snapshot_ledger_unavailable height=2467
[STARTUP-PRECHECK] waiting reason=startup_execution_snapshot_rebuild_failed_h_2546 target=2547
[EXEC-QUORUM] height=2547 strict=3 relaxed=2 total=4 live=2 stall=1m29s
[EXEC-QUORUM] height=2547 strict=3 relaxed=2 total=4 live=2 stall=1m29s
[EXEC-QUORUM] height=2547 strict=3 relaxed=2 total=4 live=2 stall=1m30s
[EXEC-QUORUM] height=2547 strict=3 relaxed=2 total=4 live=2 stall=1m30s
[EXEC-QUORUM] height=2547 strict=3 relaxed=2 total=4 live=2 stall=1m30s
[EXEC-QUORUM] height=2547 strict=3 relaxed=2 total=4 live=2 stall=1m30s
2026/05/19 10:27:08 [STARTUP-EXECUTION-SNAPSHOT] action=rebuild schedule height=2546 reason=prior_rebuild_failed_local_history_ready
[EMISSION] h=2466 reward=2 treasury=1 validators=1 burn=0 applied_burn=1 chance_bps=10000
2026/05/19 10:27:08 [STARTUP-EXECUTION-SNAPSHOT] action=rebuild async_wait height=2546 trigger=prior_rebuild_failed_local_history_ready reason=startup_execution_snapshot_rebuild_failed_h_2546
[SYNC-SERVE-REQUEST] peer=12D3KooW requested=2547-2547 snapshot=false snapshot_height=0
[SYNC-SERVE-RESPONSE] peer=12D3KooW requested=2547-2547 served=0-0 count=0 snapshot=false tip_gap=true historical_gap=false duration_ms=0
[SYNC-SERVE-REQUEST] peer=12D3KooW requested=2547-2547 snapshot=false snapshot_height=0
[SYNC-SERVE-RESPONSE] peer=12D3KooW requested=2547-2547 served=0-0 count=0 snapshot=false tip_gap=true historical_gap=false duration_ms=0
[SYNC-SERVE-REQUEST] peer=12D3KooW requested=2547-2547 snapshot=false snapshot_height=0
[SYNC-SERVE-RESPONSE] peer=12D3KooW requested=2547-2547 served=0-0 count=0 snapshot=false tip_gap=true historical_gap=false duration_ms=0
[EXEC-QUORUM] height=2547 strict=3 relaxed=2 total=4 live=2 stall=1m31s
[EXEC-QUORUM] height=2547 strict=3 relaxed=2 total=4 live=2 stall=1m31s
[EXEC-QUORUM] height=2547 strict=3 relaxed=2 total=4 live=2 stall=1m31s
[REGISTRY-COMMITMENT-CHECK] height=2547 required=true parent_unanchored=false source=chain_parent_commitment expected=9cd32df6 got=9cd32df6
[EXEC-QUORUM] height=2547 strict=3 relaxed=2 total=4 live=2 stall=1m32s
2026/05/19 10:27:10 [EXEC-COMMIT] height=2547 reason=precommit_quorum round=0 block=bad96df2 votes=2 required=2 precommits=2
âŒ Block signature verification failed | proposer=B height=2547 hash=bad96df2 candidates=2 runtime_norm=true runtime_raw=true genesis_norm=true genesis_raw=true
âŒ Block signature verification failed | proposer=B height=2547 hash=bad96df2 candidates=2 runtime_norm=true runtime_raw=true genesis_norm=true genesis_raw=true
2026/05/19 10:27:11 [OK] goroutine pressure normalized: 174 (degrade mode off)
âŒ Block signature verification failed | proposer=B height=2547 hash=bad96df2 candidates=2 runtime_norm=true runtime_raw=true genesis_norm=true genesis_raw=true
[EXEC-QUORUM] height=2547 strict=3 relaxed=2 total=4 live=2 stall=1m33s
âŒ Block signature verification failed | proposer=B height=2547 hash=bad96df2 candidates=2 runtime_norm=true runtime_raw=true genesis_norm=true genesis_raw=true
[REGISTRY-COMMITMENT-CHECK] height=2547 required=true parent_unanchored=false source=chain_parent_commitment expected=9cd32df6 got=9cd32df6
âŒ Block signature verification failed | proposer=B height=2547 hash=bad96df2 candidates=2 runtime_norm=true runtime_raw=true genesis_norm=true genesis_raw=true
[CONSENSUS] height=2546 vhash=d75b74ab validators=4
âŒ Block signature verification failed | proposer=B height=2547 hash=bad96df2 candidates=2 runtime_norm=true runtime_raw=true genesis_norm=true genesis_raw=true
[SYNC-SERVE-REQUEST] peer=12D3KooW requested=2547-2547 snapshot=false snapshot_height=0
[SYNC-SERVE-RESPONSE] peer=12D3KooW requested=2547-2547 served=0-0 count=0 snapshot=false tip_gap=true historical_gap=false duration_ms=6
[SYNC-SERVE-REQUEST] peer=12D3KooW requested=2547-2547 snapshot=false snapshot_height=0
[SYNC-SERVE-RESPONSE] peer=12D3KooW requested=2547-2547 served=0-0 count=0 snapshot=false tip_gap=true historical_gap=false duration_ms=3
âŒ Block signature verification failed | proposer=B height=2547 hash=bad96df2 candidates=2 runtime_norm=true runtime_raw=true genesis_norm=true genesis_raw=true
[SYNC-QUEUE] reason=status_tick local=2546 target=2547
[SYNC] reason=status_tick local=2546 target=2547 votes=3 required=3 stage=direct_gossip action=block_range_fetch
[SYNC-REQUEST-START] peer=12D3KooW range=2547-2547 snapshot=false snapshot_height=0 timeout_ms=15000
[SYNC-REQUEST-START] peer=12D3KooW range=2547-2547 snapshot=false snapshot_height=0 timeout_ms=15000
[SYNC-REQUEST-OPEN] peer=12D3KooW range=2547-2547
[SYNC-REQUEST-OPEN] peer=12D3KooW range=2547-2547
[SYNC-REQUEST-OPEN-OK] peer=12D3KooW range=2547-2547 duration_ms=0
[SYNC-REQUEST-ENCODE] peer=12D3KooW range=2547-2547
[SYNC-REQUEST-ENCODE-OK] peer=12D3KooW range=2547-2547 duration_ms=0
[SYNC-REQUEST-DECODE] peer=12D3KooW range=2547-2547
[SYNC-REQUEST-OPEN-OK] peer=12D3KooW range=2547-2547 duration_ms=0
[SYNC-REQUEST-ENCODE] peer=12D3KooW range=2547-2547
[SYNC-REQUEST-ENCODE-OK] peer=12D3KooW range=2547-2547 duration_ms=1
[SYNC-REQUEST-DECODE] peer=12D3KooW range=2547-2547
[SYNC-REQUEST-RESULT] peer=12D3KooW range=2547-2547 count=0 snapshot=false duration_ms=1
[SYNC-REQUEST-RESULT] peer=12D3KooW range=2547-2547 count=0 snapshot=false duration_ms=3
[SYNC-SINGLE] stage=range_fetch requested=2547 result=failed err=single_block_fetch_failed
[SYNC-REQUEST-START] peer=12D3KooW range=2547-2547 snapshot=false snapshot_height=0 timeout_ms=15000
[SYNC-REQUEST-OPEN] peer=12D3KooW range=2547-2547
[SYNC-REQUEST-START] peer=12D3KooW range=2547-2547 snapshot=false snapshot_height=0 timeout_ms=15000
[SYNC-REQUEST-OPEN] peer=12D3KooW range=2547-2547
[SYNC-REQUEST-OPEN-OK] peer=12D3KooW range=2547-2547 duration_ms=0
[SYNC-REQUEST-ENCODE] peer=12D3KooW range=2547-2547
[SYNC-REQUEST-ENCODE-OK] peer=12D3KooW range=2547-2547 duration_ms=0
[SYNC-REQUEST-DECODE] peer=12D3KooW range=2547-2547
[SYNC-REQUEST-OPEN-OK] peer=12D3KooW range=2547-2547 duration_ms=0
[SYNC-REQUEST-ENCODE] peer=12D3KooW range=2547-2547
[SYNC-REQUEST-ENCODE-OK] peer=12D3KooW range=2547-2547 duration_ms=1
[SYNC-REQUEST-DECODE] peer=12D3KooW range=2547-2547
[SYNC-REQUEST-RESULT] peer=12D3KooW range=2547-2547 count=0 snapshot=false duration_ms=1
[SYNC-REQUEST-RESULT] peer=12D3KooW range=2547-2547 count=0 snapshot=false duration_ms=1
[SYNC-SINGLE] stage=range_fetch requested=2547 result=failed err=single_block_fetch_failed
[SYNC-BATCH-STOP] stage=range_fetch local=2546 target=2547 reason=no_sync_peer exclude=4
âŒ Block signature verification failed | proposer=B height=2547 hash=bad96df2 candidates=2 runtime_norm=true runtime_raw=true genesis_norm=true genesis_raw=true
âŒ Block signature verification failed | proposer=B height=2547 hash=bad96df2 candidates=2 runtime_norm=true runtime_raw=true genesis_norm=true genesis_raw=true
[EMISSION] h=2466 reward=2 treasury=1 validators=1 burn=0 applied_burn=1 chance_bps=10000
âŒ Block signature verification failed | proposer=B height=2547 hash=bad96df2 candidates=2 runtime_norm=true runtime_raw=true genesis_norm=true genesis_raw=true
Ã°Å¸â€œÂ¨ Consensus message from 12D3KooWPVKESWFG9sS8G6vjhfPn54kWuNFkkuHwG4yQXhYRcXjX: leader_block (size: 1311 bytes)
Ã°Å¸â€œÂ¦ Leader block received from 12D3KooWPVKESWFG9sS8G6vjhfPn54kWuNFkkuHwG4yQXhYRcXjX | height=2547 proposer=B
Ã°Å¸â€Å’ Consensus stream EOF from 12D3KooWPVKESWFG9sS8G6vjhfPn54kWuNFkkuHwG4yQXhYRcXjX
Ã°Å¸â€Å’ Consensus stream closed with 12D3KooWPVKESWFG9sS8G6vjhfPn54kWuNFkkuHwG4yQXhYRcXjX
Ã°Å¸â€œÂ¨ Consensus message from 12D3KooWPVKESWFG9sS8G6vjhfPn54kWuNFkkuHwG4yQXhYRcXjX: execution_result (size: 359 bytes)
Ã°Å¸â€Å’ Consensus stream EOF from 12D3KooWPVKESWFG9sS8G6vjhfPn54kWuNFkkuHwG4yQXhYRcXjX
Ã°Å¸â€Å’ Consensus stream closed with 12D3KooWPVKESWFG9sS8G6vjhfPn54kWuNFkkuHwG4yQXhYRcXjX
âŒ Block signature verification failed | proposer=B height=2547 hash=bad96df2 candidates=2 runtime_norm=true runtime_raw=true genesis_norm=true genesis_raw=true
[SYNC-BLOCK-REJECT] stage=direct_gossip provider=12D3KooW local=2546 next=2547 got=2547 reason=validation_failed queue_tip=2547 proposer=B hash=bad96df2 prev=8da4f6f5
[APPLY-FAIL] h=2547 hash=bad96df2 reason=validation_failed fail_count=5
[SYNC-SERVE-REQUEST] peer=12D3KooW requested=2547-2547 snapshot=false snapshot_height=0
[SYNC-SERVE-RESPONSE] peer=12D3KooW requested=2547-2547 served=0-0 count=0 snapshot=false tip_gap=true historical_gap=false duration_ms=1
[EXEC-QUORUM] height=2547 strict=3 relaxed=2 total=4 live=2 stall=1m34s
2026/05/19 10:27:12 [VOTE-DROP] reason=replay_cache signer=B height=2547 round=0 vote_block=f53eb382 current_block=f53eb382 proposal=2547|0|f53eb382be434e238dc175666a5392d5e07e9dabfe186e770933510402bee0bc||1e5aa924c655edd2cb77c5aec6587a768a93798e543624a31ae02465c9320006 exec=1e5aa924 tx_merkle=
[LEADER-BLOCK-REJECT] height=2547 round=0 reason=duplicate_proposal peer=12D3KooWPVKESWFG9sS8G6vjhfPn54kWuNFkkuHwG4yQXhYRcXjX proposer=B block=f53eb382
[LEADER-BLOCK-REJECT] height=2547 round=0 reason=duplicate_proposal peer=12D3KooWPVKESWFG9sS8G6vjhfPn54kWuNFkkuHwG4yQXhYRcXjX proposer=B block=f53eb382
Validator heartbeat received: B | reported_height=2546 | finalized_height=2546 | local_exec_epoch=2547
[SNAPSHOT-PUBLISH] deferred height=2546 reason=auto_publish_interval_10
Validator heartbeat: A | reported_height=2546 | finalized_height=2546 | local_exec_epoch=2547
[EXEC-QUORUM] height=2547 strict=3 relaxed=2 total=4 live=2 stall=1m34s
[EXEC-QUORUM] height=2547 strict=3 relaxed=2 total=4 live=2 stall=1m34s
[EXEC-QUORUM] height=2547 strict=3 relaxed=2 total=4 live=2 stall=1m35s
[SYNC] reason=heartbeat local=2546 target=2547 votes=3 required=3 stage=direct_gossip action=block_range_fetch
[SYNC-REQUEST-START] peer=12D3KooW range=2547-2547 snapshot=false snapshot_height=0 timeout_ms=15000
[SYNC-REQUEST-OPEN] peer=12D3KooW range=2547-2547
[SYNC-REQUEST-START] peer=12D3KooW range=2547-2547 snapshot=false snapshot_height=0 timeout_ms=15000
[SYNC-REQUEST-OPEN] peer=12D3KooW range=2547-2547
[SYNC-REQUEST-OPEN-OK] peer=12D3KooW range=2547-2547 duration_ms=1
[SYNC-REQUEST-ENCODE] peer=12D3KooW range=2547-2547
[SYNC-REQUEST-OPEN-OK] peer=12D3KooW range=2547-2547 duration_ms=1
[SYNC-REQUEST-ENCODE] peer=12D3KooW range=2547-2547
[SYNC-REQUEST-ENCODE-OK] peer=12D3KooW range=2547-2547 duration_ms=0
[SYNC-REQUEST-DECODE] peer=12D3KooW range=2547-2547
[SYNC-REQUEST-ENCODE-OK] peer=12D3KooW range=2547-2547 duration_ms=0
[SYNC-REQUEST-DECODE] peer=12D3KooW range=2547-2547
[SYNC-REQUEST-RESULT] peer=12D3KooW range=2547-2547 count=0 snapshot=false duration_ms=0
[SYNC-REQUEST-RESULT] peer=12D3KooW range=2547-2547 count=0 snapshot=false duration_ms=1
[SYNC-SINGLE] stage=range_fetch requested=2547 result=failed err=single_block_fetch_failed
[SYNC-REQUEST-START] peer=12D3KooW range=2547-2547 snapshot=false snapshot_height=0 timeout_ms=15000
[SYNC-REQUEST-OPEN] peer=12D3KooW range=2547-2547
[SYNC-REQUEST-START] peer=12D3KooW range=2547-2547 snapshot=false snapshot_height=0 timeout_ms=15000
[SYNC-REQUEST-OPEN] peer=12D3KooW range=2547-2547
[SYNC-REQUEST-OPEN-OK] peer=12D3KooW range=2547-2547 duration_ms=1
[SYNC-REQUEST-ENCODE] peer=12D3KooW range=2547-2547
[SYNC-REQUEST-ENCODE-OK] peer=12D3KooW range=2547-2547 duration_ms=0
[SYNC-REQUEST-DECODE] peer=12D3KooW range=2547-2547
[SYNC-REQUEST-OPEN-OK] peer=12D3KooW range=2547-2547 duration_ms=0
[SYNC-REQUEST-ENCODE] peer=12D3KooW range=2547-2547
[SYNC-REQUEST-ENCODE-OK] peer=12D3KooW range=2547-2547 duration_ms=0
[SYNC-REQUEST-DECODE] peer=12D3KooW range=2547-2547
[SYNC-REQUEST-RESULT] peer=12D3KooW range=2547-2547 count=0 snapshot=false duration_ms=1
[SYNC-REQUEST-RESULT] peer=12D3KooW range=2547-2547 count=0 snapshot=false duration_ms=0
[SYNC-SINGLE] stage=range_fetch requested=2547 result=failed err=single_block_fetch_failed
[SYNC-BATCH-STOP] stage=range_fetch local=2546 target=2547 reason=no_sync_peer exclude=4
[SYNC-SERVE-REQUEST] peer=12D3KooW requested=2547-2547 snapshot=false snapshot_height=0
[SYNC-SERVE-RESPONSE] peer=12D3KooW requested=2547-2547 served=0-0 count=0 snapshot=false tip_gap=true historical_gap=false duration_ms=0
[SYNC-SERVE-REQUEST] peer=12D3KooW requested=2547-2547 snapshot=false snapshot_height=0
[SYNC-SERVE-RESPONSE] peer=12D3KooW requested=2547-2547 served=0-0 count=0 snapshot=false tip_gap=true historical_gap=false duration_ms=0
[EXEC-QUORUM] height=2547 strict=3 relaxed=2 total=4 live=2 stall=1m36s
[EXEC-QUORUM] height=2547 strict=3 relaxed=2 total=4 live=2 stall=1m36s
[SYNC-SERVE-REQUEST] peer=12D3KooW requested=2547-2547 snapshot=false snapshot_height=0
[SYNC-SERVE-RESPONSE] peer=12D3KooW requested=2547-2547 served=0-0 count=0 snapshot=false tip_gap=true historical_gap=false duration_ms=1
[EXEC-QUORUM] height=2547 strict=3 relaxed=2 total=4 live=2 stall=1m36s
[REGISTRY-COMMITMENT-CHECK] height=2547 required=true parent_unanchored=false source=chain_parent_commitment expected=9cd32df6 got=9cd32df6
[EXEC-QUORUM] height=2547 strict=3 relaxed=2 total=4 live=2 stall=1m37s
[EXEC-QUORUM] height=2547 strict=3 relaxed=2 total=4 live=2 stall=1m37s
2026/05/19 10:27:15 [STARTUP-EXECUTION-SNAPSHOT] action=rebuild schedule height=2546 reason=prior_rebuild_failed_local_history_ready
2026/05/19 10:27:15 [STARTUP-EXECUTION-SNAPSHOT] action=rebuild begin height=2546
[EMISSION] h=2466 reward=2 treasury=1 validators=1 burn=0 applied_burn=1 chance_bps=10000
2026/05/19 10:27:15 [STARTUP-EXECUTION-SNAPSHOT] action=rebuild resume base=2466 target=2546
2026/05/19 10:27:15 [STARTUP-EXECUTION-SNAPSHOT] action=rebuild status=failed height=2546 err=create_snapshot_failed height=2467 err=execution_snapshot_ledger_unavailable height=2467
2026/05/19 10:27:15 [STARTUP-EXECUTION-SNAPSHOT] action=rebuild async_wait height=2546 trigger=prior_rebuild_failed_local_history_ready reason=startup_execution_snapshot_rebuild_failed_h_2546
[EMISSION] h=2466 reward=2 treasury=1 validators=1 burn=0 applied_burn=1 chance_bps=10000
[STARTUP-PRECHECK] waiting reason=startup_execution_snapshot_rebuild_failed_h_2546 target=2547
[EXEC-QUORUM] height=2547 strict=3 relaxed=2 total=4 live=2 stall=1m37s
[EXEC-QUORUM] height=2547 strict=3 relaxed=2 total=4 live=2 stall=1m38s
2026/05/19 10:27:16 [EXEC-COMMIT] height=2547 reason=precommit_quorum round=0 block=bad96df2 votes=2 required=2 precommits=2
âŒ Block signature verification failed | proposer=B height=2547 hash=bad96df2 candidates=2 runtime_norm=true runtime_raw=true genesis_norm=true genesis_raw=true
[STATUS] height=2546 finalized=2546 peers=4 validators=2 strict_live=2 heartbeat_live=2 out_of_drift=0 drift_limit=8 syncing=false sync_complete=true execution_ready=false execution_reason=startup_execution_snapshot_rebuild_pending_h_2546 gossip=true gossip_pipeline=new_block_gossip_validate_apply consensus_running=false mode=observer vote=false propose=false role=full validator_state=observer warmup_seconds=0 ready=false reason=startup_execution_snapshot_rebuild_pending_h_2546 snapshot_source=none expected_source=chain_parent_commitment expected_hash=d75b74ab resolved_source=chain_parent_commitment resolved_hash=d75b74ab next_source=carry_forward next_hash=d75b74ab got_hash= authority=chain_parent_commitment hash_mode=legacy
[SYNC-QUEUE] reason=late_join local=2546 target=2547
[SYNC] reason=late_join local=2546 target=2547 votes=3 required=3 stage=direct_gossip action=block_range_fetch
[SYNC-REQUEST-START] peer=12D3KooW range=2547-2547 snapshot=false snapshot_height=0 timeout_ms=15000
[SYNC-REQUEST-OPEN] peer=12D3KooW range=2547-2547
[SYNC-REQUEST-START] peer=12D3KooW range=2547-2547 snapshot=false snapshot_height=0 timeout_ms=15000
[SYNC-REQUEST-OPEN] peer=12D3KooW range=2547-2547
[SYNC-REQUEST-OPEN-OK] peer=12D3KooW range=2547-2547 duration_ms=0
[SYNC-REQUEST-ENCODE] peer=12D3KooW range=2547-2547
[SYNC-REQUEST-OPEN-OK] peer=12D3KooW range=2547-2547 duration_ms=0
[SYNC-REQUEST-ENCODE] peer=12D3KooW range=2547-2547
[SYNC-REQUEST-ENCODE-OK] peer=12D3KooW range=2547-2547 duration_ms=0
[SYNC-REQUEST-DECODE] peer=12D3KooW range=2547-2547
[SYNC-REQUEST-ENCODE-OK] peer=12D3KooW range=2547-2547 duration_ms=0
[SYNC-REQUEST-DECODE] peer=12D3KooW range=2547-2547
[SYNC-REQUEST-RESULT] peer=12D3KooW range=2547-2547 count=0 snapshot=false duration_ms=0
âŒ Block signature verification failed | proposer=B height=2547 hash=bad96df2 candidates=2 runtime_norm=true runtime_raw=true genesis_norm=true genesis_raw=true
[SYNC-REQUEST-RESULT] peer=12D3KooW range=2547-2547 count=0 snapshot=false duration_ms=0
[SYNC-SINGLE] stage=range_fetch requested=2547 result=failed err=single_block_fetch_failed
[SYNC-REQUEST-START] peer=12D3KooW range=2547-2547 snapshot=false snapshot_height=0 timeout_ms=15000
[SYNC-REQUEST-OPEN] peer=12D3KooW range=2547-2547
[SYNC-REQUEST-START] peer=12D3KooW range=2547-2547 snapshot=false snapshot_height=0 timeout_ms=15000
[SYNC-REQUEST-OPEN-OK] peer=12D3KooW range=2547-2547 duration_ms=0
[SYNC-REQUEST-ENCODE] peer=12D3KooW range=2547-2547
[SYNC-REQUEST-ENCODE-OK] peer=12D3KooW range=2547-2547 duration_ms=0
[SYNC-REQUEST-DECODE] peer=12D3KooW range=2547-2547
[SYNC-REQUEST-OPEN] peer=12D3KooW range=2547-2547
[SYNC-REQUEST-OPEN-OK] peer=12D3KooW range=2547-2547 duration_ms=1
[SYNC-REQUEST-ENCODE] peer=12D3KooW range=2547-2547
[SYNC-REQUEST-ENCODE-OK] peer=12D3KooW range=2547-2547 duration_ms=0
[SYNC-REQUEST-DECODE] peer=12D3KooW range=2547-2547
[SYNC-REQUEST-RESULT] peer=12D3KooW range=2547-2547 count=0 snapshot=false duration_ms=0
[SYNC-REQUEST-RESULT] peer=12D3KooW range=2547-2547 count=0 snapshot=false duration_ms=1
[SYNC-SINGLE] stage=range_fetch requested=2547 result=failed err=single_block_fetch_failed
[SYNC-BATCH-STOP] stage=range_fetch local=2546 target=2547 reason=no_sync_peer exclude=4
[EXEC-QUORUM] height=2547 strict=3 relaxed=2 total=4 live=2 stall=1m38s
2026/05/19 10:27:16 [VOTE-DROP] reason=replay_cache signer=A height=2547 round=0 vote_block=f53eb382 current_block=f53eb382 proposal=2547|0|f53eb382be434e238dc175666a5392d5e07e9dabfe186e770933510402bee0bc||1e5aa924c655edd2cb77c5aec6587a768a93798e543624a31ae02465c9320006 exec=1e5aa924 tx_merkle=
âŒ Block signature verification failed | proposer=B height=2547 hash=bad96df2 candidates=2 runtime_norm=true runtime_raw=true genesis_norm=true genesis_raw=true
âŒ Block signature verification failed | proposer=B height=2547 hash=bad96df2 candidates=2 runtime_norm=true runtime_raw=true genesis_norm=true genesis_raw=true
âŒ Block signature verification failed | proposer=B height=2547 hash=bad96df2 candidates=2 runtime_norm=true runtime_raw=true genesis_norm=true genesis_raw=true
[EXEC-QUORUM] height=2547 strict=3 relaxed=2 total=4 live=2 stall=1m38s
âŒ Block signature verification failed | proposer=B height=2547 hash=bad96df2 candidates=2 runtime_norm=true runtime_raw=true genesis_norm=true genesis_raw=true
âŒ Block signature verification failed | proposer=B height=2547 hash=bad96df2 candidates=2 runtime_norm=true runtime_raw=true genesis_norm=true genesis_raw=true
âŒ Block signature verification failed | proposer=B height=2547 hash=bad96df2 candidates=2 runtime_norm=true runtime_raw=true genesis_norm=true genesis_raw=true
âŒ Block signature verification failed | proposer=B height=2547 hash=bad96df2 candidates=2 runtime_norm=true runtime_raw=true genesis_norm=true genesis_raw=true
âŒ Block signature verification failed | proposer=B height=2547 hash=bad96df2 candidates=2 runtime_norm=true runtime_raw=true genesis_norm=true genesis_raw=true
[EXEC-QUORUM] height=2547 strict=3 relaxed=2 total=4 live=2 stall=1m39s
âŒ Block signature verification failed | proposer=B height=2547 hash=bad96df2 candidates=2 runtime_norm=true runtime_raw=true genesis_norm=true genesis_raw=true
[SYNC-BLOCK-REJECT] stage=direct_gossip provider=12D3KooW local=2546 next=2547 got=2547 reason=validation_failed queue_tip=2547 proposer=B hash=bad96df2 prev=8da4f6f5
[APPLY-FAIL] h=2547 hash=bad96df2 reason=validation_failed fail_count=6
Validator heartbeat received: A | reported_height=2546 | finalized_height=2546 | local_exec_epoch=2547
[SNAPSHOT-PUBLISH] deferred height=2546 reason=auto_publish_interval_10
Candidate heartbeat received: D | reported_height=2334 | finalized_height=2334 | local_exec_epoch=2335
[EXEC-QUORUM] height=2547 strict=3 relaxed=2 total=4 live=2 stall=1m40s
Candidate heartbeat received: D | reported_height=2335 | finalized_height=2335 | local_exec_epoch=2336
Validator heartbeat: B | reported_height=2546 | finalized_height=2546 | local_exec_epoch=2547
[SYNC] reason=heartbeat local=2546 target=2547 votes=3 required=3 stage=direct_gossip action=block_range_fetch
[SYNC-REQUEST-START] peer=12D3KooW range=2547-2547 snapshot=false snapshot_height=0 timeout_ms=15000
[SYNC-REQUEST-START] peer=12D3KooW range=2547-2547 snapshot=false snapshot_height=0 timeout_ms=15000
[SYNC-REQUEST-OPEN] peer=12D3KooW range=2547-2547
[SYNC-REQUEST-OPEN] peer=12D3KooW range=2547-2547
[SYNC-REQUEST-OPEN-OK] peer=12D3KooW range=2547-2547 duration_ms=0
[SYNC-REQUEST-OPEN-OK] peer=12D3KooW range=2547-2547 duration_ms=0
[SYNC-REQUEST-ENCODE] peer=12D3KooW range=2547-2547
[SYNC-REQUEST-ENCODE] peer=12D3KooW range=2547-2547
[SYNC-REQUEST-ENCODE-OK] peer=12D3KooW range=2547-2547 duration_ms=0
[SYNC-REQUEST-ENCODE-OK] peer=12D3KooW range=2547-2547 duration_ms=0
[SYNC-REQUEST-DECODE] peer=12D3KooW range=2547-2547
[SYNC-REQUEST-DECODE] peer=12D3KooW range=2547-2547
[SYNC-REQUEST-RESULT] peer=12D3KooW range=2547-2547 count=0 snapshot=false duration_ms=0
[SYNC-REQUEST-RESULT] peer=12D3KooW range=2547-2547 count=0 snapshot=false duration_ms=0
[SYNC-SINGLE] stage=range_fetch requested=2547 result=failed err=single_block_fetch_failed
[SYNC-REQUEST-START] peer=12D3KooW range=2547-2547 snapshot=false snapshot_height=0 timeout_ms=15000
[SYNC-REQUEST-OPEN] peer=12D3KooW range=2547-2547
[SYNC-REQUEST-START] peer=12D3KooW range=2547-2547 snapshot=false snapshot_height=0 timeout_ms=15000
[SYNC-REQUEST-OPEN] peer=12D3KooW range=2547-2547
[SYNC-REQUEST-OPEN-OK] peer=12D3KooW range=2547-2547 duration_ms=0
[SYNC-REQUEST-ENCODE] peer=12D3KooW range=2547-2547
[SYNC-REQUEST-OPEN-OK] peer=12D3KooW range=2547-2547 duration_ms=0
[SYNC-REQUEST-ENCODE] peer=12D3KooW range=2547-2547
[SYNC-REQUEST-ENCODE-OK] peer=12D3KooW range=2547-2547 duration_ms=0
[SYNC-REQUEST-DECODE] peer=12D3KooW range=2547-2547
[SYNC-REQUEST-ENCODE-OK] peer=12D3KooW range=2547-2547 duration_ms=0
[SYNC-REQUEST-DECODE] peer=12D3KooW range=2547-2547
[SYNC-REQUEST-RESULT] peer=12D3KooW range=2547-2547 count=0 snapshot=false duration_ms=0
[SYNC-REQUEST-RESULT] peer=12D3KooW range=2547-2547 count=0 snapshot=false duration_ms=1
[SYNC-SINGLE] stage=range_fetch requested=2547 result=failed err=single_block_fetch_failed
[SYNC-BATCH-STOP] stage=range_fetch local=2546 target=2547 reason=no_sync_peer exclude=4
[SYNC-SERVE-REQUEST] peer=12D3KooW requested=2547-2547 snapshot=false snapshot_height=0
[SYNC-SERVE-RESPONSE] peer=12D3KooW requested=2547-2547 served=0-0 count=0 snapshot=false tip_gap=true historical_gap=false duration_ms=0
[SYNC-SERVE-REQUEST] peer=12D3KooW requested=2547-2547 snapshot=false snapshot_height=0
[SYNC-SERVE-RESPONSE] peer=12D3KooW requested=2547-2547 served=0-0 count=0 snapshot=false tip_gap=true historical_gap=false duration_ms=0
[REGISTRY-COMMITMENT-CHECK] height=2547 required=true parent_unanchored=false source=chain_parent_commitment expected=9cd32df6 got=9cd32df6
[EMISSION] h=2466 reward=2 treasury=1 validators=1 burn=0 applied_burn=1 chance_bps=10000
[SYNC-SERVE-REQUEST] peer=12D3KooW requested=2547-2547 snapshot=false snapshot_height=0
[SYNC-SERVE-RESPONSE] peer=12D3KooW requested=2547-2547 served=0-0 count=0 snapshot=false tip_gap=true historical_gap=false duration_ms=1
[EXEC-QUORUM] height=2547 strict=3 relaxed=2 total=4 live=2 stall=1m41s
Validator heartbeat: C | reported_height=2546 | finalized_height=2546 | local_exec_epoch=2547
Heartbeat sent: C finalized=2546 epoch=2547
[EXEC-QUORUM] height=2547 strict=3 relaxed=2 total=4 live=2 stall=1m42s
[EXEC-QUORUM] height=2547 strict=3 relaxed=2 total=4 live=2 stall=1m42s
[EXEC-QUORUM] height=2547 strict=3 relaxed=2 total=4 live=2 stall=1m42s
[EXEC-QUORUM] height=2547 strict=3 relaxed=2 total=4 live=2 stall=1m42s
[EXEC-QUORUM] height=2547 strict=3 relaxed=2 total=4 live=2 stall=1m42s
2026/05/19 10:27:21 [OK] goroutine pressure normalized: 174 (degrade mode off)
[SYNC-SERVE-REQUEST] peer=12D3KooW requested=2547-2547 snapshot=false snapshot_height=0
[SYNC-SERVE-RESPONSE] peer=12D3KooW requested=2547-2547 served=0-0 count=0 snapshot=false tip_gap=true historical_gap=false duration_ms=2
[SYNC-SERVE-REQUEST] peer=12D3KooW requested=2547-2547 snapshot=false snapshot_height=0
[SYNC-SERVE-RESPONSE] peer=12D3KooW requested=2547-2547 served=0-0 count=0 snapshot=false tip_gap=true historical_gap=false duration_ms=1
[SYNC-QUEUE] reason=late_join local=2546 target=2547
[SYNC] reason=late_join local=2546 target=2547 votes=3 required=3 stage=direct_gossip action=block_range_fetch
[SYNC-REQUEST-START] peer=12D3KooW range=2547-2547 snapshot=false snapshot_height=0 timeout_ms=15000
[SYNC-REQUEST-OPEN] peer=12D3KooW range=2547-2547
[SYNC-REQUEST-START] peer=12D3KooW range=2547-2547 snapshot=false snapshot_height=0 timeout_ms=15000
[SYNC-REQUEST-OPEN] peer=12D3KooW range=2547-2547
[SYNC-REQUEST-OPEN-OK] peer=12D3KooW range=2547-2547 duration_ms=1
[SYNC-REQUEST-ENCODE] peer=12D3KooW range=2547-2547
[SYNC-REQUEST-OPEN-OK] peer=12D3KooW range=2547-2547 duration_ms=0
[SYNC-REQUEST-ENCODE-OK] peer=12D3KooW range=2547-2547 duration_ms=0
[SYNC-REQUEST-DECODE] peer=12D3KooW range=2547-2547
[SYNC-REQUEST-ENCODE] peer=12D3KooW range=2547-2547
[SYNC-REQUEST-ENCODE-OK] peer=12D3KooW range=2547-2547 duration_ms=0
[SYNC-REQUEST-DECODE] peer=12D3KooW range=2547-2547
[SYNC-REQUEST-RESULT] peer=12D3KooW range=2547-2547 count=0 snapshot=false duration_ms=0
[SYNC-REQUEST-RESULT] peer=12D3KooW range=2547-2547 count=0 snapshot=false duration_ms=1
[SYNC-SINGLE] stage=range_fetch requested=2547 result=failed err=single_block_fetch_failed
[SYNC-REQUEST-START] peer=12D3KooW range=2547-2547 snapshot=false snapshot_height=0 timeout_ms=15000
[SYNC-REQUEST-OPEN] peer=12D3KooW range=2547-2547
[SYNC-REQUEST-OPEN-OK] peer=12D3KooW range=2547-2547 duration_ms=1
[SYNC-REQUEST-ENCODE] peer=12D3KooW range=2547-2547
[SYNC-REQUEST-ENCODE-OK] peer=12D3KooW range=2547-2547 duration_ms=0
[SYNC-REQUEST-DECODE] peer=12D3KooW range=2547-2547
[SYNC-REQUEST-START] peer=12D3KooW range=2547-2547 snapshot=false snapshot_height=0 timeout_ms=15000
[SYNC-REQUEST-OPEN] peer=12D3KooW range=2547-2547
[SYNC-REQUEST-OPEN-OK] peer=12D3KooW range=2547-2547 duration_ms=0
[SYNC-REQUEST-ENCODE] peer=12D3KooW range=2547-2547
[SYNC-REQUEST-ENCODE-OK] peer=12D3KooW range=2547-2547 duration_ms=0
[SYNC-REQUEST-DECODE] peer=12D3KooW range=2547-2547
[SYNC-REQUEST-RESULT] peer=12D3KooW range=2547-2547 count=0 snapshot=false duration_ms=0
[SYNC-REQUEST-RESULT] peer=12D3KooW range=2547-2547 count=0 snapshot=false duration_ms=0
[SYNC-SINGLE] stage=range_fetch requested=2547 result=failed err=single_block_fetch_failed
[SYNC-BATCH-STOP] stage=range_fetch local=2546 target=2547 reason=no_sync_peer exclude=4
[EXEC-QUORUM] height=2547 strict=3 relaxed=2 total=4 live=2 stall=1m43s
2026/05/19 10:27:22 [STARTUP-EXECUTION-SNAPSHOT] action=rebuild begin height=2546
[EMISSION] h=2466 reward=2 treasury=1 validators=1 burn=0 applied_burn=1 chance_bps=10000
2026/05/19 10:27:22 [STARTUP-EXECUTION-SNAPSHOT] action=rebuild resume base=2466 target=2546
2026/05/19 10:27:22 [STARTUP-EXECUTION-SNAPSHOT] action=rebuild status=failed height=2546 err=create_snapshot_failed height=2467 err=execution_snapshot_ledger_unavailable height=2467
Blocked leader broadcast @ epoch 2547: proposal gated: startup_execution_snapshot_rebuild_failed_h_2546
2026/05/19 10:27:22 [EXEC-BROADCAST-DEFER] validator=C height=2547 reason=exec_changed exec=1e5aa924 tx_merkle= current_runtime=ab74f64c current_execution=ab74f64c current_tip=2546/8da4f6f5 proposal=2547|0|f53eb382be434e238dc175666a5392d5e07e9dabfe186e770933510402bee0bc||1e5aa924c655edd2cb77c5aec6587a768a93798e543624a31ae02465c9320006 block=f53eb382 prev=8da4f6f5
[EXEC-QUORUM] height=2547 strict=3 relaxed=2 total=4 live=2 stall=1m44s
[EXEC-QUORUM] height=2547 strict=3 relaxed=2 total=4 live=2 stall=1m44s
[EXEC-QUORUM] height=2547 strict=3 relaxed=2 total=4 live=2 stall=1m44s
Attempting to connect to 4 peers
2026/05/19 10:27:23 [STARTUP-EXECUTION-SNAPSHOT] action=rebuild schedule height=2546 reason=prior_rebuild_failed_local_history_ready
[EMISSION] h=2466 reward=2 treasury=1 validators=1 burn=0 applied_burn=1 chance_bps=10000
2026/05/19 10:27:23 [STARTUP-EXECUTION-SNAPSHOT] action=rebuild async_wait height=2546 trigger=prior_rebuild_failed_local_history_ready reason=startup_execution_snapshot_rebuild_failed_h_2546
[EXEC-QUORUM] height=2547 strict=3 relaxed=2 total=4 live=2 stall=1m45s
2026/05/19 10:27:23 [EXEC-COMMIT] height=2547 reason=precommit_quorum round=0 block=bad96df2 votes=2 required=2 precommits=2
âŒ Block signature verification failed | proposer=B height=2547 hash=bad96df2 candidates=2 runtime_norm=true runtime_raw=true genesis_norm=true genesis_raw=true
âŒ Block signature verification failed | proposer=B height=2547 hash=bad96df2 candidates=2 runtime_norm=true runtime_raw=true genesis_norm=true genesis_raw=true
[EMISSION] h=2466 reward=2 treasury=1 validators=1 burn=0 applied_burn=1 chance_bps=10000
[STARTUP-PRECHECK] waiting reason=startup_execution_snapshot_rebuild_failed_h_2546 target=2547
âŒ Block signature verification failed | proposer=B height=2547 hash=bad96df2 candidates=2 runtime_norm=true runtime_raw=true genesis_norm=true genesis_raw=true
[REGISTRY-COMMITMENT-CHECK] height=2547 required=true parent_unanchored=false source=chain_parent_commitment expected=9cd32df6 got=9cd32df6
âŒ Block signature verification failed | proposer=B height=2547 hash=bad96df2 candidates=2 runtime_norm=true runtime_raw=true genesis_norm=true genesis_raw=true
âŒ Block signature verification failed | proposer=B height=2547 hash=bad96df2 candidates=2 runtime_norm=true runtime_raw=true genesis_norm=true genesis_raw=true
[SYNC-SERVE-REQUEST] peer=12D3KooW requested=2547-2547 snapshot=false snapshot_height=0
[SYNC-SERVE-RESPONSE] peer=12D3KooW requested=2547-2547 served=0-0 count=0 snapshot=false tip_gap=true historical_gap=false duration_ms=0
[SYNC-SERVE-REQUEST] peer=12D3KooW requested=2547-2547 snapshot=false snapshot_height=0
[SYNC-SERVE-RESPONSE] peer=12D3KooW requested=2547-2547 served=0-0 count=0 snapshot=false tip_gap=true historical_gap=false duration_ms=0
[EXEC-QUORUM] height=2547 strict=3 relaxed=2 total=4 live=2 stall=1m45s
âŒ Block signature verification failed | proposer=B height=2547 hash=bad96df2 candidates=2 runtime_norm=true runtime_raw=true genesis_norm=true genesis_raw=true
âŒ Block signature verification failed | proposer=B height=2547 hash=bad96df2 candidates=2 runtime_norm=true runtime_raw=true genesis_norm=true genesis_raw=true
âŒ Block signature verification failed | proposer=B height=2547 hash=bad96df2 candidates=2 runtime_norm=true runtime_raw=true genesis_norm=true genesis_raw=true
[SYNC-SERVE-REQUEST] peer=12D3KooW requested=2547-2547 snapshot=false snapshot_height=0
[SYNC-SERVE-RESPONSE] peer=12D3KooW requested=2547-2547 served=0-0 count=0 snapshot=false tip_gap=true historical_gap=false duration_ms=0
âŒ Block signature verification failed | proposer=B height=2547 hash=bad96df2 candidates=2 runtime_norm=true runtime_raw=true genesis_norm=true genesis_raw=true
[LEADER-BLOCK-REJECT] height=2547 round=0 reason=duplicate_proposal peer=12D3KooWHdmUKc1bYKY3scg6TqGhK3SutwH9hu1aAez4VmvwkEyk proposer=B block=f53eb382
Ã°Å¸â€œÂ¨ Consensus message from 12D3KooWHdmUKc1bYKY3scg6TqGhK3SutwH9hu1aAez4VmvwkEyk: leader_block (size: 1311 bytes)
Ã°Å¸â€œÂ¦ Leader block received from 12D3KooWHdmUKc1bYKY3scg6TqGhK3SutwH9hu1aAez4VmvwkEyk | height=2547 proposer=B
Ã°Å¸â€Å’ Consensus stream EOF from 12D3KooWHdmUKc1bYKY3scg6TqGhK3SutwH9hu1aAez4VmvwkEyk
Ã°Å¸â€Å’ Consensus stream closed with 12D3KooWHdmUKc1bYKY3scg6TqGhK3SutwH9hu1aAez4VmvwkEyk
[LEADER-BLOCK-REJECT] height=2547 round=0 reason=duplicate_proposal peer=12D3KooWHdmUKc1bYKY3scg6TqGhK3SutwH9hu1aAez4VmvwkEyk proposer=B block=f53eb382
Ã°Å¸â€œÂ¨ Consensus message from 12D3KooWHdmUKc1bYKY3scg6TqGhK3SutwH9hu1aAez4VmvwkEyk: execution_result (size: 359 bytes)
Ã°Å¸â€Å’ Consensus stream EOF from 12D3KooWHdmUKc1bYKY3scg6TqGhK3SutwH9hu1aAez4VmvwkEyk
Ã°Å¸â€Å’ Consensus stream closed with 12D3KooWHdmUKc1bYKY3scg6TqGhK3SutwH9hu1aAez4VmvwkEyk
[EXEC-QUORUM] height=2547 strict=3 relaxed=2 total=4 live=2 stall=1m46s
âŒ Block signature verification failed | proposer=B height=2547 hash=bad96df2 candidates=2 runtime_norm=true runtime_raw=true genesis_norm=true genesis_raw=true
âŒ Block signature verification failed | proposer=B height=2547 hash=bad96df2 candidates=2 runtime_norm=true runtime_raw=true genesis_norm=true genesis_raw=true
[SYNC-BLOCK-REJECT] stage=direct_gossip provider=12D3KooW local=2546 next=2547 got=2547 reason=validation_failed queue_tip=2547 proposer=B hash=bad96df2 prev=8da4f6f5
[APPLY-FAIL] h=2547 hash=bad96df2 reason=validation_failed fail_count=7
Validator heartbeat received: A | reported_height=2546 | finalized_height=2546 | local_exec_epoch=2547
[SNAPSHOT-PUBLISH] deferred height=2546 reason=auto_publish_interval_10
Candidate heartbeat received: D | reported_height=2334 | finalized_height=2334 | local_exec_epoch=2335
[SYNC-QUEUE] reason=invalid_block_signature local=2546 target=2547
[SYNC] reason=invalid_block_signature local=2546 target=2547 votes=3 required=3 stage=direct_gossip action=block_range_fetch
[SYNC-REQUEST-START] peer=12D3KooW range=2547-2547 snapshot=false snapshot_height=0 timeout_ms=15000
[SYNC-REQUEST-OPEN] peer=12D3KooW range=2547-2547
[SYNC-REQUEST-START] peer=12D3KooW range=2547-2547 snapshot=false snapshot_height=0 timeout_ms=15000
[SYNC-REQUEST-OPEN] peer=12D3KooW range=2547-2547
[SYNC-REQUEST-OPEN-OK] peer=12D3KooW range=2547-2547 duration_ms=0
[SYNC-REQUEST-ENCODE] peer=12D3KooW range=2547-2547
[SYNC-REQUEST-OPEN-OK] peer=12D3KooW range=2547-2547 duration_ms=0
[SYNC-REQUEST-ENCODE] peer=12D3KooW range=2547-2547
[SYNC-REQUEST-ENCODE-OK] peer=12D3KooW range=2547-2547 duration_ms=1
[SYNC-REQUEST-DECODE] peer=12D3KooW range=2547-2547
[SYNC-REQUEST-ENCODE-OK] peer=12D3KooW range=2547-2547 duration_ms=0
[SYNC-REQUEST-DECODE] peer=12D3KooW range=2547-2547
[SYNC-REQUEST-RESULT] peer=12D3KooW range=2547-2547 count=0 snapshot=false duration_ms=0
[SYNC-REQUEST-RESULT] peer=12D3KooW range=2547-2547 count=0 snapshot=false duration_ms=0
[SYNC-SINGLE] stage=range_fetch requested=2547 result=failed err=single_block_fetch_failed
[EXEC-QUORUM] height=2547 strict=3 relaxed=2 total=4 live=2 stall=1m47s
[SYNC-REQUEST-START] peer=12D3KooW range=2547-2547 snapshot=false snapshot_height=0 timeout_ms=15000
[SYNC-REQUEST-OPEN] peer=12D3KooW range=2547-2547
[SYNC-REQUEST-START] peer=12D3KooW range=2547-2547 snapshot=false snapshot_height=0 timeout_ms=15000
[SYNC-REQUEST-OPEN] peer=12D3KooW range=2547-2547
[SYNC-REQUEST-OPEN-OK] peer=12D3KooW range=2547-2547 duration_ms=0
[SYNC-REQUEST-ENCODE] peer=12D3KooW range=2547-2547
[SYNC-REQUEST-OPEN-OK] peer=12D3KooW range=2547-2547 duration_ms=0
[SYNC-REQUEST-ENCODE] peer=12D3KooW range=2547-2547
[SYNC-REQUEST-ENCODE-OK] peer=12D3KooW range=2547-2547 duration_ms=0
[SYNC-REQUEST-DECODE] peer=12D3KooW range=2547-2547
[SYNC-REQUEST-ENCODE-OK] peer=12D3KooW range=2547-2547 duration_ms=0
[SYNC-REQUEST-DECODE] peer=12D3KooW range=2547-2547
[SYNC-REQUEST-RESULT] peer=12D3KooW range=2547-2547 count=0 snapshot=false duration_ms=0
[SYNC-REQUEST-RESULT] peer=12D3KooW range=2547-2547 count=0 snapshot=false duration_ms=1
[SYNC-SINGLE] stage=range_fetch requested=2547 result=failed err=single_block_fetch_failed
[SYNC-BATCH-STOP] stage=range_fetch local=2546 target=2547 reason=no_sync_peer exclude=4
Candidate heartbeat received: D | reported_height=2335 | finalized_height=2335 | local_exec_epoch=2336
Validator heartbeat: B | reported_height=2546 | finalized_height=2546 | local_exec_epoch=2547
[EXEC-QUORUM] height=2547 strict=3 relaxed=2 total=4 live=2 stall=1m48s
[EXEC-QUORUM] height=2547 strict=3 relaxed=2 total=4 live=2 stall=1m48s
[SYNC-SERVE-REQUEST] peer=12D3KooW requested=2547-2547 snapshot=false snapshot_height=0
[SYNC-SERVE-RESPONSE] peer=12D3KooW requested=2547-2547 served=0-0 count=0 snapshot=false tip_gap=true historical_gap=false duration_ms=1
[CONSENSUS] height=2546 vhash=d75b74ab validators=4
[EMISSION] h=2466 reward=2 treasury=1 validators=1 burn=0 applied_burn=1 chance_bps=10000
[SYNC-SERVE-REQUEST] peer=12D3KooW requested=2547-2547 snapshot=false snapshot_height=0
[SYNC-SERVE-RESPONSE] peer=12D3KooW requested=2547-2547 served=0-0 count=0 snapshot=false tip_gap=true historical_gap=false duration_ms=1
[SYNC-SERVE-REQUEST] peer=12D3KooW requested=2547-2547 snapshot=false snapshot_height=0
[SYNC-SERVE-RESPONSE] peer=12D3KooW requested=2547-2547 served=0-0 count=0 snapshot=false tip_gap=true historical_gap=false duration_ms=0
[REGISTRY-COMMITMENT-CHECK] height=2547 required=true parent_unanchored=false source=chain_parent_commitment expected=9cd32df6 got=9cd32df6
[SYNC] reason=late_join local=2546 target=2547 votes=3 required=3 stage=direct_gossip action=block_range_fetch
[SYNC-REQUEST-START] peer=12D3KooW range=2547-2547 snapshot=false snapshot_height=0 timeout_ms=15000
[SYNC-REQUEST-OPEN] peer=12D3KooW range=2547-2547
[SYNC-REQUEST-START] peer=12D3KooW range=2547-2547 snapshot=false snapshot_height=0 timeout_ms=15000
[SYNC-REQUEST-OPEN] peer=12D3KooW range=2547-2547
[SYNC-REQUEST-OPEN-OK] peer=12D3KooW range=2547-2547 duration_ms=0
[SYNC-REQUEST-ENCODE] peer=12D3KooW range=2547-2547
[SYNC-REQUEST-OPEN-OK] peer=12D3KooW range=2547-2547 duration_ms=0
[SYNC-REQUEST-ENCODE] peer=12D3KooW range=2547-2547
[SYNC-REQUEST-ENCODE-OK] peer=12D3KooW range=2547-2547 duration_ms=0
[SYNC-REQUEST-DECODE] peer=12D3KooW range=2547-2547
[SYNC-REQUEST-ENCODE-OK] peer=12D3KooW range=2547-2547 duration_ms=0
[SYNC-REQUEST-DECODE] peer=12D3KooW range=2547-2547
[SYNC-REQUEST-RESULT] peer=12D3KooW range=2547-2547 count=0 snapshot=false duration_ms=0
[EXEC-QUORUM] height=2547 strict=3 relaxed=2 total=4 live=2 stall=1m49s
[SYNC-REQUEST-RESULT] peer=12D3KooW range=2547-2547 count=0 snapshot=false duration_ms=3
[SYNC-SINGLE] stage=range_fetch requested=2547 result=failed err=single_block_fetch_failed
[SYNC-REQUEST-START] peer=12D3KooW range=2547-2547 snapshot=false snapshot_height=0 timeout_ms=15000
[SYNC-REQUEST-OPEN] peer=12D3KooW range=2547-2547
[SYNC-REQUEST-OPEN-OK] peer=12D3KooW range=2547-2547 duration_ms=0
[SYNC-REQUEST-ENCODE] peer=12D3KooW range=2547-2547
[SYNC-REQUEST-START] peer=12D3KooW range=2547-2547 snapshot=false snapshot_height=0 timeout_ms=15000
[SYNC-REQUEST-OPEN] peer=12D3KooW range=2547-2547
[SYNC-REQUEST-ENCODE-OK] peer=12D3KooW range=2547-2547 duration_ms=0
[SYNC-REQUEST-DECODE] peer=12D3KooW range=2547-2547
[SYNC-REQUEST-OPEN-OK] peer=12D3KooW range=2547-2547 duration_ms=0
[SYNC-REQUEST-ENCODE] peer=12D3KooW range=2547-2547
[SYNC-REQUEST-ENCODE-OK] peer=12D3KooW range=2547-2547 duration_ms=0
[SYNC-REQUEST-DECODE] peer=12D3KooW range=2547-2547
[SYNC-REQUEST-RESULT] peer=12D3KooW range=2547-2547 count=0 snapshot=false duration_ms=0
[SYNC-REQUEST-RESULT] peer=12D3KooW range=2547-2547 count=0 snapshot=false duration_ms=2
[SYNC-SINGLE] stage=range_fetch requested=2547 result=failed err=single_block_fetch_failed
[SYNC-BATCH-STOP] stage=range_fetch local=2546 target=2547 reason=no_sync_peer exclude=4
[EXEC-QUORUM] height=2547 strict=3 relaxed=2 total=4 live=2 stall=1m50s
[EXEC-QUORUM] height=2547 strict=3 relaxed=2 total=4 live=2 stall=1m50s
[EXEC-QUORUM] height=2547 strict=3 relaxed=2 total=4 live=2 stall=1m50s
2026/05/19 10:27:28 [EXEC-COMMIT] height=2547 reason=precommit_quorum round=0 block=bad96df2 votes=2 required=2 precommits=2
âŒ Block signature verification failed | proposer=B height=2547 hash=bad96df2 candidates=2 runtime_norm=true runtime_raw=true genesis_norm=true genesis_raw=true
âŒ Block signature verification failed | proposer=B height=2547 hash=bad96df2 candidates=2 runtime_norm=true runtime_raw=true genesis_norm=true genesis_raw=true
[EXEC-QUORUM] height=2547 strict=3 relaxed=2 total=4 live=2 stall=1m51s
[EXEC-QUORUM] height=2547 strict=3 relaxed=2 total=4 live=2 stall=1m51s
2026/05/19 10:27:29 [VOTE-DROP] reason=replay_cache signer=B height=2547 round=0 vote_block=f53eb382 current_block=f53eb382 proposal=2547|0|f53eb382be434e238dc175666a5392d5e07e9dabfe186e770933510402bee0bc||1e5aa924c655edd2cb77c5aec6587a768a93798e543624a31ae02465c9320006 exec=1e5aa924 tx_merkle=
âŒ Block signature verification failed | proposer=B height=2547 hash=bad96df2 candidates=2 runtime_norm=true runtime_raw=true genesis_norm=true genesis_raw=true
âŒ Block signature verification failed | proposer=B height=2547 hash=bad96df2 candidates=2 runtime_norm=true runtime_raw=true genesis_norm=true genesis_raw=true
[SYNC-SERVE-REQUEST] peer=12D3KooW requested=2547-2547 snapshot=false snapshot_height=0
[SYNC-SERVE-RESPONSE] peer=12D3KooW requested=2547-2547 served=0-0 count=0 snapshot=false tip_gap=true historical_gap=false duration_ms=0
âŒ Block signature verification failed | proposer=B height=2547 hash=bad96df2 candidates=2 runtime_norm=true runtime_raw=true genesis_norm=true genesis_raw=true
âŒ Block signature verification failed | proposer=B height=2547 hash=bad96df2 candidates=2 runtime_norm=true runtime_raw=true genesis_norm=true genesis_raw=true
âŒ Block signature verification failed | proposer=B height=2547 hash=bad96df2 candidates=2 runtime_norm=true runtime_raw=true genesis_norm=true genesis_raw=true
[EXEC-QUORUM] height=2547 strict=3 relaxed=2 total=4 live=2 stall=1m51s
âŒ Block signature verification failed | proposer=B height=2547 hash=bad96df2 candidates=2 runtime_norm=true runtime_raw=true genesis_norm=true genesis_raw=true
[EXEC-QUORUM] height=2547 strict=3 relaxed=2 total=4 live=2 stall=1m51s
âŒ Block signature verification failed | proposer=B height=2547 hash=bad96df2 candidates=2 runtime_norm=true runtime_raw=true genesis_norm=true genesis_raw=true
2026/05/19 10:27:30 [STARTUP-EXECUTION-SNAPSHOT] action=rebuild schedule height=2546 reason=prior_rebuild_failed_local_history_ready
2026/05/19 10:27:30 [STARTUP-EXECUTION-SNAPSHOT] action=rebuild begin height=2546
[EMISSION] h=2466 reward=2 treasury=1 validators=1 burn=0 applied_burn=1 chance_bps=10000
2026/05/19 10:27:30 [STARTUP-EXECUTION-SNAPSHOT] action=rebuild resume base=2466 target=2546
âŒ Block signature verification failed | proposer=B height=2547 hash=bad96df2 candidates=2 runtime_norm=true runtime_raw=true genesis_norm=true genesis_raw=true
2026/05/19 10:27:30 [STARTUP-EXECUTION-SNAPSHOT] action=rebuild status=failed height=2546 err=create_snapshot_failed height=2467 err=execution_snapshot_ledger_unavailable height=2467
2026/05/19 10:27:30 [STARTUP-EXECUTION-SNAPSHOT] action=rebuild async_wait height=2546 trigger=prior_rebuild_failed_local_history_ready reason=startup_execution_snapshot_rebuild_failed_h_2546
âŒ Block signature verification failed | proposer=B height=2547 hash=bad96df2 candidates=2 runtime_norm=true runtime_raw=true genesis_norm=true genesis_raw=true
[SYNC-BLOCK-REJECT] stage=direct_gossip provider=12D3KooW local=2546 next=2547 got=2547 reason=validation_failed queue_tip=2547 proposer=B hash=bad96df2 prev=8da4f6f5
[APPLY-FAIL] h=2547 hash=bad96df2 reason=validation_failed fail_count=8
Validator heartbeat received: B | reported_height=2546 | finalized_height=2546 | local_exec_epoch=2547
[SNAPSHOT-PUBLISH] deferred height=2546 reason=auto_publish_interval_10
Validator heartbeat: A | reported_height=2546 | finalized_height=2546 | local_exec_epoch=2547
[SYNC-QUEUE] reason=invalid_block_signature local=2546 target=2547
[SYNC] reason=invalid_block_signature local=2546 target=2547 votes=3 required=3 stage=direct_gossip action=block_range_fetch
[SYNC-REQUEST-START] peer=12D3KooW range=2547-2547 snapshot=false snapshot_height=0 timeout_ms=15000
[SYNC-REQUEST-OPEN] peer=12D3KooW range=2547-2547
[SYNC-REQUEST-START] peer=12D3KooW range=2547-2547 snapshot=false snapshot_height=0 timeout_ms=15000
[SYNC-REQUEST-OPEN] peer=12D3KooW range=2547-2547
[SYNC-REQUEST-OPEN-OK] peer=12D3KooW range=2547-2547 duration_ms=0
[SYNC-REQUEST-ENCODE] peer=12D3KooW range=2547-2547
[SYNC-REQUEST-ENCODE-OK] peer=12D3KooW range=2547-2547 duration_ms=0
[SYNC-REQUEST-DECODE] peer=12D3KooW range=2547-2547
[SYNC-REQUEST-OPEN-OK] peer=12D3KooW range=2547-2547 duration_ms=0
[SYNC-REQUEST-ENCODE] peer=12D3KooW range=2547-2547
[SYNC-REQUEST-ENCODE-OK] peer=12D3KooW range=2547-2547 duration_ms=0
[SYNC-REQUEST-DECODE] peer=12D3KooW range=2547-2547
[SYNC-REQUEST-RESULT] peer=12D3KooW range=2547-2547 count=0 snapshot=false duration_ms=1
[SYNC-REQUEST-RESULT] peer=12D3KooW range=2547-2547 count=0 snapshot=false duration_ms=0
[SYNC-SINGLE] stage=range_fetch requested=2547 result=failed err=single_block_fetch_failed
[SYNC-REQUEST-START] peer=12D3KooW range=2547-2547 snapshot=false snapshot_height=0 timeout_ms=15000
[SYNC-REQUEST-START] peer=12D3KooW range=2547-2547 snapshot=false snapshot_height=0 timeout_ms=15000
[SYNC-REQUEST-OPEN] peer=12D3KooW range=2547-2547
[SYNC-REQUEST-OPEN] peer=12D3KooW range=2547-2547
[SYNC-REQUEST-OPEN-OK] peer=12D3KooW range=2547-2547 duration_ms=1
[SYNC-REQUEST-ENCODE] peer=12D3KooW range=2547-2547
[SYNC-REQUEST-ENCODE-OK] peer=12D3KooW range=2547-2547 duration_ms=0
[SYNC-REQUEST-DECODE] peer=12D3KooW range=2547-2547
[SYNC-REQUEST-OPEN-OK] peer=12D3KooW range=2547-2547 duration_ms=1
[SYNC-REQUEST-RESULT] peer=12D3KooW range=2547-2547 count=0 snapshot=false duration_ms=0
[SYNC-REQUEST-ENCODE] peer=12D3KooW range=2547-2547
[SYNC-REQUEST-ENCODE-OK] peer=12D3KooW range=2547-2547 duration_ms=0
[SYNC-REQUEST-DECODE] peer=12D3KooW range=2547-2547
[SYNC-REQUEST-RESULT] peer=12D3KooW range=2547-2547 count=0 snapshot=false duration_ms=0
[SYNC-SINGLE] stage=range_fetch requested=2547 result=failed err=single_block_fetch_failed
[SYNC-BATCH-STOP] stage=range_fetch local=2546 target=2547 reason=no_sync_peer exclude=4
[EXEC-QUORUM] height=2547 strict=3 relaxed=2 total=4 live=2 stall=1m52s
[STATUS] height=2546 finalized=2546 peers=4 validators=2 strict_live=2 heartbeat_live=2 out_of_drift=0 drift_limit=8 syncing=false sync_complete=true execution_ready=false execution_reason=startup_execution_snapshot_rebuild_pending_h_2546 gossip=true gossip_pipeline=new_block_gossip_validate_apply consensus_running=false mode=observer vote=false propose=false role=full validator_state=observer warmup_seconds=0 ready=false reason=startup_execution_snapshot_rebuild_pending_h_2546 snapshot_source=none expected_source=chain_parent_commitment expected_hash=d75b74ab resolved_source=chain_parent_commitment resolved_hash=d75b74ab next_source=carry_forward next_hash=d75b74ab got_hash= authority=chain_parent_commitment hash_mode=legacy
[EXEC-QUORUM] height=2547 strict=3 relaxed=2 total=4 live=2 stall=1m53s
[EMISSION] h=2466 reward=2 treasury=1 validators=1 burn=0 applied_burn=1 chance_bps=10000
[STARTUP-PRECHECK] waiting reason=startup_execution_snapshot_rebuild_failed_h_2546 target=2547
[REGISTRY-COMMITMENT-CHECK] height=2547 required=true parent_unanchored=false source=chain_parent_commitment expected=9cd32df6 got=9cd32df6
[EXEC-QUORUM] height=2547 strict=3 relaxed=2 total=4 live=2 stall=1m54s
Validator heartbeat: C | reported_height=2546 | finalized_height=2546 | local_exec_epoch=2547
Heartbeat sent: C finalized=2546 epoch=2547
[SYNC-SERVE-REQUEST] peer=12D3KooW requested=2547-2547 snapshot=false snapshot_height=0
[SYNC-SERVE-RESPONSE] peer=12D3KooW requested=2547-2547 served=0-0 count=0 snapshot=false tip_gap=true historical_gap=false duration_ms=5
[SYNC-SERVE-REQUEST] peer=12D3KooW requested=2547-2547 snapshot=false snapshot_height=0
[SYNC-SERVE-RESPONSE] peer=12D3KooW requested=2547-2547 served=0-0 count=0 snapshot=false tip_gap=true historical_gap=false duration_ms=0
[SYNC-SERVE-REQUEST] peer=12D3KooW requested=2547-2547 snapshot=false snapshot_height=0
[SYNC-SERVE-RESPONSE] peer=12D3KooW requested=2547-2547 served=0-0 count=0 snapshot=false tip_gap=true historical_gap=false duration_ms=1
[EXEC-QUORUM] height=2547 strict=3 relaxed=2 total=4 live=2 stall=1m55s
[EXEC-QUORUM] height=2547 strict=3 relaxed=2 total=4 live=2 stall=1m55s
[EXEC-QUORUM] height=2547 strict=3 relaxed=2 total=4 live=2 stall=1m55s
[EXEC-QUORUM] height=2547 strict=3 relaxed=2 total=4 live=2 stall=1m56s
[EXEC-QUORUM] height=2547 strict=3 relaxed=2 total=4 live=2 stall=1m56s
[EXEC-QUORUM] height=2547 strict=3 relaxed=2 total=4 live=2 stall=1m56s
[EMISSION] h=2466 reward=2 treasury=1 validators=1 burn=0 applied_burn=1 chance_bps=10000
[EXEC-QUORUM] height=2547 strict=3 relaxed=2 total=4 live=2 stall=1m57s
[EXEC-QUORUM] height=2547 strict=3 relaxed=2 total=4 live=2 stall=1m57s
[REGISTRY-COMMITMENT-CHECK] height=2547 required=true parent_unanchored=false source=chain_parent_commitment expected=9cd32df6 got=9cd32df6
[EXEC-QUORUM] height=2547 strict=3 relaxed=2 total=4 live=2 stall=1m58s
2026/05/19 10:27:36 [EXEC-COMMIT] height=2547 reason=precommit_quorum round=0 block=bad96df2 votes=2 required=2 precommits=2
âŒ Block signature verification failed | proposer=B height=2547 hash=bad96df2 candidates=2 runtime_norm=true runtime_raw=true genesis_norm=true genesis_raw=true
[SYNC-QUEUE] reason=late_join local=2546 target=2547
[SYNC] reason=late_join local=2546 target=2547 votes=3 required=3 stage=direct_gossip action=block_range_fetch
[SYNC-REQUEST-START] peer=12D3KooW range=2547-2547 snapshot=false snapshot_height=0 timeout_ms=15000
[SYNC-REQUEST-START] peer=12D3KooW range=2547-2547 snapshot=false snapshot_height=0 timeout_ms=15000
[SYNC-REQUEST-OPEN] peer=12D3KooW range=2547-2547
[SYNC-REQUEST-OPEN] peer=12D3KooW range=2547-2547
[SYNC-REQUEST-OPEN-OK] peer=12D3KooW range=2547-2547 duration_ms=0
[SYNC-REQUEST-ENCODE] peer=12D3KooW range=2547-2547
[SYNC-REQUEST-OPEN-OK] peer=12D3KooW range=2547-2547 duration_ms=0
[SYNC-REQUEST-ENCODE] peer=12D3KooW range=2547-2547
[SYNC-REQUEST-ENCODE-OK] peer=12D3KooW range=2547-2547 duration_ms=0
[SYNC-REQUEST-DECODE] peer=12D3KooW range=2547-2547
[SYNC-REQUEST-ENCODE-OK] peer=12D3KooW range=2547-2547 duration_ms=0
[SYNC-REQUEST-DECODE] peer=12D3KooW range=2547-2547
[SYNC-REQUEST-RESULT] peer=12D3KooW range=2547-2547 count=0 snapshot=false duration_ms=0
[SYNC-REQUEST-RESULT] peer=12D3KooW range=2547-2547 count=0 snapshot=false duration_ms=0
[SYNC-SINGLE] stage=range_fetch requested=2547 result=failed err=single_block_fetch_failed
[SYNC-REQUEST-START] peer=12D3KooW range=2547-2547 snapshot=false snapshot_height=0 timeout_ms=15000
[SYNC-REQUEST-OPEN] peer=12D3KooW range=2547-2547
[SYNC-REQUEST-START] peer=12D3KooW range=2547-2547 snapshot=false snapshot_height=0 timeout_ms=15000
[SYNC-REQUEST-OPEN] peer=12D3KooW range=2547-2547
[SYNC-REQUEST-OPEN-OK] peer=12D3KooW range=2547-2547 duration_ms=0
[SYNC-REQUEST-ENCODE] peer=12D3KooW range=2547-2547
[SYNC-REQUEST-ENCODE-OK] peer=12D3KooW range=2547-2547 duration_ms=0
[SYNC-REQUEST-DECODE] peer=12D3KooW range=2547-2547
[SYNC-REQUEST-OPEN-OK] peer=12D3KooW range=2547-2547 duration_ms=1
[SYNC-REQUEST-ENCODE] peer=12D3KooW range=2547-2547
[SYNC-REQUEST-RESULT] peer=12D3KooW range=2547-2547 count=0 snapshot=false duration_ms=0
[SYNC-REQUEST-ENCODE-OK] peer=12D3KooW range=2547-2547 duration_ms=0
[SYNC-REQUEST-DECODE] peer=12D3KooW range=2547-2547
[SYNC-REQUEST-RESULT] peer=12D3KooW range=2547-2547 count=0 snapshot=false duration_ms=1
[SYNC-SINGLE] stage=range_fetch requested=2547 result=failed err=single_block_fetch_failed
[SYNC-BATCH-STOP] stage=range_fetch local=2546 target=2547 reason=no_sync_peer exclude=4
âŒ Block signature verification failed | proposer=B height=2547 hash=bad96df2 candidates=2 runtime_norm=true runtime_raw=true genesis_norm=true genesis_raw=true
âŒ Block signature verification failed | proposer=B height=2547 hash=bad96df2 candidates=2 runtime_norm=true runtime_raw=true genesis_norm=true genesis_raw=true
âŒ Block signature verification failed | proposer=B height=2547 hash=bad96df2 candidates=2 runtime_norm=true runtime_raw=true genesis_norm=true genesis_raw=true
[EXEC-QUORUM] height=2547 strict=3 relaxed=2 total=4 live=2 stall=1m58s
[SYNC-SERVE-REQUEST] peer=12D3KooW requested=2547-2547 snapshot=false snapshot_height=0
[SYNC-SERVE-RESPONSE] peer=12D3KooW requested=2547-2547 served=0-0 count=0 snapshot=false tip_gap=true historical_gap=false duration_ms=0
[SYNC-SERVE-REQUEST] peer=12D3KooW requested=2547-2547 snapshot=false snapshot_height=0
[SYNC-SERVE-RESPONSE] peer=12D3KooW requested=2547-2547 served=0-0 count=0 snapshot=false tip_gap=true historical_gap=false duration_ms=1
âŒ Block signature verification failed | proposer=B height=2547 hash=bad96df2 candidates=2 runtime_norm=true runtime_raw=true genesis_norm=true genesis_raw=true
[EXEC-QUORUM] height=2547 strict=3 relaxed=2 total=4 live=2 stall=1m58s
âŒ Block signature verification failed | proposer=B height=2547 hash=bad96df2 candidates=2 runtime_norm=true runtime_raw=true genesis_norm=true genesis_raw=true
âŒ Block signature verification failed | proposer=B height=2547 hash=bad96df2 candidates=2 runtime_norm=true runtime_raw=true genesis_norm=true genesis_raw=true
âŒ Block signature verification failed | proposer=B height=2547 hash=bad96df2 candidates=2 runtime_norm=true runtime_raw=true genesis_norm=true genesis_raw=true
[EXEC-QUORUM] height=2547 strict=3 relaxed=2 total=4 live=2 stall=1m59s
âŒ Block signature verification failed | proposer=B height=2547 hash=bad96df2 candidates=2 runtime_norm=true runtime_raw=true genesis_norm=true genesis_raw=true
âŒ Block signature verification failed | proposer=B height=2547 hash=bad96df2 candidates=2 runtime_norm=true runtime_raw=true genesis_norm=true genesis_raw=true
âŒ Block signature verification failed | proposer=B height=2547 hash=bad96df2 candidates=2 runtime_norm=true runtime_raw=true genesis_norm=true genesis_raw=true
[SYNC-BLOCK-REJECT] stage=direct_gossip provider=12D3KooW local=2546 next=2547 got=2547 reason=validation_failed queue_tip=2547 proposer=B hash=bad96df2 prev=8da4f6f5
[APPLY-FAIL] h=2547 hash=bad96df2 reason=validation_failed fail_count=9
Validator heartbeat received: B | reported_height=2546 | finalized_height=2546 | local_exec_epoch=2547
[SNAPSHOT-PUBLISH] deferred height=2546 reason=auto_publish_interval_10
Validator heartbeat: A | reported_height=2546 | finalized_height=2546 | local_exec_epoch=2547
[LEADER-BLOCK-REJECT] height=2547 round=0 reason=duplicate_proposal peer=12D3KooWPVKESWFG9sS8G6vjhfPn54kWuNFkkuHwG4yQXhYRcXjX proposer=B block=f53eb382
Ã°Å¸â€œÂ¨ Consensus message from 12D3KooWPVKESWFG9sS8G6vjhfPn54kWuNFkkuHwG4yQXhYRcXjX: leader_block (size: 1311 bytes)
Ã°Å¸â€œÂ¦ Leader block received from 12D3KooWPVKESWFG9sS8G6vjhfPn54kWuNFkkuHwG4yQXhYRcXjX | height=2547 proposer=B
Ã°Å¸â€Å’ Consensus stream EOF from 12D3KooWPVKESWFG9sS8G6vjhfPn54kWuNFkkuHwG4yQXhYRcXjX
Ã°Å¸â€Å’ Consensus stream closed with 12D3KooWPVKESWFG9sS8G6vjhfPn54kWuNFkkuHwG4yQXhYRcXjX
[LEADER-BLOCK-REJECT] height=2547 round=0 reason=duplicate_proposal peer=12D3KooWPVKESWFG9sS8G6vjhfPn54kWuNFkkuHwG4yQXhYRcXjX proposer=B block=f53eb382
Ã°Å¸â€œÂ¨ Consensus message from 12D3KooWPVKESWFG9sS8G6vjhfPn54kWuNFkkuHwG4yQXhYRcXjX: execution_result (size: 359 bytes)
Ã°Å¸â€Å’ Consensus stream EOF from 12D3KooWPVKESWFG9sS8G6vjhfPn54kWuNFkkuHwG4yQXhYRcXjX
Ã°Å¸â€Å’ Consensus stream closed with 12D3KooWPVKESWFG9sS8G6vjhfPn54kWuNFkkuHwG4yQXhYRcXjX
[EXEC-QUORUM] height=2547 strict=3 relaxed=2 total=4 live=2 stall=1m59s
[SYNC-SERVE-REQUEST] peer=12D3KooW requested=2547-2547 snapshot=false snapshot_height=0
[SYNC-SERVE-RESPONSE] peer=12D3KooW requested=2547-2547 served=0-0 count=0 snapshot=false tip_gap=true historical_gap=false duration_ms=1
2026/05/19 10:27:38 [STARTUP-EXECUTION-SNAPSHOT] action=rebuild schedule height=2546 reason=prior_rebuild_failed_local_history_ready
2026/05/19 10:27:38 [STARTUP-EXECUTION-SNAPSHOT] action=rebuild begin height=2546
[EMISSION] h=2466 reward=2 treasury=1 validators=1 burn=0 applied_burn=1 chance_bps=10000
2026/05/19 10:27:38 [STARTUP-EXECUTION-SNAPSHOT] action=rebuild resume base=2466 target=2546
2026/05/19 10:27:38 [STARTUP-EXECUTION-SNAPSHOT] action=rebuild status=failed height=2546 err=create_snapshot_failed height=2467 err=execution_snapshot_ledger_unavailable height=2467
2026/05/19 10:27:38 [STARTUP-EXECUTION-SNAPSHOT] action=rebuild async_wait height=2546 trigger=prior_rebuild_failed_local_history_ready reason=startup_execution_snapshot_rebuild_failed_h_2546
[SYNC-SERVE-REQUEST] peer=12D3KooW requested=2547-2547 snapshot=false snapshot_height=0
[SYNC-SERVE-RESPONSE] peer=12D3KooW requested=2547-2547 served=0-0 count=0 snapshot=false tip_gap=true historical_gap=false duration_ms=1
[SYNC-SERVE-REQUEST] peer=12D3KooW requested=2547-2547 snapshot=false snapshot_height=0
[SYNC-SERVE-RESPONSE] peer=12D3KooW requested=2547-2547 served=0-0 count=0 snapshot=false tip_gap=true historical_gap=false duration_ms=1
[SYNC] reason=heartbeat local=2546 target=2547 votes=3 required=3 stage=direct_gossip action=block_range_fetch
[SYNC-REQUEST-START] peer=12D3KooW range=2547-2547 snapshot=false snapshot_height=0 timeout_ms=15000
[SYNC-REQUEST-OPEN] peer=12D3KooW range=2547-2547
[SYNC-REQUEST-OPEN-OK] peer=12D3KooW range=2547-2547 duration_ms=0
[SYNC-REQUEST-ENCODE] peer=12D3KooW range=2547-2547
[SYNC-REQUEST-ENCODE-OK] peer=12D3KooW range=2547-2547 duration_ms=0
[SYNC-REQUEST-DECODE] peer=12D3KooW range=2547-2547
[SYNC-REQUEST-START] peer=12D3KooW range=2547-2547 snapshot=false snapshot_height=0 timeout_ms=15000
[SYNC-REQUEST-OPEN] peer=12D3KooW range=2547-2547
[SYNC-REQUEST-OPEN-OK] peer=12D3KooW range=2547-2547 duration_ms=0
[SYNC-REQUEST-ENCODE] peer=12D3KooW range=2547-2547
[SYNC-REQUEST-ENCODE-OK] peer=12D3KooW range=2547-2547 duration_ms=2
[SYNC-REQUEST-DECODE] peer=12D3KooW range=2547-2547
[SYNC-REQUEST-RESULT] peer=12D3KooW range=2547-2547 count=0 snapshot=false duration_ms=2
[SYNC-REQUEST-RESULT] peer=12D3KooW range=2547-2547 count=0 snapshot=false duration_ms=3
[SYNC-SINGLE] stage=range_fetch requested=2547 result=failed err=single_block_fetch_failed
[SYNC-REQUEST-START] peer=12D3KooW range=2547-2547 snapshot=false snapshot_height=0 timeout_ms=15000
[SYNC-REQUEST-OPEN] peer=12D3KooW range=2547-2547
[SYNC-REQUEST-OPEN-OK] peer=12D3KooW range=2547-2547 duration_ms=0
[SYNC-REQUEST-ENCODE] peer=12D3KooW range=2547-2547
[SYNC-REQUEST-ENCODE-OK] peer=12D3KooW range=2547-2547 duration_ms=0
[SYNC-REQUEST-DECODE] peer=12D3KooW range=2547-2547
[SYNC-REQUEST-START] peer=12D3KooW range=2547-2547 snapshot=false snapshot_height=0 timeout_ms=15000
[SYNC-REQUEST-OPEN] peer=12D3KooW range=2547-2547
[SYNC-REQUEST-OPEN-OK] peer=12D3KooW range=2547-2547 duration_ms=2
[SYNC-REQUEST-ENCODE] peer=12D3KooW range=2547-2547
[SYNC-REQUEST-ENCODE-OK] peer=12D3KooW range=2547-2547 duration_ms=4
[SYNC-REQUEST-DECODE] peer=12D3KooW range=2547-2547
[SYNC-REQUEST-RESULT] peer=12D3KooW range=2547-2547 count=0 snapshot=false duration_ms=8
[SYNC-REQUEST-RESULT] peer=12D3KooW range=2547-2547 count=0 snapshot=false duration_ms=0
[SYNC-SINGLE] stage=range_fetch requested=2547 result=failed err=single_block_fetch_failed
[SYNC-BATCH-STOP] stage=range_fetch local=2546 target=2547 reason=no_sync_peer exclude=4
[EXEC-QUORUM] height=2547 strict=3 relaxed=2 total=4 live=2 stall=2m1s
[EXEC-QUORUM] height=2547 strict=3 relaxed=2 total=4 live=2 stall=2m1s
[EMISSION] h=2466 reward=2 treasury=1 validators=1 burn=0 applied_burn=1 chance_bps=10000
[STARTUP-PRECHECK] waiting reason=startup_execution_snapshot_rebuild_failed_h_2546 target=2547
[EXEC-QUORUM] height=2547 strict=3 relaxed=2 total=4 live=2 stall=2m2s
2026/05/19 10:27:40 [EXEC-COMMIT] height=2547 reason=precommit_quorum round=0 block=bad96df2 votes=2 required=2 precommits=2
[SYNC-SERVE-REQUEST] peer=12D3KooW requested=2547-2547 snapshot=false snapshot_height=0
[SYNC-SERVE-RESPONSE] peer=12D3KooW requested=2547-2547 served=0-0 count=0 snapshot=false tip_gap=true historical_gap=false duration_ms=0
âŒ Block signature verification failed | proposer=B height=2547 hash=bad96df2 candidates=2 runtime_norm=true runtime_raw=true genesis_norm=true genesis_raw=true
âŒ Block signature verification failed | proposer=B height=2547 hash=bad96df2 candidates=2 runtime_norm=true runtime_raw=true genesis_norm=true genesis_raw=true
[REGISTRY-COMMITMENT-CHECK] height=2547 required=true parent_unanchored=false source=chain_parent_commitment expected=9cd32df6 got=9cd32df6
âŒ Block signature verification failed | proposer=B height=2547 hash=bad96df2 candidates=2 runtime_norm=true runtime_raw=true genesis_norm=true genesis_raw=true
âŒ Block signature verification failed | proposer=B height=2547 hash=bad96df2 candidates=2 runtime_norm=true runtime_raw=true genesis_norm=true genesis_raw=true
[EXEC-QUORUM] height=2547 strict=3 relaxed=2 total=4 live=2 stall=2m3s
âŒ Block signature verification failed | proposer=B height=2547 hash=bad96df2 candidates=2 runtime_norm=true runtime_raw=true genesis_norm=true genesis_raw=true
[CONSENSUS] height=2546 vhash=d75b74ab validators=4
âŒ Block signature verification failed | proposer=B height=2547 hash=bad96df2 candidates=2 runtime_norm=true runtime_raw=true genesis_norm=true genesis_raw=true
âŒ Block signature verification failed | proposer=B height=2547 hash=bad96df2 candidates=2 runtime_norm=true runtime_raw=true genesis_norm=true genesis_raw=true
[EMISSION] h=2466 reward=2 treasury=1 validators=1 burn=0 applied_burn=1 chance_bps=10000
[SYNC-QUEUE] reason=status_tick local=2546 target=2547
[SYNC] reason=status_tick local=2546 target=2547 votes=3 required=3 stage=direct_gossip action=block_range_fetch
[SYNC-REQUEST-START] peer=12D3KooW range=2547-2547 snapshot=false snapshot_height=0 timeout_ms=15000
[SYNC-REQUEST-OPEN] peer=12D3KooW range=2547-2547
[SYNC-REQUEST-START] peer=12D3KooW range=2547-2547 snapshot=false snapshot_height=0 timeout_ms=15000
[SYNC-REQUEST-OPEN] peer=12D3KooW range=2547-2547
[SYNC-REQUEST-OPEN-OK] peer=12D3KooW range=2547-2547 duration_ms=0
[SYNC-REQUEST-ENCODE] peer=12D3KooW range=2547-2547
[SYNC-REQUEST-OPEN-OK] peer=12D3KooW range=2547-2547 duration_ms=1
[SYNC-REQUEST-ENCODE] peer=12D3KooW range=2547-2547
[SYNC-REQUEST-ENCODE-OK] peer=12D3KooW range=2547-2547 duration_ms=0
[SYNC-REQUEST-DECODE] peer=12D3KooW range=2547-2547
[SYNC-REQUEST-ENCODE-OK] peer=12D3KooW range=2547-2547 duration_ms=3
[SYNC-REQUEST-DECODE] peer=12D3KooW range=2547-2547
[SYNC-REQUEST-RESULT] peer=12D3KooW range=2547-2547 count=0 snapshot=false duration_ms=0
[SYNC-REQUEST-RESULT] peer=12D3KooW range=2547-2547 count=0 snapshot=false duration_ms=1
[SYNC-SINGLE] stage=range_fetch requested=2547 result=failed err=single_block_fetch_failed
[SYNC-REQUEST-START] peer=12D3KooW range=2547-2547 snapshot=false snapshot_height=0 timeout_ms=15000
[SYNC-REQUEST-OPEN] peer=12D3KooW range=2547-2547
[SYNC-REQUEST-START] peer=12D3KooW range=2547-2547 snapshot=false snapshot_height=0 timeout_ms=15000
[SYNC-REQUEST-OPEN] peer=12D3KooW range=2547-2547
[SYNC-REQUEST-OPEN-OK] peer=12D3KooW range=2547-2547 duration_ms=0
[SYNC-REQUEST-ENCODE] peer=12D3KooW range=2547-2547
[SYNC-REQUEST-ENCODE-OK] peer=12D3KooW range=2547-2547 duration_ms=0
[SYNC-REQUEST-DECODE] peer=12D3KooW range=2547-2547
[SYNC-REQUEST-OPEN-OK] peer=12D3KooW range=2547-2547 duration_ms=0
[SYNC-REQUEST-ENCODE] peer=12D3KooW range=2547-2547
[SYNC-REQUEST-ENCODE-OK] peer=12D3KooW range=2547-2547 duration_ms=0
[SYNC-REQUEST-DECODE] peer=12D3KooW range=2547-2547
[SYNC-REQUEST-RESULT] peer=12D3KooW range=2547-2547 count=0 snapshot=false duration_ms=1
[SYNC-REQUEST-RESULT] peer=12D3KooW range=2547-2547 count=0 snapshot=false duration_ms=3
[SYNC-SINGLE] stage=range_fetch requested=2547 result=failed err=single_block_fetch_failed
[SYNC-BATCH-STOP] stage=range_fetch local=2546 target=2547 reason=no_sync_peer exclude=4
âŒ Block signature verification failed | proposer=B height=2547 hash=bad96df2 candidates=2 runtime_norm=true runtime_raw=true genesis_norm=true genesis_raw=true
âŒ Block signature verification failed | proposer=B height=2547 hash=bad96df2 candidates=2 runtime_norm=true runtime_raw=true genesis_norm=true genesis_raw=true
âŒ Block signature verification failed | proposer=B height=2547 hash=bad96df2 candidates=2 runtime_norm=true runtime_raw=true genesis_norm=true genesis_raw=true
[EXEC-QUORUM] height=2547 strict=3 relaxed=2 total=4 live=2 stall=2m3s
âŒ Block signature verification failed | proposer=B height=2547 hash=bad96df2 candidates=2 runtime_norm=true runtime_raw=true genesis_norm=true genesis_raw=true
[SYNC-BLOCK-REJECT] stage=direct_gossip provider=12D3KooW local=2546 next=2547 got=2547 reason=validation_failed queue_tip=2547 proposer=B hash=bad96df2 prev=8da4f6f5
[APPLY-FAIL] h=2547 hash=bad96df2 reason=validation_failed fail_count=10
Validator heartbeat received: A | reported_height=2546 | finalized_height=2546 | local_exec_epoch=2547
Candidate heartbeat received: D | reported_height=2336 | finalized_height=2336 | local_exec_epoch=2337
[EXEC-QUORUM] height=2547 strict=3 relaxed=2 total=4 live=2 stall=2m4s
Candidate heartbeat received: D | reported_height=2336 | finalized_height=2336 | local_exec_epoch=2337
Validator heartbeat: B | reported_height=2546 | finalized_height=2546 | local_exec_epoch=2547
[SYNC-SERVE-REQUEST] peer=12D3KooW requested=2547-2547 snapshot=false snapshot_height=0
[SYNC-SERVE-RESPONSE] peer=12D3KooW requested=2547-2547 served=0-0 count=0 snapshot=false tip_gap=true historical_gap=false duration_ms=1
[SYNC-SERVE-REQUEST] peer=12D3KooW requested=2547-2547 snapshot=false snapshot_height=0
[SYNC-SERVE-RESPONSE] peer=12D3KooW requested=2547-2547 served=0-0 count=0 snapshot=false tip_gap=true historical_gap=false duration_ms=0
[SYNC] reason=heartbeat local=2546 target=2547 votes=3 required=3 stage=direct_gossip action=block_range_fetch
[SYNC-REQUEST-START] peer=12D3KooW range=2547-2547 snapshot=false snapshot_height=0 timeout_ms=15000
[SYNC-REQUEST-OPEN] peer=12D3KooW range=2547-2547
[SYNC-REQUEST-START] peer=12D3KooW range=2547-2547 snapshot=false snapshot_height=0 timeout_ms=15000
[SYNC-REQUEST-OPEN] peer=12D3KooW range=2547-2547
[SYNC-REQUEST-OPEN-OK] peer=12D3KooW range=2547-2547 duration_ms=1
[SYNC-REQUEST-ENCODE] peer=12D3KooW range=2547-2547
[SYNC-REQUEST-OPEN-OK] peer=12D3KooW range=2547-2547 duration_ms=0
[SYNC-REQUEST-ENCODE] peer=12D3KooW range=2547-2547
[SYNC-REQUEST-ENCODE-OK] peer=12D3KooW range=2547-2547 duration_ms=0
[SYNC-REQUEST-DECODE] peer=12D3KooW range=2547-2547
[SYNC-REQUEST-ENCODE-OK] peer=12D3KooW range=2547-2547 duration_ms=0
[SYNC-REQUEST-DECODE] peer=12D3KooW range=2547-2547
[SYNC-REQUEST-RESULT] peer=12D3KooW range=2547-2547 count=0 snapshot=false duration_ms=0
[SYNC-REQUEST-RESULT] peer=12D3KooW range=2547-2547 count=0 snapshot=false duration_ms=1
[SYNC-SINGLE] stage=range_fetch requested=2547 result=failed err=single_block_fetch_failed
[SYNC-REQUEST-START] peer=12D3KooW range=2547-2547 snapshot=false snapshot_height=0 timeout_ms=15000
[SYNC-REQUEST-OPEN] peer=12D3KooW range=2547-2547
[SYNC-REQUEST-OPEN-OK] peer=12D3KooW range=2547-2547 duration_ms=0
[SYNC-REQUEST-ENCODE] peer=12D3KooW range=2547-2547
[SYNC-REQUEST-ENCODE-OK] peer=12D3KooW range=2547-2547 duration_ms=1
[SYNC-REQUEST-START] peer=12D3KooW range=2547-2547 snapshot=false snapshot_height=0 timeout_ms=15000
[SYNC-REQUEST-OPEN] peer=12D3KooW range=2547-2547
[SYNC-REQUEST-DECODE] peer=12D3KooW range=2547-2547
[SYNC-REQUEST-OPEN-OK] peer=12D3KooW range=2547-2547 duration_ms=1
[SYNC-REQUEST-ENCODE] peer=12D3KooW range=2547-2547
[SYNC-REQUEST-ENCODE-OK] peer=12D3KooW range=2547-2547 duration_ms=0
[SYNC-REQUEST-DECODE] peer=12D3KooW range=2547-2547
[SYNC-REQUEST-RESULT] peer=12D3KooW range=2547-2547 count=0 snapshot=false duration_ms=4
[SYNC-REQUEST-RESULT] peer=12D3KooW range=2547-2547 count=0 snapshot=false duration_ms=1
[SYNC-SINGLE] stage=range_fetch requested=2547 result=failed err=single_block_fetch_failed
[SYNC-BATCH-STOP] stage=range_fetch local=2546 target=2547 reason=no_sync_peer exclude=4
[EXEC-QUORUM] height=2547 strict=3 relaxed=2 total=4 live=2 stall=2m6s
2026/05/19 10:27:44 [VOTE-DROP] reason=replay_cache signer=A height=2547 round=0 vote_block=f53eb382 current_block=f53eb382 proposal=2547|0|f53eb382be434e238dc175666a5392d5e07e9dabfe186e770933510402bee0bc||1e5aa924c655edd2cb77c5aec6587a768a93798e543624a31ae02465c9320006 exec=1e5aa924 tx_merkle=
[SYNC-SERVE-REQUEST] peer=12D3KooW requested=2547-2547 snapshot=false snapshot_height=0
[SYNC-SERVE-RESPONSE] peer=12D3KooW requested=2547-2547 served=0-0 count=0 snapshot=false tip_gap=true historical_gap=false duration_ms=0
[EXEC-QUORUM] height=2547 strict=3 relaxed=2 total=4 live=2 stall=2m6s
[EXEC-QUORUM] height=2547 strict=3 relaxed=2 total=4 live=2 stall=2m6s
[SNAPSHOT-PROOF] height=2340 checkpoint=2336 validator=D votes=1 hash=9cd85cd7
[EXEC-QUORUM] height=2547 strict=3 relaxed=2 total=4 live=2 stall=2m7s
2026/05/19 10:27:45 [STARTUP-EXECUTION-SNAPSHOT] action=rebuild schedule height=2546 reason=prior_rebuild_failed_local_history_ready
[EXEC-QUORUM] height=2547 strict=3 relaxed=2 total=4 live=2 stall=2m7s
2026/05/19 10:27:45 [STARTUP-EXECUTION-SNAPSHOT] action=rebuild begin height=2546
[EMISSION] h=2466 reward=2 treasury=1 validators=1 burn=0 applied_burn=1 chance_bps=10000
2026/05/19 10:27:45 [STARTUP-EXECUTION-SNAPSHOT] action=rebuild resume base=2466 target=2546
2026/05/19 10:27:45 [STARTUP-EXECUTION-SNAPSHOT] action=rebuild status=failed height=2546 err=create_snapshot_failed height=2467 err=execution_snapshot_ledger_unavailable height=2467
2026/05/19 10:27:45 [STARTUP-EXECUTION-SNAPSHOT] action=rebuild async_wait height=2546 trigger=prior_rebuild_failed_local_history_ready reason=startup_execution_snapshot_rebuild_failed_h_2546
[EXEC-QUORUM] height=2547 strict=3 relaxed=2 total=4 live=2 stall=2m7s
[REGISTRY-COMMITMENT-CHECK] height=2547 required=true parent_unanchored=false source=chain_parent_commitment expected=9cd32df6 got=9cd32df6
[EXEC-QUORUM] height=2547 strict=3 relaxed=2 total=4 live=2 stall=2m8s
Validator heartbeat: C | reported_height=2546 | finalized_height=2546 | local_exec_epoch=2547
Heartbeat sent: C finalized=2546 epoch=2547
[SYNC-SERVE-REQUEST] peer=12D3KooW requested=2547-2547 snapshot=false snapshot_height=0
[SYNC-SERVE-RESPONSE] peer=12D3KooW requested=2547-2547 served=0-0 count=0 snapshot=false tip_gap=true historical_gap=false duration_ms=0
[SYNC-SERVE-REQUEST] peer=12D3KooW requested=2547-2547 snapshot=false snapshot_height=0
[SYNC-SERVE-RESPONSE] peer=12D3KooW requested=2547-2547 served=0-0 count=0 snapshot=false tip_gap=true historical_gap=false duration_ms=0
[SYNC-SERVE-REQUEST] peer=12D3KooW requested=2547-2547 snapshot=false snapshot_height=0
[SYNC-SERVE-RESPONSE] peer=12D3KooW requested=2547-2547 served=0-0 count=0 snapshot=false tip_gap=true historical_gap=false duration_ms=0
[SYNC-QUEUE] reason=late_join local=2546 target=2547
[SYNC] reason=late_join local=2546 target=2547 votes=3 required=3 stage=direct_gossip action=block_range_fetch
[SYNC-REQUEST-START] peer=12D3KooW range=2547-2547 snapshot=false snapshot_height=0 timeout_ms=15000
[SYNC-REQUEST-START] peer=12D3KooW range=2547-2547 snapshot=false snapshot_height=0 timeout_ms=15000
[SYNC-REQUEST-OPEN] peer=12D3KooW range=2547-2547
[SYNC-REQUEST-OPEN] peer=12D3KooW range=2547-2547
[SYNC-REQUEST-OPEN-OK] peer=12D3KooW range=2547-2547 duration_ms=2
[SYNC-REQUEST-ENCODE] peer=12D3KooW range=2547-2547
[SYNC-REQUEST-ENCODE-OK] peer=12D3KooW range=2547-2547 duration_ms=0
[SYNC-REQUEST-DECODE] peer=12D3KooW range=2547-2547
[SYNC-REQUEST-OPEN-OK] peer=12D3KooW range=2547-2547 duration_ms=0
[SYNC-REQUEST-ENCODE] peer=12D3KooW range=2547-2547
[SYNC-REQUEST-ENCODE-OK] peer=12D3KooW range=2547-2547 duration_ms=0
[SYNC-REQUEST-DECODE] peer=12D3KooW range=2547-2547
[SYNC-REQUEST-RESULT] peer=12D3KooW range=2547-2547 count=0 snapshot=false duration_ms=2
[SYNC-REQUEST-RESULT] peer=12D3KooW range=2547-2547 count=0 snapshot=false duration_ms=1
[SYNC-SINGLE] stage=range_fetch requested=2547 result=failed err=single_block_fetch_failed
[SYNC-REQUEST-START] peer=12D3KooW range=2547-2547 snapshot=false snapshot_height=0 timeout_ms=15000
[SYNC-REQUEST-OPEN] peer=12D3KooW range=2547-2547
[SYNC-REQUEST-START] peer=12D3KooW range=2547-2547 snapshot=false snapshot_height=0 timeout_ms=15000
[SYNC-REQUEST-OPEN] peer=12D3KooW range=2547-2547
[SYNC-REQUEST-OPEN-OK] peer=12D3KooW range=2547-2547 duration_ms=1
[SYNC-REQUEST-ENCODE] peer=12D3KooW range=2547-2547
[SYNC-REQUEST-OPEN-OK] peer=12D3KooW range=2547-2547 duration_ms=1
[SYNC-REQUEST-ENCODE-OK] peer=12D3KooW range=2547-2547 duration_ms=0
[SYNC-REQUEST-DECODE] peer=12D3KooW range=2547-2547
[SYNC-REQUEST-ENCODE] peer=12D3KooW range=2547-2547
[SYNC-REQUEST-ENCODE-OK] peer=12D3KooW range=2547-2547 duration_ms=1
[SYNC-REQUEST-DECODE] peer=12D3KooW range=2547-2547
[SYNC-REQUEST-RESULT] peer=12D3KooW range=2547-2547 count=0 snapshot=false duration_ms=0
[SYNC-REQUEST-RESULT] peer=12D3KooW range=2547-2547 count=0 snapshot=false duration_ms=0
[SYNC-SINGLE] stage=range_fetch requested=2547 result=failed err=single_block_fetch_failed
[SYNC-BATCH-STOP] stage=range_fetch local=2546 target=2547 reason=no_sync_peer exclude=4
[STATUS] height=2546 finalized=2546 peers=4 validators=2 strict_live=2 heartbeat_live=2 out_of_drift=0 drift_limit=8 syncing=false sync_complete=true execution_ready=false execution_reason=startup_execution_snapshot_rebuild_pending_h_2546 gossip=true gossip_pipeline=new_block_gossip_validate_apply consensus_running=false mode=observer vote=false propose=false role=full validator_state=observer warmup_seconds=0 ready=false reason=startup_execution_snapshot_rebuild_pending_h_2546 snapshot_source=none expected_source=chain_parent_commitment expected_hash=d75b74ab resolved_source=chain_parent_commitment resolved_hash=d75b74ab next_source=carry_forward next_hash=d75b74ab got_hash= authority=chain_parent_commitment hash_mode=legacy
Attempting to connect to 4 peers
[EXEC-QUORUM] height=2547 strict=3 relaxed=2 total=4 live=2 stall=2m9s
[EXEC-QUORUM] height=2547 strict=3 relaxed=2 total=4 live=2 stall=2m9s
[EXEC-QUORUM] height=2547 strict=3 relaxed=2 total=4 live=2 stall=2m9s
[EMISSION] h=2466 reward=2 treasury=1 validators=1 burn=0 applied_burn=1 chance_bps=10000
Blocked leader broadcast @ epoch 2547: proposal gated: startup_execution_snapshot_rebuild_failed_h_2546
2026/05/19 10:27:47 [EXEC-BROADCAST-DEFER] validator=C height=2547 reason=exec_changed exec=1e5aa924 tx_merkle= current_runtime=ab74f64c current_execution=ab74f64c current_tip=2546/8da4f6f5 proposal=2547|0|f53eb382be434e238dc175666a5392d5e07e9dabfe186e770933510402bee0bc||1e5aa924c655edd2cb77c5aec6587a768a93798e543624a31ae02465c9320006 block=f53eb382 prev=8da4f6f5
[EXEC-QUORUM] height=2547 strict=3 relaxed=2 total=4 live=2 stall=2m9s
[EXEC-QUORUM] height=2547 strict=3 relaxed=2 total=4 live=2 stall=2m10s
[EMISSION] h=2466 reward=2 treasury=1 validators=1 burn=0 applied_burn=1 chance_bps=10000
[EMISSION] h=2466 reward=2 treasury=1 validators=1 burn=0 applied_burn=1 chance_bps=10000
[STARTUP-PRECHECK] waiting reason=startup_execution_snapshot_rebuild_failed_h_2546 target=2547
[EXEC-QUORUM] height=2547 strict=3 relaxed=2 total=4 live=2 stall=2m10s
[EXEC-QUORUM] height=2547 strict=3 relaxed=2 total=4 live=2 stall=2m10s
[SYNC-SERVE-REQUEST] peer=12D3KooW requested=2547-2547 snapshot=false snapshot_height=0
[SYNC-SERVE-RESPONSE] peer=12D3KooW requested=2547-2547 served=0-0 count=0 snapshot=false tip_gap=true historical_gap=false duration_ms=3
[SYNC-SERVE-REQUEST] peer=12D3KooW requested=2547-2547 snapshot=false snapshot_height=0
[SYNC-SERVE-RESPONSE] peer=12D3KooW requested=2547-2547 served=0-0 count=0 snapshot=false tip_gap=true historical_gap=false duration_ms=0
[SYNC-SERVE-REQUEST] peer=12D3KooW requested=2547-2547 snapshot=false snapshot_height=0
[SYNC-SERVE-RESPONSE] peer=12D3KooW requested=2547-2547 served=0-0 count=0 snapshot=false tip_gap=true historical_gap=false duration_ms=0
[REGISTRY-COMMITMENT-CHECK] height=2547 required=true parent_unanchored=false source=chain_parent_commitment expected=9cd32df6 got=9cd32df6
[EXEC-QUORUM] height=2547 strict=3 relaxed=2 total=4 live=2 stall=2m11s
[LEADER-BLOCK-REJECT] height=2547 round=0 reason=duplicate_proposal peer=12D3KooWE7bMkbbpLoSHKB43JdTZm9zkgqvf1iCQdGAqFFBDa42W proposer=B block=f53eb382
Ã°Å¸â€œÂ¨ Consensus message from 12D3KooWHdmUKc1bYKY3scg6TqGhK3SutwH9hu1aAez4VmvwkEyk: leader_block (size: 1311 bytes)
Ã°Å¸â€œÂ¦ Leader block received from 12D3KooWHdmUKc1bYKY3scg6TqGhK3SutwH9hu1aAez4VmvwkEyk | height=2547 proposer=B
[LEADER-BLOCK-REJECT] height=2547 round=0 reason=duplicate_proposal peer=12D3KooWHdmUKc1bYKY3scg6TqGhK3SutwH9hu1aAez4VmvwkEyk proposer=B block=f53eb382
Ã°Å¸â€Å’ Consensus stream EOF from 12D3KooWHdmUKc1bYKY3scg6TqGhK3SutwH9hu1aAez4VmvwkEyk
Ã°Å¸â€Å’ Consensus stream closed with 12D3KooWHdmUKc1bYKY3scg6TqGhK3SutwH9hu1aAez4VmvwkEyk
Ã°Å¸â€œÂ¨ Consensus message from 12D3KooWHdmUKc1bYKY3scg6TqGhK3SutwH9hu1aAez4VmvwkEyk: execution_result (size: 359 bytes)
Ã°Å¸â€Å’ Consensus stream EOF from 12D3KooWHdmUKc1bYKY3scg6TqGhK3SutwH9hu1aAez4VmvwkEyk
Ã°Å¸â€Å’ Consensus stream closed with 12D3KooWHdmUKc1bYKY3scg6TqGhK3SutwH9hu1aAez4VmvwkEyk
[EXEC-QUORUM] height=2547 strict=3 relaxed=2 total=4 live=2 stall=2m12s
[EXEC-QUORUM] height=2547 strict=3 relaxed=2 total=4 live=2 stall=2m12s
2026/05/19 10:27:50 [EXEC-COMMIT] height=2547 reason=precommit_quorum round=0 block=bad96df2 votes=2 required=2 precommits=2
âŒ Block signature verification failed | proposer=B height=2547 hash=bad96df2 candidates=2 runtime_norm=true runtime_raw=true genesis_norm=true genesis_raw=true
âŒ Block signature verification failed | proposer=B height=2547 hash=bad96df2 candidates=2 runtime_norm=true runtime_raw=true genesis_norm=true genesis_raw=true
2026/05/19 10:27:51 [OK] goroutine pressure normalized: 174 (degrade mode off)
âŒ Block signature verification failed | proposer=B height=2547 hash=bad96df2 candidates=2 runtime_norm=true runtime_raw=true genesis_norm=true genesis_raw=true
âŒ Block signature verification failed | proposer=B height=2547 hash=bad96df2 candidates=2 runtime_norm=true runtime_raw=true genesis_norm=true genesis_raw=true
[SYNC-SERVE-REQUEST] peer=12D3KooW requested=2547-2547 snapshot=false snapshot_height=0
[SYNC-SERVE-RESPONSE] peer=12D3KooW requested=2547-2547 served=0-0 count=0 snapshot=false tip_gap=true historical_gap=false duration_ms=0
[SYNC-SERVE-REQUEST] peer=12D3KooW requested=2547-2547 snapshot=false snapshot_height=0
[SYNC-SERVE-RESPONSE] peer=12D3KooW requested=2547-2547 served=0-0 count=0 snapshot=false tip_gap=true historical_gap=false duration_ms=0
[EXEC-QUORUM] height=2547 strict=3 relaxed=2 total=4 live=2 stall=2m13s
âŒ Block signature verification failed | proposer=B height=2547 hash=bad96df2 candidates=2 runtime_norm=true runtime_raw=true genesis_norm=true genesis_raw=true
âŒ Block signature verification failed | proposer=B height=2547 hash=bad96df2 candidates=2 runtime_norm=true runtime_raw=true genesis_norm=true genesis_raw=true
âŒ Block signature verification failed | proposer=B height=2547 hash=bad96df2 candidates=2 runtime_norm=true runtime_raw=true genesis_norm=true genesis_raw=true
âŒ Block signature verification failed | proposer=B height=2547 hash=bad96df2 candidates=2 runtime_norm=true runtime_raw=true genesis_norm=true genesis_raw=true
[SYNC-QUEUE] reason=late_join local=2546 target=2547
[SYNC] reason=late_join local=2546 target=2547 votes=3 required=3 stage=direct_gossip action=block_range_fetch
[SYNC-REQUEST-START] peer=12D3KooW range=2547-2547 snapshot=false snapshot_height=0 timeout_ms=15000
[SYNC-REQUEST-OPEN] peer=12D3KooW range=2547-2547
[SYNC-REQUEST-START] peer=12D3KooW range=2547-2547 snapshot=false snapshot_height=0 timeout_ms=15000
[SYNC-REQUEST-OPEN] peer=12D3KooW range=2547-2547
[SYNC-REQUEST-OPEN-OK] peer=12D3KooW range=2547-2547 duration_ms=0
[SYNC-REQUEST-ENCODE] peer=12D3KooW range=2547-2547
[SYNC-REQUEST-OPEN-OK] peer=12D3KooW range=2547-2547 duration_ms=0
[SYNC-REQUEST-ENCODE] peer=12D3KooW range=2547-2547
[SYNC-REQUEST-ENCODE-OK] peer=12D3KooW range=2547-2547 duration_ms=0
[SYNC-REQUEST-DECODE] peer=12D3KooW range=2547-2547
[SYNC-REQUEST-ENCODE-OK] peer=12D3KooW range=2547-2547 duration_ms=1
[SYNC-REQUEST-DECODE] peer=12D3KooW range=2547-2547
[SYNC-REQUEST-RESULT] peer=12D3KooW range=2547-2547 count=0 snapshot=false duration_ms=0
[SYNC-REQUEST-RESULT] peer=12D3KooW range=2547-2547 count=0 snapshot=false duration_ms=2
[SYNC-SINGLE] stage=range_fetch requested=2547 result=failed err=single_block_fetch_failed
[SYNC-REQUEST-START] peer=12D3KooW range=2547-2547 snapshot=false snapshot_height=0 timeout_ms=15000
[SYNC-REQUEST-OPEN] peer=12D3KooW range=2547-2547
[SYNC-REQUEST-OPEN-OK] peer=12D3KooW range=2547-2547 duration_ms=0
[SYNC-REQUEST-ENCODE] peer=12D3KooW range=2547-2547
[SYNC-REQUEST-START] peer=12D3KooW range=2547-2547 snapshot=false snapshot_height=0 timeout_ms=15000
[SYNC-REQUEST-OPEN] peer=12D3KooW range=2547-2547
[SYNC-REQUEST-ENCODE-OK] peer=12D3KooW range=2547-2547 duration_ms=0
[SYNC-REQUEST-DECODE] peer=12D3KooW range=2547-2547
[SYNC-REQUEST-RESULT] peer=12D3KooW range=2547-2547 count=0 snapshot=false duration_ms=1
[SYNC-REQUEST-OPEN-OK] peer=12D3KooW range=2547-2547 duration_ms=1
[SYNC-REQUEST-ENCODE] peer=12D3KooW range=2547-2547
[SYNC-REQUEST-ENCODE-OK] peer=12D3KooW range=2547-2547 duration_ms=0
[SYNC-REQUEST-DECODE] peer=12D3KooW range=2547-2547
[SYNC-REQUEST-RESULT] peer=12D3KooW range=2547-2547 count=0 snapshot=false duration_ms=2
[SYNC-SINGLE] stage=range_fetch requested=2547 result=failed err=single_block_fetch_failed
[SYNC-BATCH-STOP] stage=range_fetch local=2546 target=2547 reason=no_sync_peer exclude=4
[SYNC-SERVE-REQUEST] peer=12D3KooW requested=2547-2547 snapshot=false snapshot_height=0
[SYNC-SERVE-RESPONSE] peer=12D3KooW requested=2547-2547 served=0-0 count=0 snapshot=false tip_gap=true historical_gap=false duration_ms=0
âŒ Block signature verification failed | proposer=B height=2547 hash=bad96df2 candidates=2 runtime_norm=true runtime_raw=true genesis_norm=true genesis_raw=true
âŒ Block signature verification failed | proposer=B height=2547 hash=bad96df2 candidates=2 runtime_norm=true runtime_raw=true genesis_norm=true genesis_raw=true
âŒ Block signature verification failed | proposer=B height=2547 hash=bad96df2 candidates=2 runtime_norm=true runtime_raw=true genesis_norm=true genesis_raw=true
[SYNC-BLOCK-REJECT] stage=direct_gossip provider=12D3KooW local=2546 next=2547 got=2547 reason=validation_failed queue_tip=2547 proposer=B hash=bad96df2 prev=8da4f6f5
[APPLY-FAIL] h=2547 hash=bad96df2 reason=validation_failed fail_count=11
[EXEC-QUORUM] height=2547 strict=3 relaxed=2 total=4 live=2 stall=2m13s
2026/05/19 10:27:52 map stats: seen_blocks=1 seen_txs=0 fork_heights=1 fork_blocks=1 exec_results_keys=0 exec_results_total=0 pending_blocks=0 queued_exec_votes_keys=0 queued_exec_votes_total=0 accepted_proposal=1 exec_broadcasted_epochs=0 exec_broadcasted_keys=0 exec_signer_seen_epochs=1 exec_signer_seen_total=2 exec_broadcasted_by_val_epochs=0 exec_broadcasted_by_val_total=0 exec_rebroadcast_epochs=1 validator_status=5 candidates=1 peer_state=20 peers_connected=4 peers_connecting=0 peer_suspect=0 allowed_peers=3 pending_validators=0 pending_removals=0 queued_validator_updates=0 height_report_epochs=1 height_report_total=3 misbehavior_validators=0 misbehavior_total=0 exec_mismatch_tracked=0 exec_vote_replay_cache=2
[EXEC-QUORUM] height=2547 strict=3 relaxed=2 total=4 live=2 stall=2m13s
Validator heartbeat received: A | reported_height=2546 | finalized_height=2546 | local_exec_epoch=2547
[SNAPSHOT-PUBLISH] deferred height=2546 reason=auto_publish_interval_10
2026/05/19 10:27:52 [STARTUP-EXECUTION-SNAPSHOT] action=rebuild schedule height=2546 reason=prior_rebuild_failed_local_history_ready
Candidate heartbeat received: D | reported_height=2336 | finalized_height=2336 | local_exec_epoch=2337
2026/05/19 10:27:52 [STARTUP-EXECUTION-SNAPSHOT] action=rebuild begin height=2546
[EMISSION] h=2466 reward=2 treasury=1 validators=1 burn=0 applied_burn=1 chance_bps=10000
2026/05/19 10:27:52 [STARTUP-EXECUTION-SNAPSHOT] action=rebuild resume base=2466 target=2546
2026/05/19 10:27:52 [STARTUP-EXECUTION-SNAPSHOT] action=rebuild status=failed height=2546 err=create_snapshot_failed height=2467 err=execution_snapshot_ledger_unavailable height=2467
2026/05/19 10:27:52 [STARTUP-EXECUTION-SNAPSHOT] action=rebuild async_wait height=2546 trigger=prior_rebuild_failed_local_history_ready reason=startup_execution_snapshot_rebuild_failed_h_2546
[REGISTRY-COMMITMENT-CHECK] height=2547 required=true parent_unanchored=false source=chain_parent_commitment expected=9cd32df6 got=9cd32df6
[EXEC-QUORUM] height=2547 strict=3 relaxed=2 total=4 live=2 stall=2m15s
Candidate heartbeat received: D | reported_height=2336 | finalized_height=2336 | local_exec_epoch=2337
Validator heartbeat: B | reported_height=2546 | finalized_height=2546 | local_exec_epoch=2547
[EXEC-QUORUM] height=2547 strict=3 relaxed=2 total=4 live=2 stall=2m15s
[EXEC-QUORUM] height=2547 strict=3 relaxed=2 total=4 live=2 stall=2m15s
[SYNC-SERVE-REQUEST] peer=12D3KooW requested=2547-2547 snapshot=false snapshot_height=0
[SYNC-SERVE-RESPONSE] peer=12D3KooW requested=2547-2547 served=0-0 count=0 snapshot=false tip_gap=true historical_gap=false duration_ms=0
[SYNC-SERVE-REQUEST] peer=12D3KooW requested=2547-2547 snapshot=false snapshot_height=0
[SYNC-SERVE-RESPONSE] peer=12D3KooW requested=2547-2547 served=0-0 count=0 snapshot=false tip_gap=true historical_gap=false duration_ms=0
[EXEC-QUORUM] height=2547 strict=3 relaxed=2 total=4 live=2 stall=2m15s
2026/05/19 10:27:54 [EXEC-COMMIT] height=2547 reason=precommit_quorum round=0 block=bad96df2 votes=2 required=2 precommits=2
âŒ Block signature verification failed | proposer=B height=2547 hash=bad96df2 candidates=2 runtime_norm=true runtime_raw=true genesis_norm=true genesis_raw=true
[SYNC-SERVE-REQUEST] peer=12D3KooW requested=2547-2547 snapshot=false snapshot_height=0
[SYNC-SERVE-RESPONSE] peer=12D3KooW requested=2547-2547 served=0-0 count=0 snapshot=false tip_gap=true historical_gap=false duration_ms=0
âŒ Block signature verification failed | proposer=B height=2547 hash=bad96df2 candidates=2 runtime_norm=true runtime_raw=true genesis_norm=true genesis_raw=true
[EXEC-QUORUM] height=2547 strict=3 relaxed=2 total=4 live=2 stall=2m16s
2026/05/19 10:27:54 [VOTE-DROP] reason=duplicate_signer_proposal signer=B height=2547 round=0 vote_block=f53eb382 current_block=f53eb382 proposal=2547|0|f53eb382be434e238dc175666a5392d5e07e9dabfe186e770933510402bee0bc||1e5aa924c655edd2cb77c5aec6587a768a93798e543624a31ae02465c9320006 exec=1e5aa924 tx_merkle=
âŒ Block signature verification failed | proposer=B height=2547 hash=bad96df2 candidates=2 runtime_norm=true runtime_raw=true genesis_norm=true genesis_raw=true
âŒ Block signature verification failed | proposer=B height=2547 hash=bad96df2 candidates=2 runtime_norm=true runtime_raw=true genesis_norm=true genesis_raw=true
âŒ Block signature verification failed | proposer=B height=2547 hash=bad96df2 candidates=2 runtime_norm=true runtime_raw=true genesis_norm=true genesis_raw=true
âŒ Block signature verification failed | proposer=B height=2547 hash=bad96df2 candidates=2 runtime_norm=true runtime_raw=true genesis_norm=true genesis_raw=true
âŒ Block signature verification failed | proposer=B height=2547 hash=bad96df2 candidates=2 runtime_norm=true runtime_raw=true genesis_norm=true genesis_raw=true
[EXEC-QUORUM] height=2547 strict=3 relaxed=2 total=4 live=2 stall=2m16s
âŒ Block signature verification failed | proposer=B height=2547 hash=bad96df2 candidates=2 runtime_norm=true runtime_raw=true genesis_norm=true genesis_raw=true
âŒ Block signature verification failed | proposer=B height=2547 hash=bad96df2 candidates=2 runtime_norm=true runtime_raw=true genesis_norm=true genesis_raw=true
âŒ Block signature verification failed | proposer=B height=2547 hash=bad96df2 candidates=2 runtime_norm=true runtime_raw=true genesis_norm=true genesis_raw=true
âŒ Block signature verification failed | proposer=B height=2547 hash=bad96df2 candidates=2 runtime_norm=true runtime_raw=true genesis_norm=true genesis_raw=true
[SYNC-BLOCK-REJECT] stage=direct_gossip provider=12D3KooW local=2546 next=2547 got=2547 reason=validation_failed queue_tip=2547 proposer=B hash=bad96df2 prev=8da4f6f5
[APPLY-FAIL] h=2547 hash=bad96df2 reason=validation_failed fail_count=12
Validator heartbeat received: B | reported_height=2546 | finalized_height=2546 | local_exec_epoch=2547
[LEADER-BLOCK-REJECT] height=2547 round=0 reason=duplicate_proposal peer= proposer=B block=f53eb382
Validator heartbeat: A | reported_height=2546 | finalized_height=2546 | local_exec_epoch=2547
[EXEC-QUORUM] height=2547 strict=3 relaxed=2 total=4 live=2 stall=2m17s
[SYNC-QUEUE] reason=invalid_block_signature local=2546 target=2547
[SYNC] reason=invalid_block_signature local=2546 target=2547 votes=3 required=3 stage=direct_gossip action=block_range_fetch
[SYNC-REQUEST-START] peer=12D3KooW range=2547-2547 snapshot=false snapshot_height=0 timeout_ms=15000
[SYNC-REQUEST-OPEN] peer=12D3KooW range=2547-2547
[SYNC-REQUEST-OPEN-OK] peer=12D3KooW range=2547-2547 duration_ms=0
[SYNC-REQUEST-ENCODE] peer=12D3KooW range=2547-2547
[SYNC-REQUEST-ENCODE-OK] peer=12D3KooW range=2547-2547 duration_ms=1
[SYNC-REQUEST-DECODE] peer=12D3KooW range=2547-2547
[SYNC-REQUEST-START] peer=12D3KooW range=2547-2547 snapshot=false snapshot_height=0 timeout_ms=15000
[SYNC-REQUEST-OPEN] peer=12D3KooW range=2547-2547
[SYNC-REQUEST-RESULT] peer=12D3KooW range=2547-2547 count=0 snapshot=false duration_ms=2
[SYNC-REQUEST-OPEN-OK] peer=12D3KooW range=2547-2547 duration_ms=0
[SYNC-REQUEST-ENCODE] peer=12D3KooW range=2547-2547
[SYNC-REQUEST-ENCODE-OK] peer=12D3KooW range=2547-2547 duration_ms=0
[SYNC-REQUEST-DECODE] peer=12D3KooW range=2547-2547
[SYNC-REQUEST-RESULT] peer=12D3KooW range=2547-2547 count=0 snapshot=false duration_ms=3
[SYNC-SINGLE] stage=range_fetch requested=2547 result=failed err=single_block_fetch_failed
[SYNC-REQUEST-START] peer=12D3KooW range=2547-2547 snapshot=false snapshot_height=0 timeout_ms=15000
[SYNC-REQUEST-OPEN] peer=12D3KooW range=2547-2547
[SYNC-REQUEST-OPEN-OK] peer=12D3KooW range=2547-2547 duration_ms=0
[SYNC-REQUEST-ENCODE] peer=12D3KooW range=2547-2547
[SYNC-REQUEST-ENCODE-OK] peer=12D3KooW range=2547-2547 duration_ms=0
[SYNC-REQUEST-DECODE] peer=12D3KooW range=2547-2547
[SYNC-REQUEST-START] peer=12D3KooW range=2547-2547 snapshot=false snapshot_height=0 timeout_ms=15000
[SYNC-REQUEST-OPEN] peer=12D3KooW range=2547-2547
[SYNC-REQUEST-OPEN-OK] peer=12D3KooW range=2547-2547 duration_ms=0
[SYNC-REQUEST-ENCODE] peer=12D3KooW range=2547-2547
[SYNC-REQUEST-ENCODE-OK] peer=12D3KooW range=2547-2547 duration_ms=1
[SYNC-REQUEST-DECODE] peer=12D3KooW range=2547-2547
[SYNC-REQUEST-RESULT] peer=12D3KooW range=2547-2547 count=0 snapshot=false duration_ms=2
[SYNC-REQUEST-RESULT] peer=12D3KooW range=2547-2547 count=0 snapshot=false duration_ms=2
[SYNC-SINGLE] stage=range_fetch requested=2547 result=failed err=single_block_fetch_failed
[SYNC-BATCH-STOP] stage=range_fetch local=2546 target=2547 reason=no_sync_peer exclude=4
[CONSENSUS] height=2546 vhash=d75b74ab validators=4
[EMISSION] h=2466 reward=2 treasury=1 validators=1 burn=0 applied_burn=1 chance_bps=10000
[STARTUP-PRECHECK] waiting reason=startup_execution_snapshot_rebuild_failed_h_2546 target=2547
[EMISSION] h=2466 reward=2 treasury=1 validators=1 burn=0 applied_burn=1 chance_bps=10000
[EXEC-QUORUM] height=2547 strict=3 relaxed=2 total=4 live=2 stall=2m18s
[EXEC-QUORUM] height=2547 strict=3 relaxed=2 total=4 live=2 stall=2m19s
[EXEC-QUORUM] height=2547 strict=3 relaxed=2 total=4 live=2 stall=2m20s
[REGISTRY-COMMITMENT-CHECK] height=2547 required=true parent_unanchored=false source=chain_parent_commitment expected=9cd32df6 got=9cd32df6
[EXEC-QUORUM] height=2547 strict=3 relaxed=2 total=4 live=2 stall=2m20s
[EXEC-QUORUM] height=2547 strict=3 relaxed=2 total=4 live=2 stall=2m20s
[SYNC-SERVE-REQUEST] peer=12D3KooW requested=2547-2547 snapshot=false snapshot_height=0
[SYNC-SERVE-RESPONSE] peer=12D3KooW requested=2547-2547 served=0-0 count=0 snapshot=false tip_gap=true historical_gap=false duration_ms=0
[SYNC-SERVE-REQUEST] peer=12D3KooW requested=2547-2547 snapshot=false snapshot_height=0
[SYNC-SERVE-RESPONSE] peer=12D3KooW requested=2547-2547 served=0-0 count=0 snapshot=false tip_gap=true historical_gap=false duration_ms=0
[REGISTRY-COMMITMENT-CHECK] height=2547 required=true parent_unanchored=false source=chain_parent_commitment expected=9cd32df6 got=9cd32df6
[EXEC-QUORUM] height=2547 strict=3 relaxed=2 total=4 live=2 stall=2m21s
[SYNC-SERVE-REQUEST] peer=12D3KooW requested=2547-2547 snapshot=false snapshot_height=0
[SYNC-SERVE-RESPONSE] peer=12D3KooW requested=2547-2547 served=0-0 count=0 snapshot=false tip_gap=true historical_gap=false duration_ms=0
[EXEC-QUORUM] height=2547 strict=3 relaxed=2 total=4 live=2 stall=2m21s
2026/05/19 10:27:59 [VOTE-DROP] reason=replay_cache signer=B height=2547 round=0 vote_block=f53eb382 current_block=f53eb382 proposal=2547|0|f53eb382be434e238dc175666a5392d5e07e9dabfe186e770933510402bee0bc||1e5aa924c655edd2cb77c5aec6587a768a93798e543624a31ae02465c9320006 exec=1e5aa924 tx_merkle=
Validator heartbeat: C | reported_height=2546 | finalized_height=2546 | local_exec_epoch=2547
Heartbeat sent: C finalized=2546 epoch=2547
[EXEC-QUORUM] height=2547 strict=3 relaxed=2 total=4 live=2 stall=2m21s
[EXEC-QUORUM] height=2547 strict=3 relaxed=2 total=4 live=2 stall=2m22s
[STATUS] height=2546 finalized=2546 peers=4 validators=2 strict_live=2 heartbeat_live=2 out_of_drift=0 drift_limit=8 syncing=false sync_complete=true execution_ready=false execution_reason=startup_execution_snapshot_rebuild_pending_h_2546 gossip=true gossip_pipeline=new_block_gossip_validate_apply consensus_running=false mode=observer vote=false propose=false role=full validator_state=observer warmup_seconds=0 ready=false reason=startup_execution_snapshot_rebuild_pending_h_2546 snapshot_source=none expected_source=chain_parent_commitment expected_hash=d75b74ab resolved_source=chain_parent_commitment resolved_hash=d75b74ab next_source=carry_forward next_hash=d75b74ab got_hash= authority=chain_parent_commitment hash_mode=legacy
[SYNC-SERVE-REQUEST] peer=12D3KooW requested=2547-2547 snapshot=false snapshot_height=0
[SYNC-SERVE-RESPONSE] peer=12D3KooW requested=2547-2547 served=0-0 count=0 snapshot=false tip_gap=true historical_gap=false duration_ms=0
[SYNC-SERVE-REQUEST] peer=12D3KooW requested=2547-2547 snapshot=false snapshot_height=0
[SYNC-SERVE-RESPONSE] peer=12D3KooW requested=2547-2547 served=0-0 count=0 snapshot=false tip_gap=true historical_gap=false duration_ms=1
[EXEC-QUORUM] height=2547 strict=3 relaxed=2 total=4 live=2 stall=2m23s
[EXEC-QUORUM] height=2547 strict=3 relaxed=2 total=4 live=2 stall=2m23s
[EXEC-QUORUM] height=2547 strict=3 relaxed=2 total=4 live=2 stall=2m23s
2026/05/19 10:28:01 [STARTUP-EXECUTION-SNAPSHOT] action=rebuild schedule height=2546 reason=prior_rebuild_failed_local_history_ready
2026/05/19 10:28:01 [STARTUP-EXECUTION-SNAPSHOT] action=rebuild begin height=2546
[EMISSION] h=2466 reward=2 treasury=1 validators=1 burn=0 applied_burn=1 chance_bps=10000
2026/05/19 10:28:01 [STARTUP-EXECUTION-SNAPSHOT] action=rebuild resume base=2466 target=2546
2026/05/19 10:28:01 [STARTUP-EXECUTION-SNAPSHOT] action=rebuild status=failed height=2546 err=create_snapshot_failed height=2467 err=execution_snapshot_ledger_unavailable height=2467
2026/05/19 10:28:01 [STARTUP-EXECUTION-SNAPSHOT] action=rebuild async_wait height=2546 trigger=prior_rebuild_failed_local_history_ready reason=startup_execution_snapshot_rebuild_failed_h_2546
[SYNC-QUEUE] reason=late_join local=2546 target=2547
[SYNC] reason=late_join local=2546 target=2547 votes=3 required=3 stage=direct_gossip action=block_range_fetch
[SYNC-REQUEST-START] peer=12D3KooW range=2547-2547 snapshot=false snapshot_height=0 timeout_ms=15000
[SYNC-REQUEST-OPEN] peer=12D3KooW range=2547-2547
[SYNC-REQUEST-START] peer=12D3KooW range=2547-2547 snapshot=false snapshot_height=0 timeout_ms=15000
[SYNC-REQUEST-OPEN] peer=12D3KooW range=2547-2547
[SYNC-REQUEST-OPEN-OK] peer=12D3KooW range=2547-2547 duration_ms=1
[SYNC-REQUEST-ENCODE] peer=12D3KooW range=2547-2547
[SYNC-REQUEST-ENCODE-OK] peer=12D3KooW range=2547-2547 duration_ms=0
[SYNC-REQUEST-DECODE] peer=12D3KooW range=2547-2547
[SYNC-REQUEST-OPEN-OK] peer=12D3KooW range=2547-2547 duration_ms=0
[SYNC-REQUEST-RESULT] peer=12D3KooW range=2547-2547 count=0 snapshot=false duration_ms=1
[SYNC-REQUEST-ENCODE] peer=12D3KooW range=2547-2547
[SYNC-REQUEST-ENCODE-OK] peer=12D3KooW range=2547-2547 duration_ms=0
[SYNC-REQUEST-DECODE] peer=12D3KooW range=2547-2547
[SYNC-REQUEST-RESULT] peer=12D3KooW range=2547-2547 count=0 snapshot=false duration_ms=1
[SYNC-SINGLE] stage=range_fetch requested=2547 result=failed err=single_block_fetch_failed
[SYNC-REQUEST-START] peer=12D3KooW range=2547-2547 snapshot=false snapshot_height=0 timeout_ms=15000
[SYNC-REQUEST-OPEN] peer=12D3KooW range=2547-2547
[SYNC-REQUEST-START] peer=12D3KooW range=2547-2547 snapshot=false snapshot_height=0 timeout_ms=15000
[SYNC-REQUEST-OPEN] peer=12D3KooW range=2547-2547
[SYNC-REQUEST-OPEN-OK] peer=12D3KooW range=2547-2547 duration_ms=0
[SYNC-REQUEST-OPEN-OK] peer=12D3KooW range=2547-2547 duration_ms=0
[SYNC-REQUEST-ENCODE] peer=12D3KooW range=2547-2547
[SYNC-REQUEST-ENCODE] peer=12D3KooW range=2547-2547
[SYNC-REQUEST-ENCODE-OK] peer=12D3KooW range=2547-2547 duration_ms=1
[SYNC-REQUEST-DECODE] peer=12D3KooW range=2547-2547
[SYNC-REQUEST-ENCODE-OK] peer=12D3KooW range=2547-2547 duration_ms=0
[SYNC-REQUEST-DECODE] peer=12D3KooW range=2547-2547
[SYNC-REQUEST-RESULT] peer=12D3KooW range=2547-2547 count=0 snapshot=false duration_ms=0
[SYNC-REQUEST-RESULT] peer=12D3KooW range=2547-2547 count=0 snapshot=false duration_ms=1
[SYNC-SINGLE] stage=range_fetch requested=2547 result=failed err=single_block_fetch_failed
[SYNC-BATCH-STOP] stage=range_fetch local=2546 target=2547 reason=no_sync_peer exclude=4
[EXEC-QUORUM] height=2547 strict=3 relaxed=2 total=4 live=2 stall=2m24s
[EXEC-QUORUM] height=2547 strict=3 relaxed=2 total=4 live=2 stall=2m24s
[EXEC-QUORUM] height=2547 strict=3 relaxed=2 total=4 live=2 stall=2m24s
[EXEC-QUORUM] height=2547 strict=3 relaxed=2 total=4 live=2 stall=2m25s
[LEADER-BLOCK-REJECT] height=2547 round=0 reason=duplicate_proposal peer=12D3KooWPVKESWFG9sS8G6vjhfPn54kWuNFkkuHwG4yQXhYRcXjX proposer=B block=f53eb382
Ã°Å¸â€œÂ¨ Consensus message from 12D3KooWPVKESWFG9sS8G6vjhfPn54kWuNFkkuHwG4yQXhYRcXjX: leader_block (size: 1311 bytes)
Ã°Å¸â€œÂ¦ Leader block received from 12D3KooWPVKESWFG9sS8G6vjhfPn54kWuNFkkuHwG4yQXhYRcXjX | height=2547 proposer=B
Ã°Å¸â€œÂ¨ Consensus message from 12D3KooWPVKESWFG9sS8G6vjhfPn54kWuNFkkuHwG4yQXhYRcXjX: execution_result (size: 359 bytes)
[LEADER-BLOCK-REJECT] height=2547 round=0 reason=duplicate_proposal peer=12D3KooWPVKESWFG9sS8G6vjhfPn54kWuNFkkuHwG4yQXhYRcXjX proposer=B block=f53eb382
Ã°Å¸â€Å’ Consensus stream EOF from 12D3KooWPVKESWFG9sS8G6vjhfPn54kWuNFkkuHwG4yQXhYRcXjX
Ã°Å¸â€Å’ Consensus stream closed with 12D3KooWPVKESWFG9sS8G6vjhfPn54kWuNFkkuHwG4yQXhYRcXjX
Ã°Å¸â€Å’ Consensus stream EOF from 12D3KooWPVKESWFG9sS8G6vjhfPn54kWuNFkkuHwG4yQXhYRcXjX
Ã°Å¸â€Å’ Consensus stream closed with 12D3KooWPVKESWFG9sS8G6vjhfPn54kWuNFkkuHwG4yQXhYRcXjX
[SYNC-SERVE-REQUEST] peer=12D3KooW requested=2547-2547 snapshot=false snapshot_height=0
[SYNC-SERVE-RESPONSE] peer=12D3KooW requested=2547-2547 served=0-0 count=0 snapshot=false tip_gap=true historical_gap=false duration_ms=0
[SYNC-SERVE-REQUEST] peer=12D3KooW requested=2547-2547 snapshot=false snapshot_height=0
[SYNC-SERVE-RESPONSE] peer=12D3KooW requested=2547-2547 served=0-0 count=0 snapshot=false tip_gap=true historical_gap=false duration_ms=1
[REGISTRY-COMMITMENT-CHECK] height=2547 required=true parent_unanchored=false source=chain_parent_commitment expected=9cd32df6 got=9cd32df6
[SYNC-SERVE-REQUEST] peer=12D3KooW requested=2547-2547 snapshot=false snapshot_height=0
[SYNC-SERVE-RESPONSE] peer=12D3KooW requested=2547-2547 served=0-0 count=0 snapshot=false tip_gap=true historical_gap=false duration_ms=0
[EXEC-QUORUM] height=2547 strict=3 relaxed=2 total=4 live=2 stall=2m26s
2026/05/19 10:28:04 [EXEC-COMMIT] height=2547 reason=precommit_quorum round=0 block=bad96df2 votes=2 required=2 precommits=2
[EXEC-QUORUM] height=2547 strict=3 relaxed=2 total=4 live=2 stall=2m26s
âŒ Block signature verification failed | proposer=B height=2547 hash=bad96df2 candidates=2 runtime_norm=true runtime_raw=true genesis_norm=true genesis_raw=true
âŒ Block signature verification failed | proposer=B height=2547 hash=bad96df2 candidates=2 runtime_norm=true runtime_raw=true genesis_norm=true genesis_raw=true
âŒ Block signature verification failed | proposer=B height=2547 hash=bad96df2 candidates=2 runtime_norm=true runtime_raw=true genesis_norm=true genesis_raw=true
âŒ Block signature verification failed | proposer=B height=2547 hash=bad96df2 candidates=2 runtime_norm=true runtime_raw=true genesis_norm=true genesis_raw=true
[EMISSION] h=2466 reward=2 treasury=1 validators=1 burn=0 applied_burn=1 chance_bps=10000
[STARTUP-PRECHECK] waiting reason=startup_execution_snapshot_rebuild_failed_h_2546 target=2547
âŒ Block signature verification failed | proposer=B height=2547 hash=bad96df2 candidates=2 runtime_norm=true runtime_raw=true genesis_norm=true genesis_raw=true
[EXEC-QUORUM] height=2547 strict=3 relaxed=2 total=4 live=2 stall=2m26s
[SNAPSHOT-PUBLISH] deferred height=2546 reason=auto_publish_interval_10
âŒ Block signature verification failed | proposer=B height=2547 hash=bad96df2 candidates=2 runtime_norm=true runtime_raw=true genesis_norm=true genesis_raw=true
âŒ Block signature verification failed | proposer=B height=2547 hash=bad96df2 candidates=2 runtime_norm=true runtime_raw=true genesis_norm=true genesis_raw=true
[EXEC-QUORUM] height=2547 strict=3 relaxed=2 total=4 live=2 stall=2m27s
âŒ Block signature verification failed | proposer=B height=2547 hash=bad96df2 candidates=2 runtime_norm=true runtime_raw=true genesis_norm=true genesis_raw=true
âŒ Block signature verification failed | proposer=B height=2547 hash=bad96df2 candidates=2 runtime_norm=true runtime_raw=true genesis_norm=true genesis_raw=true
[EMISSION] h=2466 reward=2 treasury=1 validators=1 burn=0 applied_burn=1 chance_bps=10000
âŒ Block signature verification failed | proposer=B height=2547 hash=bad96df2 candidates=2 runtime_norm=true runtime_raw=true genesis_norm=true genesis_raw=true
âŒ Block signature verification failed | proposer=B height=2547 hash=bad96df2 candidates=2 runtime_norm=true runtime_raw=true genesis_norm=true genesis_raw=true
[SYNC-BLOCK-REJECT] stage=direct_gossip provider=12D3KooW local=2546 next=2547 got=2547 reason=validation_failed queue_tip=2547 proposer=B hash=bad96df2 prev=8da4f6f5
[APPLY-FAIL] h=2547 hash=bad96df2 reason=validation_failed fail_count=13
Validator heartbeat received: B | reported_height=2546 | finalized_height=2546 | local_exec_epoch=2547
Validator heartbeat: A | reported_height=2546 | finalized_height=2546 | local_exec_epoch=2547
[EXEC-QUORUM] height=2547 strict=3 relaxed=2 total=4 live=2 stall=2m27s
[REGISTRY-COMMITMENT-CHECK] height=2547 required=true parent_unanchored=false source=chain_parent_commitment expected=9cd32df6 got=9cd32df6
[SYNC-QUEUE] reason=invalid_block_signature local=2546 target=2547
[SYNC] reason=invalid_block_signature local=2546 target=2547 votes=3 required=3 stage=direct_gossip action=block_range_fetch
[SYNC-REQUEST-START] peer=12D3KooW range=2547-2547 snapshot=false snapshot_height=0 timeout_ms=15000
[SYNC-REQUEST-OPEN] peer=12D3KooW range=2547-2547
[SYNC-REQUEST-START] peer=12D3KooW range=2547-2547 snapshot=false snapshot_height=0 timeout_ms=15000
[SYNC-REQUEST-OPEN] peer=12D3KooW range=2547-2547
[SYNC-REQUEST-OPEN-OK] peer=12D3KooW range=2547-2547 duration_ms=0
[SYNC-REQUEST-ENCODE] peer=12D3KooW range=2547-2547
[SYNC-REQUEST-OPEN-OK] peer=12D3KooW range=2547-2547 duration_ms=0
[SYNC-REQUEST-ENCODE] peer=12D3KooW range=2547-2547
[SYNC-REQUEST-ENCODE-OK] peer=12D3KooW range=2547-2547 duration_ms=1
[SYNC-REQUEST-DECODE] peer=12D3KooW range=2547-2547
[SYNC-REQUEST-ENCODE-OK] peer=12D3KooW range=2547-2547 duration_ms=0
[SYNC-REQUEST-DECODE] peer=12D3KooW range=2547-2547
[SYNC-REQUEST-RESULT] peer=12D3KooW range=2547-2547 count=0 snapshot=false duration_ms=0
[SYNC-REQUEST-RESULT] peer=12D3KooW range=2547-2547 count=0 snapshot=false duration_ms=2
[SYNC-SINGLE] stage=range_fetch requested=2547 result=failed err=single_block_fetch_failed
[SYNC-REQUEST-START] peer=12D3KooW range=2547-2547 snapshot=false snapshot_height=0 timeout_ms=15000
[SYNC-REQUEST-OPEN] peer=12D3KooW range=2547-2547
[SYNC-REQUEST-START] peer=12D3KooW range=2547-2547 snapshot=false snapshot_height=0 timeout_ms=15000
[SYNC-REQUEST-OPEN] peer=12D3KooW range=2547-2547
[SYNC-REQUEST-OPEN-OK] peer=12D3KooW range=2547-2547 duration_ms=1
[SYNC-REQUEST-ENCODE] peer=12D3KooW range=2547-2547
[SYNC-REQUEST-ENCODE-OK] peer=12D3KooW range=2547-2547 duration_ms=0
[SYNC-REQUEST-DECODE] peer=12D3KooW range=2547-2547
[SYNC-REQUEST-OPEN-OK] peer=12D3KooW range=2547-2547 duration_ms=0
[SYNC-REQUEST-ENCODE] peer=12D3KooW range=2547-2547
[SYNC-REQUEST-ENCODE-OK] peer=12D3KooW range=2547-2547 duration_ms=0
[SYNC-REQUEST-DECODE] peer=12D3KooW range=2547-2547
[SYNC-REQUEST-RESULT] peer=12D3KooW range=2547-2547 count=0 snapshot=false duration_ms=0
[SYNC-REQUEST-RESULT] peer=12D3KooW range=2547-2547 count=0 snapshot=false duration_ms=0
[SYNC-SINGLE] stage=range_fetch requested=2547 result=failed err=single_block_fetch_failed
[SYNC-BATCH-STOP] stage=range_fetch local=2546 target=2547 reason=no_sync_peer exclude=4
[EXEC-QUORUM] height=2547 strict=3 relaxed=2 total=4 live=2 stall=2m28s
[EXEC-QUORUM] height=2547 strict=3 relaxed=2 total=4 live=2 stall=2m28s
[EXEC-QUORUM] height=2547 strict=3 relaxed=2 total=4 live=2 stall=2m29s
2026/05/19 10:28:07 [VOTE-DROP] reason=duplicate_signer_proposal signer=A height=2547 round=0 vote_block=f53eb382 current_block=f53eb382 proposal=2547|0|f53eb382be434e238dc175666a5392d5e07e9dabfe186e770933510402bee0bc||1e5aa924c655edd2cb77c5aec6587a768a93798e543624a31ae02465c9320006 exec=1e5aa924 tx_merkle=
[EXEC-QUORUM] height=2547 strict=3 relaxed=2 total=4 live=2 stall=2m29s
[EXEC-QUORUM] height=2547 strict=3 relaxed=2 total=4 live=2 stall=2m30s
[EXEC-QUORUM] height=2547 strict=3 relaxed=2 total=4 live=2 stall=2m30s
2026/05/19 10:28:08 [EXEC-COMMIT] height=2547 reason=precommit_quorum round=0 block=bad96df2 votes=2 required=2 precommits=2
2026/05/19 10:28:08 [STARTUP-EXECUTION-SNAPSHOT] action=rebuild schedule height=2546 reason=prior_rebuild_failed_local_history_ready
2026/05/19 10:28:08 [STARTUP-EXECUTION-SNAPSHOT] action=rebuild begin height=2546
[EMISSION] h=2466 reward=2 treasury=1 validators=1 burn=0 applied_burn=1 chance_bps=10000
2026/05/19 10:28:08 [STARTUP-EXECUTION-SNAPSHOT] action=rebuild resume base=2466 target=2546
2026/05/19 10:28:08 [STARTUP-EXECUTION-SNAPSHOT] action=rebuild status=failed height=2546 err=create_snapshot_failed height=2467 err=execution_snapshot_ledger_unavailable height=2467
2026/05/19 10:28:08 [STARTUP-EXECUTION-SNAPSHOT] action=rebuild async_wait height=2546 trigger=prior_rebuild_failed_local_history_ready reason=startup_execution_snapshot_rebuild_failed_h_2546
[SYNC-SERVE-REQUEST] peer=12D3KooW requested=2547-2547 snapshot=false snapshot_height=0
[SYNC-SERVE-RESPONSE] peer=12D3KooW requested=2547-2547 served=0-0 count=0 snapshot=false tip_gap=true historical_gap=false duration_ms=0
[SYNC-SERVE-REQUEST] peer=12D3KooW requested=2547-2547 snapshot=false snapshot_height=0
[SYNC-SERVE-RESPONSE] peer=12D3KooW requested=2547-2547 served=0-0 count=0 snapshot=false tip_gap=true historical_gap=false duration_ms=0
âŒ Block signature verification failed | proposer=B height=2547 hash=bad96df2 candidates=2 runtime_norm=true runtime_raw=true genesis_norm=true genesis_raw=true
âŒ Block signature verification failed | proposer=B height=2547 hash=bad96df2 candidates=2 runtime_norm=true runtime_raw=true genesis_norm=true genesis_raw=true
âŒ Block signature verification failed | proposer=B height=2547 hash=bad96df2 candidates=2 runtime_norm=true runtime_raw=true genesis_norm=true genesis_raw=true
[SYNC-SERVE-REQUEST] peer=12D3KooW requested=2547-2547 snapshot=false snapshot_height=0
[SYNC-SERVE-RESPONSE] peer=12D3KooW requested=2547-2547 served=0-0 count=0 snapshot=false tip_gap=true historical_gap=false duration_ms=0
[EXEC-QUORUM] height=2547 strict=3 relaxed=2 total=4 live=2 stall=2m31s
âŒ Block signature verification failed | proposer=B height=2547 hash=bad96df2 candidates=2 runtime_norm=true runtime_raw=true genesis_norm=true genesis_raw=true
âŒ Block signature verification failed | proposer=B height=2547 hash=bad96df2 candidates=2 runtime_norm=true runtime_raw=true genesis_norm=true genesis_raw=true
[EXEC-QUORUM] height=2547 strict=3 relaxed=2 total=4 live=2 stall=2m31s
âŒ Block signature verification failed | proposer=B height=2547 hash=bad96df2 candidates=2 runtime_norm=true runtime_raw=true genesis_norm=true genesis_raw=true
âŒ Block signature verification failed | proposer=B height=2547 hash=bad96df2 candidates=2 runtime_norm=true runtime_raw=true genesis_norm=true genesis_raw=true
âŒ Block signature verification failed | proposer=B height=2547 hash=bad96df2 candidates=2 runtime_norm=true runtime_raw=true genesis_norm=true genesis_raw=true
âŒ Block signature verification failed | proposer=B height=2547 hash=bad96df2 candidates=2 runtime_norm=true runtime_raw=true genesis_norm=true genesis_raw=true
[EXEC-QUORUM] height=2547 strict=3 relaxed=2 total=4 live=2 stall=2m31s
âŒ Block signature verification failed | proposer=B height=2547 hash=bad96df2 candidates=2 runtime_norm=true runtime_raw=true genesis_norm=true genesis_raw=true
âŒ Block signature verification failed | proposer=B height=2547 hash=bad96df2 candidates=2 runtime_norm=true runtime_raw=true genesis_norm=true genesis_raw=true
[SYNC-BLOCK-REJECT] stage=direct_gossip provider=12D3KooW local=2546 next=2547 got=2547 reason=validation_failed queue_tip=2547 proposer=B hash=bad96df2 prev=8da4f6f5
[APPLY-FAIL] h=2547 hash=bad96df2 reason=validation_failed fail_count=14
Validator heartbeat received: A | reported_height=2546 | finalized_height=2546 | local_exec_epoch=2547
[SNAPSHOT-PUBLISH] deferred height=2546 reason=auto_publish_interval_10
[SYNC-QUEUE] reason=invalid_block_signature local=2546 target=2547
[SYNC] reason=invalid_block_signature local=2546 target=2547 votes=3 required=3 stage=direct_gossip action=block_range_fetch
[SYNC-REQUEST-START] peer=12D3KooW range=2547-2547 snapshot=false snapshot_height=0 timeout_ms=15000
[SYNC-REQUEST-OPEN] peer=12D3KooW range=2547-2547
[SYNC-REQUEST-START] peer=12D3KooW range=2547-2547 snapshot=false snapshot_height=0 timeout_ms=15000
[SYNC-REQUEST-OPEN] peer=12D3KooW range=2547-2547
[SYNC-REQUEST-OPEN-OK] peer=12D3KooW range=2547-2547 duration_ms=0
[SYNC-REQUEST-ENCODE] peer=12D3KooW range=2547-2547
[SYNC-REQUEST-ENCODE-OK] peer=12D3KooW range=2547-2547 duration_ms=0
[SYNC-REQUEST-DECODE] peer=12D3KooW range=2547-2547
Candidate heartbeat received: D | reported_height=2337 | finalized_height=2337 | local_exec_epoch=2338
[SYNC-REQUEST-RESULT] peer=12D3KooW range=2547-2547 count=0 snapshot=false duration_ms=0
[EXEC-QUORUM] height=2547 strict=3 relaxed=2 total=4 live=2 stall=2m32s
[SYNC-REQUEST-OPEN-OK] peer=12D3KooW range=2547-2547 duration_ms=0
[SYNC-REQUEST-ENCODE] peer=12D3KooW range=2547-2547
[SYNC-REQUEST-ENCODE-OK] peer=12D3KooW range=2547-2547 duration_ms=0
[SYNC-REQUEST-DECODE] peer=12D3KooW range=2547-2547
[SYNC-REQUEST-RESULT] peer=12D3KooW range=2547-2547 count=0 snapshot=false duration_ms=0
[SYNC-SINGLE] stage=range_fetch requested=2547 result=failed err=single_block_fetch_failed
[SYNC-REQUEST-START] peer=12D3KooW range=2547-2547 snapshot=false snapshot_height=0 timeout_ms=15000
[SYNC-REQUEST-OPEN] peer=12D3KooW range=2547-2547
[SYNC-REQUEST-START] peer=12D3KooW range=2547-2547 snapshot=false snapshot_height=0 timeout_ms=15000
[SYNC-REQUEST-OPEN] peer=12D3KooW range=2547-2547
[SYNC-REQUEST-OPEN-OK] peer=12D3KooW range=2547-2547 duration_ms=0
[SYNC-REQUEST-ENCODE] peer=12D3KooW range=2547-2547
[SYNC-REQUEST-OPEN-OK] peer=12D3KooW range=2547-2547 duration_ms=0
[SYNC-REQUEST-ENCODE] peer=12D3KooW range=2547-2547
[SYNC-REQUEST-ENCODE-OK] peer=12D3KooW range=2547-2547 duration_ms=0
[SYNC-REQUEST-DECODE] peer=12D3KooW range=2547-2547
[SYNC-REQUEST-ENCODE-OK] peer=12D3KooW range=2547-2547 duration_ms=0
[SYNC-REQUEST-DECODE] peer=12D3KooW range=2547-2547
[SYNC-REQUEST-RESULT] peer=12D3KooW range=2547-2547 count=0 snapshot=false duration_ms=0
Validator heartbeat: B | reported_height=2546 | finalized_height=2546 | local_exec_epoch=2547
[SYNC-REQUEST-RESULT] peer=12D3KooW range=2547-2547 count=0 snapshot=false duration_ms=0
[SYNC-SINGLE] stage=range_fetch requested=2547 result=failed err=single_block_fetch_failed
[SYNC-BATCH-STOP] stage=range_fetch local=2546 target=2547 reason=no_sync_peer exclude=4
2026/05/19 10:28:11 [OK] goroutine pressure normalized: 174 (degrade mode off)
Attempting to connect to 4 peers
[CONSENSUS] height=2546 vhash=d75b74ab validators=4
[REGISTRY-COMMITMENT-CHECK] height=2547 required=true parent_unanchored=false source=chain_parent_commitment expected=9cd32df6 got=9cd32df6
[SYNC] reason=late_join local=2546 target=2547 votes=3 required=3 stage=direct_gossip action=block_range_fetch
[SYNC-REQUEST-START] peer=12D3KooW range=2547-2547 snapshot=false snapshot_height=0 timeout_ms=15000
[SYNC-REQUEST-OPEN] peer=12D3KooW range=2547-2547
[SYNC-REQUEST-START] peer=12D3KooW range=2547-2547 snapshot=false snapshot_height=0 timeout_ms=15000
[SYNC-REQUEST-OPEN] peer=12D3KooW range=2547-2547
[SYNC-REQUEST-OPEN-OK] peer=12D3KooW range=2547-2547 duration_ms=0
[SYNC-REQUEST-OPEN-OK] peer=12D3KooW range=2547-2547 duration_ms=0
[SYNC-REQUEST-ENCODE] peer=12D3KooW range=2547-2547
[SYNC-REQUEST-ENCODE] peer=12D3KooW range=2547-2547
[SYNC-REQUEST-ENCODE-OK] peer=12D3KooW range=2547-2547 duration_ms=0
[SYNC-REQUEST-DECODE] peer=12D3KooW range=2547-2547
[SYNC-REQUEST-ENCODE-OK] peer=12D3KooW range=2547-2547 duration_ms=0
[SYNC-REQUEST-DECODE] peer=12D3KooW range=2547-2547
[SYNC-REQUEST-RESULT] peer=12D3KooW range=2547-2547 count=0 snapshot=false duration_ms=0
[SYNC-REQUEST-RESULT] peer=12D3KooW range=2547-2547 count=0 snapshot=false duration_ms=0
[SYNC-SINGLE] stage=range_fetch requested=2547 result=failed err=single_block_fetch_failed
[SYNC-REQUEST-START] peer=12D3KooW range=2547-2547 snapshot=false snapshot_height=0 timeout_ms=15000
[SYNC-REQUEST-OPEN] peer=12D3KooW range=2547-2547
[SYNC-REQUEST-START] peer=12D3KooW range=2547-2547 snapshot=false snapshot_height=0 timeout_ms=15000
[SYNC-REQUEST-OPEN] peer=12D3KooW range=2547-2547
[SYNC-REQUEST-OPEN-OK] peer=12D3KooW range=2547-2547 duration_ms=1
[SYNC-REQUEST-OPEN-OK] peer=12D3KooW range=2547-2547 duration_ms=0
[SYNC-REQUEST-ENCODE] peer=12D3KooW range=2547-2547
[SYNC-REQUEST-ENCODE] peer=12D3KooW range=2547-2547
[EMISSION] h=2466 reward=2 treasury=1 validators=1 burn=0 applied_burn=1 chance_bps=10000
[SYNC-REQUEST-ENCODE-OK] peer=12D3KooW range=2547-2547 duration_ms=0
[SYNC-REQUEST-DECODE] peer=12D3KooW range=2547-2547
[SYNC-REQUEST-RESULT] peer=12D3KooW range=2547-2547 count=0 snapshot=false duration_ms=0
[SYNC-REQUEST-ENCODE-OK] peer=12D3KooW range=2547-2547 duration_ms=1
[SYNC-REQUEST-DECODE] peer=12D3KooW range=2547-2547
[SYNC-REQUEST-RESULT] peer=12D3KooW range=2547-2547 count=0 snapshot=false duration_ms=0
[SYNC-SINGLE] stage=range_fetch requested=2547 result=failed err=single_block_fetch_failed
[SYNC-BATCH-STOP] stage=range_fetch local=2546 target=2547 reason=no_sync_peer exclude=4
[STARTUP-PRECHECK] waiting reason=startup_execution_snapshot_rebuild_failed_h_2546 target=2547
[EXEC-QUORUM] height=2547 strict=3 relaxed=2 total=4 live=2 stall=2m34s
Validator heartbeat: C | reported_height=2546 | finalized_height=2546 | local_exec_epoch=2547
Heartbeat sent: C finalized=2546 epoch=2547
[EXEC-QUORUM] height=2547 strict=3 relaxed=2 total=4 live=2 stall=2m34s
[SYNC-SERVE-REQUEST] peer=12D3KooW requested=2547-2547 snapshot=false snapshot_height=0
[SYNC-SERVE-RESPONSE] peer=12D3KooW requested=2547-2547 served=0-0 count=0 snapshot=false tip_gap=true historical_gap=false duration_ms=1
[SYNC-SERVE-REQUEST] peer=12D3KooW requested=2547-2547 snapshot=false snapshot_height=0
[SYNC-SERVE-RESPONSE] peer=12D3KooW requested=2547-2547 served=0-0 count=0 snapshot=false tip_gap=true historical_gap=false duration_ms=4
[SYNC-SERVE-REQUEST] peer=12D3KooW requested=2547-2547 snapshot=false snapshot_height=0
[SYNC-SERVE-RESPONSE] peer=12D3KooW requested=2547-2547 served=0-0 count=0 snapshot=false tip_gap=true historical_gap=false duration_ms=0
[EXEC-QUORUM] height=2547 strict=3 relaxed=2 total=4 live=2 stall=2m35s
[EXEC-QUORUM] height=2547 strict=3 relaxed=2 total=4 live=2 stall=2m35s
[EXEC-QUORUM] height=2547 strict=3 relaxed=2 total=4 live=2 stall=2m35s
[EXEC-QUORUM] height=2547 strict=3 relaxed=2 total=4 live=2 stall=2m35s
[EXEC-QUORUM] height=2547 strict=3 relaxed=2 total=4 live=2 stall=2m36s
2026/05/19 10:28:14 [STARTUP-EXECUTION-SNAPSHOT] action=rebuild begin height=2546
[EMISSION] h=2466 reward=2 treasury=1 validators=1 burn=0 applied_burn=1 chance_bps=10000
2026/05/19 10:28:14 [STARTUP-EXECUTION-SNAPSHOT] action=rebuild resume base=2466 target=2546
2026/05/19 10:28:14 [STARTUP-EXECUTION-SNAPSHOT] action=rebuild status=failed height=2546 err=create_snapshot_failed height=2467 err=execution_snapshot_ledger_unavailable height=2467
Blocked leader broadcast @ epoch 2547: proposal gated: startup_execution_snapshot_rebuild_failed_h_2546
2026/05/19 10:28:14 [EXEC-BROADCAST-DEFER] validator=C height=2547 reason=exec_changed exec=1e5aa924 tx_merkle= current_runtime=ab74f64c current_execution=ab74f64c current_tip=2546/8da4f6f5 proposal=2547|0|f53eb382be434e238dc175666a5392d5e07e9dabfe186e770933510402bee0bc||1e5aa924c655edd2cb77c5aec6587a768a93798e543624a31ae02465c9320006 block=f53eb382 prev=8da4f6f5
2026/05/19 10:28:14 [STARTUP-EXECUTION-SNAPSHOT] action=rebuild schedule height=2546 reason=prior_rebuild_failed_local_history_ready
[EMISSION] h=2466 reward=2 treasury=1 validators=1 burn=0 applied_burn=1 chance_bps=10000
2026/05/19 10:28:14 [STARTUP-EXECUTION-SNAPSHOT] action=rebuild async_wait height=2546 trigger=prior_rebuild_failed_local_history_ready reason=startup_execution_snapshot_rebuild_failed_h_2546
[EXEC-QUORUM] height=2547 strict=3 relaxed=2 total=4 live=2 stall=2m36s
[EXEC-QUORUM] height=2547 strict=3 relaxed=2 total=4 live=2 stall=2m36s
[STATUS] height=2546 finalized=2546 peers=4 validators=2 strict_live=2 heartbeat_live=2 out_of_drift=0 drift_limit=8 syncing=false sync_complete=true execution_ready=false execution_reason=startup_execution_snapshot_rebuild_pending_h_2546 gossip=true gossip_pipeline=new_block_gossip_validate_apply consensus_running=false mode=observer vote=false propose=false role=full validator_state=observer warmup_seconds=0 ready=false reason=startup_execution_snapshot_rebuild_pending_h_2546 snapshot_source=none expected_source=chain_parent_commitment expected_hash=d75b74ab resolved_source=chain_parent_commitment resolved_hash=d75b74ab next_source=carry_forward next_hash=d75b74ab got_hash= authority=chain_parent_commitment hash_mode=legacy
[EXEC-QUORUM] height=2547 strict=3 relaxed=2 total=4 live=2 stall=2m37s
[EXEC-QUORUM] height=2547 strict=3 relaxed=2 total=4 live=2 stall=2m37s
2026/05/19 10:28:15 [EXEC-COMMIT] height=2547 reason=precommit_quorum round=0 block=bad96df2 votes=2 required=2 precommits=2
âŒ Block signature verification failed | proposer=B height=2547 hash=bad96df2 candidates=2 runtime_norm=true runtime_raw=true genesis_norm=true genesis_raw=true
Ã°Å¸â€œÂ¨ Consensus message from 12D3KooWHdmUKc1bYKY3scg6TqGhK3SutwH9hu1aAez4VmvwkEyk: leader_block (size: 1311 bytes)
Ã°Å¸â€œÂ¦ Leader block received from 12D3KooWHdmUKc1bYKY3scg6TqGhK3SutwH9hu1aAez4VmvwkEyk | height=2547 proposer=B
Ã°Å¸â€Å’ Consensus stream EOF from 12D3KooWHdmUKc1bYKY3scg6TqGhK3SutwH9hu1aAez4VmvwkEyk
[LEADER-BLOCK-REJECT] height=2547 round=0 reason=duplicate_proposal peer=12D3KooWPVKESWFG9sS8G6vjhfPn54kWuNFkkuHwG4yQXhYRcXjX proposer=B block=f53eb382
Ã°Å¸â€Å’ Consensus stream closed with 12D3KooWHdmUKc1bYKY3scg6TqGhK3SutwH9hu1aAez4VmvwkEyk
[LEADER-BLOCK-REJECT] height=2547 round=0 reason=duplicate_proposal peer=12D3KooWHdmUKc1bYKY3scg6TqGhK3SutwH9hu1aAez4VmvwkEyk proposer=B block=f53eb382
Ã°Å¸â€œÂ¨ Consensus message from 12D3KooWHdmUKc1bYKY3scg6TqGhK3SutwH9hu1aAez4VmvwkEyk: execution_result (size: 359 bytes)
Ã°Å¸â€Å’ Consensus stream EOF from 12D3KooWHdmUKc1bYKY3scg6TqGhK3SutwH9hu1aAez4VmvwkEyk
Ã°Å¸â€Å’ Consensus stream closed with 12D3KooWHdmUKc1bYKY3scg6TqGhK3SutwH9hu1aAez4VmvwkEyk
âŒ Block signature verification failed | proposer=B height=2547 hash=bad96df2 candidates=2 runtime_norm=true runtime_raw=true genesis_norm=true genesis_raw=true
[SYNC-SERVE-REQUEST] peer=12D3KooW requested=2547-2547 snapshot=false snapshot_height=0
[SYNC-SERVE-RESPONSE] peer=12D3KooW requested=2547-2547 served=0-0 count=0 snapshot=false tip_gap=true historical_gap=false duration_ms=2
[SYNC-SERVE-REQUEST] peer=12D3KooW requested=2547-2547 snapshot=false snapshot_height=0
[SYNC-SERVE-RESPONSE] peer=12D3KooW requested=2547-2547 served=0-0 count=0 snapshot=false tip_gap=true historical_gap=false duration_ms=0
[SYNC-SERVE-REQUEST] peer=12D3KooW requested=2547-2547 snapshot=false snapshot_height=0
[SYNC-SERVE-RESPONSE] peer=12D3KooW requested=2547-2547 served=0-0 count=0 snapshot=false tip_gap=true historical_gap=false duration_ms=1
âŒ Block signature verification failed | proposer=B height=2547 hash=bad96df2 candidates=2 runtime_norm=true runtime_raw=true genesis_norm=true genesis_raw=true
âŒ Block signature verification failed | proposer=B height=2547 hash=bad96df2 candidates=2 runtime_norm=true runtime_raw=true genesis_norm=true genesis_raw=true
âŒ Block signature verification failed | proposer=B height=2547 hash=bad96df2 candidates=2 runtime_norm=true runtime_raw=true genesis_norm=true genesis_raw=true
[REGISTRY-COMMITMENT-CHECK] height=2547 required=true parent_unanchored=false source=chain_parent_commitment expected=9cd32df6 got=9cd32df6
âŒ Block signature verification failed | proposer=B height=2547 hash=bad96df2 candidates=2 runtime_norm=true runtime_raw=true genesis_norm=true genesis_raw=true
âŒ Block signature verification failed | proposer=B height=2547 hash=bad96df2 candidates=2 runtime_norm=true runtime_raw=true genesis_norm=true genesis_raw=true
[SYNC-QUEUE] reason=late_join local=2546 target=2547
[SYNC] reason=late_join local=2546 target=2547 votes=3 required=3 stage=direct_gossip action=block_range_fetch
[SYNC-REQUEST-START] peer=12D3KooW range=2547-2547 snapshot=false snapshot_height=0 timeout_ms=15000
[SYNC-REQUEST-OPEN] peer=12D3KooW range=2547-2547
[SYNC-REQUEST-START] peer=12D3KooW range=2547-2547 snapshot=false snapshot_height=0 timeout_ms=15000
[SYNC-REQUEST-OPEN] peer=12D3KooW range=2547-2547
[SYNC-REQUEST-OPEN-OK] peer=12D3KooW range=2547-2547 duration_ms=0
[SYNC-REQUEST-OPEN-OK] peer=12D3KooW range=2547-2547 duration_ms=0
[SYNC-REQUEST-ENCODE] peer=12D3KooW range=2547-2547
[SYNC-REQUEST-ENCODE] peer=12D3KooW range=2547-2547
[SYNC-REQUEST-ENCODE-OK] peer=12D3KooW range=2547-2547 duration_ms=0
[SYNC-REQUEST-ENCODE-OK] peer=12D3KooW range=2547-2547 duration_ms=1
[SYNC-REQUEST-DECODE] peer=12D3KooW range=2547-2547
[SYNC-REQUEST-DECODE] peer=12D3KooW range=2547-2547
[SYNC-REQUEST-RESULT] peer=12D3KooW range=2547-2547 count=0 snapshot=false duration_ms=0
[SYNC-REQUEST-RESULT] peer=12D3KooW range=2547-2547 count=0 snapshot=false duration_ms=1
[SYNC-SINGLE] stage=range_fetch requested=2547 result=failed err=single_block_fetch_failed
[SYNC-REQUEST-START] peer=12D3KooW range=2547-2547 snapshot=false snapshot_height=0 timeout_ms=15000
[SYNC-REQUEST-OPEN] peer=12D3KooW range=2547-2547
[SYNC-REQUEST-START] peer=12D3KooW range=2547-2547 snapshot=false snapshot_height=0 timeout_ms=15000
[SYNC-REQUEST-OPEN] peer=12D3KooW range=2547-2547
[SYNC-REQUEST-OPEN-OK] peer=12D3KooW range=2547-2547 duration_ms=0
[SYNC-REQUEST-ENCODE] peer=12D3KooW range=2547-2547
[SYNC-REQUEST-ENCODE-OK] peer=12D3KooW range=2547-2547 duration_ms=0
[SYNC-REQUEST-DECODE] peer=12D3KooW range=2547-2547
[SYNC-REQUEST-OPEN-OK] peer=12D3KooW range=2547-2547 duration_ms=1
[SYNC-REQUEST-ENCODE] peer=12D3KooW range=2547-2547
[SYNC-REQUEST-RESULT] peer=12D3KooW range=2547-2547 count=0 snapshot=false duration_ms=0
[SYNC-REQUEST-ENCODE-OK] peer=12D3KooW range=2547-2547 duration_ms=0
[SYNC-REQUEST-DECODE] peer=12D3KooW range=2547-2547
[SYNC-REQUEST-RESULT] peer=12D3KooW range=2547-2547 count=0 snapshot=false duration_ms=1
[SYNC-SINGLE] stage=range_fetch requested=2547 result=failed err=single_block_fetch_failed
[SYNC-BATCH-STOP] stage=range_fetch local=2546 target=2547 reason=no_sync_peer exclude=4
âŒ Block signature verification failed | proposer=B height=2547 hash=bad96df2 candidates=2 runtime_norm=true runtime_raw=true genesis_norm=true genesis_raw=true
âŒ Block signature verification failed | proposer=B height=2547 hash=bad96df2 candidates=2 runtime_norm=true runtime_raw=true genesis_norm=true genesis_raw=true
âŒ Block signature verification failed | proposer=B height=2547 hash=bad96df2 candidates=2 runtime_norm=true runtime_raw=true genesis_norm=true genesis_raw=true
[SNAPSHOT-PUBLISH] deferred height=2546 reason=auto_publish_interval_10
âŒ Block signature verification failed | proposer=B height=2547 hash=bad96df2 candidates=2 runtime_norm=true runtime_raw=true genesis_norm=true genesis_raw=true
[SYNC-BLOCK-REJECT] stage=direct_gossip provider=12D3KooW local=2546 next=2547 got=2547 reason=validation_failed queue_tip=2547 proposer=B hash=bad96df2 prev=8da4f6f5
[APPLY-FAIL] h=2547 hash=bad96df2 reason=validation_failed fail_count=15
Validator heartbeat received: A | reported_height=2546 | finalized_height=2546 | local_exec_epoch=2547
[EXEC-QUORUM] height=2547 strict=3 relaxed=2 total=4 live=2 stall=2m39s
[EXEC-QUORUM] height=2547 strict=3 relaxed=2 total=4 live=2 stall=2m39s
[EXEC-QUORUM] height=2547 strict=3 relaxed=2 total=4 live=2 stall=2m39s
Candidate heartbeat received: D | reported_height=2337 | finalized_height=2337 | local_exec_epoch=2338
Validator heartbeat: B | reported_height=2546 | finalized_height=2546 | local_exec_epoch=2547
[EMISSION] h=2466 reward=2 treasury=1 validators=1 burn=0 applied_burn=1 chance_bps=10000
[EXEC-QUORUM] height=2547 strict=3 relaxed=2 total=4 live=2 stall=2m40s
[REGISTRY-COMMITMENT-CHECK] height=2547 required=true parent_unanchored=false source=chain_parent_commitment expected=9cd32df6 got=9cd32df6
[SYNC-SERVE-REQUEST] peer=12D3KooW requested=2547-2547 snapshot=false snapshot_height=0
[SYNC-SERVE-RESPONSE] peer=12D3KooW requested=2547-2547 served=0-0 count=0 snapshot=false tip_gap=true historical_gap=false duration_ms=2
[SYNC-SERVE-REQUEST] peer=12D3KooW requested=2547-2547 snapshot=false snapshot_height=0
[SYNC-SERVE-RESPONSE] peer=12D3KooW requested=2547-2547 served=0-0 count=0 snapshot=false tip_gap=true historical_gap=false duration_ms=0
[EXEC-QUORUM] height=2547 strict=3 relaxed=2 total=4 live=2 stall=2m40s
[EXEC-QUORUM] height=2547 strict=3 relaxed=2 total=4 live=2 stall=2m41s
[SYNC-SERVE-REQUEST] peer=12D3KooW requested=2547-2547 snapshot=false snapshot_height=0
[SYNC-SERVE-RESPONSE] peer=12D3KooW requested=2547-2547 served=0-0 count=0 snapshot=false tip_gap=true historical_gap=false duration_ms=0
[EXEC-QUORUM] height=2547 strict=3 relaxed=2 total=4 live=2 stall=2m41s
2026/05/19 10:28:19 [VOTE-DROP] reason=replay_cache signer=B height=2547 round=0 vote_block=f53eb382 current_block=f53eb382 proposal=2547|0|f53eb382be434e238dc175666a5392d5e07e9dabfe186e770933510402bee0bc||1e5aa924c655edd2cb77c5aec6587a768a93798e543624a31ae02465c9320006 exec=1e5aa924 tx_merkle=
[EXEC-QUORUM] height=2547 strict=3 relaxed=2 total=4 live=2 stall=2m41s
2026/05/19 10:28:20 [STARTUP-EXECUTION-SNAPSHOT] action=rebuild begin height=2546
[EMISSION] h=2466 reward=2 treasury=1 validators=1 burn=0 applied_burn=1 chance_bps=10000
2026/05/19 10:28:20 [STARTUP-EXECUTION-SNAPSHOT] action=rebuild resume base=2466 target=2546
2026/05/19 10:28:20 [STARTUP-EXECUTION-SNAPSHOT] action=rebuild status=failed height=2546 err=create_snapshot_failed height=2467 err=execution_snapshot_ledger_unavailable height=2467
[STARTUP-PRECHECK] waiting reason=startup_execution_snapshot_rebuild_failed_h_2546 target=2547
[EXEC-QUORUM] height=2547 strict=3 relaxed=2 total=4 live=2 stall=2m42s
[EXEC-QUORUM] height=2547 strict=3 relaxed=2 total=4 live=2 stall=2m42s
2026/05/19 10:28:20 [EXEC-COMMIT] height=2547 reason=precommit_quorum round=0 block=bad96df2 votes=2 required=2 precommits=2
âŒ Block signature verification failed | proposer=B height=2547 hash=bad96df2 candidates=2 runtime_norm=true runtime_raw=true genesis_norm=true genesis_raw=true
âŒ Block signature verification failed | proposer=B height=2547 hash=bad96df2 candidates=2 runtime_norm=true runtime_raw=true genesis_norm=true genesis_raw=true
âŒ Block signature verification failed | proposer=B height=2547 hash=bad96df2 candidates=2 runtime_norm=true runtime_raw=true genesis_norm=true genesis_raw=true
2026/05/19 10:28:21 [OK] goroutine pressure normalized: 174 (degrade mode off)
âŒ Block signature verification failed | proposer=B height=2547 hash=bad96df2 candidates=2 runtime_norm=true runtime_raw=true genesis_norm=true genesis_raw=true
[EXEC-QUORUM] height=2547 strict=3 relaxed=2 total=4 live=2 stall=2m43s
âŒ Block signature verification failed | proposer=B height=2547 hash=bad96df2 candidates=2 runtime_norm=true runtime_raw=true genesis_norm=true genesis_raw=true
âŒ Block signature verification failed | proposer=B height=2547 hash=bad96df2 candidates=2 runtime_norm=true runtime_raw=true genesis_norm=true genesis_raw=true
2026/05/19 10:28:21 [STARTUP-EXECUTION-SNAPSHOT] action=rebuild schedule height=2546 reason=prior_rebuild_failed_local_history_ready
[EMISSION] h=2466 reward=2 treasury=1 validators=1 burn=0 applied_burn=1 chance_bps=10000
2026/05/19 10:28:21 [STARTUP-EXECUTION-SNAPSHOT] action=rebuild async_wait height=2546 trigger=prior_rebuild_failed_local_history_ready reason=startup_execution_snapshot_rebuild_failed_h_2546
âŒ Block signature verification failed | proposer=B height=2547 hash=bad96df2 candidates=2 runtime_norm=true runtime_raw=true genesis_norm=true genesis_raw=true
[SYNC-QUEUE] reason=late_join local=2546 target=2547
[SYNC] reason=late_join local=2546 target=2547 votes=3 required=3 stage=direct_gossip action=block_range_fetch
[SYNC-REQUEST-START] peer=12D3KooW range=2547-2547 snapshot=false snapshot_height=0 timeout_ms=15000
[SYNC-REQUEST-OPEN] peer=12D3KooW range=2547-2547
[SYNC-REQUEST-START] peer=12D3KooW range=2547-2547 snapshot=false snapshot_height=0 timeout_ms=15000
[SYNC-REQUEST-OPEN] peer=12D3KooW range=2547-2547
[SYNC-REQUEST-OPEN-OK] peer=12D3KooW range=2547-2547 duration_ms=1
[SYNC-REQUEST-ENCODE] peer=12D3KooW range=2547-2547
[SYNC-REQUEST-ENCODE-OK] peer=12D3KooW range=2547-2547 duration_ms=1
[SYNC-REQUEST-OPEN-OK] peer=12D3KooW range=2547-2547 duration_ms=0
[SYNC-REQUEST-ENCODE] peer=12D3KooW range=2547-2547
[SYNC-REQUEST-DECODE] peer=12D3KooW range=2547-2547
[SYNC-REQUEST-RESULT] peer=12D3KooW range=2547-2547 count=0 snapshot=false duration_ms=0
[SYNC-REQUEST-ENCODE-OK] peer=12D3KooW range=2547-2547 duration_ms=0
[SYNC-REQUEST-DECODE] peer=12D3KooW range=2547-2547
[SYNC-REQUEST-RESULT] peer=12D3KooW range=2547-2547 count=0 snapshot=false duration_ms=0
[SYNC-SINGLE] stage=range_fetch requested=2547 result=failed err=single_block_fetch_failed
[SYNC-REQUEST-START] peer=12D3KooW range=2547-2547 snapshot=false snapshot_height=0 timeout_ms=15000
[SYNC-REQUEST-OPEN] peer=12D3KooW range=2547-2547
[SYNC-REQUEST-START] peer=12D3KooW range=2547-2547 snapshot=false snapshot_height=0 timeout_ms=15000
[SYNC-REQUEST-OPEN-OK] peer=12D3KooW range=2547-2547 duration_ms=0
[SYNC-REQUEST-OPEN] peer=12D3KooW range=2547-2547
[SYNC-REQUEST-ENCODE] peer=12D3KooW range=2547-2547
[SYNC-REQUEST-OPEN-OK] peer=12D3KooW range=2547-2547 duration_ms=0
[SYNC-REQUEST-ENCODE] peer=12D3KooW range=2547-2547
[SYNC-REQUEST-ENCODE-OK] peer=12D3KooW range=2547-2547 duration_ms=0
[SYNC-REQUEST-DECODE] peer=12D3KooW range=2547-2547
[SYNC-REQUEST-ENCODE-OK] peer=12D3KooW range=2547-2547 duration_ms=0
[SYNC-REQUEST-DECODE] peer=12D3KooW range=2547-2547
[SYNC-REQUEST-RESULT] peer=12D3KooW range=2547-2547 count=0 snapshot=false duration_ms=0
[SYNC-REQUEST-RESULT] peer=12D3KooW range=2547-2547 count=0 snapshot=false duration_ms=0
[SYNC-SINGLE] stage=range_fetch requested=2547 result=failed err=single_block_fetch_failed
[SYNC-BATCH-STOP] stage=range_fetch local=2546 target=2547 reason=no_sync_peer exclude=4
âŒ Block signature verification failed | proposer=B height=2547 hash=bad96df2 candidates=2 runtime_norm=true runtime_raw=true genesis_norm=true genesis_raw=true
âŒ Block signature verification failed | proposer=B height=2547 hash=bad96df2 candidates=2 runtime_norm=true runtime_raw=true genesis_norm=true genesis_raw=true
[EXEC-QUORUM] height=2547 strict=3 relaxed=2 total=4 live=2 stall=2m43s
âŒ Block signature verification failed | proposer=B height=2547 hash=bad96df2 candidates=2 runtime_norm=true runtime_raw=true genesis_norm=true genesis_raw=true
âŒ Block signature verification failed | proposer=B height=2547 hash=bad96df2 candidates=2 runtime_norm=true runtime_raw=true genesis_norm=true genesis_raw=true
[SYNC-BLOCK-REJECT] stage=direct_gossip provider=12D3KooW local=2546 next=2547 got=2547 reason=validation_failed queue_tip=2547 proposer=B hash=bad96df2 prev=8da4f6f5
[APPLY-FAIL] h=2547 hash=bad96df2 reason=validation_failed fail_count=16
Validator heartbeat received: B | reported_height=2546 | finalized_height=2546 | local_exec_epoch=2547
[SNAPSHOT-PUBLISH] deferred height=2546 reason=auto_publish_interval_10
Validator heartbeat: A | reported_height=2546 | finalized_height=2546 | local_exec_epoch=2547
[EXEC-QUORUM] height=2547 strict=3 relaxed=2 total=4 live=2 stall=2m44s
[REGISTRY-COMMITMENT-CHECK] height=2547 required=true parent_unanchored=false source=chain_parent_commitment expected=9cd32df6 got=9cd32df6
[EXEC-QUORUM] height=2547 strict=3 relaxed=2 total=4 live=2 stall=2m45s
[SYNC-SERVE-REQUEST] peer=12D3KooW requested=2547-2547 snapshot=false snapshot_height=0
[SYNC-SERVE-RESPONSE] peer=12D3KooW requested=2547-2547 served=0-0 count=0 snapshot=false tip_gap=true historical_gap=false duration_ms=0
[SYNC-SERVE-REQUEST] peer=12D3KooW requested=2547-2547 snapshot=false snapshot_height=0
[SYNC-SERVE-RESPONSE] peer=12D3KooW requested=2547-2547 served=0-0 count=0 snapshot=false tip_gap=true historical_gap=false duration_ms=0
[EXEC-QUORUM] height=2547 strict=3 relaxed=2 total=4 live=2 stall=2m45s
[SYNC-SERVE-REQUEST] peer=12D3KooW requested=2547-2547 snapshot=false snapshot_height=0
[SYNC-SERVE-RESPONSE] peer=12D3KooW requested=2547-2547 served=0-0 count=0 snapshot=false tip_gap=true historical_gap=false duration_ms=0
[EXEC-QUORUM] height=2547 strict=3 relaxed=2 total=4 live=2 stall=2m46s
[EMISSION] h=2466 reward=2 treasury=1 validators=1 burn=0 applied_burn=1 chance_bps=10000
[EXEC-QUORUM] height=2547 strict=3 relaxed=2 total=4 live=2 stall=2m46s
[EXEC-QUORUM] height=2547 strict=3 relaxed=2 total=4 live=2 stall=2m47s
[EXEC-QUORUM] height=2547 strict=3 relaxed=2 total=4 live=2 stall=2m47s
[EXEC-QUORUM] height=2547 strict=3 relaxed=2 total=4 live=2 stall=2m47s
[CONSENSUS] height=2546 vhash=d75b74ab validators=4
[EXEC-QUORUM] height=2547 strict=3 relaxed=2 total=4 live=2 stall=2m48s
[SYNC-QUEUE] reason=status_tick local=2546 target=2547
[SYNC] reason=status_tick local=2546 target=2547 votes=3 required=3 stage=direct_gossip action=block_range_fetch
[SYNC-REQUEST-START] peer=12D3KooW range=2547-2547 snapshot=false snapshot_height=0 timeout_ms=15000
[SYNC-REQUEST-OPEN] peer=12D3KooW range=2547-2547
[SYNC-REQUEST-START] peer=12D3KooW range=2547-2547 snapshot=false snapshot_height=0 timeout_ms=15000
[SYNC-REQUEST-OPEN-OK] peer=12D3KooW range=2547-2547 duration_ms=0
[SYNC-REQUEST-ENCODE] peer=12D3KooW range=2547-2547
[SYNC-REQUEST-OPEN] peer=12D3KooW range=2547-2547
[SYNC-REQUEST-ENCODE-OK] peer=12D3KooW range=2547-2547 duration_ms=0
[SYNC-REQUEST-OPEN-OK] peer=12D3KooW range=2547-2547 duration_ms=1
[SYNC-REQUEST-ENCODE] peer=12D3KooW range=2547-2547
[SYNC-REQUEST-ENCODE-OK] peer=12D3KooW range=2547-2547 duration_ms=0
[SYNC-REQUEST-DECODE] peer=12D3KooW range=2547-2547
[SYNC-REQUEST-DECODE] peer=12D3KooW range=2547-2547
[SYNC-REQUEST-RESULT] peer=12D3KooW range=2547-2547 count=0 snapshot=false duration_ms=1
[SYNC-REQUEST-RESULT] peer=12D3KooW range=2547-2547 count=0 snapshot=false duration_ms=1
[SYNC-SINGLE] stage=range_fetch requested=2547 result=failed err=single_block_fetch_failed
[SYNC-REQUEST-START] peer=12D3KooW range=2547-2547 snapshot=false snapshot_height=0 timeout_ms=15000
[SYNC-REQUEST-OPEN] peer=12D3KooW range=2547-2547
[SYNC-REQUEST-START] peer=12D3KooW range=2547-2547 snapshot=false snapshot_height=0 timeout_ms=15000
[SYNC-REQUEST-OPEN] peer=12D3KooW range=2547-2547
[SYNC-REQUEST-OPEN-OK] peer=12D3KooW range=2547-2547 duration_ms=0
[SYNC-REQUEST-ENCODE] peer=12D3KooW range=2547-2547
[SYNC-REQUEST-OPEN-OK] peer=12D3KooW range=2547-2547 duration_ms=0
[SYNC-REQUEST-ENCODE] peer=12D3KooW range=2547-2547
[SYNC-REQUEST-ENCODE-OK] peer=12D3KooW range=2547-2547 duration_ms=0
[SYNC-REQUEST-DECODE] peer=12D3KooW range=2547-2547
[SYNC-REQUEST-ENCODE-OK] peer=12D3KooW range=2547-2547 duration_ms=0
[SYNC-REQUEST-DECODE] peer=12D3KooW range=2547-2547
[SYNC-REQUEST-RESULT] peer=12D3KooW range=2547-2547 count=0 snapshot=false duration_ms=0
[SYNC-REQUEST-RESULT] peer=12D3KooW range=2547-2547 count=0 snapshot=false duration_ms=0
[SYNC-SINGLE] stage=range_fetch requested=2547 result=failed err=single_block_fetch_failed
[SYNC-BATCH-STOP] stage=range_fetch local=2546 target=2547 reason=no_sync_peer exclude=4
Validator heartbeat: C | reported_height=2546 | finalized_height=2546 | local_exec_epoch=2547
Heartbeat sent: C finalized=2546 epoch=2547
[EXEC-QUORUM] height=2547 strict=3 relaxed=2 total=4 live=2 stall=2m48s
[SYNC-SERVE-REQUEST] peer=12D3KooW requested=2547-2547 snapshot=false snapshot_height=0
[SYNC-SERVE-RESPONSE] peer=12D3KooW requested=2547-2547 served=0-0 count=0 snapshot=false tip_gap=true historical_gap=false duration_ms=0
[SYNC-SERVE-REQUEST] peer=12D3KooW requested=2547-2547 snapshot=false snapshot_height=0
[SYNC-SERVE-RESPONSE] peer=12D3KooW requested=2547-2547 served=0-0 count=0 snapshot=false tip_gap=true historical_gap=false duration_ms=0
[SYNC-SERVE-REQUEST] peer=12D3KooW requested=2547-2547 snapshot=false snapshot_height=0
[SYNC-SERVE-RESPONSE] peer=12D3KooW requested=2547-2547 served=0-0 count=0 snapshot=false tip_gap=true historical_gap=false duration_ms=1
[EXEC-QUORUM] height=2547 strict=3 relaxed=2 total=4 live=2 stall=2m49s
[REGISTRY-COMMITMENT-CHECK] height=2547 required=true parent_unanchored=false source=chain_parent_commitment expected=9cd32df6 got=9cd32df6
[EXEC-QUORUM] height=2547 strict=3 relaxed=2 total=4 live=2 stall=2m49s
2026/05/19 10:28:27 [STARTUP-EXECUTION-SNAPSHOT] action=rebuild schedule height=2546 reason=prior_rebuild_failed_local_history_ready
2026/05/19 10:28:27 [STARTUP-EXECUTION-SNAPSHOT] action=rebuild begin height=2546
[EMISSION] h=2466 reward=2 treasury=1 validators=1 burn=0 applied_burn=1 chance_bps=10000
2026/05/19 10:28:27 [STARTUP-EXECUTION-SNAPSHOT] action=rebuild resume base=2466 target=2546
2026/05/19 10:28:27 [STARTUP-EXECUTION-SNAPSHOT] action=rebuild status=failed height=2546 err=create_snapshot_failed height=2467 err=execution_snapshot_ledger_unavailable height=2467
2026/05/19 10:28:27 [STARTUP-EXECUTION-SNAPSHOT] action=rebuild async_wait height=2546 trigger=prior_rebuild_failed_local_history_ready reason=startup_execution_snapshot_rebuild_failed_h_2546
[EXEC-QUORUM] height=2547 strict=3 relaxed=2 total=4 live=2 stall=2m50s
2026/05/19 10:28:28 [EXEC-COMMIT] height=2547 reason=precommit_quorum round=0 block=bad96df2 votes=2 required=2 precommits=2
[EXEC-QUORUM] height=2547 strict=3 relaxed=2 total=4 live=2 stall=2m50s
âŒ Block signature verification failed | proposer=B height=2547 hash=bad96df2 candidates=2 runtime_norm=true runtime_raw=true genesis_norm=true genesis_raw=true
âŒ Block signature verification failed | proposer=B height=2547 hash=bad96df2 candidates=2 runtime_norm=true runtime_raw=true genesis_norm=true genesis_raw=true
[EMISSION] h=2466 reward=2 treasury=1 validators=1 burn=0 applied_burn=1 chance_bps=10000
[STARTUP-PRECHECK] waiting reason=startup_execution_snapshot_rebuild_failed_h_2546 target=2547
âŒ Block signature verification failed | proposer=B height=2547 hash=bad96df2 candidates=2 runtime_norm=true runtime_raw=true genesis_norm=true genesis_raw=true
[SYNC-SERVE-REQUEST] peer=12D3KooW requested=2547-2547 snapshot=false snapshot_height=0
[SYNC-SERVE-RESPONSE] peer=12D3KooW requested=2547-2547 served=0-0 count=0 snapshot=false tip_gap=true historical_gap=false duration_ms=1
âŒ Block signature verification failed | proposer=B height=2547 hash=bad96df2 candidates=2 runtime_norm=true runtime_raw=true genesis_norm=true genesis_raw=true
[SYNC-SERVE-REQUEST] peer=12D3KooW requested=2547-2547 snapshot=false snapshot_height=0
[SYNC-SERVE-RESPONSE] peer=12D3KooW requested=2547-2547 served=0-0 count=0 snapshot=false tip_gap=true historical_gap=false duration_ms=1
[SNAPSHOT-PUBLISH] deferred height=2546 reason=auto_publish_interval_10
[SYNC-SERVE-REQUEST] peer=12D3KooW requested=2547-2547 snapshot=false snapshot_height=0
[SYNC-SERVE-RESPONSE] peer=12D3KooW requested=2547-2547 served=0-0 count=0 snapshot=false tip_gap=true historical_gap=false duration_ms=0
âŒ Block signature verification failed | proposer=B height=2547 hash=bad96df2 candidates=2 runtime_norm=true runtime_raw=true genesis_norm=true genesis_raw=true
âŒ Block signature verification failed | proposer=B height=2547 hash=bad96df2 candidates=2 runtime_norm=true runtime_raw=true genesis_norm=true genesis_raw=true
[EXEC-QUORUM] height=2547 strict=3 relaxed=2 total=4 live=2 stall=2m51s
[EXEC-QUORUM] height=2547 strict=3 relaxed=2 total=4 live=2 stall=2m51s
âŒ Block signature verification failed | proposer=B height=2547 hash=bad96df2 candidates=2 runtime_norm=true runtime_raw=true genesis_norm=true genesis_raw=true
âŒ Block signature verification failed | proposer=B height=2547 hash=bad96df2 candidates=2 runtime_norm=true runtime_raw=true genesis_norm=true genesis_raw=true
âŒ Block signature verification failed | proposer=B height=2547 hash=bad96df2 candidates=2 runtime_norm=true runtime_raw=true genesis_norm=true genesis_raw=true
âŒ Block signature verification failed | proposer=B height=2547 hash=bad96df2 candidates=2 runtime_norm=true runtime_raw=true genesis_norm=true genesis_raw=true
âŒ Block signature verification failed | proposer=B height=2547 hash=bad96df2 candidates=2 runtime_norm=true runtime_raw=true genesis_norm=true genesis_raw=true
[SYNC-BLOCK-REJECT] stage=direct_gossip provider=12D3KooW local=2546 next=2547 got=2547 reason=validation_failed queue_tip=2547 proposer=B hash=bad96df2 prev=8da4f6f5
[APPLY-FAIL] h=2547 hash=bad96df2 reason=validation_failed fail_count=17
Validator heartbeat received: B | reported_height=2546 | finalized_height=2546 | local_exec_epoch=2547
Validator heartbeat: A | reported_height=2546 | finalized_height=2546 | local_exec_epoch=2547
[EXEC-QUORUM] height=2547 strict=3 relaxed=2 total=4 live=2 stall=2m51s
[SYNC-QUEUE] reason=invalid_block_signature local=2546 target=2547
[SYNC] reason=invalid_block_signature local=2546 target=2547 votes=3 required=3 stage=direct_gossip action=block_range_fetch
[SYNC-REQUEST-START] peer=12D3KooW range=2547-2547 snapshot=false snapshot_height=0 timeout_ms=15000
[SYNC-REQUEST-OPEN] peer=12D3KooW range=2547-2547
[SYNC-REQUEST-START] peer=12D3KooW range=2547-2547 snapshot=false snapshot_height=0 timeout_ms=15000
[SYNC-REQUEST-OPEN] peer=12D3KooW range=2547-2547
[SYNC-REQUEST-OPEN-OK] peer=12D3KooW range=2547-2547 duration_ms=0
[SYNC-REQUEST-ENCODE] peer=12D3KooW range=2547-2547
[SYNC-REQUEST-OPEN-OK] peer=12D3KooW range=2547-2547 duration_ms=0
[SYNC-REQUEST-ENCODE] peer=12D3KooW range=2547-2547
[SYNC-REQUEST-ENCODE-OK] peer=12D3KooW range=2547-2547 duration_ms=0
[SYNC-REQUEST-DECODE] peer=12D3KooW range=2547-2547
[SYNC-REQUEST-ENCODE-OK] peer=12D3KooW range=2547-2547 duration_ms=0
[SYNC-REQUEST-DECODE] peer=12D3KooW range=2547-2547
[SYNC-REQUEST-RESULT] peer=12D3KooW range=2547-2547 count=0 snapshot=false duration_ms=0
[SYNC-REQUEST-RESULT] peer=12D3KooW range=2547-2547 count=0 snapshot=false duration_ms=1
[SYNC-SINGLE] stage=range_fetch requested=2547 result=failed err=single_block_fetch_failed
[SYNC-REQUEST-START] peer=12D3KooW range=2547-2547 snapshot=false snapshot_height=0 timeout_ms=15000
[SYNC-REQUEST-OPEN] peer=12D3KooW range=2547-2547
[SYNC-REQUEST-START] peer=12D3KooW range=2547-2547 snapshot=false snapshot_height=0 timeout_ms=15000
[SYNC-REQUEST-OPEN] peer=12D3KooW range=2547-2547
[SYNC-REQUEST-OPEN-OK] peer=12D3KooW range=2547-2547 duration_ms=0
[SYNC-REQUEST-OPEN-OK] peer=12D3KooW range=2547-2547 duration_ms=1
[SYNC-REQUEST-ENCODE] peer=12D3KooW range=2547-2547
[SYNC-REQUEST-ENCODE] peer=12D3KooW range=2547-2547
[SYNC-REQUEST-ENCODE-OK] peer=12D3KooW range=2547-2547 duration_ms=1
[SYNC-REQUEST-DECODE] peer=12D3KooW range=2547-2547
[SYNC-REQUEST-ENCODE-OK] peer=12D3KooW range=2547-2547 duration_ms=0
[SYNC-REQUEST-DECODE] peer=12D3KooW range=2547-2547
[SYNC-REQUEST-RESULT] peer=12D3KooW range=2547-2547 count=0 snapshot=false duration_ms=0
[SYNC-REQUEST-RESULT] peer=12D3KooW range=2547-2547 count=0 snapshot=false duration_ms=0
[SYNC-SINGLE] stage=range_fetch requested=2547 result=failed err=single_block_fetch_failed
[SYNC-BATCH-STOP] stage=range_fetch local=2546 target=2547 reason=no_sync_peer exclude=4
[STATUS] height=2546 finalized=2546 peers=4 validators=2 strict_live=2 heartbeat_live=2 out_of_drift=0 drift_limit=8 syncing=false sync_complete=true execution_ready=false execution_reason=startup_execution_snapshot_rebuild_pending_h_2546 gossip=true gossip_pipeline=new_block_gossip_validate_apply consensus_running=false mode=observer vote=false propose=false role=full validator_state=observer warmup_seconds=0 ready=false reason=startup_execution_snapshot_rebuild_pending_h_2546 snapshot_source=none expected_source=chain_parent_commitment expected_hash=d75b74ab resolved_source=chain_parent_commitment resolved_hash=d75b74ab next_source=carry_forward next_hash=d75b74ab got_hash= authority=chain_parent_commitment hash_mode=legacy
[EMISSION] h=2466 reward=2 treasury=1 validators=1 burn=0 applied_burn=1 chance_bps=10000
[SYNC-SERVE-REQUEST] peer=12D3KooW requested=2547-2547 snapshot=false snapshot_height=0
[SYNC-SERVE-RESPONSE] peer=12D3KooW requested=2547-2547 served=0-0 count=0 snapshot=false tip_gap=true historical_gap=false duration_ms=0
[EXEC-QUORUM] height=2547 strict=3 relaxed=2 total=4 live=2 stall=2m52s
[EXEC-QUORUM] height=2547 strict=3 relaxed=2 total=4 live=2 stall=2m54s
[EXEC-QUORUM] height=2547 strict=3 relaxed=2 total=4 live=2 stall=2m54s
2026/05/19 10:28:32 [EXEC-COMMIT] height=2547 reason=precommit_quorum round=0 block=bad96df2 votes=2 required=2 precommits=2
âŒ Block signature verification failed | proposer=B height=2547 hash=bad96df2 candidates=2 runtime_norm=true runtime_raw=true genesis_norm=true genesis_raw=true
âŒ Block signature verification failed | proposer=B height=2547 hash=bad96df2 candidates=2 runtime_norm=true runtime_raw=true genesis_norm=true genesis_raw=true
âŒ Block signature verification failed | proposer=B height=2547 hash=bad96df2 candidates=2 runtime_norm=true runtime_raw=true genesis_norm=true genesis_raw=true
âŒ Block signature verification failed | proposer=B height=2547 hash=bad96df2 candidates=2 runtime_norm=true runtime_raw=true genesis_norm=true genesis_raw=true
[EXEC-QUORUM] height=2547 strict=3 relaxed=2 total=4 live=2 stall=2m54s
âŒ Block signature verification failed | proposer=B height=2547 hash=bad96df2 candidates=2 runtime_norm=true runtime_raw=true genesis_norm=true genesis_raw=true
âŒ Block signature verification failed | proposer=B height=2547 hash=bad96df2 candidates=2 runtime_norm=true runtime_raw=true genesis_norm=true genesis_raw=true
âŒ Block signature verification failed | proposer=B height=2547 hash=bad96df2 candidates=2 runtime_norm=true runtime_raw=true genesis_norm=true genesis_raw=true
âŒ Block signature verification failed | proposer=B height=2547 hash=bad96df2 candidates=2 runtime_norm=true runtime_raw=true genesis_norm=true genesis_raw=true
âŒ Block signature verification failed | proposer=B height=2547 hash=bad96df2 candidates=2 runtime_norm=true runtime_raw=true genesis_norm=true genesis_raw=true
âŒ Block signature verification failed | proposer=B height=2547 hash=bad96df2 candidates=2 runtime_norm=true runtime_raw=true genesis_norm=true genesis_raw=true
[EXEC-QUORUM] height=2547 strict=3 relaxed=2 total=4 live=2 stall=2m55s
[EXEC-QUORUM] height=2547 strict=3 relaxed=2 total=4 live=2 stall=2m55s
âŒ Block signature verification failed | proposer=B height=2547 hash=bad96df2 candidates=2 runtime_norm=true runtime_raw=true genesis_norm=true genesis_raw=true
[SYNC-BLOCK-REJECT] stage=direct_gossip provider=12D3KooW local=2546 next=2547 got=2547 reason=validation_failed queue_tip=2547 proposer=B hash=bad96df2 prev=8da4f6f5
[APPLY-FAIL] h=2547 hash=bad96df2 reason=validation_failed fail_count=18
Validator heartbeat received: A | reported_height=2546 | finalized_height=2546 | local_exec_epoch=2547
[LEADER-BLOCK-REJECT] height=2547 round=0 reason=duplicate_proposal peer= proposer=B block=f53eb382
[SYNC-SERVE-REQUEST] peer=12D3KooW requested=2547-2547 snapshot=false snapshot_height=0
[SYNC-SERVE-RESPONSE] peer=12D3KooW requested=2547-2547 served=0-0 count=0 snapshot=false tip_gap=true historical_gap=false duration_ms=0
[SYNC-SERVE-REQUEST] peer=12D3KooW requested=2547-2547 snapshot=false snapshot_height=0
[SYNC-SERVE-RESPONSE] peer=12D3KooW requested=2547-2547 served=0-0 count=0 snapshot=false tip_gap=true historical_gap=false duration_ms=1
2026/05/19 10:28:34 [STARTUP-EXECUTION-SNAPSHOT] action=rebuild schedule height=2546 reason=prior_rebuild_failed_local_history_ready
2026/05/19 10:28:34 [STARTUP-EXECUTION-SNAPSHOT] action=rebuild begin height=2546
[EMISSION] h=2466 reward=2 treasury=1 validators=1 burn=0 applied_burn=1 chance_bps=10000
2026/05/19 10:28:34 [STARTUP-EXECUTION-SNAPSHOT] action=rebuild resume base=2466 target=2546
2026/05/19 10:28:34 [STARTUP-EXECUTION-SNAPSHOT] action=rebuild status=failed height=2546 err=create_snapshot_failed height=2467 err=execution_snapshot_ledger_unavailable height=2467
2026/05/19 10:28:34 [STARTUP-EXECUTION-SNAPSHOT] action=rebuild async_wait height=2546 trigger=prior_rebuild_failed_local_history_ready reason=startup_execution_snapshot_rebuild_failed_h_2546
[SYNC-QUEUE] reason=invalid_block_signature local=2546 target=2547
[SYNC] reason=invalid_block_signature local=2546 target=2547 votes=3 required=3 stage=direct_gossip action=block_range_fetch
[SYNC-REQUEST-START] peer=12D3KooW range=2547-2547 snapshot=false snapshot_height=0 timeout_ms=15000
[SYNC-REQUEST-OPEN] peer=12D3KooW range=2547-2547
[SYNC-REQUEST-START] peer=12D3KooW range=2547-2547 snapshot=false snapshot_height=0 timeout_ms=15000
[SYNC-REQUEST-OPEN] peer=12D3KooW range=2547-2547
[SYNC-REQUEST-OPEN-OK] peer=12D3KooW range=2547-2547 duration_ms=0
[SYNC-REQUEST-ENCODE] peer=12D3KooW range=2547-2547
[SYNC-REQUEST-ENCODE-OK] peer=12D3KooW range=2547-2547 duration_ms=0
[SYNC-REQUEST-DECODE] peer=12D3KooW range=2547-2547
[SYNC-REQUEST-OPEN-OK] peer=12D3KooW range=2547-2547 duration_ms=0
[SYNC-REQUEST-ENCODE] peer=12D3KooW range=2547-2547
[SYNC-REQUEST-ENCODE-OK] peer=12D3KooW range=2547-2547 duration_ms=0
[SYNC-REQUEST-DECODE] peer=12D3KooW range=2547-2547
Candidate heartbeat received: D | reported_height=2337 | finalized_height=2337 | local_exec_epoch=2338
[SYNC-REQUEST-RESULT] peer=12D3KooW range=2547-2547 count=0 snapshot=false duration_ms=2
[SYNC-REQUEST-RESULT] peer=12D3KooW range=2547-2547 count=0 snapshot=false duration_ms=5
[SYNC-SINGLE] stage=range_fetch requested=2547 result=failed err=single_block_fetch_failed
[SYNC-REQUEST-START] peer=12D3KooW range=2547-2547 snapshot=false snapshot_height=0 timeout_ms=15000
[SYNC-REQUEST-OPEN] peer=12D3KooW range=2547-2547
[SYNC-REQUEST-OPEN-OK] peer=12D3KooW range=2547-2547 duration_ms=0
[SYNC-REQUEST-ENCODE] peer=12D3KooW range=2547-2547
[SYNC-REQUEST-ENCODE-OK] peer=12D3KooW range=2547-2547 duration_ms=0
[SYNC-REQUEST-DECODE] peer=12D3KooW range=2547-2547
[SYNC-REQUEST-START] peer=12D3KooW range=2547-2547 snapshot=false snapshot_height=0 timeout_ms=15000
[SYNC-REQUEST-OPEN] peer=12D3KooW range=2547-2547
[SYNC-REQUEST-OPEN-OK] peer=12D3KooW range=2547-2547 duration_ms=0
[SYNC-REQUEST-ENCODE] peer=12D3KooW range=2547-2547
[SYNC-REQUEST-ENCODE-OK] peer=12D3KooW range=2547-2547 duration_ms=0
[SYNC-REQUEST-DECODE] peer=12D3KooW range=2547-2547
[SYNC-REQUEST-RESULT] peer=12D3KooW range=2547-2547 count=0 snapshot=false duration_ms=6
[SYNC-REQUEST-RESULT] peer=12D3KooW range=2547-2547 count=0 snapshot=false duration_ms=5
[SYNC-SINGLE] stage=range_fetch requested=2547 result=failed err=single_block_fetch_failed
[SYNC-BATCH-STOP] stage=range_fetch local=2546 target=2547 reason=no_sync_peer exclude=4
[SYNC-SERVE-REQUEST] peer=12D3KooW requested=2547-2547 snapshot=false snapshot_height=0
[SYNC-SERVE-RESPONSE] peer=12D3KooW requested=2547-2547 served=0-0 count=0 snapshot=false tip_gap=true historical_gap=false duration_ms=1
[EXEC-QUORUM] height=2547 strict=3 relaxed=2 total=4 live=2 stall=2m56s
Candidate heartbeat received: D | reported_height=2338 | finalized_height=2338 | local_exec_epoch=2339
Validator heartbeat: B | reported_height=2546 | finalized_height=2546 | local_exec_epoch=2547
Attempting to connect to 4 peers
[REGISTRY-COMMITMENT-CHECK] height=2547 required=true parent_unanchored=false source=chain_parent_commitment expected=9cd32df6 got=9cd32df6
[EXEC-QUORUM] height=2547 strict=3 relaxed=2 total=4 live=2 stall=2m57s
[REGISTRY-COMMITMENT-CHECK] height=2547 required=true parent_unanchored=false source=chain_parent_commitment expected=9cd32df6 got=9cd32df6
[SYNC] reason=late_join local=2546 target=2547 votes=3 required=3 stage=direct_gossip action=block_range_fetch
[SYNC-REQUEST-START] peer=12D3KooW range=2547-2547 snapshot=false snapshot_height=0 timeout_ms=15000
[SYNC-REQUEST-OPEN] peer=12D3KooW range=2547-2547
[SYNC-REQUEST-OPEN-OK] peer=12D3KooW range=2547-2547 duration_ms=1
[SYNC-REQUEST-ENCODE] peer=12D3KooW range=2547-2547
[SYNC-REQUEST-START] peer=12D3KooW range=2547-2547 snapshot=false snapshot_height=0 timeout_ms=15000
[SYNC-REQUEST-ENCODE-OK] peer=12D3KooW range=2547-2547 duration_ms=0
[SYNC-REQUEST-OPEN] peer=12D3KooW range=2547-2547
[SYNC-REQUEST-DECODE] peer=12D3KooW range=2547-2547
[SYNC-REQUEST-OPEN-OK] peer=12D3KooW range=2547-2547 duration_ms=1
[SYNC-REQUEST-ENCODE] peer=12D3KooW range=2547-2547
[SYNC-REQUEST-ENCODE-OK] peer=12D3KooW range=2547-2547 duration_ms=1
[SYNC-REQUEST-DECODE] peer=12D3KooW range=2547-2547
[SYNC-REQUEST-RESULT] peer=12D3KooW range=2547-2547 count=0 snapshot=false duration_ms=2
[SYNC-REQUEST-RESULT] peer=12D3KooW range=2547-2547 count=0 snapshot=false duration_ms=1
[SYNC-SINGLE] stage=range_fetch requested=2547 result=failed err=single_block_fetch_failed
[SYNC-REQUEST-START] peer=12D3KooW range=2547-2547 snapshot=false snapshot_height=0 timeout_ms=15000
[SYNC-REQUEST-OPEN] peer=12D3KooW range=2547-2547
[SYNC-REQUEST-START] peer=12D3KooW range=2547-2547 snapshot=false snapshot_height=0 timeout_ms=15000
[SYNC-REQUEST-OPEN] peer=12D3KooW range=2547-2547
[SYNC-REQUEST-OPEN-OK] peer=12D3KooW range=2547-2547 duration_ms=1
[SYNC-REQUEST-ENCODE] peer=12D3KooW range=2547-2547
[SYNC-REQUEST-ENCODE-OK] peer=12D3KooW range=2547-2547 duration_ms=0
[SYNC-REQUEST-DECODE] peer=12D3KooW range=2547-2547
[SYNC-REQUEST-OPEN-OK] peer=12D3KooW range=2547-2547 duration_ms=0
[SYNC-REQUEST-ENCODE] peer=12D3KooW range=2547-2547
[SYNC-REQUEST-RESULT] peer=12D3KooW range=2547-2547 count=0 snapshot=false duration_ms=1
[SYNC-REQUEST-ENCODE-OK] peer=12D3KooW range=2547-2547 duration_ms=0
[SYNC-REQUEST-DECODE] peer=12D3KooW range=2547-2547
[SYNC-REQUEST-RESULT] peer=12D3KooW range=2547-2547 count=0 snapshot=false duration_ms=0
[SYNC-SINGLE] stage=range_fetch requested=2547 result=failed err=single_block_fetch_failed
[SYNC-BATCH-STOP] stage=range_fetch local=2546 target=2547 reason=no_sync_peer exclude=4
[EXEC-QUORUM] height=2547 strict=3 relaxed=2 total=4 live=2 stall=2m58s
[EXEC-QUORUM] height=2547 strict=3 relaxed=2 total=4 live=2 stall=2m59s
[EMISSION] h=2466 reward=2 treasury=1 validators=1 burn=0 applied_burn=1 chance_bps=10000
[STARTUP-PRECHECK] waiting reason=startup_execution_snapshot_rebuild_failed_h_2546 target=2547
[EXEC-QUORUM] height=2547 strict=3 relaxed=2 total=4 live=2 stall=2m59s
[EMISSION] h=2466 reward=2 treasury=1 validators=1 burn=0 applied_burn=1 chance_bps=10000
[EXEC-QUORUM] height=2547 strict=3 relaxed=2 total=4 live=2 stall=3m0s
2026/05/19 10:28:38 [VOTE-DROP] reason=replay_cache signer=A height=2547 round=0 vote_block=f53eb382 current_block=f53eb382 proposal=2547|0|f53eb382be434e238dc175666a5392d5e07e9dabfe186e770933510402bee0bc||1e5aa924c655edd2cb77c5aec6587a768a93798e543624a31ae02465c9320006 exec=1e5aa924 tx_merkle=
[EXEC-QUORUM] height=2547 strict=3 relaxed=2 total=4 live=2 stall=3m0s
[SYNC-SERVE-REQUEST] peer=12D3KooW requested=2547-2547 snapshot=false snapshot_height=0
[SYNC-SERVE-RESPONSE] peer=12D3KooW requested=2547-2547 served=0-0 count=0 snapshot=false tip_gap=true historical_gap=false duration_ms=1
[SYNC-SERVE-REQUEST] peer=12D3KooW requested=2547-2547 snapshot=false snapshot_height=0
[SYNC-SERVE-RESPONSE] peer=12D3KooW requested=2547-2547 served=0-0 count=0 snapshot=false tip_gap=true historical_gap=false duration_ms=1
[SYNC-SERVE-REQUEST] peer=12D3KooW requested=2547-2547 snapshot=false snapshot_height=0
[SYNC-SERVE-RESPONSE] peer=12D3KooW requested=2547-2547 served=0-0 count=0 snapshot=false tip_gap=true historical_gap=false duration_ms=1
[EXEC-QUORUM] height=2547 strict=3 relaxed=2 total=4 live=2 stall=3m1s
[EXEC-QUORUM] height=2547 strict=3 relaxed=2 total=4 live=2 stall=3m1s
Validator heartbeat: C | reported_height=2546 | finalized_height=2546 | local_exec_epoch=2547
Heartbeat sent: C finalized=2546 epoch=2547
[EXEC-QUORUM] height=2547 strict=3 relaxed=2 total=4 live=2 stall=3m2s
[EXEC-QUORUM] height=2547 strict=3 relaxed=2 total=4 live=2 stall=3m2s
Ã°Å¸â€œÂ¨ Consensus message from 12D3KooWHdmUKc1bYKY3scg6TqGhK3SutwH9hu1aAez4VmvwkEyk: leader_block (size: 1311 bytes)
Ã°Å¸â€œÂ¦ Leader block received from 12D3KooWHdmUKc1bYKY3scg6TqGhK3SutwH9hu1aAez4VmvwkEyk | height=2547 proposer=B
Ã°Å¸â€Å’ Consensus stream EOF from 12D3KooWHdmUKc1bYKY3scg6TqGhK3SutwH9hu1aAez4VmvwkEyk
Ã°Å¸â€Å’ Consensus stream closed with 12D3KooWHdmUKc1bYKY3scg6TqGhK3SutwH9hu1aAez4VmvwkEyk
[LEADER-BLOCK-REJECT] height=2547 round=0 reason=duplicate_proposal peer=12D3KooWETqM63k4eBQTHnBZ2jzRd4SCLBX7fMSz6BcnGFUohp9U proposer=B block=f53eb382
[LEADER-BLOCK-REJECT] height=2547 round=0 reason=duplicate_proposal peer=12D3KooWHdmUKc1bYKY3scg6TqGhK3SutwH9hu1aAez4VmvwkEyk proposer=B block=f53eb382
Ã°Å¸â€œÂ¨ Consensus message from 12D3KooWHdmUKc1bYKY3scg6TqGhK3SutwH9hu1aAez4VmvwkEyk: execution_result (size: 359 bytes)
Ã°Å¸â€Å’ Consensus stream EOF from 12D3KooWHdmUKc1bYKY3scg6TqGhK3SutwH9hu1aAez4VmvwkEyk
Ã°Å¸â€Å’ Consensus stream closed with 12D3KooWHdmUKc1bYKY3scg6TqGhK3SutwH9hu1aAez4VmvwkEyk
[SYNC-SERVE-REQUEST] peer=12D3KooW requested=2547-2547 snapshot=false snapshot_height=0
[SYNC-SERVE-RESPONSE] peer=12D3KooW requested=2547-2547 served=0-0 count=0 snapshot=false tip_gap=true historical_gap=false duration_ms=2
[SYNC-SERVE-REQUEST] peer=12D3KooW requested=2547-2547 snapshot=false snapshot_height=0
[SYNC-SERVE-RESPONSE] peer=12D3KooW requested=2547-2547 served=0-0 count=0 snapshot=false tip_gap=true historical_gap=false duration_ms=1
[SNAPSHOT-PUBLISH] deferred height=2546 reason=auto_publish_interval_10
[EXEC-QUORUM] height=2547 strict=3 relaxed=2 total=4 live=2 stall=3m3s
2026/05/19 10:28:41 [STARTUP-EXECUTION-SNAPSHOT] action=rebuild begin height=2546
[EMISSION] h=2466 reward=2 treasury=1 validators=1 burn=0 applied_burn=1 chance_bps=10000
2026/05/19 10:28:41 [STARTUP-EXECUTION-SNAPSHOT] action=rebuild resume base=2466 target=2546
2026/05/19 10:28:41 [STARTUP-EXECUTION-SNAPSHOT] action=rebuild status=failed height=2546 err=create_snapshot_failed height=2467 err=execution_snapshot_ledger_unavailable height=2467
Blocked leader broadcast @ epoch 2547: proposal gated: startup_execution_snapshot_rebuild_failed_h_2546
2026/05/19 10:28:41 [EXEC-BROADCAST-DEFER] validator=C height=2547 reason=exec_changed exec=1e5aa924 tx_merkle= current_runtime=ab74f64c current_execution=ab74f64c current_tip=2546/8da4f6f5 proposal=2547|0|f53eb382be434e238dc175666a5392d5e07e9dabfe186e770933510402bee0bc||1e5aa924c655edd2cb77c5aec6587a768a93798e543624a31ae02465c9320006 block=f53eb382 prev=8da4f6f5
2026/05/19 10:28:41 [STARTUP-EXECUTION-SNAPSHOT] action=rebuild schedule height=2546 reason=prior_rebuild_failed_local_history_ready
[EMISSION] h=2466 reward=2 treasury=1 validators=1 burn=0 applied_burn=1 chance_bps=10000
2026/05/19 10:28:41 [STARTUP-EXECUTION-SNAPSHOT] action=rebuild async_wait height=2546 trigger=prior_rebuild_failed_local_history_ready reason=startup_execution_snapshot_rebuild_failed_h_2546
[CONSENSUS] height=2546 vhash=d75b74ab validators=4
[SYNC-QUEUE] reason=status_tick local=2546 target=2547
[SYNC] reason=status_tick local=2546 target=2547 votes=3 required=3 stage=direct_gossip action=block_range_fetch
[SYNC-REQUEST-START] peer=12D3KooW range=2547-2547 snapshot=false snapshot_height=0 timeout_ms=15000
[SYNC-REQUEST-START] peer=12D3KooW range=2547-2547 snapshot=false snapshot_height=0 timeout_ms=15000
[SYNC-REQUEST-OPEN] peer=12D3KooW range=2547-2547
[SYNC-REQUEST-OPEN] peer=12D3KooW range=2547-2547
[SYNC-REQUEST-OPEN-OK] peer=12D3KooW range=2547-2547 duration_ms=1
[SYNC-REQUEST-ENCODE] peer=12D3KooW range=2547-2547
[SYNC-REQUEST-ENCODE-OK] peer=12D3KooW range=2547-2547 duration_ms=2
[SYNC-REQUEST-DECODE] peer=12D3KooW range=2547-2547
[SYNC-REQUEST-RESULT] peer=12D3KooW range=2547-2547 count=0 snapshot=false duration_ms=0
[SYNC-REQUEST-OPEN-OK] peer=12D3KooW range=2547-2547 duration_ms=0
[SYNC-REQUEST-ENCODE] peer=12D3KooW range=2547-2547
[SYNC-REQUEST-ENCODE-OK] peer=12D3KooW range=2547-2547 duration_ms=0
[SYNC-REQUEST-DECODE] peer=12D3KooW range=2547-2547
[SYNC-REQUEST-RESULT] peer=12D3KooW range=2547-2547 count=0 snapshot=false duration_ms=1
[SYNC-SINGLE] stage=range_fetch requested=2547 result=failed err=single_block_fetch_failed
[SYNC-REQUEST-START] peer=12D3KooW range=2547-2547 snapshot=false snapshot_height=0 timeout_ms=15000
[SYNC-REQUEST-START] peer=12D3KooW range=2547-2547 snapshot=false snapshot_height=0 timeout_ms=15000
[SYNC-REQUEST-OPEN] peer=12D3KooW range=2547-2547
[SYNC-REQUEST-OPEN] peer=12D3KooW range=2547-2547
[SYNC-REQUEST-OPEN-OK] peer=12D3KooW range=2547-2547 duration_ms=0
[SYNC-REQUEST-ENCODE] peer=12D3KooW range=2547-2547
[SYNC-REQUEST-OPEN-OK] peer=12D3KooW range=2547-2547 duration_ms=0
[SYNC-REQUEST-ENCODE] peer=12D3KooW range=2547-2547
[SYNC-REQUEST-ENCODE-OK] peer=12D3KooW range=2547-2547 duration_ms=0
[SYNC-REQUEST-DECODE] peer=12D3KooW range=2547-2547
[SYNC-REQUEST-ENCODE-OK] peer=12D3KooW range=2547-2547 duration_ms=0
[SYNC-REQUEST-DECODE] peer=12D3KooW range=2547-2547
[SYNC-REQUEST-RESULT] peer=12D3KooW range=2547-2547 count=0 snapshot=false duration_ms=1
[SYNC-REQUEST-RESULT] peer=12D3KooW range=2547-2547 count=0 snapshot=false duration_ms=2
[SYNC-SINGLE] stage=range_fetch requested=2547 result=failed err=single_block_fetch_failed
[SYNC-BATCH-STOP] stage=range_fetch local=2546 target=2547 reason=no_sync_peer exclude=4
Ã°Å¸â€œÂ¨ Consensus message from 12D3KooWPVKESWFG9sS8G6vjhfPn54kWuNFkkuHwG4yQXhYRcXjX: leader_block (size: 1311 bytes)
Ã°Å¸â€œÂ¦ Leader block received from 12D3KooWPVKESWFG9sS8G6vjhfPn54kWuNFkkuHwG4yQXhYRcXjX | height=2547 proposer=B
Ã°Å¸â€Å’ Consensus stream EOF from 12D3KooWPVKESWFG9sS8G6vjhfPn54kWuNFkkuHwG4yQXhYRcXjX
Ã°Å¸â€Å’ Consensus stream closed with 12D3KooWPVKESWFG9sS8G6vjhfPn54kWuNFkkuHwG4yQXhYRcXjX
Ã°Å¸â€œÂ¨ Consensus message from 12D3KooWPVKESWFG9sS8G6vjhfPn54kWuNFkkuHwG4yQXhYRcXjX: execution_result (size: 359 bytes)
Ã°Å¸â€Å’ Consensus stream EOF from 12D3KooWPVKESWFG9sS8G6vjhfPn54kWuNFkkuHwG4yQXhYRcXjX
Ã°Å¸â€Å’ Consensus stream closed with 12D3KooWPVKESWFG9sS8G6vjhfPn54kWuNFkkuHwG4yQXhYRcXjX
[SYNC-SERVE-REQUEST] peer=12D3KooW requested=2547-2547 snapshot=false snapshot_height=0
[SYNC-SERVE-RESPONSE] peer=12D3KooW requested=2547-2547 served=0-0 count=0 snapshot=false tip_gap=true historical_gap=false duration_ms=0
[EXEC-QUORUM] height=2547 strict=3 relaxed=2 total=4 live=2 stall=3m4s
2026/05/19 10:28:42 [EXEC-COMMIT] height=2547 reason=precommit_quorum round=0 block=bad96df2 votes=2 required=2 precommits=2
âŒ Block signature verification failed | proposer=B height=2547 hash=bad96df2 candidates=2 runtime_norm=true runtime_raw=true genesis_norm=true genesis_raw=true
âŒ Block signature verification failed | proposer=B height=2547 hash=bad96df2 candidates=2 runtime_norm=true runtime_raw=true genesis_norm=true genesis_raw=true
[EXEC-QUORUM] height=2547 strict=3 relaxed=2 total=4 live=2 stall=3m4s
âŒ Block signature verification failed | proposer=B height=2547 hash=bad96df2 candidates=2 runtime_norm=true runtime_raw=true genesis_norm=true genesis_raw=true
âŒ Block signature verification failed | proposer=B height=2547 hash=bad96df2 candidates=2 runtime_norm=true runtime_raw=true genesis_norm=true genesis_raw=true
âŒ Block signature verification failed | proposer=B height=2547 hash=bad96df2 candidates=2 runtime_norm=true runtime_raw=true genesis_norm=true genesis_raw=true
âŒ Block signature verification failed | proposer=B height=2547 hash=bad96df2 candidates=2 runtime_norm=true runtime_raw=true genesis_norm=true genesis_raw=true
âŒ Block signature verification failed | proposer=B height=2547 hash=bad96df2 candidates=2 runtime_norm=true runtime_raw=true genesis_norm=true genesis_raw=true
âŒ Block signature verification failed | proposer=B height=2547 hash=bad96df2 candidates=2 runtime_norm=true runtime_raw=true genesis_norm=true genesis_raw=true
âŒ Block signature verification failed | proposer=B height=2547 hash=bad96df2 candidates=2 runtime_norm=true runtime_raw=true genesis_norm=true genesis_raw=true
âŒ Block signature verification failed | proposer=B height=2547 hash=bad96df2 candidates=2 runtime_norm=true runtime_raw=true genesis_norm=true genesis_raw=true
[EXEC-QUORUM] height=2547 strict=3 relaxed=2 total=4 live=2 stall=3m5s
[EXEC-QUORUM] height=2547 strict=3 relaxed=2 total=4 live=2 stall=3m5s
âŒ Block signature verification failed | proposer=B height=2547 hash=bad96df2 candidates=2 runtime_norm=true runtime_raw=true genesis_norm=true genesis_raw=true
[SYNC-BLOCK-REJECT] stage=direct_gossip provider=12D3KooW local=2546 next=2547 got=2547 reason=validation_failed queue_tip=2547 proposer=B hash=bad96df2 prev=8da4f6f5
[APPLY-FAIL] h=2547 hash=bad96df2 reason=validation_failed fail_count=19
[REGISTRY-COMMITMENT-CHECK] height=2547 required=true parent_unanchored=false source=chain_parent_commitment expected=9cd32df6 got=9cd32df6
[SYNC-SERVE-REQUEST] peer=12D3KooW requested=2547-2547 snapshot=false snapshot_height=0
[SYNC-SERVE-RESPONSE] peer=12D3KooW requested=2547-2547 served=0-0 count=0 snapshot=false tip_gap=true historical_gap=false duration_ms=1
[SYNC-SERVE-REQUEST] peer=12D3KooW requested=2547-2547 snapshot=false snapshot_height=0
[SYNC-SERVE-RESPONSE] peer=12D3KooW requested=2547-2547 served=0-0 count=0 snapshot=false tip_gap=true historical_gap=false duration_ms=1
Validator heartbeat received: A | reported_height=2546 | finalized_height=2546 | local_exec_epoch=2547
[SYNC-SERVE-REQUEST] peer=12D3KooW requested=2547-2547 snapshot=false snapshot_height=0
[SYNC-SERVE-RESPONSE] peer=12D3KooW requested=2547-2547 served=0-0 count=0 snapshot=false tip_gap=true historical_gap=false duration_ms=0
[EMISSION] h=2466 reward=2 treasury=1 validators=1 burn=0 applied_burn=1 chance_bps=10000
Candidate heartbeat received: D | reported_height=2337 | finalized_height=2337 | local_exec_epoch=2338
[SYNC] reason=invalid_block_signature local=2546 target=2547 votes=3 required=3 stage=direct_gossip action=block_range_fetch
[SYNC-REQUEST-START] peer=12D3KooW range=2547-2547 snapshot=false snapshot_height=0 timeout_ms=15000
[SYNC-REQUEST-OPEN] peer=12D3KooW range=2547-2547
[SYNC-REQUEST-START] peer=12D3KooW range=2547-2547 snapshot=false snapshot_height=0 timeout_ms=15000
[SYNC-REQUEST-OPEN] peer=12D3KooW range=2547-2547
[SYNC-REQUEST-OPEN-OK] peer=12D3KooW range=2547-2547 duration_ms=1
[SYNC-REQUEST-ENCODE] peer=12D3KooW range=2547-2547
[SYNC-REQUEST-ENCODE-OK] peer=12D3KooW range=2547-2547 duration_ms=0
[SYNC-REQUEST-OPEN-OK] peer=12D3KooW range=2547-2547 duration_ms=0
[SYNC-REQUEST-ENCODE] peer=12D3KooW range=2547-2547
[SYNC-REQUEST-DECODE] peer=12D3KooW range=2547-2547
[SYNC-REQUEST-ENCODE-OK] peer=12D3KooW range=2547-2547 duration_ms=0
[SYNC-REQUEST-DECODE] peer=12D3KooW range=2547-2547
[SYNC-REQUEST-RESULT] peer=12D3KooW range=2547-2547 count=0 snapshot=false duration_ms=0
[SYNC-REQUEST-RESULT] peer=12D3KooW range=2547-2547 count=0 snapshot=false duration_ms=2
[SYNC-SINGLE] stage=range_fetch requested=2547 result=failed err=single_block_fetch_failed
[SYNC-REQUEST-START] peer=12D3KooW range=2547-2547 snapshot=false snapshot_height=0 timeout_ms=15000
[SYNC-REQUEST-OPEN] peer=12D3KooW range=2547-2547
[SYNC-REQUEST-START] peer=12D3KooW range=2547-2547 snapshot=false snapshot_height=0 timeout_ms=15000
[SYNC-REQUEST-OPEN] peer=12D3KooW range=2547-2547
[SYNC-REQUEST-OPEN-OK] peer=12D3KooW range=2547-2547 duration_ms=0
[SYNC-REQUEST-OPEN-OK] peer=12D3KooW range=2547-2547 duration_ms=0
[SYNC-REQUEST-ENCODE] peer=12D3KooW range=2547-2547
[SYNC-REQUEST-ENCODE] peer=12D3KooW range=2547-2547
[SYNC-REQUEST-ENCODE-OK] peer=12D3KooW range=2547-2547 duration_ms=0
[SYNC-REQUEST-DECODE] peer=12D3KooW range=2547-2547
[SYNC-REQUEST-ENCODE-OK] peer=12D3KooW range=2547-2547 duration_ms=0
[SYNC-REQUEST-DECODE] peer=12D3KooW range=2547-2547
[SYNC-REQUEST-RESULT] peer=12D3KooW range=2547-2547 count=0 snapshot=false duration_ms=0
[SYNC-REQUEST-RESULT] peer=12D3KooW range=2547-2547 count=0 snapshot=false duration_ms=0
[SYNC-SINGLE] stage=range_fetch requested=2547 result=failed err=single_block_fetch_failed
[SYNC-BATCH-STOP] stage=range_fetch local=2546 target=2547 reason=no_sync_peer exclude=4
[REGISTRY-COMMITMENT-CHECK] height=2547 required=true parent_unanchored=false source=chain_parent_commitment expected=9cd32df6 got=9cd32df6
Candidate heartbeat received: D | reported_height=2338 | finalized_height=2338 | local_exec_epoch=2339
Validator heartbeat: B | reported_height=2546 | finalized_height=2546 | local_exec_epoch=2547
[EXEC-QUORUM] height=2547 strict=3 relaxed=2 total=4 live=2 stall=3m7s
[EXEC-QUORUM] height=2547 strict=3 relaxed=2 total=4 live=2 stall=3m7s
[SYNC-QUEUE] reason=heartbeat local=2546 target=2547
[EXEC-QUORUM] height=2547 strict=3 relaxed=2 total=4 live=2 stall=3m7s
[EXEC-QUORUM] height=2547 strict=3 relaxed=2 total=4 live=2 stall=3m8s
[SYNC] reason=late_join local=2546 target=2547 votes=3 required=3 stage=direct_gossip action=block_range_fetch
[SYNC-REQUEST-START] peer=12D3KooW range=2547-2547 snapshot=false snapshot_height=0 timeout_ms=15000
[SYNC-REQUEST-OPEN] peer=12D3KooW range=2547-2547
[SYNC-REQUEST-OPEN-OK] peer=12D3KooW range=2547-2547 duration_ms=0
[SYNC-REQUEST-ENCODE] peer=12D3KooW range=2547-2547
[SYNC-REQUEST-ENCODE-OK] peer=12D3KooW range=2547-2547 duration_ms=1
[SYNC-REQUEST-DECODE] peer=12D3KooW range=2547-2547
[SYNC-REQUEST-START] peer=12D3KooW range=2547-2547 snapshot=false snapshot_height=0 timeout_ms=15000
[SYNC-REQUEST-OPEN] peer=12D3KooW range=2547-2547
[SYNC-REQUEST-RESULT] peer=12D3KooW range=2547-2547 count=0 snapshot=false duration_ms=1
[SYNC-REQUEST-OPEN-OK] peer=12D3KooW range=2547-2547 duration_ms=0
[SYNC-REQUEST-ENCODE] peer=12D3KooW range=2547-2547
[SYNC-REQUEST-ENCODE-OK] peer=12D3KooW range=2547-2547 duration_ms=0
[SYNC-REQUEST-DECODE] peer=12D3KooW range=2547-2547
[SYNC-REQUEST-RESULT] peer=12D3KooW range=2547-2547 count=0 snapshot=false duration_ms=1
[SYNC-SINGLE] stage=range_fetch requested=2547 result=failed err=single_block_fetch_failed
[SYNC-REQUEST-START] peer=12D3KooW range=2547-2547 snapshot=false snapshot_height=0 timeout_ms=15000
[SYNC-REQUEST-OPEN] peer=12D3KooW range=2547-2547
[SYNC-REQUEST-OPEN-OK] peer=12D3KooW range=2547-2547 duration_ms=0
[SYNC-REQUEST-ENCODE] peer=12D3KooW range=2547-2547
[SYNC-REQUEST-ENCODE-OK] peer=12D3KooW range=2547-2547 duration_ms=2
[SYNC-REQUEST-DECODE] peer=12D3KooW range=2547-2547
[SYNC-REQUEST-START] peer=12D3KooW range=2547-2547 snapshot=false snapshot_height=0 timeout_ms=15000
[SYNC-REQUEST-OPEN] peer=12D3KooW range=2547-2547
[SYNC-REQUEST-OPEN-OK] peer=12D3KooW range=2547-2547 duration_ms=2
[SYNC-REQUEST-ENCODE] peer=12D3KooW range=2547-2547
[SYNC-REQUEST-ENCODE-OK] peer=12D3KooW range=2547-2547 duration_ms=0
[SYNC-REQUEST-DECODE] peer=12D3KooW range=2547-2547
[SYNC-REQUEST-RESULT] peer=12D3KooW range=2547-2547 count=0 snapshot=false duration_ms=2
[SYNC-REQUEST-RESULT] peer=12D3KooW range=2547-2547 count=0 snapshot=false duration_ms=0
[SYNC-SINGLE] stage=range_fetch requested=2547 result=failed err=single_block_fetch_failed
[SYNC-BATCH-STOP] stage=range_fetch local=2546 target=2547 reason=no_sync_peer exclude=4
[EXEC-QUORUM] height=2547 strict=3 relaxed=2 total=4 live=2 stall=3m9s
2026/05/19 10:28:47 [VOTE-DROP] reason=replay_cache signer=B height=2547 round=0 vote_block=f53eb382 current_block=f53eb382 proposal=2547|0|f53eb382be434e238dc175666a5392d5e07e9dabfe186e770933510402bee0bc||1e5aa924c655edd2cb77c5aec6587a768a93798e543624a31ae02465c9320006 exec=1e5aa924 tx_merkle=
[LEADER-BLOCK-REJECT] height=2547 round=0 reason=duplicate_proposal peer=12D3KooWPVKESWFG9sS8G6vjhfPn54kWuNFkkuHwG4yQXhYRcXjX proposer=B block=f53eb382
[LEADER-BLOCK-REJECT] height=2547 round=0 reason=duplicate_proposal peer=12D3KooWPVKESWFG9sS8G6vjhfPn54kWuNFkkuHwG4yQXhYRcXjX proposer=B block=f53eb382
[STATUS] height=2546 finalized=2546 peers=4 validators=2 strict_live=2 heartbeat_live=2 out_of_drift=0 drift_limit=8 syncing=false sync_complete=true execution_ready=false execution_reason=startup_execution_snapshot_rebuild_pending_h_2546 gossip=true gossip_pipeline=new_block_gossip_validate_apply consensus_running=false mode=observer vote=false propose=false role=full validator_state=observer warmup_seconds=0 ready=false reason=startup_execution_snapshot_rebuild_pending_h_2546 snapshot_source=none expected_source=chain_parent_commitment expected_hash=d75b74ab resolved_source=chain_parent_commitment resolved_hash=d75b74ab next_source=carry_forward next_hash=d75b74ab got_hash= authority=chain_parent_commitment hash_mode=legacy
[EXEC-QUORUM] height=2547 strict=3 relaxed=2 total=4 live=2 stall=3m10s
2026/05/19 10:28:48 [STARTUP-EXECUTION-SNAPSHOT] action=rebuild begin height=2546
[EMISSION] h=2466 reward=2 treasury=1 validators=1 burn=0 applied_burn=1 chance_bps=10000
2026/05/19 10:28:48 [STARTUP-EXECUTION-SNAPSHOT] action=rebuild resume base=2466 target=2546
2026/05/19 10:28:48 [STARTUP-EXECUTION-SNAPSHOT] action=rebuild status=failed height=2546 err=create_snapshot_failed height=2467 err=execution_snapshot_ledger_unavailable height=2467
[STARTUP-PRECHECK] waiting reason=startup_execution_snapshot_rebuild_failed_h_2546 target=2547
2026/05/19 10:28:48 [STARTUP-EXECUTION-SNAPSHOT] action=rebuild schedule height=2546 reason=prior_rebuild_failed_local_history_ready
[EMISSION] h=2466 reward=2 treasury=1 validators=1 burn=0 applied_burn=1 chance_bps=10000
2026/05/19 10:28:48 [STARTUP-EXECUTION-SNAPSHOT] action=rebuild async_wait height=2546 trigger=prior_rebuild_failed_local_history_ready reason=startup_execution_snapshot_rebuild_failed_h_2546
[EXEC-QUORUM] height=2547 strict=3 relaxed=2 total=4 live=2 stall=3m10s
[EXEC-QUORUM] height=2547 strict=3 relaxed=2 total=4 live=2 stall=3m10s
[EXEC-QUORUM] height=2547 strict=3 relaxed=2 total=4 live=2 stall=3m10s
[SYNC-SERVE-REQUEST] peer=12D3KooW requested=2547-2547 snapshot=false snapshot_height=0
[SYNC-SERVE-RESPONSE] peer=12D3KooW requested=2547-2547 served=0-0 count=0 snapshot=false tip_gap=true historical_gap=false duration_ms=0
[SYNC-SERVE-REQUEST] peer=12D3KooW requested=2547-2547 snapshot=false snapshot_height=0
[SYNC-SERVE-RESPONSE] peer=12D3KooW requested=2547-2547 served=0-0 count=0 snapshot=false tip_gap=true historical_gap=false duration_ms=0
[SYNC-SERVE-REQUEST] peer=12D3KooW requested=2547-2547 snapshot=false snapshot_height=0
[SYNC-SERVE-RESPONSE] peer=12D3KooW requested=2547-2547 served=0-0 count=0 snapshot=false tip_gap=true historical_gap=false duration_ms=0
[REGISTRY-COMMITMENT-CHECK] height=2547 required=true parent_unanchored=false source=chain_parent_commitment expected=9cd32df6 got=9cd32df6
[EXEC-QUORUM] height=2547 strict=3 relaxed=2 total=4 live=2 stall=3m11s
[EXEC-QUORUM] height=2547 strict=3 relaxed=2 total=4 live=2 stall=3m11s
[EXEC-QUORUM] height=2547 strict=3 relaxed=2 total=4 live=2 stall=3m12s
[EXEC-QUORUM] height=2547 strict=3 relaxed=2 total=4 live=2 stall=3m12s
[EXEC-QUORUM] height=2547 strict=3 relaxed=2 total=4 live=2 stall=3m12s
2026/05/19 10:28:50 [EXEC-COMMIT] height=2547 reason=precommit_quorum round=0 block=bad96df2 votes=2 required=2 precommits=2
âŒ Block signature verification failed | proposer=B height=2547 hash=bad96df2 candidates=2 runtime_norm=true runtime_raw=true genesis_norm=true genesis_raw=true
âŒ Block signature verification failed | proposer=B height=2547 hash=bad96df2 candidates=2 runtime_norm=true runtime_raw=true genesis_norm=true genesis_raw=true
âŒ Block signature verification failed | proposer=B height=2547 hash=bad96df2 candidates=2 runtime_norm=true runtime_raw=true genesis_norm=true genesis_raw=true
[EXEC-QUORUM] height=2547 strict=3 relaxed=2 total=4 live=2 stall=3m12s
2026/05/19 10:28:51 [VOTE-DROP] reason=replay_cache signer=A height=2547 round=0 vote_block=f53eb382 current_block=f53eb382 proposal=2547|0|f53eb382be434e238dc175666a5392d5e07e9dabfe186e770933510402bee0bc||1e5aa924c655edd2cb77c5aec6587a768a93798e543624a31ae02465c9320006 exec=1e5aa924 tx_merkle=
2026/05/19 10:28:51 [OK] goroutine pressure normalized: 174 (degrade mode off)
âŒ Block signature verification failed | proposer=B height=2547 hash=bad96df2 candidates=2 runtime_norm=true runtime_raw=true genesis_norm=true genesis_raw=true
âŒ Block signature verification failed | proposer=B height=2547 hash=bad96df2 candidates=2 runtime_norm=true runtime_raw=true genesis_norm=true genesis_raw=true
âŒ Block signature verification failed | proposer=B height=2547 hash=bad96df2 candidates=2 runtime_norm=true runtime_raw=true genesis_norm=true genesis_raw=true
âŒ Block signature verification failed | proposer=B height=2547 hash=bad96df2 candidates=2 runtime_norm=true runtime_raw=true genesis_norm=true genesis_raw=true
âŒ Block signature verification failed | proposer=B height=2547 hash=bad96df2 candidates=2 runtime_norm=true runtime_raw=true genesis_norm=true genesis_raw=true
âŒ Block signature verification failed | proposer=B height=2547 hash=bad96df2 candidates=2 runtime_norm=true runtime_raw=true genesis_norm=true genesis_raw=true
[SYNC-QUEUE] reason=late_join local=2546 target=2547
[SYNC] reason=late_join local=2546 target=2547 votes=3 required=3 stage=direct_gossip action=block_range_fetch
[SYNC-REQUEST-START] peer=12D3KooW range=2547-2547 snapshot=false snapshot_height=0 timeout_ms=15000
[SYNC-REQUEST-OPEN] peer=12D3KooW range=2547-2547
[SYNC-REQUEST-OPEN-OK] peer=12D3KooW range=2547-2547 duration_ms=0
[SYNC-REQUEST-ENCODE] peer=12D3KooW range=2547-2547
[SYNC-REQUEST-START] peer=12D3KooW range=2547-2547 snapshot=false snapshot_height=0 timeout_ms=15000
[SYNC-REQUEST-OPEN] peer=12D3KooW range=2547-2547
[SYNC-REQUEST-ENCODE-OK] peer=12D3KooW range=2547-2547 duration_ms=0
[SYNC-REQUEST-DECODE] peer=12D3KooW range=2547-2547
[SYNC-REQUEST-RESULT] peer=12D3KooW range=2547-2547 count=0 snapshot=false duration_ms=0
[SYNC-REQUEST-OPEN-OK] peer=12D3KooW range=2547-2547 duration_ms=0
[SYNC-REQUEST-ENCODE] peer=12D3KooW range=2547-2547
[SYNC-REQUEST-ENCODE-OK] peer=12D3KooW range=2547-2547 duration_ms=0
[SYNC-REQUEST-DECODE] peer=12D3KooW range=2547-2547
[SYNC-REQUEST-RESULT] peer=12D3KooW range=2547-2547 count=0 snapshot=false duration_ms=1
[SYNC-SINGLE] stage=range_fetch requested=2547 result=failed err=single_block_fetch_failed
[SYNC-REQUEST-START] peer=12D3KooW range=2547-2547 snapshot=false snapshot_height=0 timeout_ms=15000
[SYNC-REQUEST-OPEN] peer=12D3KooW range=2547-2547
[SYNC-REQUEST-START] peer=12D3KooW range=2547-2547 snapshot=false snapshot_height=0 timeout_ms=15000
[SYNC-REQUEST-OPEN] peer=12D3KooW range=2547-2547
[SYNC-REQUEST-OPEN-OK] peer=12D3KooW range=2547-2547 duration_ms=0
[SYNC-REQUEST-ENCODE] peer=12D3KooW range=2547-2547
[SYNC-REQUEST-OPEN-OK] peer=12D3KooW range=2547-2547 duration_ms=0
[SYNC-REQUEST-ENCODE] peer=12D3KooW range=2547-2547
[SYNC-REQUEST-ENCODE-OK] peer=12D3KooW range=2547-2547 duration_ms=0
[SYNC-REQUEST-ENCODE-OK] peer=12D3KooW range=2547-2547 duration_ms=0
[SYNC-REQUEST-DECODE] peer=12D3KooW range=2547-2547
[SYNC-REQUEST-RESULT] peer=12D3KooW range=2547-2547 count=0 snapshot=false duration_ms=0
[SYNC-REQUEST-DECODE] peer=12D3KooW range=2547-2547
[SYNC-REQUEST-RESULT] peer=12D3KooW range=2547-2547 count=0 snapshot=false duration_ms=2
[SYNC-SINGLE] stage=range_fetch requested=2547 result=failed err=single_block_fetch_failed
[SYNC-BATCH-STOP] stage=range_fetch local=2546 target=2547 reason=no_sync_peer exclude=4
âŒ Block signature verification failed | proposer=B height=2547 hash=bad96df2 candidates=2 runtime_norm=true runtime_raw=true genesis_norm=true genesis_raw=true
[EXEC-QUORUM] height=2547 strict=3 relaxed=2 total=4 live=2 stall=3m13s
âŒ Block signature verification failed | proposer=B height=2547 hash=bad96df2 candidates=2 runtime_norm=true runtime_raw=true genesis_norm=true genesis_raw=true
[SYNC-BLOCK-REJECT] stage=direct_gossip provider=12D3KooW local=2546 next=2547 got=2547 reason=validation_failed queue_tip=2547 proposer=B hash=bad96df2 prev=8da4f6f5
[APPLY-FAIL] h=2547 hash=bad96df2 reason=validation_failed fail_count=20
Validator heartbeat received: B | reported_height=2546 | finalized_height=2546 | local_exec_epoch=2547
[SNAPSHOT-PUBLISH] deferred height=2546 reason=auto_publish_interval_10
[LEADER-BLOCK-REJECT] height=2547 round=0 reason=duplicate_proposal peer= proposer=B block=f53eb382
Validator heartbeat: A | reported_height=2546 | finalized_height=2546 | local_exec_epoch=2547
Validator heartbeat: C | reported_height=2546 | finalized_height=2546 | local_exec_epoch=2547
Heartbeat sent: C finalized=2546 epoch=2547
[SYNC-SERVE-REQUEST] peer=12D3KooW requested=2547-2547 snapshot=false snapshot_height=0
[SYNC-SERVE-REQUEST] peer=12D3KooW requested=2547-2547 snapshot=false snapshot_height=0
[SYNC-SERVE-RESPONSE] peer=12D3KooW requested=2547-2547 served=0-0 count=0 snapshot=false tip_gap=true historical_gap=false duration_ms=0
[SYNC-SERVE-RESPONSE] peer=12D3KooW requested=2547-2547 served=0-0 count=0 snapshot=false tip_gap=true historical_gap=false duration_ms=4
[SYNC-SERVE-REQUEST] peer=12D3KooW requested=2547-2547 snapshot=false snapshot_height=0
[SYNC-SERVE-RESPONSE] peer=12D3KooW requested=2547-2547 served=0-0 count=0 snapshot=false tip_gap=true historical_gap=false duration_ms=1
[REGISTRY-COMMITMENT-CHECK] height=2547 required=true parent_unanchored=false source=chain_parent_commitment expected=9cd32df6 got=9cd32df6
[EXEC-QUORUM] height=2547 strict=3 relaxed=2 total=4 live=2 stall=3m15s
[EXEC-QUORUM] height=2547 strict=3 relaxed=2 total=4 live=2 stall=3m15s
[EXEC-QUORUM] height=2547 strict=3 relaxed=2 total=4 live=2 stall=3m15s
[EXEC-QUORUM] height=2547 strict=3 relaxed=2 total=4 live=2 stall=3m16s
2026/05/19 10:28:54 [STARTUP-EXECUTION-SNAPSHOT] action=rebuild schedule height=2546 reason=prior_rebuild_failed_local_history_ready
2026/05/19 10:28:54 [STARTUP-EXECUTION-SNAPSHOT] action=rebuild begin height=2546
[EMISSION] h=2466 reward=2 treasury=1 validators=1 burn=0 applied_burn=1 chance_bps=10000
2026/05/19 10:28:54 [STARTUP-EXECUTION-SNAPSHOT] action=rebuild resume base=2466 target=2546
2026/05/19 10:28:54 [STARTUP-EXECUTION-SNAPSHOT] action=rebuild status=failed height=2546 err=create_snapshot_failed height=2467 err=execution_snapshot_ledger_unavailable height=2467
2026/05/19 10:28:54 [STARTUP-EXECUTION-SNAPSHOT] action=rebuild async_wait height=2546 trigger=prior_rebuild_failed_local_history_ready reason=startup_execution_snapshot_rebuild_failed_h_2546
[REGISTRY-COMMITMENT-CHECK] height=2547 required=true parent_unanchored=false source=chain_parent_commitment expected=9cd32df6 got=9cd32df6
[EXEC-QUORUM] height=2547 strict=3 relaxed=2 total=4 live=2 stall=3m16s
[SYNC-SERVE-REQUEST] peer=12D3KooW requested=2547-2547 snapshot=false snapshot_height=0
[SYNC-SERVE-RESPONSE] peer=12D3KooW requested=2547-2547 served=0-0 count=0 snapshot=false tip_gap=true historical_gap=false duration_ms=0
[SYNC-SERVE-REQUEST] peer=12D3KooW requested=2547-2547 snapshot=false snapshot_height=0
[SYNC-SERVE-RESPONSE] peer=12D3KooW requested=2547-2547 served=0-0 count=0 snapshot=false tip_gap=true historical_gap=false duration_ms=0
[EXEC-QUORUM] height=2547 strict=3 relaxed=2 total=4 live=2 stall=3m17s
[SYNC-SERVE-REQUEST] peer=12D3KooW requested=2547-2547 snapshot=false snapshot_height=0
[SYNC-SERVE-RESPONSE] peer=12D3KooW requested=2547-2547 served=0-0 count=0 snapshot=false tip_gap=true historical_gap=false duration_ms=0
[EXEC-QUORUM] height=2547 strict=3 relaxed=2 total=4 live=2 stall=3m17s
[EXEC-QUORUM] height=2547 strict=3 relaxed=2 total=4 live=2 stall=3m17s
[CONSENSUS] height=2546 vhash=d75b74ab validators=4
[EMISSION] h=2466 reward=2 treasury=1 validators=1 burn=0 applied_burn=1 chance_bps=10000
[STARTUP-PRECHECK] waiting reason=startup_execution_snapshot_rebuild_failed_h_2546 target=2547
[SYNC-QUEUE] reason=status_tick local=2546 target=2547
[SYNC] reason=status_tick local=2546 target=2547 votes=3 required=3 stage=direct_gossip action=block_range_fetch
[SYNC-REQUEST-START] peer=12D3KooW range=2547-2547 snapshot=false snapshot_height=0 timeout_ms=15000
[SYNC-REQUEST-OPEN] peer=12D3KooW range=2547-2547
[SYNC-REQUEST-START] peer=12D3KooW range=2547-2547 snapshot=false snapshot_height=0 timeout_ms=15000
[SYNC-REQUEST-OPEN] peer=12D3KooW range=2547-2547
[SYNC-REQUEST-OPEN-OK] peer=12D3KooW range=2547-2547 duration_ms=0
[SYNC-REQUEST-ENCODE] peer=12D3KooW range=2547-2547
[SYNC-REQUEST-ENCODE-OK] peer=12D3KooW range=2547-2547 duration_ms=0
[SYNC-REQUEST-OPEN-OK] peer=12D3KooW range=2547-2547 duration_ms=1
[SYNC-REQUEST-ENCODE] peer=12D3KooW range=2547-2547
[SYNC-REQUEST-DECODE] peer=12D3KooW range=2547-2547
[SYNC-REQUEST-ENCODE-OK] peer=12D3KooW range=2547-2547 duration_ms=0
[SYNC-REQUEST-RESULT] peer=12D3KooW range=2547-2547 count=0 snapshot=false duration_ms=1
[SYNC-REQUEST-DECODE] peer=12D3KooW range=2547-2547
[SYNC-REQUEST-RESULT] peer=12D3KooW range=2547-2547 count=0 snapshot=false duration_ms=0
[SYNC-SINGLE] stage=range_fetch requested=2547 result=failed err=single_block_fetch_failed
[SYNC-REQUEST-START] peer=12D3KooW range=2547-2547 snapshot=false snapshot_height=0 timeout_ms=15000
[SYNC-REQUEST-OPEN] peer=12D3KooW range=2547-2547
[SYNC-REQUEST-START] peer=12D3KooW range=2547-2547 snapshot=false snapshot_height=0 timeout_ms=15000
[SYNC-REQUEST-OPEN] peer=12D3KooW range=2547-2547
[SYNC-REQUEST-OPEN-OK] peer=12D3KooW range=2547-2547 duration_ms=1
[SYNC-REQUEST-ENCODE] peer=12D3KooW range=2547-2547
[SYNC-REQUEST-ENCODE-OK] peer=12D3KooW range=2547-2547 duration_ms=0
[SYNC-REQUEST-DECODE] peer=12D3KooW range=2547-2547
[SYNC-REQUEST-OPEN-OK] peer=12D3KooW range=2547-2547 duration_ms=0
[SYNC-REQUEST-ENCODE] peer=12D3KooW range=2547-2547
[SYNC-REQUEST-RESULT] peer=12D3KooW range=2547-2547 count=0 snapshot=false duration_ms=0
[SYNC-REQUEST-ENCODE-OK] peer=12D3KooW range=2547-2547 duration_ms=0
[SYNC-REQUEST-DECODE] peer=12D3KooW range=2547-2547
[SYNC-REQUEST-RESULT] peer=12D3KooW range=2547-2547 count=0 snapshot=false duration_ms=0
[SYNC-SINGLE] stage=range_fetch requested=2547 result=failed err=single_block_fetch_failed
[SYNC-BATCH-STOP] stage=range_fetch local=2546 target=2547 reason=no_sync_peer exclude=4
[EXEC-QUORUM] height=2547 strict=3 relaxed=2 total=4 live=2 stall=3m18s
2026/05/19 10:28:56 [VOTE-DROP] reason=replay_cache signer=B height=2547 round=0 vote_block=f53eb382 current_block=f53eb382 proposal=2547|0|f53eb382be434e238dc175666a5392d5e07e9dabfe186e770933510402bee0bc||1e5aa924c655edd2cb77c5aec6587a768a93798e543624a31ae02465c9320006 exec=1e5aa924 tx_merkle=
[EXEC-QUORUM] height=2547 strict=3 relaxed=2 total=4 live=2 stall=3m18s
[EXEC-QUORUM] height=2547 strict=3 relaxed=2 total=4 live=2 stall=3m19s
[EMISSION] h=2466 reward=2 treasury=1 validators=1 burn=0 applied_burn=1 chance_bps=10000
[EXEC-QUORUM] height=2547 strict=3 relaxed=2 total=4 live=2 stall=3m19s
2026/05/19 10:28:58 [EXEC-COMMIT] height=2547 reason=precommit_quorum round=0 block=bad96df2 votes=2 required=2 precommits=2
âŒ Block signature verification failed | proposer=B height=2547 hash=bad96df2 candidates=2 runtime_norm=true runtime_raw=true genesis_norm=true genesis_raw=true
âŒ Block signature verification failed | proposer=B height=2547 hash=bad96df2 candidates=2 runtime_norm=true runtime_raw=true genesis_norm=true genesis_raw=true
âŒ Block signature verification failed | proposer=B height=2547 hash=bad96df2 candidates=2 runtime_norm=true runtime_raw=true genesis_norm=true genesis_raw=true
[EXEC-QUORUM] height=2547 strict=3 relaxed=2 total=4 live=2 stall=3m20s
âŒ Block signature verification failed | proposer=B height=2547 hash=bad96df2 candidates=2 runtime_norm=true runtime_raw=true genesis_norm=true genesis_raw=true
âŒ Block signature verification failed | proposer=B height=2547 hash=bad96df2 candidates=2 runtime_norm=true runtime_raw=true genesis_norm=true genesis_raw=true
âŒ Block signature verification failed | proposer=B height=2547 hash=bad96df2 candidates=2 runtime_norm=true runtime_raw=true genesis_norm=true genesis_raw=true
âŒ Block signature verification failed | proposer=B height=2547 hash=bad96df2 candidates=2 runtime_norm=true runtime_raw=true genesis_norm=true genesis_raw=true
[SYNC-SERVE-REQUEST] peer=12D3KooW requested=2547-2547 snapshot=false snapshot_height=0
[SYNC-SERVE-RESPONSE] peer=12D3KooW requested=2547-2547 served=0-0 count=0 snapshot=false tip_gap=true historical_gap=false duration_ms=1
[SYNC-SERVE-REQUEST] peer=12D3KooW requested=2547-2547 snapshot=false snapshot_height=0
[SYNC-SERVE-RESPONSE] peer=12D3KooW requested=2547-2547 served=0-0 count=0 snapshot=false tip_gap=true historical_gap=false duration_ms=0
[EXEC-QUORUM] height=2547 strict=3 relaxed=2 total=4 live=2 stall=3m20s
Attempting to connect to 4 peers
âŒ Block signature verification failed | proposer=B height=2547 hash=bad96df2 candidates=2 runtime_norm=true runtime_raw=true genesis_norm=true genesis_raw=true
[EXEC-QUORUM] height=2547 strict=3 relaxed=2 total=4 live=2 stall=3m21s
âŒ Block signature verification failed | proposer=B height=2547 hash=bad96df2 candidates=2 runtime_norm=true runtime_raw=true genesis_norm=true genesis_raw=true
âŒ Block signature verification failed | proposer=B height=2547 hash=bad96df2 candidates=2 runtime_norm=true runtime_raw=true genesis_norm=true genesis_raw=true
[SYNC-SERVE-REQUEST] peer=12D3KooW requested=2547-2547 snapshot=false snapshot_height=0
[SYNC-SERVE-RESPONSE] peer=12D3KooW requested=2547-2547 served=0-0 count=0 snapshot=false tip_gap=true historical_gap=false duration_ms=0
âŒ Block signature verification failed | proposer=B height=2547 hash=bad96df2 candidates=2 runtime_norm=true runtime_raw=true genesis_norm=true genesis_raw=true
[SYNC-BLOCK-REJECT] stage=direct_gossip provider=12D3KooW local=2546 next=2547 got=2547 reason=validation_failed queue_tip=2547 proposer=B hash=bad96df2 prev=8da4f6f5
[APPLY-FAIL] h=2547 hash=bad96df2 reason=validation_failed fail_count=21
Validator heartbeat received: B | reported_height=2546 | finalized_height=2546 | local_exec_epoch=2547
[SNAPSHOT-PUBLISH] deferred height=2546 reason=auto_publish_interval_10
Validator heartbeat: A | reported_height=2546 | finalized_height=2546 | local_exec_epoch=2547
[REGISTRY-COMMITMENT-CHECK] height=2547 required=true parent_unanchored=false source=chain_parent_commitment expected=9cd32df6 got=9cd32df6
[SYNC-QUEUE] reason=invalid_block_signature local=2546 target=2547
[SYNC] reason=invalid_block_signature local=2546 target=2547 votes=3 required=3 stage=direct_gossip action=block_range_fetch
[SYNC-REQUEST-START] peer=12D3KooW range=2547-2547 snapshot=false snapshot_height=0 timeout_ms=15000
[SYNC-REQUEST-START] peer=12D3KooW range=2547-2547 snapshot=false snapshot_height=0 timeout_ms=15000
[SYNC-REQUEST-OPEN] peer=12D3KooW range=2547-2547
[SYNC-REQUEST-OPEN] peer=12D3KooW range=2547-2547
[SYNC-REQUEST-OPEN-OK] peer=12D3KooW range=2547-2547 duration_ms=0
[SYNC-REQUEST-ENCODE] peer=12D3KooW range=2547-2547
[SYNC-REQUEST-OPEN-OK] peer=12D3KooW range=2547-2547 duration_ms=2
[SYNC-REQUEST-ENCODE] peer=12D3KooW range=2547-2547
[SYNC-REQUEST-ENCODE-OK] peer=12D3KooW range=2547-2547 duration_ms=0
[SYNC-REQUEST-DECODE] peer=12D3KooW range=2547-2547
[SYNC-REQUEST-ENCODE-OK] peer=12D3KooW range=2547-2547 duration_ms=0
[SYNC-REQUEST-DECODE] peer=12D3KooW range=2547-2547
[SYNC-REQUEST-RESULT] peer=12D3KooW range=2547-2547 count=0 snapshot=false duration_ms=0
[SYNC-REQUEST-RESULT] peer=12D3KooW range=2547-2547 count=0 snapshot=false duration_ms=0
[SYNC-SINGLE] stage=range_fetch requested=2547 result=failed err=single_block_fetch_failed
[SYNC-REQUEST-START] peer=12D3KooW range=2547-2547 snapshot=false snapshot_height=0 timeout_ms=15000
[SYNC-REQUEST-OPEN] peer=12D3KooW range=2547-2547
[SYNC-REQUEST-START] peer=12D3KooW range=2547-2547 snapshot=false snapshot_height=0 timeout_ms=15000
[SYNC-REQUEST-OPEN-OK] peer=12D3KooW range=2547-2547 duration_ms=0
[SYNC-REQUEST-ENCODE] peer=12D3KooW range=2547-2547
[SYNC-REQUEST-ENCODE-OK] peer=12D3KooW range=2547-2547 duration_ms=0
[SYNC-REQUEST-DECODE] peer=12D3KooW range=2547-2547
[SYNC-REQUEST-OPEN] peer=12D3KooW range=2547-2547
[SYNC-REQUEST-RESULT] peer=12D3KooW range=2547-2547 count=0 snapshot=false duration_ms=0
[SYNC-REQUEST-OPEN-OK] peer=12D3KooW range=2547-2547 duration_ms=1
[SYNC-REQUEST-ENCODE] peer=12D3KooW range=2547-2547
[SYNC-REQUEST-ENCODE-OK] peer=12D3KooW range=2547-2547 duration_ms=0
[SYNC-REQUEST-DECODE] peer=12D3KooW range=2547-2547
[SYNC-REQUEST-RESULT] peer=12D3KooW range=2547-2547 count=0 snapshot=false duration_ms=1
[SYNC-SINGLE] stage=range_fetch requested=2547 result=failed err=single_block_fetch_failed
[SYNC-BATCH-STOP] stage=range_fetch local=2546 target=2547 reason=no_sync_peer exclude=4
[STATUS] height=2546 finalized=2546 peers=4 validators=2 strict_live=2 heartbeat_live=2 out_of_drift=0 drift_limit=8 syncing=false sync_complete=true execution_ready=false execution_reason=startup_execution_snapshot_rebuild_pending_h_2546 gossip=true gossip_pipeline=new_block_gossip_validate_apply consensus_running=false mode=observer vote=false propose=false role=full validator_state=observer warmup_seconds=0 ready=false reason=startup_execution_snapshot_rebuild_pending_h_2546 snapshot_source=none expected_source=chain_parent_commitment expected_hash=d75b74ab resolved_source=chain_parent_commitment resolved_hash=d75b74ab next_source=carry_forward next_hash=d75b74ab got_hash= authority=chain_parent_commitment hash_mode=legacy
2026/05/19 10:29:00 [STARTUP-EXECUTION-SNAPSHOT] action=rebuild schedule height=2546 reason=prior_rebuild_failed_local_history_ready
2026/05/19 10:29:00 [STARTUP-EXECUTION-SNAPSHOT] action=rebuild begin height=2546
[EMISSION] h=2466 reward=2 treasury=1 validators=1 burn=0 applied_burn=1 chance_bps=10000
2026/05/19 10:29:00 [STARTUP-EXECUTION-SNAPSHOT] action=rebuild resume base=2466 target=2546
2026/05/19 10:29:00 [STARTUP-EXECUTION-SNAPSHOT] action=rebuild status=failed height=2546 err=create_snapshot_failed height=2467 err=execution_snapshot_ledger_unavailable height=2467
2026/05/19 10:29:00 [STARTUP-EXECUTION-SNAPSHOT] action=rebuild async_wait height=2546 trigger=prior_rebuild_failed_local_history_ready reason=startup_execution_snapshot_rebuild_failed_h_2546
2026/05/19 10:29:01 [OK] goroutine pressure normalized: 174 (degrade mode off)
2026/05/19 10:29:01 map stats: seen_blocks=0 seen_txs=0 fork_heights=1 fork_blocks=1 exec_results_keys=0 exec_results_total=0 pending_blocks=0 queued_exec_votes_keys=0 queued_exec_votes_total=0 accepted_proposal=1 exec_broadcasted_epochs=0 exec_broadcasted_keys=0 exec_signer_seen_epochs=1 exec_signer_seen_total=2 exec_broadcasted_by_val_epochs=0 exec_broadcasted_by_val_total=0 exec_rebroadcast_epochs=1 validator_status=5 candidates=1 peer_state=20 peers_connected=4 peers_connecting=0 peer_suspect=0 allowed_peers=3 pending_validators=0 pending_removals=0 queued_validator_updates=0 height_report_epochs=1 height_report_total=3 misbehavior_validators=0 misbehavior_total=0 exec_mismatch_tracked=0 exec_vote_replay_cache=2
[EXEC-QUORUM] height=2547 strict=3 relaxed=2 total=4 live=2 stall=3m23s
[EXEC-QUORUM] height=2547 strict=3 relaxed=2 total=4 live=2 stall=3m23s
[EXEC-QUORUM] height=2547 strict=3 relaxed=2 total=4 live=2 stall=3m23s
[EXEC-QUORUM] height=2547 strict=3 relaxed=2 total=4 live=2 stall=3m24s
[EXEC-QUORUM] height=2547 strict=3 relaxed=2 total=4 live=2 stall=3m24s
[EXEC-QUORUM] height=2547 strict=3 relaxed=2 total=4 live=2 stall=3m24s
[SYNC-SERVE-REQUEST] peer=12D3KooW requested=2547-2547 snapshot=false snapshot_height=0
[SYNC-SERVE-RESPONSE] peer=12D3KooW requested=2547-2547 served=0-0 count=0 snapshot=false tip_gap=true historical_gap=false duration_ms=0
[SYNC-SERVE-REQUEST] peer=12D3KooW requested=2547-2547 snapshot=false snapshot_height=0
[SYNC-SERVE-RESPONSE] peer=12D3KooW requested=2547-2547 served=0-0 count=0 snapshot=false tip_gap=true historical_gap=false duration_ms=1
[EXEC-QUORUM] height=2547 strict=3 relaxed=2 total=4 live=2 stall=3m25s
[EXEC-QUORUM] height=2547 strict=3 relaxed=2 total=4 live=2 stall=3m25s
[EXEC-QUORUM] height=2547 strict=3 relaxed=2 total=4 live=2 stall=3m26s
[SYNC-SERVE-REQUEST] peer=12D3KooW requested=2547-2547 snapshot=false snapshot_height=0
[SYNC-SERVE-RESPONSE] peer=12D3KooW requested=2547-2547 served=0-0 count=0 snapshot=false tip_gap=true historical_gap=false duration_ms=0
[EMISSION] h=2466 reward=2 treasury=1 validators=1 burn=0 applied_burn=1 chance_bps=10000
[EXEC-QUORUM] height=2547 strict=3 relaxed=2 total=4 live=2 stall=3m26s
[SNAPSHOT-PUBLISH] deferred height=2546 reason=auto_publish_interval_10
[EMISSION] h=2466 reward=2 treasury=1 validators=1 burn=0 applied_burn=1 chance_bps=10000
[STARTUP-PRECHECK] waiting reason=startup_execution_snapshot_rebuild_failed_h_2546 target=2547
[EXEC-QUORUM] height=2547 strict=3 relaxed=2 total=4 live=2 stall=3m27s
2026/05/19 10:29:05 [EXEC-COMMIT] height=2547 reason=precommit_quorum round=0 block=bad96df2 votes=2 required=2 precommits=2
âŒ Block signature verification failed | proposer=B height=2547 hash=bad96df2 candidates=2 runtime_norm=true runtime_raw=true genesis_norm=true genesis_raw=true
âŒ Block signature verification failed | proposer=B height=2547 hash=bad96df2 candidates=2 runtime_norm=true runtime_raw=true genesis_norm=true genesis_raw=true
Validator heartbeat: C | reported_height=2546 | finalized_height=2546 | local_exec_epoch=2547
Heartbeat sent: C finalized=2546 epoch=2547
âŒ Block signature verification failed | proposer=B height=2547 hash=bad96df2 candidates=2 runtime_norm=true runtime_raw=true genesis_norm=true genesis_raw=true
âŒ Block signature verification failed | proposer=B height=2547 hash=bad96df2 candidates=2 runtime_norm=true runtime_raw=true genesis_norm=true genesis_raw=true
[REGISTRY-COMMITMENT-CHECK] height=2547 required=true parent_unanchored=false source=chain_parent_commitment expected=9cd32df6 got=9cd32df6
âŒ Block signature verification failed | proposer=B height=2547 hash=bad96df2 candidates=2 runtime_norm=true runtime_raw=true genesis_norm=true genesis_raw=true
âŒ Block signature verification failed | proposer=B height=2547 hash=bad96df2 candidates=2 runtime_norm=true runtime_raw=true genesis_norm=true genesis_raw=true
âŒ Block signature verification failed | proposer=B height=2547 hash=bad96df2 candidates=2 runtime_norm=true runtime_raw=true genesis_norm=true genesis_raw=true
âŒ Block signature verification failed | proposer=B height=2547 hash=bad96df2 candidates=2 runtime_norm=true runtime_raw=true genesis_norm=true genesis_raw=true
âŒ Block signature verification failed | proposer=B height=2547 hash=bad96df2 candidates=2 runtime_norm=true runtime_raw=true genesis_norm=true genesis_raw=true
âŒ Block signature verification failed | proposer=B height=2547 hash=bad96df2 candidates=2 runtime_norm=true runtime_raw=true genesis_norm=true genesis_raw=true
[SYNC-QUEUE] reason=late_join local=2546 target=2547
[SYNC] reason=late_join local=2546 target=2547 votes=3 required=3 stage=direct_gossip action=block_range_fetch
[SYNC-REQUEST-START] peer=12D3KooW range=2547-2547 snapshot=false snapshot_height=0 timeout_ms=15000
[SYNC-REQUEST-OPEN] peer=12D3KooW range=2547-2547
[SYNC-REQUEST-START] peer=12D3KooW range=2547-2547 snapshot=false snapshot_height=0 timeout_ms=15000
[SYNC-REQUEST-OPEN] peer=12D3KooW range=2547-2547
[SYNC-REQUEST-OPEN-OK] peer=12D3KooW range=2547-2547 duration_ms=0
[SYNC-REQUEST-ENCODE] peer=12D3KooW range=2547-2547
[SYNC-REQUEST-OPEN-OK] peer=12D3KooW range=2547-2547 duration_ms=0
[SYNC-REQUEST-ENCODE] peer=12D3KooW range=2547-2547
[SYNC-REQUEST-ENCODE-OK] peer=12D3KooW range=2547-2547 duration_ms=0
[SYNC-REQUEST-DECODE] peer=12D3KooW range=2547-2547
[SYNC-REQUEST-ENCODE-OK] peer=12D3KooW range=2547-2547 duration_ms=0
[SYNC-REQUEST-DECODE] peer=12D3KooW range=2547-2547
[SYNC-REQUEST-RESULT] peer=12D3KooW range=2547-2547 count=0 snapshot=false duration_ms=0
[SYNC-REQUEST-RESULT] peer=12D3KooW range=2547-2547 count=0 snapshot=false duration_ms=0
[SYNC-SINGLE] stage=range_fetch requested=2547 result=failed err=single_block_fetch_failed
[SYNC-REQUEST-START] peer=12D3KooW range=2547-2547 snapshot=false snapshot_height=0 timeout_ms=15000
[SYNC-REQUEST-OPEN] peer=12D3KooW range=2547-2547
[SYNC-REQUEST-START] peer=12D3KooW range=2547-2547 snapshot=false snapshot_height=0 timeout_ms=15000
[SYNC-REQUEST-OPEN] peer=12D3KooW range=2547-2547
[SYNC-REQUEST-OPEN-OK] peer=12D3KooW range=2547-2547 duration_ms=0
[SYNC-REQUEST-ENCODE] peer=12D3KooW range=2547-2547
[SYNC-REQUEST-OPEN-OK] peer=12D3KooW range=2547-2547 duration_ms=0
[SYNC-REQUEST-ENCODE] peer=12D3KooW range=2547-2547
[SYNC-REQUEST-ENCODE-OK] peer=12D3KooW range=2547-2547 duration_ms=0
[SYNC-REQUEST-DECODE] peer=12D3KooW range=2547-2547
[SYNC-REQUEST-ENCODE-OK] peer=12D3KooW range=2547-2547 duration_ms=1
[SYNC-REQUEST-DECODE] peer=12D3KooW range=2547-2547
[SYNC-REQUEST-RESULT] peer=12D3KooW range=2547-2547 count=0 snapshot=false duration_ms=0
[SYNC-REQUEST-RESULT] peer=12D3KooW range=2547-2547 count=0 snapshot=false duration_ms=0
[SYNC-SINGLE] stage=range_fetch requested=2547 result=failed err=single_block_fetch_failed
[SYNC-BATCH-STOP] stage=range_fetch local=2546 target=2547 reason=no_sync_peer exclude=4
âŒ Block signature verification failed | proposer=B height=2547 hash=bad96df2 candidates=2 runtime_norm=true runtime_raw=true genesis_norm=true genesis_raw=true
[SYNC-BLOCK-REJECT] stage=direct_gossip provider=12D3KooW local=2546 next=2547 got=2547 reason=validation_failed queue_tip=2547 proposer=B hash=bad96df2 prev=8da4f6f5
[APPLY-FAIL] h=2547 hash=bad96df2 reason=validation_failed fail_count=22
[EXEC-QUORUM] height=2547 strict=3 relaxed=2 total=4 live=2 stall=3m28s
2026/05/19 10:29:06 [STARTUP-EXECUTION-SNAPSHOT] action=rebuild begin height=2546
[EXEC-QUORUM] height=2547 strict=3 relaxed=2 total=4 live=2 stall=3m28s
[EMISSION] h=2466 reward=2 treasury=1 validators=1 burn=0 applied_burn=1 chance_bps=10000
2026/05/19 10:29:06 [STARTUP-EXECUTION-SNAPSHOT] action=rebuild resume base=2466 target=2546
2026/05/19 10:29:06 [STARTUP-EXECUTION-SNAPSHOT] action=rebuild status=failed height=2546 err=create_snapshot_failed height=2467 err=execution_snapshot_ledger_unavailable height=2467
Blocked leader broadcast @ epoch 2547: proposal gated: startup_execution_snapshot_rebuild_failed_h_2546
2026/05/19 10:29:06 [EXEC-BROADCAST-DEFER] validator=C height=2547 reason=exec_changed exec=1e5aa924 tx_merkle= current_runtime=ab74f64c current_execution=ab74f64c current_tip=2546/8da4f6f5 proposal=2547|0|f53eb382be434e238dc175666a5392d5e07e9dabfe186e770933510402bee0bc||1e5aa924c655edd2cb77c5aec6587a768a93798e543624a31ae02465c9320006 block=f53eb382 prev=8da4f6f5
Validator heartbeat received: A | reported_height=2546 | finalized_height=2546 | local_exec_epoch=2547
[SYNC-SERVE-REQUEST] peer=12D3KooW requested=2547-2547 snapshot=false snapshot_height=0
[SYNC-SERVE-RESPONSE] peer=12D3KooW requested=2547-2547 served=0-0 count=0 snapshot=false tip_gap=true historical_gap=false duration_ms=2
[SYNC-SERVE-REQUEST] peer=12D3KooW requested=2547-2547 snapshot=false snapshot_height=0
[SYNC-SERVE-REQUEST] peer=12D3KooW requested=2547-2547 snapshot=false snapshot_height=0
[SYNC-SERVE-RESPONSE] peer=12D3KooW requested=2547-2547 served=0-0 count=0 snapshot=false tip_gap=true historical_gap=false duration_ms=0
[SYNC-SERVE-RESPONSE] peer=12D3KooW requested=2547-2547 served=0-0 count=0 snapshot=false tip_gap=true historical_gap=false duration_ms=0
[LEADER-BLOCK-REJECT] height=2547 round=0 reason=duplicate_proposal peer=12D3KooWPVKESWFG9sS8G6vjhfPn54kWuNFkkuHwG4yQXhYRcXjX proposer=B block=f53eb382
Ã°Å¸â€œÂ¨ Consensus message from 12D3KooWHdmUKc1bYKY3scg6TqGhK3SutwH9hu1aAez4VmvwkEyk: execution_result (size: 359 bytes)
Ã°Å¸â€œÂ¨ Consensus message from 12D3KooWHdmUKc1bYKY3scg6TqGhK3SutwH9hu1aAez4VmvwkEyk: leader_block (size: 1311 bytes)
Ã°Å¸â€œÂ¦ Leader block received from 12D3KooWHdmUKc1bYKY3scg6TqGhK3SutwH9hu1aAez4VmvwkEyk | height=2547 proposer=B
Ã°Å¸â€Å’ Consensus stream EOF from 12D3KooWHdmUKc1bYKY3scg6TqGhK3SutwH9hu1aAez4VmvwkEyk
Ã°Å¸â€Å’ Consensus stream closed with 12D3KooWHdmUKc1bYKY3scg6TqGhK3SutwH9hu1aAez4VmvwkEyk
Ã°Å¸â€Å’ Consensus stream EOF from 12D3KooWHdmUKc1bYKY3scg6TqGhK3SutwH9hu1aAez4VmvwkEyk
Ã°Å¸â€Å’ Consensus stream closed with 12D3KooWHdmUKc1bYKY3scg6TqGhK3SutwH9hu1aAez4VmvwkEyk
Candidate heartbeat received: D | reported_height=2338 | finalized_height=2338 | local_exec_epoch=2339
Validator heartbeat: B | reported_height=2546 | finalized_height=2546 | local_exec_epoch=2547
[EXEC-QUORUM] height=2547 strict=3 relaxed=2 total=4 live=2 stall=3m29s
Ã°Å¸â€œÂ¨ Consensus message from 12D3KooWPVKESWFG9sS8G6vjhfPn54kWuNFkkuHwG4yQXhYRcXjX: leader_block (size: 1311 bytes)
Ã°Å¸â€œÂ¦ Leader block received from 12D3KooWPVKESWFG9sS8G6vjhfPn54kWuNFkkuHwG4yQXhYRcXjX | height=2547 proposer=B
Ã°Å¸â€Å’ Consensus stream EOF from 12D3KooWPVKESWFG9sS8G6vjhfPn54kWuNFkkuHwG4yQXhYRcXjX
Ã°Å¸â€Å’ Consensus stream closed with 12D3KooWPVKESWFG9sS8G6vjhfPn54kWuNFkkuHwG4yQXhYRcXjX
Ã°Å¸â€œÂ¨ Consensus message from 12D3KooWPVKESWFG9sS8G6vjhfPn54kWuNFkkuHwG4yQXhYRcXjX: execution_result (size: 359 bytes)
Ã°Å¸â€Å’ Consensus stream EOF from 12D3KooWPVKESWFG9sS8G6vjhfPn54kWuNFkkuHwG4yQXhYRcXjX
Ã°Å¸â€Å’ Consensus stream closed with 12D3KooWPVKESWFG9sS8G6vjhfPn54kWuNFkkuHwG4yQXhYRcXjX
2026/05/19 10:29:07 [STARTUP-EXECUTION-SNAPSHOT] action=rebuild schedule height=2546 reason=prior_rebuild_failed_local_history_ready
[EMISSION] h=2466 reward=2 treasury=1 validators=1 burn=0 applied_burn=1 chance_bps=10000
2026/05/19 10:29:07 [STARTUP-EXECUTION-SNAPSHOT] action=rebuild async_wait height=2546 trigger=prior_rebuild_failed_local_history_ready reason=startup_execution_snapshot_rebuild_failed_h_2546
[EXEC-QUORUM] height=2547 strict=3 relaxed=2 total=4 live=2 stall=3m30s
[SYNC-SERVE-REQUEST] peer=12D3KooW requested=2547-2547 snapshot=false snapshot_height=0
[SYNC-SERVE-RESPONSE] peer=12D3KooW requested=2547-2547 served=0-0 count=0 snapshot=false tip_gap=true historical_gap=false duration_ms=0
[EXEC-QUORUM] height=2547 strict=3 relaxed=2 total=4 live=2 stall=3m30s
[SYNC-SERVE-REQUEST] peer=12D3KooW requested=2547-2547 snapshot=false snapshot_height=0
[SYNC-SERVE-RESPONSE] peer=12D3KooW requested=2547-2547 served=0-0 count=0 snapshot=false tip_gap=true historical_gap=false duration_ms=0
[SYNC-SERVE-REQUEST] peer=12D3KooW requested=2547-2547 snapshot=false snapshot_height=0
[SYNC-SERVE-RESPONSE] peer=12D3KooW requested=2547-2547 served=0-0 count=0 snapshot=false tip_gap=true historical_gap=false duration_ms=1
[EXEC-QUORUM] height=2547 strict=3 relaxed=2 total=4 live=2 stall=3m31s
[REGISTRY-COMMITMENT-CHECK] height=2547 required=true parent_unanchored=false source=chain_parent_commitment expected=9cd32df6 got=9cd32df6
[EXEC-QUORUM] height=2547 strict=3 relaxed=2 total=4 live=2 stall=3m31s
[EXEC-QUORUM] height=2547 strict=3 relaxed=2 total=4 live=2 stall=3m32s
[EXEC-QUORUM] height=2547 strict=3 relaxed=2 total=4 live=2 stall=3m32s
2026/05/19 10:29:10 [EXEC-COMMIT] height=2547 reason=precommit_quorum round=0 block=bad96df2 votes=2 required=2 precommits=2
[EXEC-QUORUM] height=2547 strict=3 relaxed=2 total=4 live=2 stall=3m32s
âŒ Block signature verification failed | proposer=B height=2547 hash=bad96df2 candidates=2 runtime_norm=true runtime_raw=true genesis_norm=true genesis_raw=true
âŒ Block signature verification failed | proposer=B height=2547 hash=bad96df2 candidates=2 runtime_norm=true runtime_raw=true genesis_norm=true genesis_raw=true
âŒ Block signature verification failed | proposer=B height=2547 hash=bad96df2 candidates=2 runtime_norm=true runtime_raw=true genesis_norm=true genesis_raw=true
âŒ Block signature verification failed | proposer=B height=2547 hash=bad96df2 candidates=2 runtime_norm=true runtime_raw=true genesis_norm=true genesis_raw=true
âŒ Block signature verification failed | proposer=B height=2547 hash=bad96df2 candidates=2 runtime_norm=true runtime_raw=true genesis_norm=true genesis_raw=true
âŒ Block signature verification failed | proposer=B height=2547 hash=bad96df2 candidates=2 runtime_norm=true runtime_raw=true genesis_norm=true genesis_raw=true
[CONSENSUS] height=2546 vhash=d75b74ab validators=4
âŒ Block signature verification failed | proposer=B height=2547 hash=bad96df2 candidates=2 runtime_norm=true runtime_raw=true genesis_norm=true genesis_raw=true
âŒ Block signature verification failed | proposer=B height=2547 hash=bad96df2 candidates=2 runtime_norm=true runtime_raw=true genesis_norm=true genesis_raw=true
[EMISSION] h=2466 reward=2 treasury=1 validators=1 burn=0 applied_burn=1 chance_bps=10000
[SYNC-QUEUE] reason=status_tick local=2546 target=2547
[SYNC] reason=status_tick local=2546 target=2547 votes=3 required=3 stage=direct_gossip action=block_range_fetch
[SYNC-REQUEST-START] peer=12D3KooW range=2547-2547 snapshot=false snapshot_height=0 timeout_ms=15000
[SYNC-REQUEST-OPEN] peer=12D3KooW range=2547-2547
[SYNC-REQUEST-START] peer=12D3KooW range=2547-2547 snapshot=false snapshot_height=0 timeout_ms=15000
[SYNC-REQUEST-OPEN] peer=12D3KooW range=2547-2547
[SYNC-REQUEST-OPEN-OK] peer=12D3KooW range=2547-2547 duration_ms=0
[SYNC-REQUEST-ENCODE] peer=12D3KooW range=2547-2547
[SYNC-REQUEST-OPEN-OK] peer=12D3KooW range=2547-2547 duration_ms=0
[SYNC-REQUEST-ENCODE] peer=12D3KooW range=2547-2547
[SYNC-REQUEST-ENCODE-OK] peer=12D3KooW range=2547-2547 duration_ms=0
[SYNC-REQUEST-DECODE] peer=12D3KooW range=2547-2547
[SYNC-REQUEST-RESULT] peer=12D3KooW range=2547-2547 count=0 snapshot=false duration_ms=0
[EXEC-QUORUM] height=2547 strict=3 relaxed=2 total=4 live=2 stall=3m33s
[SYNC-REQUEST-ENCODE-OK] peer=12D3KooW range=2547-2547 duration_ms=0
[SYNC-REQUEST-DECODE] peer=12D3KooW range=2547-2547
[SYNC-REQUEST-RESULT] peer=12D3KooW range=2547-2547 count=0 snapshot=false duration_ms=0
2026/05/19 10:29:11 [VOTE-DROP] reason=replay_cache signer=B height=2547 round=0 vote_block=f53eb382 current_block=f53eb382 proposal=2547|0|f53eb382be434e238dc175666a5392d5e07e9dabfe186e770933510402bee0bc||1e5aa924c655edd2cb77c5aec6587a768a93798e543624a31ae02465c9320006 exec=1e5aa924 tx_merkle=
[SYNC-SINGLE] stage=range_fetch requested=2547 result=failed err=single_block_fetch_failed
[SYNC-REQUEST-START] peer=12D3KooW range=2547-2547 snapshot=false snapshot_height=0 timeout_ms=15000
[SYNC-REQUEST-OPEN] peer=12D3KooW range=2547-2547
[SYNC-REQUEST-START] peer=12D3KooW range=2547-2547 snapshot=false snapshot_height=0 timeout_ms=15000
[SYNC-REQUEST-OPEN] peer=12D3KooW range=2547-2547
[SYNC-REQUEST-OPEN-OK] peer=12D3KooW range=2547-2547 duration_ms=0
[SYNC-REQUEST-ENCODE] peer=12D3KooW range=2547-2547
[SYNC-REQUEST-ENCODE-OK] peer=12D3KooW range=2547-2547 duration_ms=0
[SYNC-REQUEST-OPEN-OK] peer=12D3KooW range=2547-2547 duration_ms=0
[SYNC-REQUEST-ENCODE] peer=12D3KooW range=2547-2547
[SYNC-REQUEST-DECODE] peer=12D3KooW range=2547-2547
[SYNC-REQUEST-RESULT] peer=12D3KooW range=2547-2547 count=0 snapshot=false duration_ms=0
[SYNC-REQUEST-ENCODE-OK] peer=12D3KooW range=2547-2547 duration_ms=0
[SYNC-REQUEST-DECODE] peer=12D3KooW range=2547-2547
[SYNC-REQUEST-RESULT] peer=12D3KooW range=2547-2547 count=0 snapshot=false duration_ms=1
[SYNC-SINGLE] stage=range_fetch requested=2547 result=failed err=single_block_fetch_failed
[LEADER-BLOCK-REJECT] height=2547 round=0 reason=duplicate_proposal peer=12D3KooWHdmUKc1bYKY3scg6TqGhK3SutwH9hu1aAez4VmvwkEyk proposer=B block=f53eb382
[LEADER-BLOCK-REJECT] height=2547 round=0 reason=duplicate_proposal peer=12D3KooWHdmUKc1bYKY3scg6TqGhK3SutwH9hu1aAez4VmvwkEyk proposer=B block=f53eb382
[LEADER-BLOCK-REJECT] height=2547 round=0 reason=duplicate_proposal peer=12D3KooWPVKESWFG9sS8G6vjhfPn54kWuNFkkuHwG4yQXhYRcXjX proposer=B block=f53eb382
[SYNC-BATCH-STOP] stage=range_fetch local=2546 target=2547 reason=no_sync_peer exclude=4
âŒ Block signature verification failed | proposer=B height=2547 hash=bad96df2 candidates=2 runtime_norm=true runtime_raw=true genesis_norm=true genesis_raw=true
âŒ Block signature verification failed | proposer=B height=2547 hash=bad96df2 candidates=2 runtime_norm=true runtime_raw=true genesis_norm=true genesis_raw=true
âŒ Block signature verification failed | proposer=B height=2547 hash=bad96df2 candidates=2 runtime_norm=true runtime_raw=true genesis_norm=true genesis_raw=true
[SYNC-BLOCK-REJECT] stage=direct_gossip provider=12D3KooW local=2546 next=2547 got=2547 reason=validation_failed queue_tip=2547 proposer=B hash=bad96df2 prev=8da4f6f5
[APPLY-FAIL] h=2547 hash=bad96df2 reason=validation_failed fail_count=23
Validator heartbeat received: A | reported_height=2546 | finalized_height=2546 | local_exec_epoch=2547
[SNAPSHOT-PUBLISH] deferred height=2546 reason=auto_publish_interval_10
[EXEC-QUORUM] height=2547 strict=3 relaxed=2 total=4 live=2 stall=3m34s
Candidate heartbeat received: D | reported_height=2338 | finalized_height=2338 | local_exec_epoch=2339
Validator heartbeat: B | reported_height=2546 | finalized_height=2546 | local_exec_epoch=2547
[EXEC-QUORUM] height=2547 strict=3 relaxed=2 total=4 live=2 stall=3m35s
[SYNC-SERVE-REQUEST] peer=12D3KooW requested=2547-2547 snapshot=false snapshot_height=0
[SYNC-SERVE-RESPONSE] peer=12D3KooW requested=2547-2547 served=0-0 count=0 snapshot=false tip_gap=true historical_gap=false duration_ms=2
[SYNC-SERVE-REQUEST] peer=12D3KooW requested=2547-2547 snapshot=false snapshot_height=0
[SYNC-SERVE-RESPONSE] peer=12D3KooW requested=2547-2547 served=0-0 count=0 snapshot=false tip_gap=true historical_gap=false duration_ms=0
[EXEC-QUORUM] height=2547 strict=3 relaxed=2 total=4 live=2 stall=3m35s
[SYNC] reason=heartbeat local=2546 target=2547 votes=3 required=3 stage=direct_gossip action=block_range_fetch
[SYNC-REQUEST-START] peer=12D3KooW range=2547-2547 snapshot=false snapshot_height=0 timeout_ms=15000
[SYNC-REQUEST-OPEN] peer=12D3KooW range=2547-2547
[SYNC-REQUEST-OPEN-OK] peer=12D3KooW range=2547-2547 duration_ms=1
[SYNC-REQUEST-ENCODE] peer=12D3KooW range=2547-2547
[SYNC-REQUEST-ENCODE-OK] peer=12D3KooW range=2547-2547 duration_ms=1
[SYNC-REQUEST-DECODE] peer=12D3KooW range=2547-2547
[SYNC-REQUEST-START] peer=12D3KooW range=2547-2547 snapshot=false snapshot_height=0 timeout_ms=15000
[SYNC-REQUEST-OPEN] peer=12D3KooW range=2547-2547
[SYNC-REQUEST-RESULT] peer=12D3KooW range=2547-2547 count=0 snapshot=false duration_ms=1
[SYNC-REQUEST-OPEN-OK] peer=12D3KooW range=2547-2547 duration_ms=0
[SYNC-REQUEST-ENCODE] peer=12D3KooW range=2547-2547
[SYNC-REQUEST-ENCODE-OK] peer=12D3KooW range=2547-2547 duration_ms=1
[SYNC-REQUEST-DECODE] peer=12D3KooW range=2547-2547
[SYNC-REQUEST-RESULT] peer=12D3KooW range=2547-2547 count=0 snapshot=false duration_ms=1
[SYNC-SINGLE] stage=range_fetch requested=2547 result=failed err=single_block_fetch_failed
[SYNC-REQUEST-START] peer=12D3KooW range=2547-2547 snapshot=false snapshot_height=0 timeout_ms=15000
[SYNC-REQUEST-OPEN] peer=12D3KooW range=2547-2547
[SYNC-REQUEST-OPEN-OK] peer=12D3KooW range=2547-2547 duration_ms=0
[SYNC-REQUEST-ENCODE] peer=12D3KooW range=2547-2547
[SYNC-REQUEST-ENCODE-OK] peer=12D3KooW range=2547-2547 duration_ms=0
[SYNC-REQUEST-DECODE] peer=12D3KooW range=2547-2547
[SYNC-REQUEST-START] peer=12D3KooW range=2547-2547 snapshot=false snapshot_height=0 timeout_ms=15000
[SYNC-REQUEST-OPEN] peer=12D3KooW range=2547-2547
[SYNC-REQUEST-OPEN-OK] peer=12D3KooW range=2547-2547 duration_ms=0
[SYNC-REQUEST-ENCODE] peer=12D3KooW range=2547-2547
[SYNC-REQUEST-ENCODE-OK] peer=12D3KooW range=2547-2547 duration_ms=0
[SYNC-REQUEST-DECODE] peer=12D3KooW range=2547-2547
[SYNC-REQUEST-RESULT] peer=12D3KooW range=2547-2547 count=0 snapshot=false duration_ms=3
[SYNC-REQUEST-RESULT] peer=12D3KooW range=2547-2547 count=0 snapshot=false duration_ms=0
[SYNC-SINGLE] stage=range_fetch requested=2547 result=failed err=single_block_fetch_failed
[SYNC-BATCH-STOP] stage=range_fetch local=2546 target=2547 reason=no_sync_peer exclude=4
[SYNC-SERVE-REQUEST] peer=12D3KooW requested=2547-2547 snapshot=false snapshot_height=0
[SYNC-SERVE-RESPONSE] peer=12D3KooW requested=2547-2547 served=0-0 count=0 snapshot=false tip_gap=true historical_gap=false duration_ms=2
2026/05/19 10:29:14 [STARTUP-EXECUTION-SNAPSHOT] action=rebuild schedule height=2546 reason=prior_rebuild_failed_local_history_ready
2026/05/19 10:29:14 [STARTUP-EXECUTION-SNAPSHOT] action=rebuild begin height=2546
[EMISSION] h=2466 reward=2 treasury=1 validators=1 burn=0 applied_burn=1 chance_bps=10000
2026/05/19 10:29:14 [STARTUP-EXECUTION-SNAPSHOT] action=rebuild resume base=2466 target=2546
2026/05/19 10:29:14 [STARTUP-EXECUTION-SNAPSHOT] action=rebuild status=failed height=2546 err=create_snapshot_failed height=2467 err=execution_snapshot_ledger_unavailable height=2467
2026/05/19 10:29:14 [STARTUP-EXECUTION-SNAPSHOT] action=rebuild async_wait height=2546 trigger=prior_rebuild_failed_local_history_ready reason=startup_execution_snapshot_rebuild_failed_h_2546
[EMISSION] h=2466 reward=2 treasury=1 validators=1 burn=0 applied_burn=1 chance_bps=10000
[STARTUP-PRECHECK] waiting reason=startup_execution_snapshot_rebuild_failed_h_2546 target=2547
[REGISTRY-COMMITMENT-CHECK] height=2547 required=true parent_unanchored=false source=chain_parent_commitment expected=9cd32df6 got=9cd32df6
[EXEC-QUORUM] height=2547 strict=3 relaxed=2 total=4 live=2 stall=3m36s
[EXEC-QUORUM] height=2547 strict=3 relaxed=2 total=4 live=2 stall=3m37s
[EXEC-QUORUM] height=2547 strict=3 relaxed=2 total=4 live=2 stall=3m38s
[REGISTRY-COMMITMENT-CHECK] height=2547 required=true parent_unanchored=false source=chain_parent_commitment expected=9cd32df6 got=9cd32df6
[EXEC-QUORUM] height=2547 strict=3 relaxed=2 total=4 live=2 stall=3m38s
[SYNC-QUEUE] reason=late_join local=2546 target=2547
[SYNC] reason=late_join local=2546 target=2547 votes=3 required=3 stage=direct_gossip action=block_range_fetch
[SYNC-REQUEST-START] peer=12D3KooW range=2547-2547 snapshot=false snapshot_height=0 timeout_ms=15000
[SYNC-REQUEST-OPEN] peer=12D3KooW range=2547-2547
[SYNC-REQUEST-START] peer=12D3KooW range=2547-2547 snapshot=false snapshot_height=0 timeout_ms=15000
[SYNC-REQUEST-OPEN] peer=12D3KooW range=2547-2547
[SYNC-REQUEST-OPEN-OK] peer=12D3KooW range=2547-2547 duration_ms=1
[SYNC-REQUEST-ENCODE] peer=12D3KooW range=2547-2547
[SYNC-REQUEST-OPEN-OK] peer=12D3KooW range=2547-2547 duration_ms=0
[SYNC-REQUEST-ENCODE] peer=12D3KooW range=2547-2547
[SYNC-REQUEST-ENCODE-OK] peer=12D3KooW range=2547-2547 duration_ms=0
[SYNC-REQUEST-DECODE] peer=12D3KooW range=2547-2547
[SYNC-REQUEST-ENCODE-OK] peer=12D3KooW range=2547-2547 duration_ms=0
[SYNC-REQUEST-DECODE] peer=12D3KooW range=2547-2547
[SYNC-REQUEST-RESULT] peer=12D3KooW range=2547-2547 count=0 snapshot=false duration_ms=0
[SYNC-REQUEST-RESULT] peer=12D3KooW range=2547-2547 count=0 snapshot=false duration_ms=2
[SYNC-SINGLE] stage=range_fetch requested=2547 result=failed err=single_block_fetch_failed
[SYNC-REQUEST-START] peer=12D3KooW range=2547-2547 snapshot=false snapshot_height=0 timeout_ms=15000
[SYNC-REQUEST-OPEN] peer=12D3KooW range=2547-2547
[SYNC-REQUEST-START] peer=12D3KooW range=2547-2547 snapshot=false snapshot_height=0 timeout_ms=15000
[SYNC-REQUEST-OPEN] peer=12D3KooW range=2547-2547
[SYNC-REQUEST-OPEN-OK] peer=12D3KooW range=2547-2547 duration_ms=0
[SYNC-REQUEST-ENCODE] peer=12D3KooW range=2547-2547
[SYNC-REQUEST-OPEN-OK] peer=12D3KooW range=2547-2547 duration_ms=0
[SYNC-REQUEST-ENCODE] peer=12D3KooW range=2547-2547
[SYNC-REQUEST-ENCODE-OK] peer=12D3KooW range=2547-2547 duration_ms=0
[SYNC-REQUEST-DECODE] peer=12D3KooW range=2547-2547
[SYNC-REQUEST-ENCODE-OK] peer=12D3KooW range=2547-2547 duration_ms=0
[SYNC-REQUEST-DECODE] peer=12D3KooW range=2547-2547
[SYNC-REQUEST-RESULT] peer=12D3KooW range=2547-2547 count=0 snapshot=false duration_ms=2
[SYNC-REQUEST-RESULT] peer=12D3KooW range=2547-2547 count=0 snapshot=false duration_ms=0
[SYNC-SINGLE] stage=range_fetch requested=2547 result=failed err=single_block_fetch_failed
[SYNC-BATCH-STOP] stage=range_fetch local=2546 target=2547 reason=no_sync_peer exclude=4
[EXEC-QUORUM] height=2547 strict=3 relaxed=2 total=4 live=2 stall=3m38s
2026/05/19 10:29:17 [VOTE-DROP] reason=replay_cache signer=A height=2547 round=0 vote_block=f53eb382 current_block=f53eb382 proposal=2547|0|f53eb382be434e238dc175666a5392d5e07e9dabfe186e770933510402bee0bc||1e5aa924c655edd2cb77c5aec6587a768a93798e543624a31ae02465c9320006 exec=1e5aa924 tx_merkle=
[EXEC-QUORUM] height=2547 strict=3 relaxed=2 total=4 live=2 stall=3m39s
[STATUS] height=2546 finalized=2546 peers=4 validators=2 strict_live=2 heartbeat_live=2 out_of_drift=0 drift_limit=8 syncing=false sync_complete=true execution_ready=false execution_reason=startup_execution_snapshot_rebuild_pending_h_2546 gossip=true gossip_pipeline=new_block_gossip_validate_apply consensus_running=false mode=observer vote=false propose=false role=full validator_state=observer warmup_seconds=0 ready=false reason=startup_execution_snapshot_rebuild_pending_h_2546 snapshot_source=none expected_source=chain_parent_commitment expected_hash=d75b74ab resolved_source=chain_parent_commitment resolved_hash=d75b74ab next_source=carry_forward next_hash=d75b74ab got_hash= authority=chain_parent_commitment hash_mode=legacy
[EXEC-QUORUM] height=2547 strict=3 relaxed=2 total=4 live=2 stall=3m39s
Validator heartbeat: C | reported_height=2546 | finalized_height=2546 | local_exec_epoch=2547
Heartbeat sent: C finalized=2546 epoch=2547
[SYNC-SERVE-REQUEST] peer=12D3KooW requested=2547-2547 snapshot=false snapshot_height=0
[SYNC-SERVE-RESPONSE] peer=12D3KooW requested=2547-2547 served=0-0 count=0 snapshot=false tip_gap=true historical_gap=false duration_ms=3
[SYNC-SERVE-REQUEST] peer=12D3KooW requested=2547-2547 snapshot=false snapshot_height=0
[SYNC-SERVE-RESPONSE] peer=12D3KooW requested=2547-2547 served=0-0 count=0 snapshot=false tip_gap=true historical_gap=false duration_ms=2
[SYNC-SERVE-REQUEST] peer=12D3KooW requested=2547-2547 snapshot=false snapshot_height=0
[SYNC-SERVE-RESPONSE] peer=12D3KooW requested=2547-2547 served=0-0 count=0 snapshot=false tip_gap=true historical_gap=false duration_ms=2
[EXEC-QUORUM] height=2547 strict=3 relaxed=2 total=4 live=2 stall=3m40s
[EXEC-QUORUM] height=2547 strict=3 relaxed=2 total=4 live=2 stall=3m40s
[EXEC-QUORUM] height=2547 strict=3 relaxed=2 total=4 live=2 stall=3m41s
[EXEC-QUORUM] height=2547 strict=3 relaxed=2 total=4 live=2 stall=3m41s
[EMISSION] h=2466 reward=2 treasury=1 validators=1 burn=0 applied_burn=1 chance_bps=10000
[EXEC-QUORUM] height=2547 strict=3 relaxed=2 total=4 live=2 stall=3m41s
[EXEC-QUORUM] height=2547 strict=3 relaxed=2 total=4 live=2 stall=3m42s
[EXEC-QUORUM] height=2547 strict=3 relaxed=2 total=4 live=2 stall=3m42s
[REGISTRY-COMMITMENT-CHECK] height=2547 required=true parent_unanchored=false source=chain_parent_commitment expected=9cd32df6 got=9cd32df6
[SYNC-SERVE-REQUEST] peer=12D3KooW requested=2547-2547 snapshot=false snapshot_height=0
[SYNC-SERVE-RESPONSE] peer=12D3KooW requested=2547-2547 served=0-0 count=0 snapshot=false tip_gap=true historical_gap=false duration_ms=0
[SYNC-SERVE-REQUEST] peer=12D3KooW requested=2547-2547 snapshot=false snapshot_height=0
[SYNC-SERVE-RESPONSE] peer=12D3KooW requested=2547-2547 served=0-0 count=0 snapshot=false tip_gap=true historical_gap=false duration_ms=0
[EXEC-QUORUM] height=2547 strict=3 relaxed=2 total=4 live=2 stall=3m43s
2026/05/19 10:29:21 [EXEC-COMMIT] height=2547 reason=precommit_quorum round=0 block=bad96df2 votes=2 required=2 precommits=2
[SYNC-SERVE-REQUEST] peer=12D3KooW requested=2547-2547 snapshot=false snapshot_height=0
[SYNC-SERVE-RESPONSE] peer=12D3KooW requested=2547-2547 served=0-0 count=0 snapshot=false tip_gap=true historical_gap=false duration_ms=0
âŒ Block signature verification failed | proposer=B height=2547 hash=bad96df2 candidates=2 runtime_norm=true runtime_raw=true genesis_norm=true genesis_raw=true
âŒ Block signature verification failed | proposer=B height=2547 hash=bad96df2 candidates=2 runtime_norm=true runtime_raw=true genesis_norm=true genesis_raw=true
âŒ Block signature verification failed | proposer=B height=2547 hash=bad96df2 candidates=2 runtime_norm=true runtime_raw=true genesis_norm=true genesis_raw=true
[SYNC-QUEUE] reason=late_join local=2546 target=2547
[SYNC] reason=late_join local=2546 target=2547 votes=3 required=3 stage=direct_gossip action=block_range_fetch
[SYNC-REQUEST-START] peer=12D3KooW range=2547-2547 snapshot=false snapshot_height=0 timeout_ms=15000
[SYNC-REQUEST-OPEN] peer=12D3KooW range=2547-2547
[SYNC-REQUEST-START] peer=12D3KooW range=2547-2547 snapshot=false snapshot_height=0 timeout_ms=15000
[SYNC-REQUEST-OPEN-OK] peer=12D3KooW range=2547-2547 duration_ms=1
[SYNC-REQUEST-ENCODE] peer=12D3KooW range=2547-2547
[SYNC-REQUEST-ENCODE-OK] peer=12D3KooW range=2547-2547 duration_ms=0
[SYNC-REQUEST-DECODE] peer=12D3KooW range=2547-2547
[SYNC-REQUEST-OPEN] peer=12D3KooW range=2547-2547
[SYNC-REQUEST-RESULT] peer=12D3KooW range=2547-2547 count=0 snapshot=false duration_ms=1
[SYNC-REQUEST-OPEN-OK] peer=12D3KooW range=2547-2547 duration_ms=1
[SYNC-REQUEST-ENCODE] peer=12D3KooW range=2547-2547
[SYNC-REQUEST-ENCODE-OK] peer=12D3KooW range=2547-2547 duration_ms=0
[SYNC-REQUEST-DECODE] peer=12D3KooW range=2547-2547
[SYNC-REQUEST-RESULT] peer=12D3KooW range=2547-2547 count=0 snapshot=false duration_ms=1
[SYNC-SINGLE] stage=range_fetch requested=2547 result=failed err=single_block_fetch_failed
[SYNC-REQUEST-START] peer=12D3KooW range=2547-2547 snapshot=false snapshot_height=0 timeout_ms=15000
[SYNC-REQUEST-OPEN] peer=12D3KooW range=2547-2547
[SYNC-REQUEST-START] peer=12D3KooW range=2547-2547 snapshot=false snapshot_height=0 timeout_ms=15000
[SYNC-REQUEST-OPEN] peer=12D3KooW range=2547-2547
[SYNC-REQUEST-OPEN-OK] peer=12D3KooW range=2547-2547 duration_ms=0
[SYNC-REQUEST-ENCODE] peer=12D3KooW range=2547-2547
[SYNC-REQUEST-ENCODE-OK] peer=12D3KooW range=2547-2547 duration_ms=1
[SYNC-REQUEST-OPEN-OK] peer=12D3KooW range=2547-2547 duration_ms=0
[SYNC-REQUEST-ENCODE] peer=12D3KooW range=2547-2547
[SYNC-REQUEST-ENCODE-OK] peer=12D3KooW range=2547-2547 duration_ms=0
[SYNC-REQUEST-DECODE] peer=12D3KooW range=2547-2547
[SYNC-REQUEST-DECODE] peer=12D3KooW range=2547-2547
[SYNC-REQUEST-RESULT] peer=12D3KooW range=2547-2547 count=0 snapshot=false duration_ms=1
[SYNC-REQUEST-RESULT] peer=12D3KooW range=2547-2547 count=0 snapshot=false duration_ms=0
[SYNC-SINGLE] stage=range_fetch requested=2547 result=failed err=single_block_fetch_failed
[SYNC-BATCH-STOP] stage=range_fetch local=2546 target=2547 reason=no_sync_peer exclude=4
âŒ Block signature verification failed | proposer=B height=2547 hash=bad96df2 candidates=2 runtime_norm=true runtime_raw=true genesis_norm=true genesis_raw=true
âŒ Block signature verification failed | proposer=B height=2547 hash=bad96df2 candidates=2 runtime_norm=true runtime_raw=true genesis_norm=true genesis_raw=true
[EXEC-QUORUM] height=2547 strict=3 relaxed=2 total=4 live=2 stall=3m43s
âŒ Block signature verification failed | proposer=B height=2547 hash=bad96df2 candidates=2 runtime_norm=true runtime_raw=true genesis_norm=true genesis_raw=true
âŒ Block signature verification failed | proposer=B height=2547 hash=bad96df2 candidates=2 runtime_norm=true runtime_raw=true genesis_norm=true genesis_raw=true
âŒ Block signature verification failed | proposer=B height=2547 hash=bad96df2 candidates=2 runtime_norm=true runtime_raw=true genesis_norm=true genesis_raw=true
âŒ Block signature verification failed | proposer=B height=2547 hash=bad96df2 candidates=2 runtime_norm=true runtime_raw=true genesis_norm=true genesis_raw=true
âŒ Block signature verification failed | proposer=B height=2547 hash=bad96df2 candidates=2 runtime_norm=true runtime_raw=true genesis_norm=true genesis_raw=true
2026/05/19 10:29:22 [STARTUP-EXECUTION-SNAPSHOT] action=rebuild schedule height=2546 reason=prior_rebuild_failed_local_history_ready
2026/05/19 10:29:22 [STARTUP-EXECUTION-SNAPSHOT] action=rebuild begin height=2546
[EMISSION] h=2466 reward=2 treasury=1 validators=1 burn=0 applied_burn=1 chance_bps=10000
[EMISSION] h=2466 reward=2 treasury=1 validators=1 burn=0 applied_burn=1 chance_bps=10000
2026/05/19 10:29:22 [STARTUP-EXECUTION-SNAPSHOT] action=rebuild resume base=2466 target=2546
2026/05/19 10:29:22 [STARTUP-EXECUTION-SNAPSHOT] action=rebuild status=failed height=2546 err=create_snapshot_failed height=2467 err=execution_snapshot_ledger_unavailable height=2467
2026/05/19 10:29:22 [STARTUP-EXECUTION-SNAPSHOT] action=rebuild async_wait height=2546 trigger=prior_rebuild_failed_local_history_ready reason=startup_execution_snapshot_rebuild_failed_h_2546
[STARTUP-PRECHECK] waiting reason=startup_execution_snapshot_rebuild_failed_h_2546 target=2547
[EXEC-QUORUM] height=2547 strict=3 relaxed=2 total=4 live=2 stall=3m44s
âŒ Block signature verification failed | proposer=B height=2547 hash=bad96df2 candidates=2 runtime_norm=true runtime_raw=true genesis_norm=true genesis_raw=true
[SYNC-BLOCK-REJECT] stage=direct_gossip provider=12D3KooW local=2546 next=2547 got=2547 reason=validation_failed queue_tip=2547 proposer=B hash=bad96df2 prev=8da4f6f5
[APPLY-FAIL] h=2547 hash=bad96df2 reason=validation_failed fail_count=24
Validator heartbeat received: B | reported_height=2546 | finalized_height=2546 | local_exec_epoch=2547
[SNAPSHOT-PUBLISH] deferred height=2546 reason=auto_publish_interval_10
Validator heartbeat: A | reported_height=2546 | finalized_height=2546 | local_exec_epoch=2547
Attempting to connect to 4 peers
[EXEC-QUORUM] height=2547 strict=3 relaxed=2 total=4 live=2 stall=3m45s
[SYNC] reason=heartbeat local=2546 target=2547 votes=3 required=3 stage=direct_gossip action=block_range_fetch
[SYNC-REQUEST-START] peer=12D3KooW range=2547-2547 snapshot=false snapshot_height=0 timeout_ms=15000
[SYNC-REQUEST-OPEN] peer=12D3KooW range=2547-2547
[SYNC-REQUEST-OPEN-OK] peer=12D3KooW range=2547-2547 duration_ms=0
[SYNC-REQUEST-ENCODE] peer=12D3KooW range=2547-2547
[SYNC-REQUEST-START] peer=12D3KooW range=2547-2547 snapshot=false snapshot_height=0 timeout_ms=15000
[SYNC-REQUEST-OPEN] peer=12D3KooW range=2547-2547
[SYNC-REQUEST-ENCODE-OK] peer=12D3KooW range=2547-2547 duration_ms=0
[SYNC-REQUEST-DECODE] peer=12D3KooW range=2547-2547
[SYNC-REQUEST-OPEN-OK] peer=12D3KooW range=2547-2547 duration_ms=0
[SYNC-REQUEST-ENCODE] peer=12D3KooW range=2547-2547
[SYNC-REQUEST-ENCODE-OK] peer=12D3KooW range=2547-2547 duration_ms=0
[SYNC-REQUEST-DECODE] peer=12D3KooW range=2547-2547
[SYNC-REQUEST-RESULT] peer=12D3KooW range=2547-2547 count=0 snapshot=false duration_ms=1
[SYNC-REQUEST-RESULT] peer=12D3KooW range=2547-2547 count=0 snapshot=false duration_ms=0
[SYNC-SINGLE] stage=range_fetch requested=2547 result=failed err=single_block_fetch_failed
[SYNC-REQUEST-START] peer=12D3KooW range=2547-2547 snapshot=false snapshot_height=0 timeout_ms=15000
[SYNC-REQUEST-OPEN] peer=12D3KooW range=2547-2547
[SYNC-REQUEST-START] peer=12D3KooW range=2547-2547 snapshot=false snapshot_height=0 timeout_ms=15000
[SYNC-REQUEST-OPEN] peer=12D3KooW range=2547-2547
[SYNC-REQUEST-OPEN-OK] peer=12D3KooW range=2547-2547 duration_ms=0
[SYNC-REQUEST-ENCODE] peer=12D3KooW range=2547-2547
[SYNC-REQUEST-OPEN-OK] peer=12D3KooW range=2547-2547 duration_ms=0
[SYNC-REQUEST-ENCODE] peer=12D3KooW range=2547-2547
[SYNC-REQUEST-ENCODE-OK] peer=12D3KooW range=2547-2547 duration_ms=0
[SYNC-REQUEST-DECODE] peer=12D3KooW range=2547-2547
[SYNC-REQUEST-ENCODE-OK] peer=12D3KooW range=2547-2547 duration_ms=0
[SYNC-REQUEST-RESULT] peer=12D3KooW range=2547-2547 count=0 snapshot=false duration_ms=0
[SYNC-REQUEST-DECODE] peer=12D3KooW range=2547-2547
[SYNC-REQUEST-RESULT] peer=12D3KooW range=2547-2547 count=0 snapshot=false duration_ms=0
[SYNC-SINGLE] stage=range_fetch requested=2547 result=failed err=single_block_fetch_failed
[SYNC-BATCH-STOP] stage=range_fetch local=2546 target=2547 reason=no_sync_peer exclude=4
[SYNC-SERVE-REQUEST] peer=12D3KooW requested=2547-2547 snapshot=false snapshot_height=0
[SYNC-SERVE-RESPONSE] peer=12D3KooW requested=2547-2547 served=0-0 count=0 snapshot=false tip_gap=true historical_gap=false duration_ms=0
[EXEC-QUORUM] height=2547 strict=3 relaxed=2 total=4 live=2 stall=3m45s
[SYNC-SERVE-REQUEST] peer=12D3KooW requested=2547-2547 snapshot=false snapshot_height=0
[SYNC-SERVE-RESPONSE] peer=12D3KooW requested=2547-2547 served=0-0 count=0 snapshot=false tip_gap=true historical_gap=false duration_ms=0
[SYNC-SERVE-REQUEST] peer=12D3KooW requested=2547-2547 snapshot=false snapshot_height=0
[SYNC-SERVE-RESPONSE] peer=12D3KooW requested=2547-2547 served=0-0 count=0 snapshot=false tip_gap=true historical_gap=false duration_ms=1
[EXEC-QUORUM] height=2547 strict=3 relaxed=2 total=4 live=2 stall=3m46s
[EXEC-QUORUM] height=2547 strict=3 relaxed=2 total=4 live=2 stall=3m46s
[EXEC-QUORUM] height=2547 strict=3 relaxed=2 total=4 live=2 stall=3m47s
2026/05/19 10:29:25 [EXEC-COMMIT] height=2547 reason=precommit_quorum round=0 block=bad96df2 votes=2 required=2 precommits=2
[EXEC-QUORUM] height=2547 strict=3 relaxed=2 total=4 live=2 stall=3m47s
âŒ Block signature verification failed | proposer=B height=2547 hash=bad96df2 candidates=2 runtime_norm=true runtime_raw=true genesis_norm=true genesis_raw=true
âŒ Block signature verification failed | proposer=B height=2547 hash=bad96df2 candidates=2 runtime_norm=true runtime_raw=true genesis_norm=true genesis_raw=true
[EMISSION] h=2466 reward=2 treasury=1 validators=1 burn=0 applied_burn=1 chance_bps=10000
âŒ Block signature verification failed | proposer=B height=2547 hash=bad96df2 candidates=2 runtime_norm=true runtime_raw=true genesis_norm=true genesis_raw=true
âŒ Block signature verification failed | proposer=B height=2547 hash=bad96df2 candidates=2 runtime_norm=true runtime_raw=true genesis_norm=true genesis_raw=true
âŒ Block signature verification failed | proposer=B height=2547 hash=bad96df2 candidates=2 runtime_norm=true runtime_raw=true genesis_norm=true genesis_raw=true
âŒ Block signature verification failed | proposer=B height=2547 hash=bad96df2 candidates=2 runtime_norm=true runtime_raw=true genesis_norm=true genesis_raw=true
[CONSENSUS] height=2546 vhash=d75b74ab validators=4
âŒ Block signature verification failed | proposer=B height=2547 hash=bad96df2 candidates=2 runtime_norm=true runtime_raw=true genesis_norm=true genesis_raw=true
[EXEC-QUORUM] height=2547 strict=3 relaxed=2 total=4 live=2 stall=3m48s
âŒ Block signature verification failed | proposer=B height=2547 hash=bad96df2 candidates=2 runtime_norm=true runtime_raw=true genesis_norm=true genesis_raw=true
[SYNC-QUEUE] reason=status_tick local=2546 target=2547
[SYNC] reason=status_tick local=2546 target=2547 votes=3 required=3 stage=direct_gossip action=block_range_fetch
[SYNC-REQUEST-START] peer=12D3KooW range=2547-2547 snapshot=false snapshot_height=0 timeout_ms=15000
[SYNC-REQUEST-OPEN] peer=12D3KooW range=2547-2547
[SYNC-REQUEST-OPEN-OK] peer=12D3KooW range=2547-2547 duration_ms=1
[SYNC-REQUEST-ENCODE] peer=12D3KooW range=2547-2547
[SYNC-REQUEST-ENCODE-OK] peer=12D3KooW range=2547-2547 duration_ms=0
[SYNC-REQUEST-DECODE] peer=12D3KooW range=2547-2547
[SYNC-REQUEST-START] peer=12D3KooW range=2547-2547 snapshot=false snapshot_height=0 timeout_ms=15000
[SYNC-REQUEST-OPEN] peer=12D3KooW range=2547-2547
[SYNC-REQUEST-OPEN-OK] peer=12D3KooW range=2547-2547 duration_ms=1
[SYNC-REQUEST-ENCODE] peer=12D3KooW range=2547-2547
[SYNC-REQUEST-ENCODE-OK] peer=12D3KooW range=2547-2547 duration_ms=1
[SYNC-REQUEST-DECODE] peer=12D3KooW range=2547-2547
[SYNC-REQUEST-RESULT] peer=12D3KooW range=2547-2547 count=0 snapshot=false duration_ms=2
[SYNC-REQUEST-RESULT] peer=12D3KooW range=2547-2547 count=0 snapshot=false duration_ms=0
[SYNC-SINGLE] stage=range_fetch requested=2547 result=failed err=single_block_fetch_failed
[SYNC-REQUEST-START] peer=12D3KooW range=2547-2547 snapshot=false snapshot_height=0 timeout_ms=15000
[SYNC-REQUEST-OPEN] peer=12D3KooW range=2547-2547
[SYNC-REQUEST-OPEN-OK] peer=12D3KooW range=2547-2547 duration_ms=0
[SYNC-REQUEST-ENCODE] peer=12D3KooW range=2547-2547
[SYNC-REQUEST-ENCODE-OK] peer=12D3KooW range=2547-2547 duration_ms=0
[SYNC-REQUEST-DECODE] peer=12D3KooW range=2547-2547
[SYNC-REQUEST-START] peer=12D3KooW range=2547-2547 snapshot=false snapshot_height=0 timeout_ms=15000
[SYNC-REQUEST-OPEN] peer=12D3KooW range=2547-2547
[SYNC-REQUEST-OPEN-OK] peer=12D3KooW range=2547-2547 duration_ms=0
[SYNC-REQUEST-ENCODE] peer=12D3KooW range=2547-2547
[SYNC-REQUEST-ENCODE-OK] peer=12D3KooW range=2547-2547 duration_ms=0
[SYNC-REQUEST-DECODE] peer=12D3KooW range=2547-2547
[SYNC-REQUEST-RESULT] peer=12D3KooW range=2547-2547 count=0 snapshot=false duration_ms=3
[SYNC-REQUEST-RESULT] peer=12D3KooW range=2547-2547 count=0 snapshot=false duration_ms=0
[SYNC-SINGLE] stage=range_fetch requested=2547 result=failed err=single_block_fetch_failed
[SYNC-BATCH-STOP] stage=range_fetch local=2546 target=2547 reason=no_sync_peer exclude=4
âŒ Block signature verification failed | proposer=B height=2547 hash=bad96df2 candidates=2 runtime_norm=true runtime_raw=true genesis_norm=true genesis_raw=true
âŒ Block signature verification failed | proposer=B height=2547 hash=bad96df2 candidates=2 runtime_norm=true runtime_raw=true genesis_norm=true genesis_raw=true
âŒ Block signature verification failed | proposer=B height=2547 hash=bad96df2 candidates=2 runtime_norm=true runtime_raw=true genesis_norm=true genesis_raw=true
[SYNC-BLOCK-REJECT] stage=direct_gossip provider=12D3KooW local=2546 next=2547 got=2547 reason=validation_failed queue_tip=2547 proposer=B hash=bad96df2 prev=8da4f6f5
[APPLY-FAIL] h=2547 hash=bad96df2 reason=validation_failed fail_count=25
Validator heartbeat received: B | reported_height=2546 | finalized_height=2546 | local_exec_epoch=2547
Validator heartbeat: A | reported_height=2546 | finalized_height=2546 | local_exec_epoch=2547
[EXEC-QUORUM] height=2547 strict=3 relaxed=2 total=4 live=2 stall=3m49s
[EXEC-QUORUM] height=2547 strict=3 relaxed=2 total=4 live=2 stall=3m49s
[REGISTRY-COMMITMENT-CHECK] height=2547 required=true parent_unanchored=false source=chain_parent_commitment expected=9cd32df6 got=9cd32df6
[SYNC] reason=heartbeat local=2546 target=2547 votes=3 required=3 stage=direct_gossip action=block_range_fetch
[SYNC-REQUEST-START] peer=12D3KooW range=2547-2547 snapshot=false snapshot_height=0 timeout_ms=15000
[SYNC-REQUEST-OPEN] peer=12D3KooW range=2547-2547
[SYNC-REQUEST-OPEN-OK] peer=12D3KooW range=2547-2547 duration_ms=0
[SYNC-REQUEST-ENCODE] peer=12D3KooW range=2547-2547
[SYNC-REQUEST-ENCODE-OK] peer=12D3KooW range=2547-2547 duration_ms=0
[SYNC-REQUEST-DECODE] peer=12D3KooW range=2547-2547
[SYNC-REQUEST-START] peer=12D3KooW range=2547-2547 snapshot=false snapshot_height=0 timeout_ms=15000
[SYNC-REQUEST-OPEN] peer=12D3KooW range=2547-2547
[SYNC-REQUEST-OPEN-OK] peer=12D3KooW range=2547-2547 duration_ms=0
[SYNC-REQUEST-ENCODE] peer=12D3KooW range=2547-2547
[SYNC-REQUEST-ENCODE-OK] peer=12D3KooW range=2547-2547 duration_ms=1
[SYNC-REQUEST-DECODE] peer=12D3KooW range=2547-2547
[SYNC-REQUEST-RESULT] peer=12D3KooW range=2547-2547 count=0 snapshot=false duration_ms=3
[SYNC-REQUEST-RESULT] peer=12D3KooW range=2547-2547 count=0 snapshot=false duration_ms=0
[SYNC-SINGLE] stage=range_fetch requested=2547 result=failed err=single_block_fetch_failed
[SYNC-REQUEST-START] peer=12D3KooW range=2547-2547 snapshot=false snapshot_height=0 timeout_ms=15000
[SYNC-REQUEST-OPEN] peer=12D3KooW range=2547-2547
[SYNC-REQUEST-START] peer=12D3KooW range=2547-2547 snapshot=false snapshot_height=0 timeout_ms=15000
[SYNC-REQUEST-OPEN] peer=12D3KooW range=2547-2547
[SYNC-REQUEST-OPEN-OK] peer=12D3KooW range=2547-2547 duration_ms=0
[SYNC-REQUEST-ENCODE] peer=12D3KooW range=2547-2547
[SYNC-REQUEST-OPEN-OK] peer=12D3KooW range=2547-2547 duration_ms=0
[SYNC-REQUEST-ENCODE] peer=12D3KooW range=2547-2547
[SYNC-REQUEST-ENCODE-OK] peer=12D3KooW range=2547-2547 duration_ms=0
[SYNC-REQUEST-DECODE] peer=12D3KooW range=2547-2547
[SYNC-REQUEST-ENCODE-OK] peer=12D3KooW range=2547-2547 duration_ms=0
[SYNC-REQUEST-DECODE] peer=12D3KooW range=2547-2547
[SYNC-REQUEST-RESULT] peer=12D3KooW range=2547-2547 count=0 snapshot=false duration_ms=0
[SYNC-REQUEST-RESULT] peer=12D3KooW range=2547-2547 count=0 snapshot=false duration_ms=0
[SYNC-SINGLE] stage=range_fetch requested=2547 result=failed err=single_block_fetch_failed
[SYNC-BATCH-STOP] stage=range_fetch local=2546 target=2547 reason=no_sync_peer exclude=4
[SYNC-SERVE-REQUEST] peer=12D3KooW requested=2547-2547 snapshot=false snapshot_height=0
[SYNC-SERVE-RESPONSE] peer=12D3KooW requested=2547-2547 served=0-0 count=0 snapshot=false tip_gap=true historical_gap=false duration_ms=0
[SYNC-SERVE-REQUEST] peer=12D3KooW requested=2547-2547 snapshot=false snapshot_height=0
[SYNC-SERVE-RESPONSE] peer=12D3KooW requested=2547-2547 served=0-0 count=0 snapshot=false tip_gap=true historical_gap=false duration_ms=0
[SNAPSHOT-PUBLISH] deferred height=2546 reason=auto_publish_interval_10
[EXEC-QUORUM] height=2547 strict=3 relaxed=2 total=4 live=2 stall=3m50s
2026/05/19 10:29:29 [STARTUP-EXECUTION-SNAPSHOT] action=rebuild schedule height=2546 reason=prior_rebuild_failed_local_history_ready
2026/05/19 10:29:29 [STARTUP-EXECUTION-SNAPSHOT] action=rebuild begin height=2546
[EMISSION] h=2466 reward=2 treasury=1 validators=1 burn=0 applied_burn=1 chance_bps=10000
2026/05/19 10:29:29 [STARTUP-EXECUTION-SNAPSHOT] action=rebuild resume base=2466 target=2546
2026/05/19 10:29:29 [STARTUP-EXECUTION-SNAPSHOT] action=rebuild status=failed height=2546 err=create_snapshot_failed height=2467 err=execution_snapshot_ledger_unavailable height=2467
2026/05/19 10:29:29 [STARTUP-EXECUTION-SNAPSHOT] action=rebuild async_wait height=2546 trigger=prior_rebuild_failed_local_history_ready reason=startup_execution_snapshot_rebuild_failed_h_2546
[EXEC-QUORUM] height=2547 strict=3 relaxed=2 total=4 live=2 stall=3m51s
[SYNC-SERVE-REQUEST] peer=12D3KooW requested=2547-2547 snapshot=false snapshot_height=0
[SYNC-SERVE-RESPONSE] peer=12D3KooW requested=2547-2547 served=0-0 count=0 snapshot=false tip_gap=true historical_gap=false duration_ms=0
[EXEC-QUORUM] height=2547 strict=3 relaxed=2 total=4 live=2 stall=3m51s
[EXEC-QUORUM] height=2547 strict=3 relaxed=2 total=4 live=2 stall=3m51s
[EXEC-QUORUM] height=2547 strict=3 relaxed=2 total=4 live=2 stall=3m52s
[EXEC-QUORUM] height=2547 strict=3 relaxed=2 total=4 live=2 stall=3m52s
[EMISSION] h=2466 reward=2 treasury=1 validators=1 burn=0 applied_burn=1 chance_bps=10000
[STARTUP-PRECHECK] waiting reason=startup_execution_snapshot_rebuild_failed_h_2546 target=2547
2026/05/19 10:29:31 [OK] goroutine pressure normalized: 174 (degrade mode off)
[STATUS] height=2546 finalized=2546 peers=4 validators=2 strict_live=2 heartbeat_live=2 out_of_drift=0 drift_limit=8 syncing=false sync_complete=true execution_ready=false execution_reason=startup_execution_snapshot_rebuild_pending_h_2546 gossip=true gossip_pipeline=new_block_gossip_validate_apply consensus_running=false mode=observer vote=false propose=false role=full validator_state=observer warmup_seconds=0 ready=false reason=startup_execution_snapshot_rebuild_pending_h_2546 snapshot_source=none expected_source=chain_parent_commitment expected_hash=d75b74ab resolved_source=chain_parent_commitment resolved_hash=d75b74ab next_source=carry_forward next_hash=d75b74ab got_hash= authority=chain_parent_commitment hash_mode=legacy
Validator heartbeat: C | reported_height=2546 | finalized_height=2546 | local_exec_epoch=2547
Heartbeat sent: C finalized=2546 epoch=2547
[SYNC-SERVE-REQUEST] peer=12D3KooW requested=2547-2547 snapshot=false snapshot_height=0
[SYNC-SERVE-RESPONSE] peer=12D3KooW requested=2547-2547 served=0-0 count=0 snapshot=false tip_gap=true historical_gap=false duration_ms=1
[SYNC-SERVE-REQUEST] peer=12D3KooW requested=2547-2547 snapshot=false snapshot_height=0
[SYNC-SERVE-RESPONSE] peer=12D3KooW requested=2547-2547 served=0-0 count=0 snapshot=false tip_gap=true historical_gap=false duration_ms=3
[SYNC-SERVE-REQUEST] peer=12D3KooW requested=2547-2547 snapshot=false snapshot_height=0
[SYNC-SERVE-RESPONSE] peer=12D3KooW requested=2547-2547 served=0-0 count=0 snapshot=false tip_gap=true historical_gap=false duration_ms=1
[EXEC-QUORUM] height=2547 strict=3 relaxed=2 total=4 live=2 stall=3m53s
[SYNC-QUEUE] reason=late_join local=2546 target=2547
[SYNC] reason=late_join local=2546 target=2547 votes=3 required=3 stage=direct_gossip action=block_range_fetch
[SYNC-REQUEST-START] peer=12D3KooW range=2547-2547 snapshot=false snapshot_height=0 timeout_ms=15000
[SYNC-REQUEST-OPEN] peer=12D3KooW range=2547-2547
[SYNC-REQUEST-START] peer=12D3KooW range=2547-2547 snapshot=false snapshot_height=0 timeout_ms=15000
[SYNC-REQUEST-OPEN] peer=12D3KooW range=2547-2547
[SYNC-REQUEST-OPEN-OK] peer=12D3KooW range=2547-2547 duration_ms=1
[SYNC-REQUEST-ENCODE] peer=12D3KooW range=2547-2547
[SYNC-REQUEST-OPEN-OK] peer=12D3KooW range=2547-2547 duration_ms=0
[SYNC-REQUEST-ENCODE] peer=12D3KooW range=2547-2547
[SYNC-REQUEST-ENCODE-OK] peer=12D3KooW range=2547-2547 duration_ms=0
[SYNC-REQUEST-DECODE] peer=12D3KooW range=2547-2547
[SYNC-REQUEST-ENCODE-OK] peer=12D3KooW range=2547-2547 duration_ms=0
[SYNC-REQUEST-DECODE] peer=12D3KooW range=2547-2547
[SYNC-REQUEST-RESULT] peer=12D3KooW range=2547-2547 count=0 snapshot=false duration_ms=2
[SYNC-REQUEST-RESULT] peer=12D3KooW range=2547-2547 count=0 snapshot=false duration_ms=0
[SYNC-SINGLE] stage=range_fetch requested=2547 result=failed err=single_block_fetch_failed
[SYNC-REQUEST-START] peer=12D3KooW range=2547-2547 snapshot=false snapshot_height=0 timeout_ms=15000
[SYNC-REQUEST-OPEN] peer=12D3KooW range=2547-2547
[SYNC-REQUEST-START] peer=12D3KooW range=2547-2547 snapshot=false snapshot_height=0 timeout_ms=15000
[SYNC-REQUEST-OPEN] peer=12D3KooW range=2547-2547
[SYNC-REQUEST-OPEN-OK] peer=12D3KooW range=2547-2547 duration_ms=0
[SYNC-REQUEST-ENCODE] peer=12D3KooW range=2547-2547
[SYNC-REQUEST-OPEN-OK] peer=12D3KooW range=2547-2547 duration_ms=1
[SYNC-REQUEST-ENCODE] peer=12D3KooW range=2547-2547
[SYNC-REQUEST-ENCODE-OK] peer=12D3KooW range=2547-2547 duration_ms=0
[SYNC-REQUEST-DECODE] peer=12D3KooW range=2547-2547
[SYNC-REQUEST-ENCODE-OK] peer=12D3KooW range=2547-2547 duration_ms=0
[SYNC-REQUEST-DECODE] peer=12D3KooW range=2547-2547
[SYNC-REQUEST-RESULT] peer=12D3KooW range=2547-2547 count=0 snapshot=false duration_ms=0
[SYNC-REQUEST-RESULT] peer=12D3KooW range=2547-2547 count=0 snapshot=false duration_ms=0
[SYNC-SINGLE] stage=range_fetch requested=2547 result=failed err=single_block_fetch_failed
[SYNC-BATCH-STOP] stage=range_fetch local=2546 target=2547 reason=no_sync_peer exclude=4
[EXEC-QUORUM] height=2547 strict=3 relaxed=2 total=4 live=2 stall=3m53s
[EXEC-QUORUM] height=2547 strict=3 relaxed=2 total=4 live=2 stall=3m54s
[EXEC-QUORUM] height=2547 strict=3 relaxed=2 total=4 live=2 stall=3m54s
[EMISSION] h=2466 reward=2 treasury=1 validators=1 burn=0 applied_burn=1 chance_bps=10000
[REGISTRY-COMMITMENT-CHECK] height=2547 required=true parent_unanchored=false source=chain_parent_commitment expected=9cd32df6 got=9cd32df6
Blocked leader broadcast @ epoch 2547: proposal gated: startup_execution_snapshot_rebuild_failed_h_2546
2026/05/19 10:29:32 [EXEC-BROADCAST-DEFER] validator=C height=2547 reason=exec_changed exec=1e5aa924 tx_merkle= current_runtime=ab74f64c current_execution=ab74f64c current_tip=2546/8da4f6f5 proposal=2547|0|f53eb382be434e238dc175666a5392d5e07e9dabfe186e770933510402bee0bc||1e5aa924c655edd2cb77c5aec6587a768a93798e543624a31ae02465c9320006 block=f53eb382 prev=8da4f6f5
[EMISSION] h=2466 reward=2 treasury=1 validators=1 burn=0 applied_burn=1 chance_bps=10000
Ã°Å¸â€œÂ¨ Consensus message from 12D3KooWHdmUKc1bYKY3scg6TqGhK3SutwH9hu1aAez4VmvwkEyk: leader_block (size: 1311 bytes)
Ã°Å¸â€œÂ¦ Leader block received from 12D3KooWHdmUKc1bYKY3scg6TqGhK3SutwH9hu1aAez4VmvwkEyk | height=2547 proposer=B
[LEADER-BLOCK-REJECT] height=2547 round=0 reason=duplicate_proposal peer=12D3KooWHdmUKc1bYKY3scg6TqGhK3SutwH9hu1aAez4VmvwkEyk proposer=B block=f53eb382
[LEADER-BLOCK-REJECT] height=2547 round=0 reason=duplicate_proposal peer=12D3KooWHdmUKc1bYKY3scg6TqGhK3SutwH9hu1aAez4VmvwkEyk proposer=B block=f53eb382
Ã°Å¸â€Å’ Consensus stream EOF from 12D3KooWHdmUKc1bYKY3scg6TqGhK3SutwH9hu1aAez4VmvwkEyk
Ã°Å¸â€Å’ Consensus stream closed with 12D3KooWHdmUKc1bYKY3scg6TqGhK3SutwH9hu1aAez4VmvwkEyk
Ã°Å¸â€œÂ¨ Consensus message from 12D3KooWHdmUKc1bYKY3scg6TqGhK3SutwH9hu1aAez4VmvwkEyk: execution_result (size: 359 bytes)
Ã°Å¸â€Å’ Consensus stream EOF from 12D3KooWHdmUKc1bYKY3scg6TqGhK3SutwH9hu1aAez4VmvwkEyk
Ã°Å¸â€Å’ Consensus stream closed with 12D3KooWHdmUKc1bYKY3scg6TqGhK3SutwH9hu1aAez4VmvwkEyk
Ã°Å¸â€œÂ¨ Consensus message from 12D3KooWPVKESWFG9sS8G6vjhfPn54kWuNFkkuHwG4yQXhYRcXjX: leader_block (size: 1311 bytes)
Ã°Å¸â€œÂ¦ Leader block received from 12D3KooWPVKESWFG9sS8G6vjhfPn54kWuNFkkuHwG4yQXhYRcXjX | height=2547 proposer=B
Ã°Å¸â€Å’ Consensus stream EOF from 12D3KooWPVKESWFG9sS8G6vjhfPn54kWuNFkkuHwG4yQXhYRcXjX
Ã°Å¸â€Å’ Consensus stream closed with 12D3KooWPVKESWFG9sS8G6vjhfPn54kWuNFkkuHwG4yQXhYRcXjX
Ã°Å¸â€œÂ¨ Consensus message from 12D3KooWPVKESWFG9sS8G6vjhfPn54kWuNFkkuHwG4yQXhYRcXjX: execution_result (size: 359 bytes)
Ã°Å¸â€Å’ Consensus stream EOF from 12D3KooWPVKESWFG9sS8G6vjhfPn54kWuNFkkuHwG4yQXhYRcXjX
Ã°Å¸â€Å’ Consensus stream closed with 12D3KooWPVKESWFG9sS8G6vjhfPn54kWuNFkkuHwG4yQXhYRcXjX
[EXEC-QUORUM] height=2547 strict=3 relaxed=2 total=4 live=2 stall=3m55s
2026/05/19 10:29:33 [EXEC-COMMIT] height=2547 reason=precommit_quorum round=0 block=bad96df2 votes=2 required=2 precommits=2
[EXEC-QUORUM] height=2547 strict=3 relaxed=2 total=4 live=2 stall=3m55s
âŒ Block signature verification failed | proposer=B height=2547 hash=bad96df2 candidates=2 runtime_norm=true runtime_raw=true genesis_norm=true genesis_raw=true
âŒ Block signature verification failed | proposer=B height=2547 hash=bad96df2 candidates=2 runtime_norm=true runtime_raw=true genesis_norm=true genesis_raw=true
âŒ Block signature verification failed | proposer=B height=2547 hash=bad96df2 candidates=2 runtime_norm=true runtime_raw=true genesis_norm=true genesis_raw=true
âŒ Block signature verification failed | proposer=B height=2547 hash=bad96df2 candidates=2 runtime_norm=true runtime_raw=true genesis_norm=true genesis_raw=true
[EXEC-QUORUM] height=2547 strict=3 relaxed=2 total=4 live=2 stall=3m55s
[SYNC-SERVE-REQUEST] peer=12D3KooW requested=2547-2547 snapshot=false snapshot_height=0
[SYNC-SERVE-RESPONSE] peer=12D3KooW requested=2547-2547 served=0-0 count=0 snapshot=false tip_gap=true historical_gap=false duration_ms=1
[SYNC-SERVE-REQUEST] peer=12D3KooW requested=2547-2547 snapshot=false snapshot_height=0
[SYNC-SERVE-RESPONSE] peer=12D3KooW requested=2547-2547 served=0-0 count=0 snapshot=false tip_gap=true historical_gap=false duration_ms=1
âŒ Block signature verification failed | proposer=B height=2547 hash=bad96df2 candidates=2 runtime_norm=true runtime_raw=true genesis_norm=true genesis_raw=true
[SYNC-SERVE-REQUEST] peer=12D3KooW requested=2547-2547 snapshot=false snapshot_height=0
[SYNC-SERVE-RESPONSE] peer=12D3KooW requested=2547-2547 served=0-0 count=0 snapshot=false tip_gap=true historical_gap=false duration_ms=1
âŒ Block signature verification failed | proposer=B height=2547 hash=bad96df2 candidates=2 runtime_norm=true runtime_raw=true genesis_norm=true genesis_raw=true
âŒ Block signature verification failed | proposer=B height=2547 hash=bad96df2 candidates=2 runtime_norm=true runtime_raw=true genesis_norm=true genesis_raw=true
âŒ Block signature verification failed | proposer=B height=2547 hash=bad96df2 candidates=2 runtime_norm=true runtime_raw=true genesis_norm=true genesis_raw=true
âŒ Block signature verification failed | proposer=B height=2547 hash=bad96df2 candidates=2 runtime_norm=true runtime_raw=true genesis_norm=true genesis_raw=true
âŒ Block signature verification failed | proposer=B height=2547 hash=bad96df2 candidates=2 runtime_norm=true runtime_raw=true genesis_norm=true genesis_raw=true
[EXEC-QUORUM] height=2547 strict=3 relaxed=2 total=4 live=2 stall=3m56s
[REGISTRY-COMMITMENT-CHECK] height=2547 required=true parent_unanchored=false source=chain_parent_commitment expected=9cd32df6 got=9cd32df6
âŒ Block signature verification failed | proposer=B height=2547 hash=bad96df2 candidates=2 runtime_norm=true runtime_raw=true genesis_norm=true genesis_raw=true
[SYNC-BLOCK-REJECT] stage=direct_gossip provider=12D3KooW local=2546 next=2547 got=2547 reason=validation_failed queue_tip=2547 proposer=B hash=bad96df2 prev=8da4f6f5
[APPLY-FAIL] h=2547 hash=bad96df2 reason=validation_failed fail_count=26
Validator heartbeat received: A | reported_height=2546 | finalized_height=2546 | local_exec_epoch=2547
[SNAPSHOT-PUBLISH] deferred height=2546 reason=auto_publish_interval_10
Candidate heartbeat received: D | reported_height=2339 | finalized_height=2339 | local_exec_epoch=2340
[SYNC-QUEUE] reason=invalid_block_signature local=2546 target=2547
[SYNC] reason=invalid_block_signature local=2546 target=2547 votes=3 required=3 stage=direct_gossip action=block_range_fetch
[SYNC-REQUEST-START] peer=12D3KooW range=2547-2547 snapshot=false snapshot_height=0 timeout_ms=15000
[SYNC-REQUEST-OPEN] peer=12D3KooW range=2547-2547
[SYNC-REQUEST-OPEN-OK] peer=12D3KooW range=2547-2547 duration_ms=1
[SYNC-REQUEST-ENCODE] peer=12D3KooW range=2547-2547
[SYNC-REQUEST-START] peer=12D3KooW range=2547-2547 snapshot=false snapshot_height=0 timeout_ms=15000
[SYNC-REQUEST-OPEN] peer=12D3KooW range=2547-2547
[SYNC-REQUEST-ENCODE-OK] peer=12D3KooW range=2547-2547 duration_ms=1
[SYNC-REQUEST-DECODE] peer=12D3KooW range=2547-2547
[SYNC-REQUEST-OPEN-OK] peer=12D3KooW range=2547-2547 duration_ms=0
[SYNC-REQUEST-ENCODE] peer=12D3KooW range=2547-2547
[SYNC-REQUEST-ENCODE-OK] peer=12D3KooW range=2547-2547 duration_ms=0
[SYNC-REQUEST-DECODE] peer=12D3KooW range=2547-2547
[SYNC-REQUEST-RESULT] peer=12D3KooW range=2547-2547 count=0 snapshot=false duration_ms=0
[SYNC-REQUEST-RESULT] peer=12D3KooW range=2547-2547 count=0 snapshot=false duration_ms=1
[SYNC-SINGLE] stage=range_fetch requested=2547 result=failed err=single_block_fetch_failed
[SYNC-REQUEST-START] peer=12D3KooW range=2547-2547 snapshot=false snapshot_height=0 timeout_ms=15000
[SYNC-REQUEST-OPEN] peer=12D3KooW range=2547-2547
[SYNC-REQUEST-START] peer=12D3KooW range=2547-2547 snapshot=false snapshot_height=0 timeout_ms=15000
[SYNC-REQUEST-OPEN-OK] peer=12D3KooW range=2547-2547 duration_ms=0
[SYNC-REQUEST-ENCODE] peer=12D3KooW range=2547-2547
[SYNC-REQUEST-OPEN] peer=12D3KooW range=2547-2547
[SYNC-REQUEST-ENCODE-OK] peer=12D3KooW range=2547-2547 duration_ms=0
[SYNC-REQUEST-DECODE] peer=12D3KooW range=2547-2547
[SYNC-REQUEST-OPEN-OK] peer=12D3KooW range=2547-2547 duration_ms=1
[SYNC-REQUEST-ENCODE] peer=12D3KooW range=2547-2547
[SYNC-REQUEST-ENCODE-OK] peer=12D3KooW range=2547-2547 duration_ms=0
[SYNC-REQUEST-DECODE] peer=12D3KooW range=2547-2547
[SYNC-REQUEST-RESULT] peer=12D3KooW range=2547-2547 count=0 snapshot=false duration_ms=0
[SYNC-REQUEST-RESULT] peer=12D3KooW range=2547-2547 count=0 snapshot=false duration_ms=1
[SYNC-SINGLE] stage=range_fetch requested=2547 result=failed err=single_block_fetch_failed
[SYNC-BATCH-STOP] stage=range_fetch local=2546 target=2547 reason=no_sync_peer exclude=4
[EXEC-QUORUM] height=2547 strict=3 relaxed=2 total=4 live=2 stall=3m57s
2026/05/19 10:29:35 [STARTUP-EXECUTION-SNAPSHOT] action=rebuild schedule height=2546 reason=prior_rebuild_failed_local_history_ready
2026/05/19 10:29:35 [STARTUP-EXECUTION-SNAPSHOT] action=rebuild begin height=2546
[EMISSION] h=2466 reward=2 treasury=1 validators=1 burn=0 applied_burn=1 chance_bps=10000
2026/05/19 10:29:35 [STARTUP-EXECUTION-SNAPSHOT] action=rebuild resume base=2466 target=2546
[EXEC-QUORUM] height=2547 strict=3 relaxed=2 total=4 live=2 stall=3m57s
2026/05/19 10:29:35 [STARTUP-EXECUTION-SNAPSHOT] action=rebuild status=failed height=2546 err=create_snapshot_failed height=2467 err=execution_snapshot_ledger_unavailable height=2467
2026/05/19 10:29:35 [STARTUP-EXECUTION-SNAPSHOT] action=rebuild async_wait height=2546 trigger=prior_rebuild_failed_local_history_ready reason=startup_execution_snapshot_rebuild_failed_h_2546
[EXEC-QUORUM] height=2547 strict=3 relaxed=2 total=4 live=2 stall=3m57s
Candidate heartbeat received: D | reported_height=2339 | finalized_height=2339 | local_exec_epoch=2340
[SYNC-SERVE-REQUEST] peer=12D3KooW requested=2547-2547 snapshot=false snapshot_height=0
[SYNC-SERVE-RESPONSE] peer=12D3KooW requested=2547-2547 served=0-0 count=0 snapshot=false tip_gap=true historical_gap=false duration_ms=0
[SYNC-SERVE-REQUEST] peer=12D3KooW requested=2547-2547 snapshot=false snapshot_height=0
[SYNC-SERVE-RESPONSE] peer=12D3KooW requested=2547-2547 served=0-0 count=0 snapshot=false tip_gap=true historical_gap=false duration_ms=1
[EXEC-QUORUM] height=2547 strict=3 relaxed=2 total=4 live=2 stall=3m58s
2026/05/19 10:29:36 [VOTE-DROP] reason=replay_cache signer=B height=2547 round=0 vote_block=f53eb382 current_block=f53eb382 proposal=2547|0|f53eb382be434e238dc175666a5392d5e07e9dabfe186e770933510402bee0bc||1e5aa924c655edd2cb77c5aec6587a768a93798e543624a31ae02465c9320006 exec=1e5aa924 tx_merkle=
[LEADER-BLOCK-REJECT] height=2547 round=0 reason=duplicate_proposal peer=12D3KooWHdmUKc1bYKY3scg6TqGhK3SutwH9hu1aAez4VmvwkEyk proposer=B block=f53eb382
[LEADER-BLOCK-REJECT] height=2547 round=0 reason=duplicate_proposal peer=12D3KooWPVKESWFG9sS8G6vjhfPn54kWuNFkkuHwG4yQXhYRcXjX proposer=B block=f53eb382
Candidate heartbeat received: D | reported_height=2340 | finalized_height=2340 | local_exec_epoch=2341
Validator heartbeat: B | reported_height=2546 | finalized_height=2546 | local_exec_epoch=2547
[EXEC-QUORUM] height=2547 strict=3 relaxed=2 total=4 live=2 stall=3m58s
[EXEC-QUORUM] height=2547 strict=3 relaxed=2 total=4 live=2 stall=3m59s
2026/05/19 10:29:37 [EXEC-COMMIT] height=2547 reason=precommit_quorum round=0 block=bad96df2 votes=2 required=2 precommits=2
âŒ Block signature verification failed | proposer=B height=2547 hash=bad96df2 candidates=2 runtime_norm=true runtime_raw=true genesis_norm=true genesis_raw=true
âŒ Block signature verification failed | proposer=B height=2547 hash=bad96df2 candidates=2 runtime_norm=true runtime_raw=true genesis_norm=true genesis_raw=true
[EXEC-QUORUM] height=2547 strict=3 relaxed=2 total=4 live=2 stall=4m0s
âŒ Block signature verification failed | proposer=B height=2547 hash=bad96df2 candidates=2 runtime_norm=true runtime_raw=true genesis_norm=true genesis_raw=true
âŒ Block signature verification failed | proposer=B height=2547 hash=bad96df2 candidates=2 runtime_norm=true runtime_raw=true genesis_norm=true genesis_raw=true
âŒ Block signature verification failed | proposer=B height=2547 hash=bad96df2 candidates=2 runtime_norm=true runtime_raw=true genesis_norm=true genesis_raw=true
âŒ Block signature verification failed | proposer=B height=2547 hash=bad96df2 candidates=2 runtime_norm=true runtime_raw=true genesis_norm=true genesis_raw=true
âŒ Block signature verification failed | proposer=B height=2547 hash=bad96df2 candidates=2 runtime_norm=true runtime_raw=true genesis_norm=true genesis_raw=true
âŒ Block signature verification failed | proposer=B height=2547 hash=bad96df2 candidates=2 runtime_norm=true runtime_raw=true genesis_norm=true genesis_raw=true
[REGISTRY-COMMITMENT-CHECK] height=2547 required=true parent_unanchored=false source=chain_parent_commitment expected=9cd32df6 got=9cd32df6
âŒ Block signature verification failed | proposer=B height=2547 hash=bad96df2 candidates=2 runtime_norm=true runtime_raw=true genesis_norm=true genesis_raw=true
[SYNC-SERVE-REQUEST] peer=12D3KooW requested=2547-2547 snapshot=false snapshot_height=0
[SYNC-SERVE-RESPONSE] peer=12D3KooW requested=2547-2547 served=0-0 count=0 snapshot=false tip_gap=true historical_gap=false duration_ms=0
[EXEC-QUORUM] height=2547 strict=3 relaxed=2 total=4 live=2 stall=4m0s
[EMISSION] h=2466 reward=2 treasury=1 validators=1 burn=0 applied_burn=1 chance_bps=10000
[SYNC-SERVE-REQUEST] peer=12D3KooW requested=2547-2547 snapshot=false snapshot_height=0
[SYNC-SERVE-RESPONSE] peer=12D3KooW requested=2547-2547 served=0-0 count=0 snapshot=false tip_gap=true historical_gap=false duration_ms=0
[SYNC-SERVE-REQUEST] peer=12D3KooW requested=2547-2547 snapshot=false snapshot_height=0
[SYNC-SERVE-RESPONSE] peer=12D3KooW requested=2547-2547 served=0-0 count=0 snapshot=false tip_gap=true historical_gap=false duration_ms=0
âŒ Block signature verification failed | proposer=B height=2547 hash=bad96df2 candidates=2 runtime_norm=true runtime_raw=true genesis_norm=true genesis_raw=true
[EMISSION] h=2466 reward=2 treasury=1 validators=1 burn=0 applied_burn=1 chance_bps=10000
[STARTUP-PRECHECK] waiting reason=startup_execution_snapshot_rebuild_failed_h_2546 target=2547
âŒ Block signature verification failed | proposer=B height=2547 hash=bad96df2 candidates=2 runtime_norm=true runtime_raw=true genesis_norm=true genesis_raw=true
[SYNC-BLOCK-REJECT] stage=direct_gossip provider=12D3KooW local=2546 next=2547 got=2547 reason=validation_failed queue_tip=2547 proposer=B hash=bad96df2 prev=8da4f6f5
[APPLY-FAIL] h=2547 hash=bad96df2 reason=validation_failed fail_count=27
Validator heartbeat received: A | reported_height=2546 | finalized_height=2546 | local_exec_epoch=2547
[EXEC-QUORUM] height=2547 strict=3 relaxed=2 total=4 live=2 stall=4m1s
Candidate heartbeat received: D | reported_height=2339 | finalized_height=2339 | local_exec_epoch=2340
[SYNC-QUEUE] reason=invalid_block_signature local=2546 target=2547
[SYNC] reason=invalid_block_signature local=2546 target=2547 votes=3 required=3 stage=direct_gossip action=block_range_fetch
[SYNC-REQUEST-START] peer=12D3KooW range=2547-2547 snapshot=false snapshot_height=0 timeout_ms=15000
[SYNC-REQUEST-OPEN] peer=12D3KooW range=2547-2547
[SYNC-REQUEST-START] peer=12D3KooW range=2547-2547 snapshot=false snapshot_height=0 timeout_ms=15000
[SYNC-REQUEST-OPEN] peer=12D3KooW range=2547-2547
[SYNC-REQUEST-OPEN-OK] peer=12D3KooW range=2547-2547 duration_ms=0
[SYNC-REQUEST-OPEN-OK] peer=12D3KooW range=2547-2547 duration_ms=0
[SYNC-REQUEST-ENCODE] peer=12D3KooW range=2547-2547
[SYNC-REQUEST-ENCODE] peer=12D3KooW range=2547-2547
[SYNC-REQUEST-ENCODE-OK] peer=12D3KooW range=2547-2547 duration_ms=0
[SYNC-REQUEST-DECODE] peer=12D3KooW range=2547-2547
[SYNC-REQUEST-ENCODE-OK] peer=12D3KooW range=2547-2547 duration_ms=0
[SYNC-REQUEST-DECODE] peer=12D3KooW range=2547-2547
[SYNC-REQUEST-RESULT] peer=12D3KooW range=2547-2547 count=0 snapshot=false duration_ms=0
[SYNC-REQUEST-RESULT] peer=12D3KooW range=2547-2547 count=0 snapshot=false duration_ms=1
[SYNC-SINGLE] stage=range_fetch requested=2547 result=failed err=single_block_fetch_failed
[SYNC-REQUEST-START] peer=12D3KooW range=2547-2547 snapshot=false snapshot_height=0 timeout_ms=15000
[SYNC-REQUEST-OPEN] peer=12D3KooW range=2547-2547
[SYNC-REQUEST-START] peer=12D3KooW range=2547-2547 snapshot=false snapshot_height=0 timeout_ms=15000
[SYNC-REQUEST-OPEN] peer=12D3KooW range=2547-2547
[SYNC-REQUEST-OPEN-OK] peer=12D3KooW range=2547-2547 duration_ms=0
[SYNC-REQUEST-ENCODE] peer=12D3KooW range=2547-2547
[SYNC-REQUEST-ENCODE-OK] peer=12D3KooW range=2547-2547 duration_ms=0
[SYNC-REQUEST-DECODE] peer=12D3KooW range=2547-2547
[SYNC-REQUEST-OPEN-OK] peer=12D3KooW range=2547-2547 duration_ms=0
[SYNC-REQUEST-ENCODE] peer=12D3KooW range=2547-2547
[SYNC-REQUEST-ENCODE-OK] peer=12D3KooW range=2547-2547 duration_ms=0
[SYNC-REQUEST-DECODE] peer=12D3KooW range=2547-2547
[SYNC-REQUEST-RESULT] peer=12D3KooW range=2547-2547 count=0 snapshot=false duration_ms=0
[SYNC-REQUEST-RESULT] peer=12D3KooW range=2547-2547 count=0 snapshot=false duration_ms=0
[SYNC-SINGLE] stage=range_fetch requested=2547 result=failed err=single_block_fetch_failed
[SYNC-BATCH-STOP] stage=range_fetch local=2546 target=2547 reason=no_sync_peer exclude=4
Candidate heartbeat received: D | reported_height=2339 | finalized_height=2339 | local_exec_epoch=2340
[EXEC-QUORUM] height=2547 strict=3 relaxed=2 total=4 live=2 stall=4m1s
2026/05/19 10:29:40 [VOTE-DROP] reason=replay_cache signer=A height=2547 round=0 vote_block=f53eb382 current_block=f53eb382 proposal=2547|0|f53eb382be434e238dc175666a5392d5e07e9dabfe186e770933510402bee0bc||1e5aa924c655edd2cb77c5aec6587a768a93798e543624a31ae02465c9320006 exec=1e5aa924 tx_merkle=
[LEADER-BLOCK-REJECT] height=2547 round=0 reason=duplicate_proposal peer= proposer=B block=f53eb382
Candidate heartbeat received: D | reported_height=2340 | finalized_height=2340 | local_exec_epoch=2341
Validator heartbeat: B | reported_height=2546 | finalized_height=2546 | local_exec_epoch=2547
[EXEC-QUORUM] height=2547 strict=3 relaxed=2 total=4 live=2 stall=4m2s
[SNAPSHOT-PUBLISH] deferred height=2546 reason=auto_publish_interval_10
[CONSENSUS] height=2546 vhash=d75b74ab validators=4
[SYNC] reason=status_tick local=2546 target=2547 votes=3 required=3 stage=direct_gossip action=block_range_fetch
[SYNC-REQUEST-START] peer=12D3KooW range=2547-2547 snapshot=false snapshot_height=0 timeout_ms=15000
[SYNC-REQUEST-OPEN] peer=12D3KooW range=2547-2547
[SYNC-REQUEST-START] peer=12D3KooW range=2547-2547 snapshot=false snapshot_height=0 timeout_ms=15000
[SYNC-REQUEST-OPEN] peer=12D3KooW range=2547-2547
[SYNC-REQUEST-OPEN-OK] peer=12D3KooW range=2547-2547 duration_ms=1
[SYNC-REQUEST-ENCODE] peer=12D3KooW range=2547-2547
[SYNC-REQUEST-ENCODE-OK] peer=12D3KooW range=2547-2547 duration_ms=2
[SYNC-REQUEST-DECODE] peer=12D3KooW range=2547-2547
[SYNC-REQUEST-OPEN-OK] peer=12D3KooW range=2547-2547 duration_ms=1
[SYNC-REQUEST-ENCODE] peer=12D3KooW range=2547-2547
[SYNC-REQUEST-ENCODE-OK] peer=12D3KooW range=2547-2547 duration_ms=2
[SYNC-REQUEST-DECODE] peer=12D3KooW range=2547-2547
[SYNC-REQUEST-RESULT] peer=12D3KooW range=2547-2547 count=0 snapshot=false duration_ms=1
[SYNC-REQUEST-RESULT] peer=12D3KooW range=2547-2547 count=0 snapshot=false duration_ms=0
[SYNC-SINGLE] stage=range_fetch requested=2547 result=failed err=single_block_fetch_failed
[SYNC-REQUEST-START] peer=12D3KooW range=2547-2547 snapshot=false snapshot_height=0 timeout_ms=15000
[SYNC-REQUEST-OPEN] peer=12D3KooW range=2547-2547
[SYNC-REQUEST-START] peer=12D3KooW range=2547-2547 snapshot=false snapshot_height=0 timeout_ms=15000
[SYNC-REQUEST-OPEN] peer=12D3KooW range=2547-2547
[SYNC-REQUEST-OPEN-OK] peer=12D3KooW range=2547-2547 duration_ms=1
[SYNC-REQUEST-ENCODE] peer=12D3KooW range=2547-2547
[SYNC-REQUEST-OPEN-OK] peer=12D3KooW range=2547-2547 duration_ms=1
[SYNC-REQUEST-ENCODE-OK] peer=12D3KooW range=2547-2547 duration_ms=0
[SYNC-REQUEST-ENCODE] peer=12D3KooW range=2547-2547
[SYNC-REQUEST-DECODE] peer=12D3KooW range=2547-2547
[SYNC-REQUEST-ENCODE-OK] peer=12D3KooW range=2547-2547 duration_ms=0
[SYNC-REQUEST-DECODE] peer=12D3KooW range=2547-2547
[SYNC-REQUEST-RESULT] peer=12D3KooW range=2547-2547 count=0 snapshot=false duration_ms=0
[SYNC-REQUEST-RESULT] peer=12D3KooW range=2547-2547 count=0 snapshot=false duration_ms=0
[SYNC-SINGLE] stage=range_fetch requested=2547 result=failed err=single_block_fetch_failed
[SYNC-BATCH-STOP] stage=range_fetch local=2546 target=2547 reason=no_sync_peer exclude=4
[EXEC-QUORUM] height=2547 strict=3 relaxed=2 total=4 live=2 stall=4m3s
[EXEC-QUORUM] height=2547 strict=3 relaxed=2 total=4 live=2 stall=4m3s
2026/05/19 10:29:42 [STARTUP-EXECUTION-SNAPSHOT] action=rebuild schedule height=2546 reason=prior_rebuild_failed_local_history_ready
2026/05/19 10:29:42 [STARTUP-EXECUTION-SNAPSHOT] action=rebuild begin height=2546
[EMISSION] h=2466 reward=2 treasury=1 validators=1 burn=0 applied_burn=1 chance_bps=10000
2026/05/19 10:29:42 [STARTUP-EXECUTION-SNAPSHOT] action=rebuild resume base=2466 target=2546
2026/05/19 10:29:42 [STARTUP-EXECUTION-SNAPSHOT] action=rebuild status=failed height=2546 err=create_snapshot_failed height=2467 err=execution_snapshot_ledger_unavailable height=2467
2026/05/19 10:29:42 [STARTUP-EXECUTION-SNAPSHOT] action=rebuild async_wait height=2546 trigger=prior_rebuild_failed_local_history_ready reason=startup_execution_snapshot_rebuild_failed_h_2546
[REGISTRY-COMMITMENT-CHECK] height=2547 required=true parent_unanchored=false source=chain_parent_commitment expected=9cd32df6 got=9cd32df6
[EXEC-QUORUM] height=2547 strict=3 relaxed=2 total=4 live=2 stall=4m5s
[EXEC-QUORUM] height=2547 strict=3 relaxed=2 total=4 live=2 stall=4m5s
[SYNC-SERVE-REQUEST] peer=12D3KooW requested=2547-2547 snapshot=false snapshot_height=0
[SYNC-SERVE-RESPONSE] peer=12D3KooW requested=2547-2547 served=0-0 count=0 snapshot=false tip_gap=true historical_gap=false duration_ms=0
[SYNC-SERVE-REQUEST] peer=12D3KooW requested=2547-2547 snapshot=false snapshot_height=0
[SYNC-SERVE-RESPONSE] peer=12D3KooW requested=2547-2547 served=0-0 count=0 snapshot=false tip_gap=true historical_gap=false duration_ms=0
[EXEC-QUORUM] height=2547 strict=3 relaxed=2 total=4 live=2 stall=4m6s
[REGISTRY-COMMITMENT-CHECK] height=2547 required=true parent_unanchored=false source=chain_parent_commitment expected=9cd32df6 got=9cd32df6
[SYNC-SERVE-REQUEST] peer=12D3KooW requested=2547-2547 snapshot=false snapshot_height=0
[SYNC-SERVE-RESPONSE] peer=12D3KooW requested=2547-2547 served=0-0 count=0 snapshot=false tip_gap=true historical_gap=false duration_ms=0
[EXEC-QUORUM] height=2547 strict=3 relaxed=2 total=4 live=2 stall=4m6s
[EXEC-QUORUM] height=2547 strict=3 relaxed=2 total=4 live=2 stall=4m6s
Validator heartbeat: C | reported_height=2546 | finalized_height=2546 | local_exec_epoch=2547
Heartbeat sent: C finalized=2546 epoch=2547
[EXEC-QUORUM] height=2547 strict=3 relaxed=2 total=4 live=2 stall=4m7s
2026/05/19 10:29:45 [VOTE-DROP] reason=replay_cache signer=A height=2547 round=0 vote_block=f53eb382 current_block=f53eb382 proposal=2547|0|f53eb382be434e238dc175666a5392d5e07e9dabfe186e770933510402bee0bc||1e5aa924c655edd2cb77c5aec6587a768a93798e543624a31ae02465c9320006 exec=1e5aa924 tx_merkle=
[EXEC-QUORUM] height=2547 strict=3 relaxed=2 total=4 live=2 stall=4m7s
[EXEC-QUORUM] height=2547 strict=3 relaxed=2 total=4 live=2 stall=4m7s
[SYNC-SERVE-REQUEST] peer=12D3KooW requested=2547-2547 snapshot=false snapshot_height=0
[SYNC-SERVE-RESPONSE] peer=12D3KooW requested=2547-2547 served=0-0 count=0 snapshot=false tip_gap=true historical_gap=false duration_ms=1
[SYNC-SERVE-REQUEST] peer=12D3KooW requested=2547-2547 snapshot=false snapshot_height=0
[SYNC-SERVE-RESPONSE] peer=12D3KooW requested=2547-2547 served=0-0 count=0 snapshot=false tip_gap=true historical_gap=false duration_ms=6
[EXEC-QUORUM] height=2547 strict=3 relaxed=2 total=4 live=2 stall=4m8s
Attempting to connect to 4 peers
[SYNC-QUEUE] reason=late_join local=2546 target=2547
[SYNC] reason=late_join local=2546 target=2547 votes=3 required=3 stage=direct_gossip action=block_range_fetch
[SYNC-REQUEST-START] peer=12D3KooW range=2547-2547 snapshot=false snapshot_height=0 timeout_ms=15000
[SYNC-REQUEST-OPEN] peer=12D3KooW range=2547-2547
[SYNC-REQUEST-OPEN-OK] peer=12D3KooW range=2547-2547 duration_ms=0
[SYNC-REQUEST-ENCODE] peer=12D3KooW range=2547-2547
[SYNC-REQUEST-ENCODE-OK] peer=12D3KooW range=2547-2547 duration_ms=0
[SYNC-REQUEST-DECODE] peer=12D3KooW range=2547-2547
[SYNC-REQUEST-START] peer=12D3KooW range=2547-2547 snapshot=false snapshot_height=0 timeout_ms=15000
[SYNC-REQUEST-OPEN] peer=12D3KooW range=2547-2547
[SYNC-REQUEST-OPEN-OK] peer=12D3KooW range=2547-2547 duration_ms=0
[SYNC-REQUEST-ENCODE] peer=12D3KooW range=2547-2547
[SYNC-REQUEST-ENCODE-OK] peer=12D3KooW range=2547-2547 duration_ms=0
[SYNC-REQUEST-DECODE] peer=12D3KooW range=2547-2547
[SYNC-REQUEST-RESULT] peer=12D3KooW range=2547-2547 count=0 snapshot=false duration_ms=1
[SYNC-REQUEST-RESULT] peer=12D3KooW range=2547-2547 count=0 snapshot=false duration_ms=2
[SYNC-SINGLE] stage=range_fetch requested=2547 result=failed err=single_block_fetch_failed
[SYNC-REQUEST-START] peer=12D3KooW range=2547-2547 snapshot=false snapshot_height=0 timeout_ms=15000
[SYNC-REQUEST-OPEN] peer=12D3KooW range=2547-2547
[SYNC-REQUEST-OPEN-OK] peer=12D3KooW range=2547-2547 duration_ms=0
[SYNC-REQUEST-ENCODE] peer=12D3KooW range=2547-2547
[SYNC-REQUEST-START] peer=12D3KooW range=2547-2547 snapshot=false snapshot_height=0 timeout_ms=15000
[SYNC-REQUEST-OPEN] peer=12D3KooW range=2547-2547
[SYNC-REQUEST-OPEN-OK] peer=12D3KooW range=2547-2547 duration_ms=0
[SYNC-REQUEST-ENCODE] peer=12D3KooW range=2547-2547
[SYNC-REQUEST-ENCODE-OK] peer=12D3KooW range=2547-2547 duration_ms=1
[SYNC-REQUEST-DECODE] peer=12D3KooW range=2547-2547
[SYNC-REQUEST-ENCODE-OK] peer=12D3KooW range=2547-2547 duration_ms=1
[SYNC-REQUEST-DECODE] peer=12D3KooW range=2547-2547
[SYNC-REQUEST-RESULT] peer=12D3KooW range=2547-2547 count=0 snapshot=false duration_ms=3
[SYNC-REQUEST-RESULT] peer=12D3KooW range=2547-2547 count=0 snapshot=false duration_ms=4
[SYNC-SINGLE] stage=range_fetch requested=2547 result=failed err=single_block_fetch_failed
[SYNC-BATCH-STOP] stage=range_fetch local=2546 target=2547 reason=no_sync_peer exclude=4
[EXEC-QUORUM] height=2547 strict=3 relaxed=2 total=4 live=2 stall=4m9s
2026/05/19 10:29:47 [STARTUP-EXECUTION-SNAPSHOT] action=rebuild begin height=2546
[EMISSION] h=2466 reward=2 treasury=1 validators=1 burn=0 applied_burn=1 chance_bps=10000
2026/05/19 10:29:47 [STARTUP-EXECUTION-SNAPSHOT] action=rebuild resume base=2466 target=2546
2026/05/19 10:29:47 [STARTUP-EXECUTION-SNAPSHOT] action=rebuild status=failed height=2546 err=create_snapshot_failed height=2467 err=execution_snapshot_ledger_unavailable height=2467
Blocked leader broadcast @ epoch 2547: proposal gated: startup_execution_snapshot_rebuild_failed_h_2546
2026/05/19 10:29:47 [EXEC-BROADCAST-DEFER] validator=C height=2547 reason=exec_changed exec=1e5aa924 tx_merkle= current_runtime=ab74f64c current_execution=ab74f64c current_tip=2546/8da4f6f5 proposal=2547|0|f53eb382be434e238dc175666a5392d5e07e9dabfe186e770933510402bee0bc||1e5aa924c655edd2cb77c5aec6587a768a93798e543624a31ae02465c9320006 block=f53eb382 prev=8da4f6f5
2026/05/19 10:29:47 [STARTUP-EXECUTION-SNAPSHOT] action=rebuild schedule height=2546 reason=prior_rebuild_failed_local_history_ready
[EMISSION] h=2466 reward=2 treasury=1 validators=1 burn=0 applied_burn=1 chance_bps=10000
2026/05/19 10:29:47 [STARTUP-EXECUTION-SNAPSHOT] action=rebuild async_wait height=2546 trigger=prior_rebuild_failed_local_history_ready reason=startup_execution_snapshot_rebuild_failed_h_2546
[SYNC-SERVE-REQUEST] peer=12D3KooW requested=2547-2547 snapshot=false snapshot_height=0
[SYNC-SERVE-RESPONSE] peer=12D3KooW requested=2547-2547 served=0-0 count=0 snapshot=false tip_gap=true historical_gap=false duration_ms=0
[STATUS] height=2546 finalized=2546 peers=4 validators=2 strict_live=2 heartbeat_live=2 out_of_drift=0 drift_limit=8 syncing=false sync_complete=true execution_ready=false execution_reason=startup_execution_snapshot_rebuild_pending_h_2546 gossip=true gossip_pipeline=new_block_gossip_validate_apply consensus_running=false mode=observer vote=false propose=false role=full validator_state=observer warmup_seconds=0 ready=false reason=startup_execution_snapshot_rebuild_pending_h_2546 snapshot_source=none expected_source=chain_parent_commitment expected_hash=d75b74ab resolved_source=chain_parent_commitment resolved_hash=d75b74ab next_source=carry_forward next_hash=d75b74ab got_hash= authority=chain_parent_commitment hash_mode=legacy
[EXEC-QUORUM] height=2547 strict=3 relaxed=2 total=4 live=2 stall=4m9s
[EXEC-QUORUM] height=2547 strict=3 relaxed=2 total=4 live=2 stall=4m10s
[SYNC-SERVE-REQUEST] peer=12D3KooW requested=2547-2547 snapshot=false snapshot_height=0
[SYNC-SERVE-RESPONSE] peer=12D3KooW requested=2547-2547 served=0-0 count=0 snapshot=false tip_gap=true historical_gap=false duration_ms=1
[SYNC-SERVE-REQUEST] peer=12D3KooW requested=2547-2547 snapshot=false snapshot_height=0
[SYNC-SERVE-RESPONSE] peer=12D3KooW requested=2547-2547 served=0-0 count=0 snapshot=false tip_gap=true historical_gap=false duration_ms=5
[EMISSION] h=2466 reward=2 treasury=1 validators=1 burn=0 applied_burn=1 chance_bps=10000
[STARTUP-PRECHECK] waiting reason=startup_execution_snapshot_rebuild_failed_h_2546 target=2547
[EXEC-QUORUM] height=2547 strict=3 relaxed=2 total=4 live=2 stall=4m11s
[EXEC-QUORUM] height=2547 strict=3 relaxed=2 total=4 live=2 stall=4m11s
[REGISTRY-COMMITMENT-CHECK] height=2547 required=true parent_unanchored=false source=chain_parent_commitment expected=9cd32df6 got=9cd32df6
[EXEC-QUORUM] height=2547 strict=3 relaxed=2 total=4 live=2 stall=4m12s
[EMISSION] h=2466 reward=2 treasury=1 validators=1 burn=0 applied_burn=1 chance_bps=10000
[EXEC-QUORUM] height=2547 strict=3 relaxed=2 total=4 live=2 stall=4m12s
[EXEC-QUORUM] height=2547 strict=3 relaxed=2 total=4 live=2 stall=4m12s
2026/05/19 10:29:50 [EXEC-COMMIT] height=2547 reason=precommit_quorum round=0 block=bad96df2 votes=2 required=2 precommits=2
âŒ Block signature verification failed | proposer=B height=2547 hash=bad96df2 candidates=2 runtime_norm=true runtime_raw=true genesis_norm=true genesis_raw=true
2026/05/19 10:29:51 [OK] goroutine pressure normalized: 174 (degrade mode off)
âŒ Block signature verification failed | proposer=B height=2547 hash=bad96df2 candidates=2 runtime_norm=true runtime_raw=true genesis_norm=true genesis_raw=true
âŒ Block signature verification failed | proposer=B height=2547 hash=bad96df2 candidates=2 runtime_norm=true runtime_raw=true genesis_norm=true genesis_raw=true
[EXEC-QUORUM] height=2547 strict=3 relaxed=2 total=4 live=2 stall=4m13s
âŒ Block signature verification failed | proposer=B height=2547 hash=bad96df2 candidates=2 runtime_norm=true runtime_raw=true genesis_norm=true genesis_raw=true
Ã°Å¸â€Å’ Peer disconnected: 12D3KooWPVKESWFG9sS8G6vjhfPn54kWuNFkkuHwG4yQXhYRcXjX
[LIVENESS] validator=A state=offline reason=peer_disconnected since=2026-05-19T10:29:51+05:30
âŒ Block signature verification failed | proposer=B height=2547 hash=bad96df2 candidates=2 runtime_norm=true runtime_raw=true genesis_norm=true genesis_raw=true
Ã°Å¸â€Å’ Peer disconnected: 12D3KooWE7bMkbbpLoSHKB43JdTZm9zkgqvf1iCQdGAqFFBDa42W
