CHAIN config loaded: chain_id=91938 moniker=Mainnet-Node-1 genesis_path=genesis.json genesis_hash=bcfca8ea5bca4a07d4a32b1f8fe1770316615962bb3487c1fcf3c2dca6a17405
P2P config loaded: listen= external= seeds=4 persistent=4 persist_peer_id_refresh=false
P2P config loaded: persist_peer_id_refresh=false (explicit)
P2P config loaded: prune_localhost_on_refused=true (explicit)
P2P config loaded: prune_localhost_refused_failures=3 (explicit)
CONSENSUS config loaded: propose=3s prevote=1s precommit=1s commit=5s min_block_interval=4s recompute_pause=4s weak_subjectivity_depth=2048 max_future_gap=256 validator_set_commitment_v2_height=1 validator_set_hash_v3_height=0 deterministic_tx_order=true round_timeout=2s round_max=0 round_skew=1 barrier_relax=1m0s barrier_drop=1 barrier_retry_mode=per_block exec_quorum_emergency=true exec_quorum_emergency_stall=8s penalty_mode=converged_only invalid_proposer_q=4 exec_mismatch_q=3 exec_mismatch_slash=5 propose_requires_sync_ready=true post_block_safe_mode=true safe_mode_min=2s safe_mode_max=8s safe_mode_history=32 safe_mode_live_quorum_bps=6700
CONSENSUS config loaded: weak_subjectivity_depth=2048 (explicit)
CONSENSUS config loaded: max_future_block_gap=256 (explicit)
CONSENSUS config loaded: validator_set_commitment_v2_height=1 (explicit)
CONSENSUS config loaded: enforce_deterministic_tx_order=true (explicit)
CONSENSUS config loaded: proposer_round_timeout_seconds=2 (explicit)
CONSENSUS config loaded: proposer_round_max_skew=1 (explicit)
CONSENSUS config loaded: transition_barrier_relax_seconds=60 (explicit)
CONSENSUS config loaded: transition_barrier_max_drop=1 (explicit)
CONSENSUS config loaded: transition_barrier_retry_mode=per_block (explicit)
CONSENSUS config loaded: exec_quorum_emergency_enabled=true (explicit)
CONSENSUS config loaded: exec_quorum_emergency_stall_seconds=8 (explicit)
CONSENSUS config loaded: penalty_enforce_mode=converged_only (explicit)
CONSENSUS config loaded: invalid_proposer_quarantine_after=4 (explicit)
CONSENSUS config loaded: exec_mismatch_quarantine_after=3 (explicit)
CONSENSUS config loaded: exec_mismatch_slash_after=5 (explicit)
CONSENSUS config loaded: propose_requires_sync_ready=true (explicit)
CONSENSUS config loaded: core_pending_excluded_from_proposer=true (explicit)
CONSENSUS config loaded: core_activation_effective_height_buffer=64 (explicit)
CONSENSUS config loaded: post_block_safe_mode_enabled=true (explicit)
CONSENSUS config loaded: post_block_safe_mode_min_seconds=2 (explicit)
CONSENSUS config loaded: post_block_safe_mode_max_seconds=8 (explicit)
CONSENSUS config loaded: post_block_safe_mode_history_blocks=32 (explicit)
CONSENSUS config loaded: post_block_safe_mode_live_quorum_bps=6700 (explicit)
RPC config loaded: addr=127.0.0.1:26657 cors=[*] tls_cert=false tls_key=false auth_read=false auth_submit=false token_full=false token_read=false token_submit=false
VALIDATOR config loaded: dynamic=true deterministic=true equal_chance=true active_set=5 min_active=4 min_stake=100 cap=0.0500 uptime_window=1000 recovery=0.30 long_uptime=0.95 require_stake=true core_stake_exempt=true onboarding_grace_blocks=64 onboarding_max_new_slots=1 onboarding_strict_activation=true activation_delay=5 activation_model_v2_height=0 inactive_remove_blocks=8 rotation_window=50 banned=0 inactivity_penalty=true burn_bps=100 jail=500 cooldown=50 inactive_permanent=false heartbeat_ttl=25s grace=10s drift_blocks=8 rejoin_heartbeats=3 rejoin_signed=1 rejoin_window=16 fail_on_key_unavailable=true allow_identity_rotation=false active_set_mode=adaptive_committee max_active_committee=512 adaptive_log_mult=16 committee_rotation=32 activity_window=64 min_signed=1 heartbeat_scope=committee_only required_key_fingerprint= backup_required=true backup_dir=secure-backups backup_max_age_h=24 restore_on_missing=true allow_env_password_in_production=true password_mode=file_or_prompt
VALIDATOR config loaded: equal_chance_selection=true (explicit)
VALIDATOR config loaded: require_stake=true (explicit)
VALIDATOR config loaded: core_stake_exempt=true (explicit)
VALIDATOR config loaded: inactivity_penalty_enabled=true (explicit)
VALIDATOR config loaded: inactivity_penalty_burn_bps=100 (explicit)
VALIDATOR config loaded: inactivity_penalty_jail_blocks=500 (explicit)
VALIDATOR config loaded: inactivity_penalty_cooldown_blocks=50 (explicit)
VALIDATOR config loaded: permanent_remove_on_inactive=false (explicit)
VALIDATOR config loaded: liveness_heartbeat_ttl_seconds=25 (explicit)
VALIDATOR config loaded: liveness_grace_seconds=10 (explicit)
VALIDATOR config loaded: liveness_max_height_drift_blocks=8 (explicit)
VALIDATOR config loaded: rejoin_required_heartbeats=3 (explicit)
VALIDATOR config loaded: rejoin_required_signed_blocks=1 (explicit)
VALIDATOR config loaded: rejoin_window_blocks=16 (explicit)
VALIDATOR config loaded: fail_on_key_unavailable=true (explicit)
VALIDATOR config loaded: allow_identity_rotation_on_existing_chain=false (explicit)
VALIDATOR config loaded: active_set_mode=adaptive_committee (explicit)
VALIDATOR config loaded: max_active_committee=512 (explicit)
VALIDATOR config loaded: adaptive_committee_log_multiplier=16 (explicit)
VALIDATOR config loaded: committee_rotation_blocks=32 (explicit)
VALIDATOR config loaded: selection_activity_window_blocks=64 (explicit)
VALIDATOR config loaded: selection_min_signed_blocks=1 (explicit)
VALIDATOR config loaded: onboarding_grace_blocks=64 (explicit)
VALIDATOR config loaded: onboarding_max_new_slots=1 (explicit)
VALIDATOR config loaded: onboarding_strict_activation=true (explicit)
VALIDATOR config loaded: validator_set_activation_model_v2_height=0 (explicit)
VALIDATOR config loaded: validator_set_autoheal_mode=validator_quorum (explicit)
VALIDATOR config loaded: validator_set_autoheal_trusted_only_on_mismatch=true (explicit)
VALIDATOR config loaded: validator_set_autoheal_near_tip_force_after=2 (explicit)
VALIDATOR config loaded: validator_set_autoheal_pause_seconds=6 (explicit)
VALIDATOR config loaded: onboarding_bootstrap_lane_enabled=true (explicit)
VALIDATOR config loaded: onboarding_bootstrap_max_new_slots=1 (explicit)
VALIDATOR config loaded: onboarding_bootstrap_require_stake=true (explicit)
VALIDATOR config loaded: onboarding_bootstrap_require_not_jailed=true (explicit)
VALIDATOR config loaded: heartbeat_scope=committee_only (explicit)
VALIDATOR config loaded: required_key_fingerprint= (explicit)
VALIDATOR config loaded: key_backup_required=true (explicit)
VALIDATOR config loaded: key_backup_dir=secure-backups (explicit)
VALIDATOR config loaded: key_backup_max_age_hours=24 (explicit)
VALIDATOR config loaded: key_restore_allowed_on_missing=true (explicit)
VALIDATOR config loaded: allow_env_password_in_production=true (explicit)
VALIDATOR config loaded: core_env_password_allowed=true (explicit)
VALIDATOR config loaded: core_password_file= (explicit)
VALIDATOR config loaded: password_mode=file_or_prompt (explicit)
PROMO config loaded: obs=50 dcs=0.8500 uptime=98.00% div=70.00% div_epochs=20 srp=0.9000 srp_alpha=0.15 rate=1/100 test=false
NET config loaded: disable_dht=false block_public_peers=false diversity=true max_subnet=8 v4=24 v6=64 self_heal=true interval=5s min_peers=3 stall=20s autonat=false relay=false hole_punch=false
NET config loaded: mdns=true
NET config loaded: peer_diversity_enabled=true (explicit)
NET config loaded: peer_diversity_max_per_subnet=8 (explicit)
NET config loaded: peer_diversity_ipv4_prefix=24 (explicit)
NET config loaded: peer_diversity_ipv6_prefix=64 (explicit)
SYNC config loaded: snapshot_threshold_blocks=2000 (explicit)
SYNC config loaded: fresh_join_fallback_block_replay_enabled=true (explicit)
SYNC config loaded: snapshot_publish_new_node_threshold_blocks=50 (explicit)
SYNC config loaded: snapshot_publish_lag_threshold_blocks=20 (explicit)
SYNC config loaded: snapshot_publish_reannounce_cooldown_seconds=12 (explicit)
SYNC config loaded: snapshot_warmup_seconds=10 (explicit)
SYNC config loaded: fast_block_sync_max_blocks=256 (explicit)
SYNC config loaded: restart_snapshot_grace_blocks=256 (explicit)
SYNC config loaded: delta_replay_max_blocks=50000 (explicit)
SYNC config loaded: delta_replay_batch_blocks=1024 (explicit)
SYNC config loaded: delta_replay_verify_workers=8 (explicit)
SYNC config loaded: direct_gossip_max_blocks=128 (explicit)
SYNC config loaded: range_fetch_max_blocks=50000 (explicit)
SYNC config loaded: snapshot_delta_max_blocks=10000000 (explicit)
SYNC config loaded: snapshot_chunk_size_bytes=1048576 (explicit)
SYNC config loaded: snapshot_parallel_chunks=8 (explicit)
SYNC config loaded: sync_stall_seconds=180 (explicit)
SYNC config loaded: sync_peer_timeout_seconds=15 (explicit)
SYNC config loaded: snapshot_anchor_timeout_seconds=10 (explicit)
SYNC config loaded: snapshot_anchor_max_retries=6 (explicit)
SYNC config loaded: checkpoint_interval_blocks=32 (explicit)
SYNC config loaded: snapshot_checkpoint_domain=MSC_SNAPSHOT_V1 (explicit)
SYNC config loaded: snapshot_checkpoint_v2_height=0 (explicit)
SYNC config loaded: snapshot_session_ttl_seconds=0 (explicit)
SYNC config loaded: snapshot_quorum_apply_watchdog_seconds=15 (explicit)
SYNC config loaded: snapshot_session_reset_watchdog_seconds=60 (explicit)
SYNC config loaded: snapshot_invalid_proof_quarantine_after=3 (explicit)
SYNC config loaded: history_mode=background (explicit)
SYNC config loaded: trusted_snapshot_require_checkpoint_proof=true (explicit)
EVM config ignored: stack hard-disabled in this build
DTL config loaded: contract_runtime_removed=true contracts_v2=false compat_rpc_subset=false v2_activation_height=0 logs_index_enabled=true oracle_min_signers=3 oracle_staleness=120 lending_accrual_interval=1 beacon_delay=8 router_enabled=true router_max_hops=4 router_deadline_max_blocks=30 router_max_price_impact_bps=3000 router_quote_max_paths=16 defi_farm_enabled=true gamefi_season_enabled=true gamefi_reward_token=MSC
WARN dtl.solidity_like_runtime_enabled ignored: contract runtime removed
DTL config loaded: contracts_v2_enabled=false (explicit)
DTL config loaded: compat_rpc_subset_enabled=false (explicit)
DTL config loaded: v2_activation_height=0 (explicit)
DTL config loaded: logs_index_enabled=true (explicit)
DTL config loaded: oracle_min_signers=3 (explicit)
DTL config loaded: oracle_max_staleness_blocks=120 (explicit)
DTL config loaded: lending_accrual_interval_blocks=1 (explicit)
DTL config loaded: game_beacon_delay_blocks=8 (explicit)
WARN dtl.max_contract_call_depth ignored: contract runtime removed
WARN dtl.bytecode_runtime_enabled ignored: contract runtime removed
WARN dtl.bytecode_activation_height ignored: contract runtime removed
WARN dtl.bytecode_max_size ignored: contract runtime removed
WARN dtl.bytecode_require_canonical ignored: contract runtime removed
DTL config loaded: router_enabled=true (explicit)
DTL config loaded: router_max_hops=4 (explicit)
DTL config loaded: router_deadline_max_blocks=30 (explicit)
DTL config loaded: router_max_price_impact_bps=3000 (explicit)
DTL config loaded: router_quote_max_paths=16 (explicit)
DTL config loaded: defi_farm_enabled=true (explicit)
DTL config loaded: gamefi_season_enabled=true (explicit)
DTL config loaded: gamefi_reward_token=MSC (explicit)
DTL config loaded: gamefi_season_length_blocks=43200 (explicit)
DTL config loaded: gamefi_claim_grace_blocks=21600 (explicit)
DTL config loaded: gamefi_fee_share_from_pool_bps=2500 (explicit)
DTL config loaded: gamefi_fee_share_from_lending_bps=2000 (explicit)
DTL config loaded: gamefi_duel_win_points=100 (explicit)
DTL config loaded: gamefi_tournament_win_points=600 (explicit)
DTL config loaded: gamefi_tournament_participation_points=80 (explicit)
DTL config loaded: farm_min_stake_blocks=50 (explicit)
DTL config loaded: farm_lp_points_per_block=1 (explicit)
DTL config loaded: farm_max_multiplier_bps=30000 (explicit)
DTL config loaded: gamefi_max_reward_per_account_per_season=1000000 (explicit)
[DTL-CONTRACT-RUNTIME] removed=true
TOKENOMICS config loaded: allow_treasury_ops=false
TOKENOMICS config loaded: random_user_reward_enabled=true
TOKENOMICS config loaded: random_user_reward_chance_bps=2500
TOKENOMICS config loaded: emission_enabled=true
TOKENOMICS config loaded: emission_min_reward=2
TOKENOMICS config loaded: emission_max_reward=4
TOKENOMICS config loaded: work_block_reward_enabled=true
TOKENOMICS config loaded: work_block_base_reward=2
TOKENOMICS config loaded: emission_jackpot_chance_bps=100
TOKENOMICS config loaded: emission_base_chance_bps=10000
TOKENOMICS config loaded: emission_high_chance_after_blocks=1105840
TOKENOMICS config loaded: emission_high_chance_bps=10000
TOKENOMICS config loaded: emission_halving_interval_blocks=1105840
TOKENOMICS config loaded: emission_treasury_bps=2000
TOKENOMICS config loaded: emission_validator_bps=7200
TOKENOMICS config loaded: emission_burn_bps=800
TOKENOMICS config loaded: emission_interval_mode=false
TOKENOMICS config loaded: emission_gap_min_blocks=4
TOKENOMICS config loaded: emission_gap_max_blocks=6
TOKENOMICS config loaded: emission_validator_to_proposer=false
TOKENOMICS config loaded: supply_burn_floor=62000000
TOKENOMICS config loaded: unified_team_reward_enabled=true
TOKENOMICS config loaded: unified_team_reward_treasury_bps=2000
TOKENOMICS config loaded: unified_team_reward_proposer_bps=3500
TOKENOMICS config loaded: unified_team_reward_validator_bps=4500
AUTH config loaded: require_wallet=true open_browser=true timeout=600s challenge_ttl=180s token_ttl=86400s core=[A B C D]
CORE config loaded: registry_path=core_validators.json (explicit)
CORE config loaded: registry_enforcement=warn (explicit)
CORE config loaded: registry_min_signatures=0 (explicit)
CORE config loaded: registry_reload_seconds=10 (explicit)
STORAGE config loaded: key_env=MSC_DB_ENCRYPTION_KEY key_file= key_hex=false key_b64=false
STORAGE runtime: db_encryption=false
2026/05/20 14:18:43 RPC address resolved: 127.0.0.1:26661 (source=cli)
===============================================
===============================================
Node ID     : F
Mode        : full
Role        : validator
Data Dir    : data/F
Listen Port : 7005
===============================================
2026/05/20 14:18:43 [PEER-BOOTSTRAP-RECONCILE] base=/ip4/127.0.0.1/tcp/7001 old=12D3KooWGpHi5kd7qv2bb4kt8mj82B5qZKPvfyTxEcg5XvbxaTXg new=12D3KooWPVKESWFG9sS8G6vjhfPn54kWuNFkkuHwG4yQXhYRcXjX source=peers.json
2026/05/20 14:18:43 [PEER-BOOTSTRAP-RECONCILE] base=/ip4/127.0.0.1/tcp/7002 old=12D3KooWNV3HvPD8CJkhRRdvgv5mvshg49kE4cbQnbkhZq1G7msh new=12D3KooWHdmUKc1bYKY3scg6TqGhK3SutwH9hu1aAez4VmvwkEyk source=peers.json
2026/05/20 14:18:43 [PEER-BOOTSTRAP-RECONCILE] base=/ip4/127.0.0.1/tcp/7003 old=12D3KooWETqJcDdusDVo7kZnu5KC56eowZXtQmLkpbpBVME5ijEN new=12D3KooWD9ed8zJXbW8uUU6XHD2UYrsQQEvnuXReJWFeo52dvdf8 source=peers.json
2026/05/20 14:18:43 [PEER-BOOTSTRAP-RECONCILE] base=/ip4/127.0.0.1/tcp/7004 old=12D3KooWGMgUyWLAv69e7RP2BHtN5PJyVfwFo8ZM95mzKNsJSZ5V new=12D3KooWE7bMkbbpLoSHKB43JdTZm9zkgqvf1iCQdGAqFFBDa42W source=peers.json
2026/05/20 14:18:43 validator key unlocked
2026/05/20 14:18:43 [KEY-AUDIT] validator=F backup_present=true backup_age_s=0 integrity=true
2026/05/20 14:18:43 [IDENTITY] key_loaded=true validator=F fingerprint=5e844a088bc20e50 expected= match=true source=existing mode=strict
2026/05/20 14:18:43 SECURITY: storage DB encryption is disabled. Configure [storage] encryption key and OS disk encryption (BitLocker/LUKS/FileVault).
2026/05/20 14:18:43 [JOB 1] WAL file C:\Users\Mohammad Talha\OneDrive\Desktop\msc-chain\data\F\node_F\state.db\001164.log with log number 001164 stopped reading at offset: 706149; replayed 214 keys in 106 batches
2026/05/20 14:18:43 [JOB 1] WAL file C:\Users\Mohammad Talha\OneDrive\Desktop\msc-chain\data\F\node_F\blocks.db\000464.log with log number 000464 stopped reading at offset: 0; replayed 0 keys in 0 batches
2026/05/20 14:18:43 [JOB 1] WAL file C:\Users\Mohammad Talha\OneDrive\Desktop\msc-chain\data\F\node_F\tx.db\000373.log with log number 000373 stopped reading at offset: 0; replayed 0 keys in 0 batches
2026/05/20 14:18:43 [JOB 1] WAL file C:\Users\Mohammad Talha\OneDrive\Desktop\msc-chain\data\F\node_F\meta.db\000544.log with log number 000544 stopped reading at offset: 245257; replayed 1156 keys in 1156 batches
2026/05/20 14:18:43 [JOB 1] WAL file C:\Users\Mohammad Talha\OneDrive\Desktop\msc-chain\data\F\node_F\meta.db\000547.log with log number 000547 stopped reading at offset: 989767; replayed 4316 keys in 4316 batches
2026/05/20 14:18:43 [JOB 1] WAL file C:\Users\Mohammad Talha\OneDrive\Desktop\msc-chain\data\F\node_F\meta.db\000548.log with log number 000548 stopped reading at offset: 1670279; replayed 7265 keys in 7265 batches
[REGISTRY-BOOTSTRAP] height=0 chain_height=2547 reason=early_height
[WARN] consensus validator set unresolved height=1 chain_height=2547 expected_hash= local_hash= local_source=none snapshot_missing=false
[COMMITTEE] height=2 size=4 target=4 hash=34a93d19
[SET-FREEZE] height=2 vhash=34a93d19 size=4
2026/05/20 14:19:13 [REGISTRY-HISTORY-REBUILD] height=2547 status=scheduled reason=consensus_set_unresolved
2026/05/20 14:19:13 [REGISTRY-HISTORY-REBUILD] height=2547 status=started reason=consensus_set_unresolved
[WARN] consensus validator set unresolved height=1632 chain_height=2547 expected_hash=464c25f6 local_hash= local_source=none snapshot_missing=false
[WARN] consensus validator set unresolved height=1633 chain_height=2547 expected_hash=464c25f6 local_hash= local_source=none snapshot_missing=false
[WARN] consensus validator set unresolved height=1634 chain_height=2547 expected_hash=464c25f6 local_hash= local_source=none snapshot_missing=false
[WARN] consensus validator set unresolved height=1635 chain_height=2547 expected_hash=464c25f6 local_hash= local_source=none snapshot_missing=false
[WARN] consensus validator set unresolved height=1636 chain_height=2547 expected_hash=464c25f6 local_hash= local_source=none snapshot_missing=false
[WARN] consensus validator set unresolved height=1637 chain_height=2547 expected_hash=d75b74ab local_hash= local_source=none snapshot_missing=false
[WARN] consensus validator set unresolved height=1638 chain_height=2547 expected_hash=d75b74ab local_hash= local_source=none snapshot_missing=false
[WARN] consensus validator set unresolved height=1639 chain_height=2547 expected_hash=d75b74ab local_hash= local_source=none snapshot_missing=false
[WARN] consensus validator set unresolved height=1640 chain_height=2547 expected_hash=d75b74ab local_hash= local_source=none snapshot_missing=false
[EMISSION] h=1630 reward=4 treasury=1 validators=2 burn=1 applied_burn=0 chance_bps=10000
2026/05/20 14:19:13 [STARTUP-EXECUTION-SNAPSHOT] action=rebuild resume base=1630 target=2547
[WARN] consensus validator set unresolved height=1641 chain_height=2547 expected_hash=d75b74ab local_hash= local_source=none snapshot_missing=false
[WARN] consensus validator set unresolved height=1642 chain_height=2547 expected_hash=d75b74ab local_hash= local_source=none snapshot_missing=false
[WARN] consensus validator set unresolved height=2547 chain_height=2547 expected_hash=d75b74ab local_hash= local_source=none snapshot_missing=false
[WARN] consensus validator set unresolved height=1643 chain_height=2547 expected_hash=d75b74ab local_hash= local_source=none snapshot_missing=false
[WARN] consensus validator set unresolved height=1644 chain_height=2547 expected_hash=d75b74ab local_hash= local_source=none snapshot_missing=false
[WARN] consensus validator set unresolved height=1645 chain_height=2547 expected_hash=d75b74ab local_hash= local_source=none snapshot_missing=false
[WARN] consensus validator set unresolved height=1646 chain_height=2547 expected_hash=d75b74ab local_hash= local_source=none snapshot_missing=false
[WARN] consensus validator set unresolved height=1647 chain_height=2547 expected_hash=d75b74ab local_hash= local_source=none snapshot_missing=false
[WARN] consensus validator set unresolved height=1648 chain_height=2547 expected_hash=d75b74ab local_hash= local_source=none snapshot_missing=false
2026/05/20 14:19:13 [REGISTRY-HISTORY-REBUILD] height=2547 status=failed err=create_snapshot_failed height=1631 err=snapshot_validator_set_unresolved next_height=1632 target_hash=464c25f634745d8ca420ca086baabb3a545733287e5fb5f55e109a68ea638a3a
2026/05/20 14:19:13 [REGISTRY-HISTORY-REBUILD] height=2547 status=failed reason=consensus_set_unresolved
[WARN] consensus validator set unresolved height=1649 chain_height=2547 expected_hash=d75b74ab local_hash= local_source=none snapshot_missing=false
[WARN] consensus validator set unresolved height=1650 chain_height=2547 expected_hash=d75b74ab local_hash= local_source=none snapshot_missing=false
[WARN] consensus validator set unresolved height=1651 chain_height=2547 expected_hash=d75b74ab local_hash= local_source=none snapshot_missing=false
[WARN] consensus validator set unresolved height=1652 chain_height=2547 expected_hash=d75b74ab local_hash= local_source=none snapshot_missing=false
[WARN] consensus validator set unresolved height=1653 chain_height=2547 expected_hash=d75b74ab local_hash= local_source=none snapshot_missing=false
[WARN] consensus validator set unresolved height=1654 chain_height=2547 expected_hash=d75b74ab local_hash= local_source=none snapshot_missing=false
[WARN] consensus validator set unresolved height=1655 chain_height=2547 expected_hash=d75b74ab local_hash= local_source=none snapshot_missing=false
[WARN] consensus validator set unresolved height=1656 chain_height=2547 expected_hash=d75b74ab local_hash= local_source=none snapshot_missing=false
[WARN] consensus validator set unresolved height=1657 chain_height=2547 expected_hash=d75b74ab local_hash= local_source=none snapshot_missing=false
[WARN] consensus validator set unresolved height=1658 chain_height=2547 expected_hash=d75b74ab local_hash= local_source=none snapshot_missing=false
[WARN] consensus validator set unresolved height=1659 chain_height=2547 expected_hash=d75b74ab local_hash= local_source=none snapshot_missing=false
[WARN] consensus validator set unresolved height=1660 chain_height=2547 expected_hash=d75b74ab local_hash= local_source=none snapshot_missing=false
[WARN] consensus validator set unresolved height=1661 chain_height=2547 expected_hash=d75b74ab local_hash= local_source=none snapshot_missing=false
[WARN] consensus validator set unresolved height=1662 chain_height=2547 expected_hash=d75b74ab local_hash= local_source=none snapshot_missing=false
[WARN] consensus validator set unresolved height=1663 chain_height=2547 expected_hash=d75b74ab local_hash= local_source=none snapshot_missing=false
[WARN] consensus validator set unresolved height=1664 chain_height=2547 expected_hash=d75b74ab local_hash= local_source=none snapshot_missing=false
[WARN] consensus validator set unresolved height=1665 chain_height=2547 expected_hash=d75b74ab local_hash= local_source=none snapshot_missing=false
[WARN] consensus validator set unresolved height=1666 chain_height=2547 expected_hash=d75b74ab local_hash= local_source=none snapshot_missing=false
[WARN] consensus validator set unresolved height=1667 chain_height=2547 expected_hash=d75b74ab local_hash= local_source=none snapshot_missing=false
[WARN] consensus validator set unresolved height=1668 chain_height=2547 expected_hash=d75b74ab local_hash= local_source=none snapshot_missing=false
[WARN] consensus validator set unresolved height=1669 chain_height=2547 expected_hash=d75b74ab local_hash= local_source=none snapshot_missing=false
[WARN] consensus validator set unresolved height=1670 chain_height=2547 expected_hash=d75b74ab local_hash= local_source=none snapshot_missing=false
[WARN] consensus validator set unresolved height=1671 chain_height=2547 expected_hash=d75b74ab local_hash= local_source=none snapshot_missing=false
[WARN] consensus validator set unresolved height=1672 chain_height=2547 expected_hash=d75b74ab local_hash= local_source=none snapshot_missing=false
[WARN] consensus validator set unresolved height=1673 chain_height=2547 expected_hash=d75b74ab local_hash= local_source=none snapshot_missing=false
[WARN] consensus validator set unresolved height=1674 chain_height=2547 expected_hash=d75b74ab local_hash= local_source=none snapshot_missing=false
[WARN] consensus validator set unresolved height=1675 chain_height=2547 expected_hash=d75b74ab local_hash= local_source=none snapshot_missing=false
[WARN] consensus validator set unresolved height=1676 chain_height=2547 expected_hash=d75b74ab local_hash= local_source=none snapshot_missing=false
[WARN] consensus validator set unresolved height=1677 chain_height=2547 expected_hash=d75b74ab local_hash= local_source=none snapshot_missing=false
[WARN] consensus validator set unresolved height=1678 chain_height=2547 expected_hash=d75b74ab local_hash= local_source=none snapshot_missing=false
[WARN] consensus validator set unresolved height=1679 chain_height=2547 expected_hash=d75b74ab local_hash= local_source=none snapshot_missing=false
[WARN] consensus validator set unresolved height=1680 chain_height=2547 expected_hash=d75b74ab local_hash= local_source=none snapshot_missing=false
[WARN] consensus validator set unresolved height=1681 chain_height=2547 expected_hash=d75b74ab local_hash= local_source=none snapshot_missing=false
[WARN] consensus validator set unresolved height=1682 chain_height=2547 expected_hash=d75b74ab local_hash= local_source=none snapshot_missing=false
[WARN] consensus validator set unresolved height=1683 chain_height=2547 expected_hash=d75b74ab local_hash= local_source=none snapshot_missing=false
[WARN] consensus validator set unresolved height=1684 chain_height=2547 expected_hash=d75b74ab local_hash= local_source=none snapshot_missing=false
[WARN] consensus validator set unresolved height=1685 chain_height=2547 expected_hash=d75b74ab local_hash= local_source=none snapshot_missing=false
[WARN] consensus validator set unresolved height=1686 chain_height=2547 expected_hash=d75b74ab local_hash= local_source=none snapshot_missing=false
[WARN] consensus validator set unresolved height=1687 chain_height=2547 expected_hash=d75b74ab local_hash= local_source=none snapshot_missing=false
[WARN] consensus validator set unresolved height=1688 chain_height=2547 expected_hash=d75b74ab local_hash= local_source=none snapshot_missing=false
[WARN] consensus validator set unresolved height=1689 chain_height=2547 expected_hash=d75b74ab local_hash= local_source=none snapshot_missing=false
[WARN] consensus validator set unresolved height=1690 chain_height=2547 expected_hash=d75b74ab local_hash= local_source=none snapshot_missing=false
[WARN] consensus validator set unresolved height=1691 chain_height=2547 expected_hash=d75b74ab local_hash= local_source=none snapshot_missing=false
[WARN] consensus validator set unresolved height=1692 chain_height=2547 expected_hash=d75b74ab local_hash= local_source=none snapshot_missing=false
[WARN] consensus validator set unresolved height=1693 chain_height=2547 expected_hash=d75b74ab local_hash= local_source=none snapshot_missing=false
[WARN] consensus validator set unresolved height=1694 chain_height=2547 expected_hash=d75b74ab local_hash= local_source=none snapshot_missing=false
[WARN] consensus validator set unresolved height=1695 chain_height=2547 expected_hash=d75b74ab local_hash= local_source=none snapshot_missing=false
[WARN] consensus validator set unresolved height=1696 chain_height=2547 expected_hash=d75b74ab local_hash= local_source=none snapshot_missing=false
[WARN] consensus validator set unresolved height=1697 chain_height=2547 expected_hash=d75b74ab local_hash= local_source=none snapshot_missing=false
[WARN] consensus validator set unresolved height=1698 chain_height=2547 expected_hash=d75b74ab local_hash= local_source=none snapshot_missing=false
[WARN] consensus validator set unresolved height=1699 chain_height=2547 expected_hash=d75b74ab local_hash= local_source=none snapshot_missing=false
[WARN] consensus validator set unresolved height=1700 chain_height=2547 expected_hash=d75b74ab local_hash= local_source=none snapshot_missing=false
[WARN] consensus validator set unresolved height=1701 chain_height=2547 expected_hash=d75b74ab local_hash= local_source=none snapshot_missing=false
[WARN] consensus validator set unresolved height=1702 chain_height=2547 expected_hash=d75b74ab local_hash= local_source=none snapshot_missing=false
[WARN] consensus validator set unresolved height=1703 chain_height=2547 expected_hash=d75b74ab local_hash= local_source=none snapshot_missing=false
[WARN] consensus validator set unresolved height=1704 chain_height=2547 expected_hash=d75b74ab local_hash= local_source=none snapshot_missing=false
[WARN] consensus validator set unresolved height=1705 chain_height=2547 expected_hash=d75b74ab local_hash= local_source=none snapshot_missing=false
[WARN] consensus validator set unresolved height=1706 chain_height=2547 expected_hash=d75b74ab local_hash= local_source=none snapshot_missing=false
[WARN] consensus validator set unresolved height=1707 chain_height=2547 expected_hash=d75b74ab local_hash= local_source=none snapshot_missing=false
[WARN] consensus validator set unresolved height=1708 chain_height=2547 expected_hash=d75b74ab local_hash= local_source=none snapshot_missing=false
[WARN] consensus validator set unresolved height=1709 chain_height=2547 expected_hash=d75b74ab local_hash= local_source=none snapshot_missing=false
[WARN] consensus validator set unresolved height=1710 chain_height=2547 expected_hash=d75b74ab local_hash= local_source=none snapshot_missing=false
[WARN] consensus validator set unresolved height=1711 chain_height=2547 expected_hash=d75b74ab local_hash= local_source=none snapshot_missing=false
[WARN] consensus validator set unresolved height=1712 chain_height=2547 expected_hash=d75b74ab local_hash= local_source=none snapshot_missing=false
[WARN] consensus validator set unresolved height=1713 chain_height=2547 expected_hash=d75b74ab local_hash= local_source=none snapshot_missing=false
[WARN] consensus validator set unresolved height=1714 chain_height=2547 expected_hash=d75b74ab local_hash= local_source=none snapshot_missing=false
[WARN] consensus validator set unresolved height=1715 chain_height=2547 expected_hash=d75b74ab local_hash= local_source=none snapshot_missing=false
[WARN] consensus validator set unresolved height=1716 chain_height=2547 expected_hash=d75b74ab local_hash= local_source=none snapshot_missing=false
[WARN] consensus validator set unresolved height=1717 chain_height=2547 expected_hash=d75b74ab local_hash= local_source=none snapshot_missing=false
[WARN] consensus validator set unresolved height=1718 chain_height=2547 expected_hash=d75b74ab local_hash= local_source=none snapshot_missing=false
[WARN] consensus validator set unresolved height=1719 chain_height=2547 expected_hash=d75b74ab local_hash= local_source=none snapshot_missing=false
[WARN] consensus validator set unresolved height=1720 chain_height=2547 expected_hash=d75b74ab local_hash= local_source=none snapshot_missing=false
[WARN] consensus validator set unresolved height=1721 chain_height=2547 expected_hash=d75b74ab local_hash= local_source=none snapshot_missing=false
[WARN] consensus validator set unresolved height=1722 chain_height=2547 expected_hash=d75b74ab local_hash= local_source=none snapshot_missing=false
[WARN] consensus validator set unresolved height=1723 chain_height=2547 expected_hash=d75b74ab local_hash= local_source=none snapshot_missing=false
[WARN] consensus validator set unresolved height=1724 chain_height=2547 expected_hash=d75b74ab local_hash= local_source=none snapshot_missing=false
[WARN] consensus validator set unresolved height=1725 chain_height=2547 expected_hash=d75b74ab local_hash= local_source=none snapshot_missing=false
[WARN] consensus validator set unresolved height=1726 chain_height=2547 expected_hash=d75b74ab local_hash= local_source=none snapshot_missing=false
[WARN] consensus validator set unresolved height=1727 chain_height=2547 expected_hash=d75b74ab local_hash= local_source=none snapshot_missing=false
[WARN] consensus validator set unresolved height=1728 chain_height=2547 expected_hash=d75b74ab local_hash= local_source=none snapshot_missing=false
[WARN] consensus validator set unresolved height=1729 chain_height=2547 expected_hash=d75b74ab local_hash= local_source=none snapshot_missing=false
[WARN] consensus validator set unresolved height=1730 chain_height=2547 expected_hash=d75b74ab local_hash= local_source=none snapshot_missing=false
[WARN] consensus validator set unresolved height=1731 chain_height=2547 expected_hash=d75b74ab local_hash= local_source=none snapshot_missing=false
[WARN] consensus validator set unresolved height=1732 chain_height=2547 expected_hash=d75b74ab local_hash= local_source=none snapshot_missing=false
[WARN] consensus validator set unresolved height=1733 chain_height=2547 expected_hash=d75b74ab local_hash= local_source=none snapshot_missing=false
[WARN] consensus validator set unresolved height=1734 chain_height=2547 expected_hash=d75b74ab local_hash= local_source=none snapshot_missing=false
[WARN] consensus validator set unresolved height=1735 chain_height=2547 expected_hash=d75b74ab local_hash= local_source=none snapshot_missing=false
[WARN] consensus validator set unresolved height=1736 chain_height=2547 expected_hash=d75b74ab local_hash= local_source=none snapshot_missing=false
[WARN] consensus validator set unresolved height=1737 chain_height=2547 expected_hash=d75b74ab local_hash= local_source=none snapshot_missing=false
[WARN] consensus validator set unresolved height=1738 chain_height=2547 expected_hash=d75b74ab local_hash= local_source=none snapshot_missing=false
[WARN] consensus validator set unresolved height=1739 chain_height=2547 expected_hash=d75b74ab local_hash= local_source=none snapshot_missing=false
[WARN] consensus validator set unresolved height=1740 chain_height=2547 expected_hash=d75b74ab local_hash= local_source=none snapshot_missing=false
[WARN] consensus validator set unresolved height=1741 chain_height=2547 expected_hash=d75b74ab local_hash= local_source=none snapshot_missing=false
[WARN] consensus validator set unresolved height=1742 chain_height=2547 expected_hash=d75b74ab local_hash= local_source=none snapshot_missing=false
[WARN] consensus validator set unresolved height=1743 chain_height=2547 expected_hash=d75b74ab local_hash= local_source=none snapshot_missing=false
[WARN] consensus validator set unresolved height=1744 chain_height=2547 expected_hash=d75b74ab local_hash= local_source=none snapshot_missing=false
[WARN] consensus validator set unresolved height=1745 chain_height=2547 expected_hash=d75b74ab local_hash= local_source=none snapshot_missing=false
[WARN] consensus validator set unresolved height=1746 chain_height=2547 expected_hash=d75b74ab local_hash= local_source=none snapshot_missing=false
[WARN] consensus validator set unresolved height=1747 chain_height=2547 expected_hash=d75b74ab local_hash= local_source=none snapshot_missing=false
[WARN] consensus validator set unresolved height=1748 chain_height=2547 expected_hash=d75b74ab local_hash= local_source=none snapshot_missing=false
[WARN] consensus validator set unresolved height=1749 chain_height=2547 expected_hash=d75b74ab local_hash= local_source=none snapshot_missing=false
[WARN] consensus validator set unresolved height=1750 chain_height=2547 expected_hash=d75b74ab local_hash= local_source=none snapshot_missing=false
[WARN] consensus validator set unresolved height=1751 chain_height=2547 expected_hash=d75b74ab local_hash= local_source=none snapshot_missing=false
[WARN] consensus validator set unresolved height=1752 chain_height=2547 expected_hash=d75b74ab local_hash= local_source=none snapshot_missing=false
[WARN] consensus validator set unresolved height=1753 chain_height=2547 expected_hash=d75b74ab local_hash= local_source=none snapshot_missing=false
[WARN] consensus validator set unresolved height=1754 chain_height=2547 expected_hash=d75b74ab local_hash= local_source=none snapshot_missing=false
[WARN] consensus validator set unresolved height=1755 chain_height=2547 expected_hash=d75b74ab local_hash= local_source=none snapshot_missing=false
[WARN] consensus validator set unresolved height=1756 chain_height=2547 expected_hash=d75b74ab local_hash= local_source=none snapshot_missing=false
[WARN] consensus validator set unresolved height=1757 chain_height=2547 expected_hash=d75b74ab local_hash= local_source=none snapshot_missing=false
[WARN] consensus validator set unresolved height=1758 chain_height=2547 expected_hash=d75b74ab local_hash= local_source=none snapshot_missing=false
[WARN] consensus validator set unresolved height=1759 chain_height=2547 expected_hash=d75b74ab local_hash= local_source=none snapshot_missing=false
[WARN] consensus validator set unresolved height=1760 chain_height=2547 expected_hash=d75b74ab local_hash= local_source=none snapshot_missing=false
[WARN] consensus validator set unresolved height=1761 chain_height=2547 expected_hash=d75b74ab local_hash= local_source=none snapshot_missing=false
[WARN] consensus validator set unresolved height=1762 chain_height=2547 expected_hash=d75b74ab local_hash= local_source=none snapshot_missing=false
[WARN] consensus validator set unresolved height=1763 chain_height=2547 expected_hash=d75b74ab local_hash= local_source=none snapshot_missing=false
[WARN] consensus validator set unresolved height=1764 chain_height=2547 expected_hash=d75b74ab local_hash= local_source=none snapshot_missing=false
[WARN] consensus validator set unresolved height=1765 chain_height=2547 expected_hash=d75b74ab local_hash= local_source=none snapshot_missing=false
[WARN] consensus validator set unresolved height=1766 chain_height=2547 expected_hash=d75b74ab local_hash= local_source=none snapshot_missing=false
[WARN] consensus validator set unresolved height=1767 chain_height=2547 expected_hash=d75b74ab local_hash= local_source=none snapshot_missing=false
[WARN] consensus validator set unresolved height=1768 chain_height=2547 expected_hash=d75b74ab local_hash= local_source=none snapshot_missing=false
[WARN] consensus validator set unresolved height=1769 chain_height=2547 expected_hash=d75b74ab local_hash= local_source=none snapshot_missing=false
[WARN] consensus validator set unresolved height=1770 chain_height=2547 expected_hash=d75b74ab local_hash= local_source=none snapshot_missing=false
[WARN] consensus validator set unresolved height=1771 chain_height=2547 expected_hash=d75b74ab local_hash= local_source=none snapshot_missing=false
[WARN] consensus validator set unresolved height=1772 chain_height=2547 expected_hash=d75b74ab local_hash= local_source=none snapshot_missing=false
[WARN] consensus validator set unresolved height=1773 chain_height=2547 expected_hash=d75b74ab local_hash= local_source=none snapshot_missing=false
[WARN] consensus validator set unresolved height=1774 chain_height=2547 expected_hash=d75b74ab local_hash= local_source=none snapshot_missing=false
[WARN] consensus validator set unresolved height=1775 chain_height=2547 expected_hash=d75b74ab local_hash= local_source=none snapshot_missing=false
[WARN] consensus validator set unresolved height=1776 chain_height=2547 expected_hash=d75b74ab local_hash= local_source=none snapshot_missing=false
[WARN] consensus validator set unresolved height=1777 chain_height=2547 expected_hash=d75b74ab local_hash= local_source=none snapshot_missing=false
[WARN] consensus validator set unresolved height=1778 chain_height=2547 expected_hash=d75b74ab local_hash= local_source=none snapshot_missing=false
[WARN] consensus validator set unresolved height=1779 chain_height=2547 expected_hash=d75b74ab local_hash= local_source=none snapshot_missing=false
[WARN] consensus validator set unresolved height=1780 chain_height=2547 expected_hash=d75b74ab local_hash= local_source=none snapshot_missing=false
[WARN] consensus validator set unresolved height=1781 chain_height=2547 expected_hash=d75b74ab local_hash= local_source=none snapshot_missing=false
[WARN] consensus validator set unresolved height=1782 chain_height=2547 expected_hash=d75b74ab local_hash= local_source=none snapshot_missing=false
[WARN] consensus validator set unresolved height=1783 chain_height=2547 expected_hash=d75b74ab local_hash= local_source=none snapshot_missing=false
[WARN] consensus validator set unresolved height=1784 chain_height=2547 expected_hash=d75b74ab local_hash= local_source=none snapshot_missing=false
[WARN] consensus validator set unresolved height=1785 chain_height=2547 expected_hash=d75b74ab local_hash= local_source=none snapshot_missing=false
[WARN] consensus validator set unresolved height=1786 chain_height=2547 expected_hash=d75b74ab local_hash= local_source=none snapshot_missing=false
[WARN] consensus validator set unresolved height=1787 chain_height=2547 expected_hash=d75b74ab local_hash= local_source=none snapshot_missing=false
[WARN] consensus validator set unresolved height=1788 chain_height=2547 expected_hash=d75b74ab local_hash= local_source=none snapshot_missing=false
[WARN] consensus validator set unresolved height=1789 chain_height=2547 expected_hash=d75b74ab local_hash= local_source=none snapshot_missing=false
[WARN] consensus validator set unresolved height=1790 chain_height=2547 expected_hash=d75b74ab local_hash= local_source=none snapshot_missing=false
[WARN] consensus validator set unresolved height=1791 chain_height=2547 expected_hash=d75b74ab local_hash= local_source=none snapshot_missing=false
[WARN] consensus validator set unresolved height=1792 chain_height=2547 expected_hash=d75b74ab local_hash= local_source=none snapshot_missing=false
[WARN] consensus validator set unresolved height=1793 chain_height=2547 expected_hash=d75b74ab local_hash= local_source=none snapshot_missing=false
[WARN] consensus validator set unresolved height=1794 chain_height=2547 expected_hash=d75b74ab local_hash= local_source=none snapshot_missing=false
[WARN] consensus validator set unresolved height=1795 chain_height=2547 expected_hash=d75b74ab local_hash= local_source=none snapshot_missing=false
[WARN] consensus validator set unresolved height=1796 chain_height=2547 expected_hash=d75b74ab local_hash= local_source=none snapshot_missing=false
[WARN] consensus validator set unresolved height=1797 chain_height=2547 expected_hash=d75b74ab local_hash= local_source=none snapshot_missing=false
[WARN] consensus validator set unresolved height=1798 chain_height=2547 expected_hash=d75b74ab local_hash= local_source=none snapshot_missing=false
[WARN] consensus validator set unresolved height=1799 chain_height=2547 expected_hash=d75b74ab local_hash= local_source=none snapshot_missing=false
[WARN] consensus validator set unresolved height=1800 chain_height=2547 expected_hash=d75b74ab local_hash= local_source=none snapshot_missing=false
[WARN] consensus validator set unresolved height=1801 chain_height=2547 expected_hash=d75b74ab local_hash= local_source=none snapshot_missing=false
[WARN] consensus validator set unresolved height=1802 chain_height=2547 expected_hash=d75b74ab local_hash= local_source=none snapshot_missing=false
[WARN] consensus validator set unresolved height=1803 chain_height=2547 expected_hash=d75b74ab local_hash= local_source=none snapshot_missing=false
[WARN] consensus validator set unresolved height=1804 chain_height=2547 expected_hash=d75b74ab local_hash= local_source=none snapshot_missing=false
[WARN] consensus validator set unresolved height=1805 chain_height=2547 expected_hash=d75b74ab local_hash= local_source=none snapshot_missing=false
[WARN] consensus validator set unresolved height=1806 chain_height=2547 expected_hash=d75b74ab local_hash= local_source=none snapshot_missing=false
[WARN] consensus validator set unresolved height=1807 chain_height=2547 expected_hash=d75b74ab local_hash= local_source=none snapshot_missing=false
[WARN] consensus validator set unresolved height=1808 chain_height=2547 expected_hash=d75b74ab local_hash= local_source=none snapshot_missing=false
[WARN] consensus validator set unresolved height=1809 chain_height=2547 expected_hash=d75b74ab local_hash= local_source=none snapshot_missing=false
[WARN] consensus validator set unresolved height=1810 chain_height=2547 expected_hash=d75b74ab local_hash= local_source=none snapshot_missing=false
[WARN] consensus validator set unresolved height=1811 chain_height=2547 expected_hash=d75b74ab local_hash= local_source=none snapshot_missing=false
[WARN] consensus validator set unresolved height=1812 chain_height=2547 expected_hash=d75b74ab local_hash= local_source=none snapshot_missing=false
[WARN] consensus validator set unresolved height=1813 chain_height=2547 expected_hash=d75b74ab local_hash= local_source=none snapshot_missing=false
[WARN] consensus validator set unresolved height=1814 chain_height=2547 expected_hash=d75b74ab local_hash= local_source=none snapshot_missing=false
[WARN] consensus validator set unresolved height=1815 chain_height=2547 expected_hash=d75b74ab local_hash= local_source=none snapshot_missing=false
[WARN] consensus validator set unresolved height=1816 chain_height=2547 expected_hash=d75b74ab local_hash= local_source=none snapshot_missing=false
[WARN] consensus validator set unresolved height=1817 chain_height=2547 expected_hash=d75b74ab local_hash= local_source=none snapshot_missing=false
[WARN] consensus validator set unresolved height=1818 chain_height=2547 expected_hash=d75b74ab local_hash= local_source=none snapshot_missing=false
[WARN] consensus validator set unresolved height=1819 chain_height=2547 expected_hash=d75b74ab local_hash= local_source=none snapshot_missing=false
[WARN] consensus validator set unresolved height=1820 chain_height=2547 expected_hash=d75b74ab local_hash= local_source=none snapshot_missing=false
[WARN] consensus validator set unresolved height=1821 chain_height=2547 expected_hash=d75b74ab local_hash= local_source=none snapshot_missing=false
[WARN] consensus validator set unresolved height=1822 chain_height=2547 expected_hash=d75b74ab local_hash= local_source=none snapshot_missing=false
[WARN] consensus validator set unresolved height=1823 chain_height=2547 expected_hash=d75b74ab local_hash= local_source=none snapshot_missing=false
[WARN] consensus validator set unresolved height=1824 chain_height=2547 expected_hash=d75b74ab local_hash= local_source=none snapshot_missing=false
[WARN] consensus validator set unresolved height=1825 chain_height=2547 expected_hash=d75b74ab local_hash= local_source=none snapshot_missing=false
[WARN] consensus validator set unresolved height=1826 chain_height=2547 expected_hash=d75b74ab local_hash= local_source=none snapshot_missing=false
[WARN] consensus validator set unresolved height=1827 chain_height=2547 expected_hash=d75b74ab local_hash= local_source=none snapshot_missing=false
[WARN] consensus validator set unresolved height=1828 chain_height=2547 expected_hash=d75b74ab local_hash= local_source=none snapshot_missing=false
[WARN] consensus validator set unresolved height=1829 chain_height=2547 expected_hash=d75b74ab local_hash= local_source=none snapshot_missing=false
[WARN] consensus validator set unresolved height=1830 chain_height=2547 expected_hash=d75b74ab local_hash= local_source=none snapshot_missing=false
[WARN] consensus validator set unresolved height=1831 chain_height=2547 expected_hash=d75b74ab local_hash= local_source=none snapshot_missing=false
[WARN] consensus validator set unresolved height=1832 chain_height=2547 expected_hash=d75b74ab local_hash= local_source=none snapshot_missing=false
[WARN] consensus validator set unresolved height=1833 chain_height=2547 expected_hash=d75b74ab local_hash= local_source=none snapshot_missing=false
[WARN] consensus validator set unresolved height=1834 chain_height=2547 expected_hash=d75b74ab local_hash= local_source=none snapshot_missing=false
[WARN] consensus validator set unresolved height=1835 chain_height=2547 expected_hash=d75b74ab local_hash= local_source=none snapshot_missing=false
[WARN] consensus validator set unresolved height=1836 chain_height=2547 expected_hash=d75b74ab local_hash= local_source=none snapshot_missing=false
[WARN] consensus validator set unresolved height=1837 chain_height=2547 expected_hash=d75b74ab local_hash= local_source=none snapshot_missing=false
[WARN] consensus validator set unresolved height=1838 chain_height=2547 expected_hash=d75b74ab local_hash= local_source=none snapshot_missing=false
[WARN] consensus validator set unresolved height=1839 chain_height=2547 expected_hash=d75b74ab local_hash= local_source=none snapshot_missing=false
[WARN] consensus validator set unresolved height=1840 chain_height=2547 expected_hash=d75b74ab local_hash= local_source=none snapshot_missing=false
[WARN] consensus validator set unresolved height=1841 chain_height=2547 expected_hash=d75b74ab local_hash= local_source=none snapshot_missing=false
[WARN] consensus validator set unresolved height=1842 chain_height=2547 expected_hash=d75b74ab local_hash= local_source=none snapshot_missing=false
[WARN] consensus validator set unresolved height=1843 chain_height=2547 expected_hash=d75b74ab local_hash= local_source=none snapshot_missing=false
[WARN] consensus validator set unresolved height=1844 chain_height=2547 expected_hash=d75b74ab local_hash= local_source=none snapshot_missing=false
[WARN] consensus validator set unresolved height=1845 chain_height=2547 expected_hash=d75b74ab local_hash= local_source=none snapshot_missing=false
[WARN] consensus validator set unresolved height=1846 chain_height=2547 expected_hash=d75b74ab local_hash= local_source=none snapshot_missing=false
[WARN] consensus validator set unresolved height=1847 chain_height=2547 expected_hash=d75b74ab local_hash= local_source=none snapshot_missing=false
[WARN] consensus validator set unresolved height=1848 chain_height=2547 expected_hash=d75b74ab local_hash= local_source=none snapshot_missing=false
[WARN] consensus validator set unresolved height=1849 chain_height=2547 expected_hash=d75b74ab local_hash= local_source=none snapshot_missing=false
[WARN] consensus validator set unresolved height=1850 chain_height=2547 expected_hash=d75b74ab local_hash= local_source=none snapshot_missing=false
[WARN] consensus validator set unresolved height=1851 chain_height=2547 expected_hash=d75b74ab local_hash= local_source=none snapshot_missing=false
[WARN] consensus validator set unresolved height=1852 chain_height=2547 expected_hash=d75b74ab local_hash= local_source=none snapshot_missing=false
[WARN] consensus validator set unresolved height=1853 chain_height=2547 expected_hash=d75b74ab local_hash= local_source=none snapshot_missing=false
[WARN] consensus validator set unresolved height=1854 chain_height=2547 expected_hash=d75b74ab local_hash= local_source=none snapshot_missing=false
[WARN] consensus validator set unresolved height=1855 chain_height=2547 expected_hash=d75b74ab local_hash= local_source=none snapshot_missing=false
[WARN] consensus validator set unresolved height=1856 chain_height=2547 expected_hash=d75b74ab local_hash= local_source=none snapshot_missing=false
[WARN] consensus validator set unresolved height=1857 chain_height=2547 expected_hash=d75b74ab local_hash= local_source=none snapshot_missing=false
[WARN] consensus validator set unresolved height=1858 chain_height=2547 expected_hash=d75b74ab local_hash= local_source=none snapshot_missing=false
[WARN] consensus validator set unresolved height=1859 chain_height=2547 expected_hash=d75b74ab local_hash= local_source=none snapshot_missing=false
[WARN] consensus validator set unresolved height=1860 chain_height=2547 expected_hash=d75b74ab local_hash= local_source=none snapshot_missing=false
[WARN] consensus validator set unresolved height=1861 chain_height=2547 expected_hash=d75b74ab local_hash= local_source=none snapshot_missing=false
[WARN] consensus validator set unresolved height=1862 chain_height=2547 expected_hash=d75b74ab local_hash= local_source=none snapshot_missing=false
[WARN] consensus validator set unresolved height=1863 chain_height=2547 expected_hash=d75b74ab local_hash= local_source=none snapshot_missing=false
[WARN] consensus validator set unresolved height=1864 chain_height=2547 expected_hash=d75b74ab local_hash= local_source=none snapshot_missing=false
[WARN] consensus validator set unresolved height=1865 chain_height=2547 expected_hash=d75b74ab local_hash= local_source=none snapshot_missing=false
[WARN] consensus validator set unresolved height=1866 chain_height=2547 expected_hash=d75b74ab local_hash= local_source=none snapshot_missing=false
[WARN] consensus validator set unresolved height=1867 chain_height=2547 expected_hash=d75b74ab local_hash= local_source=none snapshot_missing=false
[WARN] consensus validator set unresolved height=1868 chain_height=2547 expected_hash=d75b74ab local_hash= local_source=none snapshot_missing=false
[WARN] consensus validator set unresolved height=1869 chain_height=2547 expected_hash=d75b74ab local_hash= local_source=none snapshot_missing=false
[WARN] consensus validator set unresolved height=1870 chain_height=2547 expected_hash=d75b74ab local_hash= local_source=none snapshot_missing=false
[WARN] consensus validator set unresolved height=1871 chain_height=2547 expected_hash=d75b74ab local_hash= local_source=none snapshot_missing=false
[WARN] consensus validator set unresolved height=1872 chain_height=2547 expected_hash=d75b74ab local_hash= local_source=none snapshot_missing=false
[WARN] consensus validator set unresolved height=1873 chain_height=2547 expected_hash=d75b74ab local_hash= local_source=none snapshot_missing=false
[WARN] consensus validator set unresolved height=1874 chain_height=2547 expected_hash=d75b74ab local_hash= local_source=none snapshot_missing=false
[WARN] consensus validator set unresolved height=1875 chain_height=2547 expected_hash=d75b74ab local_hash= local_source=none snapshot_missing=false
[WARN] consensus validator set unresolved height=1876 chain_height=2547 expected_hash=d75b74ab local_hash= local_source=none snapshot_missing=false
[WARN] consensus validator set unresolved height=1877 chain_height=2547 expected_hash=d75b74ab local_hash= local_source=none snapshot_missing=false
[WARN] consensus validator set unresolved height=1878 chain_height=2547 expected_hash=d75b74ab local_hash= local_source=none snapshot_missing=false
[WARN] consensus validator set unresolved height=1879 chain_height=2547 expected_hash=d75b74ab local_hash= local_source=none snapshot_missing=false
[WARN] consensus validator set unresolved height=1880 chain_height=2547 expected_hash=d75b74ab local_hash= local_source=none snapshot_missing=false
[WARN] consensus validator set unresolved height=1881 chain_height=2547 expected_hash=d75b74ab local_hash= local_source=none snapshot_missing=false
[WARN] consensus validator set unresolved height=1882 chain_height=2547 expected_hash=d75b74ab local_hash= local_source=none snapshot_missing=false
[WARN] consensus validator set unresolved height=1883 chain_height=2547 expected_hash=d75b74ab local_hash= local_source=none snapshot_missing=false
[WARN] consensus validator set unresolved height=1884 chain_height=2547 expected_hash=d75b74ab local_hash= local_source=none snapshot_missing=false
[WARN] consensus validator set unresolved height=1885 chain_height=2547 expected_hash=d75b74ab local_hash= local_source=none snapshot_missing=false
[WARN] consensus validator set unresolved height=1886 chain_height=2547 expected_hash=d75b74ab local_hash= local_source=none snapshot_missing=false
[WARN] consensus validator set unresolved height=1887 chain_height=2547 expected_hash=d75b74ab local_hash= local_source=none snapshot_missing=false
[WARN] consensus validator set unresolved height=1888 chain_height=2547 expected_hash=d75b74ab local_hash= local_source=none snapshot_missing=false
[WARN] consensus validator set unresolved height=1889 chain_height=2547 expected_hash=d75b74ab local_hash= local_source=none snapshot_missing=false
[WARN] consensus validator set unresolved height=1890 chain_height=2547 expected_hash=d75b74ab local_hash= local_source=none snapshot_missing=false
[WARN] consensus validator set unresolved height=1891 chain_height=2547 expected_hash=d75b74ab local_hash= local_source=none snapshot_missing=false
[WARN] consensus validator set unresolved height=1892 chain_height=2547 expected_hash=d75b74ab local_hash= local_source=none snapshot_missing=false
[WARN] consensus validator set unresolved height=1893 chain_height=2547 expected_hash=d75b74ab local_hash= local_source=none snapshot_missing=false
[WARN] consensus validator set unresolved height=1894 chain_height=2547 expected_hash=d75b74ab local_hash= local_source=none snapshot_missing=false
[WARN] consensus validator set unresolved height=1895 chain_height=2547 expected_hash=d75b74ab local_hash= local_source=none snapshot_missing=false
[WARN] consensus validator set unresolved height=1896 chain_height=2547 expected_hash=d75b74ab local_hash= local_source=none snapshot_missing=false
[WARN] consensus validator set unresolved height=1897 chain_height=2547 expected_hash=d75b74ab local_hash= local_source=none snapshot_missing=false
[WARN] consensus validator set unresolved height=1898 chain_height=2547 expected_hash=d75b74ab local_hash= local_source=none snapshot_missing=false
[WARN] consensus validator set unresolved height=1899 chain_height=2547 expected_hash=d75b74ab local_hash= local_source=none snapshot_missing=false
[WARN] consensus validator set unresolved height=1900 chain_height=2547 expected_hash=d75b74ab local_hash= local_source=none snapshot_missing=false
[WARN] consensus validator set unresolved height=1901 chain_height=2547 expected_hash=d75b74ab local_hash= local_source=none snapshot_missing=false
[WARN] consensus validator set unresolved height=1902 chain_height=2547 expected_hash=d75b74ab local_hash= local_source=none snapshot_missing=false
[WARN] consensus validator set unresolved height=1903 chain_height=2547 expected_hash=d75b74ab local_hash= local_source=none snapshot_missing=false
[WARN] consensus validator set unresolved height=1904 chain_height=2547 expected_hash=d75b74ab local_hash= local_source=none snapshot_missing=false
[WARN] consensus validator set unresolved height=1905 chain_height=2547 expected_hash=d75b74ab local_hash= local_source=none snapshot_missing=false
[WARN] consensus validator set unresolved height=1906 chain_height=2547 expected_hash=d75b74ab local_hash= local_source=none snapshot_missing=false
[WARN] consensus validator set unresolved height=1907 chain_height=2547 expected_hash=d75b74ab local_hash= local_source=none snapshot_missing=false
[WARN] consensus validator set unresolved height=1908 chain_height=2547 expected_hash=d75b74ab local_hash= local_source=none snapshot_missing=false
[WARN] consensus validator set unresolved height=1909 chain_height=2547 expected_hash=d75b74ab local_hash= local_source=none snapshot_missing=false
[WARN] consensus validator set unresolved height=1910 chain_height=2547 expected_hash=d75b74ab local_hash= local_source=none snapshot_missing=false
[WARN] consensus validator set unresolved height=1911 chain_height=2547 expected_hash=d75b74ab local_hash= local_source=none snapshot_missing=false
[WARN] consensus validator set unresolved height=1912 chain_height=2547 expected_hash=d75b74ab local_hash= local_source=none snapshot_missing=false
[WARN] consensus validator set unresolved height=1913 chain_height=2547 expected_hash=d75b74ab local_hash= local_source=none snapshot_missing=false
[WARN] consensus validator set unresolved height=1914 chain_height=2547 expected_hash=d75b74ab local_hash= local_source=none snapshot_missing=false
[WARN] consensus validator set unresolved height=1915 chain_height=2547 expected_hash=d75b74ab local_hash= local_source=none snapshot_missing=false
[WARN] consensus validator set unresolved height=1916 chain_height=2547 expected_hash=d75b74ab local_hash= local_source=none snapshot_missing=false
[WARN] consensus validator set unresolved height=1917 chain_height=2547 expected_hash=d75b74ab local_hash= local_source=none snapshot_missing=false
[WARN] consensus validator set unresolved height=1918 chain_height=2547 expected_hash=d75b74ab local_hash= local_source=none snapshot_missing=false
[WARN] consensus validator set unresolved height=1919 chain_height=2547 expected_hash=d75b74ab local_hash= local_source=none snapshot_missing=false
[WARN] consensus validator set unresolved height=1920 chain_height=2547 expected_hash=d75b74ab local_hash= local_source=none snapshot_missing=false
[WARN] consensus validator set unresolved height=1921 chain_height=2547 expected_hash=d75b74ab local_hash= local_source=none snapshot_missing=false
[WARN] consensus validator set unresolved height=1922 chain_height=2547 expected_hash=d75b74ab local_hash= local_source=none snapshot_missing=false
[WARN] consensus validator set unresolved height=1923 chain_height=2547 expected_hash=d75b74ab local_hash= local_source=none snapshot_missing=false
[WARN] consensus validator set unresolved height=1924 chain_height=2547 expected_hash=d75b74ab local_hash= local_source=none snapshot_missing=false
[WARN] consensus validator set unresolved height=1925 chain_height=2547 expected_hash=d75b74ab local_hash= local_source=none snapshot_missing=false
[WARN] consensus validator set unresolved height=1926 chain_height=2547 expected_hash=d75b74ab local_hash= local_source=none snapshot_missing=false
[WARN] consensus validator set unresolved height=1927 chain_height=2547 expected_hash=d75b74ab local_hash= local_source=none snapshot_missing=false
[WARN] consensus validator set unresolved height=1928 chain_height=2547 expected_hash=d75b74ab local_hash= local_source=none snapshot_missing=false
[WARN] consensus validator set unresolved height=1929 chain_height=2547 expected_hash=d75b74ab local_hash= local_source=none snapshot_missing=false
[WARN] consensus validator set unresolved height=1930 chain_height=2547 expected_hash=d75b74ab local_hash= local_source=none snapshot_missing=false
[WARN] consensus validator set unresolved height=1931 chain_height=2547 expected_hash=d75b74ab local_hash= local_source=none snapshot_missing=false
[WARN] consensus validator set unresolved height=1932 chain_height=2547 expected_hash=d75b74ab local_hash= local_source=none snapshot_missing=false
[WARN] consensus validator set unresolved height=1933 chain_height=2547 expected_hash=d75b74ab local_hash= local_source=none snapshot_missing=false
[WARN] consensus validator set unresolved height=1934 chain_height=2547 expected_hash=d75b74ab local_hash= local_source=none snapshot_missing=false
[WARN] consensus validator set unresolved height=1935 chain_height=2547 expected_hash=d75b74ab local_hash= local_source=none snapshot_missing=false
[WARN] consensus validator set unresolved height=1936 chain_height=2547 expected_hash=d75b74ab local_hash= local_source=none snapshot_missing=false
[WARN] consensus validator set unresolved height=1937 chain_height=2547 expected_hash=d75b74ab local_hash= local_source=none snapshot_missing=false
[WARN] consensus validator set unresolved height=1938 chain_height=2547 expected_hash=d75b74ab local_hash= local_source=none snapshot_missing=false
[WARN] consensus validator set unresolved height=1939 chain_height=2547 expected_hash=d75b74ab local_hash= local_source=none snapshot_missing=false
[WARN] consensus validator set unresolved height=1940 chain_height=2547 expected_hash=d75b74ab local_hash= local_source=none snapshot_missing=false
[WARN] consensus validator set unresolved height=1941 chain_height=2547 expected_hash=d75b74ab local_hash= local_source=none snapshot_missing=false
[WARN] consensus validator set unresolved height=1942 chain_height=2547 expected_hash=d75b74ab local_hash= local_source=none snapshot_missing=false
[WARN] consensus validator set unresolved height=1943 chain_height=2547 expected_hash=d75b74ab local_hash= local_source=none snapshot_missing=false
[WARN] consensus validator set unresolved height=1944 chain_height=2547 expected_hash=d75b74ab local_hash= local_source=none snapshot_missing=false
[WARN] consensus validator set unresolved height=1945 chain_height=2547 expected_hash=d75b74ab local_hash= local_source=none snapshot_missing=false
[WARN] consensus validator set unresolved height=1946 chain_height=2547 expected_hash=d75b74ab local_hash= local_source=none snapshot_missing=false
[WARN] consensus validator set unresolved height=1947 chain_height=2547 expected_hash=d75b74ab local_hash= local_source=none snapshot_missing=false
[WARN] consensus validator set unresolved height=1948 chain_height=2547 expected_hash=d75b74ab local_hash= local_source=none snapshot_missing=false
[WARN] consensus validator set unresolved height=1949 chain_height=2547 expected_hash=d75b74ab local_hash= local_source=none snapshot_missing=false
[WARN] consensus validator set unresolved height=1950 chain_height=2547 expected_hash=d75b74ab local_hash= local_source=none snapshot_missing=false
[WARN] consensus validator set unresolved height=1951 chain_height=2547 expected_hash=d75b74ab local_hash= local_source=none snapshot_missing=false
[WARN] consensus validator set unresolved height=1952 chain_height=2547 expected_hash=d75b74ab local_hash= local_source=none snapshot_missing=false
[WARN] consensus validator set unresolved height=1953 chain_height=2547 expected_hash=d75b74ab local_hash= local_source=none snapshot_missing=false
[WARN] consensus validator set unresolved height=1954 chain_height=2547 expected_hash=d75b74ab local_hash= local_source=none snapshot_missing=false
[WARN] consensus validator set unresolved height=1955 chain_height=2547 expected_hash=d75b74ab local_hash= local_source=none snapshot_missing=false
[WARN] consensus validator set unresolved height=1956 chain_height=2547 expected_hash=d75b74ab local_hash= local_source=none snapshot_missing=false
[WARN] consensus validator set unresolved height=1957 chain_height=2547 expected_hash=d75b74ab local_hash= local_source=none snapshot_missing=false
[WARN] consensus validator set unresolved height=1958 chain_height=2547 expected_hash=d75b74ab local_hash= local_source=none snapshot_missing=false
[WARN] consensus validator set unresolved height=1959 chain_height=2547 expected_hash=d75b74ab local_hash= local_source=none snapshot_missing=false
[WARN] consensus validator set unresolved height=1960 chain_height=2547 expected_hash=d75b74ab local_hash= local_source=none snapshot_missing=false
[WARN] consensus validator set unresolved height=1961 chain_height=2547 expected_hash=d75b74ab local_hash= local_source=none snapshot_missing=false
[WARN] consensus validator set unresolved height=1962 chain_height=2547 expected_hash=d75b74ab local_hash= local_source=none snapshot_missing=false
[WARN] consensus validator set unresolved height=1963 chain_height=2547 expected_hash=d75b74ab local_hash= local_source=none snapshot_missing=false
[WARN] consensus validator set unresolved height=1964 chain_height=2547 expected_hash=d75b74ab local_hash= local_source=none snapshot_missing=false
[WARN] consensus validator set unresolved height=1965 chain_height=2547 expected_hash=d75b74ab local_hash= local_source=none snapshot_missing=false
[WARN] consensus validator set unresolved height=1966 chain_height=2547 expected_hash=d75b74ab local_hash= local_source=none snapshot_missing=false
[WARN] consensus validator set unresolved height=1967 chain_height=2547 expected_hash=d75b74ab local_hash= local_source=none snapshot_missing=false
[WARN] consensus validator set unresolved height=1968 chain_height=2547 expected_hash=d75b74ab local_hash= local_source=none snapshot_missing=false
[WARN] consensus validator set unresolved height=1969 chain_height=2547 expected_hash=d75b74ab local_hash= local_source=none snapshot_missing=false
[WARN] consensus validator set unresolved height=1970 chain_height=2547 expected_hash=d75b74ab local_hash= local_source=none snapshot_missing=false
[WARN] consensus validator set unresolved height=1971 chain_height=2547 expected_hash=d75b74ab local_hash= local_source=none snapshot_missing=false
[WARN] consensus validator set unresolved height=1972 chain_height=2547 expected_hash=d75b74ab local_hash= local_source=none snapshot_missing=false
[WARN] consensus validator set unresolved height=1973 chain_height=2547 expected_hash=d75b74ab local_hash= local_source=none snapshot_missing=false
[WARN] consensus validator set unresolved height=1974 chain_height=2547 expected_hash=d75b74ab local_hash= local_source=none snapshot_missing=false
[WARN] consensus validator set unresolved height=1975 chain_height=2547 expected_hash=d75b74ab local_hash= local_source=none snapshot_missing=false
[WARN] consensus validator set unresolved height=1976 chain_height=2547 expected_hash=d75b74ab local_hash= local_source=none snapshot_missing=false
[WARN] consensus validator set unresolved height=1977 chain_height=2547 expected_hash=d75b74ab local_hash= local_source=none snapshot_missing=false
[WARN] consensus validator set unresolved height=1978 chain_height=2547 expected_hash=d75b74ab local_hash= local_source=none snapshot_missing=false
[WARN] consensus validator set unresolved height=1979 chain_height=2547 expected_hash=d75b74ab local_hash= local_source=none snapshot_missing=false
[WARN] consensus validator set unresolved height=1980 chain_height=2547 expected_hash=d75b74ab local_hash= local_source=none snapshot_missing=false
[WARN] consensus validator set unresolved height=1981 chain_height=2547 expected_hash=d75b74ab local_hash= local_source=none snapshot_missing=false
[WARN] consensus validator set unresolved height=1982 chain_height=2547 expected_hash=d75b74ab local_hash= local_source=none snapshot_missing=false
[WARN] consensus validator set unresolved height=1983 chain_height=2547 expected_hash=d75b74ab local_hash= local_source=none snapshot_missing=false
[WARN] consensus validator set unresolved height=1984 chain_height=2547 expected_hash=d75b74ab local_hash= local_source=none snapshot_missing=false
[WARN] consensus validator set unresolved height=1985 chain_height=2547 expected_hash=d75b74ab local_hash= local_source=none snapshot_missing=false
[WARN] consensus validator set unresolved height=1986 chain_height=2547 expected_hash=d75b74ab local_hash= local_source=none snapshot_missing=false
[WARN] consensus validator set unresolved height=1987 chain_height=2547 expected_hash=d75b74ab local_hash= local_source=none snapshot_missing=false
[WARN] consensus validator set unresolved height=1988 chain_height=2547 expected_hash=d75b74ab local_hash= local_source=none snapshot_missing=false
[WARN] consensus validator set unresolved height=1989 chain_height=2547 expected_hash=d75b74ab local_hash= local_source=none snapshot_missing=false
[WARN] consensus validator set unresolved height=1990 chain_height=2547 expected_hash=d75b74ab local_hash= local_source=none snapshot_missing=false
[WARN] consensus validator set unresolved height=1991 chain_height=2547 expected_hash=d75b74ab local_hash= local_source=none snapshot_missing=false
[WARN] consensus validator set unresolved height=1992 chain_height=2547 expected_hash=d75b74ab local_hash= local_source=none snapshot_missing=false
[WARN] consensus validator set unresolved height=1993 chain_height=2547 expected_hash=d75b74ab local_hash= local_source=none snapshot_missing=false
[WARN] consensus validator set unresolved height=1994 chain_height=2547 expected_hash=d75b74ab local_hash= local_source=none snapshot_missing=false
[WARN] consensus validator set unresolved height=1995 chain_height=2547 expected_hash=d75b74ab local_hash= local_source=none snapshot_missing=false
[WARN] consensus validator set unresolved height=1996 chain_height=2547 expected_hash=d75b74ab local_hash= local_source=none snapshot_missing=false
[WARN] consensus validator set unresolved height=1997 chain_height=2547 expected_hash=d75b74ab local_hash= local_source=none snapshot_missing=false
[WARN] consensus validator set unresolved height=1998 chain_height=2547 expected_hash=d75b74ab local_hash= local_source=none snapshot_missing=false
[WARN] consensus validator set unresolved height=1999 chain_height=2547 expected_hash=d75b74ab local_hash= local_source=none snapshot_missing=false
[WARN] consensus validator set unresolved height=2000 chain_height=2547 expected_hash=d75b74ab local_hash= local_source=none snapshot_missing=false
[WARN] consensus validator set unresolved height=2001 chain_height=2547 expected_hash=d75b74ab local_hash= local_source=none snapshot_missing=false
[WARN] consensus validator set unresolved height=2002 chain_height=2547 expected_hash=d75b74ab local_hash= local_source=none snapshot_missing=false
[WARN] consensus validator set unresolved height=2003 chain_height=2547 expected_hash=d75b74ab local_hash= local_source=none snapshot_missing=false
[WARN] consensus validator set unresolved height=2004 chain_height=2547 expected_hash=d75b74ab local_hash= local_source=none snapshot_missing=false
[WARN] consensus validator set unresolved height=2005 chain_height=2547 expected_hash=d75b74ab local_hash= local_source=none snapshot_missing=false
[WARN] consensus validator set unresolved height=2006 chain_height=2547 expected_hash=d75b74ab local_hash= local_source=none snapshot_missing=false
[WARN] consensus validator set unresolved height=2007 chain_height=2547 expected_hash=d75b74ab local_hash= local_source=none snapshot_missing=false
[WARN] consensus validator set unresolved height=2008 chain_height=2547 expected_hash=d75b74ab local_hash= local_source=none snapshot_missing=false
[WARN] consensus validator set unresolved height=2009 chain_height=2547 expected_hash=d75b74ab local_hash= local_source=none snapshot_missing=false
[WARN] consensus validator set unresolved height=2010 chain_height=2547 expected_hash=d75b74ab local_hash= local_source=none snapshot_missing=false
[WARN] consensus validator set unresolved height=2011 chain_height=2547 expected_hash=d75b74ab local_hash= local_source=none snapshot_missing=false
[WARN] consensus validator set unresolved height=2012 chain_height=2547 expected_hash=d75b74ab local_hash= local_source=none snapshot_missing=false
[WARN] consensus validator set unresolved height=2013 chain_height=2547 expected_hash=d75b74ab local_hash= local_source=none snapshot_missing=false
[WARN] consensus validator set unresolved height=2014 chain_height=2547 expected_hash=d75b74ab local_hash= local_source=none snapshot_missing=false
[WARN] consensus validator set unresolved height=2015 chain_height=2547 expected_hash=d75b74ab local_hash= local_source=none snapshot_missing=false
[WARN] consensus validator set unresolved height=2016 chain_height=2547 expected_hash=d75b74ab local_hash= local_source=none snapshot_missing=false
[WARN] consensus validator set unresolved height=2017 chain_height=2547 expected_hash=d75b74ab local_hash= local_source=none snapshot_missing=false
[WARN] consensus validator set unresolved height=2018 chain_height=2547 expected_hash=d75b74ab local_hash= local_source=none snapshot_missing=false
[WARN] consensus validator set unresolved height=2019 chain_height=2547 expected_hash=d75b74ab local_hash= local_source=none snapshot_missing=false
[WARN] consensus validator set unresolved height=2020 chain_height=2547 expected_hash=d75b74ab local_hash= local_source=none snapshot_missing=false
[WARN] consensus validator set unresolved height=2021 chain_height=2547 expected_hash=d75b74ab local_hash= local_source=none snapshot_missing=false
[WARN] consensus validator set unresolved height=2022 chain_height=2547 expected_hash=d75b74ab local_hash= local_source=none snapshot_missing=false
[WARN] consensus validator set unresolved height=2023 chain_height=2547 expected_hash=d75b74ab local_hash= local_source=none snapshot_missing=false
[WARN] consensus validator set unresolved height=2024 chain_height=2547 expected_hash=d75b74ab local_hash= local_source=none snapshot_missing=false
[WARN] consensus validator set unresolved height=2025 chain_height=2547 expected_hash=d75b74ab local_hash= local_source=none snapshot_missing=false
[WARN] consensus validator set unresolved height=2026 chain_height=2547 expected_hash=d75b74ab local_hash= local_source=none snapshot_missing=false
[WARN] consensus validator set unresolved height=2027 chain_height=2547 expected_hash=d75b74ab local_hash= local_source=none snapshot_missing=false
[WARN] consensus validator set unresolved height=2028 chain_height=2547 expected_hash=d75b74ab local_hash= local_source=none snapshot_missing=false
[WARN] consensus validator set unresolved height=2029 chain_height=2547 expected_hash=d75b74ab local_hash= local_source=none snapshot_missing=false
[WARN] consensus validator set unresolved height=2030 chain_height=2547 expected_hash=d75b74ab local_hash= local_source=none snapshot_missing=false
[WARN] consensus validator set unresolved height=2031 chain_height=2547 expected_hash=d75b74ab local_hash= local_source=none snapshot_missing=false
[WARN] consensus validator set unresolved height=2032 chain_height=2547 expected_hash=d75b74ab local_hash= local_source=none snapshot_missing=false
[WARN] consensus validator set unresolved height=2033 chain_height=2547 expected_hash=d75b74ab local_hash= local_source=none snapshot_missing=false
[WARN] consensus validator set unresolved height=2034 chain_height=2547 expected_hash=d75b74ab local_hash= local_source=none snapshot_missing=false
[WARN] consensus validator set unresolved height=2035 chain_height=2547 expected_hash=d75b74ab local_hash= local_source=none snapshot_missing=false
[WARN] consensus validator set unresolved height=2036 chain_height=2547 expected_hash=d75b74ab local_hash= local_source=none snapshot_missing=false
[WARN] consensus validator set unresolved height=2037 chain_height=2547 expected_hash=d75b74ab local_hash= local_source=none snapshot_missing=false
[WARN] consensus validator set unresolved height=2038 chain_height=2547 expected_hash=d75b74ab local_hash= local_source=none snapshot_missing=false
[WARN] consensus validator set unresolved height=2039 chain_height=2547 expected_hash=d75b74ab local_hash= local_source=none snapshot_missing=false
[WARN] consensus validator set unresolved height=2040 chain_height=2547 expected_hash=d75b74ab local_hash= local_source=none snapshot_missing=false
[WARN] consensus validator set unresolved height=2041 chain_height=2547 expected_hash=d75b74ab local_hash= local_source=none snapshot_missing=false
[WARN] consensus validator set unresolved height=2042 chain_height=2547 expected_hash=d75b74ab local_hash= local_source=none snapshot_missing=false
[WARN] consensus validator set unresolved height=2043 chain_height=2547 expected_hash=d75b74ab local_hash= local_source=none snapshot_missing=false
[WARN] consensus validator set unresolved height=2044 chain_height=2547 expected_hash=d75b74ab local_hash= local_source=none snapshot_missing=false
[WARN] consensus validator set unresolved height=2045 chain_height=2547 expected_hash=d75b74ab local_hash= local_source=none snapshot_missing=false
[WARN] consensus validator set unresolved height=2046 chain_height=2547 expected_hash=d75b74ab local_hash= local_source=none snapshot_missing=false
[WARN] consensus validator set unresolved height=2047 chain_height=2547 expected_hash=d75b74ab local_hash= local_source=none snapshot_missing=false
[WARN] consensus validator set unresolved height=2048 chain_height=2547 expected_hash=d75b74ab local_hash= local_source=none snapshot_missing=false
[WARN] consensus validator set unresolved height=2049 chain_height=2547 expected_hash=d75b74ab local_hash= local_source=none snapshot_missing=false
[WARN] consensus validator set unresolved height=2050 chain_height=2547 expected_hash=d75b74ab local_hash= local_source=none snapshot_missing=false
[WARN] consensus validator set unresolved height=2051 chain_height=2547 expected_hash=d75b74ab local_hash= local_source=none snapshot_missing=false
[WARN] consensus validator set unresolved height=2052 chain_height=2547 expected_hash=d75b74ab local_hash= local_source=none snapshot_missing=false
[WARN] consensus validator set unresolved height=2053 chain_height=2547 expected_hash=d75b74ab local_hash= local_source=none snapshot_missing=false
[WARN] consensus validator set unresolved height=2054 chain_height=2547 expected_hash=d75b74ab local_hash= local_source=none snapshot_missing=false
[WARN] consensus validator set unresolved height=2055 chain_height=2547 expected_hash=d75b74ab local_hash= local_source=none snapshot_missing=false
[WARN] consensus validator set unresolved height=2056 chain_height=2547 expected_hash=d75b74ab local_hash= local_source=none snapshot_missing=false
[WARN] consensus validator set unresolved height=2057 chain_height=2547 expected_hash=d75b74ab local_hash= local_source=none snapshot_missing=false
[WARN] consensus validator set unresolved height=2058 chain_height=2547 expected_hash=d75b74ab local_hash= local_source=none snapshot_missing=false
[WARN] consensus validator set unresolved height=2059 chain_height=2547 expected_hash=d75b74ab local_hash= local_source=none snapshot_missing=false
[WARN] consensus validator set unresolved height=2060 chain_height=2547 expected_hash=d75b74ab local_hash= local_source=none snapshot_missing=false
[WARN] consensus validator set unresolved height=2061 chain_height=2547 expected_hash=d75b74ab local_hash= local_source=none snapshot_missing=false
[WARN] consensus validator set unresolved height=2062 chain_height=2547 expected_hash=d75b74ab local_hash= local_source=none snapshot_missing=false
[WARN] consensus validator set unresolved height=2063 chain_height=2547 expected_hash=d75b74ab local_hash= local_source=none snapshot_missing=false
[WARN] consensus validator set unresolved height=2064 chain_height=2547 expected_hash=d75b74ab local_hash= local_source=none snapshot_missing=false
[WARN] consensus validator set unresolved height=2065 chain_height=2547 expected_hash=d75b74ab local_hash= local_source=none snapshot_missing=false
[WARN] consensus validator set unresolved height=2066 chain_height=2547 expected_hash=d75b74ab local_hash= local_source=none snapshot_missing=false
[WARN] consensus validator set unresolved height=2067 chain_height=2547 expected_hash=d75b74ab local_hash= local_source=none snapshot_missing=false
[WARN] consensus validator set unresolved height=2068 chain_height=2547 expected_hash=d75b74ab local_hash= local_source=none snapshot_missing=false
[WARN] consensus validator set unresolved height=2069 chain_height=2547 expected_hash=d75b74ab local_hash= local_source=none snapshot_missing=false
[WARN] consensus validator set unresolved height=2070 chain_height=2547 expected_hash=d75b74ab local_hash= local_source=none snapshot_missing=false
[WARN] consensus validator set unresolved height=2071 chain_height=2547 expected_hash=d75b74ab local_hash= local_source=none snapshot_missing=false
[WARN] consensus validator set unresolved height=2072 chain_height=2547 expected_hash=d75b74ab local_hash= local_source=none snapshot_missing=false
[WARN] consensus validator set unresolved height=2073 chain_height=2547 expected_hash=d75b74ab local_hash= local_source=none snapshot_missing=false
[WARN] consensus validator set unresolved height=2074 chain_height=2547 expected_hash=d75b74ab local_hash= local_source=none snapshot_missing=false
[WARN] consensus validator set unresolved height=2075 chain_height=2547 expected_hash=d75b74ab local_hash= local_source=none snapshot_missing=false
[WARN] consensus validator set unresolved height=2076 chain_height=2547 expected_hash=d75b74ab local_hash= local_source=none snapshot_missing=false
[WARN] consensus validator set unresolved height=2077 chain_height=2547 expected_hash=d75b74ab local_hash= local_source=none snapshot_missing=false
[WARN] consensus validator set unresolved height=2078 chain_height=2547 expected_hash=d75b74ab local_hash= local_source=none snapshot_missing=false
[WARN] consensus validator set unresolved height=2079 chain_height=2547 expected_hash=d75b74ab local_hash= local_source=none snapshot_missing=false
[WARN] consensus validator set unresolved height=2080 chain_height=2547 expected_hash=d75b74ab local_hash= local_source=none snapshot_missing=false
[WARN] consensus validator set unresolved height=2081 chain_height=2547 expected_hash=d75b74ab local_hash= local_source=none snapshot_missing=false
[WARN] consensus validator set unresolved height=2082 chain_height=2547 expected_hash=d75b74ab local_hash= local_source=none snapshot_missing=false
[WARN] consensus validator set unresolved height=2083 chain_height=2547 expected_hash=d75b74ab local_hash= local_source=none snapshot_missing=false
[WARN] consensus validator set unresolved height=2084 chain_height=2547 expected_hash=d75b74ab local_hash= local_source=none snapshot_missing=false
[WARN] consensus validator set unresolved height=2085 chain_height=2547 expected_hash=d75b74ab local_hash= local_source=none snapshot_missing=false
[WARN] consensus validator set unresolved height=2086 chain_height=2547 expected_hash=d75b74ab local_hash= local_source=none snapshot_missing=false
[WARN] consensus validator set unresolved height=2087 chain_height=2547 expected_hash=d75b74ab local_hash= local_source=none snapshot_missing=false
[WARN] consensus validator set unresolved height=2088 chain_height=2547 expected_hash=d75b74ab local_hash= local_source=none snapshot_missing=false
[WARN] consensus validator set unresolved height=2089 chain_height=2547 expected_hash=d75b74ab local_hash= local_source=none snapshot_missing=false
[WARN] consensus validator set unresolved height=2090 chain_height=2547 expected_hash=d75b74ab local_hash= local_source=none snapshot_missing=false
[WARN] consensus validator set unresolved height=2091 chain_height=2547 expected_hash=d75b74ab local_hash= local_source=none snapshot_missing=false
[WARN] consensus validator set unresolved height=2092 chain_height=2547 expected_hash=d75b74ab local_hash= local_source=none snapshot_missing=false
[WARN] consensus validator set unresolved height=2093 chain_height=2547 expected_hash=d75b74ab local_hash= local_source=none snapshot_missing=false
[WARN] consensus validator set unresolved height=2094 chain_height=2547 expected_hash=d75b74ab local_hash= local_source=none snapshot_missing=false
[WARN] consensus validator set unresolved height=2095 chain_height=2547 expected_hash=d75b74ab local_hash= local_source=none snapshot_missing=false
[WARN] consensus validator set unresolved height=2096 chain_height=2547 expected_hash=d75b74ab local_hash= local_source=none snapshot_missing=false
[WARN] consensus validator set unresolved height=2097 chain_height=2547 expected_hash=d75b74ab local_hash= local_source=none snapshot_missing=false
[WARN] consensus validator set unresolved height=2098 chain_height=2547 expected_hash=d75b74ab local_hash= local_source=none snapshot_missing=false
[WARN] consensus validator set unresolved height=2099 chain_height=2547 expected_hash=d75b74ab local_hash= local_source=none snapshot_missing=false
[WARN] consensus validator set unresolved height=2100 chain_height=2547 expected_hash=d75b74ab local_hash= local_source=none snapshot_missing=false
[WARN] consensus validator set unresolved height=2101 chain_height=2547 expected_hash=d75b74ab local_hash= local_source=none snapshot_missing=false
[WARN] consensus validator set unresolved height=2102 chain_height=2547 expected_hash=d75b74ab local_hash= local_source=none snapshot_missing=false
[WARN] consensus validator set unresolved height=2103 chain_height=2547 expected_hash=d75b74ab local_hash= local_source=none snapshot_missing=false
[WARN] consensus validator set unresolved height=2104 chain_height=2547 expected_hash=d75b74ab local_hash= local_source=none snapshot_missing=false
[WARN] consensus validator set unresolved height=2105 chain_height=2547 expected_hash=d75b74ab local_hash= local_source=none snapshot_missing=false
[WARN] consensus validator set unresolved height=2106 chain_height=2547 expected_hash=d75b74ab local_hash= local_source=none snapshot_missing=false
[WARN] consensus validator set unresolved height=2107 chain_height=2547 expected_hash=d75b74ab local_hash= local_source=none snapshot_missing=false
[WARN] consensus validator set unresolved height=2108 chain_height=2547 expected_hash=d75b74ab local_hash= local_source=none snapshot_missing=false
[WARN] consensus validator set unresolved height=2109 chain_height=2547 expected_hash=d75b74ab local_hash= local_source=none snapshot_missing=false
[WARN] consensus validator set unresolved height=2110 chain_height=2547 expected_hash=d75b74ab local_hash= local_source=none snapshot_missing=false
[WARN] consensus validator set unresolved height=2111 chain_height=2547 expected_hash=d75b74ab local_hash= local_source=none snapshot_missing=false
[WARN] consensus validator set unresolved height=2112 chain_height=2547 expected_hash=d75b74ab local_hash= local_source=none snapshot_missing=false
[WARN] consensus validator set unresolved height=2113 chain_height=2547 expected_hash=d75b74ab local_hash= local_source=none snapshot_missing=false
[WARN] consensus validator set unresolved height=2114 chain_height=2547 expected_hash=d75b74ab local_hash= local_source=none snapshot_missing=false
[WARN] consensus validator set unresolved height=2115 chain_height=2547 expected_hash=d75b74ab local_hash= local_source=none snapshot_missing=false
[WARN] consensus validator set unresolved height=2116 chain_height=2547 expected_hash=d75b74ab local_hash= local_source=none snapshot_missing=false
[WARN] consensus validator set unresolved height=2117 chain_height=2547 expected_hash=d75b74ab local_hash= local_source=none snapshot_missing=false
[WARN] consensus validator set unresolved height=2118 chain_height=2547 expected_hash=d75b74ab local_hash= local_source=none snapshot_missing=false
[WARN] consensus validator set unresolved height=2119 chain_height=2547 expected_hash=d75b74ab local_hash= local_source=none snapshot_missing=false
[WARN] consensus validator set unresolved height=2120 chain_height=2547 expected_hash=d75b74ab local_hash= local_source=none snapshot_missing=false
[WARN] consensus validator set unresolved height=2121 chain_height=2547 expected_hash=d75b74ab local_hash= local_source=none snapshot_missing=false
[WARN] consensus validator set unresolved height=2122 chain_height=2547 expected_hash=d75b74ab local_hash= local_source=none snapshot_missing=false
[WARN] consensus validator set unresolved height=2123 chain_height=2547 expected_hash=d75b74ab local_hash= local_source=none snapshot_missing=false
[WARN] consensus validator set unresolved height=2124 chain_height=2547 expected_hash=d75b74ab local_hash= local_source=none snapshot_missing=false
[WARN] consensus validator set unresolved height=2125 chain_height=2547 expected_hash=d75b74ab local_hash= local_source=none snapshot_missing=false
[WARN] consensus validator set unresolved height=2126 chain_height=2547 expected_hash=d75b74ab local_hash= local_source=none snapshot_missing=false
[WARN] consensus validator set unresolved height=2127 chain_height=2547 expected_hash=d75b74ab local_hash= local_source=none snapshot_missing=false
[WARN] consensus validator set unresolved height=2128 chain_height=2547 expected_hash=d75b74ab local_hash= local_source=none snapshot_missing=false
[WARN] consensus validator set unresolved height=2129 chain_height=2547 expected_hash=d75b74ab local_hash= local_source=none snapshot_missing=false
[WARN] consensus validator set unresolved height=2130 chain_height=2547 expected_hash=d75b74ab local_hash= local_source=none snapshot_missing=false
[WARN] consensus validator set unresolved height=2131 chain_height=2547 expected_hash=d75b74ab local_hash= local_source=none snapshot_missing=false
[WARN] consensus validator set unresolved height=2132 chain_height=2547 expected_hash=d75b74ab local_hash= local_source=none snapshot_missing=false
[WARN] consensus validator set unresolved height=2133 chain_height=2547 expected_hash=d75b74ab local_hash= local_source=none snapshot_missing=false
[WARN] consensus validator set unresolved height=2134 chain_height=2547 expected_hash=d75b74ab local_hash= local_source=none snapshot_missing=false
[WARN] consensus validator set unresolved height=2135 chain_height=2547 expected_hash=d75b74ab local_hash= local_source=none snapshot_missing=false
[WARN] consensus validator set unresolved height=2136 chain_height=2547 expected_hash=d75b74ab local_hash= local_source=none snapshot_missing=false
[WARN] consensus validator set unresolved height=2137 chain_height=2547 expected_hash=d75b74ab local_hash= local_source=none snapshot_missing=false
[WARN] consensus validator set unresolved height=2138 chain_height=2547 expected_hash=d75b74ab local_hash= local_source=none snapshot_missing=false
[WARN] consensus validator set unresolved height=2139 chain_height=2547 expected_hash=d75b74ab local_hash= local_source=none snapshot_missing=false
[WARN] consensus validator set unresolved height=2140 chain_height=2547 expected_hash=d75b74ab local_hash= local_source=none snapshot_missing=false
[WARN] consensus validator set unresolved height=2141 chain_height=2547 expected_hash=d75b74ab local_hash= local_source=none snapshot_missing=false
[WARN] consensus validator set unresolved height=2142 chain_height=2547 expected_hash=d75b74ab local_hash= local_source=none snapshot_missing=false
[WARN] consensus validator set unresolved height=2143 chain_height=2547 expected_hash=d75b74ab local_hash= local_source=none snapshot_missing=false
[WARN] consensus validator set unresolved height=2144 chain_height=2547 expected_hash=d75b74ab local_hash= local_source=none snapshot_missing=false
[WARN] consensus validator set unresolved height=2145 chain_height=2547 expected_hash=d75b74ab local_hash= local_source=none snapshot_missing=false
[WARN] consensus validator set unresolved height=2146 chain_height=2547 expected_hash=d75b74ab local_hash= local_source=none snapshot_missing=false
[WARN] consensus validator set unresolved height=2147 chain_height=2547 expected_hash=d75b74ab local_hash= local_source=none snapshot_missing=false
[WARN] consensus validator set unresolved height=2148 chain_height=2547 expected_hash=d75b74ab local_hash= local_source=none snapshot_missing=false
[WARN] consensus validator set unresolved height=2149 chain_height=2547 expected_hash=d75b74ab local_hash= local_source=none snapshot_missing=false
[WARN] consensus validator set unresolved height=2150 chain_height=2547 expected_hash=d75b74ab local_hash= local_source=none snapshot_missing=false
[WARN] consensus validator set unresolved height=2151 chain_height=2547 expected_hash=d75b74ab local_hash= local_source=none snapshot_missing=false
[WARN] consensus validator set unresolved height=2152 chain_height=2547 expected_hash=d75b74ab local_hash= local_source=none snapshot_missing=false
[WARN] consensus validator set unresolved height=2153 chain_height=2547 expected_hash=d75b74ab local_hash= local_source=none snapshot_missing=false
[WARN] consensus validator set unresolved height=2154 chain_height=2547 expected_hash=d75b74ab local_hash= local_source=none snapshot_missing=false
[WARN] consensus validator set unresolved height=2155 chain_height=2547 expected_hash=d75b74ab local_hash= local_source=none snapshot_missing=false
[WARN] consensus validator set unresolved height=2156 chain_height=2547 expected_hash=d75b74ab local_hash= local_source=none snapshot_missing=false
[WARN] consensus validator set unresolved height=2157 chain_height=2547 expected_hash=d75b74ab local_hash= local_source=none snapshot_missing=false
[WARN] consensus validator set unresolved height=2158 chain_height=2547 expected_hash=d75b74ab local_hash= local_source=none snapshot_missing=false
[WARN] consensus validator set unresolved height=2159 chain_height=2547 expected_hash=d75b74ab local_hash= local_source=none snapshot_missing=false
[WARN] consensus validator set unresolved height=2160 chain_height=2547 expected_hash=d75b74ab local_hash= local_source=none snapshot_missing=false
[WARN] consensus validator set unresolved height=2161 chain_height=2547 expected_hash=d75b74ab local_hash= local_source=none snapshot_missing=false
[WARN] consensus validator set unresolved height=2162 chain_height=2547 expected_hash=d75b74ab local_hash= local_source=none snapshot_missing=false
[WARN] consensus validator set unresolved height=2163 chain_height=2547 expected_hash=d75b74ab local_hash= local_source=none snapshot_missing=false
[WARN] consensus validator set unresolved height=2164 chain_height=2547 expected_hash=d75b74ab local_hash= local_source=none snapshot_missing=false
[WARN] consensus validator set unresolved height=2165 chain_height=2547 expected_hash=d75b74ab local_hash= local_source=none snapshot_missing=false
[WARN] consensus validator set unresolved height=2166 chain_height=2547 expected_hash=d75b74ab local_hash= local_source=none snapshot_missing=false
[WARN] consensus validator set unresolved height=2167 chain_height=2547 expected_hash=d75b74ab local_hash= local_source=none snapshot_missing=false
[WARN] consensus validator set unresolved height=2168 chain_height=2547 expected_hash=d75b74ab local_hash= local_source=none snapshot_missing=false
[WARN] consensus validator set unresolved height=2169 chain_height=2547 expected_hash=d75b74ab local_hash= local_source=none snapshot_missing=false
[WARN] consensus validator set unresolved height=2170 chain_height=2547 expected_hash=d75b74ab local_hash= local_source=none snapshot_missing=false
[WARN] consensus validator set unresolved height=2171 chain_height=2547 expected_hash=d75b74ab local_hash= local_source=none snapshot_missing=false
[WARN] consensus validator set unresolved height=2172 chain_height=2547 expected_hash=d75b74ab local_hash= local_source=none snapshot_missing=false
[WARN] consensus validator set unresolved height=2173 chain_height=2547 expected_hash=d75b74ab local_hash= local_source=none snapshot_missing=false
[WARN] consensus validator set unresolved height=2174 chain_height=2547 expected_hash=d75b74ab local_hash= local_source=none snapshot_missing=false
[WARN] consensus validator set unresolved height=2175 chain_height=2547 expected_hash=d75b74ab local_hash= local_source=none snapshot_missing=false
[WARN] consensus validator set unresolved height=2176 chain_height=2547 expected_hash=d75b74ab local_hash= local_source=none snapshot_missing=false
[WARN] consensus validator set unresolved height=2177 chain_height=2547 expected_hash=d75b74ab local_hash= local_source=none snapshot_missing=false
[WARN] consensus validator set unresolved height=2178 chain_height=2547 expected_hash=d75b74ab local_hash= local_source=none snapshot_missing=false
[WARN] consensus validator set unresolved height=2179 chain_height=2547 expected_hash=d75b74ab local_hash= local_source=none snapshot_missing=false
[WARN] consensus validator set unresolved height=2180 chain_height=2547 expected_hash=d75b74ab local_hash= local_source=none snapshot_missing=false
[WARN] consensus validator set unresolved height=2181 chain_height=2547 expected_hash=d75b74ab local_hash= local_source=none snapshot_missing=false
[WARN] consensus validator set unresolved height=2182 chain_height=2547 expected_hash=d75b74ab local_hash= local_source=none snapshot_missing=false
[WARN] consensus validator set unresolved height=2183 chain_height=2547 expected_hash=d75b74ab local_hash= local_source=none snapshot_missing=false
[WARN] consensus validator set unresolved height=2184 chain_height=2547 expected_hash=d75b74ab local_hash= local_source=none snapshot_missing=false
[WARN] consensus validator set unresolved height=2185 chain_height=2547 expected_hash=d75b74ab local_hash= local_source=none snapshot_missing=false
[WARN] consensus validator set unresolved height=2186 chain_height=2547 expected_hash=d75b74ab local_hash= local_source=none snapshot_missing=false
[WARN] consensus validator set unresolved height=2187 chain_height=2547 expected_hash=d75b74ab local_hash= local_source=none snapshot_missing=false
[WARN] consensus validator set unresolved height=2188 chain_height=2547 expected_hash=d75b74ab local_hash= local_source=none snapshot_missing=false
[WARN] consensus validator set unresolved height=2189 chain_height=2547 expected_hash=d75b74ab local_hash= local_source=none snapshot_missing=false
[WARN] consensus validator set unresolved height=2190 chain_height=2547 expected_hash=d75b74ab local_hash= local_source=none snapshot_missing=false
[WARN] consensus validator set unresolved height=2191 chain_height=2547 expected_hash=d75b74ab local_hash= local_source=none snapshot_missing=false
[WARN] consensus validator set unresolved height=2192 chain_height=2547 expected_hash=d75b74ab local_hash= local_source=none snapshot_missing=false
[WARN] consensus validator set unresolved height=2193 chain_height=2547 expected_hash=d75b74ab local_hash= local_source=none snapshot_missing=false
[WARN] consensus validator set unresolved height=2194 chain_height=2547 expected_hash=d75b74ab local_hash= local_source=none snapshot_missing=false
[WARN] consensus validator set unresolved height=2195 chain_height=2547 expected_hash=d75b74ab local_hash= local_source=none snapshot_missing=false
[WARN] consensus validator set unresolved height=2196 chain_height=2547 expected_hash=d75b74ab local_hash= local_source=none snapshot_missing=false
[WARN] consensus validator set unresolved height=2197 chain_height=2547 expected_hash=d75b74ab local_hash= local_source=none snapshot_missing=false
[WARN] consensus validator set unresolved height=2198 chain_height=2547 expected_hash=d75b74ab local_hash= local_source=none snapshot_missing=false
[WARN] consensus validator set unresolved height=2199 chain_height=2547 expected_hash=d75b74ab local_hash= local_source=none snapshot_missing=false
[WARN] consensus validator set unresolved height=2200 chain_height=2547 expected_hash=d75b74ab local_hash= local_source=none snapshot_missing=false
[WARN] consensus validator set unresolved height=2201 chain_height=2547 expected_hash=d75b74ab local_hash= local_source=none snapshot_missing=false
[WARN] consensus validator set unresolved height=2202 chain_height=2547 expected_hash=d75b74ab local_hash= local_source=none snapshot_missing=false
[WARN] consensus validator set unresolved height=2203 chain_height=2547 expected_hash=d75b74ab local_hash= local_source=none snapshot_missing=false
[WARN] consensus validator set unresolved height=2204 chain_height=2547 expected_hash=d75b74ab local_hash= local_source=none snapshot_missing=false
[WARN] consensus validator set unresolved height=2205 chain_height=2547 expected_hash=d75b74ab local_hash= local_source=none snapshot_missing=false
[WARN] consensus validator set unresolved height=2206 chain_height=2547 expected_hash=d75b74ab local_hash= local_source=none snapshot_missing=false
[WARN] consensus validator set unresolved height=2207 chain_height=2547 expected_hash=d75b74ab local_hash= local_source=none snapshot_missing=false
[WARN] consensus validator set unresolved height=2208 chain_height=2547 expected_hash=d75b74ab local_hash= local_source=none snapshot_missing=false
[WARN] consensus validator set unresolved height=2209 chain_height=2547 expected_hash=d75b74ab local_hash= local_source=none snapshot_missing=false
[WARN] consensus validator set unresolved height=2210 chain_height=2547 expected_hash=d75b74ab local_hash= local_source=none snapshot_missing=false
[WARN] consensus validator set unresolved height=2211 chain_height=2547 expected_hash=d75b74ab local_hash= local_source=none snapshot_missing=false
[WARN] consensus validator set unresolved height=2212 chain_height=2547 expected_hash=d75b74ab local_hash= local_source=none snapshot_missing=false
[WARN] consensus validator set unresolved height=2213 chain_height=2547 expected_hash=d75b74ab local_hash= local_source=none snapshot_missing=false
[WARN] consensus validator set unresolved height=2214 chain_height=2547 expected_hash=d75b74ab local_hash= local_source=none snapshot_missing=false
[WARN] consensus validator set unresolved height=2215 chain_height=2547 expected_hash=d75b74ab local_hash= local_source=none snapshot_missing=false
[WARN] consensus validator set unresolved height=2216 chain_height=2547 expected_hash=d75b74ab local_hash= local_source=none snapshot_missing=false
[WARN] consensus validator set unresolved height=2217 chain_height=2547 expected_hash=d75b74ab local_hash= local_source=none snapshot_missing=false
[WARN] consensus validator set unresolved height=2218 chain_height=2547 expected_hash=d75b74ab local_hash= local_source=none snapshot_missing=false
[WARN] consensus validator set unresolved height=2219 chain_height=2547 expected_hash=d75b74ab local_hash= local_source=none snapshot_missing=false
[WARN] consensus validator set unresolved height=2220 chain_height=2547 expected_hash=d75b74ab local_hash= local_source=none snapshot_missing=false
[WARN] consensus validator set unresolved height=2221 chain_height=2547 expected_hash=d75b74ab local_hash= local_source=none snapshot_missing=false
[WARN] consensus validator set unresolved height=2222 chain_height=2547 expected_hash=d75b74ab local_hash= local_source=none snapshot_missing=false
[WARN] consensus validator set unresolved height=2223 chain_height=2547 expected_hash=d75b74ab local_hash= local_source=none snapshot_missing=false
[WARN] consensus validator set unresolved height=2224 chain_height=2547 expected_hash=d75b74ab local_hash= local_source=none snapshot_missing=false
[WARN] consensus validator set unresolved height=2225 chain_height=2547 expected_hash=d75b74ab local_hash= local_source=none snapshot_missing=false
[WARN] consensus validator set unresolved height=2226 chain_height=2547 expected_hash=d75b74ab local_hash= local_source=none snapshot_missing=false
[WARN] consensus validator set unresolved height=2227 chain_height=2547 expected_hash=d75b74ab local_hash= local_source=none snapshot_missing=false
[WARN] consensus validator set unresolved height=2228 chain_height=2547 expected_hash=d75b74ab local_hash= local_source=none snapshot_missing=false
[WARN] consensus validator set unresolved height=2229 chain_height=2547 expected_hash=d75b74ab local_hash= local_source=none snapshot_missing=false
[WARN] consensus validator set unresolved height=2230 chain_height=2547 expected_hash=d75b74ab local_hash= local_source=none snapshot_missing=false
[WARN] consensus validator set unresolved height=2231 chain_height=2547 expected_hash=d75b74ab local_hash= local_source=none snapshot_missing=false
[WARN] consensus validator set unresolved height=2232 chain_height=2547 expected_hash=d75b74ab local_hash= local_source=none snapshot_missing=false
[WARN] consensus validator set unresolved height=2233 chain_height=2547 expected_hash=d75b74ab local_hash= local_source=none snapshot_missing=false
[WARN] consensus validator set unresolved height=2234 chain_height=2547 expected_hash=d75b74ab local_hash= local_source=none snapshot_missing=false
[WARN] consensus validator set unresolved height=2235 chain_height=2547 expected_hash=d75b74ab local_hash= local_source=none snapshot_missing=false
[WARN] consensus validator set unresolved height=2236 chain_height=2547 expected_hash=d75b74ab local_hash= local_source=none snapshot_missing=false
[WARN] consensus validator set unresolved height=2237 chain_height=2547 expected_hash=d75b74ab local_hash= local_source=none snapshot_missing=false
[WARN] consensus validator set unresolved height=2238 chain_height=2547 expected_hash=d75b74ab local_hash= local_source=none snapshot_missing=false
[WARN] consensus validator set unresolved height=2239 chain_height=2547 expected_hash=d75b74ab local_hash= local_source=none snapshot_missing=false
[WARN] consensus validator set unresolved height=2240 chain_height=2547 expected_hash=d75b74ab local_hash= local_source=none snapshot_missing=false
[WARN] consensus validator set unresolved height=2241 chain_height=2547 expected_hash=d75b74ab local_hash= local_source=none snapshot_missing=false
[WARN] consensus validator set unresolved height=2242 chain_height=2547 expected_hash=d75b74ab local_hash= local_source=none snapshot_missing=false
[WARN] consensus validator set unresolved height=2243 chain_height=2547 expected_hash=d75b74ab local_hash= local_source=none snapshot_missing=false
[WARN] consensus validator set unresolved height=2244 chain_height=2547 expected_hash=d75b74ab local_hash= local_source=none snapshot_missing=false
[WARN] consensus validator set unresolved height=2245 chain_height=2547 expected_hash=d75b74ab local_hash= local_source=none snapshot_missing=false
[WARN] consensus validator set unresolved height=2246 chain_height=2547 expected_hash=d75b74ab local_hash= local_source=none snapshot_missing=false
[WARN] consensus validator set unresolved height=2247 chain_height=2547 expected_hash=d75b74ab local_hash= local_source=none snapshot_missing=false
[WARN] consensus validator set unresolved height=2248 chain_height=2547 expected_hash=d75b74ab local_hash= local_source=none snapshot_missing=false
[WARN] consensus validator set unresolved height=2249 chain_height=2547 expected_hash=d75b74ab local_hash= local_source=none snapshot_missing=false
[WARN] consensus validator set unresolved height=2250 chain_height=2547 expected_hash=d75b74ab local_hash= local_source=none snapshot_missing=false
[WARN] consensus validator set unresolved height=2251 chain_height=2547 expected_hash=d75b74ab local_hash= local_source=none snapshot_missing=false
[WARN] consensus validator set unresolved height=2252 chain_height=2547 expected_hash=d75b74ab local_hash= local_source=none snapshot_missing=false
[WARN] consensus validator set unresolved height=2253 chain_height=2547 expected_hash=d75b74ab local_hash= local_source=none snapshot_missing=false
[WARN] consensus validator set unresolved height=2254 chain_height=2547 expected_hash=d75b74ab local_hash= local_source=none snapshot_missing=false
[WARN] consensus validator set unresolved height=2255 chain_height=2547 expected_hash=d75b74ab local_hash= local_source=none snapshot_missing=false
[WARN] consensus validator set unresolved height=2256 chain_height=2547 expected_hash=d75b74ab local_hash= local_source=none snapshot_missing=false
[WARN] consensus validator set unresolved height=2257 chain_height=2547 expected_hash=d75b74ab local_hash= local_source=none snapshot_missing=false
2026/05/20 14:19:18 [REGISTRY-HISTORY-REBUILD] height=2547 status=scheduled reason=consensus_set_unresolved
[WARN] consensus validator set unresolved height=2258 chain_height=2547 expected_hash=d75b74ab local_hash= local_source=none snapshot_missing=false
2026/05/20 14:19:18 [REGISTRY-HISTORY-REBUILD] height=2547 status=started reason=consensus_set_unresolved
[WARN] consensus validator set unresolved height=2259 chain_height=2547 expected_hash=d75b74ab local_hash= local_source=none snapshot_missing=false
[WARN] consensus validator set unresolved height=2260 chain_height=2547 expected_hash=d75b74ab local_hash= local_source=none snapshot_missing=false
[WARN] consensus validator set unresolved height=2261 chain_height=2547 expected_hash=d75b74ab local_hash= local_source=none snapshot_missing=false
[WARN] consensus validator set unresolved height=2262 chain_height=2547 expected_hash=d75b74ab local_hash= local_source=none snapshot_missing=false
[WARN] consensus validator set unresolved height=2263 chain_height=2547 expected_hash=d75b74ab local_hash= local_source=none snapshot_missing=false
[WARN] consensus validator set unresolved height=2264 chain_height=2547 expected_hash=d75b74ab local_hash= local_source=none snapshot_missing=false
[WARN] consensus validator set unresolved height=2265 chain_height=2547 expected_hash=d75b74ab local_hash= local_source=none snapshot_missing=false
[WARN] consensus validator set unresolved height=2266 chain_height=2547 expected_hash=d75b74ab local_hash= local_source=none snapshot_missing=false
[WARN] consensus validator set unresolved height=2267 chain_height=2547 expected_hash=d75b74ab local_hash= local_source=none snapshot_missing=false
[WARN] consensus validator set unresolved height=2268 chain_height=2547 expected_hash=d75b74ab local_hash= local_source=none snapshot_missing=false
[EMISSION] h=1630 reward=4 treasury=1 validators=2 burn=1 applied_burn=0 chance_bps=10000
[WARN] consensus validator set unresolved height=2269 chain_height=2547 expected_hash=d75b74ab local_hash= local_source=none snapshot_missing=false
2026/05/20 14:19:18 [STARTUP-EXECUTION-SNAPSHOT] action=rebuild resume base=1630 target=2547
[WARN] consensus validator set unresolved height=1632 chain_height=2547 expected_hash=464c25f6 local_hash= local_source=none snapshot_missing=false
[WARN] consensus validator set unresolved height=2270 chain_height=2547 expected_hash=d75b74ab local_hash= local_source=none snapshot_missing=false
[WARN] consensus validator set unresolved height=2271 chain_height=2547 expected_hash=d75b74ab local_hash= local_source=none snapshot_missing=false
[WARN] consensus validator set unresolved height=2272 chain_height=2547 expected_hash=d75b74ab local_hash= local_source=none snapshot_missing=false
[WARN] consensus validator set unresolved height=2547 chain_height=2547 expected_hash=d75b74ab local_hash= local_source=none snapshot_missing=false
[WARN] consensus validator set unresolved height=2273 chain_height=2547 expected_hash=d75b74ab local_hash= local_source=none snapshot_missing=false
[WARN] consensus validator set unresolved height=2274 chain_height=2547 expected_hash=d75b74ab local_hash= local_source=none snapshot_missing=false
[WARN] consensus validator set unresolved height=2275 chain_height=2547 expected_hash=d75b74ab local_hash= local_source=none snapshot_missing=false
[WARN] consensus validator set unresolved height=2276 chain_height=2547 expected_hash=d75b74ab local_hash= local_source=none snapshot_missing=false
[WARN] consensus validator set unresolved height=2277 chain_height=2547 expected_hash=d75b74ab local_hash= local_source=none snapshot_missing=false
[WARN] consensus validator set unresolved height=2278 chain_height=2547 expected_hash=d75b74ab local_hash= local_source=none snapshot_missing=false
[WARN] consensus validator set unresolved height=2279 chain_height=2547 expected_hash=d75b74ab local_hash= local_source=none snapshot_missing=false
[WARN] consensus validator set unresolved height=2280 chain_height=2547 expected_hash=d75b74ab local_hash= local_source=none snapshot_missing=false
[WARN] consensus validator set unresolved height=2281 chain_height=2547 expected_hash=d75b74ab local_hash= local_source=none snapshot_missing=false
[WARN] consensus validator set unresolved height=2282 chain_height=2547 expected_hash=d75b74ab local_hash= local_source=none snapshot_missing=false
[WARN] consensus validator set unresolved height=2283 chain_height=2547 expected_hash=d75b74ab local_hash= local_source=none snapshot_missing=false
[WARN] consensus validator set unresolved height=2284 chain_height=2547 expected_hash=d75b74ab local_hash= local_source=none snapshot_missing=false
[WARN] consensus validator set unresolved height=2285 chain_height=2547 expected_hash=d75b74ab local_hash= local_source=none snapshot_missing=false
[WARN] consensus validator set unresolved height=2286 chain_height=2547 expected_hash=d75b74ab local_hash= local_source=none snapshot_missing=false
[WARN] consensus validator set unresolved height=2287 chain_height=2547 expected_hash=d75b74ab local_hash= local_source=none snapshot_missing=false
[WARN] consensus validator set unresolved height=2288 chain_height=2547 expected_hash=d75b74ab local_hash= local_source=none snapshot_missing=false
[WARN] consensus validator set unresolved height=2289 chain_height=2547 expected_hash=d75b74ab local_hash= local_source=none snapshot_missing=false
[WARN] consensus validator set unresolved height=2290 chain_height=2547 expected_hash=d75b74ab local_hash= local_source=none snapshot_missing=false
[WARN] consensus validator set unresolved height=2291 chain_height=2547 expected_hash=d75b74ab local_hash= local_source=none snapshot_missing=false
[WARN] consensus validator set unresolved height=2292 chain_height=2547 expected_hash=d75b74ab local_hash= local_source=none snapshot_missing=false
[WARN] consensus validator set unresolved height=2293 chain_height=2547 expected_hash=d75b74ab local_hash= local_source=none snapshot_missing=false
[WARN] consensus validator set unresolved height=2294 chain_height=2547 expected_hash=d75b74ab local_hash= local_source=none snapshot_missing=false
[WARN] consensus validator set unresolved height=2295 chain_height=2547 expected_hash=d75b74ab local_hash= local_source=none snapshot_missing=false
[WARN] consensus validator set unresolved height=2296 chain_height=2547 expected_hash=d75b74ab local_hash= local_source=none snapshot_missing=false
[WARN] consensus validator set unresolved height=2297 chain_height=2547 expected_hash=d75b74ab local_hash= local_source=none snapshot_missing=false
[WARN] consensus validator set unresolved height=2298 chain_height=2547 expected_hash=d75b74ab local_hash= local_source=none snapshot_missing=false
[WARN] consensus validator set unresolved height=2299 chain_height=2547 expected_hash=d75b74ab local_hash= local_source=none snapshot_missing=false
[WARN] consensus validator set unresolved height=2300 chain_height=2547 expected_hash=d75b74ab local_hash= local_source=none snapshot_missing=false
[WARN] consensus validator set unresolved height=2301 chain_height=2547 expected_hash=d75b74ab local_hash= local_source=none snapshot_missing=false
[WARN] consensus validator set unresolved height=2302 chain_height=2547 expected_hash=d75b74ab local_hash= local_source=none snapshot_missing=false
[WARN] consensus validator set unresolved height=2303 chain_height=2547 expected_hash=d75b74ab local_hash= local_source=none snapshot_missing=false
[WARN] consensus validator set unresolved height=2304 chain_height=2547 expected_hash=d75b74ab local_hash= local_source=none snapshot_missing=false
[WARN] consensus validator set unresolved height=2305 chain_height=2547 expected_hash=d75b74ab local_hash= local_source=none snapshot_missing=false
[WARN] consensus validator set unresolved height=2306 chain_height=2547 expected_hash=d75b74ab local_hash= local_source=none snapshot_missing=false
[WARN] consensus validator set unresolved height=2307 chain_height=2547 expected_hash=d75b74ab local_hash= local_source=none snapshot_missing=false
[WARN] consensus validator set unresolved height=2308 chain_height=2547 expected_hash=d75b74ab local_hash= local_source=none snapshot_missing=false
[WARN] consensus validator set unresolved height=2309 chain_height=2547 expected_hash=d75b74ab local_hash= local_source=none snapshot_missing=false
[WARN] consensus validator set unresolved height=2310 chain_height=2547 expected_hash=d75b74ab local_hash= local_source=none snapshot_missing=false
[WARN] consensus validator set unresolved height=2311 chain_height=2547 expected_hash=d75b74ab local_hash= local_source=none snapshot_missing=false
[WARN] consensus validator set unresolved height=2312 chain_height=2547 expected_hash=d75b74ab local_hash= local_source=none snapshot_missing=false
[WARN] consensus validator set unresolved height=2313 chain_height=2547 expected_hash=d75b74ab local_hash= local_source=none snapshot_missing=false
[WARN] consensus validator set unresolved height=2314 chain_height=2547 expected_hash=d75b74ab local_hash= local_source=none snapshot_missing=false
[WARN] consensus validator set unresolved height=2315 chain_height=2547 expected_hash=d75b74ab local_hash= local_source=none snapshot_missing=false
[WARN] consensus validator set unresolved height=2316 chain_height=2547 expected_hash=d75b74ab local_hash= local_source=none snapshot_missing=false
[WARN] consensus validator set unresolved height=2317 chain_height=2547 expected_hash=d75b74ab local_hash= local_source=none snapshot_missing=false
[WARN] consensus validator set unresolved height=2318 chain_height=2547 expected_hash=d75b74ab local_hash= local_source=none snapshot_missing=false
[WARN] consensus validator set unresolved height=2319 chain_height=2547 expected_hash=d75b74ab local_hash= local_source=none snapshot_missing=false
[WARN] consensus validator set unresolved height=2320 chain_height=2547 expected_hash=d75b74ab local_hash= local_source=none snapshot_missing=false
[WARN] consensus validator set unresolved height=2321 chain_height=2547 expected_hash=d75b74ab local_hash= local_source=none snapshot_missing=false
[WARN] consensus validator set unresolved height=2322 chain_height=2547 expected_hash=d75b74ab local_hash= local_source=none snapshot_missing=false
[WARN] consensus validator set unresolved height=2323 chain_height=2547 expected_hash=d75b74ab local_hash= local_source=none snapshot_missing=false
[WARN] consensus validator set unresolved height=2324 chain_height=2547 expected_hash=d75b74ab local_hash= local_source=none snapshot_missing=false
[WARN] consensus validator set unresolved height=2325 chain_height=2547 expected_hash=d75b74ab local_hash= local_source=none snapshot_missing=false
[WARN] consensus validator set unresolved height=2326 chain_height=2547 expected_hash=d75b74ab local_hash= local_source=none snapshot_missing=false
[WARN] consensus validator set unresolved height=2327 chain_height=2547 expected_hash=d75b74ab local_hash= local_source=none snapshot_missing=false
[WARN] consensus validator set unresolved height=2328 chain_height=2547 expected_hash=d75b74ab local_hash= local_source=none snapshot_missing=false
[WARN] consensus validator set unresolved height=2329 chain_height=2547 expected_hash=d75b74ab local_hash= local_source=none snapshot_missing=false
[WARN] consensus validator set unresolved height=2330 chain_height=2547 expected_hash=d75b74ab local_hash= local_source=none snapshot_missing=false
[WARN] consensus validator set unresolved height=2331 chain_height=2547 expected_hash=d75b74ab local_hash= local_source=none snapshot_missing=false
[WARN] consensus validator set unresolved height=2332 chain_height=2547 expected_hash=d75b74ab local_hash= local_source=none snapshot_missing=false
[WARN] consensus validator set unresolved height=2333 chain_height=2547 expected_hash=d75b74ab local_hash= local_source=none snapshot_missing=false
[WARN] consensus validator set unresolved height=2334 chain_height=2547 expected_hash=d75b74ab local_hash= local_source=none snapshot_missing=false
[WARN] consensus validator set unresolved height=2335 chain_height=2547 expected_hash=d75b74ab local_hash= local_source=none snapshot_missing=false
[WARN] consensus validator set unresolved height=2336 chain_height=2547 expected_hash=d75b74ab local_hash= local_source=none snapshot_missing=false
[WARN] consensus validator set unresolved height=2337 chain_height=2547 expected_hash=d75b74ab local_hash= local_source=none snapshot_missing=false
[WARN] consensus validator set unresolved height=2338 chain_height=2547 expected_hash=d75b74ab local_hash= local_source=none snapshot_missing=false
[WARN] consensus validator set unresolved height=2339 chain_height=2547 expected_hash=d75b74ab local_hash= local_source=none snapshot_missing=false
[WARN] consensus validator set unresolved height=2340 chain_height=2547 expected_hash=d75b74ab local_hash= local_source=none snapshot_missing=false
[WARN] consensus validator set unresolved height=2341 chain_height=2547 expected_hash=d75b74ab local_hash= local_source=none snapshot_missing=false
[WARN] consensus validator set unresolved height=2342 chain_height=2547 expected_hash=d75b74ab local_hash= local_source=none snapshot_missing=false
[WARN] consensus validator set unresolved height=2343 chain_height=2547 expected_hash=d75b74ab local_hash= local_source=none snapshot_missing=false
[WARN] consensus validator set unresolved height=2344 chain_height=2547 expected_hash=d75b74ab local_hash= local_source=none snapshot_missing=false
[WARN] consensus validator set unresolved height=2345 chain_height=2547 expected_hash=d75b74ab local_hash= local_source=none snapshot_missing=false
[WARN] consensus validator set unresolved height=2346 chain_height=2547 expected_hash=d75b74ab local_hash= local_source=none snapshot_missing=false
[WARN] consensus validator set unresolved height=2347 chain_height=2547 expected_hash=d75b74ab local_hash= local_source=none snapshot_missing=false
[WARN] consensus validator set unresolved height=2348 chain_height=2547 expected_hash=d75b74ab local_hash= local_source=none snapshot_missing=false
[WARN] consensus validator set unresolved height=2349 chain_height=2547 expected_hash=d75b74ab local_hash= local_source=none snapshot_missing=false
[WARN] consensus validator set unresolved height=2350 chain_height=2547 expected_hash=d75b74ab local_hash= local_source=none snapshot_missing=false
[WARN] consensus validator set unresolved height=2351 chain_height=2547 expected_hash=d75b74ab local_hash= local_source=none snapshot_missing=false
[WARN] consensus validator set unresolved height=2352 chain_height=2547 expected_hash=d75b74ab local_hash= local_source=none snapshot_missing=false
[WARN] consensus validator set unresolved height=2353 chain_height=2547 expected_hash=d75b74ab local_hash= local_source=none snapshot_missing=false
[WARN] consensus validator set unresolved height=2354 chain_height=2547 expected_hash=d75b74ab local_hash= local_source=none snapshot_missing=false
[WARN] consensus validator set unresolved height=2355 chain_height=2547 expected_hash=d75b74ab local_hash= local_source=none snapshot_missing=false
[WARN] consensus validator set unresolved height=2356 chain_height=2547 expected_hash=d75b74ab local_hash= local_source=none snapshot_missing=false
[WARN] consensus validator set unresolved height=2357 chain_height=2547 expected_hash=d75b74ab local_hash= local_source=none snapshot_missing=false
[WARN] consensus validator set unresolved height=2358 chain_height=2547 expected_hash=d75b74ab local_hash= local_source=none snapshot_missing=false
[WARN] consensus validator set unresolved height=2359 chain_height=2547 expected_hash=d75b74ab local_hash= local_source=none snapshot_missing=false
[WARN] consensus validator set unresolved height=2360 chain_height=2547 expected_hash=d75b74ab local_hash= local_source=none snapshot_missing=false
[WARN] consensus validator set unresolved height=2361 chain_height=2547 expected_hash=d75b74ab local_hash= local_source=none snapshot_missing=false
[WARN] consensus validator set unresolved height=2362 chain_height=2547 expected_hash=d75b74ab local_hash= local_source=none snapshot_missing=false
[WARN] consensus validator set unresolved height=2363 chain_height=2547 expected_hash=d75b74ab local_hash= local_source=none snapshot_missing=false
[WARN] consensus validator set unresolved height=2364 chain_height=2547 expected_hash=d75b74ab local_hash= local_source=none snapshot_missing=false
[WARN] consensus validator set unresolved height=2365 chain_height=2547 expected_hash=d75b74ab local_hash= local_source=none snapshot_missing=false
[WARN] consensus validator set unresolved height=2366 chain_height=2547 expected_hash=d75b74ab local_hash= local_source=none snapshot_missing=false
[WARN] consensus validator set unresolved height=2367 chain_height=2547 expected_hash=d75b74ab local_hash= local_source=none snapshot_missing=false
[WARN] consensus validator set unresolved height=2368 chain_height=2547 expected_hash=d75b74ab local_hash= local_source=none snapshot_missing=false
[WARN] consensus validator set unresolved height=2369 chain_height=2547 expected_hash=d75b74ab local_hash= local_source=none snapshot_missing=false
[WARN] consensus validator set unresolved height=2370 chain_height=2547 expected_hash=d75b74ab local_hash= local_source=none snapshot_missing=false
[WARN] consensus validator set unresolved height=2371 chain_height=2547 expected_hash=d75b74ab local_hash= local_source=none snapshot_missing=false
[WARN] consensus validator set unresolved height=2372 chain_height=2547 expected_hash=d75b74ab local_hash= local_source=none snapshot_missing=false
[WARN] consensus validator set unresolved height=2373 chain_height=2547 expected_hash=d75b74ab local_hash= local_source=none snapshot_missing=false
[WARN] consensus validator set unresolved height=2374 chain_height=2547 expected_hash=d75b74ab local_hash= local_source=none snapshot_missing=false
[WARN] consensus validator set unresolved height=2375 chain_height=2547 expected_hash=d75b74ab local_hash= local_source=none snapshot_missing=false
[WARN] consensus validator set unresolved height=2376 chain_height=2547 expected_hash=d75b74ab local_hash= local_source=none snapshot_missing=false
[WARN] consensus validator set unresolved height=2377 chain_height=2547 expected_hash=d75b74ab local_hash= local_source=none snapshot_missing=false
[WARN] consensus validator set unresolved height=2378 chain_height=2547 expected_hash=d75b74ab local_hash= local_source=none snapshot_missing=false
[WARN] consensus validator set unresolved height=2379 chain_height=2547 expected_hash=d75b74ab local_hash= local_source=none snapshot_missing=false
[WARN] consensus validator set unresolved height=2380 chain_height=2547 expected_hash=d75b74ab local_hash= local_source=none snapshot_missing=false
[WARN] consensus validator set unresolved height=2381 chain_height=2547 expected_hash=d75b74ab local_hash= local_source=none snapshot_missing=false
[WARN] consensus validator set unresolved height=2382 chain_height=2547 expected_hash=d75b74ab local_hash= local_source=none snapshot_missing=false
[WARN] consensus validator set unresolved height=2383 chain_height=2547 expected_hash=d75b74ab local_hash= local_source=none snapshot_missing=false
[WARN] consensus validator set unresolved height=2384 chain_height=2547 expected_hash=d75b74ab local_hash= local_source=none snapshot_missing=false
[WARN] consensus validator set unresolved height=2385 chain_height=2547 expected_hash=d75b74ab local_hash= local_source=none snapshot_missing=false
[WARN] consensus validator set unresolved height=2386 chain_height=2547 expected_hash=d75b74ab local_hash= local_source=none snapshot_missing=false
[WARN] consensus validator set unresolved height=2387 chain_height=2547 expected_hash=d75b74ab local_hash= local_source=none snapshot_missing=false
[WARN] consensus validator set unresolved height=2388 chain_height=2547 expected_hash=d75b74ab local_hash= local_source=none snapshot_missing=false
[WARN] consensus validator set unresolved height=2389 chain_height=2547 expected_hash=d75b74ab local_hash= local_source=none snapshot_missing=false
[WARN] consensus validator set unresolved height=2390 chain_height=2547 expected_hash=d75b74ab local_hash= local_source=none snapshot_missing=false
[WARN] consensus validator set unresolved height=2391 chain_height=2547 expected_hash=d75b74ab local_hash= local_source=none snapshot_missing=false
[WARN] consensus validator set unresolved height=2392 chain_height=2547 expected_hash=d75b74ab local_hash= local_source=none snapshot_missing=false
[WARN] consensus validator set unresolved height=2393 chain_height=2547 expected_hash=d75b74ab local_hash= local_source=none snapshot_missing=false
[WARN] consensus validator set unresolved height=2394 chain_height=2547 expected_hash=d75b74ab local_hash= local_source=none snapshot_missing=false
[WARN] consensus validator set unresolved height=2395 chain_height=2547 expected_hash=d75b74ab local_hash= local_source=none snapshot_missing=false
[WARN] consensus validator set unresolved height=2396 chain_height=2547 expected_hash=d75b74ab local_hash= local_source=none snapshot_missing=false
[WARN] consensus validator set unresolved height=2397 chain_height=2547 expected_hash=d75b74ab local_hash= local_source=none snapshot_missing=false
[WARN] consensus validator set unresolved height=2398 chain_height=2547 expected_hash=d75b74ab local_hash= local_source=none snapshot_missing=false
[WARN] consensus validator set unresolved height=2399 chain_height=2547 expected_hash=d75b74ab local_hash= local_source=none snapshot_missing=false
[WARN] consensus validator set unresolved height=2400 chain_height=2547 expected_hash=d75b74ab local_hash= local_source=none snapshot_missing=false
[WARN] consensus validator set unresolved height=2401 chain_height=2547 expected_hash=d75b74ab local_hash= local_source=none snapshot_missing=false
[WARN] consensus validator set unresolved height=2402 chain_height=2547 expected_hash=d75b74ab local_hash= local_source=none snapshot_missing=false
[WARN] consensus validator set unresolved height=2403 chain_height=2547 expected_hash=d75b74ab local_hash= local_source=none snapshot_missing=false
[WARN] consensus validator set unresolved height=2404 chain_height=2547 expected_hash=d75b74ab local_hash= local_source=none snapshot_missing=false
[WARN] consensus validator set unresolved height=2405 chain_height=2547 expected_hash=d75b74ab local_hash= local_source=none snapshot_missing=false
[WARN] consensus validator set unresolved height=2406 chain_height=2547 expected_hash=d75b74ab local_hash= local_source=none snapshot_missing=false
[WARN] consensus validator set unresolved height=2407 chain_height=2547 expected_hash=d75b74ab local_hash= local_source=none snapshot_missing=false
[WARN] consensus validator set unresolved height=2408 chain_height=2547 expected_hash=d75b74ab local_hash= local_source=none snapshot_missing=false
[WARN] consensus validator set unresolved height=2409 chain_height=2547 expected_hash=d75b74ab local_hash= local_source=none snapshot_missing=false
[WARN] consensus validator set unresolved height=2410 chain_height=2547 expected_hash=d75b74ab local_hash= local_source=none snapshot_missing=false
[WARN] consensus validator set unresolved height=2411 chain_height=2547 expected_hash=d75b74ab local_hash= local_source=none snapshot_missing=false
[WARN] consensus validator set unresolved height=2412 chain_height=2547 expected_hash=d75b74ab local_hash= local_source=none snapshot_missing=false
[WARN] consensus validator set unresolved height=2413 chain_height=2547 expected_hash=d75b74ab local_hash= local_source=none snapshot_missing=false
[WARN] consensus validator set unresolved height=2414 chain_height=2547 expected_hash=d75b74ab local_hash= local_source=none snapshot_missing=false
[WARN] consensus validator set unresolved height=2415 chain_height=2547 expected_hash=d75b74ab local_hash= local_source=none snapshot_missing=false
[WARN] consensus validator set unresolved height=2416 chain_height=2547 expected_hash=d75b74ab local_hash= local_source=none snapshot_missing=false
[WARN] consensus validator set unresolved height=2417 chain_height=2547 expected_hash=d75b74ab local_hash= local_source=none snapshot_missing=false
[WARN] consensus validator set unresolved height=2418 chain_height=2547 expected_hash=d75b74ab local_hash= local_source=none snapshot_missing=false
[WARN] consensus validator set unresolved height=2419 chain_height=2547 expected_hash=d75b74ab local_hash= local_source=none snapshot_missing=false
2026/05/20 14:19:19 [REGISTRY-REPAIR] height=2419 source=committed_carry_forward from=1631 validators=4
[WARN] consensus validator set unresolved height=2420 chain_height=2547 expected_hash=d75b74ab local_hash= local_source=none snapshot_missing=false
2026/05/20 14:19:19 [REGISTRY-REPAIR] height=2420 source=committed_carry_forward from=2419 validators=4
[WARN] consensus validator set unresolved height=2421 chain_height=2547 expected_hash=d75b74ab local_hash= local_source=none snapshot_missing=false
2026/05/20 14:19:19 [REGISTRY-REPAIR] height=2421 source=committed_carry_forward from=2420 validators=4
[WARN] consensus validator set unresolved height=2422 chain_height=2547 expected_hash=d75b74ab local_hash= local_source=none snapshot_missing=false
2026/05/20 14:19:19 [REGISTRY-REPAIR] height=2422 source=committed_carry_forward from=2421 validators=4
[WARN] consensus validator set unresolved height=2423 chain_height=2547 expected_hash=d75b74ab local_hash= local_source=none snapshot_missing=false
2026/05/20 14:19:19 [REGISTRY-REPAIR] height=2423 source=committed_carry_forward from=2422 validators=4
[WARN] consensus validator set unresolved height=2424 chain_height=2547 expected_hash=d75b74ab local_hash= local_source=none snapshot_missing=false
2026/05/20 14:19:19 [REGISTRY-REPAIR] height=2424 source=committed_carry_forward from=2423 validators=4
[WARN] consensus validator set unresolved height=2425 chain_height=2547 expected_hash=d75b74ab local_hash= local_source=none snapshot_missing=false
2026/05/20 14:19:19 [REGISTRY-REPAIR] height=2425 source=committed_carry_forward from=2424 validators=4
[WARN] consensus validator set unresolved height=2426 chain_height=2547 expected_hash=d75b74ab local_hash= local_source=none snapshot_missing=false
2026/05/20 14:19:19 [REGISTRY-REPAIR] height=2426 source=committed_carry_forward from=2425 validators=4
[WARN] consensus validator set unresolved height=2427 chain_height=2547 expected_hash=d75b74ab local_hash= local_source=none snapshot_missing=false
2026/05/20 14:19:19 [REGISTRY-REPAIR] height=2427 source=committed_carry_forward from=2426 validators=4
[WARN] consensus validator set unresolved height=2428 chain_height=2547 expected_hash=d75b74ab local_hash= local_source=none snapshot_missing=false
2026/05/20 14:19:19 [REGISTRY-REPAIR] height=2428 source=committed_carry_forward from=2427 validators=4
[WARN] consensus validator set unresolved height=2429 chain_height=2547 expected_hash=d75b74ab local_hash= local_source=none snapshot_missing=false
2026/05/20 14:19:19 [REGISTRY-REPAIR] height=2429 source=committed_carry_forward from=2428 validators=4
[WARN] consensus validator set unresolved height=2430 chain_height=2547 expected_hash=d75b74ab local_hash= local_source=none snapshot_missing=false
2026/05/20 14:19:19 [REGISTRY-REPAIR] height=2430 source=committed_carry_forward from=2429 validators=4
[WARN] consensus validator set unresolved height=2431 chain_height=2547 expected_hash=d75b74ab local_hash= local_source=none snapshot_missing=false
2026/05/20 14:19:19 [REGISTRY-REPAIR] height=2431 source=committed_carry_forward from=2430 validators=4
[WARN] consensus validator set unresolved height=2432 chain_height=2547 expected_hash=d75b74ab local_hash= local_source=none snapshot_missing=false
2026/05/20 14:19:19 [REGISTRY-REPAIR] height=2432 source=committed_carry_forward from=2431 validators=4
[WARN] consensus validator set unresolved height=2433 chain_height=2547 expected_hash=d75b74ab local_hash= local_source=none snapshot_missing=false
2026/05/20 14:19:19 [REGISTRY-REPAIR] height=2433 source=committed_carry_forward from=2432 validators=4
[WARN] consensus validator set unresolved height=2434 chain_height=2547 expected_hash=d75b74ab local_hash= local_source=none snapshot_missing=false
2026/05/20 14:19:19 [REGISTRY-REPAIR] height=2434 source=committed_carry_forward from=2433 validators=4
[WARN] consensus validator set unresolved height=2435 chain_height=2547 expected_hash=d75b74ab local_hash= local_source=none snapshot_missing=false
2026/05/20 14:19:19 [REGISTRY-REPAIR] height=2435 source=committed_carry_forward from=2434 validators=4
[WARN] consensus validator set unresolved height=2436 chain_height=2547 expected_hash=d75b74ab local_hash= local_source=none snapshot_missing=false
2026/05/20 14:19:19 [REGISTRY-REPAIR] height=2436 source=committed_carry_forward from=2435 validators=4
[WARN] consensus validator set unresolved height=2437 chain_height=2547 expected_hash=d75b74ab local_hash= local_source=none snapshot_missing=false
2026/05/20 14:19:19 [REGISTRY-REPAIR] height=2437 source=committed_carry_forward from=2436 validators=4
[WARN] consensus validator set unresolved height=2438 chain_height=2547 expected_hash=d75b74ab local_hash= local_source=none snapshot_missing=false
2026/05/20 14:19:19 [REGISTRY-REPAIR] height=2438 source=committed_carry_forward from=2437 validators=4
[WARN] consensus validator set unresolved height=2439 chain_height=2547 expected_hash=d75b74ab local_hash= local_source=none snapshot_missing=false
2026/05/20 14:19:19 [REGISTRY-REPAIR] height=2439 source=committed_carry_forward from=2438 validators=4
[WARN] consensus validator set unresolved height=2440 chain_height=2547 expected_hash=d75b74ab local_hash= local_source=none snapshot_missing=false
2026/05/20 14:19:19 [REGISTRY-REPAIR] height=2440 source=committed_carry_forward from=2439 validators=4
[WARN] consensus validator set unresolved height=2441 chain_height=2547 expected_hash=d75b74ab local_hash= local_source=none snapshot_missing=false
2026/05/20 14:19:19 [REGISTRY-REPAIR] height=2441 source=committed_carry_forward from=2440 validators=4
[WARN] consensus validator set unresolved height=2442 chain_height=2547 expected_hash=d75b74ab local_hash= local_source=none snapshot_missing=false
2026/05/20 14:19:19 [REGISTRY-REPAIR] height=2442 source=committed_carry_forward from=2441 validators=4
[WARN] consensus validator set unresolved height=2443 chain_height=2547 expected_hash=d75b74ab local_hash= local_source=none snapshot_missing=false
2026/05/20 14:19:19 [REGISTRY-REPAIR] height=2443 source=committed_carry_forward from=2442 validators=4
[WARN] consensus validator set unresolved height=2444 chain_height=2547 expected_hash=d75b74ab local_hash= local_source=none snapshot_missing=false
2026/05/20 14:19:19 [REGISTRY-REPAIR] height=2444 source=committed_carry_forward from=2443 validators=4
[WARN] consensus validator set unresolved height=2445 chain_height=2547 expected_hash=d75b74ab local_hash= local_source=none snapshot_missing=false
2026/05/20 14:19:19 [REGISTRY-REPAIR] height=2445 source=committed_carry_forward from=2444 validators=4
[WARN] consensus validator set unresolved height=2446 chain_height=2547 expected_hash=d75b74ab local_hash= local_source=none snapshot_missing=false
2026/05/20 14:19:19 [REGISTRY-REPAIR] height=2446 source=committed_carry_forward from=2445 validators=4
[WARN] consensus validator set unresolved height=2447 chain_height=2547 expected_hash=d75b74ab local_hash= local_source=none snapshot_missing=false
2026/05/20 14:19:19 [REGISTRY-REPAIR] height=2447 source=committed_carry_forward from=2446 validators=4
[WARN] consensus validator set unresolved height=2448 chain_height=2547 expected_hash=d75b74ab local_hash= local_source=none snapshot_missing=false
2026/05/20 14:19:19 [REGISTRY-REPAIR] height=2448 source=committed_carry_forward from=2447 validators=4
[WARN] consensus validator set unresolved height=2449 chain_height=2547 expected_hash=d75b74ab local_hash= local_source=none snapshot_missing=false
2026/05/20 14:19:19 [REGISTRY-REPAIR] height=2449 source=committed_carry_forward from=2448 validators=4
[WARN] consensus validator set unresolved height=2450 chain_height=2547 expected_hash=d75b74ab local_hash= local_source=none snapshot_missing=false
2026/05/20 14:19:19 [REGISTRY-REPAIR] height=2450 source=committed_carry_forward from=2449 validators=4
[WARN] consensus validator set unresolved height=2451 chain_height=2547 expected_hash=d75b74ab local_hash= local_source=none snapshot_missing=false
2026/05/20 14:19:19 [REGISTRY-REPAIR] height=2451 source=committed_carry_forward from=2450 validators=4
[WARN] consensus validator set unresolved height=2452 chain_height=2547 expected_hash=d75b74ab local_hash= local_source=none snapshot_missing=false
2026/05/20 14:19:19 [REGISTRY-REPAIR] height=2452 source=committed_carry_forward from=2451 validators=4
[WARN] consensus validator set unresolved height=2453 chain_height=2547 expected_hash=d75b74ab local_hash= local_source=none snapshot_missing=false
2026/05/20 14:19:19 [REGISTRY-REPAIR] height=2453 source=committed_carry_forward from=2452 validators=4
[WARN] consensus validator set unresolved height=2454 chain_height=2547 expected_hash=d75b74ab local_hash= local_source=none snapshot_missing=false
2026/05/20 14:19:19 [REGISTRY-REPAIR] height=2454 source=committed_carry_forward from=2453 validators=4
[WARN] consensus validator set unresolved height=2455 chain_height=2547 expected_hash=d75b74ab local_hash= local_source=none snapshot_missing=false
2026/05/20 14:19:19 [REGISTRY-REPAIR] height=2455 source=committed_carry_forward from=2454 validators=4
[WARN] consensus validator set unresolved height=2456 chain_height=2547 expected_hash=d75b74ab local_hash= local_source=none snapshot_missing=false
2026/05/20 14:19:19 [REGISTRY-REPAIR] height=2456 source=committed_carry_forward from=2455 validators=4
[WARN] consensus validator set unresolved height=2457 chain_height=2547 expected_hash=d75b74ab local_hash= local_source=none snapshot_missing=false
2026/05/20 14:19:20 [REGISTRY-REPAIR] height=2457 source=committed_carry_forward from=2456 validators=4
[WARN] consensus validator set unresolved height=2458 chain_height=2547 expected_hash=d75b74ab local_hash= local_source=none snapshot_missing=false
[WARN] consensus validator set unresolved height=2459 chain_height=2547 expected_hash=d75b74ab local_hash= local_source=none snapshot_missing=false
2026/05/20 14:19:20 [REGISTRY-REPAIR] height=2459 source=committed_carry_forward from=2457 validators=4
[WARN] consensus validator set unresolved height=2460 chain_height=2547 expected_hash=d75b74ab local_hash= local_source=none snapshot_missing=false
2026/05/20 14:19:20 [REGISTRY-REPAIR] height=2460 source=committed_carry_forward from=2459 validators=4
[WARN] consensus validator set unresolved height=2461 chain_height=2547 expected_hash=d75b74ab local_hash= local_source=none snapshot_missing=false
2026/05/20 14:19:20 [REGISTRY-REPAIR] height=2461 source=committed_carry_forward from=2460 validators=4
[WARN] consensus validator set unresolved height=2462 chain_height=2547 expected_hash=d75b74ab local_hash= local_source=none snapshot_missing=false
2026/05/20 14:19:20 [REGISTRY-REPAIR] height=2462 source=committed_carry_forward from=2461 validators=4
[WARN] consensus validator set unresolved height=2463 chain_height=2547 expected_hash=d75b74ab local_hash= local_source=none snapshot_missing=false
2026/05/20 14:19:20 [REGISTRY-REPAIR] height=2463 source=committed_carry_forward from=2462 validators=4
[WARN] consensus validator set unresolved height=2464 chain_height=2547 expected_hash=d75b74ab local_hash= local_source=none snapshot_missing=false
2026/05/20 14:19:20 [REGISTRY-REPAIR] height=2464 source=committed_carry_forward from=2463 validators=4
[WARN] consensus validator set unresolved height=2465 chain_height=2547 expected_hash=d75b74ab local_hash= local_source=none snapshot_missing=false
2026/05/20 14:19:20 [REGISTRY-REPAIR] height=2465 source=committed_carry_forward from=2464 validators=4
[WARN] consensus validator set unresolved height=2466 chain_height=2547 expected_hash=d75b74ab local_hash= local_source=none snapshot_missing=false
2026/05/20 14:19:20 [REGISTRY-REPAIR] height=2466 source=committed_carry_forward from=2465 validators=4
[WARN] consensus validator set unresolved height=2467 chain_height=2547 expected_hash=d75b74ab local_hash= local_source=none snapshot_missing=false
2026/05/20 14:19:20 [REGISTRY-REPAIR] height=2467 source=committed_carry_forward from=2466 validators=4
[WARN] consensus validator set unresolved height=2468 chain_height=2547 expected_hash=d75b74ab local_hash= local_source=none snapshot_missing=false
2026/05/20 14:19:20 [REGISTRY-REPAIR] height=2468 source=committed_carry_forward from=2467 validators=4
[WARN] consensus validator set unresolved height=2469 chain_height=2547 expected_hash=d75b74ab local_hash= local_source=none snapshot_missing=false
2026/05/20 14:19:20 [REGISTRY-REPAIR] height=2469 source=committed_carry_forward from=2468 validators=4
[WARN] consensus validator set unresolved height=2470 chain_height=2547 expected_hash=d75b74ab local_hash= local_source=none snapshot_missing=false
2026/05/20 14:19:20 [REGISTRY-REPAIR] height=2470 source=committed_carry_forward from=2469 validators=4
[WARN] consensus validator set unresolved height=2471 chain_height=2547 expected_hash=d75b74ab local_hash= local_source=none snapshot_missing=false
2026/05/20 14:19:20 [REGISTRY-REPAIR] height=2471 source=committed_carry_forward from=2470 validators=4
[WARN] consensus validator set unresolved height=2472 chain_height=2547 expected_hash=d75b74ab local_hash= local_source=none snapshot_missing=false
2026/05/20 14:19:20 [REGISTRY-REPAIR] height=2472 source=committed_carry_forward from=2471 validators=4
[WARN] consensus validator set unresolved height=2473 chain_height=2547 expected_hash=d75b74ab local_hash= local_source=none snapshot_missing=false
2026/05/20 14:19:20 [REGISTRY-REPAIR] height=2473 source=committed_carry_forward from=2472 validators=4
[WARN] consensus validator set unresolved height=2474 chain_height=2547 expected_hash=d75b74ab local_hash= local_source=none snapshot_missing=false
2026/05/20 14:19:20 [REGISTRY-REPAIR] height=2474 source=committed_carry_forward from=2473 validators=4
[WARN] consensus validator set unresolved height=2475 chain_height=2547 expected_hash=d75b74ab local_hash= local_source=none snapshot_missing=false
2026/05/20 14:19:20 [REGISTRY-REPAIR] height=2475 source=committed_carry_forward from=2474 validators=4
[WARN] consensus validator set unresolved height=2476 chain_height=2547 expected_hash=d75b74ab local_hash= local_source=none snapshot_missing=false
2026/05/20 14:19:20 [REGISTRY-REPAIR] height=2476 source=committed_carry_forward from=2475 validators=4
[WARN] consensus validator set unresolved height=2477 chain_height=2547 expected_hash=d75b74ab local_hash= local_source=none snapshot_missing=false
2026/05/20 14:19:20 [REGISTRY-REPAIR] height=2477 source=committed_carry_forward from=2476 validators=4
[WARN] consensus validator set unresolved height=2478 chain_height=2547 expected_hash=d75b74ab local_hash= local_source=none snapshot_missing=false
2026/05/20 14:19:20 [REGISTRY-REPAIR] height=2478 source=committed_carry_forward from=2477 validators=4
[WARN] consensus validator set unresolved height=2479 chain_height=2547 expected_hash=d75b74ab local_hash= local_source=none snapshot_missing=false
2026/05/20 14:19:20 [REGISTRY-REPAIR] height=2479 source=committed_carry_forward from=2478 validators=4
[WARN] consensus validator set unresolved height=2480 chain_height=2547 expected_hash=d75b74ab local_hash= local_source=none snapshot_missing=false
2026/05/20 14:19:20 [REGISTRY-REPAIR] height=2480 source=committed_carry_forward from=2479 validators=4
[WARN] consensus validator set unresolved height=2481 chain_height=2547 expected_hash=d75b74ab local_hash= local_source=none snapshot_missing=false
2026/05/20 14:19:20 [REGISTRY-REPAIR] height=2481 source=committed_carry_forward from=2480 validators=4
[WARN] consensus validator set unresolved height=2482 chain_height=2547 expected_hash=d75b74ab local_hash= local_source=none snapshot_missing=false
2026/05/20 14:19:20 [REGISTRY-REPAIR] height=2482 source=committed_carry_forward from=2481 validators=4
[WARN] consensus validator set unresolved height=2483 chain_height=2547 expected_hash=d75b74ab local_hash= local_source=none snapshot_missing=false
2026/05/20 14:19:20 [REGISTRY-REPAIR] height=2483 source=committed_carry_forward from=2482 validators=4
[WARN] consensus validator set unresolved height=2484 chain_height=2547 expected_hash=d75b74ab local_hash= local_source=none snapshot_missing=false
2026/05/20 14:19:20 [REGISTRY-REPAIR] height=2484 source=committed_carry_forward from=2483 validators=4
[WARN] consensus validator set unresolved height=2485 chain_height=2547 expected_hash=d75b74ab local_hash= local_source=none snapshot_missing=false
2026/05/20 14:19:20 [REGISTRY-REPAIR] height=2485 source=committed_carry_forward from=2484 validators=4
[WARN] consensus validator set unresolved height=2486 chain_height=2547 expected_hash=d75b74ab local_hash= local_source=none snapshot_missing=false
2026/05/20 14:19:20 [REGISTRY-REPAIR] height=2486 source=committed_carry_forward from=2485 validators=4
[WARN] consensus validator set unresolved height=2487 chain_height=2547 expected_hash=d75b74ab local_hash= local_source=none snapshot_missing=false
2026/05/20 14:19:20 [REGISTRY-REPAIR] height=2487 source=committed_carry_forward from=2486 validators=4
[WARN] consensus validator set unresolved height=2488 chain_height=2547 expected_hash=d75b74ab local_hash= local_source=none snapshot_missing=false
2026/05/20 14:19:20 [REGISTRY-REPAIR] height=2488 source=committed_carry_forward from=2487 validators=4
[WARN] consensus validator set unresolved height=2489 chain_height=2547 expected_hash=d75b74ab local_hash= local_source=none snapshot_missing=false
2026/05/20 14:19:20 [REGISTRY-REPAIR] height=2489 source=committed_carry_forward from=2488 validators=4
[WARN] consensus validator set unresolved height=2490 chain_height=2547 expected_hash=d75b74ab local_hash= local_source=none snapshot_missing=false
2026/05/20 14:19:20 [REGISTRY-REPAIR] height=2490 source=committed_carry_forward from=2489 validators=4
[WARN] consensus validator set unresolved height=2491 chain_height=2547 expected_hash=d75b74ab local_hash= local_source=none snapshot_missing=false
2026/05/20 14:19:20 [REGISTRY-REPAIR] height=2491 source=committed_carry_forward from=2490 validators=4
[WARN] consensus validator set unresolved height=2492 chain_height=2547 expected_hash=d75b74ab local_hash= local_source=none snapshot_missing=false
[WARN] consensus validator set unresolved height=2493 chain_height=2547 expected_hash=d75b74ab local_hash= local_source=none snapshot_missing=false
2026/05/20 14:19:20 [REGISTRY-REPAIR] height=2493 source=committed_carry_forward from=2491 validators=4
[WARN] consensus validator set unresolved height=2494 chain_height=2547 expected_hash=d75b74ab local_hash= local_source=none snapshot_missing=false
2026/05/20 14:19:20 [REGISTRY-REPAIR] height=2494 source=committed_carry_forward from=2493 validators=4
[WARN] consensus validator set unresolved height=2495 chain_height=2547 expected_hash=d75b74ab local_hash= local_source=none snapshot_missing=false
2026/05/20 14:19:20 [REGISTRY-REPAIR] height=2495 source=committed_carry_forward from=2494 validators=4
[WARN] consensus validator set unresolved height=2496 chain_height=2547 expected_hash=d75b74ab local_hash= local_source=none snapshot_missing=false
2026/05/20 14:19:20 [REGISTRY-REPAIR] height=2496 source=committed_carry_forward from=2495 validators=4
[WARN] consensus validator set unresolved height=2497 chain_height=2547 expected_hash=d75b74ab local_hash= local_source=none snapshot_missing=false
2026/05/20 14:19:20 [REGISTRY-REPAIR] height=2497 source=committed_carry_forward from=2496 validators=4
[WARN] consensus validator set unresolved height=2498 chain_height=2547 expected_hash=d75b74ab local_hash= local_source=none snapshot_missing=false
2026/05/20 14:19:20 [REGISTRY-REPAIR] height=2498 source=committed_carry_forward from=2497 validators=4
[WARN] consensus validator set unresolved height=2499 chain_height=2547 expected_hash=d75b74ab local_hash= local_source=none snapshot_missing=false
2026/05/20 14:19:20 [REGISTRY-REPAIR] height=2499 source=committed_carry_forward from=2498 validators=4
[WARN] consensus validator set unresolved height=2500 chain_height=2547 expected_hash=d75b74ab local_hash= local_source=none snapshot_missing=false
2026/05/20 14:19:20 [REGISTRY-REPAIR] height=2500 source=committed_carry_forward from=2499 validators=4
[WARN] consensus validator set unresolved height=2501 chain_height=2547 expected_hash=d75b74ab local_hash= local_source=none snapshot_missing=false
2026/05/20 14:19:20 [REGISTRY-REPAIR] height=2501 source=committed_carry_forward from=2500 validators=4
[WARN] consensus validator set unresolved height=2502 chain_height=2547 expected_hash=d75b74ab local_hash= local_source=none snapshot_missing=false
2026/05/20 14:19:20 [REGISTRY-REPAIR] height=2502 source=committed_carry_forward from=2501 validators=4
[WARN] consensus validator set unresolved height=2503 chain_height=2547 expected_hash=d75b74ab local_hash= local_source=none snapshot_missing=false
2026/05/20 14:19:20 [REGISTRY-REPAIR] height=2503 source=committed_carry_forward from=2502 validators=4
[WARN] consensus validator set unresolved height=2504 chain_height=2547 expected_hash=d75b74ab local_hash= local_source=none snapshot_missing=false
2026/05/20 14:19:20 [REGISTRY-REPAIR] height=2504 source=committed_carry_forward from=2503 validators=4
[WARN] consensus validator set unresolved height=2505 chain_height=2547 expected_hash=d75b74ab local_hash= local_source=none snapshot_missing=false
2026/05/20 14:19:20 [REGISTRY-REPAIR] height=2505 source=committed_carry_forward from=2504 validators=4
[WARN] consensus validator set unresolved height=2506 chain_height=2547 expected_hash=d75b74ab local_hash= local_source=none snapshot_missing=false
2026/05/20 14:19:20 [REGISTRY-REPAIR] height=2506 source=committed_carry_forward from=2505 validators=4
[WARN] consensus validator set unresolved height=2507 chain_height=2547 expected_hash=d75b74ab local_hash= local_source=none snapshot_missing=false
2026/05/20 14:19:20 [REGISTRY-REPAIR] height=2507 source=committed_carry_forward from=2506 validators=4
[WARN] consensus validator set unresolved height=2508 chain_height=2547 expected_hash=d75b74ab local_hash= local_source=none snapshot_missing=false
2026/05/20 14:19:20 [REGISTRY-REPAIR] height=2508 source=committed_carry_forward from=2507 validators=4
[WARN] consensus validator set unresolved height=2509 chain_height=2547 expected_hash=d75b74ab local_hash= local_source=none snapshot_missing=false
2026/05/20 14:19:20 [REGISTRY-REPAIR] height=2509 source=committed_carry_forward from=2508 validators=4
[WARN] consensus validator set unresolved height=2510 chain_height=2547 expected_hash=d75b74ab local_hash= local_source=none snapshot_missing=false
2026/05/20 14:19:20 [REGISTRY-REPAIR] height=2510 source=committed_carry_forward from=2509 validators=4
[WARN] consensus validator set unresolved height=2511 chain_height=2547 expected_hash=d75b74ab local_hash= local_source=none snapshot_missing=false
2026/05/20 14:19:20 [REGISTRY-REPAIR] height=2511 source=committed_carry_forward from=2510 validators=4
[WARN] consensus validator set unresolved height=2512 chain_height=2547 expected_hash=d75b74ab local_hash= local_source=none snapshot_missing=false
2026/05/20 14:19:20 [REGISTRY-REPAIR] height=2512 source=committed_carry_forward from=2511 validators=4
[WARN] consensus validator set unresolved height=2513 chain_height=2547 expected_hash=d75b74ab local_hash= local_source=none snapshot_missing=false
2026/05/20 14:19:20 [REGISTRY-REPAIR] height=2513 source=committed_carry_forward from=2512 validators=4
[WARN] consensus validator set unresolved height=2514 chain_height=2547 expected_hash=d75b74ab local_hash= local_source=none snapshot_missing=false
2026/05/20 14:19:20 [REGISTRY-REPAIR] height=2514 source=committed_carry_forward from=2513 validators=4
[WARN] consensus validator set unresolved height=2515 chain_height=2547 expected_hash=d75b74ab local_hash= local_source=none snapshot_missing=false
2026/05/20 14:19:20 [REGISTRY-REPAIR] height=2515 source=committed_carry_forward from=2514 validators=4
[WARN] consensus validator set unresolved height=2516 chain_height=2547 expected_hash=d75b74ab local_hash= local_source=none snapshot_missing=false
2026/05/20 14:19:20 [REGISTRY-REPAIR] height=2516 source=committed_carry_forward from=2515 validators=4
[WARN] consensus validator set unresolved height=2517 chain_height=2547 expected_hash=d75b74ab local_hash= local_source=none snapshot_missing=false
2026/05/20 14:19:20 [REGISTRY-REPAIR] height=2517 source=committed_carry_forward from=2516 validators=4
[WARN] consensus validator set unresolved height=2518 chain_height=2547 expected_hash=d75b74ab local_hash= local_source=none snapshot_missing=false
2026/05/20 14:19:20 [REGISTRY-REPAIR] height=2518 source=committed_carry_forward from=2517 validators=4
[WARN] consensus validator set unresolved height=2519 chain_height=2547 expected_hash=d75b74ab local_hash= local_source=none snapshot_missing=false
2026/05/20 14:19:20 [REGISTRY-REPAIR] height=2519 source=committed_carry_forward from=2518 validators=4
[WARN] consensus validator set unresolved height=2520 chain_height=2547 expected_hash=d75b74ab local_hash= local_source=none snapshot_missing=false
[WARN] consensus validator set unresolved height=2521 chain_height=2547 expected_hash=d75b74ab local_hash= local_source=none snapshot_missing=false
2026/05/20 14:19:20 [REGISTRY-REPAIR] height=2521 source=committed_carry_forward from=2519 validators=4
[WARN] consensus validator set unresolved height=2522 chain_height=2547 expected_hash=d75b74ab local_hash= local_source=none snapshot_missing=false
[WARN] consensus validator set unresolved height=2523 chain_height=2547 expected_hash=d75b74ab local_hash= local_source=none snapshot_missing=false
2026/05/20 14:19:20 [REGISTRY-REPAIR] height=2523 source=committed_carry_forward from=2521 validators=4
[WARN] consensus validator set unresolved height=2524 chain_height=2547 expected_hash=d75b74ab local_hash= local_source=none snapshot_missing=false
2026/05/20 14:19:20 [REGISTRY-REPAIR] height=2524 source=committed_carry_forward from=2523 validators=4
[WARN] consensus validator set unresolved height=2525 chain_height=2547 expected_hash=d75b74ab local_hash= local_source=none snapshot_missing=false
2026/05/20 14:19:20 [REGISTRY-REPAIR] height=2525 source=committed_carry_forward from=2524 validators=4
[WARN] consensus validator set unresolved height=2526 chain_height=2547 expected_hash=d75b74ab local_hash= local_source=none snapshot_missing=false
2026/05/20 14:19:20 [REGISTRY-REPAIR] height=2526 source=committed_carry_forward from=2525 validators=4
[WARN] consensus validator set unresolved height=2527 chain_height=2547 expected_hash=d75b74ab local_hash= local_source=none snapshot_missing=false
2026/05/20 14:19:20 [REGISTRY-REPAIR] height=2527 source=committed_carry_forward from=2526 validators=4
[WARN] consensus validator set unresolved height=2528 chain_height=2547 expected_hash=d75b74ab local_hash= local_source=none snapshot_missing=false
[WARN] consensus validator set unresolved height=2529 chain_height=2547 expected_hash=d75b74ab local_hash= local_source=none snapshot_missing=false
2026/05/20 14:19:20 [REGISTRY-REPAIR] height=2529 source=committed_carry_forward from=2527 validators=4
[WARN] consensus validator set unresolved height=2530 chain_height=2547 expected_hash=d75b74ab local_hash= local_source=none snapshot_missing=false
[WARN] consensus validator set unresolved height=2531 chain_height=2547 expected_hash=d75b74ab local_hash= local_source=none snapshot_missing=false
2026/05/20 14:19:20 [REGISTRY-REPAIR] height=2531 source=committed_carry_forward from=2529 validators=4
[WARN] consensus validator set unresolved height=2532 chain_height=2547 expected_hash=d75b74ab local_hash= local_source=none snapshot_missing=false
2026/05/20 14:19:20 [REGISTRY-REPAIR] height=2532 source=committed_carry_forward from=2531 validators=4
[WARN] consensus validator set unresolved height=2533 chain_height=2547 expected_hash=d75b74ab local_hash= local_source=none snapshot_missing=false
[WARN] consensus validator set unresolved height=2534 chain_height=2547 expected_hash=d75b74ab local_hash= local_source=none snapshot_missing=false
2026/05/20 14:19:20 [REGISTRY-REPAIR] height=2534 source=committed_carry_forward from=2532 validators=4
[WARN] consensus validator set unresolved height=2535 chain_height=2547 expected_hash=d75b74ab local_hash= local_source=none snapshot_missing=false
2026/05/20 14:19:20 [REGISTRY-REPAIR] height=2535 source=committed_carry_forward from=2534 validators=4
[WARN] consensus validator set unresolved height=2536 chain_height=2547 expected_hash=d75b74ab local_hash= local_source=none snapshot_missing=false
2026/05/20 14:19:20 [REGISTRY-REPAIR] height=2536 source=committed_carry_forward from=2535 validators=4
[WARN] consensus validator set unresolved height=2537 chain_height=2547 expected_hash=d75b74ab local_hash= local_source=none snapshot_missing=false
2026/05/20 14:19:20 [REGISTRY-REPAIR] height=2537 source=committed_carry_forward from=2536 validators=4
[WARN] consensus validator set unresolved height=2538 chain_height=2547 expected_hash=d75b74ab local_hash= local_source=none snapshot_missing=false
2026/05/20 14:19:20 [REGISTRY-REPAIR] height=2538 source=committed_carry_forward from=2537 validators=4
[WARN] consensus validator set unresolved height=2539 chain_height=2547 expected_hash=d75b74ab local_hash= local_source=none snapshot_missing=false
[WARN] consensus validator set unresolved height=2540 chain_height=2547 expected_hash=d75b74ab local_hash= local_source=none snapshot_missing=false
2026/05/20 14:19:20 [REGISTRY-REPAIR] height=2540 source=committed_carry_forward from=2538 validators=4
[WARN] consensus validator set unresolved height=2541 chain_height=2547 expected_hash=d75b74ab local_hash= local_source=none snapshot_missing=false
2026/05/20 14:19:20 [REGISTRY-REPAIR] height=2541 source=committed_carry_forward from=2540 validators=4
[WARN] consensus validator set unresolved height=2542 chain_height=2547 expected_hash=d75b74ab local_hash= local_source=none snapshot_missing=false
2026/05/20 14:19:20 [REGISTRY-REPAIR] height=2542 source=committed_carry_forward from=2541 validators=4
[WARN] consensus validator set unresolved height=2543 chain_height=2547 expected_hash=d75b74ab local_hash= local_source=none snapshot_missing=false
[WARN] consensus validator set unresolved height=2544 chain_height=2547 expected_hash=d75b74ab local_hash= local_source=none snapshot_missing=false
2026/05/20 14:19:20 [REGISTRY-REPAIR] height=2544 source=committed_carry_forward from=2542 validators=4
[WARN] consensus validator set unresolved height=2545 chain_height=2547 expected_hash=d75b74ab local_hash= local_source=none snapshot_missing=false
[WARN] consensus validator set unresolved height=2546 chain_height=2547 expected_hash=d75b74ab local_hash= local_source=none snapshot_missing=false
[EMISSION] h=1630 reward=4 treasury=1 validators=2 burn=1 applied_burn=0 chance_bps=10000
2026/05/20 14:19:21 [WARN] committed tip snapshot materialization failed height=2547 reason=startup err=create_snapshot_failed reason=startup err=create_snapshot_failed height=1631 err=snapshot_validator_set_unresolved next_height=1632 target_hash=464c25f634745d8ca420ca086baabb3a545733287e5fb5f55e109a68ea638a3a
2026/05/20 14:19:21 [WARN] startup committed snapshot unresolved height=2547
[SET-FREEZE-REPLAY] entries=5806 applied=126 last_h=1637 hash=d75b74ab
[SET-FREEZE-CHAIN] applied=915 materialized=0 tip_h=2547 hash=d75b74ab
2026/05/20 14:19:21 [AUTOHEAL] startup_recovery_applied height=2547 frozen_sets=2543
2026/05/20 14:19:21 [AUTH] restored wallet auth binding for node F (same datadir/key identity)
2026/05/20 14:19:21 Wallet auth required for validator activation; network starts immediately for node F
2026/05/20 14:19:21 EVM/VM routes removed permanently. DTL JSON-RPC available at /rpc
Ã°Å¸â€Â Wallet authentication required. Open: http://127.0.0.1:26661/msc_wallet.html?auth=1&keep_origin=1&node=F&rpc=http%3A%2F%2F127.0.0.1%3A26661&session=9dd3e69977e037854d3805f86eccd46e&stake=1&stake_coin=MSC&stake_validator=F
2026/05/20 14:19:21 [STARTUP-EXECUTION-SNAPSHOT] action=rebuild begin height=2547
[EMISSION] h=1630 reward=4 treasury=1 validators=2 burn=1 applied_burn=0 chance_bps=10000
===============================================
===============================================
Peer ID  : n/a
Height   : 2547
Peers    : 0
===============================================
msc[F]> 2026/05/20 14:19:21 [WARN] interactive CLI input closed; node keeps running: EOF
2026/05/20 14:19:21 [P2P-ID] identity key=data\F\node_F\p2p_identity.key peer_id=12D3KooWETqM63k4eBQTHnBZ2jzRd4SCLBX7fMSz6BcnGFUohp9U
Ã°Å¸Å’Â LibP2P host initialized
Ã°Å¸â€ â€ PeerID: 12D3KooWETqM63k4eBQTHnBZ2jzRd4SCLBX7fMSz6BcnGFUohp9U
Ã°Å¸â€œÂ Listening addresses:
  /ip4/127.0.0.1/tcp/7005/p2p/12D3KooWETqM63k4eBQTHnBZ2jzRd4SCLBX7fMSz6BcnGFUohp9U
P2P stack: discovery=DNS seeds + DHT + mDNS, transport=QUIC, security=Noise, messaging=GossipSub, NAT=UPnP + Relay
Ã°Å¸â€œÅ  Host info: Addrs=1 DHT=true
mDNS auto-disabled on Windows (set MSC_FORCE_MDNS=1 to force-enable)
ÃƒÂ°Ã…Â¸Ã¢â‚¬Å“Ã‚Â¡ PubSub topics initialized (MSC)
   msc-block        block propagation
   msc-tx           mempool ingress
   msc-consensus    exec/commit/snapshot
   msc-validator    validator gossip
   msc-snapshot-meta snapshot manifest metadata
   msc-snapshot-chunk snapshot chunk availability
   msc-snapshot-proof snapshot anchor proofs
Ã°Å¸â€Â§ Network protocols configured
Ã¢Å“â€¦ Listening for blocks...
Ã¢Å“â€¦ Listening for transactions...
2026/05/20 14:19:21 [SNAPSHOT-PUBLISH-REQUIRED] validator=F policy=strict_snapshot_only
[SNAPSHOT-PUBLISH] deferred height=2547 reason=auto_publish_interval_10
[EMISSION] h=1631 reward=4 treasury=1 validators=2 burn=1 applied_burn=0 chance_bps=10000
Ã°Å¸â€â€” Peer connected: 12D3KooWHdmUKc1bYKY3scg6TqGhK3SutwH9hu1aAez4VmvwkEyk
[EMISSION] h=1632 reward=3 treasury=1 validators=2 burn=0 applied_burn=0 chance_bps=10000
Ã°Å¸â€â€” Peer connected: 12D3KooWD9ed8zJXbW8uUU6XHD2UYrsQQEvnuXReJWFeo52dvdf8
[EMISSION] h=1633 reward=3 treasury=1 validators=2 burn=0 applied_burn=0 chance_bps=10000
[EMISSION] h=1634 reward=4 treasury=1 validators=2 burn=1 applied_burn=0 chance_bps=10000
[EMISSION] h=1635 reward=4 treasury=1 validators=2 burn=1 applied_burn=0 chance_bps=10000
[EMISSION] h=1636 reward=4 treasury=1 validators=2 burn=1 applied_burn=0 chance_bps=10000
[EMISSION] h=1637 reward=2 treasury=1 validators=1 burn=0 applied_burn=0 chance_bps=10000
[EMISSION] h=1638 reward=3 treasury=1 validators=2 burn=0 applied_burn=0 chance_bps=10000
2026/05/20 14:19:22 [SYNC-PIPELINE] stage=live_consensus
[EMISSION] h=1639 reward=2 treasury=1 validators=1 burn=0 applied_burn=0 chance_bps=10000
[EMISSION] h=1640 reward=3 treasury=1 validators=2 burn=0 applied_burn=0 chance_bps=10000
[EMISSION] h=1641 reward=2 treasury=1 validators=1 burn=0 applied_burn=0 chance_bps=10000
Pubkey override (testnet) for validator B
Validator registered | id=B addr=/ip4/127.0.0.1/tcp/7002/p2p/12D3KooWHdmUKc1bYKY3scg6TqGhK3SutwH9hu1aAez4VmvwkEyk
Pubkey override (testnet) for validator B
[EMISSION] h=1642 reward=4 treasury=1 validators=2 burn=1 applied_burn=0 chance_bps=10000
[EMISSION] h=1643 reward=2 treasury=1 validators=1 burn=0 applied_burn=0 chance_bps=10000
[EMISSION] h=1644 reward=2 treasury=1 validators=1 burn=0 applied_burn=0 chance_bps=10000
Attempting to connect to 4 peers
[EMISSION] h=1645 reward=4 treasury=1 validators=2 burn=1 applied_burn=0 chance_bps=10000
[EMISSION] h=1646 reward=3 treasury=1 validators=2 burn=0 applied_burn=0 chance_bps=10000
Failed to connect to peer /ip4/127.0.0.1/tcp/7001/p2p/12D3KooWPVKESWFG9sS8G6vjhfPn54kWuNFkkuHwG4yQXhYRcXjX: connection failed: failed to dial: failed to dial 12D3KooWPVKESWFG9sS8G6vjhfPn54kWuNFkkuHwG4yQXhYRcXjX: all dials failed
  * [/ip4/127.0.0.1/tcp/7001] dial backoff
[EMISSION] h=1647 reward=3 treasury=1 validators=2 burn=0 applied_burn=0 chance_bps=10000
Ignoring stale heartbeat: B reported=2459 local_finalized=2547
Ignoring stale heartbeat: B reported=2459 local_finalized=2547
[EMISSION] h=1648 reward=2 treasury=1 validators=1 burn=0 applied_burn=0 chance_bps=10000
Ã°Å¸â€œÂ¨ Consensus message from 12D3KooWHdmUKc1bYKY3scg6TqGhK3SutwH9hu1aAez4VmvwkEyk: peers (size: 333 bytes)
Skipping pre-hello peers list from 12D3KooWHdmUKc1bYKY3scg6TqGhK3SutwH9hu1aAez4VmvwkEyk
Ã°Å¸â€Å’ Consensus stream EOF from 12D3KooWHdmUKc1bYKY3scg6TqGhK3SutwH9hu1aAez4VmvwkEyk
Ã°Å¸â€Å’ Consensus stream closed with 12D3KooWHdmUKc1bYKY3scg6TqGhK3SutwH9hu1aAez4VmvwkEyk
Ã°Å¸â€œÂ¨ Consensus message from 12D3KooWD9ed8zJXbW8uUU6XHD2UYrsQQEvnuXReJWFeo52dvdf8: peers (size: 333 bytes)
Skipping pre-hello peers list from 12D3KooWD9ed8zJXbW8uUU6XHD2UYrsQQEvnuXReJWFeo52dvdf8
Ã°Å¸â€Å’ Consensus stream EOF from 12D3KooWD9ed8zJXbW8uUU6XHD2UYrsQQEvnuXReJWFeo52dvdf8
Ã°Å¸â€Å’ Consensus stream closed with 12D3KooWD9ed8zJXbW8uUU6XHD2UYrsQQEvnuXReJWFeo52dvdf8
[EMISSION] h=1649 reward=3 treasury=1 validators=2 burn=0 applied_burn=0 chance_bps=10000
[EMISSION] h=1650 reward=3 treasury=1 validators=2 burn=0 applied_burn=0 chance_bps=10000
[EMISSION] h=1651 reward=4 treasury=1 validators=2 burn=1 applied_burn=0 chance_bps=10000
[EMISSION] h=1652 reward=4 treasury=1 validators=2 burn=1 applied_burn=0 chance_bps=10000
[EMISSION] h=1653 reward=3 treasury=1 validators=2 burn=0 applied_burn=0 chance_bps=10000
Ignoring stale heartbeat: B reported=2459 local_finalized=2547
Ignoring stale heartbeat: B reported=2459 local_finalized=2547
[EMISSION] h=1654 reward=2 treasury=1 validators=1 burn=0 applied_burn=0 chance_bps=10000
[EMISSION] h=1655 reward=2 treasury=1 validators=1 burn=0 applied_burn=0 chance_bps=10000
[EMISSION] h=1656 reward=3 treasury=1 validators=2 burn=0 applied_burn=0 chance_bps=10000
[EMISSION] h=1657 reward=3 treasury=1 validators=2 burn=0 applied_burn=0 chance_bps=10000
Pubkey override (testnet) for validator A
Validator registered | id=A addr=/ip4/127.0.0.1/tcp/7001/p2p/12D3KooWPVKESWFG9sS8G6vjhfPn54kWuNFkkuHwG4yQXhYRcXjX
Pubkey override (testnet) for validator A
Validator heartbeat: A | reported_height=2547 | finalized_height=2547 | local_exec_epoch=2548
Validator heartbeat: A | reported_height=2547 | finalized_height=2547 | local_exec_epoch=2548
[EMISSION] h=1658 reward=4 treasury=1 validators=2 burn=1 applied_burn=0 chance_bps=10000
[EMISSION] h=1659 reward=3 treasury=1 validators=2 burn=0 applied_burn=0 chance_bps=10000
[EMISSION] h=1660 reward=2 treasury=1 validators=1 burn=0 applied_burn=0 chance_bps=10000
[SYNC-SERVE-REQUEST] peer=12D3KooW requested=2460-2547 snapshot=false snapshot_height=0
[SYNC-SERVE-RESPONSE] peer=12D3KooW requested=2460-2547 served=2460-2547 count=88 snapshot=false tip_gap=false historical_gap=false duration_ms=5
Ã°Å¸â€œÂ¦ Sent blocks 2460-2547 (88 blocks) to 12D3KooWD9ed8zJXbW8uUU6XHD2UYrsQQEvnuXReJWFeo52dvdf8
[EMISSION] h=1661 reward=4 treasury=1 validators=2 burn=1 applied_burn=0 chance_bps=10000
[EMISSION] h=1662 reward=4 treasury=1 validators=2 burn=1 applied_burn=0 chance_bps=10000
[EMISSION] h=1663 reward=3 treasury=1 validators=2 burn=0 applied_burn=0 chance_bps=10000
[EMISSION] h=1664 reward=2 treasury=1 validators=1 burn=0 applied_burn=0 chance_bps=10000
[EMISSION] h=1665 reward=2 treasury=1 validators=1 burn=0 applied_burn=0 chance_bps=10000
[EMISSION] h=1666 reward=4 treasury=1 validators=2 burn=1 applied_burn=0 chance_bps=10000
[REGISTRY-PENDING] height=2548 chain_height=2547 reason=future_parent
[SET-PENDING] height=2549 chain_height=2547 reason=future_height
Heartbeat sent: F finalized=2547 epoch=2548
Ã°Å¸â€â€” PubSub mesh check against 2 peers
Ã°Å¸â€â€ž Bootstrapping DHT...
Ã¢Å“â€¦ DHT bootstrap complete
Ã°Å¸â€Â Starting DHT peer discovery...
[EMISSION] h=1667 reward=2 treasury=1 validators=1 burn=0 applied_burn=0 chance_bps=10000
Ã°Å¸â€â€” Peer connected: 12D3KooWE7bMkbbpLoSHKB43JdTZm9zkgqvf1iCQdGAqFFBDa42W
Ã¢Å“â€¦ Connected to peer: 12D3KooWE7bMkbbpLoSHKB43JdTZm9zkgqvf1iCQdGAqFFBDa42W
[EMISSION] h=1668 reward=4 treasury=1 validators=2 burn=1 applied_burn=0 chance_bps=10000
[EMISSION] h=1669 reward=3 treasury=1 validators=2 burn=0 applied_burn=0 chance_bps=10000
[EMISSION] h=1670 reward=3 treasury=1 validators=2 burn=0 applied_burn=0 chance_bps=10000
[EMISSION] h=1671 reward=2 treasury=1 validators=1 burn=0 applied_burn=0 chance_bps=10000
[EMISSION] h=1672 reward=2 treasury=1 validators=1 burn=0 applied_burn=0 chance_bps=10000
[EMISSION] h=1673 reward=3 treasury=1 validators=2 burn=0 applied_burn=0 chance_bps=10000
[EMISSION] h=1674 reward=2 treasury=1 validators=1 burn=0 applied_burn=0 chance_bps=10000
[EMISSION] h=1675 reward=2 treasury=1 validators=1 burn=0 applied_burn=0 chance_bps=10000
[EMISSION] h=1676 reward=4 treasury=1 validators=2 burn=1 applied_burn=0 chance_bps=10000
[EMISSION] h=1677 reward=3 treasury=1 validators=2 burn=0 applied_burn=0 chance_bps=10000
[EMISSION] h=1678 reward=2 treasury=1 validators=1 burn=0 applied_burn=0 chance_bps=10000
[EMISSION] h=1679 reward=2 treasury=1 validators=1 burn=0 applied_burn=0 chance_bps=10000
[EMISSION] h=1680 reward=3 treasury=1 validators=2 burn=0 applied_burn=0 chance_bps=10000
[EMISSION] h=1681 reward=4 treasury=1 validators=2 burn=1 applied_burn=0 chance_bps=10000
[EMISSION] h=1682 reward=2 treasury=1 validators=1 burn=0 applied_burn=0 chance_bps=10000
Ã°Å¸â€œÂ¨ Consensus message from 12D3KooWE7bMkbbpLoSHKB43JdTZm9zkgqvf1iCQdGAqFFBDa42W: peers (size: 333 bytes)
Skipping pre-hello peers list from 12D3KooWE7bMkbbpLoSHKB43JdTZm9zkgqvf1iCQdGAqFFBDa42W
Ã°Å¸â€Å’ Consensus stream EOF from 12D3KooWE7bMkbbpLoSHKB43JdTZm9zkgqvf1iCQdGAqFFBDa42W
Ã°Å¸â€Å’ Consensus stream closed with 12D3KooWE7bMkbbpLoSHKB43JdTZm9zkgqvf1iCQdGAqFFBDa42W
[EMISSION] h=1683 reward=4 treasury=1 validators=2 burn=1 applied_burn=0 chance_bps=10000
[EMISSION] h=1684 reward=2 treasury=1 validators=1 burn=0 applied_burn=0 chance_bps=10000
[EMISSION] h=1685 reward=3 treasury=1 validators=2 burn=0 applied_burn=0 chance_bps=10000
[EMISSION] h=1686 reward=4 treasury=1 validators=2 burn=1 applied_burn=0 chance_bps=10000
[EMISSION] h=1687 reward=2 treasury=1 validators=1 burn=0 applied_burn=0 chance_bps=10000
[EMISSION] h=1688 reward=2 treasury=1 validators=1 burn=0 applied_burn=0 chance_bps=10000
[EMISSION] h=1689 reward=3 treasury=1 validators=2 burn=0 applied_burn=0 chance_bps=10000
[EMISSION] h=1690 reward=2 treasury=1 validators=1 burn=0 applied_burn=0 chance_bps=10000
[EMISSION] h=1691 reward=2 treasury=1 validators=1 burn=0 applied_burn=0 chance_bps=10000
[EMISSION] h=1692 reward=4 treasury=1 validators=2 burn=1 applied_burn=0 chance_bps=10000
[EMISSION] h=1693 reward=2 treasury=1 validators=1 burn=0 applied_burn=0 chance_bps=10000
[EMISSION] h=1694 reward=3 treasury=1 validators=2 burn=0 applied_burn=0 chance_bps=10000
[EMISSION] h=1695 reward=2 treasury=1 validators=1 burn=0 applied_burn=0 chance_bps=10000
[EMISSION] h=1696 reward=2 treasury=1 validators=1 burn=0 applied_burn=0 chance_bps=10000
[EMISSION] h=1697 reward=3 treasury=1 validators=2 burn=0 applied_burn=0 chance_bps=10000
[EMISSION] h=1698 reward=2 treasury=1 validators=1 burn=0 applied_burn=0 chance_bps=10000
[EMISSION] h=1699 reward=4 treasury=1 validators=2 burn=1 applied_burn=0 chance_bps=10000
[EMISSION] h=1700 reward=3 treasury=1 validators=2 burn=0 applied_burn=0 chance_bps=10000
[EMISSION] h=1701 reward=4 treasury=1 validators=2 burn=1 applied_burn=0 chance_bps=10000
[EMISSION] h=1702 reward=2 treasury=1 validators=1 burn=0 applied_burn=0 chance_bps=10000
[EMISSION] h=1703 reward=4 treasury=1 validators=2 burn=1 applied_burn=0 chance_bps=10000
[EMISSION] h=1704 reward=3 treasury=1 validators=2 burn=0 applied_burn=0 chance_bps=10000
[EMISSION] h=1705 reward=4 treasury=1 validators=2 burn=1 applied_burn=0 chance_bps=10000
[EMISSION] h=1706 reward=3 treasury=1 validators=2 burn=0 applied_burn=0 chance_bps=10000
Peer info from 12D3KooWHdmUKc1bYKY3scg6TqGhK3SutwH9hu1aAez4VmvwkEyk | validator=B role=validator
[EMISSION] h=1707 reward=4 treasury=1 validators=2 burn=1 applied_burn=0 chance_bps=10000
[EMISSION] h=1708 reward=3 treasury=1 validators=2 burn=0 applied_burn=0 chance_bps=10000
Pubkey override (peer-hello testnet) for validator C
Peer info from 12D3KooWD9ed8zJXbW8uUU6XHD2UYrsQQEvnuXReJWFeo52dvdf8 | validator=C role=validator
Validator registered | id=C addr=/ip4/127.0.0.1/tcp/7003/p2p/12D3KooWD9ed8zJXbW8uUU6XHD2UYrsQQEvnuXReJWFeo52dvdf8
[EMISSION] h=1709 reward=2 treasury=1 validators=1 burn=0 applied_burn=0 chance_bps=10000
[EMISSION] h=1710 reward=4 treasury=1 validators=2 burn=1 applied_burn=0 chance_bps=10000
[EMISSION] h=1711 reward=4 treasury=1 validators=2 burn=1 applied_burn=0 chance_bps=10000
Peer info from 12D3KooWD9ed8zJXbW8uUU6XHD2UYrsQQEvnuXReJWFeo52dvdf8 | validator=C role=validator
[EMISSION] h=1712 reward=2 treasury=1 validators=1 burn=0 applied_burn=0 chance_bps=10000
[EMISSION] h=1713 reward=2 treasury=1 validators=1 burn=0 applied_burn=0 chance_bps=10000
[EMISSION] h=1714 reward=3 treasury=1 validators=2 burn=0 applied_burn=0 chance_bps=10000
[EMISSION] h=1715 reward=2 treasury=1 validators=1 burn=0 applied_burn=0 chance_bps=10000
Peer info from 12D3KooWHdmUKc1bYKY3scg6TqGhK3SutwH9hu1aAez4VmvwkEyk | validator=B role=validator
[EMISSION] h=1716 reward=3 treasury=1 validators=2 burn=0 applied_burn=0 chance_bps=10000
[SYNC-SERVE-REQUEST] peer=12D3KooW requested=2493-2547 snapshot=false snapshot_height=0
[SYNC-SERVE-RESPONSE] peer=12D3KooW requested=2493-2547 served=2493-2547 count=55 snapshot=false tip_gap=false historical_gap=false duration_ms=10
Ã°Å¸â€œÂ¦ Sent blocks 2493-2547 (55 blocks) to 12D3KooWE7bMkbbpLoSHKB43JdTZm9zkgqvf1iCQdGAqFFBDa42W
[EMISSION] h=1717 reward=2 treasury=1 validators=1 burn=0 applied_burn=0 chance_bps=10000
[EMISSION] h=1718 reward=3 treasury=1 validators=2 burn=0 applied_burn=0 chance_bps=10000
[EMISSION] h=1719 reward=4 treasury=1 validators=2 burn=1 applied_burn=0 chance_bps=10000
[EMISSION] h=1720 reward=2 treasury=1 validators=1 burn=0 applied_burn=0 chance_bps=10000
[EMISSION] h=1721 reward=4 treasury=1 validators=2 burn=1 applied_burn=0 chance_bps=10000
[EMISSION] h=1722 reward=4 treasury=1 validators=2 burn=1 applied_burn=0 chance_bps=10000
[EMISSION] h=1723 reward=4 treasury=1 validators=2 burn=1 applied_burn=0 chance_bps=10000
[EMISSION] h=1724 reward=2 treasury=1 validators=1 burn=0 applied_burn=0 chance_bps=10000
[EMISSION] h=1725 reward=3 treasury=1 validators=2 burn=0 applied_burn=0 chance_bps=10000
[EMISSION] h=1726 reward=4 treasury=1 validators=2 burn=1 applied_burn=0 chance_bps=10000
Validator heartbeat received: A | reported_height=2547 | finalized_height=2547 | local_exec_epoch=2548
[SNAPSHOT-PUBLISH] deferred height=2547 reason=auto_publish_interval_10
Validator heartbeat received: A | reported_height=2547 | finalized_height=2547 | local_exec_epoch=2548
[EMISSION] h=1727 reward=3 treasury=1 validators=2 burn=0 applied_burn=0 chance_bps=10000
[EMISSION] h=1728 reward=3 treasury=1 validators=2 burn=0 applied_burn=0 chance_bps=10000
[EMISSION] h=1729 reward=3 treasury=1 validators=2 burn=0 applied_burn=0 chance_bps=10000
[EMISSION] h=1730 reward=4 treasury=1 validators=2 burn=1 applied_burn=0 chance_bps=10000
Ignoring stale heartbeat: C reported=2459 local_finalized=2547
Pubkey override (testnet) for validator D
Validator registered | id=D addr=/ip4/127.0.0.1/tcp/7004/p2p/12D3KooWE7bMkbbpLoSHKB43JdTZm9zkgqvf1iCQdGAqFFBDa42W
Ignoring stale heartbeat: C reported=2459 local_finalized=2547
[EMISSION] h=1731 reward=3 treasury=1 validators=2 burn=0 applied_burn=0 chance_bps=10000
[EMISSION] h=1732 reward=4 treasury=1 validators=2 burn=1 applied_burn=0 chance_bps=10000
[EMISSION] h=1733 reward=4 treasury=1 validators=2 burn=1 applied_burn=0 chance_bps=10000
[EMISSION] h=1734 reward=2 treasury=1 validators=1 burn=0 applied_burn=0 chance_bps=10000
[EMISSION] h=1735 reward=4 treasury=1 validators=2 burn=1 applied_burn=0 chance_bps=10000
[EMISSION] h=1736 reward=4 treasury=1 validators=2 burn=1 applied_burn=0 chance_bps=10000
[EMISSION] h=1737 reward=4 treasury=1 validators=2 burn=1 applied_burn=0 chance_bps=10000
Peer info from 12D3KooWD9ed8zJXbW8uUU6XHD2UYrsQQEvnuXReJWFeo52dvdf8 | validator=C role=validator
[REGISTRY-PENDING] height=2548 chain_height=2547 reason=future_parent
[SET-PENDING] height=2549 chain_height=2547 reason=future_height
Heartbeat sent: F finalized=2547 epoch=2548
[EMISSION] h=1738 reward=2 treasury=1 validators=1 burn=0 applied_burn=0 chance_bps=10000
[EMISSION] h=1739 reward=4 treasury=1 validators=2 burn=1 applied_burn=0 chance_bps=10000
[EMISSION] h=1740 reward=3 treasury=1 validators=2 burn=0 applied_burn=0 chance_bps=10000
Peer info from 12D3KooWHdmUKc1bYKY3scg6TqGhK3SutwH9hu1aAez4VmvwkEyk | validator=B role=validator
[EMISSION] h=1741 reward=3 treasury=1 validators=2 burn=0 applied_burn=0 chance_bps=10000
[EMISSION] h=1742 reward=4 treasury=1 validators=2 burn=1 applied_burn=0 chance_bps=10000
[EMISSION] h=1743 reward=3 treasury=1 validators=2 burn=0 applied_burn=0 chance_bps=10000
[EMISSION] h=1744 reward=2 treasury=1 validators=1 burn=0 applied_burn=0 chance_bps=10000
[EMISSION] h=1745 reward=3 treasury=1 validators=2 burn=0 applied_burn=0 chance_bps=10000
[EMISSION] h=1746 reward=2 treasury=1 validators=1 burn=0 applied_burn=0 chance_bps=10000
Candidate heartbeat received: D | reported_height=2492 | finalized_height=2492 | local_exec_epoch=2493
Candidate heartbeat received: D | reported_height=2492 | finalized_height=2492 | local_exec_epoch=2493
[EMISSION] h=1747 reward=4 treasury=1 validators=2 burn=1 applied_burn=0 chance_bps=10000
[EMISSION] h=1748 reward=2 treasury=1 validators=1 burn=0 applied_burn=0 chance_bps=10000
[EMISSION] h=1749 reward=4 treasury=1 validators=2 burn=1 applied_burn=0 chance_bps=10000
[EMISSION] h=1750 reward=3 treasury=1 validators=2 burn=0 applied_burn=0 chance_bps=10000
Ignoring stale heartbeat: B reported=2460 local_finalized=2547
Ignoring stale heartbeat: B reported=2460 local_finalized=2547
[EMISSION] h=1751 reward=2 treasury=1 validators=1 burn=0 applied_burn=0 chance_bps=10000
[EMISSION] h=1752 reward=4 treasury=1 validators=2 burn=1 applied_burn=0 chance_bps=10000
Ignoring stale heartbeat: C reported=2460 local_finalized=2547
Ignoring stale heartbeat: C reported=2460 local_finalized=2547
[EMISSION] h=1753 reward=4 treasury=1 validators=2 burn=1 applied_burn=0 chance_bps=10000
[EMISSION] h=1754 reward=2 treasury=1 validators=1 burn=0 applied_burn=0 chance_bps=10000
Ignoring stale heartbeat: B reported=2460 local_finalized=2547
[EMISSION] h=1755 reward=2 treasury=1 validators=1 burn=0 applied_burn=0 chance_bps=10000
Ignoring stale heartbeat: B reported=2460 local_finalized=2547
[EMISSION] h=1756 reward=4 treasury=1 validators=2 burn=1 applied_burn=0 chance_bps=10000
[EMISSION] h=1757 reward=4 treasury=1 validators=2 burn=1 applied_burn=0 chance_bps=10000
Ignoring stale heartbeat: C reported=2460 local_finalized=2547
Validator heartbeat: A | reported_height=2547 | finalized_height=2547 | local_exec_epoch=2548
[EMISSION] h=1758 reward=2 treasury=1 validators=1 burn=0 applied_burn=0 chance_bps=10000
[EMISSION] h=1759 reward=4 treasury=1 validators=2 burn=1 applied_burn=0 chance_bps=10000
[EMISSION] h=1760 reward=4 treasury=1 validators=2 burn=1 applied_burn=0 chance_bps=10000
Ignoring stale heartbeat: C reported=2460 local_finalized=2547
[EMISSION] h=1761 reward=2 treasury=1 validators=1 burn=0 applied_burn=0 chance_bps=10000
Validator heartbeat: A | reported_height=2547 | finalized_height=2547 | local_exec_epoch=2548
[EMISSION] h=1762 reward=4 treasury=1 validators=2 burn=1 applied_burn=0 chance_bps=10000
[EMISSION] h=1763 reward=4 treasury=1 validators=2 burn=1 applied_burn=0 chance_bps=10000
[EMISSION] h=1764 reward=3 treasury=1 validators=2 burn=0 applied_burn=0 chance_bps=10000
[EMISSION] h=1765 reward=4 treasury=1 validators=2 burn=1 applied_burn=0 chance_bps=10000
[EMISSION] h=1766 reward=4 treasury=1 validators=2 burn=1 applied_burn=0 chance_bps=10000
[EMISSION] h=1767 reward=3 treasury=1 validators=2 burn=0 applied_burn=0 chance_bps=10000
[EMISSION] h=1768 reward=4 treasury=1 validators=2 burn=1 applied_burn=0 chance_bps=10000
[EMISSION] h=1769 reward=4 treasury=1 validators=2 burn=1 applied_burn=0 chance_bps=10000
[EMISSION] h=1770 reward=4 treasury=1 validators=2 burn=1 applied_burn=0 chance_bps=10000
[EMISSION] h=1771 reward=3 treasury=1 validators=2 burn=0 applied_burn=0 chance_bps=10000
[EMISSION] h=1772 reward=4 treasury=1 validators=2 burn=1 applied_burn=0 chance_bps=10000
Ã¢ÂÂ³ Waiting for sync completion before consensus start (height=2547 finalized=2547)
[EMISSION] h=1773 reward=4 treasury=1 validators=2 burn=1 applied_burn=0 chance_bps=10000
[EMISSION] h=1774 reward=2 treasury=1 validators=1 burn=0 applied_burn=0 chance_bps=10000
[EMISSION] h=1775 reward=4 treasury=1 validators=2 burn=1 applied_burn=0 chance_bps=10000
[EMISSION] h=1776 reward=3 treasury=1 validators=2 burn=0 applied_burn=0 chance_bps=10000
[EMISSION] h=1777 reward=2 treasury=1 validators=1 burn=0 applied_burn=0 chance_bps=10000
[EMISSION] h=1778 reward=3 treasury=1 validators=2 burn=0 applied_burn=0 chance_bps=10000
[EMISSION] h=1779 reward=2 treasury=1 validators=1 burn=0 applied_burn=0 chance_bps=10000
[EMISSION] h=1780 reward=2 treasury=1 validators=1 burn=0 applied_burn=0 chance_bps=10000
[EMISSION] h=1781 reward=3 treasury=1 validators=2 burn=0 applied_burn=0 chance_bps=10000
[EMISSION] h=1782 reward=3 treasury=1 validators=2 burn=0 applied_burn=0 chance_bps=10000
[EMISSION] h=1783 reward=4 treasury=1 validators=2 burn=1 applied_burn=0 chance_bps=10000
[EMISSION] h=1784 reward=4 treasury=1 validators=2 burn=1 applied_burn=0 chance_bps=10000
Heartbeat sent: F finalized=2547 epoch=2548
[EMISSION] h=1785 reward=2 treasury=1 validators=1 burn=0 applied_burn=0 chance_bps=10000
[EMISSION] h=1786 reward=3 treasury=1 validators=2 burn=0 applied_burn=0 chance_bps=10000
[EMISSION] h=1787 reward=2 treasury=1 validators=1 burn=0 applied_burn=0 chance_bps=10000
[EMISSION] h=1788 reward=3 treasury=1 validators=2 burn=0 applied_burn=0 chance_bps=10000
[EMISSION] h=1789 reward=2 treasury=1 validators=1 burn=0 applied_burn=0 chance_bps=10000
[EMISSION] h=1790 reward=2 treasury=1 validators=1 burn=0 applied_burn=0 chance_bps=10000
[EMISSION] h=1791 reward=3 treasury=1 validators=2 burn=0 applied_burn=0 chance_bps=10000
[EMISSION] h=1792 reward=4 treasury=1 validators=2 burn=1 applied_burn=0 chance_bps=10000
[EMISSION] h=1793 reward=4 treasury=1 validators=2 burn=1 applied_burn=0 chance_bps=10000
[EMISSION] h=1794 reward=2 treasury=1 validators=1 burn=0 applied_burn=0 chance_bps=10000
[EMISSION] h=1795 reward=3 treasury=1 validators=2 burn=0 applied_burn=0 chance_bps=10000
[EMISSION] h=1796 reward=2 treasury=1 validators=1 burn=0 applied_burn=0 chance_bps=10000
[EMISSION] h=1797 reward=3 treasury=1 validators=2 burn=0 applied_burn=0 chance_bps=10000
[EMISSION] h=1798 reward=3 treasury=1 validators=2 burn=0 applied_burn=0 chance_bps=10000
[EMISSION] h=1799 reward=2 treasury=1 validators=1 burn=0 applied_burn=0 chance_bps=10000
[EMISSION] h=1800 reward=2 treasury=1 validators=1 burn=0 applied_burn=0 chance_bps=10000
[EMISSION] h=1801 reward=2 treasury=1 validators=1 burn=0 applied_burn=0 chance_bps=10000
[EMISSION] h=1802 reward=3 treasury=1 validators=2 burn=0 applied_burn=0 chance_bps=10000
[EMISSION] h=1803 reward=3 treasury=1 validators=2 burn=0 applied_burn=0 chance_bps=10000
[EMISSION] h=1804 reward=4 treasury=1 validators=2 burn=1 applied_burn=0 chance_bps=10000
[EMISSION] h=1805 reward=4 treasury=1 validators=2 burn=1 applied_burn=0 chance_bps=10000
[EMISSION] h=1806 reward=2 treasury=1 validators=1 burn=0 applied_burn=0 chance_bps=10000
[EMISSION] h=1807 reward=2 treasury=1 validators=1 burn=0 applied_burn=0 chance_bps=10000
Validator heartbeat received: A | reported_height=2547 | finalized_height=2547 | local_exec_epoch=2548
[SNAPSHOT-PUBLISH] deferred height=2547 reason=auto_publish_interval_10
[EMISSION] h=1808 reward=3 treasury=1 validators=2 burn=0 applied_burn=0 chance_bps=10000
[EMISSION] h=1809 reward=3 treasury=1 validators=2 burn=0 applied_burn=0 chance_bps=10000
[EMISSION] h=1810 reward=3 treasury=1 validators=2 burn=0 applied_burn=0 chance_bps=10000
Ignoring stale heartbeat: B reported=2461 local_finalized=2547
[EMISSION] h=1811 reward=2 treasury=1 validators=1 burn=0 applied_burn=0 chance_bps=10000
[EMISSION] h=1812 reward=3 treasury=1 validators=2 burn=0 applied_burn=0 chance_bps=10000
[EMISSION] h=1813 reward=3 treasury=1 validators=2 burn=0 applied_burn=0 chance_bps=10000
[EMISSION] h=1814 reward=2 treasury=1 validators=1 burn=0 applied_burn=0 chance_bps=10000
[EMISSION] h=1815 reward=2 treasury=1 validators=1 burn=0 applied_burn=0 chance_bps=10000
[EMISSION] h=1816 reward=3 treasury=1 validators=2 burn=0 applied_burn=0 chance_bps=10000
Validator heartbeat received: A | reported_height=2547 | finalized_height=2547 | local_exec_epoch=2548
Ignoring stale heartbeat: C reported=2461 local_finalized=2547
Validator heartbeat: A | reported_height=2547 | finalized_height=2547 | local_exec_epoch=2548
[EMISSION] h=1817 reward=4 treasury=1 validators=2 burn=1 applied_burn=0 chance_bps=10000
[EMISSION] h=1818 reward=4 treasury=1 validators=2 burn=1 applied_burn=0 chance_bps=10000
[EMISSION] h=1819 reward=2 treasury=1 validators=1 burn=0 applied_burn=0 chance_bps=10000
Ignoring stale heartbeat: B reported=2461 local_finalized=2547
[EMISSION] h=1820 reward=4 treasury=1 validators=2 burn=1 applied_burn=0 chance_bps=10000
[EMISSION] h=1821 reward=4 treasury=1 validators=2 burn=1 applied_burn=0 chance_bps=10000
Ã°Å¸â€â€” Peer connected: 12D3KooWPVKESWFG9sS8G6vjhfPn54kWuNFkkuHwG4yQXhYRcXjX
[EMISSION] h=1822 reward=2 treasury=1 validators=1 burn=0 applied_burn=0 chance_bps=10000
Ignoring stale heartbeat: C reported=2461 local_finalized=2547
Validator heartbeat: A | reported_height=2547 | finalized_height=2547 | local_exec_epoch=2548
[EMISSION] h=1823 reward=2 treasury=1 validators=1 burn=0 applied_burn=0 chance_bps=10000
[EMISSION] h=1824 reward=2 treasury=1 validators=1 burn=0 applied_burn=0 chance_bps=10000
[EMISSION] h=1825 reward=2 treasury=1 validators=1 burn=0 applied_burn=0 chance_bps=10000
[EMISSION] h=1826 reward=4 treasury=1 validators=2 burn=1 applied_burn=0 chance_bps=10000
[EMISSION] h=1827 reward=2 treasury=1 validators=1 burn=0 applied_burn=0 chance_bps=10000
[EMISSION] h=1828 reward=3 treasury=1 validators=2 burn=0 applied_burn=0 chance_bps=10000
[EMISSION] h=1829 reward=2 treasury=1 validators=1 burn=0 applied_burn=0 chance_bps=10000
[EMISSION] h=1830 reward=3 treasury=1 validators=2 burn=0 applied_burn=0 chance_bps=10000
[EMISSION] h=1831 reward=4 treasury=1 validators=2 burn=1 applied_burn=0 chance_bps=10000
[EMISSION] h=1832 reward=4 treasury=1 validators=2 burn=1 applied_burn=0 chance_bps=10000
[EMISSION] h=1833 reward=2 treasury=1 validators=1 burn=0 applied_burn=0 chance_bps=10000
[EMISSION] h=1834 reward=2 treasury=1 validators=1 burn=0 applied_burn=0 chance_bps=10000
[EMISSION] h=1835 reward=4 treasury=1 validators=2 burn=1 applied_burn=0 chance_bps=10000
[EMISSION] h=1836 reward=2 treasury=1 validators=1 burn=0 applied_burn=0 chance_bps=10000
[EMISSION] h=1837 reward=2 treasury=1 validators=1 burn=0 applied_burn=0 chance_bps=10000
[EMISSION] h=1838 reward=4 treasury=1 validators=2 burn=1 applied_burn=0 chance_bps=10000
[EMISSION] h=1839 reward=4 treasury=1 validators=2 burn=1 applied_burn=0 chance_bps=10000
Ã°Å¸â€œÂ¨ Consensus message from 12D3KooWPVKESWFG9sS8G6vjhfPn54kWuNFkkuHwG4yQXhYRcXjX: peers (size: 333 bytes)
Skipping pre-hello peers list from 12D3KooWPVKESWFG9sS8G6vjhfPn54kWuNFkkuHwG4yQXhYRcXjX
Ã°Å¸â€Å’ Consensus stream EOF from 12D3KooWPVKESWFG9sS8G6vjhfPn54kWuNFkkuHwG4yQXhYRcXjX
Ã°Å¸â€Å’ Consensus stream closed with 12D3KooWPVKESWFG9sS8G6vjhfPn54kWuNFkkuHwG4yQXhYRcXjX
[CONSENSUS] height=2547 vhash=d75b74ab validators=4
[EMISSION] h=1840 reward=4 treasury=1 validators=2 burn=1 applied_burn=0 chance_bps=10000
[EMISSION] h=1841 reward=4 treasury=1 validators=2 burn=1 applied_burn=0 chance_bps=10000
[EMISSION] h=1842 reward=2 treasury=1 validators=1 burn=0 applied_burn=0 chance_bps=10000
[REGISTRY-PENDING] height=2548 chain_height=2547 reason=future_parent
[SET-PENDING] height=2549 chain_height=2547 reason=future_height
[EMISSION] h=1843 reward=3 treasury=1 validators=2 burn=0 applied_burn=0 chance_bps=10000
[EMISSION] h=1844 reward=2 treasury=1 validators=1 burn=0 applied_burn=0 chance_bps=10000
[EMISSION] h=1845 reward=4 treasury=1 validators=2 burn=1 applied_burn=0 chance_bps=10000
[EMISSION] h=1846 reward=4 treasury=1 validators=2 burn=1 applied_burn=0 chance_bps=10000
[EMISSION] h=1847 reward=2 treasury=1 validators=1 burn=0 applied_burn=0 chance_bps=10000
[EMISSION] h=1848 reward=2 treasury=1 validators=1 burn=0 applied_burn=0 chance_bps=10000
[EMISSION] h=1849 reward=2 treasury=1 validators=1 burn=0 applied_burn=0 chance_bps=10000
[EMISSION] h=1850 reward=3 treasury=1 validators=2 burn=0 applied_burn=0 chance_bps=10000
[EMISSION] h=1851 reward=3 treasury=1 validators=2 burn=0 applied_burn=0 chance_bps=10000
[EMISSION] h=1852 reward=4 treasury=1 validators=2 burn=1 applied_burn=0 chance_bps=10000
[EMISSION] h=1853 reward=3 treasury=1 validators=2 burn=0 applied_burn=0 chance_bps=10000
Heartbeat sent: F finalized=2547 epoch=2548
[EMISSION] h=1854 reward=2 treasury=1 validators=1 burn=0 applied_burn=0 chance_bps=10000
[EMISSION] h=1855 reward=2 treasury=1 validators=1 burn=0 applied_burn=0 chance_bps=10000
[EMISSION] h=1856 reward=2 treasury=1 validators=1 burn=0 applied_burn=0 chance_bps=10000
[EMISSION] h=1857 reward=2 treasury=1 validators=1 burn=0 applied_burn=0 chance_bps=10000
[EMISSION] h=1858 reward=2 treasury=1 validators=1 burn=0 applied_burn=0 chance_bps=10000
[EMISSION] h=1859 reward=4 treasury=1 validators=2 burn=1 applied_burn=0 chance_bps=10000
[EMISSION] h=1860 reward=3 treasury=1 validators=2 burn=0 applied_burn=0 chance_bps=10000
[EMISSION] h=1861 reward=2 treasury=1 validators=1 burn=0 applied_burn=0 chance_bps=10000
Peer info from 12D3KooWE7bMkbbpLoSHKB43JdTZm9zkgqvf1iCQdGAqFFBDa42W | role=full
[EMISSION] h=1862 reward=4 treasury=1 validators=2 burn=1 applied_burn=0 chance_bps=10000
[EMISSION] h=1863 reward=4 treasury=1 validators=2 burn=1 applied_burn=0 chance_bps=10000
[EMISSION] h=1864 reward=2 treasury=1 validators=1 burn=0 applied_burn=0 chance_bps=10000
[EMISSION] h=1865 reward=4 treasury=1 validators=2 burn=1 applied_burn=0 chance_bps=10000
[EMISSION] h=1866 reward=3 treasury=1 validators=2 burn=0 applied_burn=0 chance_bps=10000
[EMISSION] h=1867 reward=2 treasury=1 validators=1 burn=0 applied_burn=0 chance_bps=10000
[EMISSION] h=1868 reward=3 treasury=1 validators=2 burn=0 applied_burn=0 chance_bps=10000
[EMISSION] h=1869 reward=2 treasury=1 validators=1 burn=0 applied_burn=0 chance_bps=10000
[EMISSION] h=1870 reward=4 treasury=1 validators=2 burn=1 applied_burn=0 chance_bps=10000
[EMISSION] h=1871 reward=4 treasury=1 validators=2 burn=1 applied_burn=0 chance_bps=10000
[EMISSION] h=1872 reward=3 treasury=1 validators=2 burn=0 applied_burn=0 chance_bps=10000
[EMISSION] h=1873 reward=3 treasury=1 validators=2 burn=0 applied_burn=0 chance_bps=10000
[EMISSION] h=1874 reward=4 treasury=1 validators=2 burn=1 applied_burn=0 chance_bps=10000
[EMISSION] h=1875 reward=4 treasury=1 validators=2 burn=1 applied_burn=0 chance_bps=10000
[EMISSION] h=1876 reward=3 treasury=1 validators=2 burn=0 applied_burn=0 chance_bps=10000
[EMISSION] h=1877 reward=3 treasury=1 validators=2 burn=0 applied_burn=0 chance_bps=10000
[EMISSION] h=1878 reward=2 treasury=1 validators=1 burn=0 applied_burn=0 chance_bps=10000
[EMISSION] h=1879 reward=3 treasury=1 validators=2 burn=0 applied_burn=0 chance_bps=10000
[EMISSION] h=1880 reward=2 treasury=1 validators=1 burn=0 applied_burn=0 chance_bps=10000
[EMISSION] h=1881 reward=4 treasury=1 validators=2 burn=1 applied_burn=0 chance_bps=10000
[EMISSION] h=1882 reward=2 treasury=1 validators=1 burn=0 applied_burn=0 chance_bps=10000
[EMISSION] h=1883 reward=2 treasury=1 validators=1 burn=0 applied_burn=0 chance_bps=10000
[EMISSION] h=1884 reward=2 treasury=1 validators=1 burn=0 applied_burn=0 chance_bps=10000
[EMISSION] h=1885 reward=2 treasury=1 validators=1 burn=0 applied_burn=0 chance_bps=10000
[EMISSION] h=1886 reward=3 treasury=1 validators=2 burn=0 applied_burn=0 chance_bps=10000
[EMISSION] h=1887 reward=2 treasury=1 validators=1 burn=0 applied_burn=0 chance_bps=10000
[EMISSION] h=1888 reward=4 treasury=1 validators=2 burn=1 applied_burn=0 chance_bps=10000
[EMISSION] h=1889 reward=3 treasury=1 validators=2 burn=0 applied_burn=0 chance_bps=10000
[EMISSION] h=1890 reward=4 treasury=1 validators=2 burn=1 applied_burn=0 chance_bps=10000
[EMISSION] h=1891 reward=4 treasury=1 validators=2 burn=1 applied_burn=0 chance_bps=10000
[EMISSION] h=1892 reward=2 treasury=1 validators=1 burn=0 applied_burn=0 chance_bps=10000
[EMISSION] h=1893 reward=4 treasury=1 validators=2 burn=1 applied_burn=0 chance_bps=10000
[EMISSION] h=1894 reward=3 treasury=1 validators=2 burn=0 applied_burn=0 chance_bps=10000
[EMISSION] h=1895 reward=2 treasury=1 validators=1 burn=0 applied_burn=0 chance_bps=10000
[EMISSION] h=1896 reward=3 treasury=1 validators=2 burn=0 applied_burn=0 chance_bps=10000
[EMISSION] h=1897 reward=2 treasury=1 validators=1 burn=0 applied_burn=0 chance_bps=10000
[EMISSION] h=1898 reward=4 treasury=1 validators=2 burn=1 applied_burn=0 chance_bps=10000
Attempting to connect to 4 peers
[EMISSION] h=1899 reward=3 treasury=1 validators=2 burn=0 applied_burn=0 chance_bps=10000
Peer info from 12D3KooWE7bMkbbpLoSHKB43JdTZm9zkgqvf1iCQdGAqFFBDa42W | role=full
[EMISSION] h=1900 reward=2 treasury=1 validators=1 burn=0 applied_burn=0 chance_bps=10000
[EMISSION] h=1901 reward=2 treasury=1 validators=1 burn=0 applied_burn=0 chance_bps=10000
Validator heartbeat received: A | reported_height=2547 | finalized_height=2547 | local_exec_epoch=2548
[SNAPSHOT-PUBLISH] deferred height=2547 reason=auto_publish_interval_10
[EMISSION] h=1902 reward=2 treasury=1 validators=1 burn=0 applied_burn=0 chance_bps=10000
[EMISSION] h=1903 reward=2 treasury=1 validators=1 burn=0 applied_burn=0 chance_bps=10000
[EMISSION] h=1904 reward=4 treasury=1 validators=2 burn=1 applied_burn=0 chance_bps=10000
[EMISSION] h=1905 reward=4 treasury=1 validators=2 burn=1 applied_burn=0 chance_bps=10000
[EMISSION] h=1906 reward=3 treasury=1 validators=2 burn=0 applied_burn=0 chance_bps=10000
Peer info from 12D3KooWE7bMkbbpLoSHKB43JdTZm9zkgqvf1iCQdGAqFFBDa42W | role=full
[EMISSION] h=1907 reward=4 treasury=1 validators=2 burn=1 applied_burn=0 chance_bps=10000
[EMISSION] h=1908 reward=4 treasury=1 validators=2 burn=1 applied_burn=0 chance_bps=10000
[EMISSION] h=1909 reward=3 treasury=1 validators=2 burn=0 applied_burn=0 chance_bps=10000
[EMISSION] h=1910 reward=2 treasury=1 validators=1 burn=0 applied_burn=0 chance_bps=10000
[EMISSION] h=1911 reward=3 treasury=1 validators=2 burn=0 applied_burn=0 chance_bps=10000
[EMISSION] h=1912 reward=3 treasury=1 validators=2 burn=0 applied_burn=0 chance_bps=10000
[EMISSION] h=1913 reward=2 treasury=1 validators=1 burn=0 applied_burn=0 chance_bps=10000
[EMISSION] h=1914 reward=2 treasury=1 validators=1 burn=0 applied_burn=0 chance_bps=10000
[EMISSION] h=1915 reward=4 treasury=1 validators=2 burn=1 applied_burn=0 chance_bps=10000
[EMISSION] h=1916 reward=4 treasury=1 validators=2 burn=1 applied_burn=0 chance_bps=10000
[EMISSION] h=1917 reward=3 treasury=1 validators=2 burn=0 applied_burn=0 chance_bps=10000
[EMISSION] h=1918 reward=4 treasury=1 validators=2 burn=1 applied_burn=0 chance_bps=10000
Validator heartbeat received: A | reported_height=2547 | finalized_height=2547 | local_exec_epoch=2548
[EMISSION] h=1919 reward=4 treasury=1 validators=2 burn=1 applied_burn=0 chance_bps=10000
[EMISSION] h=1920 reward=4 treasury=1 validators=2 burn=1 applied_burn=0 chance_bps=10000
[EMISSION] h=1921 reward=3 treasury=1 validators=2 burn=0 applied_burn=0 chance_bps=10000
[EMISSION] h=1922 reward=4 treasury=1 validators=2 burn=1 applied_burn=0 chance_bps=10000
[EMISSION] h=1923 reward=4 treasury=1 validators=2 burn=1 applied_burn=0 chance_bps=10000
[EMISSION] h=1924 reward=2 treasury=1 validators=1 burn=0 applied_burn=0 chance_bps=10000
[EMISSION] h=1925 reward=4 treasury=1 validators=2 burn=1 applied_burn=0 chance_bps=10000
[EMISSION] h=1926 reward=4 treasury=1 validators=2 burn=1 applied_burn=0 chance_bps=10000
[EMISSION] h=1927 reward=3 treasury=1 validators=2 burn=0 applied_burn=0 chance_bps=10000
[EMISSION] h=1928 reward=2 treasury=1 validators=1 burn=0 applied_burn=0 chance_bps=10000
Candidate heartbeat received: D | reported_height=2492 | finalized_height=2492 | local_exec_epoch=2493
[EMISSION] h=1929 reward=4 treasury=1 validators=2 burn=1 applied_burn=0 chance_bps=10000
[EMISSION] h=1930 reward=3 treasury=1 validators=2 burn=0 applied_burn=0 chance_bps=10000
Ignoring stale heartbeat: B reported=2462 local_finalized=2547
[EMISSION] h=1931 reward=4 treasury=1 validators=2 burn=1 applied_burn=0 chance_bps=10000
[EMISSION] h=1932 reward=3 treasury=1 validators=2 burn=0 applied_burn=0 chance_bps=10000
[EMISSION] h=1933 reward=3 treasury=1 validators=2 burn=0 applied_burn=0 chance_bps=10000
[EMISSION] h=1934 reward=4 treasury=1 validators=2 burn=1 applied_burn=0 chance_bps=10000
[EMISSION] h=1935 reward=2 treasury=1 validators=1 burn=0 applied_burn=0 chance_bps=10000
[EMISSION] h=1936 reward=2 treasury=1 validators=1 burn=0 applied_burn=0 chance_bps=10000
Ignoring stale heartbeat: C reported=2462 local_finalized=2547
[EMISSION] h=1937 reward=3 treasury=1 validators=2 burn=0 applied_burn=0 chance_bps=10000
[EMISSION] h=1938 reward=3 treasury=1 validators=2 burn=0 applied_burn=0 chance_bps=10000
Candidate heartbeat received: D | reported_height=2492 | finalized_height=2492 | local_exec_epoch=2493
[EMISSION] h=1939 reward=4 treasury=1 validators=2 burn=1 applied_burn=0 chance_bps=10000
[EMISSION] h=1940 reward=3 treasury=1 validators=2 burn=0 applied_burn=0 chance_bps=10000
[EMISSION] h=1941 reward=2 treasury=1 validators=1 burn=0 applied_burn=0 chance_bps=10000
Ignoring stale heartbeat: B reported=2462 local_finalized=2547
[EMISSION] h=1942 reward=2 treasury=1 validators=1 burn=0 applied_burn=0 chance_bps=10000
[EMISSION] h=1943 reward=2 treasury=1 validators=1 burn=0 applied_burn=0 chance_bps=10000
Ignoring stale heartbeat: B reported=2462 local_finalized=2547
[REGISTRY-PENDING] height=2548 chain_height=2547 reason=future_parent
[SET-PENDING] height=2549 chain_height=2547 reason=future_height
Heartbeat sent: F finalized=2547 epoch=2548
[EMISSION] h=1944 reward=2 treasury=1 validators=1 burn=0 applied_burn=0 chance_bps=10000
[EMISSION] h=1945 reward=3 treasury=1 validators=2 burn=0 applied_burn=0 chance_bps=10000
Ignoring stale heartbeat: C reported=2462 local_finalized=2547
[EMISSION] h=1946 reward=4 treasury=1 validators=2 burn=1 applied_burn=0 chance_bps=10000
[EMISSION] h=1947 reward=4 treasury=1 validators=2 burn=1 applied_burn=0 chance_bps=10000
[EMISSION] h=1948 reward=2 treasury=1 validators=1 burn=0 applied_burn=0 chance_bps=10000
[EMISSION] h=1949 reward=4 treasury=1 validators=2 burn=1 applied_burn=0 chance_bps=10000
[EMISSION] h=1950 reward=3 treasury=1 validators=2 burn=0 applied_burn=0 chance_bps=10000
[EMISSION] h=1951 reward=3 treasury=1 validators=2 burn=0 applied_burn=0 chance_bps=10000
[EMISSION] h=1952 reward=4 treasury=1 validators=2 burn=1 applied_burn=0 chance_bps=10000
Ignoring stale heartbeat: B reported=2462 local_finalized=2547
[EMISSION] h=1953 reward=4 treasury=1 validators=2 burn=1 applied_burn=0 chance_bps=10000
[EMISSION] h=1954 reward=3 treasury=1 validators=2 burn=0 applied_burn=0 chance_bps=10000
[EMISSION] h=1955 reward=3 treasury=1 validators=2 burn=0 applied_burn=0 chance_bps=10000
[EMISSION] h=1956 reward=4 treasury=1 validators=2 burn=1 applied_burn=0 chance_bps=10000
[EMISSION] h=1957 reward=4 treasury=1 validators=2 burn=1 applied_burn=0 chance_bps=10000
Ignoring stale heartbeat: B reported=2463 local_finalized=2547
[EMISSION] h=1958 reward=4 treasury=1 validators=2 burn=1 applied_burn=0 chance_bps=10000
[EMISSION] h=1959 reward=3 treasury=1 validators=2 burn=0 applied_burn=0 chance_bps=10000
[EMISSION] h=1960 reward=4 treasury=1 validators=2 burn=1 applied_burn=0 chance_bps=10000
[EMISSION] h=1961 reward=3 treasury=1 validators=2 burn=0 applied_burn=0 chance_bps=10000
Ignoring stale heartbeat: C reported=2465 local_finalized=2547
[EMISSION] h=1962 reward=4 treasury=1 validators=2 burn=1 applied_burn=0 chance_bps=10000
[EMISSION] h=1963 reward=2 treasury=1 validators=1 burn=0 applied_burn=0 chance_bps=10000
[EMISSION] h=1964 reward=3 treasury=1 validators=2 burn=0 applied_burn=0 chance_bps=10000
[EMISSION] h=1965 reward=3 treasury=1 validators=2 burn=0 applied_burn=0 chance_bps=10000
[EMISSION] h=1966 reward=2 treasury=1 validators=1 burn=0 applied_burn=0 chance_bps=10000
[EMISSION] h=1967 reward=2 treasury=1 validators=1 burn=0 applied_burn=0 chance_bps=10000
Ignoring stale heartbeat: B reported=2466 local_finalized=2547
[EMISSION] h=1968 reward=3 treasury=1 validators=2 burn=0 applied_burn=0 chance_bps=10000
Candidate heartbeat received: D | reported_height=2492 | finalized_height=2492 | local_exec_epoch=2493
[EMISSION] h=1969 reward=4 treasury=1 validators=2 burn=1 applied_burn=0 chance_bps=10000
[EMISSION] h=1970 reward=2 treasury=1 validators=1 burn=0 applied_burn=0 chance_bps=10000
[EMISSION] h=1971 reward=4 treasury=1 validators=2 burn=1 applied_burn=0 chance_bps=10000
[EMISSION] h=1972 reward=4 treasury=1 validators=2 burn=1 applied_burn=0 chance_bps=10000
Peer info from 12D3KooWPVKESWFG9sS8G6vjhfPn54kWuNFkkuHwG4yQXhYRcXjX | validator=A role=validator
Ignoring stale heartbeat: B reported=2463 local_finalized=2547
[EMISSION] h=1973 reward=2 treasury=1 validators=1 burn=0 applied_burn=0 chance_bps=10000
[EMISSION] h=1974 reward=3 treasury=1 validators=2 burn=0 applied_burn=0 chance_bps=10000
[EMISSION] h=1975 reward=4 treasury=1 validators=2 burn=1 applied_burn=0 chance_bps=10000
[EMISSION] h=1976 reward=3 treasury=1 validators=2 burn=0 applied_burn=0 chance_bps=10000
2026/05/20 14:19:51 [OK] goroutine pressure normalized: 184 (degrade mode off)
Ignoring stale heartbeat: C reported=2463 local_finalized=2547
Validator heartbeat: A | reported_height=2547 | finalized_height=2547 | local_exec_epoch=2548
[EMISSION] h=1977 reward=4 treasury=1 validators=2 burn=1 applied_burn=0 chance_bps=10000
[EMISSION] h=1978 reward=4 treasury=1 validators=2 burn=1 applied_burn=0 chance_bps=10000
[EMISSION] h=1979 reward=4 treasury=1 validators=2 burn=1 applied_burn=0 chance_bps=10000
[EMISSION] h=1980 reward=3 treasury=1 validators=2 burn=0 applied_burn=0 chance_bps=10000
[EMISSION] h=1981 reward=3 treasury=1 validators=2 burn=0 applied_burn=0 chance_bps=10000
[EMISSION] h=1982 reward=2 treasury=1 validators=1 burn=0 applied_burn=0 chance_bps=10000
[EMISSION] h=1983 reward=2 treasury=1 validators=1 burn=0 applied_burn=0 chance_bps=10000
[EMISSION] h=1984 reward=4 treasury=1 validators=2 burn=1 applied_burn=0 chance_bps=10000
[EMISSION] h=1985 reward=4 treasury=1 validators=2 burn=1 applied_burn=0 chance_bps=10000
[EMISSION] h=1986 reward=4 treasury=1 validators=2 burn=1 applied_burn=0 chance_bps=10000
[EMISSION] h=1987 reward=3 treasury=1 validators=2 burn=0 applied_burn=0 chance_bps=10000
Peer info from 12D3KooWPVKESWFG9sS8G6vjhfPn54kWuNFkkuHwG4yQXhYRcXjX | validator=A role=validator
[EMISSION] h=1988 reward=4 treasury=1 validators=2 burn=1 applied_burn=0 chance_bps=10000
[EMISSION] h=1989 reward=3 treasury=1 validators=2 burn=0 applied_burn=0 chance_bps=10000
[EMISSION] h=1990 reward=2 treasury=1 validators=1 burn=0 applied_burn=0 chance_bps=10000
[EMISSION] h=1991 reward=3 treasury=1 validators=2 burn=0 applied_burn=0 chance_bps=10000
Candidate heartbeat received: D | reported_height=2493 | finalized_height=2493 | local_exec_epoch=2494
[EMISSION] h=1992 reward=2 treasury=1 validators=1 burn=0 applied_burn=0 chance_bps=10000
[EMISSION] h=1993 reward=2 treasury=1 validators=1 burn=0 applied_burn=0 chance_bps=10000
[EMISSION] h=1994 reward=2 treasury=1 validators=1 burn=0 applied_burn=0 chance_bps=10000
[EMISSION] h=1995 reward=2 treasury=1 validators=1 burn=0 applied_burn=0 chance_bps=10000
Ignoring stale heartbeat: C reported=2466 local_finalized=2547
[EMISSION] h=1996 reward=4 treasury=1 validators=2 burn=1 applied_burn=0 chance_bps=10000
[EMISSION] h=1997 reward=2 treasury=1 validators=1 burn=0 applied_burn=0 chance_bps=10000
[EMISSION] h=1998 reward=4 treasury=1 validators=2 burn=1 applied_burn=0 chance_bps=10000
Ignoring stale heartbeat: B reported=2466 local_finalized=2547
[EMISSION] h=1999 reward=3 treasury=1 validators=2 burn=0 applied_burn=0 chance_bps=10000
Ignoring stale heartbeat: C reported=2466 local_finalized=2547
[EMISSION] h=2000 reward=2 treasury=1 validators=1 burn=0 applied_burn=0 chance_bps=10000
[EMISSION] h=2001 reward=3 treasury=1 validators=2 burn=0 applied_burn=0 chance_bps=10000
[EMISSION] h=2002 reward=4 treasury=1 validators=2 burn=1 applied_burn=0 chance_bps=10000
[EMISSION] h=2003 reward=3 treasury=1 validators=2 burn=0 applied_burn=0 chance_bps=10000
[EMISSION] h=2004 reward=4 treasury=1 validators=2 burn=1 applied_burn=0 chance_bps=10000
[EMISSION] h=2005 reward=2 treasury=1 validators=1 burn=0 applied_burn=0 chance_bps=10000
[EMISSION] h=2006 reward=3 treasury=1 validators=2 burn=0 applied_burn=0 chance_bps=10000
[EMISSION] h=2007 reward=3 treasury=1 validators=2 burn=0 applied_burn=0 chance_bps=10000
[EMISSION] h=2008 reward=2 treasury=1 validators=1 burn=0 applied_burn=0 chance_bps=10000
[EMISSION] h=2009 reward=3 treasury=1 validators=2 burn=0 applied_burn=0 chance_bps=10000
[EMISSION] h=2010 reward=2 treasury=1 validators=1 burn=0 applied_burn=0 chance_bps=10000
[REGISTRY-PENDING] height=2548 chain_height=2547 reason=future_parent
[SET-PENDING] height=2549 chain_height=2547 reason=future_height
[EMISSION] h=2011 reward=3 treasury=1 validators=2 burn=0 applied_burn=0 chance_bps=10000
[EMISSION] h=2012 reward=2 treasury=1 validators=1 burn=0 applied_burn=0 chance_bps=10000
[EMISSION] h=2013 reward=2 treasury=1 validators=1 burn=0 applied_burn=0 chance_bps=10000
Validator heartbeat: A | reported_height=2547 | finalized_height=2547 | local_exec_epoch=2548
[EMISSION] h=2014 reward=2 treasury=1 validators=1 burn=0 applied_burn=0 chance_bps=10000
Heartbeat sent: F finalized=2547 epoch=2548
[EMISSION] h=2015 reward=4 treasury=1 validators=2 burn=1 applied_burn=0 chance_bps=10000
[EMISSION] h=2016 reward=4 treasury=1 validators=2 burn=1 applied_burn=0 chance_bps=10000
[EMISSION] h=2017 reward=3 treasury=1 validators=2 burn=0 applied_burn=0 chance_bps=10000
[EMISSION] h=2018 reward=4 treasury=1 validators=2 burn=1 applied_burn=0 chance_bps=10000
[EMISSION] h=2019 reward=4 treasury=1 validators=2 burn=1 applied_burn=0 chance_bps=10000
[EMISSION] h=2020 reward=4 treasury=1 validators=2 burn=1 applied_burn=0 chance_bps=10000
[EMISSION] h=2021 reward=4 treasury=1 validators=2 burn=1 applied_burn=0 chance_bps=10000
[EMISSION] h=2022 reward=3 treasury=1 validators=2 burn=0 applied_burn=0 chance_bps=10000
[EMISSION] h=2023 reward=2 treasury=1 validators=1 burn=0 applied_burn=0 chance_bps=10000
[EMISSION] h=2024 reward=3 treasury=1 validators=2 burn=0 applied_burn=0 chance_bps=10000
[EMISSION] h=2025 reward=4 treasury=1 validators=2 burn=1 applied_burn=0 chance_bps=10000
[EMISSION] h=2026 reward=2 treasury=1 validators=1 burn=0 applied_burn=0 chance_bps=10000
[EMISSION] h=2027 reward=3 treasury=1 validators=2 burn=0 applied_burn=0 chance_bps=10000
[EMISSION] h=2028 reward=2 treasury=1 validators=1 burn=0 applied_burn=0 chance_bps=10000
[EMISSION] h=2029 reward=3 treasury=1 validators=2 burn=0 applied_burn=0 chance_bps=10000
[EMISSION] h=2030 reward=4 treasury=1 validators=2 burn=1 applied_burn=0 chance_bps=10000
[EMISSION] h=2031 reward=3 treasury=1 validators=2 burn=0 applied_burn=0 chance_bps=10000
[EMISSION] h=2032 reward=2 treasury=1 validators=1 burn=0 applied_burn=0 chance_bps=10000
[EMISSION] h=2033 reward=3 treasury=1 validators=2 burn=0 applied_burn=0 chance_bps=10000
[EMISSION] h=2034 reward=3 treasury=1 validators=2 burn=0 applied_burn=0 chance_bps=10000
[EMISSION] h=2035 reward=3 treasury=1 validators=2 burn=0 applied_burn=0 chance_bps=10000
[EMISSION] h=2036 reward=3 treasury=1 validators=2 burn=0 applied_burn=0 chance_bps=10000
[EMISSION] h=2037 reward=4 treasury=1 validators=2 burn=1 applied_burn=0 chance_bps=10000
[EMISSION] h=2038 reward=4 treasury=1 validators=2 burn=1 applied_burn=0 chance_bps=10000
[EMISSION] h=2039 reward=3 treasury=1 validators=2 burn=0 applied_burn=0 chance_bps=10000
[EMISSION] h=2040 reward=2 treasury=1 validators=1 burn=0 applied_burn=0 chance_bps=10000
[EMISSION] h=2041 reward=3 treasury=1 validators=2 burn=0 applied_burn=0 chance_bps=10000
[EMISSION] h=2042 reward=3 treasury=1 validators=2 burn=0 applied_burn=0 chance_bps=10000
[EMISSION] h=2043 reward=4 treasury=1 validators=2 burn=1 applied_burn=0 chance_bps=10000
[EMISSION] h=2044 reward=3 treasury=1 validators=2 burn=0 applied_burn=0 chance_bps=10000
[EMISSION] h=2045 reward=2 treasury=1 validators=1 burn=0 applied_burn=0 chance_bps=10000
[EMISSION] h=2046 reward=3 treasury=1 validators=2 burn=0 applied_burn=0 chance_bps=10000
[SNAPSHOT-PUBLISH] deferred height=2547 reason=auto_publish_interval_10
[EMISSION] h=2047 reward=2 treasury=1 validators=1 burn=0 applied_burn=0 chance_bps=10000
[EMISSION] h=2048 reward=4 treasury=1 validators=2 burn=1 applied_burn=0 chance_bps=10000
[EMISSION] h=2049 reward=3 treasury=1 validators=2 burn=0 applied_burn=0 chance_bps=10000
[EMISSION] h=2050 reward=2 treasury=1 validators=1 burn=0 applied_burn=0 chance_bps=10000
[EMISSION] h=2051 reward=3 treasury=1 validators=2 burn=0 applied_burn=0 chance_bps=10000
[EMISSION] h=2052 reward=4 treasury=1 validators=2 burn=1 applied_burn=0 chance_bps=10000
[EMISSION] h=2053 reward=3 treasury=1 validators=2 burn=0 applied_burn=0 chance_bps=10000
[EMISSION] h=2054 reward=2 treasury=1 validators=1 burn=0 applied_burn=0 chance_bps=10000
[EMISSION] h=2055 reward=3 treasury=1 validators=2 burn=0 applied_burn=0 chance_bps=10000
[EMISSION] h=2056 reward=3 treasury=1 validators=2 burn=0 applied_burn=0 chance_bps=10000
[EMISSION] h=2057 reward=3 treasury=1 validators=2 burn=0 applied_burn=0 chance_bps=10000
[EMISSION] h=2058 reward=2 treasury=1 validators=1 burn=0 applied_burn=0 chance_bps=10000
[EMISSION] h=2059 reward=2 treasury=1 validators=1 burn=0 applied_burn=0 chance_bps=10000
[EMISSION] h=2060 reward=2 treasury=1 validators=1 burn=0 applied_burn=0 chance_bps=10000
[EMISSION] h=2061 reward=3 treasury=1 validators=2 burn=0 applied_burn=0 chance_bps=10000
[EMISSION] h=2062 reward=4 treasury=1 validators=2 burn=1 applied_burn=0 chance_bps=10000
[EMISSION] h=2063 reward=2 treasury=1 validators=1 burn=0 applied_burn=0 chance_bps=10000
[EMISSION] h=2064 reward=3 treasury=1 validators=2 burn=0 applied_burn=0 chance_bps=10000
Validator heartbeat received: A | reported_height=2547 | finalized_height=2547 | local_exec_epoch=2548
[EMISSION] h=2065 reward=2 treasury=1 validators=1 burn=0 applied_burn=0 chance_bps=10000
[EMISSION] h=2066 reward=2 treasury=1 validators=1 burn=0 applied_burn=0 chance_bps=10000
[EMISSION] h=2067 reward=3 treasury=1 validators=2 burn=0 applied_burn=0 chance_bps=10000
[EMISSION] h=2068 reward=3 treasury=1 validators=2 burn=0 applied_burn=0 chance_bps=10000
[EMISSION] h=2069 reward=3 treasury=1 validators=2 burn=0 applied_burn=0 chance_bps=10000
Ignoring stale heartbeat: B reported=2464 local_finalized=2547
Ignoring stale heartbeat: C reported=2464 local_finalized=2547
[EMISSION] h=2070 reward=2 treasury=1 validators=1 burn=0 applied_burn=0 chance_bps=10000
[EMISSION] h=2071 reward=4 treasury=1 validators=2 burn=1 applied_burn=0 chance_bps=10000
[EMISSION] h=2072 reward=2 treasury=1 validators=1 burn=0 applied_burn=0 chance_bps=10000
[EMISSION] h=2073 reward=2 treasury=1 validators=1 burn=0 applied_burn=0 chance_bps=10000
[EMISSION] h=2074 reward=3 treasury=1 validators=2 burn=0 applied_burn=0 chance_bps=10000
[EMISSION] h=2075 reward=3 treasury=1 validators=2 burn=0 applied_burn=0 chance_bps=10000
[EMISSION] h=2076 reward=2 treasury=1 validators=1 burn=0 applied_burn=0 chance_bps=10000
[EMISSION] h=2077 reward=4 treasury=1 validators=2 burn=1 applied_burn=0 chance_bps=10000
[EMISSION] h=2078 reward=2 treasury=1 validators=1 burn=0 applied_burn=0 chance_bps=10000
[STATUS] height=2547 finalized=2547 peers=4 validators=0 strict_live=0 heartbeat_live=0 out_of_drift=0 drift_limit=8 syncing=false sync_complete=true execution_ready=false execution_reason=startup_execution_snapshot_rebuild_pending_h_2547 gossip=true gossip_pipeline=new_block_gossip_validate_apply consensus_running=false mode=observer vote=false propose=false role=full validator_state=observer warmup_seconds=0 ready=false reason=startup_execution_snapshot_rebuild_pending_h_2547 snapshot_source=none expected_source=chain_parent_commitment expected_hash=d75b74ab resolved_source=chain_parent_commitment resolved_hash=d75b74ab next_source=carry_forward next_hash=d75b74ab got_hash= authority=chain_parent_commitment hash_mode=legacy
[EMISSION] h=2079 reward=3 treasury=1 validators=2 burn=0 applied_burn=1 chance_bps=10000
[EMISSION] h=2080 reward=2 treasury=1 validators=1 burn=0 applied_burn=1 chance_bps=10000
[EMISSION] h=2081 reward=3 treasury=1 validators=2 burn=0 applied_burn=1 chance_bps=10000
[EMISSION] h=2082 reward=4 treasury=1 validators=2 burn=1 applied_burn=1 chance_bps=10000
[EMISSION] h=2083 reward=3 treasury=1 validators=2 burn=0 applied_burn=1 chance_bps=10000
[EMISSION] h=2084 reward=2 treasury=1 validators=1 burn=0 applied_burn=1 chance_bps=10000
[EMISSION] h=2085 reward=3 treasury=1 validators=2 burn=0 applied_burn=1 chance_bps=10000
2026/05/20 14:20:01 [OK] goroutine pressure normalized: 182 (degrade mode off)
[EMISSION] h=2086 reward=3 treasury=1 validators=2 burn=0 applied_burn=1 chance_bps=10000
Validator heartbeat received: A | reported_height=2547 | finalized_height=2547 | local_exec_epoch=2548
Candidate heartbeat received: D | reported_height=2493 | finalized_height=2493 | local_exec_epoch=2494
[EMISSION] h=2087 reward=3 treasury=1 validators=2 burn=0 applied_burn=1 chance_bps=10000
[EMISSION] h=2088 reward=4 treasury=1 validators=2 burn=1 applied_burn=1 chance_bps=10000
[EMISSION] h=2089 reward=3 treasury=1 validators=2 burn=0 applied_burn=0 chance_bps=10000
[EMISSION] h=2090 reward=4 treasury=1 validators=2 burn=1 applied_burn=0 chance_bps=10000
[EMISSION] h=2091 reward=3 treasury=1 validators=2 burn=0 applied_burn=0 chance_bps=10000
Ignoring stale heartbeat: B reported=2465 local_finalized=2547
[EMISSION] h=2092 reward=3 treasury=1 validators=2 burn=0 applied_burn=0 chance_bps=10000
[REGISTRY-PENDING] height=2548 chain_height=2547 reason=future_parent
[SET-PENDING] height=2549 chain_height=2547 reason=future_height
Heartbeat sent: F finalized=2547 epoch=2548
Ignoring stale heartbeat: B reported=2467 local_finalized=2547
[EMISSION] h=2093 reward=2 treasury=1 validators=1 burn=0 applied_burn=0 chance_bps=10000
[EMISSION] h=2094 reward=3 treasury=1 validators=2 burn=0 applied_burn=0 chance_bps=10000
[EMISSION] h=2095 reward=4 treasury=1 validators=2 burn=1 applied_burn=0 chance_bps=10000
Ignoring stale heartbeat: C reported=2465 local_finalized=2547
[CONSENSUS] height=2547 vhash=d75b74ab validators=4
[EMISSION] h=2096 reward=4 treasury=1 validators=2 burn=1 applied_burn=0 chance_bps=10000
[EMISSION] h=2097 reward=2 treasury=1 validators=1 burn=0 applied_burn=0 chance_bps=10000
[EMISSION] h=2098 reward=4 treasury=1 validators=2 burn=1 applied_burn=0 chance_bps=10000
[EMISSION] h=2099 reward=3 treasury=1 validators=2 burn=0 applied_burn=0 chance_bps=10000
[EMISSION] h=2100 reward=2 treasury=1 validators=1 burn=0 applied_burn=0 chance_bps=10000
[EMISSION] h=2101 reward=3 treasury=1 validators=2 burn=0 applied_burn=0 chance_bps=10000
[EMISSION] h=2102 reward=3 treasury=1 validators=2 burn=0 applied_burn=0 chance_bps=10000
Ignoring stale heartbeat: B reported=2466 local_finalized=2547
[EMISSION] h=2103 reward=3 treasury=1 validators=2 burn=0 applied_burn=0 chance_bps=10000
[EMISSION] h=2104 reward=4 treasury=1 validators=2 burn=1 applied_burn=0 chance_bps=10000
[EMISSION] h=2105 reward=3 treasury=1 validators=2 burn=0 applied_burn=0 chance_bps=10000
[EMISSION] h=2106 reward=3 treasury=1 validators=2 burn=0 applied_burn=0 chance_bps=10000
[EMISSION] h=2107 reward=3 treasury=1 validators=2 burn=0 applied_burn=0 chance_bps=10000
[EMISSION] h=2108 reward=2 treasury=1 validators=1 burn=0 applied_burn=0 chance_bps=10000
[EMISSION] h=2109 reward=3 treasury=1 validators=2 burn=0 applied_burn=0 chance_bps=10000
[EMISSION] h=2110 reward=2 treasury=1 validators=1 burn=0 applied_burn=0 chance_bps=10000
[EMISSION] h=2111 reward=3 treasury=1 validators=2 burn=0 applied_burn=0 chance_bps=10000
[EMISSION] h=2112 reward=3 treasury=1 validators=2 burn=0 applied_burn=0 chance_bps=10000
[EMISSION] h=2113 reward=3 treasury=1 validators=2 burn=0 applied_burn=0 chance_bps=10000
Candidate heartbeat received: D | reported_height=2494 | finalized_height=2494 | local_exec_epoch=2495
[EMISSION] h=2114 reward=4 treasury=1 validators=2 burn=1 applied_burn=0 chance_bps=10000
[EMISSION] h=2115 reward=3 treasury=1 validators=2 burn=0 applied_burn=0 chance_bps=10000
[EMISSION] h=2116 reward=2 treasury=1 validators=1 burn=0 applied_burn=0 chance_bps=10000
[EMISSION] h=2117 reward=3 treasury=1 validators=2 burn=0 applied_burn=0 chance_bps=10000
[EMISSION] h=2118 reward=4 treasury=1 validators=2 burn=1 applied_burn=0 chance_bps=10000
[EMISSION] h=2119 reward=4 treasury=1 validators=2 burn=1 applied_burn=0 chance_bps=10000
Ignoring stale heartbeat: C reported=2467 local_finalized=2547
[EMISSION] h=2120 reward=2 treasury=1 validators=1 burn=0 applied_burn=0 chance_bps=10000
Candidate heartbeat received: D | reported_height=2493 | finalized_height=2493 | local_exec_epoch=2494
[EMISSION] h=2121 reward=3 treasury=1 validators=2 burn=0 applied_burn=0 chance_bps=10000
Ignoring stale heartbeat: B reported=2468 local_finalized=2547
[EMISSION] h=2122 reward=4 treasury=1 validators=2 burn=1 applied_burn=0 chance_bps=10000
[EMISSION] h=2123 reward=2 treasury=1 validators=1 burn=0 applied_burn=0 chance_bps=10000
[EMISSION] h=2124 reward=4 treasury=1 validators=2 burn=1 applied_burn=0 chance_bps=10000
Ignoring stale heartbeat: C reported=2466 local_finalized=2547
[EMISSION] h=2125 reward=2 treasury=1 validators=1 burn=0 applied_burn=0 chance_bps=10000
[EMISSION] h=2126 reward=4 treasury=1 validators=2 burn=1 applied_burn=0 chance_bps=10000
[EMISSION] h=2127 reward=3 treasury=1 validators=2 burn=0 applied_burn=0 chance_bps=10000
[EMISSION] h=2128 reward=4 treasury=1 validators=2 burn=1 applied_burn=0 chance_bps=10000
[EMISSION] h=2129 reward=3 treasury=1 validators=2 burn=0 applied_burn=0 chance_bps=10000
Ignoring stale heartbeat: B reported=2466 local_finalized=2547
[EMISSION] h=2130 reward=4 treasury=1 validators=2 burn=1 applied_burn=0 chance_bps=10000
[STARTUP-PRECHECK] waiting reason=startup_execution_snapshot_rebuild_pending_h_2547 target=2548
[EMISSION] h=2131 reward=4 treasury=1 validators=2 burn=1 applied_burn=0 chance_bps=10000
[EMISSION] h=2132 reward=3 treasury=1 validators=2 burn=0 applied_burn=0 chance_bps=10000
[EMISSION] h=2133 reward=2 treasury=1 validators=1 burn=0 applied_burn=0 chance_bps=10000
Ignoring stale heartbeat: C reported=2466 local_finalized=2547
Validator heartbeat: A | reported_height=2547 | finalized_height=2547 | local_exec_epoch=2548
[EMISSION] h=2134 reward=4 treasury=1 validators=2 burn=1 applied_burn=0 chance_bps=10000
[EMISSION] h=2135 reward=3 treasury=1 validators=2 burn=0 applied_burn=0 chance_bps=10000
[EMISSION] h=2136 reward=4 treasury=1 validators=2 burn=1 applied_burn=0 chance_bps=10000
[EMISSION] h=2137 reward=3 treasury=1 validators=2 burn=0 applied_burn=0 chance_bps=10000
[EMISSION] h=2138 reward=3 treasury=1 validators=2 burn=0 applied_burn=0 chance_bps=10000
[EMISSION] h=2139 reward=4 treasury=1 validators=2 burn=1 applied_burn=0 chance_bps=10000
[EMISSION] h=2140 reward=3 treasury=1 validators=2 burn=0 applied_burn=0 chance_bps=10000
Candidate heartbeat received: D | reported_height=2494 | finalized_height=2494 | local_exec_epoch=2495
[EMISSION] h=2141 reward=4 treasury=1 validators=2 burn=1 applied_burn=0 chance_bps=10000
[EMISSION] h=2142 reward=2 treasury=1 validators=1 burn=0 applied_burn=0 chance_bps=10000
[EMISSION] h=2143 reward=2 treasury=1 validators=1 burn=0 applied_burn=0 chance_bps=10000
Ignoring stale heartbeat: C reported=2468 local_finalized=2547
[EMISSION] h=2144 reward=4 treasury=1 validators=2 burn=1 applied_burn=0 chance_bps=10000
[EMISSION] h=2145 reward=3 treasury=1 validators=2 burn=0 applied_burn=0 chance_bps=10000
[EMISSION] h=2146 reward=3 treasury=1 validators=2 burn=0 applied_burn=0 chance_bps=10000
Ignoring stale heartbeat: B reported=2469 local_finalized=2547
[EMISSION] h=2147 reward=4 treasury=1 validators=2 burn=1 applied_burn=0 chance_bps=10000
[EMISSION] h=2148 reward=2 treasury=1 validators=1 burn=0 applied_burn=0 chance_bps=10000
[EMISSION] h=2149 reward=3 treasury=1 validators=2 burn=0 applied_burn=0 chance_bps=10000
[EMISSION] h=2150 reward=4 treasury=1 validators=2 burn=1 applied_burn=0 chance_bps=10000
[EMISSION] h=2151 reward=3 treasury=1 validators=2 burn=0 applied_burn=0 chance_bps=10000
Ignoring stale heartbeat: C reported=2469 local_finalized=2547
[EMISSION] h=2152 reward=2 treasury=1 validators=1 burn=0 applied_burn=0 chance_bps=10000
[EMISSION] h=2153 reward=2 treasury=1 validators=1 burn=0 applied_burn=0 chance_bps=10000
[EMISSION] h=2154 reward=2 treasury=1 validators=1 burn=0 applied_burn=0 chance_bps=10000
[EMISSION] h=2155 reward=4 treasury=1 validators=2 burn=1 applied_burn=0 chance_bps=10000
Validator heartbeat: A | reported_height=2547 | finalized_height=2547 | local_exec_epoch=2548
[EMISSION] h=2156 reward=3 treasury=1 validators=2 burn=0 applied_burn=0 chance_bps=10000
[EMISSION] h=2157 reward=4 treasury=1 validators=2 burn=1 applied_burn=0 chance_bps=10000
[EMISSION] h=2158 reward=3 treasury=1 validators=2 burn=0 applied_burn=0 chance_bps=10000
[EMISSION] h=2159 reward=3 treasury=1 validators=2 burn=0 applied_burn=0 chance_bps=10000
[EMISSION] h=2160 reward=4 treasury=1 validators=2 burn=1 applied_burn=0 chance_bps=10000
[EMISSION] h=2161 reward=3 treasury=1 validators=2 burn=0 applied_burn=0 chance_bps=10000
[EMISSION] h=2162 reward=4 treasury=1 validators=2 burn=1 applied_burn=0 chance_bps=10000
[EMISSION] h=2163 reward=4 treasury=1 validators=2 burn=1 applied_burn=0 chance_bps=10000
[EMISSION] h=2164 reward=3 treasury=1 validators=2 burn=0 applied_burn=0 chance_bps=10000
[EMISSION] h=2165 reward=2 treasury=1 validators=1 burn=0 applied_burn=1 chance_bps=10000
[EMISSION] h=2166 reward=3 treasury=1 validators=2 burn=0 applied_burn=0 chance_bps=10000
[EMISSION] h=2167 reward=2 treasury=1 validators=1 burn=0 applied_burn=0 chance_bps=10000
[REGISTRY-PENDING] height=2548 chain_height=2547 reason=future_parent
[SET-PENDING] height=2549 chain_height=2547 reason=future_height
Heartbeat sent: F finalized=2547 epoch=2548
Attempting to connect to 4 peers
[EMISSION] h=2168 reward=4 treasury=1 validators=2 burn=1 applied_burn=0 chance_bps=10000
[EMISSION] h=2169 reward=3 treasury=1 validators=2 burn=0 applied_burn=0 chance_bps=10000
[EMISSION] h=2170 reward=2 treasury=1 validators=1 burn=0 applied_burn=0 chance_bps=10000
[EMISSION] h=2171 reward=2 treasury=1 validators=1 burn=0 applied_burn=0 chance_bps=10000
[EMISSION] h=2172 reward=3 treasury=1 validators=2 burn=0 applied_burn=0 chance_bps=10000
[EMISSION] h=2173 reward=3 treasury=1 validators=2 burn=0 applied_burn=0 chance_bps=10000
[SNAPSHOT-PROOF] height=2470 checkpoint=2464 validator=B votes=1 hash=2f44cb4a
[EMISSION] h=2174 reward=2 treasury=1 validators=1 burn=0 applied_burn=0 chance_bps=10000
[EMISSION] h=2175 reward=3 treasury=1 validators=2 burn=0 applied_burn=0 chance_bps=10000
[EMISSION] h=2176 reward=3 treasury=1 validators=2 burn=0 applied_burn=0 chance_bps=10000
[EMISSION] h=2177 reward=4 treasury=1 validators=2 burn=1 applied_burn=0 chance_bps=10000
[EMISSION] h=2178 reward=3 treasury=1 validators=2 burn=0 applied_burn=0 chance_bps=10000
[EMISSION] h=2179 reward=3 treasury=1 validators=2 burn=0 applied_burn=0 chance_bps=10000
[EMISSION] h=2180 reward=3 treasury=1 validators=2 burn=0 applied_burn=0 chance_bps=10000
[EMISSION] h=2181 reward=2 treasury=1 validators=1 burn=0 applied_burn=0 chance_bps=10000
[EMISSION] h=2182 reward=4 treasury=1 validators=2 burn=1 applied_burn=0 chance_bps=10000
[EMISSION] h=2183 reward=4 treasury=1 validators=2 burn=1 applied_burn=1 chance_bps=10000
[EMISSION] h=2184 reward=4 treasury=1 validators=2 burn=1 applied_burn=1 chance_bps=10000
[EMISSION] h=2185 reward=3 treasury=1 validators=2 burn=0 applied_burn=1 chance_bps=10000
[EMISSION] h=2186 reward=3 treasury=1 validators=2 burn=0 applied_burn=0 chance_bps=10000
[EMISSION] h=2187 reward=4 treasury=1 validators=2 burn=1 applied_burn=1 chance_bps=10000
[EMISSION] h=2188 reward=4 treasury=1 validators=2 burn=1 applied_burn=1 chance_bps=10000
[EMISSION] h=2189 reward=3 treasury=1 validators=2 burn=0 applied_burn=0 chance_bps=10000
[EMISSION] h=2190 reward=3 treasury=1 validators=2 burn=0 applied_burn=1 chance_bps=10000
[EMISSION] h=2191 reward=4 treasury=1 validators=2 burn=1 applied_burn=0 chance_bps=10000
[EMISSION] h=2192 reward=3 treasury=1 validators=2 burn=0 applied_burn=0 chance_bps=10000
[EMISSION] h=2193 reward=2 treasury=1 validators=1 burn=0 applied_burn=1 chance_bps=10000
[EMISSION] h=2194 reward=3 treasury=1 validators=2 burn=0 applied_burn=1 chance_bps=10000
[SNAPSHOT-PUBLISH] deferred height=2547 reason=auto_publish_interval_10
[EMISSION] h=2195 reward=3 treasury=1 validators=2 burn=0 applied_burn=0 chance_bps=10000
[EMISSION] h=2196 reward=3 treasury=1 validators=2 burn=0 applied_burn=2 chance_bps=10000
[EMISSION] h=2197 reward=4 treasury=1 validators=2 burn=1 applied_burn=0 chance_bps=10000
[EMISSION] h=2198 reward=2 treasury=1 validators=1 burn=0 applied_burn=0 chance_bps=10000
[EMISSION] h=2199 reward=4 treasury=1 validators=2 burn=1 applied_burn=0 chance_bps=10000
[EMISSION] h=2200 reward=2 treasury=1 validators=1 burn=0 applied_burn=0 chance_bps=10000
[EMISSION] h=2201 reward=2 treasury=1 validators=1 burn=0 applied_burn=0 chance_bps=10000
[EMISSION] h=2202 reward=2 treasury=1 validators=1 burn=0 applied_burn=0 chance_bps=10000
[EMISSION] h=2203 reward=4 treasury=1 validators=2 burn=1 applied_burn=0 chance_bps=10000
[EMISSION] h=2204 reward=4 treasury=1 validators=2 burn=1 applied_burn=0 chance_bps=10000
[EMISSION] h=2205 reward=4 treasury=1 validators=2 burn=1 applied_burn=0 chance_bps=10000
[EMISSION] h=2206 reward=4 treasury=1 validators=2 burn=1 applied_burn=0 chance_bps=10000
[EMISSION] h=2207 reward=3 treasury=1 validators=2 burn=0 applied_burn=0 chance_bps=10000
[EMISSION] h=2208 reward=4 treasury=1 validators=2 burn=1 applied_burn=0 chance_bps=10000
Validator heartbeat received: A | reported_height=2547 | finalized_height=2547 | local_exec_epoch=2548
[EMISSION] h=2209 reward=4 treasury=1 validators=2 burn=1 applied_burn=0 chance_bps=10000
[EMISSION] h=2210 reward=3 treasury=1 validators=2 burn=0 applied_burn=0 chance_bps=10000
[EMISSION] h=2211 reward=3 treasury=1 validators=2 burn=0 applied_burn=0 chance_bps=10000
[EMISSION] h=2212 reward=3 treasury=1 validators=2 burn=0 applied_burn=0 chance_bps=10000
[EMISSION] h=2213 reward=2 treasury=1 validators=1 burn=0 applied_burn=0 chance_bps=10000
Ignoring stale heartbeat: B reported=2467 local_finalized=2547
[EMISSION] h=2214 reward=2 treasury=1 validators=1 burn=0 applied_burn=0 chance_bps=10000
[EMISSION] h=2215 reward=3 treasury=1 validators=2 burn=0 applied_burn=0 chance_bps=10000
[EMISSION] h=2216 reward=3 treasury=1 validators=2 burn=0 applied_burn=0 chance_bps=10000
[EMISSION] h=2217 reward=2 treasury=1 validators=1 burn=0 applied_burn=0 chance_bps=10000
[EMISSION] h=2218 reward=4 treasury=1 validators=2 burn=1 applied_burn=0 chance_bps=10000
2026/05/20 14:20:11 [OK] goroutine pressure normalized: 182 (degrade mode off)
[EMISSION] h=2219 reward=3 treasury=1 validators=2 burn=0 applied_burn=0 chance_bps=10000
[EMISSION] h=2220 reward=4 treasury=1 validators=2 burn=1 applied_burn=0 chance_bps=10000
[SNAPSHOT-PROOF] height=2470 checkpoint=2464 validator=C votes=2 hash=2f44cb4a
[EMISSION] h=2221 reward=2 treasury=1 validators=1 burn=0 applied_burn=0 chance_bps=10000
[EMISSION] h=2222 reward=3 treasury=1 validators=2 burn=0 applied_burn=0 chance_bps=10000
[EMISSION] h=2223 reward=4 treasury=1 validators=2 burn=1 applied_burn=0 chance_bps=10000
[EMISSION] h=2224 reward=4 treasury=1 validators=2 burn=1 applied_burn=0 chance_bps=10000
[EMISSION] h=2225 reward=2 treasury=1 validators=1 burn=0 applied_burn=0 chance_bps=10000
[EMISSION] h=2226 reward=2 treasury=1 validators=1 burn=0 applied_burn=1 chance_bps=10000
[EMISSION] h=2227 reward=2 treasury=1 validators=1 burn=0 applied_burn=1 chance_bps=10000
[EMISSION] h=2228 reward=3 treasury=1 validators=2 burn=0 applied_burn=0 chance_bps=10000
[EMISSION] h=2229 reward=4 treasury=1 validators=2 burn=1 applied_burn=1 chance_bps=10000
[EMISSION] h=2230 reward=4 treasury=1 validators=2 burn=1 applied_burn=0 chance_bps=10000
[EMISSION] h=2231 reward=2 treasury=1 validators=1 burn=0 applied_burn=1 chance_bps=10000
[EMISSION] h=2232 reward=2 treasury=1 validators=1 burn=0 applied_burn=1 chance_bps=10000
[EMISSION] h=2233 reward=4 treasury=1 validators=2 burn=1 applied_burn=1 chance_bps=10000
[EMISSION] h=2234 reward=3 treasury=1 validators=2 burn=0 applied_burn=0 chance_bps=10000
[EMISSION] h=2235 reward=2 treasury=1 validators=1 burn=0 applied_burn=1 chance_bps=10000
[EMISSION] h=2236 reward=4 treasury=1 validators=2 burn=1 applied_burn=1 chance_bps=10000
[EMISSION] h=2237 reward=2 treasury=1 validators=1 burn=0 applied_burn=1 chance_bps=10000
[EMISSION] h=2238 reward=2 treasury=1 validators=1 burn=0 applied_burn=0 chance_bps=10000
[EMISSION] h=2239 reward=4 treasury=1 validators=2 burn=1 applied_burn=0 chance_bps=10000
Candidate heartbeat received: D | reported_height=2494 | finalized_height=2494 | local_exec_epoch=2495
[EMISSION] h=2240 reward=2 treasury=1 validators=1 burn=0 applied_burn=0 chance_bps=10000
[EMISSION] h=2241 reward=3 treasury=1 validators=2 burn=0 applied_burn=0 chance_bps=10000
[EMISSION] h=2242 reward=3 treasury=1 validators=2 burn=0 applied_burn=0 chance_bps=10000
[EMISSION] h=2243 reward=2 treasury=1 validators=1 burn=0 applied_burn=0 chance_bps=10000
Validator heartbeat received: A | reported_height=2547 | finalized_height=2547 | local_exec_epoch=2548
Ignoring stale heartbeat: C reported=2467 local_finalized=2547
[EMISSION] h=2244 reward=4 treasury=1 validators=2 burn=1 applied_burn=0 chance_bps=10000
[EMISSION] h=2245 reward=3 treasury=1 validators=2 burn=0 applied_burn=0 chance_bps=10000
[REGISTRY-PENDING] height=2548 chain_height=2547 reason=future_parent
[SET-PENDING] height=2549 chain_height=2547 reason=future_height
[EMISSION] h=2246 reward=2 treasury=1 validators=1 burn=0 applied_burn=0 chance_bps=10000
[EMISSION] h=2247 reward=3 treasury=1 validators=2 burn=0 applied_burn=0 chance_bps=10000
[EMISSION] h=2248 reward=4 treasury=1 validators=2 burn=1 applied_burn=0 chance_bps=10000
[EMISSION] h=2249 reward=4 treasury=1 validators=2 burn=1 applied_burn=0 chance_bps=10000
[EMISSION] h=2250 reward=2 treasury=1 validators=1 burn=0 applied_burn=0 chance_bps=10000
Ignoring stale heartbeat: B reported=2468 local_finalized=2547
[EMISSION] h=2251 reward=2 treasury=1 validators=1 burn=0 applied_burn=0 chance_bps=10000
[SYNC-SERVE-REQUEST] peer=12D3KooW requested=2471-2547 snapshot=false snapshot_height=0
[EMISSION] h=2252 reward=4 treasury=1 validators=2 burn=1 applied_burn=0 chance_bps=10000
[SYNC-SERVE-RESPONSE] peer=12D3KooW requested=2471-2547 served=2471-2547 count=77 snapshot=false tip_gap=false historical_gap=false duration_ms=25
Ã°Å¸â€œÂ¦ Sent blocks 2471-2547 (77 blocks) to 12D3KooWPVKESWFG9sS8G6vjhfPn54kWuNFkkuHwG4yQXhYRcXjX
[EMISSION] h=2253 reward=2 treasury=1 validators=1 burn=0 applied_burn=0 chance_bps=10000
[EMISSION] h=2254 reward=4 treasury=1 validators=2 burn=1 applied_burn=1 chance_bps=10000
[EMISSION] h=2255 reward=4 treasury=1 validators=2 burn=1 applied_burn=1 chance_bps=10000
[EMISSION] h=2256 reward=3 treasury=1 validators=2 burn=0 applied_burn=1 chance_bps=10000
[EMISSION] h=2257 reward=4 treasury=1 validators=2 burn=1 applied_burn=0 chance_bps=10000
[EMISSION] h=2258 reward=3 treasury=1 validators=2 burn=0 applied_burn=1 chance_bps=10000
[EMISSION] h=2259 reward=2 treasury=1 validators=1 burn=0 applied_burn=0 chance_bps=10000
Candidate heartbeat received: D | reported_height=2495 | finalized_height=2495 | local_exec_epoch=2496
[EMISSION] h=2260 reward=4 treasury=1 validators=2 burn=1 applied_burn=1 chance_bps=10000
Heartbeat sent: F finalized=2547 epoch=2548
[EMISSION] h=2261 reward=4 treasury=1 validators=2 burn=1 applied_burn=0 chance_bps=10000
Ignoring stale heartbeat: B reported=2470 local_finalized=2547
[EMISSION] h=2262 reward=2 treasury=1 validators=1 burn=0 applied_burn=1 chance_bps=10000
[EMISSION] h=2263 reward=2 treasury=1 validators=1 burn=0 applied_burn=1 chance_bps=10000
[EMISSION] h=2264 reward=3 treasury=1 validators=2 burn=0 applied_burn=1 chance_bps=10000
[EMISSION] h=2265 reward=3 treasury=1 validators=2 burn=0 applied_burn=1 chance_bps=10000
[EMISSION] h=2266 reward=4 treasury=1 validators=2 burn=1 applied_burn=0 chance_bps=10000
Ignoring stale heartbeat: B reported=2471 local_finalized=2547
[EMISSION] h=2267 reward=2 treasury=1 validators=1 burn=0 applied_burn=1 chance_bps=10000
[EMISSION] h=2268 reward=3 treasury=1 validators=2 burn=0 applied_burn=0 chance_bps=10000
[EMISSION] h=2269 reward=2 treasury=1 validators=1 burn=0 applied_burn=0 chance_bps=10000
[EMISSION] h=2270 reward=2 treasury=1 validators=1 burn=0 applied_burn=0 chance_bps=10000
Candidate heartbeat received: D | reported_height=2494 | finalized_height=2494 | local_exec_epoch=2495
[EMISSION] h=2271 reward=4 treasury=1 validators=2 burn=1 applied_burn=0 chance_bps=10000
Ignoring stale heartbeat: C reported=2470 local_finalized=2547
[EMISSION] h=2272 reward=4 treasury=1 validators=2 burn=1 applied_burn=0 chance_bps=10000
[EMISSION] h=2273 reward=2 treasury=1 validators=1 burn=0 applied_burn=0 chance_bps=10000
[EMISSION] h=2274 reward=4 treasury=1 validators=2 burn=1 applied_burn=0 chance_bps=10000
Ignoring stale heartbeat: C reported=2468 local_finalized=2547
[EMISSION] h=2275 reward=4 treasury=1 validators=2 burn=1 applied_burn=0 chance_bps=10000
[EMISSION] h=2276 reward=4 treasury=1 validators=2 burn=1 applied_burn=0 chance_bps=10000
Ignoring stale heartbeat: B reported=2472 local_finalized=2547
[EMISSION] h=2277 reward=3 treasury=1 validators=2 burn=0 applied_burn=0 chance_bps=10000
[EMISSION] h=2278 reward=3 treasury=1 validators=2 burn=0 applied_burn=0 chance_bps=10000
[EMISSION] h=2279 reward=4 treasury=1 validators=2 burn=1 applied_burn=0 chance_bps=10000
Ignoring stale heartbeat: B reported=2469 local_finalized=2547
[EMISSION] h=2280 reward=3 treasury=1 validators=2 burn=0 applied_burn=0 chance_bps=10000
[EMISSION] h=2281 reward=2 treasury=1 validators=1 burn=0 applied_burn=0 chance_bps=10000
[EMISSION] h=2282 reward=3 treasury=1 validators=2 burn=0 applied_burn=0 chance_bps=10000
[EMISSION] h=2283 reward=3 treasury=1 validators=2 burn=0 applied_burn=0 chance_bps=10000
[EMISSION] h=2284 reward=3 treasury=1 validators=2 burn=0 applied_burn=0 chance_bps=10000
Ignoring stale heartbeat: C reported=2469 local_finalized=2547
Validator heartbeat: A | reported_height=2547 | finalized_height=2547 | local_exec_epoch=2548
[EMISSION] h=2285 reward=2 treasury=1 validators=1 burn=0 applied_burn=0 chance_bps=10000
[EMISSION] h=2286 reward=3 treasury=1 validators=2 burn=0 applied_burn=0 chance_bps=10000
[EMISSION] h=2287 reward=3 treasury=1 validators=2 burn=0 applied_burn=0 chance_bps=10000
[EMISSION] h=2288 reward=3 treasury=1 validators=2 burn=0 applied_burn=0 chance_bps=10000
[EMISSION] h=2289 reward=4 treasury=1 validators=2 burn=1 applied_burn=0 chance_bps=10000
[EMISSION] h=2290 reward=4 treasury=1 validators=2 burn=1 applied_burn=0 chance_bps=10000
[EMISSION] h=2291 reward=3 treasury=1 validators=2 burn=0 applied_burn=0 chance_bps=10000
[EMISSION] h=2292 reward=3 treasury=1 validators=2 burn=0 applied_burn=0 chance_bps=10000
[EMISSION] h=2293 reward=2 treasury=1 validators=1 burn=0 applied_burn=0 chance_bps=10000
[EMISSION] h=2294 reward=4 treasury=1 validators=2 burn=1 applied_burn=0 chance_bps=10000
[SYNC-SERVE-REQUEST] peer=12D3KooW requested=2471-2547 snapshot=false snapshot_height=0
[SYNC-SERVE-RESPONSE] peer=12D3KooW requested=2471-2547 served=2471-2547 count=77 snapshot=false tip_gap=false historical_gap=false duration_ms=8
[EMISSION] h=2295 reward=2 treasury=1 validators=1 burn=0 applied_burn=0 chance_bps=10000
[EMISSION] h=2296 reward=4 treasury=1 validators=2 burn=1 applied_burn=0 chance_bps=10000
[EMISSION] h=2297 reward=3 treasury=1 validators=2 burn=0 applied_burn=0 chance_bps=10000
[EMISSION] h=2298 reward=4 treasury=1 validators=2 burn=1 applied_burn=0 chance_bps=10000
[EMISSION] h=2299 reward=3 treasury=1 validators=2 burn=0 applied_burn=0 chance_bps=10000
[EMISSION] h=2300 reward=4 treasury=1 validators=2 burn=1 applied_burn=0 chance_bps=10000
Candidate heartbeat received: D | reported_height=2495 | finalized_height=2495 | local_exec_epoch=2496
[EMISSION] h=2301 reward=3 treasury=1 validators=2 burn=0 applied_burn=0 chance_bps=10000
[EMISSION] h=2302 reward=3 treasury=1 validators=2 burn=0 applied_burn=0 chance_bps=10000
[EMISSION] h=2303 reward=4 treasury=1 validators=2 burn=1 applied_burn=0 chance_bps=10000
[EMISSION] h=2304 reward=2 treasury=1 validators=1 burn=0 applied_burn=0 chance_bps=10000
[EMISSION] h=2305 reward=3 treasury=1 validators=2 burn=0 applied_burn=0 chance_bps=10000
[EMISSION] h=2306 reward=3 treasury=1 validators=2 burn=0 applied_burn=0 chance_bps=10000
Ignoring stale heartbeat: C reported=2471 local_finalized=2547
[EMISSION] h=2307 reward=2 treasury=1 validators=1 burn=0 applied_burn=0 chance_bps=10000
[EMISSION] h=2308 reward=4 treasury=1 validators=2 burn=1 applied_burn=0 chance_bps=10000
[EMISSION] h=2309 reward=2 treasury=1 validators=1 burn=0 applied_burn=0 chance_bps=10000
Ignoring stale heartbeat: A reported=2470 local_finalized=2547
[EMISSION] h=2310 reward=2 treasury=1 validators=1 burn=0 applied_burn=0 chance_bps=10000
[EMISSION] h=2311 reward=2 treasury=1 validators=1 burn=0 applied_burn=0 chance_bps=10000
[EMISSION] h=2312 reward=4 treasury=1 validators=2 burn=1 applied_burn=0 chance_bps=10000
[EMISSION] h=2313 reward=3 treasury=1 validators=2 burn=0 applied_burn=0 chance_bps=10000
[EMISSION] h=2314 reward=3 treasury=1 validators=2 burn=0 applied_burn=0 chance_bps=10000
[EMISSION] h=2315 reward=4 treasury=1 validators=2 burn=1 applied_burn=0 chance_bps=10000
Ignoring stale heartbeat: C reported=2472 local_finalized=2547
[EMISSION] h=2316 reward=4 treasury=1 validators=2 burn=1 applied_burn=0 chance_bps=10000
[EMISSION] h=2317 reward=4 treasury=1 validators=2 burn=1 applied_burn=0 chance_bps=10000
Ignoring stale heartbeat: B reported=2473 local_finalized=2547
[EMISSION] h=2318 reward=3 treasury=1 validators=2 burn=0 applied_burn=0 chance_bps=10000
[EMISSION] h=2319 reward=3 treasury=1 validators=2 burn=0 applied_burn=0 chance_bps=10000
[EMISSION] h=2320 reward=3 treasury=1 validators=2 burn=0 applied_burn=0 chance_bps=10000
[EMISSION] h=2321 reward=3 treasury=1 validators=2 burn=0 applied_burn=0 chance_bps=10000
[EMISSION] h=2322 reward=2 treasury=1 validators=1 burn=0 applied_burn=0 chance_bps=10000
[EMISSION] h=2323 reward=2 treasury=1 validators=1 burn=0 applied_burn=0 chance_bps=10000
[EMISSION] h=2324 reward=2 treasury=1 validators=1 burn=0 applied_burn=0 chance_bps=10000
[EMISSION] h=2325 reward=4 treasury=1 validators=2 burn=1 applied_burn=0 chance_bps=10000
[EMISSION] h=2326 reward=4 treasury=1 validators=2 burn=1 applied_burn=0 chance_bps=10000
[EMISSION] h=2327 reward=2 treasury=1 validators=1 burn=0 applied_burn=0 chance_bps=10000
[EMISSION] h=2328 reward=4 treasury=1 validators=2 burn=1 applied_burn=0 chance_bps=10000
[EMISSION] h=2329 reward=2 treasury=1 validators=1 burn=0 applied_burn=0 chance_bps=10000
[EMISSION] h=2330 reward=3 treasury=1 validators=2 burn=0 applied_burn=0 chance_bps=10000
[STATUS] height=2547 finalized=2547 peers=4 validators=0 strict_live=0 heartbeat_live=0 out_of_drift=0 drift_limit=8 syncing=false sync_complete=true execution_ready=false execution_reason=startup_execution_snapshot_rebuild_pending_h_2547 gossip=true gossip_pipeline=new_block_gossip_validate_apply consensus_running=false mode=observer vote=false propose=false role=full validator_state=observer warmup_seconds=0 ready=false reason=startup_execution_snapshot_rebuild_pending_h_2547 snapshot_source=none expected_source=chain_parent_commitment expected_hash=d75b74ab resolved_source=chain_parent_commitment resolved_hash=d75b74ab next_source=carry_forward next_hash=d75b74ab got_hash= authority=chain_parent_commitment hash_mode=legacy
[EMISSION] h=2331 reward=2 treasury=1 validators=1 burn=0 applied_burn=0 chance_bps=10000
[REGISTRY-PENDING] height=2548 chain_height=2547 reason=future_parent
[SET-PENDING] height=2549 chain_height=2547 reason=future_height
Heartbeat sent: F finalized=2547 epoch=2548
[EMISSION] h=2332 reward=4 treasury=1 validators=2 burn=1 applied_burn=0 chance_bps=10000
[EMISSION] h=2333 reward=4 treasury=1 validators=2 burn=1 applied_burn=0 chance_bps=10000
[EMISSION] h=2334 reward=4 treasury=1 validators=2 burn=1 applied_burn=0 chance_bps=10000
[EMISSION] h=2335 reward=4 treasury=1 validators=2 burn=1 applied_burn=0 chance_bps=10000
[EMISSION] h=2336 reward=4 treasury=1 validators=2 burn=1 applied_burn=0 chance_bps=10000
[EMISSION] h=2337 reward=3 treasury=1 validators=2 burn=0 applied_burn=0 chance_bps=10000
[EMISSION] h=2338 reward=2 treasury=1 validators=1 burn=0 applied_burn=0 chance_bps=10000
Candidate heartbeat received: D | reported_height=2496 | finalized_height=2496 | local_exec_epoch=2497
[EMISSION] h=2339 reward=4 treasury=1 validators=2 burn=1 applied_burn=0 chance_bps=10000
[EMISSION] h=2340 reward=4 treasury=1 validators=2 burn=1 applied_burn=0 chance_bps=10000
[EMISSION] h=2341 reward=2 treasury=1 validators=1 burn=0 applied_burn=0 chance_bps=10000
[EMISSION] h=2342 reward=4 treasury=1 validators=2 burn=1 applied_burn=0 chance_bps=10000
[EMISSION] h=2343 reward=4 treasury=1 validators=2 burn=1 applied_burn=0 chance_bps=10000
Ignoring stale heartbeat: C reported=2473 local_finalized=2547
[EMISSION] h=2344 reward=3 treasury=1 validators=2 burn=0 applied_burn=0 chance_bps=10000
[EMISSION] h=2345 reward=3 treasury=1 validators=2 burn=0 applied_burn=0 chance_bps=10000
[EMISSION] h=2346 reward=2 treasury=1 validators=1 burn=0 applied_burn=0 chance_bps=10000
[SNAPSHOT-PUBLISH] deferred height=2547 reason=auto_publish_interval_10
2026/05/20 14:20:21 [OK] goroutine pressure normalized: 184 (degrade mode off)
2026/05/20 14:20:21 map stats: seen_blocks=0 seen_txs=0 fork_heights=0 fork_blocks=0 exec_results_keys=0 exec_results_total=0 pending_blocks=0 queued_exec_votes_keys=0 queued_exec_votes_total=0 accepted_proposal=0 exec_broadcasted_epochs=0 exec_broadcasted_keys=0 exec_signer_seen_epochs=0 exec_signer_seen_total=0 exec_broadcasted_by_val_epochs=0 exec_broadcasted_by_val_total=0 exec_rebroadcast_epochs=0 validator_status=5 candidates=2 peer_state=24 peers_connected=4 peers_connecting=0 peer_suspect=0 allowed_peers=4 pending_validators=0 pending_removals=0 queued_validator_updates=0 height_report_epochs=1 height_report_total=1 misbehavior_validators=0 misbehavior_total=0 exec_mismatch_tracked=0 exec_vote_replay_cache=0
Ignoring stale heartbeat: B reported=2474 local_finalized=2547
[EMISSION] h=2347 reward=3 treasury=1 validators=2 burn=0 applied_burn=0 chance_bps=10000
[EMISSION] h=2348 reward=3 treasury=1 validators=2 burn=0 applied_burn=0 chance_bps=10000
[CONSENSUS] height=2547 vhash=d75b74ab validators=4
[EMISSION] h=2349 reward=4 treasury=1 validators=2 burn=1 applied_burn=0 chance_bps=10000
[EMISSION] h=2350 reward=2 treasury=1 validators=1 burn=0 applied_burn=0 chance_bps=10000
[EMISSION] h=2351 reward=2 treasury=1 validators=1 burn=0 applied_burn=0 chance_bps=10000
[EMISSION] h=2352 reward=4 treasury=1 validators=2 burn=1 applied_burn=0 chance_bps=10000
[EMISSION] h=2353 reward=4 treasury=1 validators=2 burn=1 applied_burn=0 chance_bps=10000
[EMISSION] h=2354 reward=3 treasury=1 validators=2 burn=0 applied_burn=0 chance_bps=10000
[SYNC-SERVE-REQUEST] peer=12D3KooW requested=2471-2547 snapshot=false snapshot_height=0
[SYNC-SERVE-RESPONSE] peer=12D3KooW requested=2471-2547 served=2471-2547 count=77 snapshot=false tip_gap=false historical_gap=false duration_ms=4
[EMISSION] h=2355 reward=2 treasury=1 validators=1 burn=0 applied_burn=0 chance_bps=10000
[EMISSION] h=2356 reward=4 treasury=1 validators=2 burn=1 applied_burn=0 chance_bps=10000
[EMISSION] h=2357 reward=4 treasury=1 validators=2 burn=1 applied_burn=0 chance_bps=10000
[EMISSION] h=2358 reward=4 treasury=1 validators=2 burn=1 applied_burn=0 chance_bps=10000
[EMISSION] h=2359 reward=4 treasury=1 validators=2 burn=1 applied_burn=0 chance_bps=10000
[EMISSION] h=2360 reward=2 treasury=1 validators=1 burn=0 applied_burn=0 chance_bps=10000
[EMISSION] h=2361 reward=3 treasury=1 validators=2 burn=0 applied_burn=0 chance_bps=10000
[EMISSION] h=2362 reward=4 treasury=1 validators=2 burn=1 applied_burn=0 chance_bps=10000
[EMISSION] h=2363 reward=4 treasury=1 validators=2 burn=1 applied_burn=0 chance_bps=10000
Validator heartbeat received: A | reported_height=2547 | finalized_height=2547 | local_exec_epoch=2548
[EMISSION] h=2364 reward=2 treasury=1 validators=1 burn=0 applied_burn=0 chance_bps=10000
[EMISSION] h=2365 reward=2 treasury=1 validators=1 burn=0 applied_burn=0 chance_bps=10000
[EMISSION] h=2366 reward=4 treasury=1 validators=2 burn=1 applied_burn=0 chance_bps=10000
[EMISSION] h=2367 reward=2 treasury=1 validators=1 burn=0 applied_burn=0 chance_bps=10000
[EMISSION] h=2368 reward=3 treasury=1 validators=2 burn=0 applied_burn=0 chance_bps=10000
[EMISSION] h=2369 reward=4 treasury=1 validators=2 burn=1 applied_burn=0 chance_bps=10000
[EMISSION] h=2370 reward=4 treasury=1 validators=2 burn=1 applied_burn=0 chance_bps=10000
[EMISSION] h=2371 reward=4 treasury=1 validators=2 burn=1 applied_burn=0 chance_bps=10000
[EMISSION] h=2372 reward=3 treasury=1 validators=2 burn=0 applied_burn=0 chance_bps=10000
[EMISSION] h=2373 reward=4 treasury=1 validators=2 burn=1 applied_burn=0 chance_bps=10000
[EMISSION] h=2374 reward=3 treasury=1 validators=2 burn=0 applied_burn=0 chance_bps=10000
[EMISSION] h=2375 reward=2 treasury=1 validators=1 burn=0 applied_burn=0 chance_bps=10000
[EMISSION] h=2376 reward=3 treasury=1 validators=2 burn=0 applied_burn=0 chance_bps=10000
Candidate heartbeat received: D | reported_height=2496 | finalized_height=2496 | local_exec_epoch=2497
[EMISSION] h=2377 reward=2 treasury=1 validators=1 burn=0 applied_burn=0 chance_bps=10000
[EMISSION] h=2378 reward=3 treasury=1 validators=2 burn=0 applied_burn=0 chance_bps=10000
[EMISSION] h=2379 reward=2 treasury=1 validators=1 burn=0 applied_burn=0 chance_bps=10000
[EMISSION] h=2380 reward=4 treasury=1 validators=2 burn=1 applied_burn=0 chance_bps=10000
[EMISSION] h=2381 reward=3 treasury=1 validators=2 burn=0 applied_burn=0 chance_bps=10000
[EMISSION] h=2382 reward=2 treasury=1 validators=1 burn=0 applied_burn=0 chance_bps=10000
Ignoring stale heartbeat: C reported=2474 local_finalized=2547
[EMISSION] h=2383 reward=4 treasury=1 validators=2 burn=1 applied_burn=0 chance_bps=10000
[EMISSION] h=2384 reward=3 treasury=1 validators=2 burn=0 applied_burn=0 chance_bps=10000
[EMISSION] h=2385 reward=2 treasury=1 validators=1 burn=0 applied_burn=1 chance_bps=10000
[EMISSION] h=2386 reward=2 treasury=1 validators=1 burn=0 applied_burn=1 chance_bps=10000
Candidate heartbeat received: D | reported_height=2495 | finalized_height=2495 | local_exec_epoch=2496
[EMISSION] h=2387 reward=2 treasury=1 validators=1 burn=0 applied_burn=1 chance_bps=10000
[EMISSION] h=2388 reward=2 treasury=1 validators=1 burn=0 applied_burn=1 chance_bps=10000
Ignoring stale heartbeat: B reported=2475 local_finalized=2547
[EMISSION] h=2389 reward=3 treasury=1 validators=2 burn=0 applied_burn=1 chance_bps=10000
Ignoring stale heartbeat: B reported=2470 local_finalized=2547
[EMISSION] h=2390 reward=4 treasury=1 validators=2 burn=1 applied_burn=1 chance_bps=10000
[EMISSION] h=2391 reward=3 treasury=1 validators=2 burn=0 applied_burn=0 chance_bps=10000
[EMISSION] h=2392 reward=2 treasury=1 validators=1 burn=0 applied_burn=1 chance_bps=10000
[EMISSION] h=2393 reward=4 treasury=1 validators=2 burn=1 applied_burn=0 chance_bps=10000
Ignoring stale heartbeat: B reported=2475 local_finalized=2547
[EMISSION] h=2394 reward=4 treasury=1 validators=2 burn=1 applied_burn=1 chance_bps=10000
Ignoring stale heartbeat: B reported=2471 local_finalized=2547
[EMISSION] h=2395 reward=2 treasury=1 validators=1 burn=0 applied_burn=0 chance_bps=10000
[EMISSION] h=2396 reward=2 treasury=1 validators=1 burn=0 applied_burn=1 chance_bps=10000
[EMISSION] h=2397 reward=4 treasury=1 validators=2 burn=1 applied_burn=1 chance_bps=10000
[EMISSION] h=2398 reward=2 treasury=1 validators=1 burn=0 applied_burn=0 chance_bps=10000
[EMISSION] h=2399 reward=3 treasury=1 validators=2 burn=0 applied_burn=0 chance_bps=10000
Ignoring stale heartbeat: C reported=2470 local_finalized=2547
[EMISSION] h=2400 reward=2 treasury=1 validators=1 burn=0 applied_burn=0 chance_bps=10000
[EMISSION] h=2401 reward=4 treasury=1 validators=2 burn=1 applied_burn=0 chance_bps=10000
Ignoring stale heartbeat: B reported=2472 local_finalized=2547
[EMISSION] h=2402 reward=4 treasury=1 validators=2 burn=1 applied_burn=0 chance_bps=10000
[EMISSION] h=2403 reward=3 treasury=1 validators=2 burn=0 applied_burn=0 chance_bps=10000
[EMISSION] h=2404 reward=3 treasury=1 validators=2 burn=0 applied_burn=0 chance_bps=10000
[EMISSION] h=2405 reward=3 treasury=1 validators=2 burn=0 applied_burn=0 chance_bps=10000
[EMISSION] h=2406 reward=2 treasury=1 validators=1 burn=0 applied_burn=0 chance_bps=10000
[EMISSION] h=2407 reward=4 treasury=1 validators=2 burn=1 applied_burn=0 chance_bps=10000
[EMISSION] h=2408 reward=4 treasury=1 validators=2 burn=1 applied_burn=0 chance_bps=10000
[EMISSION] h=2409 reward=3 treasury=1 validators=2 burn=0 applied_burn=0 chance_bps=10000
[REGISTRY-PENDING] height=2548 chain_height=2547 reason=future_parent
[SET-PENDING] height=2549 chain_height=2547 reason=future_height
Heartbeat sent: F finalized=2547 epoch=2548
[EMISSION] h=2410 reward=4 treasury=1 validators=2 burn=1 applied_burn=0 chance_bps=10000
[EMISSION] h=2411 reward=2 treasury=1 validators=1 burn=0 applied_burn=0 chance_bps=10000
[EMISSION] h=2412 reward=2 treasury=1 validators=1 burn=0 applied_burn=0 chance_bps=10000
[EMISSION] h=2413 reward=3 treasury=1 validators=2 burn=0 applied_burn=0 chance_bps=10000
[EMISSION] h=2414 reward=3 treasury=1 validators=2 burn=0 applied_burn=0 chance_bps=10000
[EMISSION] h=2415 reward=2 treasury=1 validators=1 burn=0 applied_burn=0 chance_bps=10000
[EMISSION] h=2416 reward=3 treasury=1 validators=2 burn=0 applied_burn=0 chance_bps=10000
[EMISSION] h=2417 reward=2 treasury=1 validators=1 burn=0 applied_burn=0 chance_bps=10000
[EMISSION] h=2418 reward=2 treasury=1 validators=1 burn=0 applied_burn=0 chance_bps=10000
[EMISSION] h=2419 reward=2 treasury=1 validators=1 burn=0 applied_burn=0 chance_bps=10000
[SYNC-SERVE-REQUEST] peer=12D3KooW requested=2471-2547 snapshot=false snapshot_height=0
[EMISSION] h=2420 reward=3 treasury=1 validators=2 burn=0 applied_burn=0 chance_bps=10000
[SYNC-SERVE-RESPONSE] peer=12D3KooW requested=2471-2547 served=2471-2547 count=77 snapshot=false tip_gap=false historical_gap=false duration_ms=8
Ã°Å¸â€œÂ¦ Sent blocks 2471-2547 (77 blocks) to 12D3KooWPVKESWFG9sS8G6vjhfPn54kWuNFkkuHwG4yQXhYRcXjX
[EMISSION] h=2421 reward=3 treasury=1 validators=2 burn=0 applied_burn=0 chance_bps=10000
[EMISSION] h=2422 reward=3 treasury=1 validators=2 burn=0 applied_burn=0 chance_bps=10000
[EMISSION] h=2423 reward=3 treasury=1 validators=2 burn=0 applied_burn=0 chance_bps=10000
[EMISSION] h=2424 reward=2 treasury=1 validators=1 burn=0 applied_burn=0 chance_bps=10000
[EMISSION] h=2425 reward=3 treasury=1 validators=2 burn=0 applied_burn=0 chance_bps=10000
[EMISSION] h=2426 reward=4 treasury=1 validators=2 burn=1 applied_burn=0 chance_bps=10000
[EMISSION] h=2427 reward=4 treasury=1 validators=2 burn=1 applied_burn=0 chance_bps=10000
[EMISSION] h=2428 reward=2 treasury=1 validators=1 burn=0 applied_burn=0 chance_bps=10000
[EMISSION] h=2429 reward=3 treasury=1 validators=2 burn=0 applied_burn=0 chance_bps=10000
Candidate heartbeat received: D | reported_height=2496 | finalized_height=2496 | local_exec_epoch=2497
Candidate heartbeat received: D | reported_height=2495 | finalized_height=2495 | local_exec_epoch=2496
[EMISSION] h=2430 reward=2 treasury=1 validators=1 burn=0 applied_burn=0 chance_bps=10000
[EMISSION] h=2431 reward=4 treasury=1 validators=2 burn=1 applied_burn=0 chance_bps=10000
[EMISSION] h=2432 reward=4 treasury=1 validators=2 burn=1 applied_burn=0 chance_bps=10000
[EMISSION] h=2433 reward=2 treasury=1 validators=1 burn=0 applied_burn=0 chance_bps=10000
[EMISSION] h=2434 reward=2 treasury=1 validators=1 burn=0 applied_burn=0 chance_bps=10000
Ignoring stale heartbeat: C reported=2471 local_finalized=2547
[EMISSION] h=2435 reward=2 treasury=1 validators=1 burn=0 applied_burn=0 chance_bps=10000
[EMISSION] h=2436 reward=4 treasury=1 validators=2 burn=1 applied_burn=0 chance_bps=10000
[EMISSION] h=2437 reward=4 treasury=1 validators=2 burn=1 applied_burn=0 chance_bps=10000
Ignoring stale heartbeat: B reported=2476 local_finalized=2547
[EMISSION] h=2438 reward=4 treasury=1 validators=2 burn=1 applied_burn=0 chance_bps=10000
Ignoring stale heartbeat: A reported=2470 local_finalized=2547
[EMISSION] h=2439 reward=2 treasury=1 validators=1 burn=0 applied_burn=0 chance_bps=10000
[EMISSION] h=2440 reward=4 treasury=1 validators=2 burn=1 applied_burn=0 chance_bps=10000
Ignoring stale heartbeat: C reported=2475 local_finalized=2547
[EMISSION] h=2441 reward=3 treasury=1 validators=2 burn=0 applied_burn=0 chance_bps=10000
[EMISSION] h=2442 reward=2 treasury=1 validators=1 burn=0 applied_burn=0 chance_bps=10000
[EMISSION] h=2443 reward=3 treasury=1 validators=2 burn=0 applied_burn=0 chance_bps=10000
Ignoring stale heartbeat: A reported=2470 local_finalized=2547
[EMISSION] h=2444 reward=4 treasury=1 validators=2 burn=1 applied_burn=0 chance_bps=10000
Ignoring stale heartbeat: A reported=2470 local_finalized=2547
[EMISSION] h=2445 reward=2 treasury=1 validators=1 burn=0 applied_burn=0 chance_bps=10000
[EMISSION] h=2446 reward=4 treasury=1 validators=2 burn=1 applied_burn=0 chance_bps=10000
Ignoring stale heartbeat: C reported=2472 local_finalized=2547
[EMISSION] h=2447 reward=3 treasury=1 validators=2 burn=0 applied_burn=0 chance_bps=10000
[EMISSION] h=2448 reward=2 treasury=1 validators=1 burn=0 applied_burn=0 chance_bps=10000
[EMISSION] h=2449 reward=3 treasury=1 validators=2 burn=0 applied_burn=0 chance_bps=10000
[EMISSION] h=2450 reward=2 treasury=1 validators=1 burn=0 applied_burn=0 chance_bps=10000
Ignoring stale heartbeat: B reported=2473 local_finalized=2547
[EMISSION] h=2451 reward=2 treasury=1 validators=1 burn=0 applied_burn=0 chance_bps=10000
[EMISSION] h=2452 reward=3 treasury=1 validators=2 burn=0 applied_burn=0 chance_bps=10000
[EMISSION] h=2453 reward=3 treasury=1 validators=2 burn=0 applied_burn=0 chance_bps=10000
[EMISSION] h=2454 reward=4 treasury=1 validators=2 burn=1 applied_burn=0 chance_bps=10000
[EMISSION] h=2455 reward=2 treasury=1 validators=1 burn=0 applied_burn=0 chance_bps=10000
[EMISSION] h=2456 reward=4 treasury=1 validators=2 burn=1 applied_burn=0 chance_bps=10000
[EMISSION] h=2457 reward=3 treasury=1 validators=2 burn=0 applied_burn=0 chance_bps=10000
[EMISSION] h=2458 reward=3 treasury=1 validators=2 burn=0 applied_burn=0 chance_bps=10000
[EMISSION] h=2459 reward=3 treasury=1 validators=2 burn=0 applied_burn=0 chance_bps=10000
2026/05/20 14:20:30 [STARTUP-EXECUTION-SNAPSHOT] action=rebuild status=failed height=2547 err=create_snapshot_failed height=2460 err=execution_snapshot_ledger_unavailable height=2460
[SYNC-FORCE] reason=startup_execution_snapshot_missing local=2547 target=2547
[SNAPSHOT-PROVIDERS] 12D3KooW(rep=0.50,class=degraded) 12D3KooW(rep=0.50,class=degraded) 12D3KooW(rep=0.50,class=degraded)
Candidate heartbeat received: D | reported_height=2496 | finalized_height=2496 | local_exec_epoch=2497
2026/05/20 14:20:30 [SYNC-FALLBACK] relaxed_snapshot_proof=enabled reason=snapshot_anchor_unreachable
[SNAPSHOT-QUORUM] waiting checkpoint=2464 votes=0/3 reason=snapshot_anchor_unreachable frozen=2470 candidate=2470 target=2470 retries=1 proof_cache=true strict=map[snapshot_anchor_unreachable:1]
Ignoring stale heartbeat: C reported=2476 local_finalized=2547
Candidate heartbeat received: D | reported_height=2496 | finalized_height=2496 | local_exec_epoch=2497
Ignoring stale heartbeat: C reported=2473 local_finalized=2547
Ignoring stale heartbeat: B reported=2477 local_finalized=2547
Ignoring stale heartbeat: B reported=2474 local_finalized=2547
Attempting to connect to 4 peers
[REGISTRY-PENDING] height=2548 chain_height=2547 reason=future_parent
[SET-PENDING] height=2549 chain_height=2547 reason=future_height
Heartbeat sent: F finalized=2547 epoch=2548
[SYNC-SERVE-REQUEST] peer=12D3KooW requested=2471-2547 snapshot=false snapshot_height=0
[SYNC-SERVE-RESPONSE] peer=12D3KooW requested=2471-2547 served=2471-2547 count=77 snapshot=false tip_gap=false historical_gap=false duration_ms=27
Candidate heartbeat received: D | reported_height=2496 | finalized_height=2496 | local_exec_epoch=2497
2026/05/20 14:20:33 [SYNC-FALLBACK] relaxed_snapshot_proof=disabled
Ignoring stale heartbeat: C reported=2474 local_finalized=2547
Ignoring stale heartbeat: B reported=2475 local_finalized=2547
Ignoring stale heartbeat: B reported=2475 local_finalized=2547
[SNAPSHOT-PUBLISH] deferred height=2547 reason=auto_publish_interval_10
2026/05/20 14:20:34 [STARTUP-EXECUTION-SNAPSHOT] action=rebuild schedule height=2547 reason=prior_rebuild_failed_local_history_ready
2026/05/20 14:20:34 [STARTUP-EXECUTION-SNAPSHOT] action=rebuild begin height=2547
[EMISSION] h=2459 reward=3 treasury=1 validators=2 burn=0 applied_burn=0 chance_bps=10000
2026/05/20 14:20:34 [STARTUP-EXECUTION-SNAPSHOT] action=rebuild resume base=2459 target=2547
[STARTUP-PRECHECK] waiting reason=startup_execution_snapshot_rebuild_pending_h_2547 target=2548
[SYNC-FORCE] reason=startup_execution_snapshot_missing local=2547 target=2547 (cooldown)
2026/05/20 14:20:34 [STARTUP-EXECUTION-SNAPSHOT] action=rebuild async_wait height=2547 trigger=prior_rebuild_failed_local_history_ready reason=startup_execution_snapshot_syncing_h_2547
Candidate heartbeat received: D | reported_height=2496 | finalized_height=2496 | local_exec_epoch=2497
Ignoring stale heartbeat: B reported=2476 local_finalized=2547
Candidate heartbeat received: D | reported_height=2496 | finalized_height=2496 | local_exec_epoch=2497
Ignoring stale heartbeat: C reported=2475 local_finalized=2547
Ignoring stale heartbeat: A reported=2470 local_finalized=2547
Ignoring stale heartbeat: B reported=2478 local_finalized=2547
Ignoring stale heartbeat: C reported=2477 local_finalized=2547
Heartbeat sent: F finalized=2547 epoch=2548
Candidate heartbeat received: D | reported_height=2496 | finalized_height=2496 | local_exec_epoch=2497
Ignoring stale heartbeat: C reported=2476 local_finalized=2547
Ignoring stale heartbeat: B reported=2477 local_finalized=2547
[SYNC-SERVE-REQUEST] peer=12D3KooW requested=2471-2547 snapshot=false snapshot_height=0
[SYNC-SERVE-RESPONSE] peer=12D3KooW requested=2471-2547 served=2471-2547 count=77 snapshot=false tip_gap=false historical_gap=false duration_ms=23
Ignoring stale heartbeat: B reported=2479 local_finalized=2547
[STATUS] height=2547 finalized=2547 peers=4 validators=0 strict_live=0 heartbeat_live=0 out_of_drift=0 drift_limit=8 syncing=false sync_complete=true execution_ready=false execution_reason=startup_execution_snapshot_rebuild_pending_h_2547 gossip=true gossip_pipeline=new_block_gossip_validate_apply consensus_running=false mode=observer vote=false propose=false role=full validator_state=observer warmup_seconds=0 ready=false reason=startup_execution_snapshot_rebuild_pending_h_2547 snapshot_source=none expected_source=chain_parent_commitment expected_hash=d75b74ab resolved_source=chain_parent_commitment resolved_hash=d75b74ab next_source=carry_forward next_hash=d75b74ab got_hash= authority=chain_parent_commitment hash_mode=legacy
Candidate heartbeat received: D | reported_height=2496 | finalized_height=2496 | local_exec_epoch=2497
[EMISSION] h=2459 reward=3 treasury=1 validators=2 burn=0 applied_burn=0 chance_bps=10000
2026/05/20 14:20:38 [STARTUP-EXECUTION-SNAPSHOT] action=rebuild status=failed height=2547 err=create_snapshot_failed height=2460 err=execution_snapshot_ledger_unavailable height=2460
[SYNC-FORCE] reason=startup_execution_snapshot_missing local=2547 target=2547
[SNAPSHOT-PROVIDERS] 12D3KooW(rep=0.50,class=degraded) 12D3KooW(rep=0.50,class=degraded) 12D3KooW(rep=0.50,class=degraded)
Ignoring stale heartbeat: B reported=2478 local_finalized=2547
Ignoring stale heartbeat: C reported=2477 local_finalized=2547
2026/05/20 14:20:39 [SYNC-FALLBACK] relaxed_snapshot_proof=enabled reason=snapshot_anchor_unreachable
[SNAPSHOT-QUORUM] waiting checkpoint=2464 votes=0/3 reason=snapshot_anchor_unreachable frozen=2470 candidate=2470 target=2470 retries=1 proof_cache=true strict=map[snapshot_anchor_unreachable:1]
[CONSENSUS] height=2547 vhash=d75b74ab validators=4
Ignoring stale heartbeat: B reported=2479 local_finalized=2547
Candidate heartbeat received: D | reported_height=2496 | finalized_height=2496 | local_exec_epoch=2497
Ignoring stale heartbeat: C reported=2478 local_finalized=2547
Ignoring stale heartbeat: B reported=2480 local_finalized=2547
Candidate heartbeat received: D | reported_height=2496 | finalized_height=2496 | local_exec_epoch=2497
Ignoring stale heartbeat: C reported=2478 local_finalized=2547
[REGISTRY-PENDING] height=2548 chain_height=2547 reason=future_parent
[SET-PENDING] height=2549 chain_height=2547 reason=future_height
Ignoring stale heartbeat: B reported=2480 local_finalized=2547
Heartbeat sent: F finalized=2547 epoch=2548
Ignoring stale heartbeat: A reported=2470 local_finalized=2547
Ignoring stale heartbeat: A reported=2470 local_finalized=2547
[SYNC-SERVE-REQUEST] peer=12D3KooW requested=2471-2547 snapshot=false snapshot_height=0
[SYNC-SERVE-RESPONSE] peer=12D3KooW requested=2471-2547 served=2471-2547 count=77 snapshot=false tip_gap=false historical_gap=false duration_ms=36
Ã°Å¸â€œÂ¦ Sent blocks 2471-2547 (77 blocks) to 12D3KooWPVKESWFG9sS8G6vjhfPn54kWuNFkkuHwG4yQXhYRcXjX
2026/05/20 14:20:42 [STARTUP-EXECUTION-SNAPSHOT] action=rebuild schedule height=2547 reason=prior_rebuild_failed_local_history_ready
2026/05/20 14:20:42 [STARTUP-EXECUTION-SNAPSHOT] action=rebuild begin height=2547
[EMISSION] h=2459 reward=3 treasury=1 validators=2 burn=0 applied_burn=0 chance_bps=10000
2026/05/20 14:20:42 [STARTUP-EXECUTION-SNAPSHOT] action=rebuild resume base=2459 target=2547
[SYNC-FORCE] reason=startup_execution_snapshot_missing local=2547 target=2547 (cooldown)
2026/05/20 14:20:42 [STARTUP-EXECUTION-SNAPSHOT] action=rebuild async_wait height=2547 trigger=prior_rebuild_failed_local_history_ready reason=startup_execution_snapshot_syncing_h_2547
Candidate heartbeat received: D | reported_height=2497 | finalized_height=2497 | local_exec_epoch=2498
Candidate heartbeat received: D | reported_height=2497 | finalized_height=2497 | local_exec_epoch=2498
Ignoring stale heartbeat: C reported=2479 local_finalized=2547
Ignoring stale heartbeat: C reported=2479 local_finalized=2547
Ignoring stale heartbeat: B reported=2481 local_finalized=2547
Ignoring stale heartbeat: B reported=2481 local_finalized=2547
[SNAPSHOT-PROOF] height=2480 checkpoint=2464 validator=C votes=1 hash=3420d6e6
Heartbeat sent: F finalized=2547 epoch=2548
[SNAPSHOT-PUBLISH] deferred height=2547 reason=auto_publish_interval_10
Candidate heartbeat received: D | reported_height=2497 | finalized_height=2497 | local_exec_epoch=2498
Candidate heartbeat received: D | reported_height=2497 | finalized_height=2497 | local_exec_epoch=2498
Ignoring stale heartbeat: C reported=2480 local_finalized=2547
Ignoring stale heartbeat: C reported=2480 local_finalized=2547
Ignoring stale heartbeat: C reported=2481 local_finalized=2547
2026/05/20 14:20:46 [SYNC-FALLBACK] relaxed_snapshot_proof=disabled
Ignoring stale heartbeat: C reported=2481 local_finalized=2547
Ignoring stale heartbeat: B reported=2482 local_finalized=2547
Ignoring stale heartbeat: B reported=2482 local_finalized=2547
[EMISSION] h=2459 reward=3 treasury=1 validators=2 burn=0 applied_burn=0 chance_bps=10000
2026/05/20 14:20:47 [STARTUP-EXECUTION-SNAPSHOT] action=rebuild status=failed height=2547 err=create_snapshot_failed height=2460 err=execution_snapshot_ledger_unavailable height=2460
[SYNC-FORCE] reason=startup_execution_snapshot_missing local=2547 target=2547
[SNAPSHOT-PROVIDERS] 12D3KooW(rep=0.50,class=degraded) 12D3KooW(rep=0.50,class=degraded) 12D3KooW(rep=0.50,class=degraded)
[SYNC-SERVE-REQUEST] peer=12D3KooW requested=2471-2547 snapshot=false snapshot_height=0
[SYNC-SERVE-RESPONSE] peer=12D3KooW requested=2471-2547 served=2471-2547 count=77 snapshot=false tip_gap=false historical_gap=false duration_ms=24
2026/05/20 14:20:47 [SYNC-FALLBACK] relaxed_snapshot_proof=enabled reason=snapshot_anchor_unreachable
[SNAPSHOT-QUORUM] waiting checkpoint=2464 votes=0/3 reason=snapshot_anchor_unreachable frozen=2480 candidate=2480 target=2480 retries=1 proof_cache=true strict=map[snapshot_anchor_unreachable:1]
Ignoring stale heartbeat: C reported=2482 local_finalized=2547
Ignoring stale heartbeat: C reported=2482 local_finalized=2547
Candidate heartbeat received: D | reported_height=2498 | finalized_height=2498 | local_exec_epoch=2499
Candidate heartbeat received: D | reported_height=2498 | finalized_height=2498 | local_exec_epoch=2499
[REGISTRY-PENDING] height=2548 chain_height=2547 reason=future_parent
[SET-PENDING] height=2549 chain_height=2547 reason=future_height
Ignoring stale heartbeat: B reported=2483 local_finalized=2547
Ignoring stale heartbeat: B reported=2483 local_finalized=2547
Heartbeat sent: F finalized=2547 epoch=2548
Ignoring stale heartbeat: C reported=2483 local_finalized=2547
Ignoring stale heartbeat: C reported=2483 local_finalized=2547
[STATUS] height=2547 finalized=2547 peers=4 validators=0 strict_live=0 heartbeat_live=0 out_of_drift=0 drift_limit=8 syncing=false sync_complete=true execution_ready=false execution_reason=startup_execution_snapshot_rebuild_pending_h_2547 gossip=true gossip_pipeline=new_block_gossip_validate_apply consensus_running=false mode=observer vote=false propose=false role=full validator_state=observer warmup_seconds=0 ready=false reason=startup_execution_snapshot_rebuild_pending_h_2547 snapshot_source=none expected_source=chain_parent_commitment expected_hash=d75b74ab resolved_source=chain_parent_commitment resolved_hash=d75b74ab next_source=carry_forward next_hash=d75b74ab got_hash= authority=chain_parent_commitment hash_mode=legacy
2026/05/20 14:20:51 [STARTUP-EXECUTION-SNAPSHOT] action=rebuild schedule height=2547 reason=prior_rebuild_failed_local_history_ready
2026/05/20 14:20:51 [STARTUP-EXECUTION-SNAPSHOT] action=rebuild begin height=2547
[EMISSION] h=2459 reward=3 treasury=1 validators=2 burn=0 applied_burn=0 chance_bps=10000
2026/05/20 14:20:51 [STARTUP-EXECUTION-SNAPSHOT] action=rebuild resume base=2459 target=2547
[SYNC-FORCE] reason=startup_execution_snapshot_missing local=2547 target=2547 (cooldown)
2026/05/20 14:20:51 [STARTUP-EXECUTION-SNAPSHOT] action=rebuild async_wait height=2547 trigger=prior_rebuild_failed_local_history_ready reason=startup_execution_snapshot_syncing_h_2547
2026/05/20 14:20:51 [OK] goroutine pressure normalized: 181 (degrade mode off)
[SYNC-SERVE-REQUEST] peer=12D3KooW requested=2471-2547 snapshot=false snapshot_height=0
[SYNC-SERVE-RESPONSE] peer=12D3KooW requested=2471-2547 served=2471-2547 count=77 snapshot=false tip_gap=false historical_gap=false duration_ms=19
Candidate heartbeat received: D | reported_height=2498 | finalized_height=2498 | local_exec_epoch=2499
Ignoring stale heartbeat: B reported=2484 local_finalized=2547
Candidate heartbeat received: D | reported_height=2498 | finalized_height=2498 | local_exec_epoch=2499
Ignoring stale heartbeat: B reported=2484 local_finalized=2547
[CONSENSUS] height=2547 vhash=d75b74ab validators=4
Ignoring stale heartbeat: A reported=2470 local_finalized=2547
Ignoring stale heartbeat: A reported=2470 local_finalized=2547
Heartbeat sent: F finalized=2547 epoch=2548
Ignoring stale heartbeat: C reported=2484 local_finalized=2547
Ignoring stale heartbeat: C reported=2484 local_finalized=2547
[EMISSION] h=2459 reward=3 treasury=1 validators=2 burn=0 applied_burn=0 chance_bps=10000
2026/05/20 14:20:54 [STARTUP-EXECUTION-SNAPSHOT] action=rebuild status=failed height=2547 err=create_snapshot_failed height=2460 err=execution_snapshot_ledger_unavailable height=2460
[SYNC-FORCE] reason=startup_execution_snapshot_missing local=2547 target=2547
[SNAPSHOT-SESSION] stage=COLLECT_PROOFS prev=PROVIDER_ROTATE
[SNAPSHOT-PROVIDERS] 12D3KooW(rep=0.50,class=degraded) 12D3KooW(rep=0.50,class=degraded) 12D3KooW(rep=0.50,class=degraded)
[SNAPSHOT-QUORUM] waiting checkpoint=2464 votes=2/3 reason=snapshot_anchor_unreachable frozen=2480 candidate=2480 target=2480 retries=2 proof_cache=true strict=map[meta_unavailable:1 snapshot_anchor_unreachable:2]
[STARTUP-PRECHECK] waiting reason=startup_execution_snapshot_syncing_h_2547 target=2548
Candidate heartbeat received: D | reported_height=2499 | finalized_height=2499 | local_exec_epoch=2500
[EMISSION] h=2459 reward=3 treasury=1 validators=2 burn=0 applied_burn=0 chance_bps=10000
Candidate heartbeat received: D | reported_height=2499 | finalized_height=2499 | local_exec_epoch=2500
[SYNC-FORCE] reason=startup_execution_snapshot_missing local=2547 target=2547 (cooldown)
Ignoring stale heartbeat: B reported=2485 local_finalized=2547
Ignoring stale heartbeat: B reported=2485 local_finalized=2547
Attempting to connect to 4 peers
Ignoring stale heartbeat: C reported=2485 local_finalized=2547
Ignoring stale heartbeat: C reported=2485 local_finalized=2547
[REGISTRY-PENDING] height=2548 chain_height=2547 reason=future_parent
[SET-PENDING] height=2549 chain_height=2547 reason=future_height
Heartbeat sent: F finalized=2547 epoch=2548
[SYNC-SERVE-REQUEST] peer=12D3KooW requested=2471-2547 snapshot=false snapshot_height=0
[SYNC-SERVE-RESPONSE] peer=12D3KooW requested=2471-2547 served=2471-2547 count=77 snapshot=false tip_gap=false historical_gap=false duration_ms=3
Ã°Å¸â€œÂ¦ Sent blocks 2471-2547 (77 blocks) to 12D3KooWPVKESWFG9sS8G6vjhfPn54kWuNFkkuHwG4yQXhYRcXjX
[SNAPSHOT-PUBLISH] deferred height=2547 reason=auto_publish_interval_10
Candidate heartbeat received: D | reported_height=2499 | finalized_height=2499 | local_exec_epoch=2500
Candidate heartbeat received: D | reported_height=2499 | finalized_height=2499 | local_exec_epoch=2500
Ignoring stale heartbeat: B reported=2486 local_finalized=2547
Ignoring stale heartbeat: B reported=2486 local_finalized=2547
2026/05/20 14:20:58 [STARTUP-EXECUTION-SNAPSHOT] action=rebuild schedule height=2547 reason=prior_rebuild_failed_local_history_ready
2026/05/20 14:20:58 [STARTUP-EXECUTION-SNAPSHOT] action=rebuild begin height=2547
[EMISSION] h=2459 reward=3 treasury=1 validators=2 burn=0 applied_burn=0 chance_bps=10000
2026/05/20 14:20:58 [STARTUP-EXECUTION-SNAPSHOT] action=rebuild resume base=2459 target=2547
[SYNC-FORCE] reason=startup_execution_snapshot_missing local=2547 target=2547 (cooldown)
2026/05/20 14:20:58 [STARTUP-EXECUTION-SNAPSHOT] action=rebuild async_wait height=2547 trigger=prior_rebuild_failed_local_history_ready reason=startup_execution_snapshot_syncing_h_2547
Heartbeat sent: F finalized=2547 epoch=2548
Candidate heartbeat received: D | reported_height=2500 | finalized_height=2500 | local_exec_epoch=2501
Candidate heartbeat received: D | reported_height=2500 | finalized_height=2500 | local_exec_epoch=2501
Ignoring stale heartbeat: C reported=2486 local_finalized=2547
Ignoring stale heartbeat: C reported=2486 local_finalized=2547
Ignoring stale heartbeat: B reported=2487 local_finalized=2547
Ignoring stale heartbeat: B reported=2487 local_finalized=2547
[SYNC-SERVE-REQUEST] peer=12D3KooW requested=2471-2547 snapshot=false snapshot_height=0
[SYNC-SERVE-RESPONSE] peer=12D3KooW requested=2471-2547 served=2471-2547 count=77 snapshot=false tip_gap=false historical_gap=false duration_ms=5
[EMISSION] h=2459 reward=3 treasury=1 validators=2 burn=0 applied_burn=0 chance_bps=10000
2026/05/20 14:21:02 [STARTUP-EXECUTION-SNAPSHOT] action=rebuild status=failed height=2547 err=create_snapshot_failed height=2460 err=execution_snapshot_ledger_unavailable height=2460
[SYNC-FORCE] reason=startup_execution_snapshot_missing local=2547 target=2547 (cooldown)
Ignoring stale heartbeat: C reported=2487 local_finalized=2547
Ignoring stale heartbeat: C reported=2487 local_finalized=2547
[STATUS] height=2547 finalized=2547 peers=4 validators=0 strict_live=0 heartbeat_live=0 out_of_drift=0 drift_limit=8 syncing=false sync_complete=true execution_ready=false execution_reason=startup_execution_snapshot_rebuild_pending_h_2547 gossip=true gossip_pipeline=new_block_gossip_validate_apply consensus_running=false mode=observer vote=false propose=false role=full validator_state=observer warmup_seconds=0 ready=false reason=startup_execution_snapshot_rebuild_pending_h_2547 snapshot_source=none expected_source=chain_parent_commitment expected_hash=d75b74ab resolved_source=chain_parent_commitment resolved_hash=d75b74ab next_source=carry_forward next_hash=d75b74ab got_hash= authority=chain_parent_commitment hash_mode=legacy
[REGISTRY-PENDING] height=2548 chain_height=2547 reason=future_parent
[SET-PENDING] height=2549 chain_height=2547 reason=future_height
Heartbeat sent: F finalized=2547 epoch=2548
Candidate heartbeat received: D | reported_height=2500 | finalized_height=2500 | local_exec_epoch=2501
Candidate heartbeat received: D | reported_height=2500 | finalized_height=2500 | local_exec_epoch=2501
Ignoring stale heartbeat: B reported=2488 local_finalized=2547
Ignoring stale heartbeat: B reported=2488 local_finalized=2547
Ignoring stale heartbeat: A reported=2470 local_finalized=2547
Ignoring stale heartbeat: A reported=2470 local_finalized=2547
2026/05/20 14:21:06 [STARTUP-EXECUTION-SNAPSHOT] action=rebuild schedule height=2547 reason=prior_rebuild_failed_local_history_ready
2026/05/20 14:21:06 [STARTUP-EXECUTION-SNAPSHOT] action=rebuild begin height=2547
[EMISSION] h=2459 reward=3 treasury=1 validators=2 burn=0 applied_burn=0 chance_bps=10000
2026/05/20 14:21:06 [STARTUP-EXECUTION-SNAPSHOT] action=rebuild resume base=2459 target=2547
[SYNC-FORCE] reason=startup_execution_snapshot_missing local=2547 target=2547
[SNAPSHOT-SESSION] stage=COLLECT_PROOFS prev=PROVIDER_ROTATE
[SNAPSHOT-PROVIDERS] 12D3KooW(rep=0.50,class=degraded) 12D3KooW(rep=0.50,class=degraded) 12D3KooW(rep=0.50,class=degraded)
[SNAPSHOT-QUORUM] waiting checkpoint=2464 votes=2/3 reason=snapshot_anchor_unreachable frozen=2480 candidate=2480 target=2480 retries=3 proof_cache=true strict=map[meta_unavailable:2 snapshot_anchor_unreachable:3]
2026/05/20 14:21:07 [STARTUP-EXECUTION-SNAPSHOT] action=rebuild async_wait height=2547 trigger=prior_rebuild_failed_local_history_ready reason=startup_execution_snapshot_syncing_h_2547
[SYNC-SERVE-REQUEST] peer=12D3KooW requested=2471-2547 snapshot=false snapshot_height=0
[SYNC-SERVE-RESPONSE] peer=12D3KooW requested=2471-2547 served=2471-2547 count=77 snapshot=false tip_gap=false historical_gap=false duration_ms=20
Ignoring stale heartbeat: C reported=2488 local_finalized=2547
Ignoring stale heartbeat: C reported=2488 local_finalized=2547
[CONSENSUS] height=2547 vhash=d75b74ab validators=4
Ignoring stale heartbeat: B reported=2489 local_finalized=2547
Ignoring stale heartbeat: B reported=2489 local_finalized=2547
Candidate heartbeat received: D | reported_height=2501 | finalized_height=2501 | local_exec_epoch=2502
Candidate heartbeat received: D | reported_height=2501 | finalized_height=2501 | local_exec_epoch=2502
Ignoring stale heartbeat: C reported=2489 local_finalized=2547
Ignoring stale heartbeat: C reported=2489 local_finalized=2547
Heartbeat sent: F finalized=2547 epoch=2548
[SNAPSHOT-PUBLISH] deferred height=2547 reason=auto_publish_interval_10
[SNAPSHOT-PROOF] height=2490 checkpoint=2464 validator=B votes=1 hash=7c7334d5
Ignoring stale heartbeat: B reported=2490 local_finalized=2547
2026/05/20 14:21:11 [SYNC-FALLBACK] relaxed_snapshot_proof=disabled
Ignoring stale heartbeat: B reported=2490 local_finalized=2547
2026/05/20 14:21:11 [OK] goroutine pressure normalized: 183 (degrade mode off)
Ignoring stale heartbeat: B reported=2491 local_finalized=2547
Ignoring stale heartbeat: B reported=2491 local_finalized=2547
[SYNC-SERVE-REQUEST] peer=12D3KooW requested=2471-2547 snapshot=false snapshot_height=0
[SYNC-SERVE-RESPONSE] peer=12D3KooW requested=2471-2547 served=2471-2547 count=77 snapshot=false tip_gap=false historical_gap=false duration_ms=6
Ã°Å¸â€œÂ¦ Sent blocks 2471-2547 (77 blocks) to 12D3KooWPVKESWFG9sS8G6vjhfPn54kWuNFkkuHwG4yQXhYRcXjX
2026/05/20 14:21:12 [STARTUP-EXECUTION-SNAPSHOT] action=rebuild schedule height=2547 reason=prior_rebuild_failed_local_history_ready
2026/05/20 14:21:12 [STARTUP-EXECUTION-SNAPSHOT] action=rebuild begin height=2547
[EMISSION] h=2459 reward=3 treasury=1 validators=2 burn=0 applied_burn=0 chance_bps=10000
2026/05/20 14:21:12 [STARTUP-EXECUTION-SNAPSHOT] action=rebuild resume base=2459 target=2547
2026/05/20 14:21:12 [STARTUP-EXECUTION-SNAPSHOT] action=rebuild status=failed height=2547 err=create_snapshot_failed height=2460 err=execution_snapshot_ledger_unavailable height=2460
[SYNC-FORCE] reason=startup_execution_snapshot_missing local=2547 target=2547 (cooldown)
2026/05/20 14:21:12 [STARTUP-EXECUTION-SNAPSHOT] action=rebuild async_wait height=2547 trigger=prior_rebuild_failed_local_history_ready reason=startup_execution_snapshot_syncing_h_2547
[SNAPSHOT-PROOF] height=2490 checkpoint=2464 validator=C votes=2 hash=7c7334d5
Candidate heartbeat received: D | reported_height=2501 | finalized_height=2501 | local_exec_epoch=2502
Candidate heartbeat received: D | reported_height=2501 | finalized_height=2501 | local_exec_epoch=2502
Ignoring stale heartbeat: C reported=2490 local_finalized=2547
Ignoring stale heartbeat: C reported=2490 local_finalized=2547
Ignoring stale heartbeat: C reported=2491 local_finalized=2547
Ignoring stale heartbeat: C reported=2491 local_finalized=2547
Ignoring stale heartbeat: B reported=2492 local_finalized=2547
Ignoring stale heartbeat: B reported=2492 local_finalized=2547
[REGISTRY-PENDING] height=2548 chain_height=2547 reason=future_parent
[SET-PENDING] height=2549 chain_height=2547 reason=future_height
Candidate heartbeat received: D | reported_height=2502 | finalized_height=2502 | local_exec_epoch=2503
Heartbeat sent: F finalized=2547 epoch=2548
Candidate heartbeat received: D | reported_height=2502 | finalized_height=2502 | local_exec_epoch=2503
Ignoring stale heartbeat: C reported=2492 local_finalized=2547
Ignoring stale heartbeat: C reported=2492 local_finalized=2547
Ignoring stale heartbeat: B reported=2493 local_finalized=2547
Ignoring stale heartbeat: B reported=2493 local_finalized=2547
[EMISSION] h=2459 reward=3 treasury=1 validators=2 burn=0 applied_burn=0 chance_bps=10000
[SYNC-FORCE] reason=startup_execution_snapshot_missing local=2547 target=2547 (cooldown)
[STARTUP-PRECHECK] waiting reason=startup_execution_snapshot_syncing_h_2547 target=2548
[SYNC-SERVE-REQUEST] peer=12D3KooW requested=2471-2547 snapshot=false snapshot_height=0
[SYNC-SERVE-RESPONSE] peer=12D3KooW requested=2471-2547 served=2471-2547 count=77 snapshot=false tip_gap=false historical_gap=false duration_ms=5
[EMISSION] h=2459 reward=3 treasury=1 validators=2 burn=0 applied_burn=0 chance_bps=10000
[SYNC-FORCE] reason=startup_execution_snapshot_missing local=2547 target=2547 (cooldown)
Candidate heartbeat received: D | reported_height=2502 | finalized_height=2502 | local_exec_epoch=2503
Candidate heartbeat received: D | reported_height=2502 | finalized_height=2502 | local_exec_epoch=2503
Heartbeat sent: F finalized=2547 epoch=2548
Ignoring stale heartbeat: C reported=2493 local_finalized=2547
Ignoring stale heartbeat: C reported=2493 local_finalized=2547
Ignoring stale heartbeat: A reported=2470 local_finalized=2547
Ignoring stale heartbeat: A reported=2470 local_finalized=2547
[SYNC-SERVE-REQUEST] peer=12D3KooW requested=2471-2490 snapshot=false snapshot_height=0
[SYNC-SERVE-RESPONSE] peer=12D3KooW requested=2471-2490 served=2471-2490 count=20 snapshot=false tip_gap=false historical_gap=false duration_ms=2
Ã°Å¸â€œÂ¦ Sent blocks 2471-2490 (20 blocks) to 12D3KooWPVKESWFG9sS8G6vjhfPn54kWuNFkkuHwG4yQXhYRcXjX
Attempting to connect to 4 peers
Ignoring stale heartbeat: B reported=2494 local_finalized=2547
Ignoring stale heartbeat: B reported=2494 local_finalized=2547
[STATUS] height=2547 finalized=2547 peers=4 validators=0 strict_live=0 heartbeat_live=0 out_of_drift=0 drift_limit=8 syncing=false sync_complete=true execution_ready=false execution_reason=startup_execution_snapshot_rebuild_pending_h_2547 gossip=true gossip_pipeline=new_block_gossip_validate_apply consensus_running=false mode=observer vote=false propose=false role=full validator_state=observer warmup_seconds=0 ready=false reason=startup_execution_snapshot_rebuild_pending_h_2547 snapshot_source=none expected_source=chain_parent_commitment expected_hash=d75b74ab resolved_source=chain_parent_commitment resolved_hash=d75b74ab next_source=carry_forward next_hash=d75b74ab got_hash= authority=chain_parent_commitment hash_mode=legacy
2026/05/20 14:21:21 [OK] goroutine pressure normalized: 181 (degrade mode off)
[SNAPSHOT-PUBLISH] deferred height=2547 reason=auto_publish_interval_10
Candidate heartbeat received: D | reported_height=2503 | finalized_height=2503 | local_exec_epoch=2504
[REGISTRY-PENDING] height=2548 chain_height=2547 reason=future_parent
[SET-PENDING] height=2549 chain_height=2547 reason=future_height
Heartbeat sent: F finalized=2547 epoch=2548
Candidate heartbeat received: D | reported_height=2503 | finalized_height=2503 | local_exec_epoch=2504
[SYNC-SERVE-REQUEST] peer=12D3KooW requested=2471-2547 snapshot=false snapshot_height=0
[SYNC-SERVE-RESPONSE] peer=12D3KooW requested=2471-2547 served=2471-2547 count=77 snapshot=false tip_gap=false historical_gap=false duration_ms=45
2026/05/20 14:21:22 [STARTUP-EXECUTION-SNAPSHOT] action=rebuild schedule height=2547 reason=prior_rebuild_failed_local_history_ready
2026/05/20 14:21:22 [STARTUP-EXECUTION-SNAPSHOT] action=rebuild begin height=2547
[EMISSION] h=2459 reward=3 treasury=1 validators=2 burn=0 applied_burn=0 chance_bps=10000
2026/05/20 14:21:22 [STARTUP-EXECUTION-SNAPSHOT] action=rebuild resume base=2459 target=2547
2026/05/20 14:21:22 [STARTUP-EXECUTION-SNAPSHOT] action=rebuild status=failed height=2547 err=create_snapshot_failed height=2460 err=execution_snapshot_ledger_unavailable height=2460
[SYNC-FORCE] reason=startup_execution_snapshot_missing local=2547 target=2547 (cooldown)
2026/05/20 14:21:22 [STARTUP-EXECUTION-SNAPSHOT] action=rebuild async_wait height=2547 trigger=prior_rebuild_failed_local_history_ready reason=startup_execution_snapshot_syncing_h_2547
Ignoring stale heartbeat: C reported=2494 local_finalized=2547
Ignoring stale heartbeat: C reported=2494 local_finalized=2547
[CONSENSUS] height=2547 vhash=d75b74ab validators=4
Ignoring stale heartbeat: B reported=2495 local_finalized=2547
Ignoring stale heartbeat: B reported=2495 local_finalized=2547
Ignoring stale heartbeat: C reported=2495 local_finalized=2547
Ignoring stale heartbeat: C reported=2495 local_finalized=2547
Ignoring stale heartbeat: B reported=2496 local_finalized=2547
Ignoring stale heartbeat: B reported=2496 local_finalized=2547
Heartbeat sent: F finalized=2547 epoch=2548
[SYNC-SERVE-REQUEST] peer=12D3KooW requested=2471-2547 snapshot=false snapshot_height=0
[SYNC-SERVE-RESPONSE] peer=12D3KooW requested=2471-2547 served=2471-2547 count=77 snapshot=false tip_gap=false historical_gap=false duration_ms=25
Ã°Å¸â€œÂ¦ Sent blocks 2471-2547 (77 blocks) to 12D3KooWPVKESWFG9sS8G6vjhfPn54kWuNFkkuHwG4yQXhYRcXjX
Candidate heartbeat received: D | reported_height=2503 | finalized_height=2503 | local_exec_epoch=2504
Candidate heartbeat received: D | reported_height=2503 | finalized_height=2503 | local_exec_epoch=2504
Ignoring stale heartbeat: B reported=2497 local_finalized=2547
Ignoring stale heartbeat: B reported=2497 local_finalized=2547
Ignoring stale heartbeat: B reported=2497 local_finalized=2547
Ignoring stale heartbeat: B reported=2497 local_finalized=2547
2026/05/20 14:21:28 [STARTUP-EXECUTION-SNAPSHOT] action=rebuild schedule height=2547 reason=prior_rebuild_failed_local_history_ready
2026/05/20 14:21:28 [STARTUP-EXECUTION-SNAPSHOT] action=rebuild begin height=2547
[EMISSION] h=2459 reward=3 treasury=1 validators=2 burn=0 applied_burn=0 chance_bps=10000
2026/05/20 14:21:28 [STARTUP-EXECUTION-SNAPSHOT] action=rebuild resume base=2459 target=2547
2026/05/20 14:21:29 [STARTUP-EXECUTION-SNAPSHOT] action=rebuild status=failed height=2547 err=create_snapshot_failed height=2460 err=execution_snapshot_ledger_unavailable height=2460
[SYNC-FORCE] reason=startup_execution_snapshot_missing local=2547 target=2547
[SNAPSHOT-PROVIDERS] 12D3KooW(rep=0.50,class=degraded) 12D3KooW(rep=0.50,class=degraded) 12D3KooW(rep=0.50,class=degraded)
Ignoring stale heartbeat: B reported=2498 local_finalized=2547
Ignoring stale heartbeat: B reported=2498 local_finalized=2547
2026/05/20 14:21:29 [SYNC-FALLBACK] relaxed_snapshot_proof=enabled reason=snapshot_anchor_unreachable
[SNAPSHOT-QUORUM] waiting checkpoint=2464 votes=0/3 reason=snapshot_anchor_unreachable frozen=2490 candidate=2490 target=2490 retries=1 proof_cache=true strict=map[snapshot_anchor_unreachable:1]
2026/05/20 14:21:29 [STARTUP-EXECUTION-SNAPSHOT] action=rebuild async_wait height=2547 trigger=prior_rebuild_failed_local_history_ready reason=startup_execution_snapshot_syncing_h_2547
Ignoring stale heartbeat: C reported=2496 local_finalized=2547
Ignoring stale heartbeat: C reported=2496 local_finalized=2547
[REGISTRY-PENDING] height=2548 chain_height=2547 reason=future_parent
[SET-PENDING] height=2549 chain_height=2547 reason=future_height
Heartbeat sent: F finalized=2547 epoch=2548
2026/05/20 14:21:31 map stats: seen_blocks=0 seen_txs=0 fork_heights=0 fork_blocks=0 exec_results_keys=0 exec_results_total=0 pending_blocks=0 queued_exec_votes_keys=0 queued_exec_votes_total=0 accepted_proposal=0 exec_broadcasted_epochs=0 exec_broadcasted_keys=0 exec_signer_seen_epochs=0 exec_signer_seen_total=0 exec_broadcasted_by_val_epochs=0 exec_broadcasted_by_val_total=0 exec_rebroadcast_epochs=0 validator_status=5 candidates=2 peer_state=24 peers_connected=4 peers_connecting=0 peer_suspect=0 allowed_peers=4 pending_validators=0 pending_removals=0 queued_validator_updates=0 height_report_epochs=1 height_report_total=1 misbehavior_validators=0 misbehavior_total=0 exec_mismatch_tracked=0 exec_vote_replay_cache=0
[SYNC-SERVE-REQUEST] peer=12D3KooW requested=2471-2496 snapshot=false snapshot_height=0
[SYNC-SERVE-RESPONSE] peer=12D3KooW requested=2471-2496 served=2471-2496 count=26 snapshot=false tip_gap=false historical_gap=false duration_ms=1
Ã°Å¸â€œÂ¦ Sent blocks 2471-2496 (26 blocks) to 12D3KooWPVKESWFG9sS8G6vjhfPn54kWuNFkkuHwG4yQXhYRcXjX
Candidate heartbeat received: D | reported_height=2504 | finalized_height=2504 | local_exec_epoch=2505
Candidate heartbeat received: D | reported_height=2504 | finalized_height=2504 | local_exec_epoch=2505
Ignoring stale heartbeat: C reported=2497 local_finalized=2547
2026/05/20 14:21:32 [SYNC-FALLBACK] relaxed_snapshot_proof=disabled
Ignoring stale heartbeat: C reported=2497 local_finalized=2547
Ignoring stale heartbeat: A reported=2470 local_finalized=2547
Ignoring stale heartbeat: A reported=2470 local_finalized=2547
Ignoring stale heartbeat: B reported=2499 local_finalized=2547
Ignoring stale heartbeat: B reported=2499 local_finalized=2547
Ignoring stale heartbeat: C reported=2498 local_finalized=2547
Ignoring stale heartbeat: C reported=2498 local_finalized=2547
[SNAPSHOT-PUBLISH] deferred height=2547 reason=auto_publish_interval_10
2026/05/20 14:21:33 [STARTUP-EXECUTION-SNAPSHOT] action=rebuild schedule height=2547 reason=prior_rebuild_failed_local_history_ready
2026/05/20 14:21:34 [STARTUP-EXECUTION-SNAPSHOT] action=rebuild begin height=2547
[EMISSION] h=2459 reward=3 treasury=1 validators=2 burn=0 applied_burn=0 chance_bps=10000
2026/05/20 14:21:34 [STARTUP-EXECUTION-SNAPSHOT] action=rebuild resume base=2459 target=2547
[SYNC-FORCE] reason=startup_execution_snapshot_missing local=2547 target=2547 (cooldown)
Candidate heartbeat received: D | reported_height=2504 | finalized_height=2504 | local_exec_epoch=2505
Candidate heartbeat received: D | reported_height=2504 | finalized_height=2504 | local_exec_epoch=2505
[REGISTRY-PENDING] height=2548 chain_height=2547 reason=future_parent
[SET-PENDING] height=2549 chain_height=2547 reason=future_height
Heartbeat sent: F finalized=2547 epoch=2548
Ignoring stale heartbeat: B reported=2500 local_finalized=2547
[STATUS] height=2547 finalized=2547 peers=4 validators=0 strict_live=0 heartbeat_live=0 out_of_drift=0 drift_limit=8 syncing=false sync_complete=true execution_ready=false execution_reason=startup_execution_snapshot_rebuild_pending_h_2547 gossip=true gossip_pipeline=new_block_gossip_validate_apply consensus_running=false mode=observer vote=false propose=false role=full validator_state=observer warmup_seconds=0 ready=false reason=startup_execution_snapshot_rebuild_pending_h_2547 snapshot_source=none expected_source=chain_parent_commitment expected_hash=d75b74ab resolved_source=chain_parent_commitment resolved_hash=d75b74ab next_source=carry_forward next_hash=d75b74ab got_hash= authority=chain_parent_commitment hash_mode=legacy
Ignoring stale heartbeat: B reported=2500 local_finalized=2547
[SYNC-SERVE-REQUEST] peer=12D3KooW requested=2471-2547 snapshot=false snapshot_height=0
[SYNC-SERVE-RESPONSE] peer=12D3KooW requested=2471-2547 served=2471-2547 count=77 snapshot=false tip_gap=false historical_gap=false duration_ms=11
Ignoring stale heartbeat: C reported=2499 local_finalized=2547
Ignoring stale heartbeat: C reported=2499 local_finalized=2547
[CONSENSUS] height=2547 vhash=d75b74ab validators=4
[EMISSION] h=2459 reward=3 treasury=1 validators=2 burn=0 applied_burn=0 chance_bps=10000
2026/05/20 14:21:38 [STARTUP-EXECUTION-SNAPSHOT] action=rebuild status=failed height=2547 err=create_snapshot_failed height=2460 err=execution_snapshot_ledger_unavailable height=2460
[SYNC-FORCE] reason=startup_execution_snapshot_missing local=2547 target=2547
[SNAPSHOT-PROVIDERS] 12D3KooW(rep=0.50,class=degraded) 12D3KooW(rep=0.50,class=degraded) 12D3KooW(rep=0.50,class=degraded)
[STARTUP-PRECHECK] waiting reason=startup_execution_snapshot_rebuild_pending_h_2547 target=2548
2026/05/20 14:21:38 [SYNC-FALLBACK] relaxed_snapshot_proof=enabled reason=snapshot_anchor_unreachable
[SNAPSHOT-QUORUM] waiting checkpoint=2464 votes=0/3 reason=snapshot_anchor_unreachable frozen=2490 candidate=2490 target=2490 retries=1 proof_cache=true strict=map[snapshot_anchor_unreachable:1]
2026/05/20 14:21:38 [STARTUP-EXECUTION-SNAPSHOT] action=rebuild async_wait height=2547 trigger=prior_rebuild_failed_local_history_ready reason=startup_execution_snapshot_syncing_h_2547
Ignoring stale heartbeat: B reported=2501 local_finalized=2547
Ignoring stale heartbeat: B reported=2501 local_finalized=2547
Heartbeat sent: F finalized=2547 epoch=2548
[SNAPSHOT-PROOF] height=2500 checkpoint=2496 validator=C votes=1 hash=00e83d0a
Ignoring stale heartbeat: C reported=2500 local_finalized=2547
Ignoring stale heartbeat: C reported=2500 local_finalized=2547
2026/05/20 14:21:41 [STARTUP-EXECUTION-SNAPSHOT] action=rebuild schedule height=2547 reason=prior_rebuild_failed_local_history_ready
2026/05/20 14:21:41 [STARTUP-EXECUTION-SNAPSHOT] action=rebuild begin height=2547
[EMISSION] h=2459 reward=3 treasury=1 validators=2 burn=0 applied_burn=0 chance_bps=10000
2026/05/20 14:21:41 [STARTUP-EXECUTION-SNAPSHOT] action=rebuild resume base=2459 target=2547
[SYNC-FORCE] reason=startup_execution_snapshot_missing local=2547 target=2547 (cooldown)
[SYNC-SERVE-REQUEST] peer=12D3KooW requested=2471-2547 snapshot=false snapshot_height=0
[SYNC-SERVE-RESPONSE] peer=12D3KooW requested=2471-2547 served=2471-2547 count=77 snapshot=false tip_gap=false historical_gap=false duration_ms=13
Ã°Å¸â€œÂ¦ Sent blocks 2471-2547 (77 blocks) to 12D3KooWPVKESWFG9sS8G6vjhfPn54kWuNFkkuHwG4yQXhYRcXjX
Candidate heartbeat received: D | reported_height=2505 | finalized_height=2505 | local_exec_epoch=2506
2026/05/20 14:21:42 [SYNC-FALLBACK] relaxed_snapshot_proof=disabled
Candidate heartbeat received: D | reported_height=2505 | finalized_height=2505 | local_exec_epoch=2506
Ignoring stale heartbeat: C reported=2501 local_finalized=2547
Ignoring stale heartbeat: C reported=2501 local_finalized=2547
Ignoring stale heartbeat: B reported=2502 local_finalized=2547
Ignoring stale heartbeat: B reported=2502 local_finalized=2547
Attempting to connect to 4 peers
Ignoring stale heartbeat: C reported=2502 local_finalized=2547
Ignoring stale heartbeat: C reported=2502 local_finalized=2547
[SYNC-SERVE-REQUEST] peer=12D3KooW requested=2471-2500 snapshot=false snapshot_height=0
[SYNC-SERVE-RESPONSE] peer=12D3KooW requested=2471-2500 served=2471-2500 count=30 snapshot=false tip_gap=false historical_gap=false duration_ms=12
Ã°Å¸â€œÂ¦ Sent blocks 2471-2500 (30 blocks) to 12D3KooWPVKESWFG9sS8G6vjhfPn54kWuNFkkuHwG4yQXhYRcXjX
Ignoring stale heartbeat: A reported=2470 local_finalized=2547
Ignoring stale heartbeat: A reported=2470 local_finalized=2547
[REGISTRY-PENDING] height=2548 chain_height=2547 reason=future_parent
[SET-PENDING] height=2549 chain_height=2547 reason=future_height
Heartbeat sent: F finalized=2547 epoch=2548
Ignoring stale heartbeat: B reported=2503 local_finalized=2547
Ignoring stale heartbeat: B reported=2503 local_finalized=2547
[SNAPSHOT-PUBLISH] deferred height=2547 reason=auto_publish_interval_10
[EMISSION] h=2459 reward=3 treasury=1 validators=2 burn=0 applied_burn=0 chance_bps=10000
2026/05/20 14:21:46 [STARTUP-EXECUTION-SNAPSHOT] action=rebuild status=failed height=2547 err=create_snapshot_failed height=2460 err=execution_snapshot_ledger_unavailable height=2460
[SYNC-FORCE] reason=startup_execution_snapshot_missing local=2547 target=2547
[SNAPSHOT-PROVIDERS] 12D3KooW(rep=0.50,class=degraded) 12D3KooW(rep=0.50,class=degraded) 12D3KooW(rep=0.50,class=degraded)
2026/05/20 14:21:46 [SYNC-FALLBACK] relaxed_snapshot_proof=enabled reason=snapshot_anchor_unreachable
[SNAPSHOT-QUORUM] waiting checkpoint=2496 votes=0/3 reason=snapshot_anchor_unreachable frozen=2500 candidate=2500 target=2500 retries=1 proof_cache=true strict=map[snapshot_anchor_unreachable:1]
2026/05/20 14:21:46 [STARTUP-EXECUTION-SNAPSHOT] action=rebuild async_wait height=2547 trigger=prior_rebuild_failed_local_history_ready reason=startup_execution_snapshot_syncing_h_2547
[SYNC-SERVE-REQUEST] peer=12D3KooW requested=2471-2547 snapshot=false snapshot_height=0
[SYNC-SERVE-RESPONSE] peer=12D3KooW requested=2471-2547 served=2471-2547 count=77 snapshot=false tip_gap=false historical_gap=false duration_ms=21
Candidate heartbeat received: D | reported_height=2505 | finalized_height=2505 | local_exec_epoch=2506
Candidate heartbeat received: D | reported_height=2505 | finalized_height=2505 | local_exec_epoch=2506
Ignoring stale heartbeat: C reported=2503 local_finalized=2547
Ignoring stale heartbeat: C reported=2503 local_finalized=2547
Ignoring stale heartbeat: B reported=2504 local_finalized=2547
Ignoring stale heartbeat: B reported=2504 local_finalized=2547
Heartbeat sent: F finalized=2547 epoch=2548
Ignoring stale heartbeat: C reported=2504 local_finalized=2547
Ignoring stale heartbeat: C reported=2504 local_finalized=2547
[STATUS] height=2547 finalized=2547 peers=4 validators=0 strict_live=0 heartbeat_live=0 out_of_drift=0 drift_limit=8 syncing=false sync_complete=true execution_ready=false execution_reason=startup_execution_snapshot_rebuild_pending_h_2547 gossip=true gossip_pipeline=new_block_gossip_validate_apply consensus_running=false mode=observer vote=false propose=false role=full validator_state=observer warmup_seconds=0 ready=false reason=startup_execution_snapshot_rebuild_pending_h_2547 snapshot_source=none expected_source=chain_parent_commitment expected_hash=d75b74ab resolved_source=chain_parent_commitment resolved_hash=d75b74ab next_source=carry_forward next_hash=d75b74ab got_hash= authority=chain_parent_commitment hash_mode=legacy
2026/05/20 14:21:50 [STARTUP-EXECUTION-SNAPSHOT] action=rebuild schedule height=2547 reason=prior_rebuild_failed_local_history_ready
2026/05/20 14:21:50 [STARTUP-EXECUTION-SNAPSHOT] action=rebuild begin height=2547
[EMISSION] h=2459 reward=3 treasury=1 validators=2 burn=0 applied_burn=0 chance_bps=10000
2026/05/20 14:21:50 [STARTUP-EXECUTION-SNAPSHOT] action=rebuild resume base=2459 target=2547
[SYNC-FORCE] reason=startup_execution_snapshot_missing local=2547 target=2547 (cooldown)
2026/05/20 14:21:51 [OK] goroutine pressure normalized: 185 (degrade mode off)
[REGISTRY-PENDING] height=2548 chain_height=2547 reason=future_parent
[SET-PENDING] height=2549 chain_height=2547 reason=future_height
Heartbeat sent: F finalized=2547 epoch=2548
[SYNC-SERVE-REQUEST] peer=12D3KooW requested=2471-2547 snapshot=false snapshot_height=0
[SYNC-SERVE-RESPONSE] peer=12D3KooW requested=2471-2547 served=2471-2547 count=77 snapshot=false tip_gap=false historical_gap=false duration_ms=29
Candidate heartbeat received: D | reported_height=2506 | finalized_height=2506 | local_exec_epoch=2507
Candidate heartbeat received: D | reported_height=2506 | finalized_height=2506 | local_exec_epoch=2507
Ignoring stale heartbeat: B reported=2505 local_finalized=2547
Ignoring stale heartbeat: B reported=2505 local_finalized=2547
[CONSENSUS] height=2547 vhash=d75b74ab validators=4
Ignoring stale heartbeat: C reported=2505 local_finalized=2547
Ignoring stale heartbeat: C reported=2505 local_finalized=2547
[EMISSION] h=2459 reward=3 treasury=1 validators=2 burn=0 applied_burn=0 chance_bps=10000
2026/05/20 14:21:54 [STARTUP-EXECUTION-SNAPSHOT] action=rebuild status=failed height=2547 err=create_snapshot_failed height=2460 err=execution_snapshot_ledger_unavailable height=2460
[SYNC-FORCE] reason=startup_execution_snapshot_missing local=2547 target=2547
[SNAPSHOT-SESSION] stage=COLLECT_PROOFS prev=PROVIDER_ROTATE
[SNAPSHOT-PROVIDERS] 12D3KooW(rep=0.50,class=degraded) 12D3KooW(rep=0.50,class=degraded) 12D3KooW(rep=0.50,class=degraded)
Ignoring stale heartbeat: B reported=2506 local_finalized=2547
Ignoring stale heartbeat: B reported=2506 local_finalized=2547
[SNAPSHOT-QUORUM] waiting checkpoint=2496 votes=1/3 reason=snapshot_anchor_unreachable frozen=2500 candidate=2500 target=2500 retries=2 proof_cache=true strict=map[meta_unavailable:3 snapshot_anchor_unreachable:2]
2026/05/20 14:21:54 [STARTUP-EXECUTION-SNAPSHOT] action=rebuild async_wait height=2547 trigger=prior_rebuild_failed_local_history_ready reason=startup_execution_snapshot_syncing_h_2547
Heartbeat sent: F finalized=2547 epoch=2548
[SYNC-SERVE-REQUEST] peer=12D3KooW requested=2471-2547 snapshot=false snapshot_height=0
[SYNC-SERVE-RESPONSE] peer=12D3KooW requested=2471-2547 served=2471-2547 count=77 snapshot=false tip_gap=false historical_gap=false duration_ms=11
Ã°Å¸â€œÂ¦ Sent blocks 2471-2547 (77 blocks) to 12D3KooWPVKESWFG9sS8G6vjhfPn54kWuNFkkuHwG4yQXhYRcXjX
[SNAPSHOT-PUBLISH] deferred height=2547 reason=auto_publish_interval_10
Candidate heartbeat received: D | reported_height=2506 | finalized_height=2506 | local_exec_epoch=2507
Ignoring stale heartbeat: C reported=2506 local_finalized=2547
Candidate heartbeat received: D | reported_height=2506 | finalized_height=2506 | local_exec_epoch=2507
Ignoring stale heartbeat: A reported=2470 local_finalized=2547
Ignoring stale heartbeat: C reported=2506 local_finalized=2547
2026/05/20 14:21:58 [STARTUP-EXECUTION-SNAPSHOT] action=rebuild schedule height=2547 reason=prior_rebuild_failed_local_history_ready
2026/05/20 14:21:58 [STARTUP-EXECUTION-SNAPSHOT] action=rebuild begin height=2547
[EMISSION] h=2459 reward=3 treasury=1 validators=2 burn=0 applied_burn=0 chance_bps=10000
2026/05/20 14:21:58 [STARTUP-EXECUTION-SNAPSHOT] action=rebuild resume base=2459 target=2547
[SYNC-FORCE] reason=startup_execution_snapshot_missing local=2547 target=2547 (cooldown)
Ignoring stale heartbeat: B reported=2507 local_finalized=2547
Ignoring stale heartbeat: A reported=2470 local_finalized=2547
Ignoring stale heartbeat: B reported=2507 local_finalized=2547
Ignoring stale heartbeat: B reported=2507 local_finalized=2547
[EMISSION] h=2459 reward=3 treasury=1 validators=2 burn=0 applied_burn=0 chance_bps=10000
[SYNC-FORCE] reason=startup_execution_snapshot_missing local=2547 target=2547 (cooldown)
[STARTUP-PRECHECK] waiting reason=startup_execution_snapshot_syncing_h_2547 target=2548
Ignoring stale heartbeat: B reported=2507 local_finalized=2547
[REGISTRY-PENDING] height=2548 chain_height=2547 reason=future_parent
[SET-PENDING] height=2549 chain_height=2547 reason=future_height
Ignoring stale heartbeat: C reported=2507 local_finalized=2547
Ignoring stale heartbeat: C reported=2507 local_finalized=2547
Ignoring stale heartbeat: B reported=2508 local_finalized=2547
Ignoring stale heartbeat: B reported=2508 local_finalized=2547
Heartbeat sent: F finalized=2547 epoch=2548
Ignoring stale heartbeat: B reported=2508 local_finalized=2547
Ignoring stale heartbeat: B reported=2508 local_finalized=2547
[EMISSION] h=2459 reward=3 treasury=1 validators=2 burn=0 applied_burn=0 chance_bps=10000
2026/05/20 14:22:01 [STARTUP-EXECUTION-SNAPSHOT] action=rebuild status=failed height=2547 err=create_snapshot_failed height=2460 err=execution_snapshot_ledger_unavailable height=2460
[SYNC-FORCE] reason=startup_execution_snapshot_missing local=2547 target=2547 (cooldown)
2026/05/20 14:22:01 [STARTUP-EXECUTION-SNAPSHOT] action=rebuild async_wait height=2547 trigger=prior_rebuild_failed_local_history_ready reason=startup_execution_snapshot_syncing_h_2547
[SYNC-SERVE-REQUEST] peer=12D3KooW requested=2471-2547 snapshot=false snapshot_height=0
[SYNC-SERVE-RESPONSE] peer=12D3KooW requested=2471-2547 served=2471-2547 count=77 snapshot=false tip_gap=false historical_gap=false duration_ms=10
Candidate heartbeat received: D | reported_height=2507 | finalized_height=2507 | local_exec_epoch=2508
Candidate heartbeat received: D | reported_height=2507 | finalized_height=2507 | local_exec_epoch=2508
Ignoring stale heartbeat: B reported=2509 local_finalized=2547
Ignoring stale heartbeat: B reported=2509 local_finalized=2547
Ignoring stale heartbeat: C reported=2508 local_finalized=2547
Ignoring stale heartbeat: C reported=2508 local_finalized=2547
Heartbeat sent: F finalized=2547 epoch=2548
[STATUS] height=2547 finalized=2547 peers=4 validators=0 strict_live=0 heartbeat_live=0 out_of_drift=0 drift_limit=8 syncing=false sync_complete=true execution_ready=false execution_reason=startup_execution_snapshot_rebuild_pending_h_2547 gossip=true gossip_pipeline=new_block_gossip_validate_apply consensus_running=false mode=observer vote=false propose=false role=full validator_state=observer warmup_seconds=0 ready=false reason=startup_execution_snapshot_rebuild_pending_h_2547 snapshot_source=none expected_source=chain_parent_commitment expected_hash=d75b74ab resolved_source=chain_parent_commitment resolved_hash=d75b74ab next_source=carry_forward next_hash=d75b74ab got_hash= authority=chain_parent_commitment hash_mode=legacy
2026/05/20 14:22:06 [STARTUP-EXECUTION-SNAPSHOT] action=rebuild schedule height=2547 reason=prior_rebuild_failed_local_history_ready
2026/05/20 14:22:06 [STARTUP-EXECUTION-SNAPSHOT] action=rebuild begin height=2547
[EMISSION] h=2459 reward=3 treasury=1 validators=2 burn=0 applied_burn=0 chance_bps=10000
2026/05/20 14:22:06 [STARTUP-EXECUTION-SNAPSHOT] action=rebuild resume base=2459 target=2547
[SYNC-FORCE] reason=startup_execution_snapshot_missing local=2547 target=2547
[SNAPSHOT-SESSION] stage=COLLECT_PROOFS prev=PROVIDER_ROTATE
[SNAPSHOT-PROVIDERS] 12D3KooW(rep=0.50,class=degraded) 12D3KooW(rep=0.50,class=degraded) 12D3KooW(rep=0.50,class=degraded)
[SNAPSHOT-QUORUM] waiting checkpoint=2496 votes=1/3 reason=snapshot_anchor_unreachable frozen=2500 candidate=2500 target=2500 retries=3 proof_cache=true strict=map[meta_unavailable:6 snapshot_anchor_unreachable:3]
[SYNC-SERVE-REQUEST] peer=12D3KooW requested=2471-2547 snapshot=false snapshot_height=0
[SYNC-SERVE-RESPONSE] peer=12D3KooW requested=2471-2547 served=2471-2547 count=77 snapshot=false tip_gap=false historical_gap=false duration_ms=23
Ignoring stale heartbeat: C reported=2509 local_finalized=2547
Ignoring stale heartbeat: C reported=2509 local_finalized=2547
Attempting to connect to 4 peers
Ignoring stale heartbeat: B reported=2510 local_finalized=2547
Ignoring stale heartbeat: B reported=2510 local_finalized=2547
[CONSENSUS] height=2547 vhash=d75b74ab validators=4
[SNAPSHOT-PROOF] height=2510 checkpoint=2496 validator=B votes=1 hash=3191964f
[REGISTRY-PENDING] height=2548 chain_height=2547 reason=future_parent
[SET-PENDING] height=2549 chain_height=2547 reason=future_height
Heartbeat sent: F finalized=2547 epoch=2548
Ignoring stale heartbeat: B reported=2511 local_finalized=2547
Ignoring stale heartbeat: B reported=2511 local_finalized=2547
[SNAPSHOT-PUBLISH] deferred height=2547 reason=auto_publish_interval_10
[SNAPSHOT-PUBLISH] deferred height=2547 reason=auto_publish_interval_10
Candidate heartbeat received: D | reported_height=2507 | finalized_height=2507 | local_exec_epoch=2508
Attempting to connect to 4 peers
2026/05/20 15:00:48 [SNAPSHOT-MATERIALIZING] height=2484 chain_tip=2547 kind=missing_committed
2026/05/20 15:00:48 [OK] goroutine pressure normalized: 176 (degrade mode off)
2026/05/20 15:00:48 map stats: seen_blocks=0 seen_txs=0 fork_heights=0 fork_blocks=0 exec_results_keys=0 exec_results_total=0 pending_blocks=0 queued_exec_votes_keys=0 queued_exec_votes_total=0 accepted_proposal=0 exec_broadcasted_epochs=0 exec_broadcasted_keys=0 exec_signer_seen_epochs=0 exec_signer_seen_total=0 exec_broadcasted_by_val_epochs=0 exec_broadcasted_by_val_total=0 exec_rebroadcast_epochs=0 validator_status=5 candidates=2 peer_state=24 peers_connected=4 peers_connecting=0 peer_suspect=0 allowed_peers=4 pending_validators=0 pending_removals=0 queued_validator_updates=0 height_report_epochs=1 height_report_total=1 misbehavior_validators=0 misbehavior_total=0 exec_mismatch_tracked=0 exec_vote_replay_cache=0
2026/05/20 15:00:48 [STARTUP-EXECUTION-SNAPSHOT] action=rebuild schedule height=2547 reason=prior_rebuild_failed_local_history_ready
2026/05/20 15:00:48 [SYNC-FALLBACK] relaxed_snapshot_proof=disabled
2026/05/20 15:00:48 [SNAPSHOT-MATERIALIZING] height=2485 chain_tip=2547 kind=missing_committed
2026/05/20 15:00:48 [SNAPSHOT-MATERIALIZING] height=2486 chain_tip=2547 kind=missing_committed
2026/05/20 15:00:48 [SNAPSHOT-MATERIALIZING] height=2487 chain_tip=2547 kind=missing_committed
2026/05/20 15:00:48 [SNAPSHOT-MATERIALIZING] height=2488 chain_tip=2547 kind=missing_committed
2026/05/20 15:00:48 [SNAPSHOT-MATERIALIZING] height=2489 chain_tip=2547 kind=missing_committed
2026/05/20 15:00:48 [SNAPSHOT-MATERIALIZING] height=2490 chain_tip=2547 kind=missing_committed
2026/05/20 15:00:48 [SNAPSHOT-MATERIALIZING] height=2491 chain_tip=2547 kind=missing_committed
2026/05/20 15:00:48 [SNAPSHOT-MATERIALIZING] height=2492 chain_tip=2547 kind=missing_committed
2026/05/20 15:00:48 [SNAPSHOT-MATERIALIZING] height=2493 chain_tip=2547 kind=missing_committed
2026/05/20 15:00:48 [SNAPSHOT-MATERIALIZING] height=2494 chain_tip=2547 kind=missing_committed
2026/05/20 15:00:48 [SNAPSHOT-MATERIALIZING] height=2495 chain_tip=2547 kind=missing_committed
2026/05/20 15:00:48 [SNAPSHOT-MATERIALIZING] height=2496 chain_tip=2547 kind=missing_committed
2026/05/20 15:00:48 [STARTUP-EXECUTION-SNAPSHOT] action=rebuild begin height=2547
2026/05/20 15:00:48 [SNAPSHOT-MATERIALIZING] height=2497 chain_tip=2547 kind=missing_committed
[EMISSION] h=2459 reward=3 treasury=1 validators=2 burn=0 applied_burn=0 chance_bps=10000
2026/05/20 15:00:49 [STARTUP-EXECUTION-SNAPSHOT] action=rebuild resume base=2459 target=2547
2026/05/20 15:00:49 [SNAPSHOT-MATERIALIZING] height=2498 chain_tip=2547 kind=missing_committed
2026/05/20 15:00:49 [SNAPSHOT-MATERIALIZING] height=2499 chain_tip=2547 kind=missing_committed
2026/05/20 15:00:49 [SNAPSHOT-MATERIALIZING] height=2500 chain_tip=2547 kind=missing_committed
2026/05/20 15:00:49 [SNAPSHOT-MATERIALIZING] height=2501 chain_tip=2547 kind=missing_committed
2026/05/20 15:00:49 [SNAPSHOT-MATERIALIZING] height=2502 chain_tip=2547 kind=missing_committed
2026/05/20 15:00:49 [SNAPSHOT-MATERIALIZING] height=2503 chain_tip=2547 kind=missing_committed
[SYNC-SERVE-REQUEST] peer=12D3KooW requested=2471-2547 snapshot=false snapshot_height=0
2026/05/20 15:00:49 [SNAPSHOT-MATERIALIZING] height=2504 chain_tip=2547 kind=missing_committed
2026/05/20 15:00:49 [STARTUP-EXECUTION-SNAPSHOT] action=rebuild status=failed height=2547 err=create_snapshot_failed height=2460 err=execution_snapshot_ledger_unavailable height=2460
[SYNC-FORCE] reason=startup_execution_snapshot_missing local=2547 target=2547
2026/05/20 15:00:49 [SNAPSHOT-MATERIALIZING] height=2505 chain_tip=2547 kind=missing_committed
2026/05/20 15:00:49 [SNAPSHOT-MATERIALIZING] height=2506 chain_tip=2547 kind=missing_committed
2026/05/20 15:00:49 [SNAPSHOT-MATERIALIZING] height=2507 chain_tip=2547 kind=missing_committed
[SNAPSHOT-PROVIDERS] 12D3KooW(rep=0.50,class=degraded) 12D3KooW(rep=0.50,class=degraded) 12D3KooW(rep=0.50,class=degraded)
2026/05/20 15:00:49 [SNAPSHOT-MATERIALIZING] height=2508 chain_tip=2547 kind=missing_committed
2026/05/20 15:00:49 [SNAPSHOT-MATERIALIZING] height=2509 chain_tip=2547 kind=missing_committed
2026/05/20 15:00:49 [SNAPSHOT-MATERIALIZING] height=2510 chain_tip=2547 kind=missing_committed
2026/05/20 15:00:49 [SNAPSHOT-MATERIALIZING] height=2511 chain_tip=2547 kind=missing_committed
2026/05/20 15:00:49 [SNAPSHOT-MATERIALIZING] height=2512 chain_tip=2547 kind=missing_committed
2026/05/20 15:00:49 [SNAPSHOT-MATERIALIZING] height=2513 chain_tip=2547 kind=missing_committed
2026/05/20 15:00:49 [SNAPSHOT-MATERIALIZING] height=2514 chain_tip=2547 kind=missing_committed
2026/05/20 15:00:49 [SNAPSHOT-MATERIALIZING] height=2515 chain_tip=2547 kind=missing_committed
2026/05/20 15:00:49 [SNAPSHOT-MATERIALIZING] height=2516 chain_tip=2547 kind=missing_committed
2026/05/20 15:00:49 [SNAPSHOT-MATERIALIZING] height=2517 chain_tip=2547 kind=missing_committed
2026/05/20 15:00:49 [SNAPSHOT-MATERIALIZING] height=2518 chain_tip=2547 kind=missing_committed
2026/05/20 15:00:49 [SNAPSHOT-MATERIALIZING] height=2519 chain_tip=2547 kind=missing_committed
2026/05/20 15:00:49 [SNAPSHOT-MATERIALIZING] height=2520 chain_tip=2547 kind=missing_committed
2026/05/20 15:00:49 [SNAPSHOT-MATERIALIZING] height=2521 chain_tip=2547 kind=missing_committed
2026/05/20 15:00:49 [SNAPSHOT-MATERIALIZING] height=2522 chain_tip=2547 kind=missing_committed
[SYNC-SERVE-RESPONSE] peer=12D3KooW requested=2471-2547 served=2471-2547 count=77 snapshot=false tip_gap=false historical_gap=false duration_ms=278
Ã°Å¸â€œÂ¦ Sent blocks 2471-2547 (77 blocks) to 12D3KooWPVKESWFG9sS8G6vjhfPn54kWuNFkkuHwG4yQXhYRcXjX
2026/05/20 15:00:49 [SNAPSHOT-MATERIALIZING] height=2523 chain_tip=2547 kind=missing_committed
2026/05/20 15:00:49 [SNAPSHOT-MATERIALIZING] height=2524 chain_tip=2547 kind=missing_committed
2026/05/20 15:00:49 [SNAPSHOT-MATERIALIZING] height=2525 chain_tip=2547 kind=missing_committed
2026/05/20 15:00:50 [SNAPSHOT-MATERIALIZING] height=2526 chain_tip=2547 kind=missing_committed
2026/05/20 15:00:50 [SNAPSHOT-MATERIALIZING] height=2527 chain_tip=2547 kind=missing_committed
2026/05/20 15:00:50 [SNAPSHOT-MATERIALIZING] height=2528 chain_tip=2547 kind=missing_committed
2026/05/20 15:00:50 [SNAPSHOT-MATERIALIZING] height=2529 chain_tip=2547 kind=missing_committed
2026/05/20 15:00:51 [SNAPSHOT-MATERIALIZING] height=2530 chain_tip=2547 kind=missing_committed
2026/05/20 15:00:51 [SNAPSHOT-MATERIALIZING] height=2531 chain_tip=2547 kind=missing_committed
2026/05/20 15:00:51 [SNAPSHOT-MATERIALIZING] height=2532 chain_tip=2547 kind=missing_committed
2026/05/20 15:00:51 [SNAPSHOT-MATERIALIZING] height=2533 chain_tip=2547 kind=missing_committed
2026/05/20 15:00:51 [SNAPSHOT-MATERIALIZING] height=2534 chain_tip=2547 kind=missing_committed
2026/05/20 15:00:51 [SNAPSHOT-MATERIALIZING] height=2535 chain_tip=2547 kind=missing_committed
2026/05/20 15:00:51 [SNAPSHOT-MATERIALIZING] height=2536 chain_tip=2547 kind=missing_committed
2026/05/20 15:00:51 [SNAPSHOT-MATERIALIZING] height=2537 chain_tip=2547 kind=missing_committed
2026/05/20 15:00:51 [SNAPSHOT-MATERIALIZING] height=2538 chain_tip=2547 kind=missing_committed
2026/05/20 15:00:51 [SNAPSHOT-MATERIALIZING] height=2539 chain_tip=2547 kind=missing_committed
2026/05/20 15:00:51 [SNAPSHOT-MATERIALIZING] height=2540 chain_tip=2547 kind=missing_committed
2026/05/20 15:00:51 [SNAPSHOT-MATERIALIZING] height=2541 chain_tip=2547 kind=missing_committed
2026/05/20 15:00:51 [SNAPSHOT-MATERIALIZING] height=2542 chain_tip=2547 kind=missing_committed
2026/05/20 15:00:51 [SNAPSHOT-MATERIALIZING] height=2543 chain_tip=2547 kind=missing_committed
2026/05/20 15:00:51 [SNAPSHOT-MATERIALIZING] height=2544 chain_tip=2547 kind=missing_committed
2026/05/20 15:00:51 [SNAPSHOT-MATERIALIZING] height=2545 chain_tip=2547 kind=missing_committed
2026/05/20 15:00:51 [SNAPSHOT-MATERIALIZING] height=2546 chain_tip=2547 kind=missing_committed
[EMISSION] h=2459 reward=3 treasury=1 validators=2 burn=0 applied_burn=0 chance_bps=10000
[SNAPSHOT-FETCH] height=2547 reason=resolver_tip_missing source=peers
Ignoring stale heartbeat: A reported=2470 local_finalized=2547
2026/05/20 15:00:52 [SYNC-FALLBACK] relaxed_snapshot_proof=enabled reason=snapshot_anchor_unreachable
[SNAPSHOT-QUORUM] waiting checkpoint=2496 votes=0/3 reason=snapshot_anchor_unreachable frozen=2510 candidate=2510 target=2510 retries=1 proof_cache=true strict=map[snapshot_anchor_unreachable:1]
2026/05/20 15:00:52 [STARTUP-EXECUTION-SNAPSHOT] action=rebuild async_wait height=2547 trigger=prior_rebuild_failed_local_history_ready reason=startup_execution_snapshot_syncing_h_2547
[SNAPSHOT-PROVIDERS] 12D3KooW(rep=0.50,class=degraded) 12D3KooW(rep=0.50,class=degraded) 12D3KooW(rep=0.50,class=degraded)
Ignoring stale heartbeat: B reported=2511 local_finalized=2547
Ignoring stale heartbeat: A reported=2470 local_finalized=2547
[SNAPSHOT-QUORUM] waiting checkpoint=2496 votes=0/3 reason=snapshot_anchor_unreachable frozen=2510 candidate=0 target=2547 retries=2 proof_cache=false strict=map[meta_below_min_height:3 snapshot_anchor_unreachable:2]
2026/05/20 15:00:54 [SNAPSHOT-FETCH] height=2547 reason=resolver_tip_missing source=peers status=failed err=validator_quorum: no quorum-reachable snapshot candidate
2026/05/20 15:00:54 [WARN] committed tip snapshot materialization failed height=2547 reason=resolver_tip_missing err=create_snapshot_failed reason=resolver_tip_missing err=create_snapshot_failed height=2460 err=execution_snapshot_ledger_unavailable height=2460
2026/05/20 15:00:54 [SNAPSHOT-MISSING] height=2547 reason=tip_snapshot_unavailable
[EMISSION] h=2459 reward=3 treasury=1 validators=2 burn=0 applied_burn=0 chance_bps=10000
2026/05/20 15:00:54 [STARTUP-EXECUTION-SNAPSHOT] action=rebuild resume base=2459 target=2547
2026/05/20 15:00:54 [SNAPSHOT-INTEGRITY] height=2547 kind=missing_or_invalid
Ignoring stale heartbeat: C reported=2509 local_finalized=2547
Candidate heartbeat received: D | reported_height=2507 | finalized_height=2507 | local_exec_epoch=2508
Ignoring stale heartbeat: B reported=2512 local_finalized=2547
Ignoring stale heartbeat: A reported=2470 local_finalized=2547
[SNAPSHOT-PROOF] height=2510 checkpoint=2496 validator=C votes=2 hash=3191964f
[REGISTRY-PENDING] height=2548 chain_height=2547 reason=future_parent
[SET-PENDING] height=2549 chain_height=2547 reason=future_height
Heartbeat sent: F finalized=2547 epoch=2548
Ignoring stale heartbeat: C reported=2510 local_finalized=2547
Ignoring stale heartbeat: B reported=2511 local_finalized=2547
[SYNC-SERVE-REQUEST] peer=12D3KooW requested=2471-2510 snapshot=false snapshot_height=0
[SYNC-SERVE-RESPONSE] peer=12D3KooW requested=2471-2510 served=2471-2510 count=40 snapshot=false tip_gap=false historical_gap=false duration_ms=39
Ã°Å¸â€œÂ¦ Sent blocks 2471-2510 (40 blocks) to 12D3KooWPVKESWFG9sS8G6vjhfPn54kWuNFkkuHwG4yQXhYRcXjX
Ignoring stale heartbeat: A reported=2470 local_finalized=2547
Ignoring stale heartbeat: C reported=2509 local_finalized=2547
[SNAPSHOT-PUBLISH] deferred height=2547 reason=auto_publish_interval_10
Ignoring stale heartbeat: B reported=2512 local_finalized=2547
Ignoring stale heartbeat: C reported=2510 local_finalized=2547
Candidate heartbeat received: D | reported_height=2508 | finalized_height=2508 | local_exec_epoch=2509
2026/05/20 15:00:59 [SYNC-FALLBACK] relaxed_snapshot_proof=disabled
Ignoring stale heartbeat: B reported=2513 local_finalized=2547
2026/05/20 15:00:59 [STARTUP-EXECUTION-SNAPSHOT] action=rebuild schedule height=2547 reason=prior_rebuild_failed_local_history_ready
2026/05/20 15:00:59 [STARTUP-EXECUTION-SNAPSHOT] action=rebuild begin height=2547
[EMISSION] h=2459 reward=3 treasury=1 validators=2 burn=0 applied_burn=0 chance_bps=10000
2026/05/20 15:00:59 [STARTUP-EXECUTION-SNAPSHOT] action=rebuild resume base=2459 target=2547
2026/05/20 15:00:59 [STARTUP-EXECUTION-SNAPSHOT] action=rebuild status=failed height=2547 err=create_snapshot_failed height=2460 err=execution_snapshot_ledger_unavailable height=2460
[SYNC-FORCE] reason=startup_execution_snapshot_missing local=2547 target=2547
[SNAPSHOT-PROVIDERS] 12D3KooW(rep=0.50,class=degraded) 12D3KooW(rep=0.50,class=degraded) 12D3KooW(rep=0.50,class=degraded)
Ignoring stale heartbeat: C reported=2511 local_finalized=2547
Candidate heartbeat received: D | reported_height=2508 | finalized_height=2508 | local_exec_epoch=2509
2026/05/20 15:01:00 [SYNC-FALLBACK] relaxed_snapshot_proof=enabled reason=snapshot_anchor_unreachable
[SNAPSHOT-QUORUM] waiting checkpoint=2496 votes=0/3 reason=snapshot_anchor_unreachable frozen=2510 candidate=2510 target=2510 retries=1 proof_cache=true strict=map[snapshot_anchor_unreachable:1]
2026/05/20 15:01:00 [STARTUP-EXECUTION-SNAPSHOT] action=rebuild async_wait height=2547 trigger=prior_rebuild_failed_local_history_ready reason=startup_execution_snapshot_syncing_h_2547
Ignoring stale heartbeat: B reported=2513 local_finalized=2547
Ignoring stale heartbeat: C reported=2511 local_finalized=2547
2026/05/20 15:01:01 [OK] goroutine pressure normalized: 182 (degrade mode off)
[SYNC-SERVE-REQUEST] peer=12D3KooW requested=2471-2511 snapshot=false snapshot_height=0
[SYNC-SERVE-RESPONSE] peer=12D3KooW requested=2471-2511 served=2471-2511 count=41 snapshot=false tip_gap=false historical_gap=false duration_ms=6
Ã°Å¸â€œÂ¦ Sent blocks 2471-2511 (41 blocks) to 12D3KooWPVKESWFG9sS8G6vjhfPn54kWuNFkkuHwG4yQXhYRcXjX
Ignoring stale heartbeat: A reported=2470 local_finalized=2547
Ignoring stale heartbeat: A reported=2470 local_finalized=2547
[REGISTRY-PENDING] height=2548 chain_height=2547 reason=future_parent
[SET-PENDING] height=2549 chain_height=2547 reason=future_height
Ignoring stale heartbeat: C reported=2512 local_finalized=2547
Ignoring stale heartbeat: C reported=2512 local_finalized=2547
Heartbeat sent: F finalized=2547 epoch=2548
Ignoring stale heartbeat: B reported=2514 local_finalized=2547
Ignoring stale heartbeat: B reported=2514 local_finalized=2547
[SYNC-SERVE-REQUEST] peer=12D3KooW requested=2471-2547 snapshot=false snapshot_height=0
[SYNC-SERVE-RESPONSE] peer=12D3KooW requested=2471-2547 served=2471-2547 count=77 snapshot=false tip_gap=false historical_gap=false duration_ms=31
Ã°Å¸â€œÂ¦ Sent blocks 2471-2547 (77 blocks) to 12D3KooWPVKESWFG9sS8G6vjhfPn54kWuNFkkuHwG4yQXhYRcXjX
2026/05/20 15:01:08 [STARTUP-EXECUTION-SNAPSHOT] action=rebuild schedule height=2547 reason=prior_rebuild_failed_local_history_ready
2026/05/20 15:01:08 [STARTUP-EXECUTION-SNAPSHOT] action=rebuild begin height=2547
[EMISSION] h=2459 reward=3 treasury=1 validators=2 burn=0 applied_burn=0 chance_bps=10000
2026/05/20 15:01:08 [STARTUP-EXECUTION-SNAPSHOT] action=rebuild resume base=2459 target=2547
2026/05/20 15:01:08 [STARTUP-EXECUTION-SNAPSHOT] action=rebuild status=failed height=2547 err=create_snapshot_failed height=2460 err=execution_snapshot_ledger_unavailable height=2460
[SYNC-FORCE] reason=startup_execution_snapshot_missing local=2547 target=2547
[SNAPSHOT-SESSION] stage=COLLECT_PROOFS prev=PROVIDER_ROTATE
[SNAPSHOT-PROVIDERS] 12D3KooW(rep=0.50,class=degraded) 12D3KooW(rep=0.50,class=degraded) 12D3KooW(rep=0.50,class=degraded)
2026/05/20 15:01:08 [SYNC-FALLBACK] relaxed_snapshot_proof=disabled
[SYNC-CLEAR] reason=up_to_date local=2547 target=2547
Candidate heartbeat received: D | reported_height=2508 | finalized_height=2508 | local_exec_epoch=2509
[SNAPSHOT-QUORUM] waiting checkpoint=2496 votes=0/3 reason=snapshot_anchor_unreachable frozen=2510 candidate=2510 target=2510 retries=1 proof_cache=true strict=map[]
2026/05/20 15:01:09 [STARTUP-EXECUTION-SNAPSHOT] action=rebuild async_wait height=2547 trigger=prior_rebuild_failed_local_history_ready reason=startup_execution_snapshot_syncing_h_2547
Candidate heartbeat received: D | reported_height=2508 | finalized_height=2508 | local_exec_epoch=2509
Ignoring stale heartbeat: B reported=2515 local_finalized=2547
[SNAPSHOT-PUBLISH] deferred height=2547 reason=auto_publish_interval_10
[EMISSION] h=2459 reward=3 treasury=1 validators=2 burn=0 applied_burn=0 chance_bps=10000
[SYNC-FORCE] reason=startup_execution_snapshot_missing local=2547 target=2547 (cooldown)
[STARTUP-PRECHECK] waiting reason=startup_execution_snapshot_syncing_h_2547 target=2548
Ignoring stale heartbeat: B reported=2515 local_finalized=2547
Ignoring stale heartbeat: C reported=2513 local_finalized=2547
Ignoring stale heartbeat: C reported=2513 local_finalized=2547
[REGISTRY-PENDING] height=2548 chain_height=2547 reason=future_parent
[SET-PENDING] height=2549 chain_height=2547 reason=future_height
Heartbeat sent: F finalized=2547 epoch=2548
[STATUS] height=2547 finalized=2547 peers=4 validators=0 strict_live=0 heartbeat_live=0 out_of_drift=0 drift_limit=8 syncing=false sync_complete=true execution_ready=false execution_reason=startup_execution_snapshot_rebuild_pending_h_2547 gossip=true gossip_pipeline=new_block_gossip_validate_apply consensus_running=false mode=observer vote=false propose=false role=full validator_state=observer warmup_seconds=0 ready=false reason=startup_execution_snapshot_rebuild_pending_h_2547 snapshot_source=none expected_source=chain_parent_commitment expected_hash=d75b74ab resolved_source=chain_parent_commitment resolved_hash=d75b74ab next_source=carry_forward next_hash=d75b74ab got_hash= authority=chain_parent_commitment hash_mode=legacy
Attempting to connect to 4 peers
[EMISSION] h=2459 reward=3 treasury=1 validators=2 burn=0 applied_burn=0 chance_bps=10000
[SYNC-FORCE] reason=startup_execution_snapshot_missing local=2547 target=2547 (cooldown)
[CONSENSUS] height=2547 vhash=d75b74ab validators=4
[SYNC-SERVE-REQUEST] peer=12D3KooW requested=2471-2547 snapshot=false snapshot_height=0
[SYNC-SERVE-RESPONSE] peer=12D3KooW requested=2471-2547 served=2471-2547 count=77 snapshot=false tip_gap=false historical_gap=false duration_ms=60
Ignoring stale heartbeat: B reported=2516 local_finalized=2547
Ignoring stale heartbeat: B reported=2516 local_finalized=2547
Ignoring stale heartbeat: A reported=2470 local_finalized=2547
Ignoring stale heartbeat: A reported=2470 local_finalized=2547
Heartbeat sent: F finalized=2547 epoch=2548
Candidate heartbeat received: D | reported_height=2509 | finalized_height=2509 | local_exec_epoch=2510
Ignoring stale heartbeat: C reported=2514 local_finalized=2547
Candidate heartbeat received: D | reported_height=2509 | finalized_height=2509 | local_exec_epoch=2510
Ignoring stale heartbeat: B reported=2517 local_finalized=2547
Ignoring stale heartbeat: C reported=2514 local_finalized=2547
[SYNC-SERVE-REQUEST] peer=12D3KooW requested=2471-2547 snapshot=false snapshot_height=0
[SYNC-SERVE-RESPONSE] peer=12D3KooW requested=2471-2547 served=2471-2547 count=77 snapshot=false tip_gap=false historical_gap=false duration_ms=10
Ignoring stale heartbeat: B reported=2517 local_finalized=2547
2026/05/20 15:01:18 [STARTUP-EXECUTION-SNAPSHOT] action=rebuild schedule height=2547 reason=prior_rebuild_failed_local_history_ready
2026/05/20 15:01:18 [STARTUP-EXECUTION-SNAPSHOT] action=rebuild begin height=2547
[EMISSION] h=2459 reward=3 treasury=1 validators=2 burn=0 applied_burn=0 chance_bps=10000
2026/05/20 15:01:18 [STARTUP-EXECUTION-SNAPSHOT] action=rebuild resume base=2459 target=2547
2026/05/20 15:01:18 [STARTUP-EXECUTION-SNAPSHOT] action=rebuild status=failed height=2547 err=create_snapshot_failed height=2460 err=execution_snapshot_ledger_unavailable height=2460
[SYNC-FORCE] reason=startup_execution_snapshot_missing local=2547 target=2547
[SNAPSHOT-PROVIDERS] 12D3KooW(rep=0.50,class=degraded) 12D3KooW(rep=0.50,class=degraded) 12D3KooW(rep=0.50,class=degraded)
2026/05/20 15:01:18 [SYNC-PIPELINE] stage=height_sampling
2026/05/20 15:01:18 [SYNC-FALLBACK] relaxed_snapshot_proof=enabled reason=snapshot_anchor_unreachable
[SNAPSHOT-QUORUM] waiting checkpoint=2496 votes=0/3 reason=snapshot_anchor_unreachable frozen=2510 candidate=2510 target=2510 retries=1 proof_cache=true strict=map[snapshot_anchor_unreachable:1]
2026/05/20 15:01:18 [STARTUP-EXECUTION-SNAPSHOT] action=rebuild async_wait height=2547 trigger=prior_rebuild_failed_local_history_ready reason=startup_execution_snapshot_syncing_h_2547
[REGISTRY-PENDING] height=2548 chain_height=2547 reason=future_parent
[SET-PENDING] height=2549 chain_height=2547 reason=future_height
Ignoring stale heartbeat: B reported=2518 local_finalized=2547
Heartbeat sent: F finalized=2547 epoch=2548
Ignoring stale heartbeat: B reported=2518 local_finalized=2547
Ignoring stale heartbeat: C reported=2515 local_finalized=2547
Ignoring stale heartbeat: C reported=2515 local_finalized=2547
Candidate heartbeat received: D | reported_height=2509 | finalized_height=2509 | local_exec_epoch=2510
Candidate heartbeat received: D | reported_height=2509 | finalized_height=2509 | local_exec_epoch=2510
[SNAPSHOT-PUBLISH] deferred height=2547 reason=auto_publish_interval_10
[EMISSION] h=2459 reward=3 treasury=1 validators=2 burn=0 applied_burn=0 chance_bps=10000
[SYNC-FORCE] reason=startup_execution_snapshot_missing local=2547 target=2547 (cooldown)
[SYNC-SERVE-REQUEST] peer=12D3KooW requested=2471-2547 snapshot=false snapshot_height=0
[SYNC-SERVE-RESPONSE] peer=12D3KooW requested=2471-2547 served=2471-2547 count=77 snapshot=false tip_gap=false historical_gap=false duration_ms=23
Ã°Å¸â€œÂ¦ Sent blocks 2471-2547 (77 blocks) to 12D3KooWPVKESWFG9sS8G6vjhfPn54kWuNFkkuHwG4yQXhYRcXjX
2026/05/20 15:01:23 [SYNC-PIPELINE] stage=live_consensus
Heartbeat sent: F finalized=2547 epoch=2548
Ignoring stale heartbeat: B reported=2519 local_finalized=2547
Ignoring stale heartbeat: B reported=2519 local_finalized=2547
[STATUS] height=2547 finalized=2547 peers=4 validators=0 strict_live=0 heartbeat_live=0 out_of_drift=0 drift_limit=8 syncing=false sync_complete=true execution_ready=false execution_reason=startup_execution_snapshot_rebuild_pending_h_2547 gossip=true gossip_pipeline=new_block_gossip_validate_apply consensus_running=false mode=observer vote=false propose=false role=full validator_state=observer warmup_seconds=0 ready=false reason=startup_execution_snapshot_rebuild_pending_h_2547 snapshot_source=none expected_source=chain_parent_commitment expected_hash=d75b74ab resolved_source=chain_parent_commitment resolved_hash=d75b74ab next_source=carry_forward next_hash=d75b74ab got_hash= authority=chain_parent_commitment hash_mode=legacy
Ignoring stale heartbeat: C reported=2516 local_finalized=2547
Ignoring stale heartbeat: C reported=2516 local_finalized=2547
2026/05/20 15:01:27 [STARTUP-EXECUTION-SNAPSHOT] action=rebuild schedule height=2547 reason=prior_rebuild_failed_local_history_ready
2026/05/20 15:01:27 [STARTUP-EXECUTION-SNAPSHOT] action=rebuild begin height=2547
[EMISSION] h=2459 reward=3 treasury=1 validators=2 burn=0 applied_burn=0 chance_bps=10000
2026/05/20 15:01:27 [STARTUP-EXECUTION-SNAPSHOT] action=rebuild resume base=2459 target=2547
2026/05/20 15:01:27 [STARTUP-EXECUTION-SNAPSHOT] action=rebuild status=failed height=2547 err=create_snapshot_failed height=2460 err=execution_snapshot_ledger_unavailable height=2460
[SYNC-FORCE] reason=startup_execution_snapshot_missing local=2547 target=2547
[SNAPSHOT-SESSION] stage=COLLECT_PROOFS prev=PROVIDER_ROTATE
[SNAPSHOT-PROVIDERS] 12D3KooW(rep=0.50,class=degraded) 12D3KooW(rep=0.50,class=degraded) 12D3KooW(rep=0.50,class=degraded)
[SNAPSHOT-PROOF] height=2520 checkpoint=2496 validator=B votes=1 hash=296f670b
[CONSENSUS] height=2547 vhash=d75b74ab validators=4
2026/05/20 15:01:27 [SYNC-PIPELINE] stage=height_sampling
[SYNC-SERVE-REQUEST] peer=12D3KooW requested=2471-2520 snapshot=false snapshot_height=0
Ignoring stale heartbeat: A reported=2470 local_finalized=2547
[SYNC-SERVE-RESPONSE] peer=12D3KooW requested=2471-2520 served=2471-2520 count=50 snapshot=false tip_gap=false historical_gap=false duration_ms=24
Ã°Å¸â€œÂ¦ Sent blocks 2471-2520 (50 blocks) to 12D3KooWPVKESWFG9sS8G6vjhfPn54kWuNFkkuHwG4yQXhYRcXjX
Ignoring stale heartbeat: A reported=2470 local_finalized=2547
[SNAPSHOT-QUORUM] waiting checkpoint=2496 votes=2/3 reason=snapshot_anchor_unreachable frozen=2520 candidate=2520 target=2510 retries=2 proof_cache=true strict=map[snapshot_anchor_unreachable:1]
2026/05/20 15:01:27 [STARTUP-EXECUTION-SNAPSHOT] action=rebuild async_wait height=2547 trigger=prior_rebuild_failed_local_history_ready reason=startup_execution_snapshot_syncing_h_2547
Ignoring stale heartbeat: B reported=2520 local_finalized=2547
Ignoring stale heartbeat: B reported=2520 local_finalized=2547
[STATUS] height=2547 finalized=2547 peers=4 validators=0 strict_live=0 heartbeat_live=0 out_of_drift=0 drift_limit=8 syncing=true sync_complete=false execution_ready=false execution_reason=sync_incomplete gossip=false gossip_pipeline= consensus_running=false mode=observer vote=false propose=false role=full validator_state=syncing warmup_seconds=0 ready=false reason=syncing snapshot_source=none expected_source=none expected_hash= resolved_source=syncing_deferred resolved_hash= next_source=syncing_deferred next_hash= got_hash= authority=syncing_fast_path hash_mode=legacy
Ignoring stale heartbeat: B reported=2521 local_finalized=2547
Ignoring stale heartbeat: B reported=2521 local_finalized=2547
[REGISTRY-PENDING] height=2548 chain_height=2547 reason=future_parent
[SET-PENDING] height=2549 chain_height=2547 reason=future_height
Candidate heartbeat received: D | reported_height=2510 | finalized_height=2510 | local_exec_epoch=2511
Candidate heartbeat received: D | reported_height=2510 | finalized_height=2510 | local_exec_epoch=2511
Ignoring stale heartbeat: B reported=2522 local_finalized=2547
Ignoring stale heartbeat: B reported=2522 local_finalized=2547
Heartbeat sent: F finalized=2547 epoch=2548
2026/05/20 15:01:31 [SYNC-FALLBACK] relaxed_snapshot_proof=disabled
2026/05/20 15:01:31 [OK] goroutine pressure normalized: 181 (degrade mode off)
[EMISSION] h=2459 reward=3 treasury=1 validators=2 burn=0 applied_burn=0 chance_bps=10000
[SYNC-FORCE] reason=startup_execution_snapshot_missing local=2547 target=2547 (cooldown)
[STARTUP-PRECHECK] waiting reason=startup_execution_snapshot_syncing_h_2547 target=2548
Ignoring stale heartbeat: C reported=2517 local_finalized=2547
Ignoring stale heartbeat: C reported=2517 local_finalized=2547
[SYNC-SERVE-REQUEST] peer=12D3KooW requested=2471-2547 snapshot=false snapshot_height=0
[SYNC-SERVE-RESPONSE] peer=12D3KooW requested=2471-2547 served=2471-2547 count=77 snapshot=false tip_gap=false historical_gap=false duration_ms=27
Ã°Å¸â€œÂ¦ Sent blocks 2471-2547 (77 blocks) to 12D3KooWPVKESWFG9sS8G6vjhfPn54kWuNFkkuHwG4yQXhYRcXjX
Ignoring stale heartbeat: B reported=2522 local_finalized=2547
Ignoring stale heartbeat: B reported=2522 local_finalized=2547
2026/05/20 15:01:33 [STARTUP-EXECUTION-SNAPSHOT] action=rebuild schedule height=2547 reason=prior_rebuild_failed_local_history_ready
2026/05/20 15:01:33 [STARTUP-EXECUTION-SNAPSHOT] action=rebuild begin height=2547
[EMISSION] h=2459 reward=3 treasury=1 validators=2 burn=0 applied_burn=0 chance_bps=10000
2026/05/20 15:01:33 [STARTUP-EXECUTION-SNAPSHOT] action=rebuild resume base=2459 target=2547
2026/05/20 15:01:33 [STARTUP-EXECUTION-SNAPSHOT] action=rebuild status=failed height=2547 err=create_snapshot_failed height=2460 err=execution_snapshot_ledger_unavailable height=2460
[SYNC-FORCE] reason=startup_execution_snapshot_missing local=2547 target=2547 (cooldown)
2026/05/20 15:01:33 [STARTUP-EXECUTION-SNAPSHOT] action=rebuild async_wait height=2547 trigger=prior_rebuild_failed_local_history_ready reason=startup_execution_snapshot_syncing_h_2547
[SNAPSHOT-PUBLISH] deferred height=2547 reason=auto_publish_interval_10
Heartbeat sent: F finalized=2547 epoch=2548
Ignoring stale heartbeat: B reported=2523 local_finalized=2547
Ignoring stale heartbeat: B reported=2523 local_finalized=2547
2026/05/20 15:01:35 [SYNC-PIPELINE] stage=live_consensus
Attempting to connect to 4 peers
[EMISSION] h=2459 reward=3 treasury=1 validators=2 burn=0 applied_burn=0 chance_bps=10000
[SYNC-FORCE] reason=startup_execution_snapshot_missing local=2547 target=2547 (cooldown)
Candidate heartbeat received: D | reported_height=2510 | finalized_height=2510 | local_exec_epoch=2511
Candidate heartbeat received: D | reported_height=2510 | finalized_height=2510 | local_exec_epoch=2511
Ignoring stale heartbeat: C reported=2518 local_finalized=2547
[SYNC-SERVE-REQUEST] peer=12D3KooW requested=2471-2547 snapshot=false snapshot_height=0
[SYNC-SERVE-RESPONSE] peer=12D3KooW requested=2471-2547 served=2471-2547 count=77 snapshot=false tip_gap=false historical_gap=false duration_ms=17
Ignoring stale heartbeat: C reported=2518 local_finalized=2547
[CONSENSUS] height=2547 vhash=d75b74ab validators=4
Ignoring stale heartbeat: B reported=2524 local_finalized=2547
Ignoring stale heartbeat: B reported=2524 local_finalized=2547
[REGISTRY-PENDING] height=2548 chain_height=2547 reason=future_parent
[SET-PENDING] height=2549 chain_height=2547 reason=future_height
Heartbeat sent: F finalized=2547 epoch=2548
Ignoring stale heartbeat: A reported=2470 local_finalized=2547
Ignoring stale heartbeat: A reported=2470 local_finalized=2547
2026/05/20 15:01:41 [STARTUP-EXECUTION-SNAPSHOT] action=rebuild schedule height=2547 reason=prior_rebuild_failed_local_history_ready
2026/05/20 15:01:41 [STARTUP-EXECUTION-SNAPSHOT] action=rebuild begin height=2547
[EMISSION] h=2459 reward=3 treasury=1 validators=2 burn=0 applied_burn=0 chance_bps=10000
2026/05/20 15:01:41 [STARTUP-EXECUTION-SNAPSHOT] action=rebuild resume base=2459 target=2547
2026/05/20 15:01:41 [STARTUP-EXECUTION-SNAPSHOT] action=rebuild status=failed height=2547 err=create_snapshot_failed height=2460 err=execution_snapshot_ledger_unavailable height=2460
[SYNC-FORCE] reason=startup_execution_snapshot_missing local=2547 target=2547
[SNAPSHOT-PROVIDERS] 12D3KooW(rep=0.50,class=degraded) 12D3KooW(rep=0.50,class=degraded) 12D3KooW(rep=0.50,class=degraded)
2026/05/20 15:01:41 [SYNC-PIPELINE] stage=height_sampling
2026/05/20 15:01:42 [SYNC-FALLBACK] relaxed_snapshot_proof=enabled reason=snapshot_anchor_unreachable
[SNAPSHOT-QUORUM] waiting checkpoint=2496 votes=0/3 reason=snapshot_anchor_unreachable frozen=2520 candidate=2520 target=2520 retries=1 proof_cache=true strict=map[snapshot_anchor_unreachable:1]
2026/05/20 15:01:42 [STARTUP-EXECUTION-SNAPSHOT] action=rebuild async_wait height=2547 trigger=prior_rebuild_failed_local_history_ready reason=startup_execution_snapshot_syncing_h_2547
[SYNC-SERVE-REQUEST] peer=12D3KooW requested=2471-2547 snapshot=false snapshot_height=0
[SYNC-SERVE-RESPONSE] peer=12D3KooW requested=2471-2547 served=2471-2547 count=77 snapshot=false tip_gap=false historical_gap=false duration_ms=26
Ignoring stale heartbeat: B reported=2525 local_finalized=2547
Ignoring stale heartbeat: B reported=2525 local_finalized=2547
Ignoring stale heartbeat: C reported=2519 local_finalized=2547
Ignoring stale heartbeat: C reported=2519 local_finalized=2547
Heartbeat sent: F finalized=2547 epoch=2548
[EMISSION] h=2459 reward=3 treasury=1 validators=2 burn=0 applied_burn=0 chance_bps=10000
[SYNC-FORCE] reason=startup_execution_snapshot_missing local=2547 target=2547 (cooldown)
Candidate heartbeat received: D | reported_height=2511 | finalized_height=2511 | local_exec_epoch=2512
Candidate heartbeat received: D | reported_height=2511 | finalized_height=2511 | local_exec_epoch=2512
[SNAPSHOT-PUBLISH] deferred height=2547 reason=auto_publish_interval_10
[SNAPSHOT-PROOF] height=2520 checkpoint=2496 validator=C votes=2 hash=296f670b
Ignoring stale heartbeat: B reported=2526 local_finalized=2547
Ignoring stale heartbeat: B reported=2526 local_finalized=2547
[SYNC-SERVE-REQUEST] peer=12D3KooW requested=2471-2520 snapshot=false snapshot_height=0
[SYNC-SERVE-RESPONSE] peer=12D3KooW requested=2471-2520 served=2471-2520 count=50 snapshot=false tip_gap=false historical_gap=false duration_ms=55
Ã°Å¸â€œÂ¦ Sent blocks 2471-2520 (50 blocks) to 12D3KooWPVKESWFG9sS8G6vjhfPn54kWuNFkkuHwG4yQXhYRcXjX
Ignoring stale heartbeat: C reported=2520 local_finalized=2547
2026/05/20 15:01:46 [SYNC-FALLBACK] relaxed_snapshot_proof=disabled
Ignoring stale heartbeat: C reported=2520 local_finalized=2547
Ignoring stale heartbeat: C reported=2521 local_finalized=2547
Ignoring stale heartbeat: C reported=2521 local_finalized=2547
[REGISTRY-PENDING] height=2548 chain_height=2547 reason=future_parent
[SET-PENDING] height=2549 chain_height=2547 reason=future_height
Heartbeat sent: F finalized=2547 epoch=2548
2026/05/20 15:01:49 [STARTUP-EXECUTION-SNAPSHOT] action=rebuild schedule height=2547 reason=prior_rebuild_failed_local_history_ready
Ignoring stale heartbeat: B reported=2527 local_finalized=2547
2026/05/20 15:01:50 [STARTUP-EXECUTION-SNAPSHOT] action=rebuild begin height=2547
[EMISSION] h=2459 reward=3 treasury=1 validators=2 burn=0 applied_burn=0 chance_bps=10000
2026/05/20 15:01:50 [STARTUP-EXECUTION-SNAPSHOT] action=rebuild resume base=2459 target=2547
2026/05/20 15:01:50 [STARTUP-EXECUTION-SNAPSHOT] action=rebuild status=failed height=2547 err=create_snapshot_failed height=2460 err=execution_snapshot_ledger_unavailable height=2460
[SYNC-FORCE] reason=startup_execution_snapshot_missing local=2547 target=2547
[SNAPSHOT-PROVIDERS] 12D3KooW(rep=0.50,class=degraded) 12D3KooW(rep=0.50,class=degraded) 12D3KooW(rep=0.50,class=degraded)
Ignoring stale heartbeat: B reported=2527 local_finalized=2547
[STATUS] height=2547 finalized=2547 peers=4 validators=0 strict_live=0 heartbeat_live=0 out_of_drift=0 drift_limit=8 syncing=false sync_complete=true execution_ready=false execution_reason=startup_execution_snapshot_rebuild_pending_h_2547 gossip=true gossip_pipeline=new_block_gossip_validate_apply consensus_running=false mode=observer vote=false propose=false role=full validator_state=observer warmup_seconds=0 ready=false reason=startup_execution_snapshot_rebuild_pending_h_2547 snapshot_source=none expected_source=chain_parent_commitment expected_hash=d75b74ab resolved_source=chain_parent_commitment resolved_hash=d75b74ab next_source=carry_forward next_hash=d75b74ab got_hash= authority=chain_parent_commitment hash_mode=legacy
2026/05/20 15:01:50 [SYNC-FALLBACK] relaxed_snapshot_proof=enabled reason=snapshot_anchor_unreachable
[SNAPSHOT-QUORUM] waiting checkpoint=2496 votes=0/3 reason=snapshot_anchor_unreachable frozen=2520 candidate=2520 target=2520 retries=1 proof_cache=true strict=map[snapshot_anchor_unreachable:1]
2026/05/20 15:01:50 [STARTUP-EXECUTION-SNAPSHOT] action=rebuild async_wait height=2547 trigger=prior_rebuild_failed_local_history_ready reason=startup_execution_snapshot_syncing_h_2547
Candidate heartbeat received: D | reported_height=2512 | finalized_height=2512 | local_exec_epoch=2513
[EMISSION] h=2459 reward=3 treasury=1 validators=2 burn=0 applied_burn=0 chance_bps=10000
[SYNC-FORCE] reason=startup_execution_snapshot_missing local=2547 target=2547 (cooldown)
[STARTUP-PRECHECK] waiting reason=startup_execution_snapshot_syncing_h_2547 target=2548
Candidate heartbeat received: D | reported_height=2512 | finalized_height=2512 | local_exec_epoch=2513
Ignoring stale heartbeat: C reported=2522 local_finalized=2547
Ignoring stale heartbeat: C reported=2522 local_finalized=2547
2026/05/20 15:01:51 [OK] goroutine pressure normalized: 183 (degrade mode off)
2026/05/20 15:01:51 map stats: seen_blocks=0 seen_txs=0 fork_heights=0 fork_blocks=0 exec_results_keys=0 exec_results_total=0 pending_blocks=0 queued_exec_votes_keys=0 queued_exec_votes_total=0 accepted_proposal=0 exec_broadcasted_epochs=0 exec_broadcasted_keys=0 exec_signer_seen_epochs=0 exec_signer_seen_total=0 exec_broadcasted_by_val_epochs=0 exec_broadcasted_by_val_total=0 exec_rebroadcast_epochs=0 validator_status=5 candidates=2 peer_state=24 peers_connected=4 peers_connecting=0 peer_suspect=0 allowed_peers=4 pending_validators=0 pending_removals=0 queued_validator_updates=0 height_report_epochs=1 height_report_total=1 misbehavior_validators=0 misbehavior_total=0 exec_mismatch_tracked=0 exec_vote_replay_cache=0
[SYNC-SERVE-REQUEST] peer=12D3KooW requested=2471-2547 snapshot=false snapshot_height=0
[SYNC-SERVE-RESPONSE] peer=12D3KooW requested=2471-2547 served=2471-2547 count=77 snapshot=false tip_gap=false historical_gap=false duration_ms=5
Ã°Å¸â€œÂ¦ Sent blocks 2471-2547 (77 blocks) to 12D3KooWPVKESWFG9sS8G6vjhfPn54kWuNFkkuHwG4yQXhYRcXjX
[CONSENSUS] height=2547 vhash=d75b74ab validators=4
Heartbeat sent: F finalized=2547 epoch=2548
Ignoring stale heartbeat: A reported=2470 local_finalized=2547
Ignoring stale heartbeat: A reported=2470 local_finalized=2547
[EMISSION] h=2459 reward=3 treasury=1 validators=2 burn=0 applied_burn=0 chance_bps=10000
[SYNC-FORCE] reason=startup_execution_snapshot_missing local=2547 target=2547 (cooldown)
Ignoring stale heartbeat: B reported=2528 local_finalized=2547
Ignoring stale heartbeat: B reported=2528 local_finalized=2547
2026/05/20 15:01:54 [SYNC-PIPELINE] stage=live_consensus
Ignoring stale heartbeat: C reported=2523 local_finalized=2547
Ignoring stale heartbeat: C reported=2523 local_finalized=2547
[REGISTRY-PENDING] height=2548 chain_height=2547 reason=future_parent
[SET-PENDING] height=2549 chain_height=2547 reason=future_height
Heartbeat sent: F finalized=2547 epoch=2548
Candidate heartbeat received: D | reported_height=2513 | finalized_height=2513 | local_exec_epoch=2514
Candidate heartbeat received: D | reported_height=2513 | finalized_height=2513 | local_exec_epoch=2514
Ignoring stale heartbeat: B reported=2529 local_finalized=2547
Ignoring stale heartbeat: B reported=2529 local_finalized=2547
2026/05/20 15:01:56 [SYNC-FALLBACK] relaxed_snapshot_proof=disabled
[SNAPSHOT-PROOF] height=2530 checkpoint=2528 validator=B votes=1 hash=ea7ce116
[SYNC-SERVE-REQUEST] peer=12D3KooW requested=2471-2547 snapshot=false snapshot_height=0
Ignoring stale heartbeat: B reported=2530 local_finalized=2547
[SYNC-SERVE-RESPONSE] peer=12D3KooW requested=2471-2547 served=2471-2547 count=77 snapshot=false tip_gap=false historical_gap=false duration_ms=13
Ignoring stale heartbeat: B reported=2530 local_finalized=2547
[SNAPSHOT-PUBLISH] deferred height=2547 reason=auto_publish_interval_10
Ignoring stale heartbeat: B reported=2531 local_finalized=2547
Ignoring stale heartbeat: B reported=2531 local_finalized=2547
2026/05/20 15:01:58 [STARTUP-EXECUTION-SNAPSHOT] action=rebuild schedule height=2547 reason=prior_rebuild_failed_local_history_ready
2026/05/20 15:01:58 [STARTUP-EXECUTION-SNAPSHOT] action=rebuild begin height=2547
[EMISSION] h=2459 reward=3 treasury=1 validators=2 burn=0 applied_burn=0 chance_bps=10000
2026/05/20 15:01:58 [STARTUP-EXECUTION-SNAPSHOT] action=rebuild resume base=2459 target=2547
2026/05/20 15:01:58 [STARTUP-EXECUTION-SNAPSHOT] action=rebuild status=failed height=2547 err=create_snapshot_failed height=2460 err=execution_snapshot_ledger_unavailable height=2460
[SYNC-FORCE] reason=startup_execution_snapshot_missing local=2547 target=2547
[SNAPSHOT-PROVIDERS] 12D3KooW(rep=0.50,class=degraded) 12D3KooW(rep=0.50,class=degraded) 12D3KooW(rep=0.50,class=degraded)
2026/05/20 15:01:58 [SYNC-FALLBACK] relaxed_snapshot_proof=enabled reason=snapshot_anchor_unreachable
[SNAPSHOT-QUORUM] waiting checkpoint=2528 votes=1/3 reason=snapshot_anchor_unreachable frozen=2530 candidate=2530 target=2530 retries=1 proof_cache=true strict=map[snapshot_anchor_unreachable:1]
2026/05/20 15:01:58 [STARTUP-EXECUTION-SNAPSHOT] action=rebuild async_wait height=2547 trigger=prior_rebuild_failed_local_history_ready reason=startup_execution_snapshot_syncing_h_2547
Heartbeat sent: F finalized=2547 epoch=2548
Ignoring stale heartbeat: C reported=2524 local_finalized=2547
Ignoring stale heartbeat: C reported=2524 local_finalized=2547
Attempting to connect to 4 peers
[EMISSION] h=2459 reward=3 treasury=1 validators=2 burn=0 applied_burn=0 chance_bps=10000
[SYNC-FORCE] reason=startup_execution_snapshot_missing local=2547 target=2547 (cooldown)
Candidate heartbeat received: D | reported_height=2513 | finalized_height=2513 | local_exec_epoch=2514
Candidate heartbeat received: D | reported_height=2513 | finalized_height=2513 | local_exec_epoch=2514
Ignoring stale heartbeat: B reported=2532 local_finalized=2547
2026/05/20 15:02:01 [SYNC-FALLBACK] relaxed_snapshot_proof=disabled
Ignoring stale heartbeat: B reported=2532 local_finalized=2547
[SYNC-SERVE-REQUEST] peer=12D3KooW requested=2471-2547 snapshot=false snapshot_height=0
[SYNC-SERVE-RESPONSE] peer=12D3KooW requested=2471-2547 served=2471-2547 count=77 snapshot=false tip_gap=false historical_gap=false duration_ms=6
Ã°Å¸â€œÂ¦ Sent blocks 2471-2547 (77 blocks) to 12D3KooWPVKESWFG9sS8G6vjhfPn54kWuNFkkuHwG4yQXhYRcXjX
[STATUS] height=2547 finalized=2547 peers=4 validators=0 strict_live=0 heartbeat_live=0 out_of_drift=0 drift_limit=8 syncing=false sync_complete=true execution_ready=false execution_reason=startup_execution_snapshot_rebuild_pending_h_2547 gossip=true gossip_pipeline=new_block_gossip_validate_apply consensus_running=false mode=observer vote=false propose=false role=full validator_state=observer warmup_seconds=0 ready=false reason=startup_execution_snapshot_rebuild_pending_h_2547 snapshot_source=none expected_source=chain_parent_commitment expected_hash=d75b74ab resolved_source=chain_parent_commitment resolved_hash=d75b74ab next_source=carry_forward next_hash=d75b74ab got_hash= authority=chain_parent_commitment hash_mode=legacy
[REGISTRY-PENDING] height=2548 chain_height=2547 reason=future_parent
[SET-PENDING] height=2549 chain_height=2547 reason=future_height
Heartbeat sent: F finalized=2547 epoch=2548
Ignoring stale heartbeat: B reported=2533 local_finalized=2547
Ignoring stale heartbeat: B reported=2533 local_finalized=2547
Ignoring stale heartbeat: C reported=2525 local_finalized=2547
Ignoring stale heartbeat: C reported=2525 local_finalized=2547
2026/05/20 15:02:05 [STARTUP-EXECUTION-SNAPSHOT] action=rebuild schedule height=2547 reason=prior_rebuild_failed_local_history_ready
2026/05/20 15:02:05 [STARTUP-EXECUTION-SNAPSHOT] action=rebuild begin height=2547
[EMISSION] h=2459 reward=3 treasury=1 validators=2 burn=0 applied_burn=0 chance_bps=10000
2026/05/20 15:02:05 [STARTUP-EXECUTION-SNAPSHOT] action=rebuild resume base=2459 target=2547
2026/05/20 15:02:05 [STARTUP-EXECUTION-SNAPSHOT] action=rebuild status=failed height=2547 err=create_snapshot_failed height=2460 err=execution_snapshot_ledger_unavailable height=2460
[SYNC-FORCE] reason=startup_execution_snapshot_missing local=2547 target=2547
[SNAPSHOT-PROVIDERS] 12D3KooW(rep=0.50,class=degraded) 12D3KooW(rep=0.50,class=degraded) 12D3KooW(rep=0.50,class=degraded)
2026/05/20 15:02:06 [SYNC-FALLBACK] relaxed_snapshot_proof=enabled reason=snapshot_anchor_unreachable
[SNAPSHOT-QUORUM] waiting checkpoint=2528 votes=1/3 reason=snapshot_anchor_unreachable frozen=2530 candidate=2530 target=2530 retries=1 proof_cache=true strict=map[snapshot_anchor_unreachable:1]
2026/05/20 15:02:06 [STARTUP-EXECUTION-SNAPSHOT] action=rebuild async_wait height=2547 trigger=prior_rebuild_failed_local_history_ready reason=startup_execution_snapshot_syncing_h_2547
[SYNC-SERVE-REQUEST] peer=12D3KooW requested=2471-2530 snapshot=false snapshot_height=0
[SYNC-SERVE-RESPONSE] peer=12D3KooW requested=2471-2530 served=2471-2530 count=60 snapshot=false tip_gap=false historical_gap=false duration_ms=10
Ã°Å¸â€œÂ¦ Sent blocks 2471-2530 (60 blocks) to 12D3KooWPVKESWFG9sS8G6vjhfPn54kWuNFkkuHwG4yQXhYRcXjX
Candidate heartbeat received: D | reported_height=2514 | finalized_height=2514 | local_exec_epoch=2515
Candidate heartbeat received: D | reported_height=2514 | finalized_height=2514 | local_exec_epoch=2515
Ignoring stale heartbeat: B reported=2533 local_finalized=2547
Ignoring stale heartbeat: B reported=2533 local_finalized=2547
Ignoring stale heartbeat: A reported=2470 local_finalized=2547
Ignoring stale heartbeat: A reported=2470 local_finalized=2547
Heartbeat sent: F finalized=2547 epoch=2548
[CONSENSUS] height=2547 vhash=d75b74ab validators=4
Ignoring stale heartbeat: B reported=2534 local_finalized=2547
Ignoring stale heartbeat: B reported=2534 local_finalized=2547
Ignoring stale heartbeat: C reported=2526 local_finalized=2547
Ignoring stale heartbeat: C reported=2526 local_finalized=2547
[SNAPSHOT-PUBLISH] deferred height=2547 reason=auto_publish_interval_10
[EMISSION] h=2459 reward=3 treasury=1 validators=2 burn=0 applied_burn=0 chance_bps=10000
[SYNC-FORCE] reason=startup_execution_snapshot_missing local=2547 target=2547 (cooldown)
[STARTUP-PRECHECK] waiting reason=startup_execution_snapshot_syncing_h_2547 target=2548
[EMISSION] h=2459 reward=3 treasury=1 validators=2 burn=0 applied_burn=0 chance_bps=10000
[SYNC-FORCE] reason=startup_execution_snapshot_missing local=2547 target=2547 (cooldown)
Candidate heartbeat received: D | reported_height=2515 | finalized_height=2515 | local_exec_epoch=2516
Candidate heartbeat received: D | reported_height=2515 | finalized_height=2515 | local_exec_epoch=2516
Ignoring stale heartbeat: B reported=2535 local_finalized=2547
Ignoring stale heartbeat: B reported=2535 local_finalized=2547
2026/05/20 15:02:11 [OK] goroutine pressure normalized: 181 (degrade mode off)
[REGISTRY-PENDING] height=2548 chain_height=2547 reason=future_parent
[SET-PENDING] height=2549 chain_height=2547 reason=future_height
Heartbeat sent: F finalized=2547 epoch=2548
[SYNC-SERVE-REQUEST] peer=12D3KooW requested=2471-2547 snapshot=false snapshot_height=0
[SYNC-SERVE-RESPONSE] peer=12D3KooW requested=2471-2547 served=2471-2547 count=77 snapshot=false tip_gap=false historical_gap=false duration_ms=11
Ã°Å¸â€œÂ¦ Sent blocks 2471-2547 (77 blocks) to 12D3KooWPVKESWFG9sS8G6vjhfPn54kWuNFkkuHwG4yQXhYRcXjX
2026/05/20 15:02:14 [STARTUP-EXECUTION-SNAPSHOT] action=rebuild schedule height=2547 reason=prior_rebuild_failed_local_history_ready
2026/05/20 15:02:14 [STARTUP-EXECUTION-SNAPSHOT] action=rebuild begin height=2547
[EMISSION] h=2459 reward=3 treasury=1 validators=2 burn=0 applied_burn=0 chance_bps=10000
2026/05/20 15:02:14 [STARTUP-EXECUTION-SNAPSHOT] action=rebuild resume base=2459 target=2547
Ignoring stale heartbeat: C reported=2527 local_finalized=2547
2026/05/20 15:02:14 [STARTUP-EXECUTION-SNAPSHOT] action=rebuild status=failed height=2547 err=create_snapshot_failed height=2460 err=execution_snapshot_ledger_unavailable height=2460
[SYNC-FORCE] reason=startup_execution_snapshot_missing local=2547 target=2547
[SNAPSHOT-SESSION] stage=COLLECT_PROOFS prev=PROVIDER_ROTATE
[SNAPSHOT-PROVIDERS] 12D3KooW(rep=0.50,class=degraded) 12D3KooW(rep=0.50,class=degraded) 12D3KooW(rep=0.50,class=degraded)
Ignoring stale heartbeat: C reported=2527 local_finalized=2547
[SNAPSHOT-QUORUM] waiting checkpoint=2528 votes=1/3 reason=snapshot_anchor_unreachable frozen=2530 candidate=2530 target=2530 retries=2 proof_cache=true strict=map[meta_unavailable:3 snapshot_anchor_unreachable:2]
2026/05/20 15:02:14 [STARTUP-EXECUTION-SNAPSHOT] action=rebuild async_wait height=2547 trigger=prior_rebuild_failed_local_history_ready reason=startup_execution_snapshot_syncing_h_2547
Ignoring stale heartbeat: B reported=2536 local_finalized=2547
Ignoring stale heartbeat: B reported=2536 local_finalized=2547
Heartbeat sent: F finalized=2547 epoch=2548
Candidate heartbeat received: D | reported_height=2516 | finalized_height=2516 | local_exec_epoch=2517
Candidate heartbeat received: D | reported_height=2516 | finalized_height=2516 | local_exec_epoch=2517
[SYNC-SERVE-REQUEST] peer=12D3KooW requested=2471-2547 snapshot=false snapshot_height=0
[SYNC-SERVE-RESPONSE] peer=12D3KooW requested=2471-2547 served=2471-2547 count=77 snapshot=false tip_gap=false historical_gap=false duration_ms=4
Ignoring stale heartbeat: B reported=2537 local_finalized=2547
Ignoring stale heartbeat: B reported=2537 local_finalized=2547
Ignoring stale heartbeat: A reported=2470 local_finalized=2547
Ignoring stale heartbeat: A reported=2470 local_finalized=2547
Ignoring stale heartbeat: C reported=2528 local_finalized=2547
[EMISSION] h=2459 reward=3 treasury=1 validators=2 burn=0 applied_burn=0 chance_bps=10000
[SYNC-FORCE] reason=startup_execution_snapshot_missing local=2547 target=2547 (cooldown)
Ignoring stale heartbeat: C reported=2528 local_finalized=2547
Ignoring stale heartbeat: B reported=2537 local_finalized=2547
Ignoring stale heartbeat: B reported=2537 local_finalized=2547
[STATUS] height=2547 finalized=2547 peers=4 validators=0 strict_live=0 heartbeat_live=0 out_of_drift=0 drift_limit=8 syncing=false sync_complete=true execution_ready=false execution_reason=startup_execution_snapshot_rebuild_pending_h_2547 gossip=true gossip_pipeline=new_block_gossip_validate_apply consensus_running=false mode=observer vote=false propose=false role=full validator_state=observer warmup_seconds=0 ready=false reason=startup_execution_snapshot_rebuild_pending_h_2547 snapshot_source=none expected_source=chain_parent_commitment expected_hash=d75b74ab resolved_source=chain_parent_commitment resolved_hash=d75b74ab next_source=carry_forward next_hash=d75b74ab got_hash= authority=chain_parent_commitment hash_mode=legacy
[REGISTRY-PENDING] height=2548 chain_height=2547 reason=future_parent
[SET-PENDING] height=2549 chain_height=2547 reason=future_height
Heartbeat sent: F finalized=2547 epoch=2548
Candidate heartbeat received: D | reported_height=2517 | finalized_height=2517 | local_exec_epoch=2518
2026/05/20 15:02:21 [SYNC-FALLBACK] relaxed_snapshot_proof=disabled
[SNAPSHOT-PUBLISH] deferred height=2547 reason=auto_publish_interval_10
2026/05/20 15:02:21 [STARTUP-EXECUTION-SNAPSHOT] action=rebuild schedule height=2547 reason=prior_rebuild_failed_local_history_ready
2026/05/20 15:02:21 [STARTUP-EXECUTION-SNAPSHOT] action=rebuild begin height=2547
[EMISSION] h=2459 reward=3 treasury=1 validators=2 burn=0 applied_burn=0 chance_bps=10000
2026/05/20 15:02:21 [STARTUP-EXECUTION-SNAPSHOT] action=rebuild resume base=2459 target=2547
2026/05/20 15:02:21 [STARTUP-EXECUTION-SNAPSHOT] action=rebuild status=failed height=2547 err=create_snapshot_failed height=2460 err=execution_snapshot_ledger_unavailable height=2460
[SYNC-FORCE] reason=startup_execution_snapshot_missing local=2547 target=2547 (cooldown)
2026/05/20 15:02:21 [STARTUP-EXECUTION-SNAPSHOT] action=rebuild async_wait height=2547 trigger=prior_rebuild_failed_local_history_ready reason=startup_execution_snapshot_syncing_h_2547
Ignoring stale heartbeat: C reported=2529 local_finalized=2547
Candidate heartbeat received: D | reported_height=2517 | finalized_height=2517 | local_exec_epoch=2518
[SYNC-SERVE-REQUEST] peer=12D3KooW requested=2471-2547 snapshot=false snapshot_height=0
[SYNC-SERVE-RESPONSE] peer=12D3KooW requested=2471-2547 served=2471-2547 count=77 snapshot=false tip_gap=false historical_gap=false duration_ms=5
Ignoring stale heartbeat: C reported=2529 local_finalized=2547
Ignoring stale heartbeat: B reported=2538 local_finalized=2547
Ignoring stale heartbeat: B reported=2538 local_finalized=2547
Ignoring stale heartbeat: C reported=2529 local_finalized=2547
Ignoring stale heartbeat: C reported=2529 local_finalized=2547
[CONSENSUS] height=2547 vhash=d75b74ab validators=4
[SNAPSHOT-PROOF] height=2530 checkpoint=2528 validator=C votes=2 hash=ea7ce116
Ignoring stale heartbeat: C reported=2530 local_finalized=2547
Ignoring stale heartbeat: C reported=2530 local_finalized=2547
Attempting to connect to 4 peers
Ignoring stale heartbeat: C reported=2531 local_finalized=2547
Ignoring stale heartbeat: C reported=2531 local_finalized=2547
Heartbeat sent: F finalized=2547 epoch=2548
[SYNC-SERVE-REQUEST] peer=12D3KooW requested=2471-2547 snapshot=false snapshot_height=0
[SYNC-SERVE-RESPONSE] peer=12D3KooW requested=2471-2547 served=2471-2547 count=77 snapshot=false tip_gap=false historical_gap=false duration_ms=6
Ã°Å¸â€œÂ¦ Sent blocks 2471-2547 (77 blocks) to 12D3KooWPVKESWFG9sS8G6vjhfPn54kWuNFkkuHwG4yQXhYRcXjX
Candidate heartbeat received: D | reported_height=2517 | finalized_height=2517 | local_exec_epoch=2518
Candidate heartbeat received: D | reported_height=2517 | finalized_height=2517 | local_exec_epoch=2518
2026/05/20 15:02:27 [STARTUP-EXECUTION-SNAPSHOT] action=rebuild schedule height=2547 reason=prior_rebuild_failed_local_history_ready
2026/05/20 15:02:27 [STARTUP-EXECUTION-SNAPSHOT] action=rebuild begin height=2547
[EMISSION] h=2459 reward=3 treasury=1 validators=2 burn=0 applied_burn=0 chance_bps=10000
2026/05/20 15:02:27 [STARTUP-EXECUTION-SNAPSHOT] action=rebuild resume base=2459 target=2547
2026/05/20 15:02:27 [STARTUP-EXECUTION-SNAPSHOT] action=rebuild status=failed height=2547 err=create_snapshot_failed height=2460 err=execution_snapshot_ledger_unavailable height=2460
[SYNC-FORCE] reason=startup_execution_snapshot_missing local=2547 target=2547
[SNAPSHOT-PROVIDERS] 12D3KooW(rep=0.50,class=degraded) 12D3KooW(rep=0.50,class=degraded) 12D3KooW(rep=0.50,class=degraded)
Validator heartbeat: B | reported_height=2539 | finalized_height=2539 | local_exec_epoch=2540
Validator heartbeat: B | reported_height=2539 | finalized_height=2539 | local_exec_epoch=2540
2026/05/20 15:02:28 [SYNC-FALLBACK] relaxed_snapshot_proof=enabled reason=snapshot_anchor_unreachable
[SNAPSHOT-QUORUM] waiting checkpoint=2528 votes=2/3 reason=snapshot_anchor_unreachable frozen=2530 candidate=2530 target=2530 retries=1 proof_cache=true strict=map[snapshot_anchor_unreachable:1]
2026/05/20 15:02:28 [STARTUP-EXECUTION-SNAPSHOT] action=rebuild async_wait height=2547 trigger=prior_rebuild_failed_local_history_ready reason=startup_execution_snapshot_syncing_h_2547
[SNAPSHOT-PROOF] height=2540 checkpoint=2528 validator=B votes=1 hash=5ed8d379
[SYNC-SERVE-REQUEST] peer=12D3KooW requested=2471-2547 snapshot=false snapshot_height=0
[SYNC-SERVE-RESPONSE] peer=12D3KooW requested=2471-2547 served=2471-2547 count=77 snapshot=false tip_gap=false historical_gap=false duration_ms=82
[EMISSION] h=2459 reward=3 treasury=1 validators=2 burn=0 applied_burn=0 chance_bps=10000
[SYNC-FORCE] reason=startup_execution_snapshot_missing local=2547 target=2547 (cooldown)
[STARTUP-PRECHECK] waiting reason=startup_execution_snapshot_syncing_h_2547 target=2548
[REGISTRY-PENDING] height=2548 chain_height=2547 reason=future_parent
[SET-PENDING] height=2549 chain_height=2547 reason=future_height
Heartbeat sent: F finalized=2547 epoch=2548
Validator heartbeat received: B | reported_height=2539 | finalized_height=2539 | local_exec_epoch=2540
[SNAPSHOT-PUBLISH] deferred height=2547 reason=auto_publish_interval_10
Validator heartbeat received: B | reported_height=2539 | finalized_height=2539 | local_exec_epoch=2540
Ignoring stale heartbeat: C reported=2532 local_finalized=2547
Validator heartbeat: B | reported_height=2540 | finalized_height=2540 | local_exec_epoch=2541
Ignoring stale heartbeat: C reported=2532 local_finalized=2547
Validator heartbeat: B | reported_height=2540 | finalized_height=2540 | local_exec_epoch=2541
2026/05/20 15:02:31 [OK] goroutine pressure normalized: 182 (degrade mode off)
[SYNC-SERVE-REQUEST] peer=12D3KooW requested=2471-2540 snapshot=false snapshot_height=0
[SYNC-SERVE-RESPONSE] peer=12D3KooW requested=2471-2540 served=2471-2540 count=70 snapshot=false tip_gap=false historical_gap=false duration_ms=12
Ã°Å¸â€œÂ¦ Sent blocks 2471-2540 (70 blocks) to 12D3KooWPVKESWFG9sS8G6vjhfPn54kWuNFkkuHwG4yQXhYRcXjX
2026/05/20 15:02:32 [STARTUP-EXECUTION-SNAPSHOT] action=rebuild schedule height=2547 reason=prior_rebuild_failed_local_history_ready
2026/05/20 15:02:32 [STARTUP-EXECUTION-SNAPSHOT] action=rebuild begin height=2547
[EMISSION] h=2459 reward=3 treasury=1 validators=2 burn=0 applied_burn=0 chance_bps=10000
2026/05/20 15:02:32 [STARTUP-EXECUTION-SNAPSHOT] action=rebuild resume base=2459 target=2547
2026/05/20 15:02:32 [STARTUP-EXECUTION-SNAPSHOT] action=rebuild status=failed height=2547 err=create_snapshot_failed height=2460 err=execution_snapshot_ledger_unavailable height=2460
[SYNC-FORCE] reason=startup_execution_snapshot_missing local=2547 target=2547
[SNAPSHOT-SESSION] stage=COLLECT_PROOFS prev=PROVIDER_ROTATE
[SNAPSHOT-PROVIDERS] 12D3KooW(rep=0.50,class=degraded) 12D3KooW(rep=0.50,class=degraded) 12D3KooW(rep=0.50,class=degraded)
[SNAPSHOT-QUORUM] waiting checkpoint=2528 votes=1/3 reason=snapshot_anchor_unreachable frozen=2530 candidate=2540 target=2540 retries=1 proof_cache=true strict=map[]
2026/05/20 15:02:33 [SYNC-FALLBACK] relaxed_snapshot_proof=disabled
[SYNC-CLEAR] reason=up_to_date local=2547 target=2547
2026/05/20 15:02:33 [STARTUP-EXECUTION-SNAPSHOT] action=rebuild async_wait height=2547 trigger=prior_rebuild_failed_local_history_ready reason=startup_execution_snapshot_syncing_h_2547
Validator heartbeat received: B | reported_height=2540 | finalized_height=2540 | local_exec_epoch=2541
Validator heartbeat: B | reported_height=2541 | finalized_height=2541 | local_exec_epoch=2542
Validator heartbeat received: B | reported_height=2540 | finalized_height=2540 | local_exec_epoch=2541
[SYNC-SERVE-REQUEST] peer=12D3KooW requested=2471-2530 snapshot=false snapshot_height=0
[SYNC-SERVE-RESPONSE] peer=12D3KooW requested=2471-2530 served=2471-2530 count=60 snapshot=false tip_gap=false historical_gap=false duration_ms=17
Ã°Å¸â€œÂ¦ Sent blocks 2471-2530 (60 blocks) to 12D3KooWPVKESWFG9sS8G6vjhfPn54kWuNFkkuHwG4yQXhYRcXjX
Validator heartbeat: B | reported_height=2541 | finalized_height=2541 | local_exec_epoch=2542
[REGISTRY-PENDING] height=2548 chain_height=2547 reason=future_parent
[SET-PENDING] height=2549 chain_height=2547 reason=future_height
Heartbeat sent: F finalized=2547 epoch=2548
[SYNC-SERVE-REQUEST] peer=12D3KooW requested=2471-2547 snapshot=false snapshot_height=0
[SYNC-SERVE-RESPONSE] peer=12D3KooW requested=2471-2547 served=2471-2547 count=77 snapshot=false tip_gap=false historical_gap=false duration_ms=9
Ã°Å¸â€œÂ¦ Sent blocks 2471-2547 (77 blocks) to 12D3KooWPVKESWFG9sS8G6vjhfPn54kWuNFkkuHwG4yQXhYRcXjX
2026/05/20 15:02:39 [STARTUP-EXECUTION-SNAPSHOT] action=rebuild schedule height=2547 reason=prior_rebuild_failed_local_history_ready
2026/05/20 15:02:39 [STARTUP-EXECUTION-SNAPSHOT] action=rebuild begin height=2547
[EMISSION] h=2459 reward=3 treasury=1 validators=2 burn=0 applied_burn=0 chance_bps=10000
2026/05/20 15:02:39 [STARTUP-EXECUTION-SNAPSHOT] action=rebuild resume base=2459 target=2547
2026/05/20 15:02:39 [STARTUP-EXECUTION-SNAPSHOT] action=rebuild status=failed height=2547 err=create_snapshot_failed height=2460 err=execution_snapshot_ledger_unavailable height=2460
[SYNC-FORCE] reason=startup_execution_snapshot_missing local=2547 target=2547
[SNAPSHOT-PROVIDERS] 12D3KooW(rep=0.50,class=degraded) 12D3KooW(rep=0.50,class=degraded) 12D3KooW(rep=0.50,class=degraded)
[STATUS] height=2547 finalized=2547 peers=4 validators=0 strict_live=0 heartbeat_live=0 out_of_drift=0 drift_limit=8 syncing=false sync_complete=true execution_ready=false execution_reason=startup_execution_snapshot_rebuild_pending_h_2547 gossip=true gossip_pipeline=new_block_gossip_validate_apply consensus_running=false mode=observer vote=false propose=false role=full validator_state=observer warmup_seconds=0 ready=false reason=startup_execution_snapshot_rebuild_pending_h_2547 snapshot_source=none expected_source=chain_parent_commitment expected_hash=d75b74ab resolved_source=chain_parent_commitment resolved_hash=d75b74ab next_source=carry_forward next_hash=d75b74ab got_hash= authority=chain_parent_commitment hash_mode=legacy
[SYNC-CLEAR] reason=up_to_date local=2547 target=2547
[SNAPSHOT-QUORUM] waiting checkpoint=2528 votes=2/3 reason=snapshot_anchor_unreachable frozen=2547 candidate=2540 target=2540 retries=0 proof_cache=true strict=map[]
2026/05/20 15:02:40 [STARTUP-EXECUTION-SNAPSHOT] action=rebuild async_wait height=2547 trigger=prior_rebuild_failed_local_history_ready reason=startup_execution_snapshot_syncing_h_2547
[CONSENSUS] height=2547 vhash=d75b74ab validators=4
Validator heartbeat received: B | reported_height=2541 | finalized_height=2541 | local_exec_epoch=2542
[SNAPSHOT-PUBLISH] deferred height=2547 reason=auto_publish_interval_10
[SYNC-SERVE-REQUEST] peer=12D3KooW requested=2471-2547 snapshot=false snapshot_height=0
[SYNC-SERVE-RESPONSE] peer=12D3KooW requested=2471-2547 served=2471-2547 count=77 snapshot=false tip_gap=false historical_gap=false duration_ms=5
[EMISSION] h=2459 reward=3 treasury=1 validators=2 burn=0 applied_burn=0 chance_bps=10000
[SYNC-FORCE] reason=startup_execution_snapshot_missing local=2547 target=2547 (cooldown)
Validator heartbeat received: B | reported_height=2541 | finalized_height=2541 | local_exec_epoch=2542
[REGISTRY-PENDING] height=2548 chain_height=2547 reason=future_parent
[SET-PENDING] height=2549 chain_height=2547 reason=future_height
Heartbeat sent: F finalized=2547 epoch=2548
Candidate heartbeat received: D | reported_height=2518 | finalized_height=2518 | local_exec_epoch=2519
Ignoring stale heartbeat: A reported=2470 local_finalized=2547
Validator heartbeat: B | reported_height=2542 | finalized_height=2541 | local_exec_epoch=2543
Candidate heartbeat received: D | reported_height=2518 | finalized_height=2518 | local_exec_epoch=2519
Ignoring stale heartbeat: A reported=2470 local_finalized=2547
Validator heartbeat: B | reported_height=2542 | finalized_height=2541 | local_exec_epoch=2543
[SYNC-SERVE-REQUEST] peer=12D3KooW requested=2471-2547 snapshot=false snapshot_height=0
[SYNC-SERVE-RESPONSE] peer=12D3KooW requested=2471-2547 served=2471-2547 count=77 snapshot=false tip_gap=false historical_gap=false duration_ms=6
2026/05/20 15:02:46 [STARTUP-EXECUTION-SNAPSHOT] action=rebuild schedule height=2547 reason=prior_rebuild_failed_local_history_ready
2026/05/20 15:02:46 [STARTUP-EXECUTION-SNAPSHOT] action=rebuild begin height=2547
[EMISSION] h=2459 reward=3 treasury=1 validators=2 burn=0 applied_burn=0 chance_bps=10000
2026/05/20 15:02:46 [STARTUP-EXECUTION-SNAPSHOT] action=rebuild resume base=2459 target=2547
2026/05/20 15:02:46 [STARTUP-EXECUTION-SNAPSHOT] action=rebuild status=failed height=2547 err=create_snapshot_failed height=2460 err=execution_snapshot_ledger_unavailable height=2460
[SYNC-FORCE] reason=startup_execution_snapshot_missing local=2547 target=2547
[SNAPSHOT-PROVIDERS] 12D3KooW(rep=0.50,class=degraded) 12D3KooW(rep=0.50,class=degraded) 12D3KooW(rep=0.50,class=degraded)
[SYNC-CLEAR] reason=up_to_date local=2547 target=2547
[SNAPSHOT-QUORUM] waiting checkpoint=2528 votes=2/3 reason=snapshot_anchor_unreachable frozen=2547 candidate=2540 target=2540 retries=0 proof_cache=true strict=map[]
2026/05/20 15:02:46 [STARTUP-EXECUTION-SNAPSHOT] action=rebuild async_wait height=2547 trigger=prior_rebuild_failed_local_history_ready reason=startup_execution_snapshot_syncing_h_2547
Attempting to connect to 4 peers
Validator heartbeat received: B | reported_height=2542 | finalized_height=2541 | local_exec_epoch=2543
[SNAPSHOT-PUBLISH] deferred height=2547 reason=auto_publish_interval_10
Ignoring stale heartbeat: C reported=2533 local_finalized=2547
Validator heartbeat: B | reported_height=2542 | finalized_height=2542 | local_exec_epoch=2543
[SYNC-SERVE-REQUEST] peer=12D3KooW requested=2471-2547 snapshot=false snapshot_height=0
[SYNC-SERVE-RESPONSE] peer=12D3KooW requested=2471-2547 served=2471-2547 count=77 snapshot=false tip_gap=false historical_gap=false duration_ms=6
Ã°Å¸â€œÂ¦ Sent blocks 2471-2547 (77 blocks) to 12D3KooWPVKESWFG9sS8G6vjhfPn54kWuNFkkuHwG4yQXhYRcXjX
[REGISTRY-PENDING] height=2548 chain_height=2547 reason=future_parent
[SET-PENDING] height=2549 chain_height=2547 reason=future_height
Heartbeat sent: F finalized=2547 epoch=2548
Validator heartbeat received: B | reported_height=2542 | finalized_height=2541 | local_exec_epoch=2543
Ignoring stale heartbeat: C reported=2533 local_finalized=2547
Validator heartbeat: B | reported_height=2542 | finalized_height=2542 | local_exec_epoch=2543
2026/05/20 15:02:51 [OK] goroutine pressure normalized: 181 (degrade mode off)
[SYNC-SERVE-REQUEST] peer=12D3KooW requested=2471-2547 snapshot=false snapshot_height=0
[SYNC-SERVE-RESPONSE] peer=12D3KooW requested=2471-2547 served=2471-2547 count=77 snapshot=false tip_gap=false historical_gap=false duration_ms=10
2026/05/20 15:02:52 [STARTUP-EXECUTION-SNAPSHOT] action=rebuild schedule height=2547 reason=prior_rebuild_failed_local_history_ready
2026/05/20 15:02:52 [STARTUP-EXECUTION-SNAPSHOT] action=rebuild begin height=2547
[EMISSION] h=2459 reward=3 treasury=1 validators=2 burn=0 applied_burn=0 chance_bps=10000
2026/05/20 15:02:52 [STARTUP-EXECUTION-SNAPSHOT] action=rebuild resume base=2459 target=2547
2026/05/20 15:02:52 [STARTUP-EXECUTION-SNAPSHOT] action=rebuild status=failed height=2547 err=create_snapshot_failed height=2460 err=execution_snapshot_ledger_unavailable height=2460
[SYNC-FORCE] reason=startup_execution_snapshot_missing local=2547 target=2547
[SNAPSHOT-PROVIDERS] 12D3KooW(rep=0.50,class=degraded) 12D3KooW(rep=0.50,class=degraded) 12D3KooW(rep=0.50,class=degraded)
[SYNC-CLEAR] reason=up_to_date local=2547 target=2547
[SNAPSHOT-QUORUM] waiting checkpoint=2528 votes=2/3 reason=snapshot_anchor_unreachable frozen=2547 candidate=2540 target=2540 retries=0 proof_cache=true strict=map[]
2026/05/20 15:02:53 [STARTUP-EXECUTION-SNAPSHOT] action=rebuild async_wait height=2547 trigger=prior_rebuild_failed_local_history_ready reason=startup_execution_snapshot_syncing_h_2547
Validator heartbeat received: B | reported_height=2542 | finalized_height=2542 | local_exec_epoch=2543
[SNAPSHOT-PUBLISH] deferred height=2547 reason=auto_publish_interval_10
[REGISTRY-PENDING] height=2548 chain_height=2547 reason=future_parent
[SET-PENDING] height=2549 chain_height=2547 reason=future_height
Heartbeat sent: F finalized=2547 epoch=2548
Candidate heartbeat received: D | reported_height=2519 | finalized_height=2519 | local_exec_epoch=2520
Validator heartbeat: B | reported_height=2543 | finalized_height=2543 | local_exec_epoch=2544
[SYNC-SERVE-REQUEST] peer=12D3KooW requested=2471-2547 snapshot=false snapshot_height=0
[SYNC-SERVE-RESPONSE] peer=12D3KooW requested=2471-2547 served=2471-2547 count=77 snapshot=false tip_gap=false historical_gap=false duration_ms=29
Validator heartbeat received: B | reported_height=2542 | finalized_height=2542 | local_exec_epoch=2543
2026/05/20 15:02:58 [STARTUP-EXECUTION-SNAPSHOT] action=rebuild schedule height=2547 reason=prior_rebuild_failed_local_history_ready
2026/05/20 15:02:58 [STARTUP-EXECUTION-SNAPSHOT] action=rebuild begin height=2547
[EMISSION] h=2459 reward=3 treasury=1 validators=2 burn=0 applied_burn=0 chance_bps=10000
2026/05/20 15:02:58 [STARTUP-EXECUTION-SNAPSHOT] action=rebuild resume base=2459 target=2547
2026/05/20 15:02:58 [STARTUP-EXECUTION-SNAPSHOT] action=rebuild status=failed height=2547 err=create_snapshot_failed height=2460 err=execution_snapshot_ledger_unavailable height=2460
[SYNC-FORCE] reason=startup_execution_snapshot_missing local=2547 target=2547
[SNAPSHOT-PROVIDERS] 12D3KooW(rep=0.50,class=degraded) 12D3KooW(rep=0.50,class=degraded) 12D3KooW(rep=0.50,class=degraded)
2026/05/20 15:02:59 [SYNC-FALLBACK] relaxed_snapshot_proof=enabled reason=snapshot_anchor_unreachable
[SNAPSHOT-QUORUM] waiting checkpoint=2528 votes=2/3 reason=snapshot_anchor_unreachable frozen=2540 candidate=2540 target=2540 retries=1 proof_cache=true strict=map[snapshot_anchor_unreachable:1]
2026/05/20 15:02:59 [STARTUP-EXECUTION-SNAPSHOT] action=rebuild async_wait height=2547 trigger=prior_rebuild_failed_local_history_ready reason=startup_execution_snapshot_syncing_h_2547
[EMISSION] h=2459 reward=3 treasury=1 validators=2 burn=0 applied_burn=0 chance_bps=10000
[SYNC-FORCE] reason=startup_execution_snapshot_missing local=2547 target=2547 (cooldown)
[STARTUP-PRECHECK] waiting reason=startup_execution_snapshot_syncing_h_2547 target=2548
[STATUS] height=2547 finalized=2547 peers=4 validators=0 strict_live=0 heartbeat_live=0 out_of_drift=0 drift_limit=8 syncing=false sync_complete=true execution_ready=false execution_reason=startup_execution_snapshot_rebuild_pending_h_2547 gossip=true gossip_pipeline=new_block_gossip_validate_apply consensus_running=false mode=observer vote=false propose=false role=full validator_state=observer warmup_seconds=0 ready=false reason=startup_execution_snapshot_rebuild_pending_h_2547 snapshot_source=none expected_source=chain_parent_commitment expected_hash=d75b74ab resolved_source=chain_parent_commitment resolved_hash=d75b74ab next_source=carry_forward next_hash=d75b74ab got_hash= authority=chain_parent_commitment hash_mode=legacy
Candidate heartbeat received: D | reported_height=2519 | finalized_height=2519 | local_exec_epoch=2520
Validator heartbeat: B | reported_height=2543 | finalized_height=2543 | local_exec_epoch=2544
[CONSENSUS] height=2547 vhash=d75b74ab validators=4
[REGISTRY-PENDING] height=2548 chain_height=2547 reason=future_parent
[SET-PENDING] height=2549 chain_height=2547 reason=future_height
Heartbeat sent: F finalized=2547 epoch=2548
2026/05/20 15:03:01 [OK] goroutine pressure normalized: 183 (degrade mode off)
2026/05/20 15:03:01 map stats: seen_blocks=0 seen_txs=0 fork_heights=0 fork_blocks=0 exec_results_keys=0 exec_results_total=0 pending_blocks=0 queued_exec_votes_keys=0 queued_exec_votes_total=0 accepted_proposal=0 exec_broadcasted_epochs=0 exec_broadcasted_keys=0 exec_signer_seen_epochs=0 exec_signer_seen_total=0 exec_broadcasted_by_val_epochs=0 exec_broadcasted_by_val_total=0 exec_rebroadcast_epochs=0 validator_status=5 candidates=2 peer_state=24 peers_connected=4 peers_connecting=0 peer_suspect=0 allowed_peers=4 pending_validators=0 pending_removals=0 queued_validator_updates=0 height_report_epochs=2 height_report_total=2 misbehavior_validators=0 misbehavior_total=0 exec_mismatch_tracked=0 exec_vote_replay_cache=0
[EMISSION] h=2459 reward=3 treasury=1 validators=2 burn=0 applied_burn=0 chance_bps=10000
[SYNC-FORCE] reason=startup_execution_snapshot_missing local=2547 target=2547 (cooldown)
Validator heartbeat received: B | reported_height=2543 | finalized_height=2543 | local_exec_epoch=2544
[SNAPSHOT-PUBLISH] deferred height=2547 reason=auto_publish_interval_10
[SYNC-SERVE-REQUEST] peer=12D3KooW requested=2471-2547 snapshot=false snapshot_height=0
[SYNC-SERVE-RESPONSE] peer=12D3KooW requested=2471-2547 served=2471-2547 count=77 snapshot=false tip_gap=false historical_gap=false duration_ms=16
Ã°Å¸â€œÂ¦ Sent blocks 2471-2547 (77 blocks) to 12D3KooWPVKESWFG9sS8G6vjhfPn54kWuNFkkuHwG4yQXhYRcXjX
Ignoring stale heartbeat: C reported=2534 local_finalized=2547
Validator heartbeat: B | reported_height=2544 | finalized_height=2544 | local_exec_epoch=2545
Validator heartbeat received: B | reported_height=2543 | finalized_height=2543 | local_exec_epoch=2544
Ignoring stale heartbeat: C reported=2534 local_finalized=2547
Validator heartbeat: B | reported_height=2544 | finalized_height=2544 | local_exec_epoch=2545
[SNAPSHOT-PROOF] height=2540 checkpoint=2528 validator=C votes=2 hash=5ed8d379
[SYNC-SERVE-REQUEST] peer=12D3KooW requested=2471-2547 snapshot=false snapshot_height=0
[SYNC-SERVE-RESPONSE] peer=12D3KooW requested=2471-2547 served=2471-2547 count=77 snapshot=false tip_gap=false historical_gap=false duration_ms=10
Validator heartbeat received: B | reported_height=2544 | finalized_height=2544 | local_exec_epoch=2545
Ignoring stale heartbeat: C reported=2535 local_finalized=2547
Validator heartbeat: B | reported_height=2545 | finalized_height=2545 | local_exec_epoch=2546
[REGISTRY-PENDING] height=2548 chain_height=2547 reason=future_parent
[SET-PENDING] height=2549 chain_height=2547 reason=future_height
Heartbeat sent: F finalized=2547 epoch=2548
Validator heartbeat received: B | reported_height=2544 | finalized_height=2544 | local_exec_epoch=2545
[SYNC-SERVE-REQUEST] peer=12D3KooW requested=2471-2547 snapshot=false snapshot_height=0
[SYNC-SERVE-RESPONSE] peer=12D3KooW requested=2471-2547 served=2471-2547 count=77 snapshot=false tip_gap=false historical_gap=false duration_ms=4
Ignoring stale heartbeat: C reported=2535 local_finalized=2547
Validator heartbeat: B | reported_height=2545 | finalized_height=2545 | local_exec_epoch=2546
[SNAPSHOT-PUBLISH] deferred height=2547 reason=auto_publish_interval_10
Validator heartbeat received: B | reported_height=2545 | finalized_height=2545 | local_exec_epoch=2546
2026/05/20 15:03:10 [STARTUP-EXECUTION-SNAPSHOT] action=rebuild schedule height=2547 reason=prior_rebuild_failed_local_history_ready
2026/05/20 15:03:10 [STARTUP-EXECUTION-SNAPSHOT] action=rebuild begin height=2547
[EMISSION] h=2459 reward=3 treasury=1 validators=2 burn=0 applied_burn=0 chance_bps=10000
2026/05/20 15:03:10 [STARTUP-EXECUTION-SNAPSHOT] action=rebuild resume base=2459 target=2547
2026/05/20 15:03:10 [STARTUP-EXECUTION-SNAPSHOT] action=rebuild status=failed height=2547 err=create_snapshot_failed height=2460 err=execution_snapshot_ledger_unavailable height=2460
[SYNC-FORCE] reason=startup_execution_snapshot_missing local=2547 target=2547
[SNAPSHOT-SESSION] stage=COLLECT_PROOFS prev=PROVIDER_ROTATE
[SNAPSHOT-PROVIDERS] 12D3KooW(rep=0.50,class=degraded) 12D3KooW(rep=0.50,class=degraded) 12D3KooW(rep=0.50,class=degraded)
2026/05/20 15:03:10 [SYNC-FALLBACK] relaxed_snapshot_proof=disabled
[SYNC-CLEAR] reason=up_to_date local=2547 target=2547
[SNAPSHOT-QUORUM] waiting checkpoint=2528 votes=2/3 reason=snapshot_anchor_unreachable frozen=2540 candidate=2540 target=2540 retries=1 proof_cache=true strict=map[]
2026/05/20 15:03:11 [STARTUP-EXECUTION-SNAPSHOT] action=rebuild async_wait height=2547 trigger=prior_rebuild_failed_local_history_ready reason=startup_execution_snapshot_syncing_h_2547
Validator heartbeat received: B | reported_height=2545 | finalized_height=2545 | local_exec_epoch=2546
Attempting to connect to 4 peers
Candidate heartbeat received: D | reported_height=2520 | finalized_height=2520 | local_exec_epoch=2521
Ignoring stale heartbeat: A reported=2470 local_finalized=2547
Validator heartbeat: B | reported_height=2546 | finalized_height=2546 | local_exec_epoch=2547
[SYNC-SERVE-REQUEST] peer=12D3KooW requested=2471-2547 snapshot=false snapshot_height=0
[SYNC-SERVE-RESPONSE] peer=12D3KooW requested=2471-2547 served=2471-2547 count=77 snapshot=false tip_gap=false historical_gap=false duration_ms=31
Ã°Å¸â€œÂ¦ Sent blocks 2471-2547 (77 blocks) to 12D3KooWPVKESWFG9sS8G6vjhfPn54kWuNFkkuHwG4yQXhYRcXjX
Candidate heartbeat received: D | reported_height=2520 | finalized_height=2520 | local_exec_epoch=2521
Ignoring stale heartbeat: A reported=2470 local_finalized=2547
Validator heartbeat: B | reported_height=2546 | finalized_height=2546 | local_exec_epoch=2547
[REGISTRY-PENDING] height=2548 chain_height=2547 reason=future_parent
[SET-PENDING] height=2549 chain_height=2547 reason=future_height
[SYNC-SERVE-REQUEST] peer=12D3KooW requested=2471-2547 snapshot=false snapshot_height=0
[SYNC-SERVE-RESPONSE] peer=12D3KooW requested=2471-2547 served=2471-2547 count=77 snapshot=false tip_gap=false historical_gap=false duration_ms=16
Heartbeat sent: F finalized=2547 epoch=2548
[SYNC-SERVE-REQUEST] peer=12D3KooW requested=2471-2547 snapshot=false snapshot_height=0
[SYNC-SERVE-RESPONSE] peer=12D3KooW requested=2471-2547 served=2471-2547 count=77 snapshot=false tip_gap=false historical_gap=false duration_ms=227
2026/05/20 15:03:20 [STARTUP-EXECUTION-SNAPSHOT] action=rebuild schedule height=2547 reason=prior_rebuild_failed_local_history_ready
2026/05/20 15:03:20 [STARTUP-EXECUTION-SNAPSHOT] action=rebuild begin height=2547
[EMISSION] h=2459 reward=3 treasury=1 validators=2 burn=0 applied_burn=0 chance_bps=10000
2026/05/20 15:03:20 [STARTUP-EXECUTION-SNAPSHOT] action=rebuild resume base=2459 target=2547
2026/05/20 15:03:20 [STARTUP-EXECUTION-SNAPSHOT] action=rebuild status=failed height=2547 err=create_snapshot_failed height=2460 err=execution_snapshot_ledger_unavailable height=2460
[SYNC-FORCE] reason=startup_execution_snapshot_missing local=2547 target=2547
[SNAPSHOT-PROVIDERS] 12D3KooW(rep=0.50,class=degraded) 12D3KooW(rep=0.50,class=degraded) 12D3KooW(rep=0.50,class=degraded)
[SYNC-CLEAR] reason=up_to_date local=2547 target=2547
[SNAPSHOT-QUORUM] waiting checkpoint=2528 votes=2/3 reason=snapshot_anchor_unreachable frozen=2547 candidate=2540 target=2540 retries=0 proof_cache=true strict=map[]
2026/05/20 15:03:21 [STARTUP-EXECUTION-SNAPSHOT] action=rebuild async_wait height=2547 trigger=prior_rebuild_failed_local_history_ready reason=startup_execution_snapshot_syncing_h_2547
Validator heartbeat received: B | reported_height=2546 | finalized_height=2546 | local_exec_epoch=2547
[SNAPSHOT-PUBLISH] deferred height=2547 reason=auto_publish_interval_10
Ignoring stale heartbeat: C reported=2536 local_finalized=2547
Validator heartbeat received: B | reported_height=2546 | finalized_height=2546 | local_exec_epoch=2547
[SYNC-SERVE-REQUEST] peer=12D3KooW requested=2471-2547 snapshot=false snapshot_height=0
[SYNC-SERVE-RESPONSE] peer=12D3KooW requested=2471-2547 served=2471-2547 count=77 snapshot=false tip_gap=false historical_gap=false duration_ms=9
Ignoring stale heartbeat: C reported=2536 local_finalized=2547
[STATUS] height=2547 finalized=2547 peers=4 validators=0 strict_live=0 heartbeat_live=0 out_of_drift=0 drift_limit=8 syncing=false sync_complete=true execution_ready=false execution_reason=startup_execution_snapshot_rebuild_pending_h_2547 gossip=true gossip_pipeline=new_block_gossip_validate_apply consensus_running=false mode=observer vote=false propose=false role=full validator_state=observer warmup_seconds=0 ready=false reason=startup_execution_snapshot_rebuild_pending_h_2547 snapshot_source=none expected_source=chain_parent_commitment expected_hash=d75b74ab resolved_source=chain_parent_commitment resolved_hash=d75b74ab next_source=carry_forward next_hash=d75b74ab got_hash= authority=chain_parent_commitment hash_mode=legacy
Candidate heartbeat received: D | reported_height=2520 | finalized_height=2520 | local_exec_epoch=2521
Validator heartbeat: B | reported_height=2547 | finalized_height=2547 | local_exec_epoch=2548
Candidate heartbeat received: D | reported_height=2520 | finalized_height=2520 | local_exec_epoch=2521
Validator heartbeat: B | reported_height=2547 | finalized_height=2547 | local_exec_epoch=2548
[REGISTRY-PENDING] height=2548 chain_height=2547 reason=future_parent
[SET-PENDING] height=2549 chain_height=2547 reason=future_height
Heartbeat sent: F finalized=2547 epoch=2548
[CONSENSUS] height=2547 vhash=d75b74ab validators=4
2026/05/20 15:03:25 [STARTUP-EXECUTION-SNAPSHOT] action=rebuild schedule height=2547 reason=prior_rebuild_failed_local_history_ready
2026/05/20 15:03:25 [STARTUP-EXECUTION-SNAPSHOT] action=rebuild begin height=2547
[EMISSION] h=2459 reward=3 treasury=1 validators=2 burn=0 applied_burn=0 chance_bps=10000
2026/05/20 15:03:25 [STARTUP-EXECUTION-SNAPSHOT] action=rebuild resume base=2459 target=2547
2026/05/20 15:03:25 [STARTUP-EXECUTION-SNAPSHOT] action=rebuild status=failed height=2547 err=create_snapshot_failed height=2460 err=execution_snapshot_ledger_unavailable height=2460
[SYNC-FORCE] reason=startup_execution_snapshot_missing local=2547 target=2547
[SNAPSHOT-PROVIDERS] 12D3KooW(rep=0.50,class=degraded) 12D3KooW(rep=0.50,class=degraded) 12D3KooW(rep=0.50,class=degraded)
2026/05/20 15:03:26 [SYNC-FALLBACK] relaxed_snapshot_proof=enabled reason=snapshot_anchor_unreachable
[SNAPSHOT-QUORUM] waiting checkpoint=2528 votes=2/3 reason=snapshot_anchor_unreachable frozen=2540 candidate=2540 target=2540 retries=1 proof_cache=true strict=map[snapshot_anchor_unreachable:1]
[SYNC-SERVE-REQUEST] peer=12D3KooW requested=2471-2547 snapshot=false snapshot_height=0
[SYNC-SERVE-RESPONSE] peer=12D3KooW requested=2471-2547 served=2471-2547 count=77 snapshot=false tip_gap=false historical_gap=false duration_ms=10
Ã°Å¸â€œÂ¦ Sent blocks 2471-2547 (77 blocks) to 12D3KooWPVKESWFG9sS8G6vjhfPn54kWuNFkkuHwG4yQXhYRcXjX
Validator heartbeat received: B | reported_height=2547 | finalized_height=2547 | local_exec_epoch=2548
[SNAPSHOT-PUBLISH] deferred height=2547 reason=auto_publish_interval_10
Ignoring stale heartbeat: C reported=2537 local_finalized=2547
Validator heartbeat received: B | reported_height=2547 | finalized_height=2547 | local_exec_epoch=2548
Ignoring stale heartbeat: C reported=2537 local_finalized=2547
Candidate heartbeat received: D | reported_height=2521 | finalized_height=2521 | local_exec_epoch=2522
Candidate heartbeat received: D | reported_height=2521 | finalized_height=2521 | local_exec_epoch=2522
Ignoring stale heartbeat: C reported=2538 local_finalized=2547
Ignoring stale heartbeat: C reported=2538 local_finalized=2547
Ignoring stale heartbeat: A reported=2470 local_finalized=2547
Ignoring stale heartbeat: A reported=2470 local_finalized=2547
[REGISTRY-PENDING] height=2548 chain_height=2547 reason=future_parent
[SET-PENDING] height=2549 chain_height=2547 reason=future_height
Heartbeat sent: F finalized=2547 epoch=2548
[SYNC-SERVE-REQUEST] peer=12D3KooW requested=2471-2547 snapshot=false snapshot_height=0
[SYNC-SERVE-RESPONSE] peer=12D3KooW requested=2471-2547 served=2471-2547 count=77 snapshot=false tip_gap=false historical_gap=false duration_ms=5
2026/05/20 15:03:31 [OK] goroutine pressure normalized: 181 (degrade mode off)
Candidate heartbeat received: D | reported_height=2521 | finalized_height=2521 | local_exec_epoch=2522
Validator heartbeat: C | reported_height=2539 | finalized_height=2539 | local_exec_epoch=2540
Candidate heartbeat received: D | reported_height=2521 | finalized_height=2521 | local_exec_epoch=2522
Validator heartbeat: C | reported_height=2539 | finalized_height=2539 | local_exec_epoch=2540
2026/05/20 15:03:32 [STARTUP-EXECUTION-SNAPSHOT] action=rebuild begin height=2547
[EMISSION] h=2459 reward=3 treasury=1 validators=2 burn=0 applied_burn=0 chance_bps=10000
2026/05/20 15:03:32 [STARTUP-EXECUTION-SNAPSHOT] action=rebuild resume base=2459 target=2547
2026/05/20 15:03:32 [STARTUP-EXECUTION-SNAPSHOT] action=rebuild status=failed height=2547 err=create_snapshot_failed height=2460 err=execution_snapshot_ledger_unavailable height=2460
[SYNC-FORCE] reason=startup_execution_snapshot_missing local=2547 target=2547
[SNAPSHOT-SESSION] stage=COLLECT_PROOFS prev=PROVIDER_ROTATE
[SNAPSHOT-PROVIDERS] 12D3KooW(rep=0.50,class=degraded) 12D3KooW(rep=0.50,class=degraded) 12D3KooW(rep=0.50,class=degraded)
[SNAPSHOT-QUORUM] waiting checkpoint=2528 votes=2/3 reason=snapshot_anchor_unreachable frozen=2540 candidate=2540 target=2540 retries=2 proof_cache=true strict=map[meta_unavailable:2 snapshot_anchor_unreachable:2]
[STARTUP-PRECHECK] waiting reason=startup_execution_snapshot_syncing_h_2547 target=2548
Ã°Å¸â€œÂ¨ Consensus message from 12D3KooWD9ed8zJXbW8uUU6XHD2UYrsQQEvnuXReJWFeo52dvdf8: block_ack (size: 15 bytes)
Ã°Å¸â€Å’ Consensus stream EOF from 12D3KooWD9ed8zJXbW8uUU6XHD2UYrsQQEvnuXReJWFeo52dvdf8
Ã°Å¸â€Å’ Consensus stream closed with 12D3KooWD9ed8zJXbW8uUU6XHD2UYrsQQEvnuXReJWFeo52dvdf8
2026/05/20 15:03:33 [STARTUP-EXECUTION-SNAPSHOT] action=rebuild schedule height=2547 reason=prior_rebuild_failed_local_history_ready
[EMISSION] h=2459 reward=3 treasury=1 validators=2 burn=0 applied_burn=0 chance_bps=10000
[SYNC-FORCE] reason=startup_execution_snapshot_missing local=2547 target=2547 (cooldown)
2026/05/20 15:03:33 [STARTUP-EXECUTION-SNAPSHOT] action=rebuild async_wait height=2547 trigger=prior_rebuild_failed_local_history_ready reason=startup_execution_snapshot_syncing_h_2547
[SNAPSHOT-PUBLISH] deferred height=2547 reason=auto_publish_interval_10
Attempting to connect to 4 peers
Validator heartbeat received: C | reported_height=2539 | finalized_height=2539 | local_exec_epoch=2540
Validator heartbeat: B | reported_height=2547 | finalized_height=2547 | local_exec_epoch=2548
Validator heartbeat received: C | reported_height=2539 | finalized_height=2539 | local_exec_epoch=2540
Validator heartbeat: B | reported_height=2547 | finalized_height=2547 | local_exec_epoch=2548
[EMISSION] h=2459 reward=3 treasury=1 validators=2 burn=0 applied_burn=0 chance_bps=10000
[SYNC-FORCE] reason=startup_execution_snapshot_missing local=2547 target=2547 (cooldown)
[SYNC-SERVE-REQUEST] peer=12D3KooW requested=2471-2547 snapshot=false snapshot_height=0
[SYNC-SERVE-RESPONSE] peer=12D3KooW requested=2471-2547 served=2471-2547 count=77 snapshot=false tip_gap=false historical_gap=false duration_ms=16
[REGISTRY-PENDING] height=2548 chain_height=2547 reason=future_parent
[SET-PENDING] height=2549 chain_height=2547 reason=future_height
Heartbeat sent: F finalized=2547 epoch=2548
[SYNC-SERVE-REQUEST] peer=12D3KooW requested=2471-2547 snapshot=false snapshot_height=0
[SYNC-SERVE-RESPONSE] peer=12D3KooW requested=2471-2547 served=2471-2547 count=77 snapshot=false tip_gap=false historical_gap=false duration_ms=43
Ã°Å¸â€œÂ¦ Sent blocks 2471-2547 (77 blocks) to 12D3KooWPVKESWFG9sS8G6vjhfPn54kWuNFkkuHwG4yQXhYRcXjX
Validator heartbeat received: B | reported_height=2547 | finalized_height=2547 | local_exec_epoch=2548
[SNAPSHOT-PUBLISH] deferred height=2547 reason=auto_publish_interval_10
Validator heartbeat: C | reported_height=2540 | finalized_height=2540 | local_exec_epoch=2541
Validator heartbeat received: B | reported_height=2547 | finalized_height=2547 | local_exec_epoch=2548
Validator heartbeat: C | reported_height=2540 | finalized_height=2540 | local_exec_epoch=2541
2026/05/20 15:03:41 [STARTUP-EXECUTION-SNAPSHOT] action=rebuild schedule height=2547 reason=prior_rebuild_failed_local_history_ready
2026/05/20 15:03:41 [STARTUP-EXECUTION-SNAPSHOT] action=rebuild begin height=2547
[EMISSION] h=2459 reward=3 treasury=1 validators=2 burn=0 applied_burn=0 chance_bps=10000
2026/05/20 15:03:41 [STARTUP-EXECUTION-SNAPSHOT] action=rebuild resume base=2459 target=2547
2026/05/20 15:03:41 [STARTUP-EXECUTION-SNAPSHOT] action=rebuild status=failed height=2547 err=create_snapshot_failed height=2460 err=execution_snapshot_ledger_unavailable height=2460
[SYNC-FORCE] reason=startup_execution_snapshot_missing local=2547 target=2547 (cooldown)
2026/05/20 15:03:41 [STARTUP-EXECUTION-SNAPSHOT] action=rebuild async_wait height=2547 trigger=prior_rebuild_failed_local_history_ready reason=startup_execution_snapshot_syncing_h_2547
[SYNC-SERVE-REQUEST] peer=12D3KooW requested=2471-2547 snapshot=false snapshot_height=0
[SYNC-SERVE-RESPONSE] peer=12D3KooW requested=2471-2547 served=2471-2547 count=77 snapshot=false tip_gap=false historical_gap=false duration_ms=59
Validator heartbeat received: C | reported_height=2540 | finalized_height=2540 | local_exec_epoch=2541
[SNAPSHOT-PUBLISH] deferred height=2547 reason=auto_publish_interval_10
[SYNC-SERVE-REQUEST] peer=12D3KooW requested=2471-2547 snapshot=false snapshot_height=0
[SYNC-SERVE-RESPONSE] peer=12D3KooW requested=2471-2547 served=2471-2547 count=77 snapshot=false tip_gap=false historical_gap=false duration_ms=8
[REGISTRY-PENDING] height=2548 chain_height=2547 reason=future_parent
[SET-PENDING] height=2549 chain_height=2547 reason=future_height
Heartbeat sent: F finalized=2547 epoch=2548
Validator heartbeat received: C | reported_height=2540 | finalized_height=2540 | local_exec_epoch=2541
2026/05/20 15:03:48 [STARTUP-EXECUTION-SNAPSHOT] action=rebuild schedule height=2547 reason=prior_rebuild_failed_local_history_ready
2026/05/20 15:03:48 [STARTUP-EXECUTION-SNAPSHOT] action=rebuild begin height=2547
[EMISSION] h=2459 reward=3 treasury=1 validators=2 burn=0 applied_burn=0 chance_bps=10000
2026/05/20 15:03:48 [STARTUP-EXECUTION-SNAPSHOT] action=rebuild resume base=2459 target=2547
2026/05/20 15:03:48 [STARTUP-EXECUTION-SNAPSHOT] action=rebuild status=failed height=2547 err=create_snapshot_failed height=2460 err=execution_snapshot_ledger_unavailable height=2460
[SYNC-FORCE] reason=startup_execution_snapshot_missing local=2547 target=2547
[SNAPSHOT-SESSION] stage=COLLECT_PROOFS prev=PROVIDER_ROTATE
[SNAPSHOT-PROVIDERS] 12D3KooW(rep=0.50,class=degraded) 12D3KooW(rep=0.50,class=degraded) 12D3KooW(rep=0.50,class=degraded)
[STATUS] height=2547 finalized=2547 peers=4 validators=1 strict_live=1 heartbeat_live=1 out_of_drift=0 drift_limit=8 syncing=false sync_complete=true execution_ready=false execution_reason=startup_execution_snapshot_rebuild_pending_h_2547 gossip=true gossip_pipeline=new_block_gossip_validate_apply consensus_running=false mode=observer vote=false propose=false role=full validator_state=observer warmup_seconds=0 ready=false reason=startup_execution_snapshot_rebuild_pending_h_2547 snapshot_source=none expected_source=chain_parent_commitment expected_hash=d75b74ab resolved_source=chain_parent_commitment resolved_hash=d75b74ab next_source=carry_forward next_hash=d75b74ab got_hash= authority=chain_parent_commitment hash_mode=legacy
[SNAPSHOT-QUORUM] waiting checkpoint=2528 votes=2/3 reason=snapshot_anchor_unreachable frozen=2540 candidate=2540 target=2540 retries=3 proof_cache=true strict=map[meta_unavailable:4 snapshot_anchor_unreachable:3]
2026/05/20 15:03:49 [STARTUP-EXECUTION-SNAPSHOT] action=rebuild async_wait height=2547 trigger=prior_rebuild_failed_local_history_ready reason=startup_execution_snapshot_syncing_h_2547
Candidate heartbeat received: D | reported_height=2522 | finalized_height=2522 | local_exec_epoch=2523
Validator heartbeat: C | reported_height=2541 | finalized_height=2541 | local_exec_epoch=2542
Candidate heartbeat received: D | reported_height=2522 | finalized_height=2522 | local_exec_epoch=2523
Validator heartbeat: C | reported_height=2541 | finalized_height=2541 | local_exec_epoch=2542
2026/05/20 15:03:51 [OK] goroutine pressure normalized: 183 (degrade mode off)
[CONSENSUS] height=2547 vhash=d75b74ab validators=4
[SYNC-SERVE-REQUEST] peer=12D3KooW requested=2471-2547 snapshot=false snapshot_height=0
[SYNC-SERVE-RESPONSE] peer=12D3KooW requested=2471-2547 served=2471-2547 count=77 snapshot=false tip_gap=false historical_gap=false duration_ms=6
Ã°Å¸â€œÂ¦ Sent blocks 2471-2547 (77 blocks) to 12D3KooWPVKESWFG9sS8G6vjhfPn54kWuNFkkuHwG4yQXhYRcXjX
[EMISSION] h=2459 reward=3 treasury=1 validators=2 burn=0 applied_burn=0 chance_bps=10000
[SYNC-FORCE] reason=startup_execution_snapshot_missing local=2547 target=2547 (cooldown)
Validator heartbeat received: C | reported_height=2541 | finalized_height=2541 | local_exec_epoch=2542
[SNAPSHOT-PUBLISH] deferred height=2547 reason=auto_publish_interval_10
2026/05/20 15:03:55 [SYNC-FALLBACK] relaxed_snapshot_proof=disabled
Validator heartbeat: C | reported_height=2542 | finalized_height=2542 | local_exec_epoch=2543
Validator heartbeat received: C | reported_height=2541 | finalized_height=2541 | local_exec_epoch=2542
Validator heartbeat: C | reported_height=2542 | finalized_height=2542 | local_exec_epoch=2543
[REGISTRY-PENDING] height=2548 chain_height=2547 reason=future_parent
[SET-PENDING] height=2549 chain_height=2547 reason=future_height
Heartbeat sent: F finalized=2547 epoch=2548
[SYNC-SERVE-REQUEST] peer=12D3KooW requested=2471-2547 snapshot=false snapshot_height=0
[SYNC-SERVE-RESPONSE] peer=12D3KooW requested=2471-2547 served=2471-2547 count=77 snapshot=false tip_gap=false historical_gap=false duration_ms=10
Attempting to connect to 4 peers
2026/05/20 15:04:01 [STARTUP-EXECUTION-SNAPSHOT] action=rebuild schedule height=2547 reason=prior_rebuild_failed_local_history_ready
2026/05/20 15:04:01 [STARTUP-EXECUTION-SNAPSHOT] action=rebuild begin height=2547
[EMISSION] h=2459 reward=3 treasury=1 validators=2 burn=0 applied_burn=0 chance_bps=10000
2026/05/20 15:04:01 [STARTUP-EXECUTION-SNAPSHOT] action=rebuild resume base=2459 target=2547
2026/05/20 15:04:01 [STARTUP-EXECUTION-SNAPSHOT] action=rebuild status=failed height=2547 err=create_snapshot_failed height=2460 err=execution_snapshot_ledger_unavailable height=2460
[SYNC-FORCE] reason=startup_execution_snapshot_missing local=2547 target=2547 (cooldown)
2026/05/20 15:04:01 [STARTUP-EXECUTION-SNAPSHOT] action=rebuild async_wait height=2547 trigger=prior_rebuild_failed_local_history_ready reason=startup_execution_snapshot_syncing_h_2547
[SYNC-SERVE-REQUEST] peer=12D3KooW requested=2471-2547 snapshot=false snapshot_height=0
[SYNC-SERVE-RESPONSE] peer=12D3KooW requested=2471-2547 served=2471-2547 count=77 snapshot=false tip_gap=false historical_gap=false duration_ms=19
Ã°Å¸â€œÂ¦ Sent blocks 2471-2547 (77 blocks) to 12D3KooWPVKESWFG9sS8G6vjhfPn54kWuNFkkuHwG4yQXhYRcXjX
Validator heartbeat received: C | reported_height=2542 | finalized_height=2542 | local_exec_epoch=2543
[SNAPSHOT-PUBLISH] deferred height=2547 reason=auto_publish_interval_10
Ignoring stale heartbeat: A reported=2470 local_finalized=2547
Validator heartbeat received: C | reported_height=2542 | finalized_height=2542 | local_exec_epoch=2543
Ignoring stale heartbeat: A reported=2470 local_finalized=2547
[REGISTRY-PENDING] height=2548 chain_height=2547 reason=future_parent
[SET-PENDING] height=2549 chain_height=2547 reason=future_height
Heartbeat sent: F finalized=2547 epoch=2548
Candidate heartbeat received: D | reported_height=2522 | finalized_height=2522 | local_exec_epoch=2523
Validator heartbeat: C | reported_height=2543 | finalized_height=2543 | local_exec_epoch=2544
Candidate heartbeat received: D | reported_height=2522 | finalized_height=2522 | local_exec_epoch=2523
Validator heartbeat: C | reported_height=2543 | finalized_height=2543 | local_exec_epoch=2544
[SYNC-SERVE-REQUEST] peer=12D3KooW requested=2471-2547 snapshot=false snapshot_height=0
[SYNC-SERVE-RESPONSE] peer=12D3KooW requested=2471-2547 served=2471-2547 count=77 snapshot=false tip_gap=false historical_gap=false duration_ms=7
2026/05/20 15:04:07 [STARTUP-EXECUTION-SNAPSHOT] action=rebuild schedule height=2547 reason=prior_rebuild_failed_local_history_ready
2026/05/20 15:04:07 [STARTUP-EXECUTION-SNAPSHOT] action=rebuild begin height=2547
[EMISSION] h=2459 reward=3 treasury=1 validators=2 burn=0 applied_burn=0 chance_bps=10000
2026/05/20 15:04:07 [STARTUP-EXECUTION-SNAPSHOT] action=rebuild resume base=2459 target=2547
2026/05/20 15:04:07 [STARTUP-EXECUTION-SNAPSHOT] action=rebuild status=failed height=2547 err=create_snapshot_failed height=2460 err=execution_snapshot_ledger_unavailable height=2460
[SYNC-FORCE] reason=startup_execution_snapshot_missing local=2547 target=2547 (cooldown)
2026/05/20 15:04:07 [STARTUP-EXECUTION-SNAPSHOT] action=rebuild async_wait height=2547 trigger=prior_rebuild_failed_local_history_ready reason=startup_execution_snapshot_syncing_h_2547
[SNAPSHOT-PUBLISH] deferred height=2547 reason=auto_publish_interval_10
Validator heartbeat received: C | reported_height=2543 | finalized_height=2543 | local_exec_epoch=2544
Validator heartbeat: B | reported_height=2547 | finalized_height=2547 | local_exec_epoch=2548
Ã°Å¸â€œÂ¨ Consensus message from 12D3KooWD9ed8zJXbW8uUU6XHD2UYrsQQEvnuXReJWFeo52dvdf8: leader_block (size: 1313 bytes)
Ã°Å¸â€œÂ¦ Leader block received from 12D3KooWD9ed8zJXbW8uUU6XHD2UYrsQQEvnuXReJWFeo52dvdf8 | height=2548 proposer=C
Ã°Å¸â€Å’ Consensus stream EOF from 12D3KooWD9ed8zJXbW8uUU6XHD2UYrsQQEvnuXReJWFeo52dvdf8
Ã°Å¸â€Å’ Consensus stream closed with 12D3KooWD9ed8zJXbW8uUU6XHD2UYrsQQEvnuXReJWFeo52dvdf8
[SET-COMMITMENT-APPLY] height=2548 source=chain_parent_commitment mode=legacy hash=d75b74ab
[SYNC-SERVE-REQUEST] peer=12D3KooW requested=2471-2547 snapshot=false snapshot_height=0
[SYNC-SERVE-RESPONSE] peer=12D3KooW requested=2471-2547 served=2471-2547 count=77 snapshot=false tip_gap=false historical_gap=false duration_ms=17
[REGISTRY-PENDING] height=2548 chain_height=2547 reason=future_parent
[SET-PENDING] height=2549 chain_height=2547 reason=future_height
Heartbeat sent: F finalized=2547 epoch=2548
2026/05/20 15:04:11 [OK] goroutine pressure normalized: 181 (degrade mode off)
2026/05/20 15:04:11 map stats: seen_blocks=0 seen_txs=0 fork_heights=0 fork_blocks=0 exec_results_keys=0 exec_results_total=0 pending_blocks=0 queued_exec_votes_keys=0 queued_exec_votes_total=0 accepted_proposal=0 exec_broadcasted_epochs=0 exec_broadcasted_keys=0 exec_signer_seen_epochs=0 exec_signer_seen_total=0 exec_broadcasted_by_val_epochs=0 exec_broadcasted_by_val_total=0 exec_rebroadcast_epochs=0 validator_status=5 candidates=2 peer_state=24 peers_connected=4 peers_connecting=0 peer_suspect=0 allowed_peers=4 pending_validators=0 pending_removals=0 queued_validator_updates=0 height_report_epochs=2 height_report_total=3 misbehavior_validators=0 misbehavior_total=0 exec_mismatch_tracked=0 exec_vote_replay_cache=0
Validator heartbeat received: C | reported_height=2543 | finalized_height=2543 | local_exec_epoch=2544
Validator heartbeat: B | reported_height=2547 | finalized_height=2547 | local_exec_epoch=2548
2026/05/20 15:04:13 [STARTUP-EXECUTION-SNAPSHOT] action=rebuild schedule height=2547 reason=prior_rebuild_failed_local_history_ready
2026/05/20 15:04:13 [STARTUP-EXECUTION-SNAPSHOT] action=rebuild begin height=2547
[EMISSION] h=2459 reward=3 treasury=1 validators=2 burn=0 applied_burn=0 chance_bps=10000
2026/05/20 15:04:13 [STARTUP-EXECUTION-SNAPSHOT] action=rebuild resume base=2459 target=2547
2026/05/20 15:04:13 [STARTUP-EXECUTION-SNAPSHOT] action=rebuild status=failed height=2547 err=create_snapshot_failed height=2460 err=execution_snapshot_ledger_unavailable height=2460
[SYNC-FORCE] reason=startup_execution_snapshot_missing local=2547 target=2547
[SNAPSHOT-PROVIDERS] 12D3KooW(rep=0.50,class=degraded) 12D3KooW(rep=0.50,class=degraded) 12D3KooW(rep=0.50,class=degraded)
[STARTUP-PRECHECK] waiting reason=startup_execution_snapshot_rebuild_pending_h_2547 target=2548
2026/05/20 15:04:15 [SYNC-FALLBACK] relaxed_snapshot_proof=enabled reason=snapshot_anchor_unreachable
[SNAPSHOT-QUORUM] waiting checkpoint=2528 votes=2/3 reason=snapshot_anchor_unreachable frozen=2540 candidate=2540 target=2540 retries=1 proof_cache=true strict=map[snapshot_anchor_unreachable:1]
2026/05/20 15:04:15 [STARTUP-EXECUTION-SNAPSHOT] action=rebuild async_wait height=2547 trigger=prior_rebuild_failed_local_history_ready reason=startup_execution_snapshot_syncing_h_2547
2026/05/20 15:04:16 [EXEC-PROPOSAL-SELECT] height=2548 reason=observed prev_round=0 prev_block= round=0 block=9820e0c8 voters=0 force=false
Ã°Å¸â€œÂ¨ Consensus message from 12D3KooWD9ed8zJXbW8uUU6XHD2UYrsQQEvnuXReJWFeo52dvdf8: execution_result (size: 359 bytes)
Ã°Å¸â€Å’ Consensus stream EOF from 12D3KooWD9ed8zJXbW8uUU6XHD2UYrsQQEvnuXReJWFeo52dvdf8
Ã°Å¸â€Å’ Consensus stream closed with 12D3KooWD9ed8zJXbW8uUU6XHD2UYrsQQEvnuXReJWFeo52dvdf8
[STATUS] height=2547 finalized=2547 peers=4 validators=1 strict_live=1 heartbeat_live=1 out_of_drift=0 drift_limit=8 syncing=false sync_complete=true execution_ready=false execution_reason=startup_execution_snapshot_rebuild_pending_h_2547 gossip=true gossip_pipeline=new_block_gossip_validate_apply consensus_running=false mode=observer vote=false propose=false role=full validator_state=observer warmup_seconds=0 ready=false reason=startup_execution_snapshot_rebuild_pending_h_2547 snapshot_source=none expected_source=chain_parent_commitment expected_hash=d75b74ab resolved_source=chain_parent_commitment resolved_hash=d75b74ab next_source=carry_forward next_hash=d75b74ab got_hash= authority=chain_parent_commitment hash_mode=legacy
[SYNC-SERVE-REQUEST] peer=12D3KooW requested=2471-2547 snapshot=false snapshot_height=0
[SYNC-SERVE-RESPONSE] peer=12D3KooW requested=2471-2547 served=2471-2547 count=77 snapshot=false tip_gap=false historical_gap=false duration_ms=21
Ã°Å¸â€œÂ¦ Sent blocks 2471-2547 (77 blocks) to 12D3KooWPVKESWFG9sS8G6vjhfPn54kWuNFkkuHwG4yQXhYRcXjX
[EMISSION] h=2459 reward=3 treasury=1 validators=2 burn=0 applied_burn=0 chance_bps=10000
[SYNC-FORCE] reason=startup_execution_snapshot_missing local=2547 target=2547 (cooldown)
[CONSENSUS] height=2547 vhash=d75b74ab validators=4
Validator heartbeat received: B | reported_height=2547 | finalized_height=2547 | local_exec_epoch=2548
[SNAPSHOT-PUBLISH] deferred height=2547 reason=auto_publish_interval_10
[SYNC-SERVE-REQUEST] peer=12D3KooW requested=2471-2547 snapshot=false snapshot_height=0
[SYNC-SERVE-RESPONSE] peer=12D3KooW requested=2471-2547 served=2471-2547 count=77 snapshot=false tip_gap=false historical_gap=false duration_ms=47
2026/05/20 15:04:20 [STARTUP-EXECUTION-SNAPSHOT] action=rebuild schedule height=2547 reason=prior_rebuild_failed_local_history_ready
2026/05/20 15:04:20 [STARTUP-EXECUTION-SNAPSHOT] action=rebuild begin height=2547
[EMISSION] h=2459 reward=3 treasury=1 validators=2 burn=0 applied_burn=0 chance_bps=10000
2026/05/20 15:04:20 [STARTUP-EXECUTION-SNAPSHOT] action=rebuild resume base=2459 target=2547
2026/05/20 15:04:20 [STARTUP-EXECUTION-SNAPSHOT] action=rebuild status=failed height=2547 err=create_snapshot_failed height=2460 err=execution_snapshot_ledger_unavailable height=2460
[SYNC-FORCE] reason=startup_execution_snapshot_missing local=2547 target=2547
[SNAPSHOT-SESSION] stage=COLLECT_PROOFS prev=PROVIDER_ROTATE
[SNAPSHOT-PROVIDERS] 12D3KooW(rep=0.50,class=degraded) 12D3KooW(rep=0.50,class=degraded) 12D3KooW(rep=0.50,class=degraded)
2026/05/20 15:04:21 [SYNC-FALLBACK] relaxed_snapshot_proof=disabled
[SYNC-CLEAR] reason=up_to_date local=2547 target=2547
[SNAPSHOT-QUORUM] waiting checkpoint=2528 votes=2/3 reason=snapshot_anchor_unreachable frozen=2540 candidate=2540 target=2540 retries=1 proof_cache=true strict=map[]
2026/05/20 15:04:21 [STARTUP-EXECUTION-SNAPSHOT] action=rebuild async_wait height=2547 trigger=prior_rebuild_failed_local_history_ready reason=startup_execution_snapshot_syncing_h_2547
Candidate heartbeat received: D | reported_height=2523 | finalized_height=2523 | local_exec_epoch=2524
Validator heartbeat: C | reported_height=2544 | finalized_height=2544 | local_exec_epoch=2545
Ã°Å¸â€œÂ¨ Consensus message from 12D3KooWHdmUKc1bYKY3scg6TqGhK3SutwH9hu1aAez4VmvwkEyk: leader_block (size: 1313 bytes)
Ã°Å¸â€œÂ¦ Leader block received from 12D3KooWHdmUKc1bYKY3scg6TqGhK3SutwH9hu1aAez4VmvwkEyk | height=2548 proposer=C
Ã°Å¸â€Å’ Consensus stream EOF from 12D3KooWHdmUKc1bYKY3scg6TqGhK3SutwH9hu1aAez4VmvwkEyk
Ã°Å¸â€Å’ Consensus stream closed with 12D3KooWHdmUKc1bYKY3scg6TqGhK3SutwH9hu1aAez4VmvwkEyk
Ã°Å¸â€œÂ¨ Consensus message from 12D3KooWD9ed8zJXbW8uUU6XHD2UYrsQQEvnuXReJWFeo52dvdf8: leader_block (size: 1313 bytes)
Ã°Å¸â€œÂ¦ Leader block received from 12D3KooWD9ed8zJXbW8uUU6XHD2UYrsQQEvnuXReJWFeo52dvdf8 | height=2548 proposer=C
Ã°Å¸â€œÂ¨ Consensus message from 12D3KooWHdmUKc1bYKY3scg6TqGhK3SutwH9hu1aAez4VmvwkEyk: execution_result (size: 359 bytes)
Ã°Å¸â€Å’ Consensus stream EOF from 12D3KooWHdmUKc1bYKY3scg6TqGhK3SutwH9hu1aAez4VmvwkEyk
Ã°Å¸â€Å’ Consensus stream closed with 12D3KooWHdmUKc1bYKY3scg6TqGhK3SutwH9hu1aAez4VmvwkEyk
Ã°Å¸â€Å’ Consensus stream EOF from 12D3KooWD9ed8zJXbW8uUU6XHD2UYrsQQEvnuXReJWFeo52dvdf8
Ã°Å¸â€Å’ Consensus stream closed with 12D3KooWD9ed8zJXbW8uUU6XHD2UYrsQQEvnuXReJWFeo52dvdf8
Ã°Å¸â€œÂ¨ Consensus message from 12D3KooWHdmUKc1bYKY3scg6TqGhK3SutwH9hu1aAez4VmvwkEyk: execution_result (size: 359 bytes)
Ã°Å¸â€Å’ Consensus stream EOF from 12D3KooWHdmUKc1bYKY3scg6TqGhK3SutwH9hu1aAez4VmvwkEyk
Ã°Å¸â€Å’ Consensus stream closed with 12D3KooWHdmUKc1bYKY3scg6TqGhK3SutwH9hu1aAez4VmvwkEyk
Ã°Å¸â€œÂ¨ Consensus message from 12D3KooWD9ed8zJXbW8uUU6XHD2UYrsQQEvnuXReJWFeo52dvdf8: execution_result (size: 359 bytes)
Ã°Å¸â€Å’ Consensus stream EOF from 12D3KooWD9ed8zJXbW8uUU6XHD2UYrsQQEvnuXReJWFeo52dvdf8
Ã°Å¸â€Å’ Consensus stream closed with 12D3KooWD9ed8zJXbW8uUU6XHD2UYrsQQEvnuXReJWFeo52dvdf8
2026/05/20 15:04:21 [SNAPSHOT-MATERIALIZING] height=2484 chain_tip=2547 kind=missing_committed
2026/05/20 15:04:21 [SNAPSHOT-MATERIALIZING] height=2485 chain_tip=2547 kind=missing_committed
2026/05/20 15:04:21 [SNAPSHOT-MATERIALIZING] height=2486 chain_tip=2547 kind=missing_committed
2026/05/20 15:04:21 [SNAPSHOT-MATERIALIZING] height=2487 chain_tip=2547 kind=missing_committed
2026/05/20 15:04:21 [SNAPSHOT-MATERIALIZING] height=2488 chain_tip=2547 kind=missing_committed
2026/05/20 15:04:21 [SNAPSHOT-MATERIALIZING] height=2489 chain_tip=2547 kind=missing_committed
2026/05/20 15:04:21 [SNAPSHOT-MATERIALIZING] height=2490 chain_tip=2547 kind=missing_committed
2026/05/20 15:04:21 [SNAPSHOT-MATERIALIZING] height=2491 chain_tip=2547 kind=missing_committed
2026/05/20 15:04:21 [SNAPSHOT-MATERIALIZING] height=2492 chain_tip=2547 kind=missing_committed
2026/05/20 15:04:21 [SNAPSHOT-MATERIALIZING] height=2493 chain_tip=2547 kind=missing_committed
2026/05/20 15:04:21 [SNAPSHOT-MATERIALIZING] height=2494 chain_tip=2547 kind=missing_committed
2026/05/20 15:04:21 [SNAPSHOT-MATERIALIZING] height=2495 chain_tip=2547 kind=missing_committed
2026/05/20 15:04:21 [SNAPSHOT-MATERIALIZING] height=2496 chain_tip=2547 kind=missing_committed
2026/05/20 15:04:21 [SNAPSHOT-MATERIALIZING] height=2497 chain_tip=2547 kind=missing_committed
2026/05/20 15:04:21 [SNAPSHOT-MATERIALIZING] height=2498 chain_tip=2547 kind=missing_committed
2026/05/20 15:04:21 [SNAPSHOT-MATERIALIZING] height=2499 chain_tip=2547 kind=missing_committed
2026/05/20 15:04:21 [SNAPSHOT-MATERIALIZING] height=2500 chain_tip=2547 kind=missing_committed
2026/05/20 15:04:21 [SNAPSHOT-MATERIALIZING] height=2501 chain_tip=2547 kind=missing_committed
2026/05/20 15:04:21 [SNAPSHOT-MATERIALIZING] height=2502 chain_tip=2547 kind=missing_committed
2026/05/20 15:04:21 [SNAPSHOT-MATERIALIZING] height=2503 chain_tip=2547 kind=missing_committed
2026/05/20 15:04:21 [SNAPSHOT-MATERIALIZING] height=2504 chain_tip=2547 kind=missing_committed
2026/05/20 15:04:21 [SNAPSHOT-MATERIALIZING] height=2505 chain_tip=2547 kind=missing_committed
2026/05/20 15:04:21 [SNAPSHOT-MATERIALIZING] height=2506 chain_tip=2547 kind=missing_committed
2026/05/20 15:04:21 [SNAPSHOT-MATERIALIZING] height=2507 chain_tip=2547 kind=missing_committed
2026/05/20 15:04:21 [SNAPSHOT-MATERIALIZING] height=2508 chain_tip=2547 kind=missing_committed
2026/05/20 15:04:21 [SNAPSHOT-MATERIALIZING] height=2509 chain_tip=2547 kind=missing_committed
2026/05/20 15:04:21 [SNAPSHOT-MATERIALIZING] height=2510 chain_tip=2547 kind=missing_committed
2026/05/20 15:04:21 [SNAPSHOT-MATERIALIZING] height=2511 chain_tip=2547 kind=missing_committed
2026/05/20 15:04:21 [SNAPSHOT-MATERIALIZING] height=2512 chain_tip=2547 kind=missing_committed
2026/05/20 15:04:21 [SNAPSHOT-MATERIALIZING] height=2513 chain_tip=2547 kind=missing_committed
2026/05/20 15:04:21 [SNAPSHOT-MATERIALIZING] height=2514 chain_tip=2547 kind=missing_committed
2026/05/20 15:04:21 [SNAPSHOT-MATERIALIZING] height=2515 chain_tip=2547 kind=missing_committed
2026/05/20 15:04:21 [SNAPSHOT-MATERIALIZING] height=2516 chain_tip=2547 kind=missing_committed
2026/05/20 15:04:21 [SNAPSHOT-MATERIALIZING] height=2517 chain_tip=2547 kind=missing_committed
2026/05/20 15:04:21 [SNAPSHOT-MATERIALIZING] height=2518 chain_tip=2547 kind=missing_committed
2026/05/20 15:04:21 [SNAPSHOT-MATERIALIZING] height=2519 chain_tip=2547 kind=missing_committed
2026/05/20 15:04:21 [SNAPSHOT-MATERIALIZING] height=2520 chain_tip=2547 kind=missing_committed
2026/05/20 15:04:21 [SNAPSHOT-MATERIALIZING] height=2521 chain_tip=2547 kind=missing_committed
2026/05/20 15:04:21 [SNAPSHOT-MATERIALIZING] height=2522 chain_tip=2547 kind=missing_committed
2026/05/20 15:04:21 [SNAPSHOT-MATERIALIZING] height=2523 chain_tip=2547 kind=missing_committed
2026/05/20 15:04:21 [SNAPSHOT-MATERIALIZING] height=2524 chain_tip=2547 kind=missing_committed
2026/05/20 15:04:21 [SNAPSHOT-MATERIALIZING] height=2525 chain_tip=2547 kind=missing_committed
2026/05/20 15:04:21 [SNAPSHOT-MATERIALIZING] height=2526 chain_tip=2547 kind=missing_committed
2026/05/20 15:04:21 [SNAPSHOT-MATERIALIZING] height=2527 chain_tip=2547 kind=missing_committed
2026/05/20 15:04:21 [SNAPSHOT-MATERIALIZING] height=2528 chain_tip=2547 kind=missing_committed
2026/05/20 15:04:21 [SNAPSHOT-MATERIALIZING] height=2529 chain_tip=2547 kind=missing_committed
2026/05/20 15:04:21 [SNAPSHOT-MATERIALIZING] height=2530 chain_tip=2547 kind=missing_committed
2026/05/20 15:04:21 [SNAPSHOT-MATERIALIZING] height=2531 chain_tip=2547 kind=missing_committed
2026/05/20 15:04:21 [SNAPSHOT-MATERIALIZING] height=2532 chain_tip=2547 kind=missing_committed
2026/05/20 15:04:21 [SNAPSHOT-MATERIALIZING] height=2533 chain_tip=2547 kind=missing_committed
2026/05/20 15:04:22 [SNAPSHOT-MATERIALIZING] height=2534 chain_tip=2547 kind=missing_committed
2026/05/20 15:04:22 [SNAPSHOT-MATERIALIZING] height=2535 chain_tip=2547 kind=missing_committed
2026/05/20 15:04:22 [SNAPSHOT-MATERIALIZING] height=2536 chain_tip=2547 kind=missing_committed
2026/05/20 15:04:22 [SNAPSHOT-MATERIALIZING] height=2537 chain_tip=2547 kind=missing_committed
2026/05/20 15:04:22 [SNAPSHOT-MATERIALIZING] height=2538 chain_tip=2547 kind=missing_committed
2026/05/20 15:04:22 [SNAPSHOT-MATERIALIZING] height=2539 chain_tip=2547 kind=missing_committed
2026/05/20 15:04:22 [SNAPSHOT-MATERIALIZING] height=2540 chain_tip=2547 kind=missing_committed
2026/05/20 15:04:22 [SNAPSHOT-MATERIALIZING] height=2541 chain_tip=2547 kind=missing_committed
2026/05/20 15:04:22 [SNAPSHOT-MATERIALIZING] height=2542 chain_tip=2547 kind=missing_committed
2026/05/20 15:04:22 [SNAPSHOT-MATERIALIZING] height=2543 chain_tip=2547 kind=missing_committed
2026/05/20 15:04:22 [SNAPSHOT-MATERIALIZING] height=2544 chain_tip=2547 kind=missing_committed
2026/05/20 15:04:22 [SNAPSHOT-MATERIALIZING] height=2545 chain_tip=2547 kind=missing_committed
2026/05/20 15:04:22 [SNAPSHOT-MATERIALIZING] height=2546 chain_tip=2547 kind=missing_committed
[REGISTRY-PENDING] height=2548 chain_height=2547 reason=future_parent
[SET-PENDING] height=2549 chain_height=2547 reason=future_height
[EMISSION] h=2459 reward=3 treasury=1 validators=2 burn=0 applied_burn=0 chance_bps=10000
Heartbeat sent: F finalized=2547 epoch=2548
[SNAPSHOT-FETCH] height=2547 reason=resolver_tip_missing source=peers
Validator heartbeat received: B | reported_height=2547 | finalized_height=2547 | local_exec_epoch=2548
[SNAPSHOT-PROVIDERS] 12D3KooW(rep=0.50,class=degraded) 12D3KooW(rep=0.50,class=degraded) 12D3KooW(rep=0.50,class=degraded)
2026/05/20 15:04:23 [SYNC-FALLBACK] relaxed_snapshot_proof=enabled reason=snapshot_anchor_unreachable
[SNAPSHOT-QUORUM] waiting checkpoint=2528 votes=0/3 reason=snapshot_anchor_unreachable frozen=2547 candidate=0 target=2547 retries=1 proof_cache=false strict=map[checkpoint_proof_invalid:2 meta_below_min_height:1 snapshot_anchor_unreachable:1]
2026/05/20 15:04:23 [SNAPSHOT-FETCH] height=2547 reason=resolver_tip_missing source=peers status=failed err=validator_quorum: no quorum-reachable snapshot candidate
2026/05/20 15:04:23 [WARN] committed tip snapshot materialization failed height=2547 reason=resolver_tip_missing err=create_snapshot_failed reason=resolver_tip_missing err=create_snapshot_failed height=2460 err=execution_snapshot_ledger_unavailable height=2460
2026/05/20 15:04:23 [SNAPSHOT-MISSING] height=2547 reason=tip_snapshot_unavailable
[EMISSION] h=2459 reward=3 treasury=1 validators=2 burn=0 applied_burn=0 chance_bps=10000
2026/05/20 15:04:23 [SNAPSHOT-INTEGRITY] height=2547 kind=missing_or_invalid
Attempting to connect to 4 peers
Candidate heartbeat received: D | reported_height=2523 | finalized_height=2523 | local_exec_epoch=2524
Validator heartbeat: C | reported_height=2544 | finalized_height=2544 | local_exec_epoch=2545
[SYNC-SERVE-REQUEST] peer=12D3KooW requested=2471-2547 snapshot=false snapshot_height=0
[SYNC-SERVE-RESPONSE] peer=12D3KooW requested=2471-2547 served=2471-2547 count=77 snapshot=false tip_gap=false historical_gap=false duration_ms=4
2026/05/20 15:04:26 [STARTUP-EXECUTION-SNAPSHOT] action=rebuild schedule height=2547 reason=prior_rebuild_failed_local_history_ready
2026/05/20 15:04:26 [STARTUP-EXECUTION-SNAPSHOT] action=rebuild begin height=2547
[EMISSION] h=2459 reward=3 treasury=1 validators=2 burn=0 applied_burn=0 chance_bps=10000
2026/05/20 15:04:26 [STARTUP-EXECUTION-SNAPSHOT] action=rebuild resume base=2459 target=2547
2026/05/20 15:04:26 [STARTUP-EXECUTION-SNAPSHOT] action=rebuild status=failed height=2547 err=create_snapshot_failed height=2460 err=execution_snapshot_ledger_unavailable height=2460
[SYNC-FORCE] reason=startup_execution_snapshot_missing local=2547 target=2547
[SNAPSHOT-SESSION] stage=COLLECT_PROOFS prev=PROVIDER_ROTATE
[SNAPSHOT-PROVIDERS] 12D3KooW(rep=0.50,class=degraded) 12D3KooW(rep=0.50,class=degraded) 12D3KooW(rep=0.50,class=degraded)
Validator heartbeat received: C | reported_height=2544 | finalized_height=2544 | local_exec_epoch=2545
[SNAPSHOT-PUBLISH] deferred height=2547 reason=auto_publish_interval_10
[SNAPSHOT-QUORUM] waiting checkpoint=2528 votes=2/3 reason=snapshot_anchor_unreachable frozen=2547 candidate=2547 target=2540 retries=2 proof_cache=true strict=map[checkpoint_proof_invalid:2 meta_below_min_height:1 meta_unavailable:2 snapshot_anchor_unreachable:2]
2026/05/20 15:04:26 [STARTUP-EXECUTION-SNAPSHOT] action=rebuild async_wait height=2547 trigger=prior_rebuild_failed_local_history_ready reason=startup_execution_snapshot_syncing_h_2547
2026/05/20 15:04:26 [SNAPSHOT-SESSION] participation_bypass height=2548 local_height=2547 target=2547 stage=PROVIDER_ROTATE retries=2
Ignoring stale heartbeat: A reported=2470 local_finalized=2547
Validator heartbeat: C | reported_height=2545 | finalized_height=2545 | local_exec_epoch=2546
Validator heartbeat received: C | reported_height=2544 | finalized_height=2544 | local_exec_epoch=2545
Ignoring stale heartbeat: A reported=2470 local_finalized=2547
Validator heartbeat: C | reported_height=2545 | finalized_height=2545 | local_exec_epoch=2546
Validator heartbeat received: C | reported_height=2545 | finalized_height=2545 | local_exec_epoch=2546
[REGISTRY-PENDING] height=2548 chain_height=2547 reason=future_parent
[SET-PENDING] height=2549 chain_height=2547 reason=future_height
Heartbeat sent: F finalized=2547 epoch=2548
2026/05/20 15:04:31 [OK] goroutine pressure normalized: 181 (degrade mode off)
2026/05/20 15:04:32 [EXEC-BROADCAST-DEFER] validator=F height=2548 reason=activation_pending_not_in_frozen_set trigger=leader_block block=9820e0c8 prev=158deafc
[LEADER-BLOCK-REJECT] height=2548 round=0 reason=duplicate_proposal peer=12D3KooWHdmUKc1bYKY3scg6TqGhK3SutwH9hu1aAez4VmvwkEyk proposer=C block=9820e0c8
Candidate heartbeat received: D | reported_height=2523 | finalized_height=2523 | local_exec_epoch=2524
Validator heartbeat: C | reported_height=2546 | finalized_height=2546 | local_exec_epoch=2547
[SYNC-SERVE-REQUEST] peer=12D3KooW requested=2471-2548 snapshot=false snapshot_height=0
[SYNC-SERVE-RESPONSE] peer=12D3KooW requested=2471-2548 served=2471-2547 count=77 snapshot=false tip_gap=true historical_gap=false duration_ms=5
Ã°Å¸â€œÂ¦ Sent blocks 2471-2547 (77 blocks) to 12D3KooWPVKESWFG9sS8G6vjhfPn54kWuNFkkuHwG4yQXhYRcXjX
[SYNC-SERVE-REQUEST] peer=12D3KooW requested=2471-2548 snapshot=false snapshot_height=0
[SYNC-SERVE-SKIP] peer=12D3KooW requested=2471-2548 adjusted=2471-2548 reason=duplicate_or_policy
2026/05/20 15:04:33 [STARTUP-EXECUTION-SNAPSHOT] action=rebuild schedule height=2547 reason=prior_rebuild_failed_local_history_ready
2026/05/20 15:04:33 [STARTUP-EXECUTION-SNAPSHOT] action=rebuild begin height=2547
[EMISSION] h=2459 reward=3 treasury=1 validators=2 burn=0 applied_burn=0 chance_bps=10000
2026/05/20 15:04:33 [STARTUP-EXECUTION-SNAPSHOT] action=rebuild resume base=2459 target=2547
2026/05/20 15:04:33 [STARTUP-EXECUTION-SNAPSHOT] action=rebuild status=failed height=2547 err=create_snapshot_failed height=2460 err=execution_snapshot_ledger_unavailable height=2460
[SYNC-FORCE] reason=startup_execution_snapshot_missing local=2547 target=2547 (cooldown)
2026/05/20 15:04:33 [STARTUP-EXECUTION-SNAPSHOT] action=rebuild async_wait height=2547 trigger=prior_rebuild_failed_local_history_ready reason=startup_execution_snapshot_syncing_h_2547
Validator heartbeat received: C | reported_height=2545 | finalized_height=2545 | local_exec_epoch=2546
[SNAPSHOT-PUBLISH] deferred height=2547 reason=auto_publish_interval_10
2026/05/20 15:04:33 [EXEC-BROADCAST-DEFER] validator=F height=2548 reason=activation_pending_not_in_frozen_set trigger=sync_clear block=9820e0c8 prev=158deafc
Candidate heartbeat received: D | reported_height=2523 | finalized_height=2523 | local_exec_epoch=2524
Validator heartbeat: C | reported_height=2546 | finalized_height=2546 | local_exec_epoch=2547
[SYNC-SERVE-REQUEST] peer=12D3KooW requested=2471-2548 snapshot=false snapshot_height=0
[SYNC-SERVE-RESPONSE] peer=12D3KooW requested=2471-2548 served=2471-2547 count=77 snapshot=false tip_gap=true historical_gap=false duration_ms=12
[SYNC-SERVE-REQUEST] peer=12D3KooW requested=2471-2548 snapshot=false snapshot_height=0
[SYNC-SERVE-SKIP] peer=12D3KooW requested=2471-2548 adjusted=2471-2548 reason=duplicate_or_policy
Validator heartbeat received: C | reported_height=2546 | finalized_height=2546 | local_exec_epoch=2547
Validator heartbeat: B | reported_height=2547 | finalized_height=2547 | local_exec_epoch=2548
[REGISTRY-PENDING] height=2548 chain_height=2547 reason=future_parent
[SET-PENDING] height=2549 chain_height=2547 reason=future_height
Heartbeat sent: F finalized=2547 epoch=2548
[EMISSION] h=2459 reward=3 treasury=1 validators=2 burn=0 applied_burn=0 chance_bps=10000
[SYNC-FORCE] reason=startup_execution_snapshot_missing local=2547 target=2547
[SNAPSHOT-SESSION] stage=COLLECT_PROOFS prev=PROVIDER_ROTATE
[SNAPSHOT-PROVIDERS] 12D3KooW(rep=0.50,class=degraded) 12D3KooW(rep=0.50,class=degraded) 12D3KooW(rep=0.50,class=degraded)
[SNAPSHOT-QUORUM] waiting checkpoint=2528 votes=2/3 reason=snapshot_anchor_unreachable frozen=2547 candidate=2547 target=2540 retries=3 proof_cache=true strict=map[checkpoint_proof_invalid:2 meta_below_min_height:1 meta_unavailable:4 snapshot_anchor_unreachable:3]
[REGISTRY-COMMITMENT-CHECK] height=2548 required=true parent_unanchored=false source=chain_parent_commitment expected=9cd32df6 got=9cd32df6
2026/05/20 15:04:37 [SNAPSHOT-SESSION] participation_bypass height=2548 local_height=2547 target=2547 stage=PROVIDER_ROTATE retries=3
[SYNC-SERVE-REQUEST] peer=12D3KooW requested=2471-2548 snapshot=false snapshot_height=0
[SYNC-SERVE-RESPONSE] peer=12D3KooW requested=2471-2548 served=2471-2547 count=77 snapshot=false tip_gap=true historical_gap=false duration_ms=11
[SYNC-SERVE-REQUEST] peer=12D3KooW requested=2471-2548 snapshot=false snapshot_height=0
[SYNC-SERVE-SKIP] peer=12D3KooW requested=2471-2548 adjusted=2471-2548 reason=duplicate_or_policy
Validator heartbeat received: C | reported_height=2546 | finalized_height=2546 | local_exec_epoch=2547
Validator heartbeat: B | reported_height=2547 | finalized_height=2547 | local_exec_epoch=2548
Validator heartbeat received: B | reported_height=2547 | finalized_height=2547 | local_exec_epoch=2548
[SNAPSHOT-PUBLISH] deferred height=2547 reason=auto_publish_interval_10
Validator heartbeat: C | reported_height=2547 | finalized_height=2547 | local_exec_epoch=2548
[STATUS] height=2547 finalized=2547 peers=4 validators=1 strict_live=1 heartbeat_live=1 out_of_drift=0 drift_limit=8 syncing=false sync_complete=true execution_ready=false execution_reason=startup_execution_snapshot_rebuild_pending_h_2547 gossip=true gossip_pipeline=new_block_gossip_validate_apply consensus_running=false mode=observer vote=false propose=false role=full validator_state=observer warmup_seconds=0 ready=false reason=startup_execution_snapshot_rebuild_pending_h_2547 snapshot_source=none expected_source=chain_parent_commitment expected_hash=d75b74ab resolved_source=chain_parent_commitment resolved_hash=d75b74ab next_source=carry_forward next_hash=d75b74ab got_hash= authority=chain_parent_commitment hash_mode=legacy
[CONSENSUS] height=2547 vhash=d75b74ab validators=4
[EXEC-HASH] hint=2548 from=C exec=61f479d1
Execution hash received: C @ epoch 2548
Validator heartbeat received: B | reported_height=2547 | finalized_height=2547 | local_exec_epoch=2548
Validator heartbeat: C | reported_height=2547 | finalized_height=2547 | local_exec_epoch=2548
2026/05/20 15:04:41 [OK] goroutine pressure normalized: 181 (degrade mode off)
[REGISTRY-PENDING] height=2548 chain_height=2547 reason=future_parent
[SET-PENDING] height=2549 chain_height=2547 reason=future_height
Heartbeat sent: F finalized=2547 epoch=2548
Validator heartbeat received: C | reported_height=2547 | finalized_height=2547 | local_exec_epoch=2548
2026/05/20 15:04:42 [STARTUP-EXECUTION-SNAPSHOT] action=rebuild schedule height=2547 reason=prior_rebuild_failed_local_history_ready
[SYNC-SERVE-REQUEST] peer=12D3KooW requested=2471-2548 snapshot=false snapshot_height=0
[SYNC-SERVE-RESPONSE] peer=12D3KooW requested=2471-2548 served=2471-2547 count=77 snapshot=false tip_gap=true historical_gap=false duration_ms=9
2026/05/20 15:04:42 [STARTUP-EXECUTION-SNAPSHOT] action=rebuild begin height=2547
[SYNC-SERVE-REQUEST] peer=12D3KooW requested=2471-2548 snapshot=false snapshot_height=0
[SYNC-SERVE-SKIP] peer=12D3KooW requested=2471-2548 adjusted=2471-2548 reason=duplicate_or_policy
[EMISSION] h=2459 reward=3 treasury=1 validators=2 burn=0 applied_burn=0 chance_bps=10000
2026/05/20 15:04:42 [STARTUP-EXECUTION-SNAPSHOT] action=rebuild resume base=2459 target=2547
2026/05/20 15:04:42 [STARTUP-EXECUTION-SNAPSHOT] action=rebuild status=failed height=2547 err=create_snapshot_failed height=2460 err=execution_snapshot_ledger_unavailable height=2460
[SYNC-FORCE] reason=startup_execution_snapshot_missing local=2547 target=2547 (cooldown)
2026/05/20 15:04:42 [STARTUP-EXECUTION-SNAPSHOT] action=rebuild async_wait height=2547 trigger=prior_rebuild_failed_local_history_ready reason=startup_execution_snapshot_syncing_h_2547
[EXEC-QUORUM] height=2548 strict=3 relaxed=2 total=4 live=2 stall=45m22s
[EXEC-QUORUM] height=2548 strict=3 relaxed=2 total=4 live=2 stall=45m22s
2026/05/20 15:04:43 [VOTE-ACCEPT] reason=recorded signer=C height=2548 round=0 vote_block=9820e0c8 current_block=9820e0c8 proposal=2548|0|9820e0c8303bbea672a82bd02d6393c50f6f7e54f750d9e0dd988372b1cb4f7a||61f479d142a156a326b52bcdfe03aef1d6d032eca60f32edbb603f4eaf41cd1e exec=61f479d1 tx_merkle= votes=1 required=2
[EXEC-POOL] epoch=2548 hash=61f479d1 voters=1/4
[EXEC-QUORUM] epoch=2548 required=2 total=4 votes=1
[LEADER-BLOCK-REJECT] height=2548 round=0 reason=duplicate_proposal peer=12D3KooWE7bMkbbpLoSHKB43JdTZm9zkgqvf1iCQdGAqFFBDa42W proposer=C block=9820e0c8
[LEADER-BLOCK-REJECT] height=2548 round=0 reason=duplicate_proposal peer=12D3KooWHdmUKc1bYKY3scg6TqGhK3SutwH9hu1aAez4VmvwkEyk proposer=C block=9820e0c8
[LEADER-BLOCK-REJECT] height=2548 round=0 reason=duplicate_proposal peer=12D3KooWD9ed8zJXbW8uUU6XHD2UYrsQQEvnuXReJWFeo52dvdf8 proposer=C block=9820e0c8
Candidate heartbeat received: D | reported_height=2524 | finalized_height=2524 | local_exec_epoch=2525
Ignoring stale heartbeat: A reported=2470 local_finalized=2547
Validator heartbeat: B | reported_height=2547 | finalized_height=2547 | local_exec_epoch=2548
Validator heartbeat received: C | reported_height=2547 | finalized_height=2547 | local_exec_epoch=2548
[SNAPSHOT-PUBLISH] deferred height=2547 reason=auto_publish_interval_10
Candidate heartbeat received: D | reported_height=2524 | finalized_height=2524 | local_exec_epoch=2525
Ignoring stale heartbeat: A reported=2470 local_finalized=2547
Validator heartbeat: B | reported_height=2547 | finalized_height=2547 | local_exec_epoch=2548
[EMISSION] h=2459 reward=3 treasury=1 validators=2 burn=0 applied_burn=0 chance_bps=10000
[SYNC-FORCE] reason=startup_execution_snapshot_missing local=2547 target=2547 (cooldown)
[STARTUP-PRECHECK] waiting reason=startup_execution_snapshot_syncing_h_2547 target=2548
Validator heartbeat received: B | reported_height=2547 | finalized_height=2547 | local_exec_epoch=2548
[REGISTRY-COMMITMENT-CHECK] height=2548 required=true parent_unanchored=false source=chain_parent_commitment expected=9cd32df6 got=9cd32df6
Heartbeat sent: F finalized=2547 epoch=2548
Candidate heartbeat received: D | reported_height=2524 | finalized_height=2524 | local_exec_epoch=2525
Validator heartbeat: C | reported_height=2547 | finalized_height=2547 | local_exec_epoch=2548
[SYNC-SERVE-REQUEST] peer=12D3KooW requested=2471-2548 snapshot=false snapshot_height=0
[SYNC-SERVE-RESPONSE] peer=12D3KooW requested=2471-2548 served=2471-2547 count=77 snapshot=false tip_gap=true historical_gap=false duration_ms=5
Ã°Å¸â€œÂ¦ Sent blocks 2471-2547 (77 blocks) to 12D3KooWPVKESWFG9sS8G6vjhfPn54kWuNFkkuHwG4yQXhYRcXjX
[SYNC-SERVE-REQUEST] peer=12D3KooW requested=2471-2548 snapshot=false snapshot_height=0
[SYNC-SERVE-SKIP] peer=12D3KooW requested=2471-2548 adjusted=2471-2548 reason=duplicate_or_policy
[EXEC-QUORUM] height=2548 strict=3 relaxed=2 total=4 live=2 stall=45m27s
Attempting to connect to 4 peers
Validator heartbeat received: B | reported_height=2547 | finalized_height=2547 | local_exec_epoch=2548
2026/05/20 15:04:48 [STARTUP-EXECUTION-SNAPSHOT] action=rebuild schedule height=2547 reason=prior_rebuild_failed_local_history_ready
2026/05/20 15:04:48 [STARTUP-EXECUTION-SNAPSHOT] action=rebuild begin height=2547
[EMISSION] h=2459 reward=3 treasury=1 validators=2 burn=0 applied_burn=0 chance_bps=10000
2026/05/20 15:04:48 [STARTUP-EXECUTION-SNAPSHOT] action=rebuild resume base=2459 target=2547
2026/05/20 15:04:48 [STARTUP-EXECUTION-SNAPSHOT] action=rebuild status=failed height=2547 err=create_snapshot_failed height=2460 err=execution_snapshot_ledger_unavailable height=2460
[SYNC-FORCE] reason=startup_execution_snapshot_missing local=2547 target=2547 (cooldown)
2026/05/20 15:04:48 [STARTUP-EXECUTION-SNAPSHOT] action=rebuild async_wait height=2547 trigger=prior_rebuild_failed_local_history_ready reason=startup_execution_snapshot_syncing_h_2547
Validator heartbeat received: C | reported_height=2547 | finalized_height=2547 | local_exec_epoch=2548
[SNAPSHOT-PUBLISH] deferred height=2547 reason=auto_publish_interval_10
Candidate heartbeat received: D | reported_height=2524 | finalized_height=2524 | local_exec_epoch=2525
Ignoring stale heartbeat: A reported=2470 local_finalized=2547
Validator heartbeat: C | reported_height=2547 | finalized_height=2547 | local_exec_epoch=2548
[EXEC-HASH] hint=2548 from=B exec=61f479d1
Execution hash received: B @ epoch 2548
Validator heartbeat: B | reported_height=2547 | finalized_height=2547 | local_exec_epoch=2548
[REGISTRY-PENDING] height=2548 chain_height=2547 reason=future_parent
[SET-PENDING] height=2549 chain_height=2547 reason=future_height
Heartbeat sent: F finalized=2547 epoch=2548
[EXEC-QUORUM] height=2548 strict=3 relaxed=2 total=4 live=2 stall=45m31s
2026/05/20 15:04:51 [VOTE-ACCEPT] reason=recorded signer=B height=2548 round=0 vote_block=9820e0c8 current_block=9820e0c8 proposal=2548|0|9820e0c8303bbea672a82bd02d6393c50f6f7e54f750d9e0dd988372b1cb4f7a||61f479d142a156a326b52bcdfe03aef1d6d032eca60f32edbb603f4eaf41cd1e exec=61f479d1 tx_merkle= votes=2 required=2
[EXEC-POOL] epoch=2548 hash=61f479d1 voters=2/4
[EXEC-QUORUM] epoch=2548 required=2 total=4 votes=2
Execution quorum reached (hash=61f479d1 votes=2/4)
2026/05/20 15:04:51 [EXEC-PRECOMMIT] height=2548 reason=quorum_precommit prev_round=0 prev_block= round=0 block=9820e0c8 votes=2 required=2
[EXEC-QUORUM] height=2548 strict=3 relaxed=2 total=4 live=2 stall=45m31s
[SYNC-SERVE-REQUEST] peer=12D3KooW requested=2471-2548 snapshot=false snapshot_height=0
[SYNC-SERVE-RESPONSE] peer=12D3KooW requested=2471-2548 served=2471-2547 count=77 snapshot=false tip_gap=true historical_gap=false duration_ms=10
[SYNC-SERVE-REQUEST] peer=12D3KooW requested=2471-2548 snapshot=false snapshot_height=0
[SYNC-SERVE-SKIP] peer=12D3KooW requested=2471-2548 adjusted=2471-2548 reason=duplicate_or_policy
Validator heartbeat received: C | reported_height=2547 | finalized_height=2547 | local_exec_epoch=2548
Validator heartbeat received: B | reported_height=2547 | finalized_height=2547 | local_exec_epoch=2548
Ignoring stale heartbeat: A reported=2470 local_finalized=2547
Validator heartbeat: B | reported_height=2547 | finalized_height=2547 | local_exec_epoch=2548
[EMISSION] h=2459 reward=3 treasury=1 validators=2 burn=0 applied_burn=0 chance_bps=10000
[SYNC-FORCE] reason=startup_execution_snapshot_missing local=2547 target=2547 (cooldown)
Ã°Å¸â€œÂ¨ Consensus message from 12D3KooWHdmUKc1bYKY3scg6TqGhK3SutwH9hu1aAez4VmvwkEyk: leader_block (size: 1313 bytes)
Ã°Å¸â€œÂ¦ Leader block received from 12D3KooWHdmUKc1bYKY3scg6TqGhK3SutwH9hu1aAez4VmvwkEyk | height=2549 proposer=B
Ã°Å¸â€Å’ Consensus stream EOF from 12D3KooWHdmUKc1bYKY3scg6TqGhK3SutwH9hu1aAez4VmvwkEyk
Ã°Å¸â€Å’ Consensus stream closed with 12D3KooWHdmUKc1bYKY3scg6TqGhK3SutwH9hu1aAez4VmvwkEyk
[EXEC-QUORUM] height=2548 strict=3 relaxed=2 total=4 live=2 stall=45m33s
Ã°Å¸â€œÂ¨ Consensus message from 12D3KooWD9ed8zJXbW8uUU6XHD2UYrsQQEvnuXReJWFeo52dvdf8: execution_result (size: 374 bytes)
Ã°Å¸â€Å’ Consensus stream EOF from 12D3KooWD9ed8zJXbW8uUU6XHD2UYrsQQEvnuXReJWFeo52dvdf8
Ã°Å¸â€Å’ Consensus stream closed with 12D3KooWD9ed8zJXbW8uUU6XHD2UYrsQQEvnuXReJWFeo52dvdf8
Candidate heartbeat received: D | reported_height=2525 | finalized_height=2525 | local_exec_epoch=2526
Validator heartbeat: C | reported_height=2547 | finalized_height=2547 | local_exec_epoch=2548
[REGISTRY-COMMITMENT-CHECK] height=2548 required=true parent_unanchored=false source=chain_parent_commitment expected=9cd32df6 got=9cd32df6
Ã°Å¸â€œÂ¨ Consensus message from 12D3KooWHdmUKc1bYKY3scg6TqGhK3SutwH9hu1aAez4VmvwkEyk: execution_result (size: 374 bytes)
Ã°Å¸â€Å’ Consensus stream EOF from 12D3KooWHdmUKc1bYKY3scg6TqGhK3SutwH9hu1aAez4VmvwkEyk
Ã°Å¸â€Å’ Consensus stream closed with 12D3KooWHdmUKc1bYKY3scg6TqGhK3SutwH9hu1aAez4VmvwkEyk
[SYNC-SERVE-REQUEST] peer=12D3KooW requested=2471-2549 snapshot=false snapshot_height=0
[SYNC-SERVE-RESPONSE] peer=12D3KooW requested=2471-2549 served=2471-2547 count=77 snapshot=false tip_gap=true historical_gap=false duration_ms=26
[SYNC-SERVE-REQUEST] peer=12D3KooW requested=2471-2549 snapshot=false snapshot_height=0
[SYNC-SERVE-SKIP] peer=12D3KooW requested=2471-2549 adjusted=2471-2549 reason=duplicate_or_policy
[STATUS] height=2547 finalized=2547 peers=4 validators=2 strict_live=2 heartbeat_live=2 out_of_drift=0 drift_limit=8 syncing=false sync_complete=true execution_ready=false execution_reason=startup_execution_snapshot_rebuild_pending_h_2547 gossip=true gossip_pipeline=new_block_gossip_validate_apply consensus_running=false mode=observer vote=false propose=false role=full validator_state=observer warmup_seconds=0 ready=false reason=startup_execution_snapshot_rebuild_pending_h_2547 snapshot_source=none expected_source=chain_parent_commitment expected_hash=d75b74ab resolved_source=chain_parent_commitment resolved_hash=d75b74ab next_source=carry_forward next_hash=d75b74ab got_hash= authority=chain_parent_commitment hash_mode=legacy
Heartbeat sent: F finalized=2547 epoch=2548
Validator heartbeat received: B | reported_height=2547 | finalized_height=2547 | local_exec_epoch=2548
[SNAPSHOT-PUBLISH] deferred height=2547 reason=auto_publish_interval_10
Ã°Å¸â€œÂ¨ Consensus message from 12D3KooWHdmUKc1bYKY3scg6TqGhK3SutwH9hu1aAez4VmvwkEyk: leader_block (size: 1313 bytes)
Ã°Å¸â€œÂ¦ Leader block received from 12D3KooWHdmUKc1bYKY3scg6TqGhK3SutwH9hu1aAez4VmvwkEyk | height=2549 proposer=B
Ã°Å¸â€Å’ Consensus stream EOF from 12D3KooWHdmUKc1bYKY3scg6TqGhK3SutwH9hu1aAez4VmvwkEyk
Ã°Å¸â€Å’ Consensus stream closed with 12D3KooWHdmUKc1bYKY3scg6TqGhK3SutwH9hu1aAez4VmvwkEyk
[EXEC-QUORUM] height=2548 strict=3 relaxed=2 total=4 live=2 stall=45m35s
Ã°Å¸â€œÂ¨ Consensus message from 12D3KooWHdmUKc1bYKY3scg6TqGhK3SutwH9hu1aAez4VmvwkEyk: leader_block (size: 1313 bytes)
Ã°Å¸â€œÂ¦ Leader block received from 12D3KooWHdmUKc1bYKY3scg6TqGhK3SutwH9hu1aAez4VmvwkEyk | height=2549 proposer=B
Ã°Å¸â€Å’ Consensus stream EOF from 12D3KooWHdmUKc1bYKY3scg6TqGhK3SutwH9hu1aAez4VmvwkEyk
Ã°Å¸â€Å’ Consensus stream closed with 12D3KooWHdmUKc1bYKY3scg6TqGhK3SutwH9hu1aAez4VmvwkEyk
[EXEC-QUORUM] height=2548 strict=3 relaxed=2 total=4 live=2 stall=45m36s
[CONSENSUS] height=2547 vhash=d75b74ab validators=4
[SYNC-SERVE-REQUEST] peer=12D3KooW requested=2471-2549 snapshot=false snapshot_height=0
[SYNC-SERVE-RESPONSE] peer=12D3KooW requested=2471-2549 served=2471-2547 count=77 snapshot=false tip_gap=true historical_gap=false duration_ms=12
[SYNC-SERVE-REQUEST] peer=12D3KooW requested=2471-2549 snapshot=false snapshot_height=0
[SYNC-SERVE-SKIP] peer=12D3KooW requested=2471-2549 adjusted=2471-2549 reason=duplicate_or_policy
Validator heartbeat received: C | reported_height=2547 | finalized_height=2547 | local_exec_epoch=2548
[EXEC-QUORUM] height=2548 strict=3 relaxed=2 total=4 live=2 stall=45m37s
Candidate heartbeat received: D | reported_height=2525 | finalized_height=2525 | local_exec_epoch=2526
Validator heartbeat: C | reported_height=2547 | finalized_height=2547 | local_exec_epoch=2548
Ignoring stale heartbeat: A reported=2470 local_finalized=2547
2026/05/20 15:04:58 [STARTUP-EXECUTION-SNAPSHOT] action=rebuild schedule height=2547 reason=prior_rebuild_failed_local_history_ready
2026/05/20 15:04:58 [STARTUP-EXECUTION-SNAPSHOT] action=rebuild begin height=2547
[EMISSION] h=2459 reward=3 treasury=1 validators=2 burn=0 applied_burn=0 chance_bps=10000
2026/05/20 15:04:58 [STARTUP-EXECUTION-SNAPSHOT] action=rebuild resume base=2459 target=2547
2026/05/20 15:04:58 [STARTUP-EXECUTION-SNAPSHOT] action=rebuild status=failed height=2547 err=create_snapshot_failed height=2460 err=execution_snapshot_ledger_unavailable height=2460
[SYNC-FORCE] reason=startup_execution_snapshot_missing local=2547 target=2547
[SNAPSHOT-SESSION] stage=COLLECT_PROOFS prev=PROVIDER_ROTATE
[SNAPSHOT-PROVIDERS] 12D3KooW(rep=0.50,class=degraded) 12D3KooW(rep=0.50,class=degraded) 12D3KooW(rep=0.50,class=degraded)
[SNAPSHOT-QUORUM] waiting checkpoint=2528 votes=2/3 reason=snapshot_anchor_unreachable frozen=2547 candidate=2547 target=2540 retries=4 proof_cache=true strict=map[checkpoint_proof_invalid:2 meta_below_min_height:1 meta_unavailable:6 snapshot_anchor_unreachable:4]
2026/05/20 15:04:58 [STARTUP-EXECUTION-SNAPSHOT] action=rebuild async_wait height=2547 trigger=prior_rebuild_failed_local_history_ready reason=startup_execution_snapshot_syncing_h_2547
Candidate heartbeat received: D | reported_height=2525 | finalized_height=2525 | local_exec_epoch=2526
Validator heartbeat: B | reported_height=2547 | finalized_height=2547 | local_exec_epoch=2548
[EXEC-QUORUM] height=2548 strict=3 relaxed=2 total=4 live=2 stall=45m38s
[EXEC-QUORUM] height=2548 strict=3 relaxed=2 total=4 live=2 stall=45m41s
2026/05/20 15:05:01 [EXEC-COMMIT] height=2548 reason=precommit_quorum round=0 block=6103055a votes=2 required=2 precommits=2
2026/05/20 15:05:01 [OK] goroutine pressure normalized: 181 (degrade mode off)
[SYNC-SERVE-REQUEST] peer=12D3KooW requested=2471-2549 snapshot=false snapshot_height=0
[SYNC-SERVE-RESPONSE] peer=12D3KooW requested=2471-2549 served=2471-2547 count=77 snapshot=false tip_gap=true historical_gap=false duration_ms=22
Ã°Å¸â€œÂ¦ Sent blocks 2471-2547 (77 blocks) to 12D3KooWPVKESWFG9sS8G6vjhfPn54kWuNFkkuHwG4yQXhYRcXjX
[REGISTRY-PENDING] height=2548 chain_height=2547 reason=future_parent
[SET-PENDING] height=2549 chain_height=2547 reason=future_height
Heartbeat sent: F finalized=2547 epoch=2548
[SYNC-SERVE-REQUEST] peer=12D3KooW requested=2471-2549 snapshot=false snapshot_height=0
[SYNC-SERVE-SKIP] peer=12D3KooW requested=2471-2549 adjusted=2471-2549 reason=duplicate_or_policy
[EXEC-QUORUM] height=2548 strict=3 relaxed=2 total=4 live=2 stall=45m43s
[EXEC-QUORUM] height=2548 strict=3 relaxed=2 total=4 live=2 stall=45m44s
[EXEC-QUORUM] height=2548 strict=3 relaxed=2 total=4 live=2 stall=45m44s
2026/05/20 15:05:05 [STARTUP-EXECUTION-SNAPSHOT] action=rebuild schedule height=2547 reason=prior_rebuild_failed_local_history_ready
2026/05/20 15:05:05 [STARTUP-EXECUTION-SNAPSHOT] action=rebuild begin height=2547
[EMISSION] h=2459 reward=3 treasury=1 validators=2 burn=0 applied_burn=0 chance_bps=10000
2026/05/20 15:05:05 [STARTUP-EXECUTION-SNAPSHOT] action=rebuild resume base=2459 target=2547
2026/05/20 15:05:05 [STARTUP-EXECUTION-SNAPSHOT] action=rebuild status=failed height=2547 err=create_snapshot_failed height=2460 err=execution_snapshot_ledger_unavailable height=2460
[SYNC-FORCE] reason=startup_execution_snapshot_missing local=2547 target=2547 (cooldown)
2026/05/20 15:05:05 [STARTUP-EXECUTION-SNAPSHOT] action=rebuild async_wait height=2547 trigger=prior_rebuild_failed_local_history_ready reason=startup_execution_snapshot_syncing_h_2547
[EXEC-QUORUM] height=2548 strict=3 relaxed=2 total=4 live=2 stall=45m45s
[EXEC-QUORUM] height=2548 strict=3 relaxed=2 total=4 live=2 stall=45m46s
[REGISTRY-COMMITMENT-CHECK] height=2548 required=true parent_unanchored=false source=chain_parent_commitment expected=9cd32df6 got=9cd32df6
[REGISTRY-PRECOMMIT] height=2548 source=committed_carry_forward header=9cd32df6 resolved=9cd32df6 validators=4
[SYNC-COMMIT-PHASE] node=F stage=snapshot_delta provider= height=2548 local=2547 phase=process_block_begin
[SYNC-COMMIT-PHASE] node=F stage=snapshot_delta provider= height=2548 local=2548 phase=process_block_committed
[SYNC-COMMIT-PHASE] node=F stage=snapshot_delta provider= height=2548 local=2548 phase=post_block_effects_begin
[EMISSION] h=2548 reward=2 treasury=1 validators=1 burn=0 applied_burn=0 chance_bps=10000
[SYNC-COMMIT-PHASE] node=F stage=snapshot_delta provider= height=2548 local=2548 phase=post_block_effects_done
[SYNC-COMMIT-PHASE] node=F stage=snapshot_delta provider= height=2548 local=2548 phase=persist_registry_begin
[SYNC-COMMIT-PHASE] node=F stage=snapshot_delta provider= height=2548 local=2548 phase=persist_registry_done
[SYNC-COMMIT-PHASE] node=F stage=snapshot_delta provider= height=2548 local=2548 phase=apply_validator_updates_begin
[SYNC-COMMIT-PHASE] node=F stage=snapshot_delta provider= height=2548 local=2548 phase=apply_validator_updates_done
[SYNC-COMMIT-PHASE] node=F stage=snapshot_delta provider= height=2548 local=2548 phase=observe_candidates_begin
2026/05/20 15:05:06 [REGISTRY-REPAIR] height=2548 source=committed_carry_forward from=2460 validators=4
Validator heartbeat received: C | reported_height=2547 | finalized_height=2547 | local_exec_epoch=2548
[SNAPSHOT-PUBLISH] deferred height=2548 reason=auto_publish_interval_10
Ignoring stale heartbeat: A reported=2470 local_finalized=2548
Validator heartbeat received: B | reported_height=2547 | finalized_height=2547 | local_exec_epoch=2548
[SYNC-SERVE-REQUEST] peer=12D3KooW requested=2471-2549 snapshot=false snapshot_height=0
[SYNC-SERVE-RESPONSE] peer=12D3KooW requested=2471-2549 served=2471-2548 count=78 snapshot=false tip_gap=true historical_gap=false duration_ms=16
Ã°Å¸â€œÂ¦ Sent blocks 2471-2548 (78 blocks) to 12D3KooWPVKESWFG9sS8G6vjhfPn54kWuNFkkuHwG4yQXhYRcXjX
[SYNC-SERVE-REQUEST] peer=12D3KooW requested=2471-2549 snapshot=false snapshot_height=0
[SYNC-SERVE-SKIP] peer=12D3KooW requested=2471-2549 adjusted=2471-2549 reason=duplicate_or_policy
2026/05/20 15:05:07 [SYNC-FALLBACK] relaxed_snapshot_proof=disabled
[SYNC-CLEAR] reason=up_to_date local=2548 target=0
[SYNC-COMMIT-PHASE] node=F stage=snapshot_delta provider= height=2548 local=2548 phase=observe_candidates_done
[SYNC-COMMIT-PHASE] node=F stage=snapshot_delta provider= height=2548 local=2548 phase=apply_validator_update_txs_begin
[SYNC-COMMIT-PHASE] node=F stage=snapshot_delta provider= height=2548 local=2548 phase=apply_validator_update_txs_done
[SYNC-COMMIT-PHASE] node=F stage=snapshot_delta provider= height=2548 local=2548 phase=apply_scheduled_updates_begin
[SYNC-SCHEDULED-UPDATES] stage=idle provider= current_height=2548 step=queue_inactive_removals_begin update_height=2548 due_transition=false defer_for_sync=false update_blocked=false planned_only=false updated=false processed_adds=0 processed_removes=0 next_transition_height=0 transition_validators=0 next_validators=0
Candidate heartbeat received: D | reported_height=2525 | finalized_height=2525 | local_exec_epoch=2526
Validator heartbeat: B | reported_height=2547 | finalized_height=2547 | local_exec_epoch=2548
Heartbeat sent: F finalized=2547 epoch=2548
Candidate heartbeat received: D | reported_height=2526 | finalized_height=2526 | local_exec_epoch=2527
Validator heartbeat: C | reported_height=2547 | finalized_height=2547 | local_exec_epoch=2548
[SYNC-SERVE-REQUEST] peer=12D3KooW requested=2471-2549 snapshot=false snapshot_height=0
[SYNC-SERVE-RESPONSE] peer=12D3KooW requested=2471-2549 served=2471-2548 count=78 snapshot=false tip_gap=true historical_gap=false duration_ms=8
[SYNC-SERVE-REQUEST] peer=12D3KooW requested=2471-2549 snapshot=false snapshot_height=0
[SYNC-SERVE-SKIP] peer=12D3KooW requested=2471-2549 adjusted=2471-2549 reason=duplicate_or_policy
Ã¢Å¡â€“Ã¯Â¸Â Inactivity penalty applied: validator=G height=2548 tier=1 offenses=1 burned=1 bps=50
[SYNC-SCHEDULED-UPDATES] stage=idle provider= current_height=2548 step=queue_inactive_removals_done update_height=2548 due_transition=false defer_for_sync=false update_blocked=false planned_only=false updated=false processed_adds=0 processed_removes=0 next_transition_height=0 transition_validators=0 next_validators=0
[SYNC-SCHEDULED-UPDATES] stage=idle provider= current_height=2548 step=sync_gate_snapshot_state_begin update_height=2548 due_transition=false defer_for_sync=false update_blocked=false planned_only=false updated=false processed_adds=0 processed_removes=0 next_transition_height=0 transition_validators=0 next_validators=0
[SYNC-SCHEDULED-UPDATES] stage=idle provider= current_height=2548 step=sync_gate_snapshot_state_done update_height=2548 due_transition=false defer_for_sync=false update_blocked=false planned_only=false updated=false processed_adds=0 processed_removes=0 next_transition_height=0 transition_validators=0 next_validators=0
[SYNC-SCHEDULED-UPDATES] stage=idle provider= current_height=2548 step=apply_queued_set_update_begin update_height=2548 due_transition=false defer_for_sync=false update_blocked=false planned_only=false updated=false processed_adds=0 processed_removes=0 next_transition_height=0 transition_validators=0 next_validators=0
[SYNC-SCHEDULED-UPDATES] stage=idle provider= current_height=2548 step=apply_queued_set_update_done update_height=2548 due_transition=false defer_for_sync=false update_blocked=false planned_only=false updated=false processed_adds=0 processed_removes=0 next_transition_height=0 transition_validators=0 next_validators=0
[SYNC-SCHEDULED-UPDATES] stage=idle provider= current_height=2548 step=validator_set_lock_begin update_height=2548 due_transition=false defer_for_sync=false update_blocked=false planned_only=false updated=false processed_adds=0 processed_removes=0 next_transition_height=0 transition_validators=0 next_validators=0
[SYNC-SCHEDULED-UPDATES] stage=idle provider= current_height=2548 step=validator_set_lock_acquired update_height=2548 due_transition=false defer_for_sync=false update_blocked=false planned_only=false updated=false processed_adds=0 processed_removes=0 next_transition_height=0 transition_validators=0 next_validators=0
[SYNC-SCHEDULED-UPDATES] stage=idle provider= current_height=2548 step=compute_next_transition_height_begin update_height=2548 due_transition=false defer_for_sync=false update_blocked=false planned_only=false updated=false processed_adds=0 processed_removes=0 next_transition_height=0 transition_validators=0 next_validators=0
[SYNC-SCHEDULED-UPDATES] stage=idle provider= current_height=2548 step=compute_next_transition_height_done update_height=2548 due_transition=false defer_for_sync=false update_blocked=false planned_only=false updated=false processed_adds=0 processed_removes=0 next_transition_height=0 transition_validators=0 next_validators=0
[SYNC-SCHEDULED-UPDATES] stage=idle provider= current_height=2548 step=due_transition_eval_begin update_height=2548 due_transition=false defer_for_sync=false update_blocked=false planned_only=false updated=false processed_adds=0 processed_removes=0 next_transition_height=0 transition_validators=0 next_validators=0
[SYNC-SCHEDULED-UPDATES] stage=idle provider= current_height=2548 step=due_transition_eval_done update_height=2548 due_transition=false defer_for_sync=false update_blocked=false planned_only=false updated=false processed_adds=0 processed_removes=0 next_transition_height=0 transition_validators=0 next_validators=0
[SYNC-SCHEDULED-UPDATES] stage=idle provider= current_height=2548 step=defer_for_sync_eval_begin update_height=2548 due_transition=false defer_for_sync=false update_blocked=false planned_only=false updated=false processed_adds=0 processed_removes=0 next_transition_height=0 transition_validators=0 next_validators=0
[SYNC-SCHEDULED-UPDATES] stage=idle provider= current_height=2548 step=defer_for_sync_eval_done update_height=2548 due_transition=false defer_for_sync=false update_blocked=false planned_only=false updated=false processed_adds=0 processed_removes=0 next_transition_height=0 transition_validators=0 next_validators=0
[SYNC-SCHEDULED-UPDATES] stage=idle provider= current_height=2548 step=scheduled_transition_validators_begin update_height=2548 due_transition=false defer_for_sync=false update_blocked=false planned_only=false updated=false processed_adds=0 processed_removes=0 next_transition_height=0 transition_validators=0 next_validators=0
[SYNC-SCHEDULED-UPDATES] stage=idle provider= current_height=2548 step=scheduled_transition_validators_done update_height=2548 due_transition=false defer_for_sync=false update_blocked=false planned_only=false updated=false processed_adds=0 processed_removes=0 next_transition_height=0 transition_validators=4 next_validators=0
[SYNC-SCHEDULED-UPDATES] stage=idle provider= current_height=2548 step=build_next_validators_begin update_height=2548 due_transition=false defer_for_sync=false update_blocked=false planned_only=false updated=false processed_adds=0 processed_removes=0 next_transition_height=0 transition_validators=4 next_validators=0
[SYNC-SCHEDULED-UPDATES] stage=idle provider= current_height=2548 step=build_next_validators_done update_height=2548 due_transition=false defer_for_sync=false update_blocked=false planned_only=false updated=false processed_adds=0 processed_removes=0 next_transition_height=0 transition_validators=4 next_validators=4
[SYNC-SCHEDULED-UPDATES] stage=idle provider= current_height=2548 step=transition_quorum_begin update_height=2548 due_transition=false defer_for_sync=false update_blocked=false planned_only=false updated=false processed_adds=0 processed_removes=0 next_transition_height=0 transition_validators=4 next_validators=4
[SYNC-SCHEDULED-UPDATES] stage=idle provider= current_height=2548 step=transition_quorum_done update_height=2548 due_transition=false defer_for_sync=false update_blocked=false planned_only=false updated=false processed_adds=0 processed_removes=0 next_transition_height=0 transition_validators=4 next_validators=4
[SYNC-SCHEDULED-UPDATES] stage=idle provider= current_height=2548 step=transition_plan_write_begin update_height=2548 due_transition=false defer_for_sync=false update_blocked=false planned_only=false updated=false processed_adds=0 processed_removes=0 next_transition_height=0 transition_validators=4 next_validators=4
[SYNC-SCHEDULED-UPDATES] stage=idle provider= current_height=2548 step=transition_plan_write_done update_height=2548 due_transition=false defer_for_sync=false update_blocked=false planned_only=false updated=false processed_adds=0 processed_removes=0 next_transition_height=0 transition_validators=4 next_validators=4
[SYNC-SCHEDULED-UPDATES] stage=idle provider= current_height=2548 step=finalize_pending_maps_begin update_height=2548 due_transition=false defer_for_sync=false update_blocked=false planned_only=false updated=false processed_adds=0 processed_removes=0 next_transition_height=0 transition_validators=4 next_validators=4
[SYNC-SCHEDULED-UPDATES] stage=idle provider= current_height=2548 step=finalize_pending_maps_done update_height=2548 due_transition=false defer_for_sync=false update_blocked=false planned_only=false updated=false processed_adds=0 processed_removes=0 next_transition_height=0 transition_validators=4 next_validators=4
[SYNC-SCHEDULED-UPDATES] stage=idle provider= current_height=2548 step=active_transition_heights_begin update_height=2548 due_transition=false defer_for_sync=false update_blocked=false planned_only=false updated=false processed_adds=0 processed_removes=0 next_transition_height=0 transition_validators=4 next_validators=4
[SYNC-SCHEDULED-UPDATES] stage=idle provider= current_height=2548 step=active_transition_heights_done update_height=2548 due_transition=false defer_for_sync=false update_blocked=false planned_only=false updated=false processed_adds=0 processed_removes=0 next_transition_height=0 transition_validators=4 next_validators=4
[SYNC-SCHEDULED-UPDATES] stage=idle provider= current_height=2548 step=validator_set_unlock update_height=2548 due_transition=false defer_for_sync=false update_blocked=false planned_only=false updated=false processed_adds=0 processed_removes=0 next_transition_height=0 transition_validators=4 next_validators=4
[SYNC-SCHEDULED-UPDATES] stage=idle provider= current_height=2548 step=retry_clear_begin update_height=2548 due_transition=false defer_for_sync=false update_blocked=false planned_only=false updated=false processed_adds=0 processed_removes=0 next_transition_height=0 transition_validators=4 next_validators=4
[SYNC-SCHEDULED-UPDATES] stage=idle provider= current_height=2548 step=retry_clear_done update_height=2548 due_transition=false defer_for_sync=false update_blocked=false planned_only=false updated=false processed_adds=0 processed_removes=0 next_transition_height=0 transition_validators=4 next_validators=4
[SYNC-SCHEDULED-UPDATES] stage=idle provider= current_height=2548 step=prune_retry_begin update_height=2548 due_transition=false defer_for_sync=false update_blocked=false planned_only=false updated=false processed_adds=0 processed_removes=0 next_transition_height=0 transition_validators=4 next_validators=4
[SYNC-SCHEDULED-UPDATES] stage=idle provider= current_height=2548 step=prune_retry_done update_height=2548 due_transition=false defer_for_sync=false update_blocked=false planned_only=false updated=false processed_adds=0 processed_removes=0 next_transition_height=0 transition_validators=4 next_validators=4
[SYNC-SCHEDULED-UPDATES] stage=idle provider= current_height=2548 step=onboarding_tracker_begin update_height=2548 due_transition=false defer_for_sync=false update_blocked=false planned_only=false updated=false processed_adds=0 processed_removes=0 next_transition_height=0 transition_validators=4 next_validators=4
[SYNC-SCHEDULED-UPDATES] stage=idle provider= current_height=2548 step=onboarding_tracker_done update_height=2548 due_transition=false defer_for_sync=false update_blocked=false planned_only=false updated=false processed_adds=0 processed_removes=0 next_transition_height=0 transition_validators=4 next_validators=4
[SYNC-SCHEDULED-UPDATES] stage=idle provider= current_height=2548 step=broadcast_validator_info_begin update_height=2548 due_transition=false defer_for_sync=false update_blocked=false planned_only=false updated=false processed_adds=0 processed_removes=0 next_transition_height=0 transition_validators=4 next_validators=4
[SYNC-SCHEDULED-UPDATES] stage=idle provider= current_height=2548 step=broadcast_validator_info_done update_height=2548 due_transition=false defer_for_sync=false update_blocked=false planned_only=false updated=false processed_adds=0 processed_removes=0 next_transition_height=0 transition_validators=4 next_validators=4
[SYNC-SCHEDULED-UPDATES] stage=idle provider= current_height=2548 step=final_update_log_begin update_height=2548 due_transition=false defer_for_sync=false update_blocked=false planned_only=false updated=false processed_adds=0 processed_removes=0 next_transition_height=0 transition_validators=4 next_validators=4
[SYNC-SCHEDULED-UPDATES] stage=idle provider= current_height=2548 step=final_update_log_done update_height=2548 due_transition=false defer_for_sync=false update_blocked=false planned_only=false updated=false processed_adds=0 processed_removes=0 next_transition_height=0 transition_validators=4 next_validators=4
[SYNC-SCHEDULED-UPDATES] stage=idle provider= current_height=2548 step=snapshot_epoch_validators_begin update_height=2548 due_transition=false defer_for_sync=false update_blocked=false planned_only=false updated=false processed_adds=0 processed_removes=0 next_transition_height=0 transition_validators=4 next_validators=4
Attempting to connect to 4 peers
2026/05/20 15:05:11 [LEDGER-REBUILD] reason=current_execution_snapshot_preferred height=2548 live_ledger=0d101c08 restored_ledger=99b7e8ad
[SYNC-SCHEDULED-UPDATES] stage=idle provider= current_height=2548 step=snapshot_epoch_validators_done update_height=2548 due_transition=false defer_for_sync=false update_blocked=false planned_only=false updated=false processed_adds=0 processed_removes=0 next_transition_height=0 transition_validators=4 next_validators=4
[SYNC-COMMIT-PHASE] node=F stage=snapshot_delta provider= height=2548 local=2548 phase=apply_scheduled_updates_done
[SYNC-COMMIT-PHASE] node=F stage=snapshot_delta provider= height=2548 local=2548 phase=snapshot_epoch_validators_begin
[STATUS] height=2547 finalized=2547 peers=4 validators=2 strict_live=2 heartbeat_live=2 out_of_drift=0 drift_limit=8 syncing=false sync_complete=true execution_ready=false execution_reason=startup_execution_snapshot_rebuild_pending_h_2547 gossip=true gossip_pipeline=new_block_gossip_validate_apply consensus_running=false mode=observer vote=false propose=false role=full validator_state=observer warmup_seconds=0 ready=false reason=startup_execution_snapshot_rebuild_pending_h_2547 snapshot_source=none expected_source=chain expected_hash=d75b74ab resolved_source=chain_parent_commitment resolved_hash=d75b74ab next_source=chain_parent_commitment next_hash=d75b74ab got_hash= authority=chain hash_mode=legacy
[SYNC-COMMIT-PHASE] node=F stage=snapshot_delta provider= height=2548 local=2548 phase=snapshot_epoch_validators_done
[SYNC-COMMIT-PHASE] node=F stage=snapshot_delta provider= height=2548 local=2548 phase=start_next_round_begin
[SYNC-COMMIT-PHASE] node=F stage=snapshot_delta provider= height=2548 local=2548 phase=start_next_round_done
[SYNC-COMMIT-PHASE] node=F stage=snapshot_delta provider= height=2548 local=2548 phase=clear_exec_results_begin
[SYNC-COMMIT-PHASE] node=F stage=snapshot_delta provider= height=2548 local=2548 phase=clear_exec_results_done
[SYNC-COMMIT-PHASE] node=F stage=snapshot_delta provider= height=2548 local=2548 phase=update_validator_metrics_begin
[SYNC-COMMIT-PHASE] node=F stage=snapshot_delta provider= height=2548 local=2548 phase=update_validator_metrics_done
[SYNC-COMMIT-PHASE] node=F stage=snapshot_delta provider= height=2548 local=2548 phase=enter_safe_mode_begin
[SYNC-SERVE-REQUEST] peer=12D3KooW requested=2471-2549 snapshot=false snapshot_height=0
[SYNC-SERVE-RESPONSE] peer=12D3KooW requested=2471-2549 served=2471-2548 count=78 snapshot=false tip_gap=true historical_gap=false duration_ms=12
[SYNC-SERVE-REQUEST] peer=12D3KooW requested=2471-2549 snapshot=false snapshot_height=0
[SYNC-SERVE-SKIP] peer=12D3KooW requested=2471-2549 adjusted=2471-2549 reason=duplicate_or_policy
[STARTUP-COMMITMENT] mode=v2 commitment_height=1 check_h=2549 expected=d75b74ab source=chain_parent_commitment
[CONSENSUS] height=2548 vhash=d75b74ab validators=4
Validator heartbeat received: B | reported_height=2547 | finalized_height=2547 | local_exec_epoch=2548
[SNAPSHOT-PUBLISH] deferred height=2548 reason=auto_publish_interval_10
Validator heartbeat received: C | reported_height=2547 | finalized_height=2547 | local_exec_epoch=2548
[REGISTRY-PENDING] height=2549 chain_height=2548 reason=future_parent
[SET-PENDING] height=2550 chain_height=2548 reason=future_height
Heartbeat sent: F finalized=2548 epoch=2549
Ignoring stale heartbeat: A reported=2470 local_finalized=2548
[SYNC-COMMIT-PHASE] node=F stage=snapshot_delta provider= height=2548 local=2548 phase=enter_safe_mode_done
[SYNC-COMMIT-PHASE] node=F stage=snapshot_delta provider= height=2548 local=2548 phase=ensure_tip_snapshot_begin
[SYNC-COMMIT-PHASE] node=F stage=snapshot_delta provider= height=2548 local=2548 phase=ensure_tip_snapshot_done
ðŸ§¹ Pruning snapshot @ height 1
ðŸ§¹ Pruning snapshot @ height 100
ðŸ§¹ Pruning snapshot @ height 1000
ðŸ§¹ Pruning snapshot @ height 1001
ðŸ§¹ Pruning snapshot @ height 1002
ðŸ§¹ Pruning snapshot @ height 1003
ðŸ§¹ Pruning snapshot @ height 1004
ðŸ§¹ Pruning snapshot @ height 1005
ðŸ§¹ Pruning snapshot @ height 1006
ðŸ§¹ Pruning snapshot @ height 1007
ðŸ§¹ Pruning snapshot @ height 1008
ðŸ§¹ Pruning snapshot @ height 1009
ðŸ§¹ Pruning snapshot @ height 101
ðŸ§¹ Pruning snapshot @ height 1010
ðŸ§¹ Pruning snapshot @ height 1011
ðŸ§¹ Pruning snapshot @ height 1012
ðŸ§¹ Pruning snapshot @ height 1013
ðŸ§¹ Pruning snapshot @ height 1014
ðŸ§¹ Pruning snapshot @ height 1015
ðŸ§¹ Pruning snapshot @ height 1016
ðŸ§¹ Pruning snapshot @ height 1017
ðŸ§¹ Pruning snapshot @ height 1018
ðŸ§¹ Pruning snapshot @ height 1019
ðŸ§¹ Pruning snapshot @ height 102
ðŸ§¹ Pruning snapshot @ height 1020
ðŸ§¹ Pruning snapshot @ height 1021
ðŸ§¹ Pruning snapshot @ height 1022
ðŸ§¹ Pruning snapshot @ height 1023
ðŸ§¹ Pruning snapshot @ height 1024
ðŸ§¹ Pruning snapshot @ height 1025
ðŸ§¹ Pruning snapshot @ height 1026
ðŸ§¹ Pruning snapshot @ height 1027
ðŸ§¹ Pruning snapshot @ height 1028
ðŸ§¹ Pruning snapshot @ height 1029
ðŸ§¹ Pruning snapshot @ height 103
ðŸ§¹ Pruning snapshot @ height 1030
ðŸ§¹ Pruning snapshot @ height 1031
ðŸ§¹ Pruning snapshot @ height 1032
ðŸ§¹ Pruning snapshot @ height 1033
ðŸ§¹ Pruning snapshot @ height 1034
ðŸ§¹ Pruning snapshot @ height 1035
ðŸ§¹ Pruning snapshot @ height 1036
ðŸ§¹ Pruning snapshot @ height 1037
ðŸ§¹ Pruning snapshot @ height 1038
ðŸ§¹ Pruning snapshot @ height 1039
ðŸ§¹ Pruning snapshot @ height 104
ðŸ§¹ Pruning snapshot @ height 1040
ðŸ§¹ Pruning snapshot @ height 1041
ðŸ§¹ Pruning snapshot @ height 1042
ðŸ§¹ Pruning snapshot @ height 1043
ðŸ§¹ Pruning snapshot @ height 1044
ðŸ§¹ Pruning snapshot @ height 1045
ðŸ§¹ Pruning snapshot @ height 1046
ðŸ§¹ Pruning snapshot @ height 1047
ðŸ§¹ Pruning snapshot @ height 1048
ðŸ§¹ Pruning snapshot @ height 1049
ðŸ§¹ Pruning snapshot @ height 105
ðŸ§¹ Pruning snapshot @ height 1050
ðŸ§¹ Pruning snapshot @ height 1051
ðŸ§¹ Pruning snapshot @ height 1052
ðŸ§¹ Pruning snapshot @ height 1053
ðŸ§¹ Pruning snapshot @ height 1054
ðŸ§¹ Pruning snapshot @ height 1055
ðŸ§¹ Pruning snapshot @ height 1056
ðŸ§¹ Pruning snapshot @ height 1057
ðŸ§¹ Pruning snapshot @ height 1058
ðŸ§¹ Pruning snapshot @ height 1059
ðŸ§¹ Pruning snapshot @ height 106
ðŸ§¹ Pruning snapshot @ height 1060
ðŸ§¹ Pruning snapshot @ height 1061
ðŸ§¹ Pruning snapshot @ height 1062
ðŸ§¹ Pruning snapshot @ height 1063
ðŸ§¹ Pruning snapshot @ height 1064
ðŸ§¹ Pruning snapshot @ height 1065
ðŸ§¹ Pruning snapshot @ height 1066
ðŸ§¹ Pruning snapshot @ height 1067
ðŸ§¹ Pruning snapshot @ height 1068
ðŸ§¹ Pruning snapshot @ height 1069
ðŸ§¹ Pruning snapshot @ height 107
ðŸ§¹ Pruning snapshot @ height 1070
ðŸ§¹ Pruning snapshot @ height 1071
ðŸ§¹ Pruning snapshot @ height 1072
ðŸ§¹ Pruning snapshot @ height 1073
ðŸ§¹ Pruning snapshot @ height 1074
ðŸ§¹ Pruning snapshot @ height 1075
ðŸ§¹ Pruning snapshot @ height 1076
ðŸ§¹ Pruning snapshot @ height 1077
ðŸ§¹ Pruning snapshot @ height 1078
ðŸ§¹ Pruning snapshot @ height 1079
ðŸ§¹ Pruning snapshot @ height 108
ðŸ§¹ Pruning snapshot @ height 1080
ðŸ§¹ Pruning snapshot @ height 1081
ðŸ§¹ Pruning snapshot @ height 1082
ðŸ§¹ Pruning snapshot @ height 1083
ðŸ§¹ Pruning snapshot @ height 1084
ðŸ§¹ Pruning snapshot @ height 1085
ðŸ§¹ Pruning snapshot @ height 1086
ðŸ§¹ Pruning snapshot @ height 1087
ðŸ§¹ Pruning snapshot @ height 1088
ðŸ§¹ Pruning snapshot @ height 1089
ðŸ§¹ Pruning snapshot @ height 109
ðŸ§¹ Pruning snapshot @ height 1090
ðŸ§¹ Pruning snapshot @ height 1091
ðŸ§¹ Pruning snapshot @ height 1092
ðŸ§¹ Pruning snapshot @ height 1093
ðŸ§¹ Pruning snapshot @ height 1094
ðŸ§¹ Pruning snapshot @ height 1095
ðŸ§¹ Pruning snapshot @ height 1096
ðŸ§¹ Pruning snapshot @ height 1097
ðŸ§¹ Pruning snapshot @ height 1098
ðŸ§¹ Pruning snapshot @ height 1099
ðŸ§¹ Pruning snapshot @ height 110
ðŸ§¹ Pruning snapshot @ height 1100
ðŸ§¹ Pruning snapshot @ height 1101
ðŸ§¹ Pruning snapshot @ height 1102
ðŸ§¹ Pruning snapshot @ height 1103
ðŸ§¹ Pruning snapshot @ height 1104
ðŸ§¹ Pruning snapshot @ height 1105
ðŸ§¹ Pruning snapshot @ height 1106
ðŸ§¹ Pruning snapshot @ height 1107
ðŸ§¹ Pruning snapshot @ height 1108
ðŸ§¹ Pruning snapshot @ height 1109
ðŸ§¹ Pruning snapshot @ height 111
ðŸ§¹ Pruning snapshot @ height 1110
ðŸ§¹ Pruning snapshot @ height 1111
ðŸ§¹ Pruning snapshot @ height 1112
ðŸ§¹ Pruning snapshot @ height 1113
ðŸ§¹ Pruning snapshot @ height 1114
ðŸ§¹ Pruning snapshot @ height 1115
ðŸ§¹ Pruning snapshot @ height 1116
ðŸ§¹ Pruning snapshot @ height 1117
ðŸ§¹ Pruning snapshot @ height 1118
ðŸ§¹ Pruning snapshot @ height 1119
ðŸ§¹ Pruning snapshot @ height 112
ðŸ§¹ Pruning snapshot @ height 1120
ðŸ§¹ Pruning snapshot @ height 1121
ðŸ§¹ Pruning snapshot @ height 1122
ðŸ§¹ Pruning snapshot @ height 1123
ðŸ§¹ Pruning snapshot @ height 1124
ðŸ§¹ Pruning snapshot @ height 1125
ðŸ§¹ Pruning snapshot @ height 1126
ðŸ§¹ Pruning snapshot @ height 1127
ðŸ§¹ Pruning snapshot @ height 1128
ðŸ§¹ Pruning snapshot @ height 1129
ðŸ§¹ Pruning snapshot @ height 113
ðŸ§¹ Pruning snapshot @ height 1130
ðŸ§¹ Pruning snapshot @ height 1131
ðŸ§¹ Pruning snapshot @ height 1132
ðŸ§¹ Pruning snapshot @ height 1133
ðŸ§¹ Pruning snapshot @ height 1134
ðŸ§¹ Pruning snapshot @ height 1135
ðŸ§¹ Pruning snapshot @ height 1136
ðŸ§¹ Pruning snapshot @ height 1137
ðŸ§¹ Pruning snapshot @ height 1138
ðŸ§¹ Pruning snapshot @ height 1139
ðŸ§¹ Pruning snapshot @ height 114
ðŸ§¹ Pruning snapshot @ height 1140
ðŸ§¹ Pruning snapshot @ height 1141
ðŸ§¹ Pruning snapshot @ height 1142
ðŸ§¹ Pruning snapshot @ height 1143
ðŸ§¹ Pruning snapshot @ height 1144
ðŸ§¹ Pruning snapshot @ height 1145
ðŸ§¹ Pruning snapshot @ height 1146
ðŸ§¹ Pruning snapshot @ height 1147
ðŸ§¹ Pruning snapshot @ height 1148
ðŸ§¹ Pruning snapshot @ height 1149
ðŸ§¹ Pruning snapshot @ height 115
ðŸ§¹ Pruning snapshot @ height 1150
ðŸ§¹ Pruning snapshot @ height 1151
ðŸ§¹ Pruning snapshot @ height 1152
ðŸ§¹ Pruning snapshot @ height 1153
ðŸ§¹ Pruning snapshot @ height 1154
ðŸ§¹ Pruning snapshot @ height 1155
ðŸ§¹ Pruning snapshot @ height 1156
ðŸ§¹ Pruning snapshot @ height 1157
ðŸ§¹ Pruning snapshot @ height 1158
ðŸ§¹ Pruning snapshot @ height 1159
ðŸ§¹ Pruning snapshot @ height 116
ðŸ§¹ Pruning snapshot @ height 1160
ðŸ§¹ Pruning snapshot @ height 1161
ðŸ§¹ Pruning snapshot @ height 1162
ðŸ§¹ Pruning snapshot @ height 1163
ðŸ§¹ Pruning snapshot @ height 1164
ðŸ§¹ Pruning snapshot @ height 1165
ðŸ§¹ Pruning snapshot @ height 1166
ðŸ§¹ Pruning snapshot @ height 1167
ðŸ§¹ Pruning snapshot @ height 1168
ðŸ§¹ Pruning snapshot @ height 1169
ðŸ§¹ Pruning snapshot @ height 117
ðŸ§¹ Pruning snapshot @ height 1170
ðŸ§¹ Pruning snapshot @ height 1171
ðŸ§¹ Pruning snapshot @ height 1172
ðŸ§¹ Pruning snapshot @ height 1173
ðŸ§¹ Pruning snapshot @ height 1174
ðŸ§¹ Pruning snapshot @ height 1175
ðŸ§¹ Pruning snapshot @ height 1176
ðŸ§¹ Pruning snapshot @ height 1177
ðŸ§¹ Pruning snapshot @ height 1178
ðŸ§¹ Pruning snapshot @ height 1179
ðŸ§¹ Pruning snapshot @ height 118
ðŸ§¹ Pruning snapshot @ height 1180
ðŸ§¹ Pruning snapshot @ height 1181
ðŸ§¹ Pruning snapshot @ height 1182
ðŸ§¹ Pruning snapshot @ height 1183
ðŸ§¹ Pruning snapshot @ height 1184
ðŸ§¹ Pruning snapshot @ height 1185
ðŸ§¹ Pruning snapshot @ height 1186
ðŸ§¹ Pruning snapshot @ height 1187
ðŸ§¹ Pruning snapshot @ height 1188
ðŸ§¹ Pruning snapshot @ height 1189
ðŸ§¹ Pruning snapshot @ height 119
ðŸ§¹ Pruning snapshot @ height 1190
ðŸ§¹ Pruning snapshot @ height 1191
ðŸ§¹ Pruning snapshot @ height 1192
ðŸ§¹ Pruning snapshot @ height 1193
ðŸ§¹ Pruning snapshot @ height 1194
ðŸ§¹ Pruning snapshot @ height 1195
ðŸ§¹ Pruning snapshot @ height 1196
ðŸ§¹ Pruning snapshot @ height 1197
ðŸ§¹ Pruning snapshot @ height 1198
ðŸ§¹ Pruning snapshot @ height 1199
ðŸ§¹ Pruning snapshot @ height 120
ðŸ§¹ Pruning snapshot @ height 1200
ðŸ§¹ Pruning snapshot @ height 1201
ðŸ§¹ Pruning snapshot @ height 1202
ðŸ§¹ Pruning snapshot @ height 1203
ðŸ§¹ Pruning snapshot @ height 1204
ðŸ§¹ Pruning snapshot @ height 1205
ðŸ§¹ Pruning snapshot @ height 1206
ðŸ§¹ Pruning snapshot @ height 1207
ðŸ§¹ Pruning snapshot @ height 1208
ðŸ§¹ Pruning snapshot @ height 1209
ðŸ§¹ Pruning snapshot @ height 121
ðŸ§¹ Pruning snapshot @ height 1210
ðŸ§¹ Pruning snapshot @ height 1211
ðŸ§¹ Pruning snapshot @ height 1212
ðŸ§¹ Pruning snapshot @ height 1213
ðŸ§¹ Pruning snapshot @ height 1214
Candidate heartbeat received: D | reported_height=2526 | finalized_height=2526 | local_exec_epoch=2527
ðŸ§¹ Pruning snapshot @ height 1215
ðŸ§¹ Pruning snapshot @ height 1216
ðŸ§¹ Pruning snapshot @ height 1217
ðŸ§¹ Pruning snapshot @ height 1218
ðŸ§¹ Pruning snapshot @ height 1219
ðŸ§¹ Pruning snapshot @ height 122
ðŸ§¹ Pruning snapshot @ height 1220
Validator heartbeat: C | reported_height=2547 | finalized_height=2547 | local_exec_epoch=2548
ðŸ§¹ Pruning snapshot @ height 1221
ðŸ§¹ Pruning snapshot @ height 1222
ðŸ§¹ Pruning snapshot @ height 1223
ðŸ§¹ Pruning snapshot @ height 1224
ðŸ§¹ Pruning snapshot @ height 1225
ðŸ§¹ Pruning snapshot @ height 1226
ðŸ§¹ Pruning snapshot @ height 1227
ðŸ§¹ Pruning snapshot @ height 1228
ðŸ§¹ Pruning snapshot @ height 1229
ðŸ§¹ Pruning snapshot @ height 123
ðŸ§¹ Pruning snapshot @ height 1230
ðŸ§¹ Pruning snapshot @ height 1231
ðŸ§¹ Pruning snapshot @ height 1232
ðŸ§¹ Pruning snapshot @ height 1233
ðŸ§¹ Pruning snapshot @ height 1234
ðŸ§¹ Pruning snapshot @ height 1235
ðŸ§¹ Pruning snapshot @ height 1236
ðŸ§¹ Pruning snapshot @ height 1237
ðŸ§¹ Pruning snapshot @ height 1238
ðŸ§¹ Pruning snapshot @ height 1239
ðŸ§¹ Pruning snapshot @ height 124
ðŸ§¹ Pruning snapshot @ height 1240
ðŸ§¹ Pruning snapshot @ height 1241
ðŸ§¹ Pruning snapshot @ height 1242
ðŸ§¹ Pruning snapshot @ height 1243
ðŸ§¹ Pruning snapshot @ height 1244
ðŸ§¹ Pruning snapshot @ height 1245
ðŸ§¹ Pruning snapshot @ height 1246
ðŸ§¹ Pruning snapshot @ height 1247
ðŸ§¹ Pruning snapshot @ height 1248
ðŸ§¹ Pruning snapshot @ height 1249
ðŸ§¹ Pruning snapshot @ height 125
ðŸ§¹ Pruning snapshot @ height 1250
ðŸ§¹ Pruning snapshot @ height 1251
ðŸ§¹ Pruning snapshot @ height 1252
ðŸ§¹ Pruning snapshot @ height 1253
ðŸ§¹ Pruning snapshot @ height 1254
ðŸ§¹ Pruning snapshot @ height 1255
ðŸ§¹ Pruning snapshot @ height 1256
ðŸ§¹ Pruning snapshot @ height 1257
ðŸ§¹ Pruning snapshot @ height 1258
ðŸ§¹ Pruning snapshot @ height 1259
ðŸ§¹ Pruning snapshot @ height 126
ðŸ§¹ Pruning snapshot @ height 1260
ðŸ§¹ Pruning snapshot @ height 1261
ðŸ§¹ Pruning snapshot @ height 1262
ðŸ§¹ Pruning snapshot @ height 1263
ðŸ§¹ Pruning snapshot @ height 1264
ðŸ§¹ Pruning snapshot @ height 1265
ðŸ§¹ Pruning snapshot @ height 1266
ðŸ§¹ Pruning snapshot @ height 1267
ðŸ§¹ Pruning snapshot @ height 1268
ðŸ§¹ Pruning snapshot @ height 1269
ðŸ§¹ Pruning snapshot @ height 127
ðŸ§¹ Pruning snapshot @ height 1270
ðŸ§¹ Pruning snapshot @ height 1271
ðŸ§¹ Pruning snapshot @ height 1272
ðŸ§¹ Pruning snapshot @ height 1273
ðŸ§¹ Pruning snapshot @ height 1274
ðŸ§¹ Pruning snapshot @ height 1275
ðŸ§¹ Pruning snapshot @ height 1276
ðŸ§¹ Pruning snapshot @ height 1277
ðŸ§¹ Pruning snapshot @ height 1278
ðŸ§¹ Pruning snapshot @ height 1279
ðŸ§¹ Pruning snapshot @ height 128
ðŸ§¹ Pruning snapshot @ height 1280
ðŸ§¹ Pruning snapshot @ height 1281
ðŸ§¹ Pruning snapshot @ height 1282
ðŸ§¹ Pruning snapshot @ height 1283
ðŸ§¹ Pruning snapshot @ height 1284
ðŸ§¹ Pruning snapshot @ height 1285
ðŸ§¹ Pruning snapshot @ height 1286
ðŸ§¹ Pruning snapshot @ height 1287
ðŸ§¹ Pruning snapshot @ height 1288
ðŸ§¹ Pruning snapshot @ height 1289
ðŸ§¹ Pruning snapshot @ height 129
ðŸ§¹ Pruning snapshot @ height 1290
ðŸ§¹ Pruning snapshot @ height 1291
ðŸ§¹ Pruning snapshot @ height 1292
ðŸ§¹ Pruning snapshot @ height 1293
ðŸ§¹ Pruning snapshot @ height 1294
ðŸ§¹ Pruning snapshot @ height 1295
ðŸ§¹ Pruning snapshot @ height 1296
ðŸ§¹ Pruning snapshot @ height 1297
ðŸ§¹ Pruning snapshot @ height 1298
ðŸ§¹ Pruning snapshot @ height 1299
ðŸ§¹ Pruning snapshot @ height 130
ðŸ§¹ Pruning snapshot @ height 1300
ðŸ§¹ Pruning snapshot @ height 1301
ðŸ§¹ Pruning snapshot @ height 1302
ðŸ§¹ Pruning snapshot @ height 1303
ðŸ§¹ Pruning snapshot @ height 1304
ðŸ§¹ Pruning snapshot @ height 1305
ðŸ§¹ Pruning snapshot @ height 1306
ðŸ§¹ Pruning snapshot @ height 1307
ðŸ§¹ Pruning snapshot @ height 1308
ðŸ§¹ Pruning snapshot @ height 1309
ðŸ§¹ Pruning snapshot @ height 131
ðŸ§¹ Pruning snapshot @ height 1310
ðŸ§¹ Pruning snapshot @ height 1311
ðŸ§¹ Pruning snapshot @ height 1312
ðŸ§¹ Pruning snapshot @ height 1313
ðŸ§¹ Pruning snapshot @ height 1314
ðŸ§¹ Pruning snapshot @ height 1315
ðŸ§¹ Pruning snapshot @ height 1316
ðŸ§¹ Pruning snapshot @ height 1317
ðŸ§¹ Pruning snapshot @ height 1318
ðŸ§¹ Pruning snapshot @ height 1319
ðŸ§¹ Pruning snapshot @ height 132
ðŸ§¹ Pruning snapshot @ height 1320
ðŸ§¹ Pruning snapshot @ height 1321
ðŸ§¹ Pruning snapshot @ height 1322
ðŸ§¹ Pruning snapshot @ height 1323
ðŸ§¹ Pruning snapshot @ height 1324
ðŸ§¹ Pruning snapshot @ height 1325
ðŸ§¹ Pruning snapshot @ height 1326
ðŸ§¹ Pruning snapshot @ height 1327
ðŸ§¹ Pruning snapshot @ height 1328
ðŸ§¹ Pruning snapshot @ height 1329
ðŸ§¹ Pruning snapshot @ height 133
ðŸ§¹ Pruning snapshot @ height 1330
ðŸ§¹ Pruning snapshot @ height 1331
ðŸ§¹ Pruning snapshot @ height 1332
ðŸ§¹ Pruning snapshot @ height 1333
ðŸ§¹ Pruning snapshot @ height 1334
ðŸ§¹ Pruning snapshot @ height 1335
ðŸ§¹ Pruning snapshot @ height 1336
ðŸ§¹ Pruning snapshot @ height 1337
ðŸ§¹ Pruning snapshot @ height 1338
ðŸ§¹ Pruning snapshot @ height 1339
ðŸ§¹ Pruning snapshot @ height 134
ðŸ§¹ Pruning snapshot @ height 1340
ðŸ§¹ Pruning snapshot @ height 1341
ðŸ§¹ Pruning snapshot @ height 1342
ðŸ§¹ Pruning snapshot @ height 1343
ðŸ§¹ Pruning snapshot @ height 1344
ðŸ§¹ Pruning snapshot @ height 1345
ðŸ§¹ Pruning snapshot @ height 1346
ðŸ§¹ Pruning snapshot @ height 1347
ðŸ§¹ Pruning snapshot @ height 1348
ðŸ§¹ Pruning snapshot @ height 1349
ðŸ§¹ Pruning snapshot @ height 135
ðŸ§¹ Pruning snapshot @ height 1350
ðŸ§¹ Pruning snapshot @ height 1351
ðŸ§¹ Pruning snapshot @ height 1352
ðŸ§¹ Pruning snapshot @ height 1353
ðŸ§¹ Pruning snapshot @ height 1354
ðŸ§¹ Pruning snapshot @ height 1355
ðŸ§¹ Pruning snapshot @ height 1356
ðŸ§¹ Pruning snapshot @ height 1357
ðŸ§¹ Pruning snapshot @ height 1358
ðŸ§¹ Pruning snapshot @ height 1359
ðŸ§¹ Pruning snapshot @ height 136
ðŸ§¹ Pruning snapshot @ height 1360
ðŸ§¹ Pruning snapshot @ height 1361
ðŸ§¹ Pruning snapshot @ height 1362
ðŸ§¹ Pruning snapshot @ height 1363
ðŸ§¹ Pruning snapshot @ height 1364
ðŸ§¹ Pruning snapshot @ height 1365
ðŸ§¹ Pruning snapshot @ height 1366
ðŸ§¹ Pruning snapshot @ height 1367
ðŸ§¹ Pruning snapshot @ height 1368
ðŸ§¹ Pruning snapshot @ height 1369
ðŸ§¹ Pruning snapshot @ height 137
ðŸ§¹ Pruning snapshot @ height 1370
ðŸ§¹ Pruning snapshot @ height 1371
ðŸ§¹ Pruning snapshot @ height 1372
ðŸ§¹ Pruning snapshot @ height 1373
ðŸ§¹ Pruning snapshot @ height 1374
ðŸ§¹ Pruning snapshot @ height 1375
ðŸ§¹ Pruning snapshot @ height 1376
ðŸ§¹ Pruning snapshot @ height 1377
ðŸ§¹ Pruning snapshot @ height 1378
ðŸ§¹ Pruning snapshot @ height 1379
ðŸ§¹ Pruning snapshot @ height 138
ðŸ§¹ Pruning snapshot @ height 1380
ðŸ§¹ Pruning snapshot @ height 1381
ðŸ§¹ Pruning snapshot @ height 1382
ðŸ§¹ Pruning snapshot @ height 1383
ðŸ§¹ Pruning snapshot @ height 1384
ðŸ§¹ Pruning snapshot @ height 1385
ðŸ§¹ Pruning snapshot @ height 1386
ðŸ§¹ Pruning snapshot @ height 1387
ðŸ§¹ Pruning snapshot @ height 1388
ðŸ§¹ Pruning snapshot @ height 1389
ðŸ§¹ Pruning snapshot @ height 139
ðŸ§¹ Pruning snapshot @ height 1390
ðŸ§¹ Pruning snapshot @ height 1391
ðŸ§¹ Pruning snapshot @ height 1392
ðŸ§¹ Pruning snapshot @ height 1393
ðŸ§¹ Pruning snapshot @ height 1394
ðŸ§¹ Pruning snapshot @ height 1395
ðŸ§¹ Pruning snapshot @ height 1396
ðŸ§¹ Pruning snapshot @ height 1397
ðŸ§¹ Pruning snapshot @ height 1398
ðŸ§¹ Pruning snapshot @ height 1399
ðŸ§¹ Pruning snapshot @ height 140
ðŸ§¹ Pruning snapshot @ height 1400
ðŸ§¹ Pruning snapshot @ height 1401
ðŸ§¹ Pruning snapshot @ height 1402
ðŸ§¹ Pruning snapshot @ height 1403
ðŸ§¹ Pruning snapshot @ height 1404
ðŸ§¹ Pruning snapshot @ height 1405
ðŸ§¹ Pruning snapshot @ height 1406
ðŸ§¹ Pruning snapshot @ height 1407
ðŸ§¹ Pruning snapshot @ height 1408
ðŸ§¹ Pruning snapshot @ height 1409
ðŸ§¹ Pruning snapshot @ height 141
ðŸ§¹ Pruning snapshot @ height 1410
ðŸ§¹ Pruning snapshot @ height 1411
ðŸ§¹ Pruning snapshot @ height 1412
ðŸ§¹ Pruning snapshot @ height 1413
ðŸ§¹ Pruning snapshot @ height 1414
ðŸ§¹ Pruning snapshot @ height 1415
ðŸ§¹ Pruning snapshot @ height 1416
ðŸ§¹ Pruning snapshot @ height 1417
ðŸ§¹ Pruning snapshot @ height 1418
ðŸ§¹ Pruning snapshot @ height 1419
ðŸ§¹ Pruning snapshot @ height 142
ðŸ§¹ Pruning snapshot @ height 1420
ðŸ§¹ Pruning snapshot @ height 1421
ðŸ§¹ Pruning snapshot @ height 1422
ðŸ§¹ Pruning snapshot @ height 1423
ðŸ§¹ Pruning snapshot @ height 1424
ðŸ§¹ Pruning snapshot @ height 1425
ðŸ§¹ Pruning snapshot @ height 1426
ðŸ§¹ Pruning snapshot @ height 1427
ðŸ§¹ Pruning snapshot @ height 1428
ðŸ§¹ Pruning snapshot @ height 1429
ðŸ§¹ Pruning snapshot @ height 143
ðŸ§¹ Pruning snapshot @ height 1430
ðŸ§¹ Pruning snapshot @ height 1431
ðŸ§¹ Pruning snapshot @ height 1432
ðŸ§¹ Pruning snapshot @ height 1433
ðŸ§¹ Pruning snapshot @ height 1434
ðŸ§¹ Pruning snapshot @ height 1435
ðŸ§¹ Pruning snapshot @ height 1436
ðŸ§¹ Pruning snapshot @ height 1437
ðŸ§¹ Pruning snapshot @ height 1438
ðŸ§¹ Pruning snapshot @ height 1439
ðŸ§¹ Pruning snapshot @ height 144
ðŸ§¹ Pruning snapshot @ height 1440
ðŸ§¹ Pruning snapshot @ height 1441
ðŸ§¹ Pruning snapshot @ height 1442
ðŸ§¹ Pruning snapshot @ height 1443
ðŸ§¹ Pruning snapshot @ height 1444
ðŸ§¹ Pruning snapshot @ height 1445
ðŸ§¹ Pruning snapshot @ height 1446
ðŸ§¹ Pruning snapshot @ height 1447
ðŸ§¹ Pruning snapshot @ height 1448
ðŸ§¹ Pruning snapshot @ height 1449
ðŸ§¹ Pruning snapshot @ height 145
ðŸ§¹ Pruning snapshot @ height 1450
ðŸ§¹ Pruning snapshot @ height 1451
ðŸ§¹ Pruning snapshot @ height 1452
ðŸ§¹ Pruning snapshot @ height 1453
ðŸ§¹ Pruning snapshot @ height 1454
ðŸ§¹ Pruning snapshot @ height 1455
ðŸ§¹ Pruning snapshot @ height 1456
ðŸ§¹ Pruning snapshot @ height 1457
ðŸ§¹ Pruning snapshot @ height 1458
ðŸ§¹ Pruning snapshot @ height 1459
ðŸ§¹ Pruning snapshot @ height 146
ðŸ§¹ Pruning snapshot @ height 1460
ðŸ§¹ Pruning snapshot @ height 1461
ðŸ§¹ Pruning snapshot @ height 1462
ðŸ§¹ Pruning snapshot @ height 1463
ðŸ§¹ Pruning snapshot @ height 1464
ðŸ§¹ Pruning snapshot @ height 1465
ðŸ§¹ Pruning snapshot @ height 1466
ðŸ§¹ Pruning snapshot @ height 1467
ðŸ§¹ Pruning snapshot @ height 1468
ðŸ§¹ Pruning snapshot @ height 1469
ðŸ§¹ Pruning snapshot @ height 147
ðŸ§¹ Pruning snapshot @ height 1470
ðŸ§¹ Pruning snapshot @ height 1471
ðŸ§¹ Pruning snapshot @ height 1472
ðŸ§¹ Pruning snapshot @ height 1473
ðŸ§¹ Pruning snapshot @ height 1474
ðŸ§¹ Pruning snapshot @ height 1475
ðŸ§¹ Pruning snapshot @ height 1476
ðŸ§¹ Pruning snapshot @ height 1477
ðŸ§¹ Pruning snapshot @ height 1478
ðŸ§¹ Pruning snapshot @ height 1479
ðŸ§¹ Pruning snapshot @ height 148
ðŸ§¹ Pruning snapshot @ height 1480
ðŸ§¹ Pruning snapshot @ height 1481
ðŸ§¹ Pruning snapshot @ height 1482
ðŸ§¹ Pruning snapshot @ height 1483
ðŸ§¹ Pruning snapshot @ height 1484
ðŸ§¹ Pruning snapshot @ height 1485
ðŸ§¹ Pruning snapshot @ height 1486
ðŸ§¹ Pruning snapshot @ height 1487
ðŸ§¹ Pruning snapshot @ height 1488
ðŸ§¹ Pruning snapshot @ height 1489
ðŸ§¹ Pruning snapshot @ height 149
ðŸ§¹ Pruning snapshot @ height 1490
ðŸ§¹ Pruning snapshot @ height 1491
ðŸ§¹ Pruning snapshot @ height 1492
ðŸ§¹ Pruning snapshot @ height 1493
ðŸ§¹ Pruning snapshot @ height 1494
ðŸ§¹ Pruning snapshot @ height 1495
ðŸ§¹ Pruning snapshot @ height 1496
ðŸ§¹ Pruning snapshot @ height 1497
ðŸ§¹ Pruning snapshot @ height 1498
ðŸ§¹ Pruning snapshot @ height 1499
ðŸ§¹ Pruning snapshot @ height 150
ðŸ§¹ Pruning snapshot @ height 1500
ðŸ§¹ Pruning snapshot @ height 1501
ðŸ§¹ Pruning snapshot @ height 1502
ðŸ§¹ Pruning snapshot @ height 1503
ðŸ§¹ Pruning snapshot @ height 1504
ðŸ§¹ Pruning snapshot @ height 1505
ðŸ§¹ Pruning snapshot @ height 1506
ðŸ§¹ Pruning snapshot @ height 1507
ðŸ§¹ Pruning snapshot @ height 1508
ðŸ§¹ Pruning snapshot @ height 1509
ðŸ§¹ Pruning snapshot @ height 151
ðŸ§¹ Pruning snapshot @ height 1510
ðŸ§¹ Pruning snapshot @ height 1511
ðŸ§¹ Pruning snapshot @ height 1512
ðŸ§¹ Pruning snapshot @ height 1513
ðŸ§¹ Pruning snapshot @ height 1514
ðŸ§¹ Pruning snapshot @ height 1515
ðŸ§¹ Pruning snapshot @ height 1516
ðŸ§¹ Pruning snapshot @ height 1517
ðŸ§¹ Pruning snapshot @ height 1518
ðŸ§¹ Pruning snapshot @ height 1519
ðŸ§¹ Pruning snapshot @ height 152
ðŸ§¹ Pruning snapshot @ height 1520
ðŸ§¹ Pruning snapshot @ height 1521
ðŸ§¹ Pruning snapshot @ height 1522
ðŸ§¹ Pruning snapshot @ height 1523
ðŸ§¹ Pruning snapshot @ height 1524
ðŸ§¹ Pruning snapshot @ height 1525
ðŸ§¹ Pruning snapshot @ height 1526
ðŸ§¹ Pruning snapshot @ height 1527
ðŸ§¹ Pruning snapshot @ height 1528
ðŸ§¹ Pruning snapshot @ height 1529
ðŸ§¹ Pruning snapshot @ height 153
ðŸ§¹ Pruning snapshot @ height 1530
ðŸ§¹ Pruning snapshot @ height 1531
ðŸ§¹ Pruning snapshot @ height 1532
ðŸ§¹ Pruning snapshot @ height 1533
ðŸ§¹ Pruning snapshot @ height 1534
ðŸ§¹ Pruning snapshot @ height 1535
ðŸ§¹ Pruning snapshot @ height 1536
ðŸ§¹ Pruning snapshot @ height 1537
ðŸ§¹ Pruning snapshot @ height 1538
ðŸ§¹ Pruning snapshot @ height 1539
ðŸ§¹ Pruning snapshot @ height 154
ðŸ§¹ Pruning snapshot @ height 1540
ðŸ§¹ Pruning snapshot @ height 1541
ðŸ§¹ Pruning snapshot @ height 1542
ðŸ§¹ Pruning snapshot @ height 1543
ðŸ§¹ Pruning snapshot @ height 1544
ðŸ§¹ Pruning snapshot @ height 1545
ðŸ§¹ Pruning snapshot @ height 1546
ðŸ§¹ Pruning snapshot @ height 1547
ðŸ§¹ Pruning snapshot @ height 155
ðŸ§¹ Pruning snapshot @ height 156
ðŸ§¹ Pruning snapshot @ height 157
ðŸ§¹ Pruning snapshot @ height 158
ðŸ§¹ Pruning snapshot @ height 159
ðŸ§¹ Pruning snapshot @ height 160
ðŸ§¹ Pruning snapshot @ height 161
ðŸ§¹ Pruning snapshot @ height 162
ðŸ§¹ Pruning snapshot @ height 163
ðŸ§¹ Pruning snapshot @ height 164
ðŸ§¹ Pruning snapshot @ height 165
ðŸ§¹ Pruning snapshot @ height 166
ðŸ§¹ Pruning snapshot @ height 167
ðŸ§¹ Pruning snapshot @ height 168
ðŸ§¹ Pruning snapshot @ height 169
ðŸ§¹ Pruning snapshot @ height 170
ðŸ§¹ Pruning snapshot @ height 171
ðŸ§¹ Pruning snapshot @ height 172
ðŸ§¹ Pruning snapshot @ height 173
ðŸ§¹ Pruning snapshot @ height 174
ðŸ§¹ Pruning snapshot @ height 175
ðŸ§¹ Pruning snapshot @ height 176
ðŸ§¹ Pruning snapshot @ height 177
ðŸ§¹ Pruning snapshot @ height 178
ðŸ§¹ Pruning snapshot @ height 179
ðŸ§¹ Pruning snapshot @ height 180
ðŸ§¹ Pruning snapshot @ height 181
ðŸ§¹ Pruning snapshot @ height 182
ðŸ§¹ Pruning snapshot @ height 183
ðŸ§¹ Pruning snapshot @ height 184
ðŸ§¹ Pruning snapshot @ height 185
ðŸ§¹ Pruning snapshot @ height 186
ðŸ§¹ Pruning snapshot @ height 187
ðŸ§¹ Pruning snapshot @ height 188
ðŸ§¹ Pruning snapshot @ height 189
ðŸ§¹ Pruning snapshot @ height 190
ðŸ§¹ Pruning snapshot @ height 191
ðŸ§¹ Pruning snapshot @ height 192
ðŸ§¹ Pruning snapshot @ height 193
ðŸ§¹ Pruning snapshot @ height 194
ðŸ§¹ Pruning snapshot @ height 195
ðŸ§¹ Pruning snapshot @ height 196
ðŸ§¹ Pruning snapshot @ height 197
ðŸ§¹ Pruning snapshot @ height 198
ðŸ§¹ Pruning snapshot @ height 199
ðŸ§¹ Pruning snapshot @ height 200
ðŸ§¹ Pruning snapshot @ height 201
ðŸ§¹ Pruning snapshot @ height 202
ðŸ§¹ Pruning snapshot @ height 203
ðŸ§¹ Pruning snapshot @ height 204
ðŸ§¹ Pruning snapshot @ height 205
ðŸ§¹ Pruning snapshot @ height 206
ðŸ§¹ Pruning snapshot @ height 207
ðŸ§¹ Pruning snapshot @ height 208
ðŸ§¹ Pruning snapshot @ height 209
ðŸ§¹ Pruning snapshot @ height 210
ðŸ§¹ Pruning snapshot @ height 211
ðŸ§¹ Pruning snapshot @ height 212
ðŸ§¹ Pruning snapshot @ height 213
ðŸ§¹ Pruning snapshot @ height 214
ðŸ§¹ Pruning snapshot @ height 215
ðŸ§¹ Pruning snapshot @ height 216
ðŸ§¹ Pruning snapshot @ height 217
ðŸ§¹ Pruning snapshot @ height 218
ðŸ§¹ Pruning snapshot @ height 219
ðŸ§¹ Pruning snapshot @ height 220
ðŸ§¹ Pruning snapshot @ height 221
ðŸ§¹ Pruning snapshot @ height 222
ðŸ§¹ Pruning snapshot @ height 223
ðŸ§¹ Pruning snapshot @ height 224
ðŸ§¹ Pruning snapshot @ height 225
ðŸ§¹ Pruning snapshot @ height 226
ðŸ§¹ Pruning snapshot @ height 227
ðŸ§¹ Pruning snapshot @ height 228
ðŸ§¹ Pruning snapshot @ height 229
ðŸ§¹ Pruning snapshot @ height 230
ðŸ§¹ Pruning snapshot @ height 231
ðŸ§¹ Pruning snapshot @ height 232
ðŸ§¹ Pruning snapshot @ height 233
ðŸ§¹ Pruning snapshot @ height 234
ðŸ§¹ Pruning snapshot @ height 235
ðŸ§¹ Pruning snapshot @ height 236
ðŸ§¹ Pruning snapshot @ height 237
ðŸ§¹ Pruning snapshot @ height 238
ðŸ§¹ Pruning snapshot @ height 239
ðŸ§¹ Pruning snapshot @ height 240
ðŸ§¹ Pruning snapshot @ height 241
ðŸ§¹ Pruning snapshot @ height 242
ðŸ§¹ Pruning snapshot @ height 243
ðŸ§¹ Pruning snapshot @ height 244
ðŸ§¹ Pruning snapshot @ height 245
ðŸ§¹ Pruning snapshot @ height 246
ðŸ§¹ Pruning snapshot @ height 247
ðŸ§¹ Pruning snapshot @ height 248
ðŸ§¹ Pruning snapshot @ height 249
ðŸ§¹ Pruning snapshot @ height 250
ðŸ§¹ Pruning snapshot @ height 251
ðŸ§¹ Pruning snapshot @ height 252
ðŸ§¹ Pruning snapshot @ height 253
ðŸ§¹ Pruning snapshot @ height 254
ðŸ§¹ Pruning snapshot @ height 255
ðŸ§¹ Pruning snapshot @ height 256
ðŸ§¹ Pruning snapshot @ height 257
ðŸ§¹ Pruning snapshot @ height 258
ðŸ§¹ Pruning snapshot @ height 259
ðŸ§¹ Pruning snapshot @ height 260
ðŸ§¹ Pruning snapshot @ height 261
ðŸ§¹ Pruning snapshot @ height 262
ðŸ§¹ Pruning snapshot @ height 263
ðŸ§¹ Pruning snapshot @ height 264
ðŸ§¹ Pruning snapshot @ height 265
ðŸ§¹ Pruning snapshot @ height 266
ðŸ§¹ Pruning snapshot @ height 267
ðŸ§¹ Pruning snapshot @ height 268
ðŸ§¹ Pruning snapshot @ height 269
ðŸ§¹ Pruning snapshot @ height 270
ðŸ§¹ Pruning snapshot @ height 271
ðŸ§¹ Pruning snapshot @ height 272
ðŸ§¹ Pruning snapshot @ height 273
ðŸ§¹ Pruning snapshot @ height 274
ðŸ§¹ Pruning snapshot @ height 275
ðŸ§¹ Pruning snapshot @ height 276
ðŸ§¹ Pruning snapshot @ height 277
ðŸ§¹ Pruning snapshot @ height 278
ðŸ§¹ Pruning snapshot @ height 279
ðŸ§¹ Pruning snapshot @ height 280
ðŸ§¹ Pruning snapshot @ height 281
ðŸ§¹ Pruning snapshot @ height 282
ðŸ§¹ Pruning snapshot @ height 283
ðŸ§¹ Pruning snapshot @ height 284
ðŸ§¹ Pruning snapshot @ height 285
ðŸ§¹ Pruning snapshot @ height 286
ðŸ§¹ Pruning snapshot @ height 287
ðŸ§¹ Pruning snapshot @ height 288
ðŸ§¹ Pruning snapshot @ height 289
ðŸ§¹ Pruning snapshot @ height 290
ðŸ§¹ Pruning snapshot @ height 291
ðŸ§¹ Pruning snapshot @ height 292
ðŸ§¹ Pruning snapshot @ height 293
ðŸ§¹ Pruning snapshot @ height 294
ðŸ§¹ Pruning snapshot @ height 295
ðŸ§¹ Pruning snapshot @ height 296
ðŸ§¹ Pruning snapshot @ height 297
ðŸ§¹ Pruning snapshot @ height 298
ðŸ§¹ Pruning snapshot @ height 299
ðŸ§¹ Pruning snapshot @ height 300
ðŸ§¹ Pruning snapshot @ height 301
ðŸ§¹ Pruning snapshot @ height 302
ðŸ§¹ Pruning snapshot @ height 303
ðŸ§¹ Pruning snapshot @ height 304
ðŸ§¹ Pruning snapshot @ height 305
ðŸ§¹ Pruning snapshot @ height 306
ðŸ§¹ Pruning snapshot @ height 307
ðŸ§¹ Pruning snapshot @ height 308
ðŸ§¹ Pruning snapshot @ height 309
ðŸ§¹ Pruning snapshot @ height 310
ðŸ§¹ Pruning snapshot @ height 311
ðŸ§¹ Pruning snapshot @ height 312
ðŸ§¹ Pruning snapshot @ height 313
ðŸ§¹ Pruning snapshot @ height 314
ðŸ§¹ Pruning snapshot @ height 315
ðŸ§¹ Pruning snapshot @ height 316
ðŸ§¹ Pruning snapshot @ height 317
ðŸ§¹ Pruning snapshot @ height 318
ðŸ§¹ Pruning snapshot @ height 319
ðŸ§¹ Pruning snapshot @ height 320
ðŸ§¹ Pruning snapshot @ height 321
ðŸ§¹ Pruning snapshot @ height 322
ðŸ§¹ Pruning snapshot @ height 323
ðŸ§¹ Pruning snapshot @ height 324
ðŸ§¹ Pruning snapshot @ height 325
ðŸ§¹ Pruning snapshot @ height 326
ðŸ§¹ Pruning snapshot @ height 327
ðŸ§¹ Pruning snapshot @ height 328
ðŸ§¹ Pruning snapshot @ height 329
ðŸ§¹ Pruning snapshot @ height 330
ðŸ§¹ Pruning snapshot @ height 331
ðŸ§¹ Pruning snapshot @ height 332
ðŸ§¹ Pruning snapshot @ height 333
ðŸ§¹ Pruning snapshot @ height 334
ðŸ§¹ Pruning snapshot @ height 335
ðŸ§¹ Pruning snapshot @ height 336
ðŸ§¹ Pruning snapshot @ height 337
ðŸ§¹ Pruning snapshot @ height 338
ðŸ§¹ Pruning snapshot @ height 339
ðŸ§¹ Pruning snapshot @ height 340
ðŸ§¹ Pruning snapshot @ height 341
ðŸ§¹ Pruning snapshot @ height 342
ðŸ§¹ Pruning snapshot @ height 343
ðŸ§¹ Pruning snapshot @ height 344
ðŸ§¹ Pruning snapshot @ height 345
ðŸ§¹ Pruning snapshot @ height 346
ðŸ§¹ Pruning snapshot @ height 347
ðŸ§¹ Pruning snapshot @ height 348
ðŸ§¹ Pruning snapshot @ height 349
ðŸ§¹ Pruning snapshot @ height 350
ðŸ§¹ Pruning snapshot @ height 351
ðŸ§¹ Pruning snapshot @ height 352
ðŸ§¹ Pruning snapshot @ height 353
ðŸ§¹ Pruning snapshot @ height 354
ðŸ§¹ Pruning snapshot @ height 355
ðŸ§¹ Pruning snapshot @ height 356
ðŸ§¹ Pruning snapshot @ height 357
ðŸ§¹ Pruning snapshot @ height 358
ðŸ§¹ Pruning snapshot @ height 359
ðŸ§¹ Pruning snapshot @ height 360
ðŸ§¹ Pruning snapshot @ height 361
ðŸ§¹ Pruning snapshot @ height 362
ðŸ§¹ Pruning snapshot @ height 363
ðŸ§¹ Pruning snapshot @ height 364
ðŸ§¹ Pruning snapshot @ height 365
ðŸ§¹ Pruning snapshot @ height 366
ðŸ§¹ Pruning snapshot @ height 367
ðŸ§¹ Pruning snapshot @ height 368
ðŸ§¹ Pruning snapshot @ height 369
ðŸ§¹ Pruning snapshot @ height 370
ðŸ§¹ Pruning snapshot @ height 371
ðŸ§¹ Pruning snapshot @ height 372
ðŸ§¹ Pruning snapshot @ height 373
ðŸ§¹ Pruning snapshot @ height 374
ðŸ§¹ Pruning snapshot @ height 375
ðŸ§¹ Pruning snapshot @ height 376
ðŸ§¹ Pruning snapshot @ height 377
ðŸ§¹ Pruning snapshot @ height 378
ðŸ§¹ Pruning snapshot @ height 379
ðŸ§¹ Pruning snapshot @ height 380
ðŸ§¹ Pruning snapshot @ height 381
ðŸ§¹ Pruning snapshot @ height 382
ðŸ§¹ Pruning snapshot @ height 383
ðŸ§¹ Pruning snapshot @ height 384
ðŸ§¹ Pruning snapshot @ height 385
ðŸ§¹ Pruning snapshot @ height 386
ðŸ§¹ Pruning snapshot @ height 387
ðŸ§¹ Pruning snapshot @ height 388
ðŸ§¹ Pruning snapshot @ height 389
ðŸ§¹ Pruning snapshot @ height 390
ðŸ§¹ Pruning snapshot @ height 391
ðŸ§¹ Pruning snapshot @ height 392
ðŸ§¹ Pruning snapshot @ height 393
ðŸ§¹ Pruning snapshot @ height 394
ðŸ§¹ Pruning snapshot @ height 395
ðŸ§¹ Pruning snapshot @ height 396
ðŸ§¹ Pruning snapshot @ height 397
ðŸ§¹ Pruning snapshot @ height 398
ðŸ§¹ Pruning snapshot @ height 399
ðŸ§¹ Pruning snapshot @ height 400
ðŸ§¹ Pruning snapshot @ height 401
ðŸ§¹ Pruning snapshot @ height 402
ðŸ§¹ Pruning snapshot @ height 403
ðŸ§¹ Pruning snapshot @ height 404
ðŸ§¹ Pruning snapshot @ height 405
ðŸ§¹ Pruning snapshot @ height 406
ðŸ§¹ Pruning snapshot @ height 407
ðŸ§¹ Pruning snapshot @ height 408
ðŸ§¹ Pruning snapshot @ height 409
ðŸ§¹ Pruning snapshot @ height 410
ðŸ§¹ Pruning snapshot @ height 411
ðŸ§¹ Pruning snapshot @ height 412
ðŸ§¹ Pruning snapshot @ height 413
ðŸ§¹ Pruning snapshot @ height 414
ðŸ§¹ Pruning snapshot @ height 415
ðŸ§¹ Pruning snapshot @ height 416
ðŸ§¹ Pruning snapshot @ height 417
ðŸ§¹ Pruning snapshot @ height 418
ðŸ§¹ Pruning snapshot @ height 419
ðŸ§¹ Pruning snapshot @ height 420
ðŸ§¹ Pruning snapshot @ height 421
ðŸ§¹ Pruning snapshot @ height 422
ðŸ§¹ Pruning snapshot @ height 423
ðŸ§¹ Pruning snapshot @ height 424
ðŸ§¹ Pruning snapshot @ height 425
ðŸ§¹ Pruning snapshot @ height 426
ðŸ§¹ Pruning snapshot @ height 427
ðŸ§¹ Pruning snapshot @ height 428
ðŸ§¹ Pruning snapshot @ height 429
ðŸ§¹ Pruning snapshot @ height 430
ðŸ§¹ Pruning snapshot @ height 431
ðŸ§¹ Pruning snapshot @ height 432
ðŸ§¹ Pruning snapshot @ height 433
ðŸ§¹ Pruning snapshot @ height 434
ðŸ§¹ Pruning snapshot @ height 435
ðŸ§¹ Pruning snapshot @ height 436
ðŸ§¹ Pruning snapshot @ height 437
ðŸ§¹ Pruning snapshot @ height 438
Candidate heartbeat received: D | reported_height=2526 | finalized_height=2526 | local_exec_epoch=2527
ðŸ§¹ Pruning snapshot @ height 439
ðŸ§¹ Pruning snapshot @ height 440
ðŸ§¹ Pruning snapshot @ height 441
ðŸ§¹ Pruning snapshot @ height 442
ðŸ§¹ Pruning snapshot @ height 443
ðŸ§¹ Pruning snapshot @ height 444
ðŸ§¹ Pruning snapshot @ height 445
ðŸ§¹ Pruning snapshot @ height 446
ðŸ§¹ Pruning snapshot @ height 447
ðŸ§¹ Pruning snapshot @ height 448
ðŸ§¹ Pruning snapshot @ height 449
ðŸ§¹ Pruning snapshot @ height 450
ðŸ§¹ Pruning snapshot @ height 451
ðŸ§¹ Pruning snapshot @ height 452
ðŸ§¹ Pruning snapshot @ height 453
ðŸ§¹ Pruning snapshot @ height 454
ðŸ§¹ Pruning snapshot @ height 455
ðŸ§¹ Pruning snapshot @ height 456
ðŸ§¹ Pruning snapshot @ height 457
ðŸ§¹ Pruning snapshot @ height 458
ðŸ§¹ Pruning snapshot @ height 459
ðŸ§¹ Pruning snapshot @ height 460
Validator heartbeat: B | reported_height=2547 | finalized_height=2547 | local_exec_epoch=2548
ðŸ§¹ Pruning snapshot @ height 461
ðŸ§¹ Pruning snapshot @ height 462
ðŸ§¹ Pruning snapshot @ height 463
ðŸ§¹ Pruning snapshot @ height 464
ðŸ§¹ Pruning snapshot @ height 465
ðŸ§¹ Pruning snapshot @ height 466
ðŸ§¹ Pruning snapshot @ height 467
ðŸ§¹ Pruning snapshot @ height 468
ðŸ§¹ Pruning snapshot @ height 469
ðŸ§¹ Pruning snapshot @ height 470
ðŸ§¹ Pruning snapshot @ height 471
ðŸ§¹ Pruning snapshot @ height 472
ðŸ§¹ Pruning snapshot @ height 473
ðŸ§¹ Pruning snapshot @ height 474
ðŸ§¹ Pruning snapshot @ height 475
ðŸ§¹ Pruning snapshot @ height 476
ðŸ§¹ Pruning snapshot @ height 477
ðŸ§¹ Pruning snapshot @ height 478
ðŸ§¹ Pruning snapshot @ height 479
ðŸ§¹ Pruning snapshot @ height 480
ðŸ§¹ Pruning snapshot @ height 481
ðŸ§¹ Pruning snapshot @ height 482
ðŸ§¹ Pruning snapshot @ height 483
ðŸ§¹ Pruning snapshot @ height 484
ðŸ§¹ Pruning snapshot @ height 485
ðŸ§¹ Pruning snapshot @ height 486
ðŸ§¹ Pruning snapshot @ height 487
ðŸ§¹ Pruning snapshot @ height 488
ðŸ§¹ Pruning snapshot @ height 489
ðŸ§¹ Pruning snapshot @ height 490
ðŸ§¹ Pruning snapshot @ height 491
ðŸ§¹ Pruning snapshot @ height 492
ðŸ§¹ Pruning snapshot @ height 493
ðŸ§¹ Pruning snapshot @ height 494
ðŸ§¹ Pruning snapshot @ height 495
ðŸ§¹ Pruning snapshot @ height 496
ðŸ§¹ Pruning snapshot @ height 497
ðŸ§¹ Pruning snapshot @ height 498
ðŸ§¹ Pruning snapshot @ height 499
ðŸ§¹ Pruning snapshot @ height 500
ðŸ§¹ Pruning snapshot @ height 501
ðŸ§¹ Pruning snapshot @ height 502
ðŸ§¹ Pruning snapshot @ height 503
ðŸ§¹ Pruning snapshot @ height 504
ðŸ§¹ Pruning snapshot @ height 505
ðŸ§¹ Pruning snapshot @ height 506
ðŸ§¹ Pruning snapshot @ height 507
ðŸ§¹ Pruning snapshot @ height 508
ðŸ§¹ Pruning snapshot @ height 509
ðŸ§¹ Pruning snapshot @ height 510
ðŸ§¹ Pruning snapshot @ height 511
ðŸ§¹ Pruning snapshot @ height 512
ðŸ§¹ Pruning snapshot @ height 513
ðŸ§¹ Pruning snapshot @ height 514
ðŸ§¹ Pruning snapshot @ height 515
ðŸ§¹ Pruning snapshot @ height 516
ðŸ§¹ Pruning snapshot @ height 517
ðŸ§¹ Pruning snapshot @ height 518
ðŸ§¹ Pruning snapshot @ height 519
ðŸ§¹ Pruning snapshot @ height 520
ðŸ§¹ Pruning snapshot @ height 521
ðŸ§¹ Pruning snapshot @ height 522
ðŸ§¹ Pruning snapshot @ height 523
ðŸ§¹ Pruning snapshot @ height 524
ðŸ§¹ Pruning snapshot @ height 525
ðŸ§¹ Pruning snapshot @ height 526
ðŸ§¹ Pruning snapshot @ height 527
ðŸ§¹ Pruning snapshot @ height 528
ðŸ§¹ Pruning snapshot @ height 529
ðŸ§¹ Pruning snapshot @ height 530
ðŸ§¹ Pruning snapshot @ height 531
ðŸ§¹ Pruning snapshot @ height 532
ðŸ§¹ Pruning snapshot @ height 533
ðŸ§¹ Pruning snapshot @ height 534
ðŸ§¹ Pruning snapshot @ height 535
ðŸ§¹ Pruning snapshot @ height 536
ðŸ§¹ Pruning snapshot @ height 537
ðŸ§¹ Pruning snapshot @ height 538
ðŸ§¹ Pruning snapshot @ height 539
ðŸ§¹ Pruning snapshot @ height 540
ðŸ§¹ Pruning snapshot @ height 541
ðŸ§¹ Pruning snapshot @ height 542
ðŸ§¹ Pruning snapshot @ height 543
ðŸ§¹ Pruning snapshot @ height 544
ðŸ§¹ Pruning snapshot @ height 545
ðŸ§¹ Pruning snapshot @ height 546
ðŸ§¹ Pruning snapshot @ height 547
ðŸ§¹ Pruning snapshot @ height 548
ðŸ§¹ Pruning snapshot @ height 549
ðŸ§¹ Pruning snapshot @ height 550
ðŸ§¹ Pruning snapshot @ height 551
ðŸ§¹ Pruning snapshot @ height 552
ðŸ§¹ Pruning snapshot @ height 553
ðŸ§¹ Pruning snapshot @ height 554
ðŸ§¹ Pruning snapshot @ height 555
ðŸ§¹ Pruning snapshot @ height 556
ðŸ§¹ Pruning snapshot @ height 557
ðŸ§¹ Pruning snapshot @ height 558
ðŸ§¹ Pruning snapshot @ height 559
ðŸ§¹ Pruning snapshot @ height 56
ðŸ§¹ Pruning snapshot @ height 560
ðŸ§¹ Pruning snapshot @ height 561
ðŸ§¹ Pruning snapshot @ height 562
ðŸ§¹ Pruning snapshot @ height 563
ðŸ§¹ Pruning snapshot @ height 564
ðŸ§¹ Pruning snapshot @ height 565
ðŸ§¹ Pruning snapshot @ height 566
ðŸ§¹ Pruning snapshot @ height 567
ðŸ§¹ Pruning snapshot @ height 568
ðŸ§¹ Pruning snapshot @ height 569
ðŸ§¹ Pruning snapshot @ height 57
ðŸ§¹ Pruning snapshot @ height 570
ðŸ§¹ Pruning snapshot @ height 571
ðŸ§¹ Pruning snapshot @ height 572
ðŸ§¹ Pruning snapshot @ height 573
ðŸ§¹ Pruning snapshot @ height 574
ðŸ§¹ Pruning snapshot @ height 575
ðŸ§¹ Pruning snapshot @ height 576
ðŸ§¹ Pruning snapshot @ height 577
ðŸ§¹ Pruning snapshot @ height 578
ðŸ§¹ Pruning snapshot @ height 579
ðŸ§¹ Pruning snapshot @ height 58
ðŸ§¹ Pruning snapshot @ height 580
ðŸ§¹ Pruning snapshot @ height 581
ðŸ§¹ Pruning snapshot @ height 582
ðŸ§¹ Pruning snapshot @ height 583
ðŸ§¹ Pruning snapshot @ height 584
ðŸ§¹ Pruning snapshot @ height 585
ðŸ§¹ Pruning snapshot @ height 586
ðŸ§¹ Pruning snapshot @ height 587
[SYNC-SERVE-REQUEST] peer=12D3KooW requested=2471-2549 snapshot=false snapshot_height=0
ðŸ§¹ Pruning snapshot @ height 588
ðŸ§¹ Pruning snapshot @ height 589
ðŸ§¹ Pruning snapshot @ height 59
ðŸ§¹ Pruning snapshot @ height 590
ðŸ§¹ Pruning snapshot @ height 591
ðŸ§¹ Pruning snapshot @ height 592
ðŸ§¹ Pruning snapshot @ height 593
ðŸ§¹ Pruning snapshot @ height 594
ðŸ§¹ Pruning snapshot @ height 595
ðŸ§¹ Pruning snapshot @ height 596
ðŸ§¹ Pruning snapshot @ height 597
[SYNC-SERVE-REQUEST] peer=12D3KooW requested=2471-2549 snapshot=false snapshot_height=0
[SYNC-SERVE-SKIP] peer=12D3KooW requested=2471-2549 adjusted=2471-2549 reason=duplicate_or_policy
[SYNC-SERVE-RESPONSE] peer=12D3KooW requested=2471-2549 served=2471-2548 count=78 snapshot=false tip_gap=true historical_gap=false duration_ms=8
Ã°Å¸â€œÂ¦ Sent blocks 2471-2548 (78 blocks) to 12D3KooWPVKESWFG9sS8G6vjhfPn54kWuNFkkuHwG4yQXhYRcXjX
ðŸ§¹ Pruning snapshot @ height 598
ðŸ§¹ Pruning snapshot @ height 599
ðŸ§¹ Pruning snapshot @ height 60
ðŸ§¹ Pruning snapshot @ height 600
ðŸ§¹ Pruning snapshot @ height 601
ðŸ§¹ Pruning snapshot @ height 602
ðŸ§¹ Pruning snapshot @ height 603
ðŸ§¹ Pruning snapshot @ height 604
ðŸ§¹ Pruning snapshot @ height 605
ðŸ§¹ Pruning snapshot @ height 606
ðŸ§¹ Pruning snapshot @ height 607
ðŸ§¹ Pruning snapshot @ height 608
ðŸ§¹ Pruning snapshot @ height 609
ðŸ§¹ Pruning snapshot @ height 61
ðŸ§¹ Pruning snapshot @ height 610
ðŸ§¹ Pruning snapshot @ height 611
ðŸ§¹ Pruning snapshot @ height 612
ðŸ§¹ Pruning snapshot @ height 613
ðŸ§¹ Pruning snapshot @ height 614
ðŸ§¹ Pruning snapshot @ height 615
ðŸ§¹ Pruning snapshot @ height 616
ðŸ§¹ Pruning snapshot @ height 617
ðŸ§¹ Pruning snapshot @ height 618
ðŸ§¹ Pruning snapshot @ height 619
ðŸ§¹ Pruning snapshot @ height 62
ðŸ§¹ Pruning snapshot @ height 620
ðŸ§¹ Pruning snapshot @ height 621
ðŸ§¹ Pruning snapshot @ height 622
ðŸ§¹ Pruning snapshot @ height 623
ðŸ§¹ Pruning snapshot @ height 624
ðŸ§¹ Pruning snapshot @ height 625
ðŸ§¹ Pruning snapshot @ height 626
ðŸ§¹ Pruning snapshot @ height 627
ðŸ§¹ Pruning snapshot @ height 628
ðŸ§¹ Pruning snapshot @ height 629
ðŸ§¹ Pruning snapshot @ height 63
ðŸ§¹ Pruning snapshot @ height 630
ðŸ§¹ Pruning snapshot @ height 631
ðŸ§¹ Pruning snapshot @ height 632
ðŸ§¹ Pruning snapshot @ height 633
ðŸ§¹ Pruning snapshot @ height 634
ðŸ§¹ Pruning snapshot @ height 635
ðŸ§¹ Pruning snapshot @ height 636
ðŸ§¹ Pruning snapshot @ height 637
ðŸ§¹ Pruning snapshot @ height 638
ðŸ§¹ Pruning snapshot @ height 639
ðŸ§¹ Pruning snapshot @ height 64
ðŸ§¹ Pruning snapshot @ height 640
ðŸ§¹ Pruning snapshot @ height 641
ðŸ§¹ Pruning snapshot @ height 642
ðŸ§¹ Pruning snapshot @ height 643
ðŸ§¹ Pruning snapshot @ height 644
ðŸ§¹ Pruning snapshot @ height 645
ðŸ§¹ Pruning snapshot @ height 646
ðŸ§¹ Pruning snapshot @ height 647
ðŸ§¹ Pruning snapshot @ height 648
ðŸ§¹ Pruning snapshot @ height 649
ðŸ§¹ Pruning snapshot @ height 65
ðŸ§¹ Pruning snapshot @ height 650
ðŸ§¹ Pruning snapshot @ height 651
ðŸ§¹ Pruning snapshot @ height 652
ðŸ§¹ Pruning snapshot @ height 653
ðŸ§¹ Pruning snapshot @ height 654
ðŸ§¹ Pruning snapshot @ height 655
ðŸ§¹ Pruning snapshot @ height 656
ðŸ§¹ Pruning snapshot @ height 657
ðŸ§¹ Pruning snapshot @ height 658
ðŸ§¹ Pruning snapshot @ height 659
ðŸ§¹ Pruning snapshot @ height 66
ðŸ§¹ Pruning snapshot @ height 660
ðŸ§¹ Pruning snapshot @ height 661
ðŸ§¹ Pruning snapshot @ height 662
ðŸ§¹ Pruning snapshot @ height 663
ðŸ§¹ Pruning snapshot @ height 664
ðŸ§¹ Pruning snapshot @ height 665
ðŸ§¹ Pruning snapshot @ height 666
ðŸ§¹ Pruning snapshot @ height 667
ðŸ§¹ Pruning snapshot @ height 668
ðŸ§¹ Pruning snapshot @ height 669
ðŸ§¹ Pruning snapshot @ height 67
ðŸ§¹ Pruning snapshot @ height 670
ðŸ§¹ Pruning snapshot @ height 671
ðŸ§¹ Pruning snapshot @ height 672
ðŸ§¹ Pruning snapshot @ height 673
ðŸ§¹ Pruning snapshot @ height 674
ðŸ§¹ Pruning snapshot @ height 675
ðŸ§¹ Pruning snapshot @ height 676
ðŸ§¹ Pruning snapshot @ height 677
ðŸ§¹ Pruning snapshot @ height 678
ðŸ§¹ Pruning snapshot @ height 679
ðŸ§¹ Pruning snapshot @ height 68
ðŸ§¹ Pruning snapshot @ height 680
ðŸ§¹ Pruning snapshot @ height 681
ðŸ§¹ Pruning snapshot @ height 682
ðŸ§¹ Pruning snapshot @ height 683
ðŸ§¹ Pruning snapshot @ height 684
ðŸ§¹ Pruning snapshot @ height 685
ðŸ§¹ Pruning snapshot @ height 686
ðŸ§¹ Pruning snapshot @ height 687
ðŸ§¹ Pruning snapshot @ height 688
ðŸ§¹ Pruning snapshot @ height 689
ðŸ§¹ Pruning snapshot @ height 69
ðŸ§¹ Pruning snapshot @ height 690
ðŸ§¹ Pruning snapshot @ height 691
ðŸ§¹ Pruning snapshot @ height 692
ðŸ§¹ Pruning snapshot @ height 693
ðŸ§¹ Pruning snapshot @ height 694
ðŸ§¹ Pruning snapshot @ height 695
ðŸ§¹ Pruning snapshot @ height 696
ðŸ§¹ Pruning snapshot @ height 697
ðŸ§¹ Pruning snapshot @ height 698
ðŸ§¹ Pruning snapshot @ height 699
ðŸ§¹ Pruning snapshot @ height 70
ðŸ§¹ Pruning snapshot @ height 700
ðŸ§¹ Pruning snapshot @ height 701
ðŸ§¹ Pruning snapshot @ height 702
ðŸ§¹ Pruning snapshot @ height 703
ðŸ§¹ Pruning snapshot @ height 704
ðŸ§¹ Pruning snapshot @ height 705
ðŸ§¹ Pruning snapshot @ height 706
ðŸ§¹ Pruning snapshot @ height 707
ðŸ§¹ Pruning snapshot @ height 708
ðŸ§¹ Pruning snapshot @ height 709
ðŸ§¹ Pruning snapshot @ height 71
ðŸ§¹ Pruning snapshot @ height 710
ðŸ§¹ Pruning snapshot @ height 711
ðŸ§¹ Pruning snapshot @ height 712
ðŸ§¹ Pruning snapshot @ height 713
ðŸ§¹ Pruning snapshot @ height 714
ðŸ§¹ Pruning snapshot @ height 715
ðŸ§¹ Pruning snapshot @ height 716
ðŸ§¹ Pruning snapshot @ height 717
ðŸ§¹ Pruning snapshot @ height 718
ðŸ§¹ Pruning snapshot @ height 719
ðŸ§¹ Pruning snapshot @ height 72
ðŸ§¹ Pruning snapshot @ height 720
ðŸ§¹ Pruning snapshot @ height 721
ðŸ§¹ Pruning snapshot @ height 722
ðŸ§¹ Pruning snapshot @ height 723
ðŸ§¹ Pruning snapshot @ height 724
ðŸ§¹ Pruning snapshot @ height 725
ðŸ§¹ Pruning snapshot @ height 726
ðŸ§¹ Pruning snapshot @ height 727
ðŸ§¹ Pruning snapshot @ height 728
ðŸ§¹ Pruning snapshot @ height 729
ðŸ§¹ Pruning snapshot @ height 73
ðŸ§¹ Pruning snapshot @ height 730
ðŸ§¹ Pruning snapshot @ height 731
ðŸ§¹ Pruning snapshot @ height 732
ðŸ§¹ Pruning snapshot @ height 733
ðŸ§¹ Pruning snapshot @ height 734
ðŸ§¹ Pruning snapshot @ height 735
ðŸ§¹ Pruning snapshot @ height 736
ðŸ§¹ Pruning snapshot @ height 737
ðŸ§¹ Pruning snapshot @ height 738
ðŸ§¹ Pruning snapshot @ height 739
ðŸ§¹ Pruning snapshot @ height 74
ðŸ§¹ Pruning snapshot @ height 740
ðŸ§¹ Pruning snapshot @ height 741
ðŸ§¹ Pruning snapshot @ height 742
ðŸ§¹ Pruning snapshot @ height 743
ðŸ§¹ Pruning snapshot @ height 744
ðŸ§¹ Pruning snapshot @ height 745
ðŸ§¹ Pruning snapshot @ height 746
ðŸ§¹ Pruning snapshot @ height 747
ðŸ§¹ Pruning snapshot @ height 748
ðŸ§¹ Pruning snapshot @ height 749
ðŸ§¹ Pruning snapshot @ height 75
ðŸ§¹ Pruning snapshot @ height 750
ðŸ§¹ Pruning snapshot @ height 751
ðŸ§¹ Pruning snapshot @ height 752
ðŸ§¹ Pruning snapshot @ height 753
ðŸ§¹ Pruning snapshot @ height 754
ðŸ§¹ Pruning snapshot @ height 755
ðŸ§¹ Pruning snapshot @ height 756
ðŸ§¹ Pruning snapshot @ height 757
ðŸ§¹ Pruning snapshot @ height 758
ðŸ§¹ Pruning snapshot @ height 759
ðŸ§¹ Pruning snapshot @ height 76
ðŸ§¹ Pruning snapshot @ height 760
ðŸ§¹ Pruning snapshot @ height 761
ðŸ§¹ Pruning snapshot @ height 762
ðŸ§¹ Pruning snapshot @ height 763
ðŸ§¹ Pruning snapshot @ height 764
ðŸ§¹ Pruning snapshot @ height 765
ðŸ§¹ Pruning snapshot @ height 766
ðŸ§¹ Pruning snapshot @ height 767
ðŸ§¹ Pruning snapshot @ height 768
ðŸ§¹ Pruning snapshot @ height 769
ðŸ§¹ Pruning snapshot @ height 77
ðŸ§¹ Pruning snapshot @ height 770
ðŸ§¹ Pruning snapshot @ height 771
ðŸ§¹ Pruning snapshot @ height 772
ðŸ§¹ Pruning snapshot @ height 773
ðŸ§¹ Pruning snapshot @ height 774
ðŸ§¹ Pruning snapshot @ height 775
ðŸ§¹ Pruning snapshot @ height 776
ðŸ§¹ Pruning snapshot @ height 777
ðŸ§¹ Pruning snapshot @ height 778
ðŸ§¹ Pruning snapshot @ height 779
ðŸ§¹ Pruning snapshot @ height 78
ðŸ§¹ Pruning snapshot @ height 780
ðŸ§¹ Pruning snapshot @ height 781
ðŸ§¹ Pruning snapshot @ height 782
ðŸ§¹ Pruning snapshot @ height 783
ðŸ§¹ Pruning snapshot @ height 784
ðŸ§¹ Pruning snapshot @ height 785
ðŸ§¹ Pruning snapshot @ height 786
ðŸ§¹ Pruning snapshot @ height 787
ðŸ§¹ Pruning snapshot @ height 788
ðŸ§¹ Pruning snapshot @ height 789
ðŸ§¹ Pruning snapshot @ height 79
ðŸ§¹ Pruning snapshot @ height 790
ðŸ§¹ Pruning snapshot @ height 791
ðŸ§¹ Pruning snapshot @ height 792
ðŸ§¹ Pruning snapshot @ height 793
ðŸ§¹ Pruning snapshot @ height 794
ðŸ§¹ Pruning snapshot @ height 795
ðŸ§¹ Pruning snapshot @ height 796
ðŸ§¹ Pruning snapshot @ height 797
ðŸ§¹ Pruning snapshot @ height 798
ðŸ§¹ Pruning snapshot @ height 799
ðŸ§¹ Pruning snapshot @ height 80
ðŸ§¹ Pruning snapshot @ height 800
ðŸ§¹ Pruning snapshot @ height 801
ðŸ§¹ Pruning snapshot @ height 802
ðŸ§¹ Pruning snapshot @ height 803
ðŸ§¹ Pruning snapshot @ height 804
ðŸ§¹ Pruning snapshot @ height 805
ðŸ§¹ Pruning snapshot @ height 806
ðŸ§¹ Pruning snapshot @ height 807
ðŸ§¹ Pruning snapshot @ height 808
ðŸ§¹ Pruning snapshot @ height 809
ðŸ§¹ Pruning snapshot @ height 81
ðŸ§¹ Pruning snapshot @ height 810
ðŸ§¹ Pruning snapshot @ height 811
ðŸ§¹ Pruning snapshot @ height 812
ðŸ§¹ Pruning snapshot @ height 813
ðŸ§¹ Pruning snapshot @ height 814
ðŸ§¹ Pruning snapshot @ height 815
ðŸ§¹ Pruning snapshot @ height 816
ðŸ§¹ Pruning snapshot @ height 817
ðŸ§¹ Pruning snapshot @ height 818
ðŸ§¹ Pruning snapshot @ height 819
ðŸ§¹ Pruning snapshot @ height 82
ðŸ§¹ Pruning snapshot @ height 820
ðŸ§¹ Pruning snapshot @ height 821
ðŸ§¹ Pruning snapshot @ height 822
ðŸ§¹ Pruning snapshot @ height 823
ðŸ§¹ Pruning snapshot @ height 824
ðŸ§¹ Pruning snapshot @ height 825
ðŸ§¹ Pruning snapshot @ height 826
ðŸ§¹ Pruning snapshot @ height 827
ðŸ§¹ Pruning snapshot @ height 828
ðŸ§¹ Pruning snapshot @ height 829
ðŸ§¹ Pruning snapshot @ height 83
ðŸ§¹ Pruning snapshot @ height 830
ðŸ§¹ Pruning snapshot @ height 831
ðŸ§¹ Pruning snapshot @ height 832
ðŸ§¹ Pruning snapshot @ height 833
ðŸ§¹ Pruning snapshot @ height 834
ðŸ§¹ Pruning snapshot @ height 835
ðŸ§¹ Pruning snapshot @ height 836
ðŸ§¹ Pruning snapshot @ height 837
ðŸ§¹ Pruning snapshot @ height 838
ðŸ§¹ Pruning snapshot @ height 839
ðŸ§¹ Pruning snapshot @ height 84
ðŸ§¹ Pruning snapshot @ height 840
ðŸ§¹ Pruning snapshot @ height 841
ðŸ§¹ Pruning snapshot @ height 842
ðŸ§¹ Pruning snapshot @ height 843
ðŸ§¹ Pruning snapshot @ height 844
ðŸ§¹ Pruning snapshot @ height 845
ðŸ§¹ Pruning snapshot @ height 846
ðŸ§¹ Pruning snapshot @ height 847
ðŸ§¹ Pruning snapshot @ height 848
ðŸ§¹ Pruning snapshot @ height 849
ðŸ§¹ Pruning snapshot @ height 85
ðŸ§¹ Pruning snapshot @ height 850
ðŸ§¹ Pruning snapshot @ height 851
ðŸ§¹ Pruning snapshot @ height 852
ðŸ§¹ Pruning snapshot @ height 853
ðŸ§¹ Pruning snapshot @ height 854
ðŸ§¹ Pruning snapshot @ height 855
ðŸ§¹ Pruning snapshot @ height 856
ðŸ§¹ Pruning snapshot @ height 857
ðŸ§¹ Pruning snapshot @ height 858
ðŸ§¹ Pruning snapshot @ height 859
ðŸ§¹ Pruning snapshot @ height 86
ðŸ§¹ Pruning snapshot @ height 860
ðŸ§¹ Pruning snapshot @ height 861
ðŸ§¹ Pruning snapshot @ height 862
ðŸ§¹ Pruning snapshot @ height 863
ðŸ§¹ Pruning snapshot @ height 864
ðŸ§¹ Pruning snapshot @ height 865
ðŸ§¹ Pruning snapshot @ height 866
ðŸ§¹ Pruning snapshot @ height 867
ðŸ§¹ Pruning snapshot @ height 868
ðŸ§¹ Pruning snapshot @ height 869
ðŸ§¹ Pruning snapshot @ height 87
ðŸ§¹ Pruning snapshot @ height 870
ðŸ§¹ Pruning snapshot @ height 871
ðŸ§¹ Pruning snapshot @ height 872
ðŸ§¹ Pruning snapshot @ height 873
ðŸ§¹ Pruning snapshot @ height 874
ðŸ§¹ Pruning snapshot @ height 875
ðŸ§¹ Pruning snapshot @ height 876
ðŸ§¹ Pruning snapshot @ height 877
ðŸ§¹ Pruning snapshot @ height 878
ðŸ§¹ Pruning snapshot @ height 879
ðŸ§¹ Pruning snapshot @ height 88
ðŸ§¹ Pruning snapshot @ height 880
ðŸ§¹ Pruning snapshot @ height 881
ðŸ§¹ Pruning snapshot @ height 882
ðŸ§¹ Pruning snapshot @ height 883
ðŸ§¹ Pruning snapshot @ height 884
ðŸ§¹ Pruning snapshot @ height 885
ðŸ§¹ Pruning snapshot @ height 886
ðŸ§¹ Pruning snapshot @ height 887
ðŸ§¹ Pruning snapshot @ height 888
ðŸ§¹ Pruning snapshot @ height 889
ðŸ§¹ Pruning snapshot @ height 89
ðŸ§¹ Pruning snapshot @ height 890
ðŸ§¹ Pruning snapshot @ height 891
ðŸ§¹ Pruning snapshot @ height 892
ðŸ§¹ Pruning snapshot @ height 893
ðŸ§¹ Pruning snapshot @ height 894
ðŸ§¹ Pruning snapshot @ height 895
ðŸ§¹ Pruning snapshot @ height 896
ðŸ§¹ Pruning snapshot @ height 897
ðŸ§¹ Pruning snapshot @ height 898
ðŸ§¹ Pruning snapshot @ height 899
ðŸ§¹ Pruning snapshot @ height 90
ðŸ§¹ Pruning snapshot @ height 900
ðŸ§¹ Pruning snapshot @ height 901
ðŸ§¹ Pruning snapshot @ height 902
ðŸ§¹ Pruning snapshot @ height 903
ðŸ§¹ Pruning snapshot @ height 904
ðŸ§¹ Pruning snapshot @ height 905
ðŸ§¹ Pruning snapshot @ height 906
ðŸ§¹ Pruning snapshot @ height 907
ðŸ§¹ Pruning snapshot @ height 908
ðŸ§¹ Pruning snapshot @ height 909
ðŸ§¹ Pruning snapshot @ height 91
ðŸ§¹ Pruning snapshot @ height 910
ðŸ§¹ Pruning snapshot @ height 911
ðŸ§¹ Pruning snapshot @ height 912
ðŸ§¹ Pruning snapshot @ height 913
ðŸ§¹ Pruning snapshot @ height 914
ðŸ§¹ Pruning snapshot @ height 915
ðŸ§¹ Pruning snapshot @ height 916
ðŸ§¹ Pruning snapshot @ height 917
ðŸ§¹ Pruning snapshot @ height 918
ðŸ§¹ Pruning snapshot @ height 919
ðŸ§¹ Pruning snapshot @ height 92
ðŸ§¹ Pruning snapshot @ height 920
ðŸ§¹ Pruning snapshot @ height 921
ðŸ§¹ Pruning snapshot @ height 922
ðŸ§¹ Pruning snapshot @ height 923
ðŸ§¹ Pruning snapshot @ height 924
ðŸ§¹ Pruning snapshot @ height 925
ðŸ§¹ Pruning snapshot @ height 926
ðŸ§¹ Pruning snapshot @ height 927
ðŸ§¹ Pruning snapshot @ height 928
ðŸ§¹ Pruning snapshot @ height 929
ðŸ§¹ Pruning snapshot @ height 93
ðŸ§¹ Pruning snapshot @ height 930
ðŸ§¹ Pruning snapshot @ height 931
ðŸ§¹ Pruning snapshot @ height 932
ðŸ§¹ Pruning snapshot @ height 933
ðŸ§¹ Pruning snapshot @ height 934
ðŸ§¹ Pruning snapshot @ height 935
ðŸ§¹ Pruning snapshot @ height 936
ðŸ§¹ Pruning snapshot @ height 937
ðŸ§¹ Pruning snapshot @ height 938
ðŸ§¹ Pruning snapshot @ height 939
ðŸ§¹ Pruning snapshot @ height 94
ðŸ§¹ Pruning snapshot @ height 940
ðŸ§¹ Pruning snapshot @ height 941
ðŸ§¹ Pruning snapshot @ height 942
ðŸ§¹ Pruning snapshot @ height 943
ðŸ§¹ Pruning snapshot @ height 944
ðŸ§¹ Pruning snapshot @ height 945
ðŸ§¹ Pruning snapshot @ height 946
ðŸ§¹ Pruning snapshot @ height 947
ðŸ§¹ Pruning snapshot @ height 948
ðŸ§¹ Pruning snapshot @ height 949
ðŸ§¹ Pruning snapshot @ height 95
ðŸ§¹ Pruning snapshot @ height 950
ðŸ§¹ Pruning snapshot @ height 951
ðŸ§¹ Pruning snapshot @ height 952
ðŸ§¹ Pruning snapshot @ height 953
ðŸ§¹ Pruning snapshot @ height 954
ðŸ§¹ Pruning snapshot @ height 955
ðŸ§¹ Pruning snapshot @ height 956
ðŸ§¹ Pruning snapshot @ height 957
ðŸ§¹ Pruning snapshot @ height 958
ðŸ§¹ Pruning snapshot @ height 959
ðŸ§¹ Pruning snapshot @ height 96
ðŸ§¹ Pruning snapshot @ height 960
ðŸ§¹ Pruning snapshot @ height 961
ðŸ§¹ Pruning snapshot @ height 962
ðŸ§¹ Pruning snapshot @ height 963
ðŸ§¹ Pruning snapshot @ height 964
ðŸ§¹ Pruning snapshot @ height 965
ðŸ§¹ Pruning snapshot @ height 966
ðŸ§¹ Pruning snapshot @ height 967
ðŸ§¹ Pruning snapshot @ height 968
ðŸ§¹ Pruning snapshot @ height 969
ðŸ§¹ Pruning snapshot @ height 97
ðŸ§¹ Pruning snapshot @ height 970
ðŸ§¹ Pruning snapshot @ height 971
ðŸ§¹ Pruning snapshot @ height 972
ðŸ§¹ Pruning snapshot @ height 973
ðŸ§¹ Pruning snapshot @ height 974
ðŸ§¹ Pruning snapshot @ height 975
ðŸ§¹ Pruning snapshot @ height 976
ðŸ§¹ Pruning snapshot @ height 977
ðŸ§¹ Pruning snapshot @ height 978
ðŸ§¹ Pruning snapshot @ height 979
ðŸ§¹ Pruning snapshot @ height 98
ðŸ§¹ Pruning snapshot @ height 980
ðŸ§¹ Pruning snapshot @ height 981
ðŸ§¹ Pruning snapshot @ height 982
ðŸ§¹ Pruning snapshot @ height 983
ðŸ§¹ Pruning snapshot @ height 984
ðŸ§¹ Pruning snapshot @ height 985
ðŸ§¹ Pruning snapshot @ height 986
ðŸ§¹ Pruning snapshot @ height 987
ðŸ§¹ Pruning snapshot @ height 988
ðŸ§¹ Pruning snapshot @ height 989
ðŸ§¹ Pruning snapshot @ height 99
ðŸ§¹ Pruning snapshot @ height 990
ðŸ§¹ Pruning snapshot @ height 991
ðŸ§¹ Pruning snapshot @ height 992
ðŸ§¹ Pruning snapshot @ height 993
ðŸ§¹ Pruning snapshot @ height 994
ðŸ§¹ Pruning snapshot @ height 995
ðŸ§¹ Pruning snapshot @ height 996
ðŸ§¹ Pruning snapshot @ height 997
ðŸ§¹ Pruning snapshot @ height 998
ðŸ§¹ Pruning snapshot @ height 999
Pruning validator registry snapshot @ height 1
Pruning validator registry snapshot @ height 10
Pruning validator registry snapshot @ height 100
Pruning validator registry snapshot @ height 1000
Pruning validator registry snapshot @ height 1001
Pruning validator registry snapshot @ height 1002
Pruning validator registry snapshot @ height 1003
Pruning validator registry snapshot @ height 1004
Pruning validator registry snapshot @ height 1005
Pruning validator registry snapshot @ height 1006
Pruning validator registry snapshot @ height 1007
Pruning validator registry snapshot @ height 1008
Pruning validator registry snapshot @ height 1009
Pruning validator registry snapshot @ height 101
Pruning validator registry snapshot @ height 1010
Pruning validator registry snapshot @ height 1011
Pruning validator registry snapshot @ height 1012
Pruning validator registry snapshot @ height 1013
Pruning validator registry snapshot @ height 1014
Pruning validator registry snapshot @ height 1015
Pruning validator registry snapshot @ height 1016
Pruning validator registry snapshot @ height 1017
Pruning validator registry snapshot @ height 1018
Pruning validator registry snapshot @ height 1019
Pruning validator registry snapshot @ height 102
Pruning validator registry snapshot @ height 1020
Pruning validator registry snapshot @ height 1021
Pruning validator registry snapshot @ height 1022
Pruning validator registry snapshot @ height 1023
Pruning validator registry snapshot @ height 1024
Pruning validator registry snapshot @ height 1025
Pruning validator registry snapshot @ height 1026
Pruning validator registry snapshot @ height 1027
Pruning validator registry snapshot @ height 1028
Pruning validator registry snapshot @ height 1029
Pruning validator registry snapshot @ height 103
Pruning validator registry snapshot @ height 1030
Pruning validator registry snapshot @ height 1031
Pruning validator registry snapshot @ height 1032
Pruning validator registry snapshot @ height 1033
Pruning validator registry snapshot @ height 1034
Pruning validator registry snapshot @ height 1035
Pruning validator registry snapshot @ height 1036
Pruning validator registry snapshot @ height 1037
Pruning validator registry snapshot @ height 1038
Pruning validator registry snapshot @ height 1039
Pruning validator registry snapshot @ height 104
Pruning validator registry snapshot @ height 1040
Pruning validator registry snapshot @ height 1041
Pruning validator registry snapshot @ height 1042
Pruning validator registry snapshot @ height 1043
Pruning validator registry snapshot @ height 1044
Pruning validator registry snapshot @ height 1045
Pruning validator registry snapshot @ height 1046
Pruning validator registry snapshot @ height 1047
Pruning validator registry snapshot @ height 1048
Pruning validator registry snapshot @ height 1049
Pruning validator registry snapshot @ height 105
Pruning validator registry snapshot @ height 1050
Pruning validator registry snapshot @ height 1051
Pruning validator registry snapshot @ height 1052
Pruning validator registry snapshot @ height 1053
Pruning validator registry snapshot @ height 1054
Pruning validator registry snapshot @ height 1055
Pruning validator registry snapshot @ height 1056
Pruning validator registry snapshot @ height 1057
Pruning validator registry snapshot @ height 1058
Pruning validator registry snapshot @ height 1059
Pruning validator registry snapshot @ height 106
Pruning validator registry snapshot @ height 1060
Pruning validator registry snapshot @ height 1061
Pruning validator registry snapshot @ height 1062
Pruning validator registry snapshot @ height 1063
Pruning validator registry snapshot @ height 1064
Pruning validator registry snapshot @ height 1065
Pruning validator registry snapshot @ height 1066
Pruning validator registry snapshot @ height 1067
Pruning validator registry snapshot @ height 1068
Pruning validator registry snapshot @ height 1069
Pruning validator registry snapshot @ height 107
Pruning validator registry snapshot @ height 1070
Pruning validator registry snapshot @ height 1071
Pruning validator registry snapshot @ height 1072
Pruning validator registry snapshot @ height 1073
Pruning validator registry snapshot @ height 1074
Pruning validator registry snapshot @ height 1075
Pruning validator registry snapshot @ height 1076
Pruning validator registry snapshot @ height 1077
Pruning validator registry snapshot @ height 1078
Pruning validator registry snapshot @ height 1079
Pruning validator registry snapshot @ height 108
Pruning validator registry snapshot @ height 1080
Pruning validator registry snapshot @ height 1081
Pruning validator registry snapshot @ height 1082
Pruning validator registry snapshot @ height 1083
Pruning validator registry snapshot @ height 1084
Pruning validator registry snapshot @ height 1085
Pruning validator registry snapshot @ height 1086
Pruning validator registry snapshot @ height 1087
Pruning validator registry snapshot @ height 1088
Pruning validator registry snapshot @ height 1089
Pruning validator registry snapshot @ height 109
Pruning validator registry snapshot @ height 1090
Pruning validator registry snapshot @ height 1091
Pruning validator registry snapshot @ height 1092
Pruning validator registry snapshot @ height 1093
Pruning validator registry snapshot @ height 1094
Pruning validator registry snapshot @ height 1095
Pruning validator registry snapshot @ height 1096
Pruning validator registry snapshot @ height 1097
Pruning validator registry snapshot @ height 1098
Pruning validator registry snapshot @ height 1099
Pruning validator registry snapshot @ height 11
Pruning validator registry snapshot @ height 110
Pruning validator registry snapshot @ height 1100
Pruning validator registry snapshot @ height 1101
Pruning validator registry snapshot @ height 1102
Pruning validator registry snapshot @ height 1103
Pruning validator registry snapshot @ height 1104
Pruning validator registry snapshot @ height 1105
Pruning validator registry snapshot @ height 1106
Pruning validator registry snapshot @ height 1107
Pruning validator registry snapshot @ height 1108
Pruning validator registry snapshot @ height 1109
Pruning validator registry snapshot @ height 111
Pruning validator registry snapshot @ height 1110
Pruning validator registry snapshot @ height 1111
Pruning validator registry snapshot @ height 1112
Pruning validator registry snapshot @ height 1113
Pruning validator registry snapshot @ height 1114
Pruning validator registry snapshot @ height 1115
Pruning validator registry snapshot @ height 1116
Pruning validator registry snapshot @ height 1117
Pruning validator registry snapshot @ height 1118
Pruning validator registry snapshot @ height 1119
Pruning validator registry snapshot @ height 112
Pruning validator registry snapshot @ height 1120
Pruning validator registry snapshot @ height 1121
Pruning validator registry snapshot @ height 1122
Pruning validator registry snapshot @ height 1123
Pruning validator registry snapshot @ height 1124
Pruning validator registry snapshot @ height 1125
Pruning validator registry snapshot @ height 1126
Pruning validator registry snapshot @ height 1127
Pruning validator registry snapshot @ height 1128
Pruning validator registry snapshot @ height 1129
Pruning validator registry snapshot @ height 113
Pruning validator registry snapshot @ height 1130
Pruning validator registry snapshot @ height 1131
Pruning validator registry snapshot @ height 1132
Pruning validator registry snapshot @ height 1133
Pruning validator registry snapshot @ height 1134
Pruning validator registry snapshot @ height 1135
Pruning validator registry snapshot @ height 1136
Pruning validator registry snapshot @ height 1137
Pruning validator registry snapshot @ height 1138
Pruning validator registry snapshot @ height 1139
Pruning validator registry snapshot @ height 114
Pruning validator registry snapshot @ height 1140
Pruning validator registry snapshot @ height 1141
Pruning validator registry snapshot @ height 1142
Pruning validator registry snapshot @ height 1143
Pruning validator registry snapshot @ height 1144
Pruning validator registry snapshot @ height 1145
Pruning validator registry snapshot @ height 1146
Pruning validator registry snapshot @ height 1147
Pruning validator registry snapshot @ height 1148
Pruning validator registry snapshot @ height 1149
Pruning validator registry snapshot @ height 115
Pruning validator registry snapshot @ height 1150
Pruning validator registry snapshot @ height 1151
Pruning validator registry snapshot @ height 1152
Pruning validator registry snapshot @ height 1153
Pruning validator registry snapshot @ height 1154
Pruning validator registry snapshot @ height 1155
Pruning validator registry snapshot @ height 1156
Pruning validator registry snapshot @ height 1157
Pruning validator registry snapshot @ height 1158
Pruning validator registry snapshot @ height 1159
Pruning validator registry snapshot @ height 116
Pruning validator registry snapshot @ height 1160
Pruning validator registry snapshot @ height 1161
Pruning validator registry snapshot @ height 1162
Pruning validator registry snapshot @ height 1163
Pruning validator registry snapshot @ height 1164
Pruning validator registry snapshot @ height 1165
Pruning validator registry snapshot @ height 1166
Pruning validator registry snapshot @ height 1167
Pruning validator registry snapshot @ height 1168
Pruning validator registry snapshot @ height 1169
Pruning validator registry snapshot @ height 117
Pruning validator registry snapshot @ height 1170
Pruning validator registry snapshot @ height 1171
Pruning validator registry snapshot @ height 1172
Pruning validator registry snapshot @ height 1173
Pruning validator registry snapshot @ height 1174
Pruning validator registry snapshot @ height 1175
Pruning validator registry snapshot @ height 1176
Pruning validator registry snapshot @ height 1177
Pruning validator registry snapshot @ height 1178
Pruning validator registry snapshot @ height 1179
Pruning validator registry snapshot @ height 118
Pruning validator registry snapshot @ height 1180
Pruning validator registry snapshot @ height 1181
Pruning validator registry snapshot @ height 1182
Pruning validator registry snapshot @ height 1183
Pruning validator registry snapshot @ height 1184
Pruning validator registry snapshot @ height 1185
Pruning validator registry snapshot @ height 1186
Pruning validator registry snapshot @ height 1187
Pruning validator registry snapshot @ height 1188
Pruning validator registry snapshot @ height 1189
Pruning validator registry snapshot @ height 119
Pruning validator registry snapshot @ height 1190
Pruning validator registry snapshot @ height 1191
Pruning validator registry snapshot @ height 1192
Pruning validator registry snapshot @ height 1193
Pruning validator registry snapshot @ height 1194
Pruning validator registry snapshot @ height 1195
Pruning validator registry snapshot @ height 1196
Pruning validator registry snapshot @ height 1197
Pruning validator registry snapshot @ height 1198
Pruning validator registry snapshot @ height 1199
Pruning validator registry snapshot @ height 12
Pruning validator registry snapshot @ height 120
Pruning validator registry snapshot @ height 1200
Pruning validator registry snapshot @ height 1201
Pruning validator registry snapshot @ height 1202
Pruning validator registry snapshot @ height 1203
Pruning validator registry snapshot @ height 1204
Pruning validator registry snapshot @ height 1205
Pruning validator registry snapshot @ height 1206
Pruning validator registry snapshot @ height 1207
Pruning validator registry snapshot @ height 1208
Pruning validator registry snapshot @ height 1209
Pruning validator registry snapshot @ height 121
Pruning validator registry snapshot @ height 1210
Pruning validator registry snapshot @ height 1211
Pruning validator registry snapshot @ height 1212
Pruning validator registry snapshot @ height 1213
Pruning validator registry snapshot @ height 1214
Pruning validator registry snapshot @ height 1215
Pruning validator registry snapshot @ height 1216
Pruning validator registry snapshot @ height 1217
Pruning validator registry snapshot @ height 1218
Pruning validator registry snapshot @ height 1219
Pruning validator registry snapshot @ height 122
Pruning validator registry snapshot @ height 1220
Pruning validator registry snapshot @ height 1221
Pruning validator registry snapshot @ height 1222
Pruning validator registry snapshot @ height 1223
Pruning validator registry snapshot @ height 1224
Pruning validator registry snapshot @ height 1225
Pruning validator registry snapshot @ height 1226
Pruning validator registry snapshot @ height 1227
Pruning validator registry snapshot @ height 1228
Pruning validator registry snapshot @ height 1229
Pruning validator registry snapshot @ height 123
Pruning validator registry snapshot @ height 1230
Pruning validator registry snapshot @ height 1231
Pruning validator registry snapshot @ height 1232
Pruning validator registry snapshot @ height 1233
Pruning validator registry snapshot @ height 1234
Pruning validator registry snapshot @ height 1235
Pruning validator registry snapshot @ height 1236
Pruning validator registry snapshot @ height 1237
Pruning validator registry snapshot @ height 1238
Pruning validator registry snapshot @ height 1239
Pruning validator registry snapshot @ height 124
Pruning validator registry snapshot @ height 1240
Pruning validator registry snapshot @ height 1241
Pruning validator registry snapshot @ height 1242
Pruning validator registry snapshot @ height 1243
Pruning validator registry snapshot @ height 1244
Pruning validator registry snapshot @ height 1245
Pruning validator registry snapshot @ height 1246
Pruning validator registry snapshot @ height 1247
Pruning validator registry snapshot @ height 1248
Pruning validator registry snapshot @ height 1249
Pruning validator registry snapshot @ height 125
Pruning validator registry snapshot @ height 1250
Pruning validator registry snapshot @ height 1251
Pruning validator registry snapshot @ height 1252
Pruning validator registry snapshot @ height 1253
Pruning validator registry snapshot @ height 1254
Pruning validator registry snapshot @ height 1255
Pruning validator registry snapshot @ height 1256
Pruning validator registry snapshot @ height 1257
Pruning validator registry snapshot @ height 1258
Pruning validator registry snapshot @ height 1259
Pruning validator registry snapshot @ height 126
Pruning validator registry snapshot @ height 1260
Pruning validator registry snapshot @ height 1261
Pruning validator registry snapshot @ height 1262
Pruning validator registry snapshot @ height 1263
Pruning validator registry snapshot @ height 1264
Pruning validator registry snapshot @ height 1265
Pruning validator registry snapshot @ height 1266
Pruning validator registry snapshot @ height 1267
Pruning validator registry snapshot @ height 1268
Pruning validator registry snapshot @ height 1269
Pruning validator registry snapshot @ height 127
Pruning validator registry snapshot @ height 1270
Pruning validator registry snapshot @ height 1271
Pruning validator registry snapshot @ height 1272
Pruning validator registry snapshot @ height 1273
Pruning validator registry snapshot @ height 1274
Pruning validator registry snapshot @ height 1275
Pruning validator registry snapshot @ height 1276
Pruning validator registry snapshot @ height 1277
Pruning validator registry snapshot @ height 1278
Pruning validator registry snapshot @ height 1279
Pruning validator registry snapshot @ height 128
Pruning validator registry snapshot @ height 1280
Pruning validator registry snapshot @ height 1281
Pruning validator registry snapshot @ height 1282
Pruning validator registry snapshot @ height 1283
Pruning validator registry snapshot @ height 1284
Pruning validator registry snapshot @ height 1285
Pruning validator registry snapshot @ height 1286
Pruning validator registry snapshot @ height 1287
Pruning validator registry snapshot @ height 1288
Pruning validator registry snapshot @ height 1289
Pruning validator registry snapshot @ height 129
Pruning validator registry snapshot @ height 1290
Pruning validator registry snapshot @ height 1291
Pruning validator registry snapshot @ height 1292
Pruning validator registry snapshot @ height 1293
Pruning validator registry snapshot @ height 1294
Pruning validator registry snapshot @ height 1295
Pruning validator registry snapshot @ height 1296
Pruning validator registry snapshot @ height 1297
Pruning validator registry snapshot @ height 1298
Pruning validator registry snapshot @ height 1299
Pruning validator registry snapshot @ height 13
Pruning validator registry snapshot @ height 130
Pruning validator registry snapshot @ height 1300
Pruning validator registry snapshot @ height 1301
Pruning validator registry snapshot @ height 1302
Pruning validator registry snapshot @ height 1303
Pruning validator registry snapshot @ height 1304
Pruning validator registry snapshot @ height 1305
Pruning validator registry snapshot @ height 1306
Pruning validator registry snapshot @ height 1307
Pruning validator registry snapshot @ height 1308
Pruning validator registry snapshot @ height 1309
Pruning validator registry snapshot @ height 131
Pruning validator registry snapshot @ height 1310
Pruning validator registry snapshot @ height 1311
Pruning validator registry snapshot @ height 1312
Pruning validator registry snapshot @ height 1313
Pruning validator registry snapshot @ height 1314
Pruning validator registry snapshot @ height 1315
Pruning validator registry snapshot @ height 1316
Pruning validator registry snapshot @ height 1317
Pruning validator registry snapshot @ height 1318
Pruning validator registry snapshot @ height 1319
Pruning validator registry snapshot @ height 132
Pruning validator registry snapshot @ height 1320
Pruning validator registry snapshot @ height 1321
Pruning validator registry snapshot @ height 1322
Pruning validator registry snapshot @ height 1323
Pruning validator registry snapshot @ height 1324
Pruning validator registry snapshot @ height 1325
Pruning validator registry snapshot @ height 1326
Pruning validator registry snapshot @ height 1327
Pruning validator registry snapshot @ height 1328
Pruning validator registry snapshot @ height 1329
Pruning validator registry snapshot @ height 133
Pruning validator registry snapshot @ height 1330
Pruning validator registry snapshot @ height 1331
Pruning validator registry snapshot @ height 1332
Pruning validator registry snapshot @ height 1333
Pruning validator registry snapshot @ height 1334
Pruning validator registry snapshot @ height 1335
Pruning validator registry snapshot @ height 1336
Pruning validator registry snapshot @ height 1337
Pruning validator registry snapshot @ height 1338
Pruning validator registry snapshot @ height 1339
Pruning validator registry snapshot @ height 134
Pruning validator registry snapshot @ height 1340
Pruning validator registry snapshot @ height 1341
Pruning validator registry snapshot @ height 1342
Pruning validator registry snapshot @ height 1343
Pruning validator registry snapshot @ height 1344
Pruning validator registry snapshot @ height 1345
Pruning validator registry snapshot @ height 1346
Pruning validator registry snapshot @ height 1347
Pruning validator registry snapshot @ height 1348
Pruning validator registry snapshot @ height 1349
Pruning validator registry snapshot @ height 135
Pruning validator registry snapshot @ height 1350
Pruning validator registry snapshot @ height 1351
Pruning validator registry snapshot @ height 1352
Pruning validator registry snapshot @ height 1353
Pruning validator registry snapshot @ height 1354
Pruning validator registry snapshot @ height 1355
Pruning validator registry snapshot @ height 1356
Pruning validator registry snapshot @ height 1357
Pruning validator registry snapshot @ height 1358
Pruning validator registry snapshot @ height 1359
Pruning validator registry snapshot @ height 136
Pruning validator registry snapshot @ height 1360
Pruning validator registry snapshot @ height 1361
Pruning validator registry snapshot @ height 1362
Pruning validator registry snapshot @ height 1363
Pruning validator registry snapshot @ height 1364
Pruning validator registry snapshot @ height 1365
Pruning validator registry snapshot @ height 1366
Pruning validator registry snapshot @ height 1367
Pruning validator registry snapshot @ height 1368
Pruning validator registry snapshot @ height 1369
Pruning validator registry snapshot @ height 137
Pruning validator registry snapshot @ height 1370
Pruning validator registry snapshot @ height 1371
Pruning validator registry snapshot @ height 1372
Pruning validator registry snapshot @ height 1373
Pruning validator registry snapshot @ height 1374
Pruning validator registry snapshot @ height 1375
Pruning validator registry snapshot @ height 1376
Pruning validator registry snapshot @ height 1377
Pruning validator registry snapshot @ height 1378
Pruning validator registry snapshot @ height 1379
Pruning validator registry snapshot @ height 138
Pruning validator registry snapshot @ height 1380
Pruning validator registry snapshot @ height 1381
Pruning validator registry snapshot @ height 1382
Pruning validator registry snapshot @ height 1383
Pruning validator registry snapshot @ height 1384
Pruning validator registry snapshot @ height 1385
Pruning validator registry snapshot @ height 1386
Pruning validator registry snapshot @ height 1387
Pruning validator registry snapshot @ height 1388
Pruning validator registry snapshot @ height 1389
Pruning validator registry snapshot @ height 139
Pruning validator registry snapshot @ height 1390
Pruning validator registry snapshot @ height 1391
Pruning validator registry snapshot @ height 1392
Pruning validator registry snapshot @ height 1393
Pruning validator registry snapshot @ height 1394
Pruning validator registry snapshot @ height 1395
Pruning validator registry snapshot @ height 1396
Pruning validator registry snapshot @ height 1397
Pruning validator registry snapshot @ height 1398
Pruning validator registry snapshot @ height 1399
Pruning validator registry snapshot @ height 14
Pruning validator registry snapshot @ height 140
Pruning validator registry snapshot @ height 1400
Pruning validator registry snapshot @ height 1401
Pruning validator registry snapshot @ height 1402
Pruning validator registry snapshot @ height 1403
Pruning validator registry snapshot @ height 1404
Pruning validator registry snapshot @ height 1405
Pruning validator registry snapshot @ height 1406
Pruning validator registry snapshot @ height 1407
Pruning validator registry snapshot @ height 1408
Pruning validator registry snapshot @ height 1409
Pruning validator registry snapshot @ height 141
Pruning validator registry snapshot @ height 1410
Pruning validator registry snapshot @ height 1411
Pruning validator registry snapshot @ height 1412
Pruning validator registry snapshot @ height 1413
Pruning validator registry snapshot @ height 1414
Pruning validator registry snapshot @ height 1415
Pruning validator registry snapshot @ height 1416
Pruning validator registry snapshot @ height 1417
Pruning validator registry snapshot @ height 1418
Pruning validator registry snapshot @ height 1419
Pruning validator registry snapshot @ height 142
Pruning validator registry snapshot @ height 1420
Pruning validator registry snapshot @ height 1421
Pruning validator registry snapshot @ height 1422
Pruning validator registry snapshot @ height 1423
Pruning validator registry snapshot @ height 1424
Pruning validator registry snapshot @ height 1425
Pruning validator registry snapshot @ height 1426
Pruning validator registry snapshot @ height 1427
Pruning validator registry snapshot @ height 1428
Pruning validator registry snapshot @ height 1429
Pruning validator registry snapshot @ height 143
Pruning validator registry snapshot @ height 1430
Pruning validator registry snapshot @ height 1431
Pruning validator registry snapshot @ height 1432
Pruning validator registry snapshot @ height 1433
Pruning validator registry snapshot @ height 1434
Pruning validator registry snapshot @ height 1435
Pruning validator registry snapshot @ height 1436
Pruning validator registry snapshot @ height 1437
Pruning validator registry snapshot @ height 1438
Pruning validator registry snapshot @ height 1439
Pruning validator registry snapshot @ height 144
Pruning validator registry snapshot @ height 1440
Pruning validator registry snapshot @ height 1441
Pruning validator registry snapshot @ height 1442
Pruning validator registry snapshot @ height 1443
Pruning validator registry snapshot @ height 1444
Pruning validator registry snapshot @ height 1445
Pruning validator registry snapshot @ height 1446
Pruning validator registry snapshot @ height 1447
Pruning validator registry snapshot @ height 1448
Pruning validator registry snapshot @ height 1449
Pruning validator registry snapshot @ height 145
Pruning validator registry snapshot @ height 1450
Pruning validator registry snapshot @ height 1451
Pruning validator registry snapshot @ height 1452
Pruning validator registry snapshot @ height 1453
Pruning validator registry snapshot @ height 1454
Pruning validator registry snapshot @ height 1455
Pruning validator registry snapshot @ height 1456
Pruning validator registry snapshot @ height 1457
Pruning validator registry snapshot @ height 1458
Pruning validator registry snapshot @ height 1459
Pruning validator registry snapshot @ height 146
Pruning validator registry snapshot @ height 1460
Pruning validator registry snapshot @ height 1461
Pruning validator registry snapshot @ height 1462
Pruning validator registry snapshot @ height 1463
Pruning validator registry snapshot @ height 1464
Pruning validator registry snapshot @ height 1465
Pruning validator registry snapshot @ height 1466
Pruning validator registry snapshot @ height 1467
Pruning validator registry snapshot @ height 1468
Pruning validator registry snapshot @ height 1469
Pruning validator registry snapshot @ height 147
Pruning validator registry snapshot @ height 1470
Pruning validator registry snapshot @ height 1471
Pruning validator registry snapshot @ height 1472
Pruning validator registry snapshot @ height 1473
Pruning validator registry snapshot @ height 1474
Pruning validator registry snapshot @ height 1475
Pruning validator registry snapshot @ height 1476
Pruning validator registry snapshot @ height 1477
Pruning validator registry snapshot @ height 1478
Pruning validator registry snapshot @ height 1479
Pruning validator registry snapshot @ height 148
Pruning validator registry snapshot @ height 1480
Pruning validator registry snapshot @ height 1481
Pruning validator registry snapshot @ height 1482
Pruning validator registry snapshot @ height 1483
Pruning validator registry snapshot @ height 1484
Pruning validator registry snapshot @ height 1485
Pruning validator registry snapshot @ height 1486
Pruning validator registry snapshot @ height 1487
Pruning validator registry snapshot @ height 1488
Pruning validator registry snapshot @ height 1489
Pruning validator registry snapshot @ height 149
Pruning validator registry snapshot @ height 1490
Pruning validator registry snapshot @ height 1491
Pruning validator registry snapshot @ height 1492
Pruning validator registry snapshot @ height 1493
Pruning validator registry snapshot @ height 1494
Pruning validator registry snapshot @ height 1495
Pruning validator registry snapshot @ height 1496
Pruning validator registry snapshot @ height 1497
Pruning validator registry snapshot @ height 1498
Pruning validator registry snapshot @ height 1499
Pruning validator registry snapshot @ height 15
Pruning validator registry snapshot @ height 150
Pruning validator registry snapshot @ height 1500
Pruning validator registry snapshot @ height 1501
Pruning validator registry snapshot @ height 1502
Pruning validator registry snapshot @ height 1503
Pruning validator registry snapshot @ height 1504
Pruning validator registry snapshot @ height 1505
Pruning validator registry snapshot @ height 1506
Pruning validator registry snapshot @ height 1507
Pruning validator registry snapshot @ height 1508
Pruning validator registry snapshot @ height 1509
Pruning validator registry snapshot @ height 151
Pruning validator registry snapshot @ height 1510
Pruning validator registry snapshot @ height 1511
Pruning validator registry snapshot @ height 1512
Pruning validator registry snapshot @ height 1513
Pruning validator registry snapshot @ height 1514
Pruning validator registry snapshot @ height 1515
Pruning validator registry snapshot @ height 1516
Pruning validator registry snapshot @ height 1517
Pruning validator registry snapshot @ height 1518
Pruning validator registry snapshot @ height 1519
Pruning validator registry snapshot @ height 152
Pruning validator registry snapshot @ height 1520
Pruning validator registry snapshot @ height 1521
Pruning validator registry snapshot @ height 1522
Pruning validator registry snapshot @ height 1523
Pruning validator registry snapshot @ height 1524
Pruning validator registry snapshot @ height 1525
Pruning validator registry snapshot @ height 1526
Pruning validator registry snapshot @ height 1527
Pruning validator registry snapshot @ height 1528
Pruning validator registry snapshot @ height 1529
Pruning validator registry snapshot @ height 153
Pruning validator registry snapshot @ height 1530
Pruning validator registry snapshot @ height 1531
Pruning validator registry snapshot @ height 1532
Pruning validator registry snapshot @ height 1533
Pruning validator registry snapshot @ height 1534
Pruning validator registry snapshot @ height 1535
Pruning validator registry snapshot @ height 1536
Pruning validator registry snapshot @ height 1537
Pruning validator registry snapshot @ height 1538
Pruning validator registry snapshot @ height 1539
Pruning validator registry snapshot @ height 154
Pruning validator registry snapshot @ height 1540
Pruning validator registry snapshot @ height 1541
Pruning validator registry snapshot @ height 1542
Pruning validator registry snapshot @ height 1543
Pruning validator registry snapshot @ height 1544
Pruning validator registry snapshot @ height 1545
Pruning validator registry snapshot @ height 1546
Pruning validator registry snapshot @ height 1547
Pruning validator registry snapshot @ height 155
Pruning validator registry snapshot @ height 156
Pruning validator registry snapshot @ height 157
Pruning validator registry snapshot @ height 158
Pruning validator registry snapshot @ height 159
Pruning validator registry snapshot @ height 16
Pruning validator registry snapshot @ height 160
Pruning validator registry snapshot @ height 161
Pruning validator registry snapshot @ height 162
Pruning validator registry snapshot @ height 163
Pruning validator registry snapshot @ height 164
Pruning validator registry snapshot @ height 165
Pruning validator registry snapshot @ height 166
Pruning validator registry snapshot @ height 167
Pruning validator registry snapshot @ height 168
Pruning validator registry snapshot @ height 169
Pruning validator registry snapshot @ height 17
Pruning validator registry snapshot @ height 170
Pruning validator registry snapshot @ height 171
Pruning validator registry snapshot @ height 172
Pruning validator registry snapshot @ height 173
Pruning validator registry snapshot @ height 174
Pruning validator registry snapshot @ height 175
Pruning validator registry snapshot @ height 176
Pruning validator registry snapshot @ height 177
Pruning validator registry snapshot @ height 178
Pruning validator registry snapshot @ height 179
Pruning validator registry snapshot @ height 18
Pruning validator registry snapshot @ height 180
Pruning validator registry snapshot @ height 181
Pruning validator registry snapshot @ height 182
Pruning validator registry snapshot @ height 183
Pruning validator registry snapshot @ height 184
Pruning validator registry snapshot @ height 185
Pruning validator registry snapshot @ height 186
Pruning validator registry snapshot @ height 187
Pruning validator registry snapshot @ height 188
Pruning validator registry snapshot @ height 189
Pruning validator registry snapshot @ height 19
Pruning validator registry snapshot @ height 190
Pruning validator registry snapshot @ height 191
Pruning validator registry snapshot @ height 192
Pruning validator registry snapshot @ height 193
Pruning validator registry snapshot @ height 194
Pruning validator registry snapshot @ height 195
Pruning validator registry snapshot @ height 196
Pruning validator registry snapshot @ height 197
Pruning validator registry snapshot @ height 198
Pruning validator registry snapshot @ height 199
Pruning validator registry snapshot @ height 2
Pruning validator registry snapshot @ height 20
Pruning validator registry snapshot @ height 200
Pruning validator registry snapshot @ height 201
Pruning validator registry snapshot @ height 202
Pruning validator registry snapshot @ height 203
Pruning validator registry snapshot @ height 204
Pruning validator registry snapshot @ height 205
Pruning validator registry snapshot @ height 206
Pruning validator registry snapshot @ height 207
Pruning validator registry snapshot @ height 208
Pruning validator registry snapshot @ height 209
Pruning validator registry snapshot @ height 21
Pruning validator registry snapshot @ height 210
Pruning validator registry snapshot @ height 211
Pruning validator registry snapshot @ height 212
Pruning validator registry snapshot @ height 213
Pruning validator registry snapshot @ height 214
Pruning validator registry snapshot @ height 215
Pruning validator registry snapshot @ height 216
Pruning validator registry snapshot @ height 217
Pruning validator registry snapshot @ height 218
Pruning validator registry snapshot @ height 219
Pruning validator registry snapshot @ height 22
Pruning validator registry snapshot @ height 220
Pruning validator registry snapshot @ height 221
Pruning validator registry snapshot @ height 222
Pruning validator registry snapshot @ height 223
Pruning validator registry snapshot @ height 224
Pruning validator registry snapshot @ height 225
Pruning validator registry snapshot @ height 226
Pruning validator registry snapshot @ height 227
Pruning validator registry snapshot @ height 228
Pruning validator registry snapshot @ height 229
Pruning validator registry snapshot @ height 23
Pruning validator registry snapshot @ height 230
Pruning validator registry snapshot @ height 231
Pruning validator registry snapshot @ height 232
Pruning validator registry snapshot @ height 233
Pruning validator registry snapshot @ height 234
Pruning validator registry snapshot @ height 235
Pruning validator registry snapshot @ height 236
Pruning validator registry snapshot @ height 237
Pruning validator registry snapshot @ height 238
Pruning validator registry snapshot @ height 239
Pruning validator registry snapshot @ height 24
Pruning validator registry snapshot @ height 240
Pruning validator registry snapshot @ height 241
Pruning validator registry snapshot @ height 242
Pruning validator registry snapshot @ height 243
Pruning validator registry snapshot @ height 244
Pruning validator registry snapshot @ height 245
Pruning validator registry snapshot @ height 246
Pruning validator registry snapshot @ height 247
Pruning validator registry snapshot @ height 248
Pruning validator registry snapshot @ height 249
Pruning validator registry snapshot @ height 25
Pruning validator registry snapshot @ height 250
Pruning validator registry snapshot @ height 251
Pruning validator registry snapshot @ height 252
Pruning validator registry snapshot @ height 253
Pruning validator registry snapshot @ height 254
Pruning validator registry snapshot @ height 255
Pruning validator registry snapshot @ height 256
Pruning validator registry snapshot @ height 257
Pruning validator registry snapshot @ height 258
Pruning validator registry snapshot @ height 259
Pruning validator registry snapshot @ height 26
Pruning validator registry snapshot @ height 260
Pruning validator registry snapshot @ height 261
Pruning validator registry snapshot @ height 262
Pruning validator registry snapshot @ height 263
Pruning validator registry snapshot @ height 264
Pruning validator registry snapshot @ height 265
Pruning validator registry snapshot @ height 266
Pruning validator registry snapshot @ height 267
Pruning validator registry snapshot @ height 268
Pruning validator registry snapshot @ height 269
Pruning validator registry snapshot @ height 27
Pruning validator registry snapshot @ height 270
Pruning validator registry snapshot @ height 271
Pruning validator registry snapshot @ height 272
Pruning validator registry snapshot @ height 273
Pruning validator registry snapshot @ height 274
Pruning validator registry snapshot @ height 275
Pruning validator registry snapshot @ height 276
Pruning validator registry snapshot @ height 277
Pruning validator registry snapshot @ height 278
Pruning validator registry snapshot @ height 279
Pruning validator registry snapshot @ height 28
Pruning validator registry snapshot @ height 280
Pruning validator registry snapshot @ height 281
Pruning validator registry snapshot @ height 282
Pruning validator registry snapshot @ height 283
Pruning validator registry snapshot @ height 284
Pruning validator registry snapshot @ height 285
Pruning validator registry snapshot @ height 286
Pruning validator registry snapshot @ height 287
Pruning validator registry snapshot @ height 288
Pruning validator registry snapshot @ height 289
Pruning validator registry snapshot @ height 29
Pruning validator registry snapshot @ height 290
Pruning validator registry snapshot @ height 291
Pruning validator registry snapshot @ height 292
Pruning validator registry snapshot @ height 293
Pruning validator registry snapshot @ height 294
Pruning validator registry snapshot @ height 295
Pruning validator registry snapshot @ height 296
Pruning validator registry snapshot @ height 297
Pruning validator registry snapshot @ height 298
Pruning validator registry snapshot @ height 299
Pruning validator registry snapshot @ height 3
Pruning validator registry snapshot @ height 30
Pruning validator registry snapshot @ height 300
Pruning validator registry snapshot @ height 301
Pruning validator registry snapshot @ height 302
Pruning validator registry snapshot @ height 303
Pruning validator registry snapshot @ height 304
Pruning validator registry snapshot @ height 305
Pruning validator registry snapshot @ height 306
Pruning validator registry snapshot @ height 307
Pruning validator registry snapshot @ height 308
Pruning validator registry snapshot @ height 309
Pruning validator registry snapshot @ height 31
Pruning validator registry snapshot @ height 310
Pruning validator registry snapshot @ height 311
Pruning validator registry snapshot @ height 312
Pruning validator registry snapshot @ height 313
Pruning validator registry snapshot @ height 314
Pruning validator registry snapshot @ height 315
Pruning validator registry snapshot @ height 316
Pruning validator registry snapshot @ height 317
Pruning validator registry snapshot @ height 318
Pruning validator registry snapshot @ height 319
Pruning validator registry snapshot @ height 32
Pruning validator registry snapshot @ height 320
Pruning validator registry snapshot @ height 321
Pruning validator registry snapshot @ height 322
Pruning validator registry snapshot @ height 323
Pruning validator registry snapshot @ height 324
Pruning validator registry snapshot @ height 325
Pruning validator registry snapshot @ height 326
Pruning validator registry snapshot @ height 327
Pruning validator registry snapshot @ height 328
Pruning validator registry snapshot @ height 329
Pruning validator registry snapshot @ height 33
Pruning validator registry snapshot @ height 330
Pruning validator registry snapshot @ height 331
Pruning validator registry snapshot @ height 332
Pruning validator registry snapshot @ height 333
Pruning validator registry snapshot @ height 334
Pruning validator registry snapshot @ height 335
Pruning validator registry snapshot @ height 336
Pruning validator registry snapshot @ height 337
Pruning validator registry snapshot @ height 338
Pruning validator registry snapshot @ height 339
Pruning validator registry snapshot @ height 34
Pruning validator registry snapshot @ height 340
Pruning validator registry snapshot @ height 341
Pruning validator registry snapshot @ height 342
Pruning validator registry snapshot @ height 343
Pruning validator registry snapshot @ height 344
Pruning validator registry snapshot @ height 345
Pruning validator registry snapshot @ height 346
Pruning validator registry snapshot @ height 347
Pruning validator registry snapshot @ height 348
Pruning validator registry snapshot @ height 349
Pruning validator registry snapshot @ height 35
Pruning validator registry snapshot @ height 350
Pruning validator registry snapshot @ height 351
Pruning validator registry snapshot @ height 352
Pruning validator registry snapshot @ height 353
Pruning validator registry snapshot @ height 354
Pruning validator registry snapshot @ height 355
Pruning validator registry snapshot @ height 356
Pruning validator registry snapshot @ height 357
Pruning validator registry snapshot @ height 358
Pruning validator registry snapshot @ height 359
Pruning validator registry snapshot @ height 36
Pruning validator registry snapshot @ height 360
Pruning validator registry snapshot @ height 361
Pruning validator registry snapshot @ height 362
Pruning validator registry snapshot @ height 363
Pruning validator registry snapshot @ height 364
Pruning validator registry snapshot @ height 365
Pruning validator registry snapshot @ height 366
Pruning validator registry snapshot @ height 367
Pruning validator registry snapshot @ height 368
Pruning validator registry snapshot @ height 369
Pruning validator registry snapshot @ height 37
Pruning validator registry snapshot @ height 370
Pruning validator registry snapshot @ height 371
Pruning validator registry snapshot @ height 372
Pruning validator registry snapshot @ height 373
Pruning validator registry snapshot @ height 374
Pruning validator registry snapshot @ height 375
Pruning validator registry snapshot @ height 376
Pruning validator registry snapshot @ height 377
Pruning validator registry snapshot @ height 378
Pruning validator registry snapshot @ height 379
Pruning validator registry snapshot @ height 38
Pruning validator registry snapshot @ height 380
Pruning validator registry snapshot @ height 381
Pruning validator registry snapshot @ height 382
Pruning validator registry snapshot @ height 383
Pruning validator registry snapshot @ height 384
Pruning validator registry snapshot @ height 385
Pruning validator registry snapshot @ height 386
Pruning validator registry snapshot @ height 387
Pruning validator registry snapshot @ height 388
Pruning validator registry snapshot @ height 389
Pruning validator registry snapshot @ height 39
Pruning validator registry snapshot @ height 390
Pruning validator registry snapshot @ height 391
Pruning validator registry snapshot @ height 392
Pruning validator registry snapshot @ height 393
Pruning validator registry snapshot @ height 394
Pruning validator registry snapshot @ height 395
Pruning validator registry snapshot @ height 396
Pruning validator registry snapshot @ height 397
Pruning validator registry snapshot @ height 398
Pruning validator registry snapshot @ height 399
Pruning validator registry snapshot @ height 4
Pruning validator registry snapshot @ height 40
Pruning validator registry snapshot @ height 400
Pruning validator registry snapshot @ height 401
Pruning validator registry snapshot @ height 402
Pruning validator registry snapshot @ height 403
Pruning validator registry snapshot @ height 404
Pruning validator registry snapshot @ height 405
Pruning validator registry snapshot @ height 406
Pruning validator registry snapshot @ height 407
Pruning validator registry snapshot @ height 408
Pruning validator registry snapshot @ height 409
Pruning validator registry snapshot @ height 41
Pruning validator registry snapshot @ height 410
Pruning validator registry snapshot @ height 411
Pruning validator registry snapshot @ height 412
Pruning validator registry snapshot @ height 413
Pruning validator registry snapshot @ height 414
Pruning validator registry snapshot @ height 415
Pruning validator registry snapshot @ height 416
Pruning validator registry snapshot @ height 417
Pruning validator registry snapshot @ height 418
Pruning validator registry snapshot @ height 419
Pruning validator registry snapshot @ height 42
Pruning validator registry snapshot @ height 420
Pruning validator registry snapshot @ height 421
Pruning validator registry snapshot @ height 422
Pruning validator registry snapshot @ height 423
Pruning validator registry snapshot @ height 424
Pruning validator registry snapshot @ height 425
Pruning validator registry snapshot @ height 426
Pruning validator registry snapshot @ height 427
Pruning validator registry snapshot @ height 428
Pruning validator registry snapshot @ height 429
Pruning validator registry snapshot @ height 43
Pruning validator registry snapshot @ height 430
Pruning validator registry snapshot @ height 431
Pruning validator registry snapshot @ height 432
Pruning validator registry snapshot @ height 433
Pruning validator registry snapshot @ height 434
Pruning validator registry snapshot @ height 435
Pruning validator registry snapshot @ height 436
Pruning validator registry snapshot @ height 437
Pruning validator registry snapshot @ height 438
Pruning validator registry snapshot @ height 439
Pruning validator registry snapshot @ height 44
Pruning validator registry snapshot @ height 440
Pruning validator registry snapshot @ height 441
Pruning validator registry snapshot @ height 442
Pruning validator registry snapshot @ height 443
Pruning validator registry snapshot @ height 444
Pruning validator registry snapshot @ height 445
Pruning validator registry snapshot @ height 446
Pruning validator registry snapshot @ height 447
Pruning validator registry snapshot @ height 448
Pruning validator registry snapshot @ height 449
Pruning validator registry snapshot @ height 45
Pruning validator registry snapshot @ height 450
Pruning validator registry snapshot @ height 451
Pruning validator registry snapshot @ height 452
Pruning validator registry snapshot @ height 453
Pruning validator registry snapshot @ height 454
Pruning validator registry snapshot @ height 455
Pruning validator registry snapshot @ height 456
Pruning validator registry snapshot @ height 457
Pruning validator registry snapshot @ height 458
Pruning validator registry snapshot @ height 459
Pruning validator registry snapshot @ height 46
Pruning validator registry snapshot @ height 460
Pruning validator registry snapshot @ height 461
Pruning validator registry snapshot @ height 462
Pruning validator registry snapshot @ height 463
Pruning validator registry snapshot @ height 464
Pruning validator registry snapshot @ height 465
Pruning validator registry snapshot @ height 466
Pruning validator registry snapshot @ height 467
Pruning validator registry snapshot @ height 468
Pruning validator registry snapshot @ height 469
Pruning validator registry snapshot @ height 47
Pruning validator registry snapshot @ height 470
Pruning validator registry snapshot @ height 471
Pruning validator registry snapshot @ height 472
Pruning validator registry snapshot @ height 473
Pruning validator registry snapshot @ height 474
Pruning validator registry snapshot @ height 475
Pruning validator registry snapshot @ height 476
Pruning validator registry snapshot @ height 477
Pruning validator registry snapshot @ height 478
Pruning validator registry snapshot @ height 479
Pruning validator registry snapshot @ height 48
Pruning validator registry snapshot @ height 480
Pruning validator registry snapshot @ height 481
Pruning validator registry snapshot @ height 482
Pruning validator registry snapshot @ height 483
Pruning validator registry snapshot @ height 484
Pruning validator registry snapshot @ height 485
Pruning validator registry snapshot @ height 486
Pruning validator registry snapshot @ height 487
Pruning validator registry snapshot @ height 488
Pruning validator registry snapshot @ height 489
Pruning validator registry snapshot @ height 49
Pruning validator registry snapshot @ height 490
Pruning validator registry snapshot @ height 491
Pruning validator registry snapshot @ height 492
Pruning validator registry snapshot @ height 493
Pruning validator registry snapshot @ height 494
Pruning validator registry snapshot @ height 495
Pruning validator registry snapshot @ height 496
Pruning validator registry snapshot @ height 497
Pruning validator registry snapshot @ height 498
Pruning validator registry snapshot @ height 499
Pruning validator registry snapshot @ height 5
Pruning validator registry snapshot @ height 50
Pruning validator registry snapshot @ height 500
Pruning validator registry snapshot @ height 501
Pruning validator registry snapshot @ height 502
Pruning validator registry snapshot @ height 503
Pruning validator registry snapshot @ height 504
Pruning validator registry snapshot @ height 505
Pruning validator registry snapshot @ height 506
Pruning validator registry snapshot @ height 507
Pruning validator registry snapshot @ height 508
Pruning validator registry snapshot @ height 509
Pruning validator registry snapshot @ height 51
Pruning validator registry snapshot @ height 510
Pruning validator registry snapshot @ height 511
Pruning validator registry snapshot @ height 512
Pruning validator registry snapshot @ height 513
Pruning validator registry snapshot @ height 514
Pruning validator registry snapshot @ height 515
Pruning validator registry snapshot @ height 516
Pruning validator registry snapshot @ height 517
Pruning validator registry snapshot @ height 518
Pruning validator registry snapshot @ height 519
Pruning validator registry snapshot @ height 52
Pruning validator registry snapshot @ height 520
Pruning validator registry snapshot @ height 521
Pruning validator registry snapshot @ height 522
Pruning validator registry snapshot @ height 523
Pruning validator registry snapshot @ height 524
Pruning validator registry snapshot @ height 525
Pruning validator registry snapshot @ height 526
Pruning validator registry snapshot @ height 527
Pruning validator registry snapshot @ height 528
Pruning validator registry snapshot @ height 529
Pruning validator registry snapshot @ height 53
Pruning validator registry snapshot @ height 530
Pruning validator registry snapshot @ height 531
Pruning validator registry snapshot @ height 532
Pruning validator registry snapshot @ height 533
Pruning validator registry snapshot @ height 534
Pruning validator registry snapshot @ height 535
Pruning validator registry snapshot @ height 536
Pruning validator registry snapshot @ height 537
Pruning validator registry snapshot @ height 538
Pruning validator registry snapshot @ height 539
Pruning validator registry snapshot @ height 54
Pruning validator registry snapshot @ height 540
Pruning validator registry snapshot @ height 541
Pruning validator registry snapshot @ height 542
Pruning validator registry snapshot @ height 543
Pruning validator registry snapshot @ height 544
Pruning validator registry snapshot @ height 545
Pruning validator registry snapshot @ height 546
Pruning validator registry snapshot @ height 547
Pruning validator registry snapshot @ height 548
Pruning validator registry snapshot @ height 549
Pruning validator registry snapshot @ height 55
Pruning validator registry snapshot @ height 550
Pruning validator registry snapshot @ height 551
Pruning validator registry snapshot @ height 552
Pruning validator registry snapshot @ height 553
Pruning validator registry snapshot @ height 554
Pruning validator registry snapshot @ height 555
Pruning validator registry snapshot @ height 556
Pruning validator registry snapshot @ height 557
Pruning validator registry snapshot @ height 558
Pruning validator registry snapshot @ height 559
Pruning validator registry snapshot @ height 56
Pruning validator registry snapshot @ height 560
Pruning validator registry snapshot @ height 561
Pruning validator registry snapshot @ height 562
Pruning validator registry snapshot @ height 563
Pruning validator registry snapshot @ height 564
Pruning validator registry snapshot @ height 565
Pruning validator registry snapshot @ height 566
Pruning validator registry snapshot @ height 567
Pruning validator registry snapshot @ height 568
Pruning validator registry snapshot @ height 569
Pruning validator registry snapshot @ height 57
Pruning validator registry snapshot @ height 570
Pruning validator registry snapshot @ height 571
Pruning validator registry snapshot @ height 572
Pruning validator registry snapshot @ height 573
Pruning validator registry snapshot @ height 574
Pruning validator registry snapshot @ height 575
Pruning validator registry snapshot @ height 576
Pruning validator registry snapshot @ height 577
Pruning validator registry snapshot @ height 578
Pruning validator registry snapshot @ height 579
Pruning validator registry snapshot @ height 58
Pruning validator registry snapshot @ height 580
Pruning validator registry snapshot @ height 581
Pruning validator registry snapshot @ height 582
Pruning validator registry snapshot @ height 583
Pruning validator registry snapshot @ height 584
Pruning validator registry snapshot @ height 585
Pruning validator registry snapshot @ height 586
Pruning validator registry snapshot @ height 587
Pruning validator registry snapshot @ height 588
Pruning validator registry snapshot @ height 589
Pruning validator registry snapshot @ height 59
Pruning validator registry snapshot @ height 590
Pruning validator registry snapshot @ height 591
Pruning validator registry snapshot @ height 592
Pruning validator registry snapshot @ height 593
Pruning validator registry snapshot @ height 594
Pruning validator registry snapshot @ height 595
Pruning validator registry snapshot @ height 596
Pruning validator registry snapshot @ height 597
Pruning validator registry snapshot @ height 598
Pruning validator registry snapshot @ height 599
Pruning validator registry snapshot @ height 6
Pruning validator registry snapshot @ height 60
Pruning validator registry snapshot @ height 600
Pruning validator registry snapshot @ height 601
Pruning validator registry snapshot @ height 602
Pruning validator registry snapshot @ height 603
Pruning validator registry snapshot @ height 604
Pruning validator registry snapshot @ height 605
Pruning validator registry snapshot @ height 606
Pruning validator registry snapshot @ height 607
Pruning validator registry snapshot @ height 608
Pruning validator registry snapshot @ height 609
Pruning validator registry snapshot @ height 61
Pruning validator registry snapshot @ height 610
Pruning validator registry snapshot @ height 611
Pruning validator registry snapshot @ height 612
Pruning validator registry snapshot @ height 613
Pruning validator registry snapshot @ height 614
Pruning validator registry snapshot @ height 615
Pruning validator registry snapshot @ height 616
Pruning validator registry snapshot @ height 617
Pruning validator registry snapshot @ height 618
Pruning validator registry snapshot @ height 619
Pruning validator registry snapshot @ height 62
Pruning validator registry snapshot @ height 620
Pruning validator registry snapshot @ height 621
Pruning validator registry snapshot @ height 622
Pruning validator registry snapshot @ height 623
Pruning validator registry snapshot @ height 624
Pruning validator registry snapshot @ height 625
Pruning validator registry snapshot @ height 626
Pruning validator registry snapshot @ height 627
Pruning validator registry snapshot @ height 628
Pruning validator registry snapshot @ height 629
Pruning validator registry snapshot @ height 63
Pruning validator registry snapshot @ height 630
Pruning validator registry snapshot @ height 631
Pruning validator registry snapshot @ height 632
Pruning validator registry snapshot @ height 633
Pruning validator registry snapshot @ height 634
Pruning validator registry snapshot @ height 635
Pruning validator registry snapshot @ height 636
Pruning validator registry snapshot @ height 637
Pruning validator registry snapshot @ height 638
Pruning validator registry snapshot @ height 639
Pruning validator registry snapshot @ height 64
Pruning validator registry snapshot @ height 640
Pruning validator registry snapshot @ height 641
Pruning validator registry snapshot @ height 642
Pruning validator registry snapshot @ height 643
Pruning validator registry snapshot @ height 644
Pruning validator registry snapshot @ height 645
Pruning validator registry snapshot @ height 646
Pruning validator registry snapshot @ height 647
Pruning validator registry snapshot @ height 648
Pruning validator registry snapshot @ height 649
Pruning validator registry snapshot @ height 65
Pruning validator registry snapshot @ height 650
Pruning validator registry snapshot @ height 651
Pruning validator registry snapshot @ height 652
Pruning validator registry snapshot @ height 653
Pruning validator registry snapshot @ height 654
Pruning validator registry snapshot @ height 655
Pruning validator registry snapshot @ height 656
Pruning validator registry snapshot @ height 657
Pruning validator registry snapshot @ height 658
Pruning validator registry snapshot @ height 659
Pruning validator registry snapshot @ height 66
Pruning validator registry snapshot @ height 660
Pruning validator registry snapshot @ height 661
Pruning validator registry snapshot @ height 662
Pruning validator registry snapshot @ height 663
Pruning validator registry snapshot @ height 664
Pruning validator registry snapshot @ height 665
Pruning validator registry snapshot @ height 666
Pruning validator registry snapshot @ height 667
Pruning validator registry snapshot @ height 668
Pruning validator registry snapshot @ height 669
Pruning validator registry snapshot @ height 67
Pruning validator registry snapshot @ height 670
Pruning validator registry snapshot @ height 671
Pruning validator registry snapshot @ height 672
Pruning validator registry snapshot @ height 673
Pruning validator registry snapshot @ height 674
Pruning validator registry snapshot @ height 675
Pruning validator registry snapshot @ height 676
Pruning validator registry snapshot @ height 677
Pruning validator registry snapshot @ height 678
Pruning validator registry snapshot @ height 679
Pruning validator registry snapshot @ height 68
Pruning validator registry snapshot @ height 680
Pruning validator registry snapshot @ height 681
Pruning validator registry snapshot @ height 682
Pruning validator registry snapshot @ height 683
Pruning validator registry snapshot @ height 684
Pruning validator registry snapshot @ height 685
Pruning validator registry snapshot @ height 686
Pruning validator registry snapshot @ height 687
Pruning validator registry snapshot @ height 688
Pruning validator registry snapshot @ height 689
Pruning validator registry snapshot @ height 69
Pruning validator registry snapshot @ height 690
Pruning validator registry snapshot @ height 691
Pruning validator registry snapshot @ height 692
Pruning validator registry snapshot @ height 693
Pruning validator registry snapshot @ height 694
Pruning validator registry snapshot @ height 695
Pruning validator registry snapshot @ height 696
Pruning validator registry snapshot @ height 697
Pruning validator registry snapshot @ height 698
Pruning validator registry snapshot @ height 699
Pruning validator registry snapshot @ height 7
Pruning validator registry snapshot @ height 70
Pruning validator registry snapshot @ height 700
Pruning validator registry snapshot @ height 701
Pruning validator registry snapshot @ height 702
Pruning validator registry snapshot @ height 703
Pruning validator registry snapshot @ height 704
Pruning validator registry snapshot @ height 705
Pruning validator registry snapshot @ height 706
Pruning validator registry snapshot @ height 707
Pruning validator registry snapshot @ height 708
Pruning validator registry snapshot @ height 709
Pruning validator registry snapshot @ height 71
Pruning validator registry snapshot @ height 710
Pruning validator registry snapshot @ height 711
Pruning validator registry snapshot @ height 712
Pruning validator registry snapshot @ height 713
Pruning validator registry snapshot @ height 714
Pruning validator registry snapshot @ height 715
Pruning validator registry snapshot @ height 716
Pruning validator registry snapshot @ height 717
Pruning validator registry snapshot @ height 718
Pruning validator registry snapshot @ height 719
Pruning validator registry snapshot @ height 72
Pruning validator registry snapshot @ height 720
Pruning validator registry snapshot @ height 721
Pruning validator registry snapshot @ height 722
Pruning validator registry snapshot @ height 723
Pruning validator registry snapshot @ height 724
Pruning validator registry snapshot @ height 725
Pruning validator registry snapshot @ height 726
Pruning validator registry snapshot @ height 727
Pruning validator registry snapshot @ height 728
Pruning validator registry snapshot @ height 729
Pruning validator registry snapshot @ height 73
Pruning validator registry snapshot @ height 730
Pruning validator registry snapshot @ height 731
Pruning validator registry snapshot @ height 732
Pruning validator registry snapshot @ height 733
Pruning validator registry snapshot @ height 734
Pruning validator registry snapshot @ height 735
Pruning validator registry snapshot @ height 736
Pruning validator registry snapshot @ height 737
Pruning validator registry snapshot @ height 738
Pruning validator registry snapshot @ height 739
Pruning validator registry snapshot @ height 74
Pruning validator registry snapshot @ height 740
Pruning validator registry snapshot @ height 741
Pruning validator registry snapshot @ height 742
Pruning validator registry snapshot @ height 743
Pruning validator registry snapshot @ height 744
Pruning validator registry snapshot @ height 745
Pruning validator registry snapshot @ height 746
Pruning validator registry snapshot @ height 747
Pruning validator registry snapshot @ height 748
Pruning validator registry snapshot @ height 749
Pruning validator registry snapshot @ height 75
Pruning validator registry snapshot @ height 750
Pruning validator registry snapshot @ height 751
Pruning validator registry snapshot @ height 752
Pruning validator registry snapshot @ height 753
Pruning validator registry snapshot @ height 754
Pruning validator registry snapshot @ height 755
Pruning validator registry snapshot @ height 756
Pruning validator registry snapshot @ height 757
Pruning validator registry snapshot @ height 758
Pruning validator registry snapshot @ height 759
Pruning validator registry snapshot @ height 76
Pruning validator registry snapshot @ height 760
Pruning validator registry snapshot @ height 761
Pruning validator registry snapshot @ height 762
Pruning validator registry snapshot @ height 763
Pruning validator registry snapshot @ height 764
Pruning validator registry snapshot @ height 765
Pruning validator registry snapshot @ height 766
Pruning validator registry snapshot @ height 767
Pruning validator registry snapshot @ height 768
Pruning validator registry snapshot @ height 769
Pruning validator registry snapshot @ height 77
Pruning validator registry snapshot @ height 770
Pruning validator registry snapshot @ height 771
Pruning validator registry snapshot @ height 772
Pruning validator registry snapshot @ height 773
Pruning validator registry snapshot @ height 774
Pruning validator registry snapshot @ height 775
Pruning validator registry snapshot @ height 776
Pruning validator registry snapshot @ height 777
Pruning validator registry snapshot @ height 778
Pruning validator registry snapshot @ height 779
Pruning validator registry snapshot @ height 78
Pruning validator registry snapshot @ height 780
Pruning validator registry snapshot @ height 781
Pruning validator registry snapshot @ height 782
Pruning validator registry snapshot @ height 783
Pruning validator registry snapshot @ height 784
Pruning validator registry snapshot @ height 785
Pruning validator registry snapshot @ height 786
Pruning validator registry snapshot @ height 787
Pruning validator registry snapshot @ height 788
Pruning validator registry snapshot @ height 789
Pruning validator registry snapshot @ height 79
Pruning validator registry snapshot @ height 790
Pruning validator registry snapshot @ height 791
Pruning validator registry snapshot @ height 792
Pruning validator registry snapshot @ height 793
Pruning validator registry snapshot @ height 794
Pruning validator registry snapshot @ height 795
Pruning validator registry snapshot @ height 796
Pruning validator registry snapshot @ height 797
Pruning validator registry snapshot @ height 798
Pruning validator registry snapshot @ height 799
Pruning validator registry snapshot @ height 8
Pruning validator registry snapshot @ height 80
Pruning validator registry snapshot @ height 800
Pruning validator registry snapshot @ height 801
Pruning validator registry snapshot @ height 802
Pruning validator registry snapshot @ height 803
Pruning validator registry snapshot @ height 804
Pruning validator registry snapshot @ height 805
Pruning validator registry snapshot @ height 806
Pruning validator registry snapshot @ height 807
Pruning validator registry snapshot @ height 808
Pruning validator registry snapshot @ height 809
Pruning validator registry snapshot @ height 81
Pruning validator registry snapshot @ height 810
Pruning validator registry snapshot @ height 811
Pruning validator registry snapshot @ height 812
Pruning validator registry snapshot @ height 813
Pruning validator registry snapshot @ height 814
Pruning validator registry snapshot @ height 815
Pruning validator registry snapshot @ height 816
Pruning validator registry snapshot @ height 817
Pruning validator registry snapshot @ height 818
Pruning validator registry snapshot @ height 819
Pruning validator registry snapshot @ height 82
Pruning validator registry snapshot @ height 820
Pruning validator registry snapshot @ height 821
Pruning validator registry snapshot @ height 822
Pruning validator registry snapshot @ height 823
Pruning validator registry snapshot @ height 824
Pruning validator registry snapshot @ height 825
Pruning validator registry snapshot @ height 826
Pruning validator registry snapshot @ height 827
Pruning validator registry snapshot @ height 828
Pruning validator registry snapshot @ height 829
Pruning validator registry snapshot @ height 83
Pruning validator registry snapshot @ height 830
Pruning validator registry snapshot @ height 831
Pruning validator registry snapshot @ height 832
Pruning validator registry snapshot @ height 833
Pruning validator registry snapshot @ height 834
Pruning validator registry snapshot @ height 835
Pruning validator registry snapshot @ height 836
Pruning validator registry snapshot @ height 837
Pruning validator registry snapshot @ height 838
Pruning validator registry snapshot @ height 839
Pruning validator registry snapshot @ height 84
Pruning validator registry snapshot @ height 840
Pruning validator registry snapshot @ height 841
Pruning validator registry snapshot @ height 842
Pruning validator registry snapshot @ height 843
Pruning validator registry snapshot @ height 844
Pruning validator registry snapshot @ height 845
Pruning validator registry snapshot @ height 846
Pruning validator registry snapshot @ height 847
Pruning validator registry snapshot @ height 848
Pruning validator registry snapshot @ height 849
Pruning validator registry snapshot @ height 85
Pruning validator registry snapshot @ height 850
Pruning validator registry snapshot @ height 851
Pruning validator registry snapshot @ height 852
Pruning validator registry snapshot @ height 853
Pruning validator registry snapshot @ height 854
Pruning validator registry snapshot @ height 855
Pruning validator registry snapshot @ height 856
Pruning validator registry snapshot @ height 857
Pruning validator registry snapshot @ height 858
Pruning validator registry snapshot @ height 859
Pruning validator registry snapshot @ height 86
Pruning validator registry snapshot @ height 860
Pruning validator registry snapshot @ height 861
Pruning validator registry snapshot @ height 862
Pruning validator registry snapshot @ height 863
Pruning validator registry snapshot @ height 864
Pruning validator registry snapshot @ height 865
Pruning validator registry snapshot @ height 866
Pruning validator registry snapshot @ height 867
Pruning validator registry snapshot @ height 868
Pruning validator registry snapshot @ height 869
Pruning validator registry snapshot @ height 87
Pruning validator registry snapshot @ height 870
Pruning validator registry snapshot @ height 871
Pruning validator registry snapshot @ height 872
Pruning validator registry snapshot @ height 873
Pruning validator registry snapshot @ height 874
Pruning validator registry snapshot @ height 875
[SYNC-SERVE-REQUEST] peer=12D3KooW requested=2471-2549 snapshot=false snapshot_height=0
[SAFE-MODE] height=2549 window=2s live=2 required=3 heartbeat_live=2 out_of_drift=0 committee=4 ended=started
Pruning validator registry snapshot @ height 876
Pruning validator registry snapshot @ height 877
Pruning validator registry snapshot @ height 878
[SYNC-SERVE-RESPONSE] peer=12D3KooW requested=2471-2549 served=2471-2548 count=78 snapshot=false tip_gap=true historical_gap=false duration_ms=24
Pruning validator registry snapshot @ height 879
Pruning validator registry snapshot @ height 88
Pruning validator registry snapshot @ height 880
Pruning validator registry snapshot @ height 881
Pruning validator registry snapshot @ height 882
Pruning validator registry snapshot @ height 883
Pruning validator registry snapshot @ height 884
Pruning validator registry snapshot @ height 885
Pruning validator registry snapshot @ height 886
Pruning validator registry snapshot @ height 887
Pruning validator registry snapshot @ height 888
Pruning validator registry snapshot @ height 889
Pruning validator registry snapshot @ height 89
Pruning validator registry snapshot @ height 890
[SYNC-SERVE-REQUEST] peer=12D3KooW requested=2471-2549 snapshot=false snapshot_height=0
[SYNC-SERVE-SKIP] peer=12D3KooW requested=2471-2549 adjusted=2471-2549 reason=duplicate_or_policy
Pruning validator registry snapshot @ height 891
Pruning validator registry snapshot @ height 892
Pruning validator registry snapshot @ height 893
Pruning validator registry snapshot @ height 894
Pruning validator registry snapshot @ height 895
Pruning validator registry snapshot @ height 896
Pruning validator registry snapshot @ height 897
Pruning validator registry snapshot @ height 898
Pruning validator registry snapshot @ height 899
Pruning validator registry snapshot @ height 9
Pruning validator registry snapshot @ height 90
Pruning validator registry snapshot @ height 900
Pruning validator registry snapshot @ height 901
Pruning validator registry snapshot @ height 902
Pruning validator registry snapshot @ height 903
Pruning validator registry snapshot @ height 904
Pruning validator registry snapshot @ height 905
Pruning validator registry snapshot @ height 906
Pruning validator registry snapshot @ height 907
Pruning validator registry snapshot @ height 908
Pruning validator registry snapshot @ height 909
Pruning validator registry snapshot @ height 91
Pruning validator registry snapshot @ height 910
Pruning validator registry snapshot @ height 911
Pruning validator registry snapshot @ height 912
Pruning validator registry snapshot @ height 913
Pruning validator registry snapshot @ height 914
Pruning validator registry snapshot @ height 915
Pruning validator registry snapshot @ height 916
Pruning validator registry snapshot @ height 917
Pruning validator registry snapshot @ height 918
Pruning validator registry snapshot @ height 919
Pruning validator registry snapshot @ height 92
Pruning validator registry snapshot @ height 920
Pruning validator registry snapshot @ height 921
Pruning validator registry snapshot @ height 922
Pruning validator registry snapshot @ height 923
Pruning validator registry snapshot @ height 924
Pruning validator registry snapshot @ height 925
Pruning validator registry snapshot @ height 926
Pruning validator registry snapshot @ height 927
Pruning validator registry snapshot @ height 928
Pruning validator registry snapshot @ height 929
Pruning validator registry snapshot @ height 93
Pruning validator registry snapshot @ height 930
Pruning validator registry snapshot @ height 931
Pruning validator registry snapshot @ height 932
Pruning validator registry snapshot @ height 933
Pruning validator registry snapshot @ height 934
Pruning validator registry snapshot @ height 935
Pruning validator registry snapshot @ height 936
Pruning validator registry snapshot @ height 937
Pruning validator registry snapshot @ height 938
Pruning validator registry snapshot @ height 939
Pruning validator registry snapshot @ height 94
Pruning validator registry snapshot @ height 940
Pruning validator registry snapshot @ height 941
Pruning validator registry snapshot @ height 942
Pruning validator registry snapshot @ height 943
Pruning validator registry snapshot @ height 944
Pruning validator registry snapshot @ height 945
Pruning validator registry snapshot @ height 946
Pruning validator registry snapshot @ height 947
Pruning validator registry snapshot @ height 948
Pruning validator registry snapshot @ height 949
Pruning validator registry snapshot @ height 95
Pruning validator registry snapshot @ height 950
Pruning validator registry snapshot @ height 951
Pruning validator registry snapshot @ height 952
Pruning validator registry snapshot @ height 953
Pruning validator registry snapshot @ height 954
Pruning validator registry snapshot @ height 955
Pruning validator registry snapshot @ height 956
Pruning validator registry snapshot @ height 957
Pruning validator registry snapshot @ height 958
Pruning validator registry snapshot @ height 959
Pruning validator registry snapshot @ height 96
Pruning validator registry snapshot @ height 960
Pruning validator registry snapshot @ height 961
Pruning validator registry snapshot @ height 962
Pruning validator registry snapshot @ height 963
Pruning validator registry snapshot @ height 964
Pruning validator registry snapshot @ height 965
Pruning validator registry snapshot @ height 966
Pruning validator registry snapshot @ height 967
Pruning validator registry snapshot @ height 968
Pruning validator registry snapshot @ height 969
Pruning validator registry snapshot @ height 97
Pruning validator registry snapshot @ height 970
Pruning validator registry snapshot @ height 971
Pruning validator registry snapshot @ height 972
Pruning validator registry snapshot @ height 973
Pruning validator registry snapshot @ height 974
Pruning validator registry snapshot @ height 975
Pruning validator registry snapshot @ height 976
Pruning validator registry snapshot @ height 977
Pruning validator registry snapshot @ height 978
Pruning validator registry snapshot @ height 979
Pruning validator registry snapshot @ height 98
Pruning validator registry snapshot @ height 980
Pruning validator registry snapshot @ height 981
Pruning validator registry snapshot @ height 982
Pruning validator registry snapshot @ height 983
Pruning validator registry snapshot @ height 984
Pruning validator registry snapshot @ height 985
Pruning validator registry snapshot @ height 986
Pruning validator registry snapshot @ height 987
Pruning validator registry snapshot @ height 988
Pruning validator registry snapshot @ height 989
Pruning validator registry snapshot @ height 99
Pruning validator registry snapshot @ height 990
Pruning validator registry snapshot @ height 991
Pruning validator registry snapshot @ height 992
Pruning validator registry snapshot @ height 993
Pruning validator registry snapshot @ height 994
Pruning validator registry snapshot @ height 995
Pruning validator registry snapshot @ height 996
Pruning validator registry snapshot @ height 997
Pruning validator registry snapshot @ height 998
Pruning validator registry snapshot @ height 999
Pruning validator registry snapshot @ height 1
Pruning validator registry snapshot @ height 10
Pruning validator registry snapshot @ height 100
Pruning validator registry snapshot @ height 1000
Pruning validator registry snapshot @ height 1001
Pruning validator registry snapshot @ height 1002
Pruning validator registry snapshot @ height 1003
Pruning validator registry snapshot @ height 1004
Pruning validator registry snapshot @ height 1005
Pruning validator registry snapshot @ height 1006
Pruning validator registry snapshot @ height 1007
Pruning validator registry snapshot @ height 1008
Pruning validator registry snapshot @ height 1009
Pruning validator registry snapshot @ height 101
Pruning validator registry snapshot @ height 1010
Pruning validator registry snapshot @ height 1011
Pruning validator registry snapshot @ height 1012
Pruning validator registry snapshot @ height 1013
Pruning validator registry snapshot @ height 1014
Pruning validator registry snapshot @ height 1015
Pruning validator registry snapshot @ height 1016
Pruning validator registry snapshot @ height 1017
Pruning validator registry snapshot @ height 1018
Pruning validator registry snapshot @ height 1019
Pruning validator registry snapshot @ height 102
Pruning validator registry snapshot @ height 1020
Pruning validator registry snapshot @ height 1021
Pruning validator registry snapshot @ height 1022
Pruning validator registry snapshot @ height 1023
Pruning validator registry snapshot @ height 1024
Pruning validator registry snapshot @ height 1025
Pruning validator registry snapshot @ height 1026
Pruning validator registry snapshot @ height 1027
Pruning validator registry snapshot @ height 1028
Pruning validator registry snapshot @ height 1029
Pruning validator registry snapshot @ height 103
Pruning validator registry snapshot @ height 1030
Pruning validator registry snapshot @ height 1031
Pruning validator registry snapshot @ height 1032
Pruning validator registry snapshot @ height 1033
Pruning validator registry snapshot @ height 1034
Pruning validator registry snapshot @ height 1035
Pruning validator registry snapshot @ height 1036
Pruning validator registry snapshot @ height 1037
Pruning validator registry snapshot @ height 1038
Pruning validator registry snapshot @ height 1039
Pruning validator registry snapshot @ height 104
Pruning validator registry snapshot @ height 1040
Pruning validator registry snapshot @ height 1041
Pruning validator registry snapshot @ height 1042
Pruning validator registry snapshot @ height 1043
Pruning validator registry snapshot @ height 1044
Pruning validator registry snapshot @ height 1045
Pruning validator registry snapshot @ height 1046
Pruning validator registry snapshot @ height 1047
Pruning validator registry snapshot @ height 1048
Pruning validator registry snapshot @ height 1049
Pruning validator registry snapshot @ height 105
Pruning validator registry snapshot @ height 1050
Pruning validator registry snapshot @ height 1051
Pruning validator registry snapshot @ height 1052
Pruning validator registry snapshot @ height 1053
Pruning validator registry snapshot @ height 1054
Pruning validator registry snapshot @ height 1055
Pruning validator registry snapshot @ height 1056
Pruning validator registry snapshot @ height 1057
Pruning validator registry snapshot @ height 1058
Pruning validator registry snapshot @ height 1059
Pruning validator registry snapshot @ height 106
Pruning validator registry snapshot @ height 1060
Pruning validator registry snapshot @ height 1061
Pruning validator registry snapshot @ height 1062
Pruning validator registry snapshot @ height 1063
Pruning validator registry snapshot @ height 1064
Pruning validator registry snapshot @ height 1065
Pruning validator registry snapshot @ height 1066
Pruning validator registry snapshot @ height 1067
Pruning validator registry snapshot @ height 1068
Pruning validator registry snapshot @ height 1069
Pruning validator registry snapshot @ height 107
Pruning validator registry snapshot @ height 1070
Pruning validator registry snapshot @ height 1071
Pruning validator registry snapshot @ height 1072
Pruning validator registry snapshot @ height 1073
Pruning validator registry snapshot @ height 1074
Pruning validator registry snapshot @ height 1075
Pruning validator registry snapshot @ height 1076
Pruning validator registry snapshot @ height 1077
Pruning validator registry snapshot @ height 1078
Pruning validator registry snapshot @ height 1079
Pruning validator registry snapshot @ height 108
Pruning validator registry snapshot @ height 1080
Pruning validator registry snapshot @ height 1081
Pruning validator registry snapshot @ height 1082
Pruning validator registry snapshot @ height 1083
Pruning validator registry snapshot @ height 1084
Pruning validator registry snapshot @ height 1085
Pruning validator registry snapshot @ height 1086
Pruning validator registry snapshot @ height 1087
Pruning validator registry snapshot @ height 1088
Pruning validator registry snapshot @ height 1089
Pruning validator registry snapshot @ height 109
Pruning validator registry snapshot @ height 1090
Pruning validator registry snapshot @ height 1091
Pruning validator registry snapshot @ height 1092
Pruning validator registry snapshot @ height 1093
Pruning validator registry snapshot @ height 1094
Pruning validator registry snapshot @ height 1095
Pruning validator registry snapshot @ height 1096
Pruning validator registry snapshot @ height 1097
Pruning validator registry snapshot @ height 1098
Pruning validator registry snapshot @ height 1099
Pruning validator registry snapshot @ height 11
Pruning validator registry snapshot @ height 110
Pruning validator registry snapshot @ height 1100
Pruning validator registry snapshot @ height 1101
Pruning validator registry snapshot @ height 1102
Pruning validator registry snapshot @ height 1103
Pruning validator registry snapshot @ height 1104
Pruning validator registry snapshot @ height 1105
Pruning validator registry snapshot @ height 1106
Pruning validator registry snapshot @ height 1107
Pruning validator registry snapshot @ height 1108
Pruning validator registry snapshot @ height 1109
Pruning validator registry snapshot @ height 111
Pruning validator registry snapshot @ height 1110
Pruning validator registry snapshot @ height 1111
Pruning validator registry snapshot @ height 1112
Pruning validator registry snapshot @ height 1113
Pruning validator registry snapshot @ height 1114
Pruning validator registry snapshot @ height 1115
Pruning validator registry snapshot @ height 1116
Pruning validator registry snapshot @ height 1117
Pruning validator registry snapshot @ height 1118
Pruning validator registry snapshot @ height 1119
Pruning validator registry snapshot @ height 112
Pruning validator registry snapshot @ height 1120
Pruning validator registry snapshot @ height 1121
Pruning validator registry snapshot @ height 1122
Pruning validator registry snapshot @ height 1123
Pruning validator registry snapshot @ height 1124
Pruning validator registry snapshot @ height 1125
Pruning validator registry snapshot @ height 1126
Pruning validator registry snapshot @ height 1127
Pruning validator registry snapshot @ height 1128
Pruning validator registry snapshot @ height 1129
Pruning validator registry snapshot @ height 113
Pruning validator registry snapshot @ height 1130
Pruning validator registry snapshot @ height 1131
Pruning validator registry snapshot @ height 1132
Pruning validator registry snapshot @ height 1133
Pruning validator registry snapshot @ height 1134
Pruning validator registry snapshot @ height 1135
Pruning validator registry snapshot @ height 1136
Pruning validator registry snapshot @ height 1137
Pruning validator registry snapshot @ height 1138
Pruning validator registry snapshot @ height 1139
Pruning validator registry snapshot @ height 114
Pruning validator registry snapshot @ height 1140
Pruning validator registry snapshot @ height 1141
Pruning validator registry snapshot @ height 1142
Pruning validator registry snapshot @ height 1143
Pruning validator registry snapshot @ height 1144
Pruning validator registry snapshot @ height 1145
Pruning validator registry snapshot @ height 1146
Pruning validator registry snapshot @ height 1147
Pruning validator registry snapshot @ height 1148
Pruning validator registry snapshot @ height 1149
Pruning validator registry snapshot @ height 115
Pruning validator registry snapshot @ height 1150
Pruning validator registry snapshot @ height 1151
Pruning validator registry snapshot @ height 1152
Pruning validator registry snapshot @ height 1153
Pruning validator registry snapshot @ height 1154
Pruning validator registry snapshot @ height 1155
Pruning validator registry snapshot @ height 1156
Pruning validator registry snapshot @ height 1157
Pruning validator registry snapshot @ height 1158
Pruning validator registry snapshot @ height 1159
Pruning validator registry snapshot @ height 116
Pruning validator registry snapshot @ height 1160
Pruning validator registry snapshot @ height 1161
Pruning validator registry snapshot @ height 1162
Pruning validator registry snapshot @ height 1163
Pruning validator registry snapshot @ height 1164
Pruning validator registry snapshot @ height 1165
Pruning validator registry snapshot @ height 1166
Pruning validator registry snapshot @ height 1167
Pruning validator registry snapshot @ height 1168
Pruning validator registry snapshot @ height 1169
Pruning validator registry snapshot @ height 117
Pruning validator registry snapshot @ height 1170
Pruning validator registry snapshot @ height 1171
Pruning validator registry snapshot @ height 1172
Pruning validator registry snapshot @ height 1173
Pruning validator registry snapshot @ height 1174
Pruning validator registry snapshot @ height 1175
Pruning validator registry snapshot @ height 1176
Pruning validator registry snapshot @ height 1177
Pruning validator registry snapshot @ height 1178
Pruning validator registry snapshot @ height 1179
Pruning validator registry snapshot @ height 118
Pruning validator registry snapshot @ height 1180
Pruning validator registry snapshot @ height 1181
Pruning validator registry snapshot @ height 1182
Pruning validator registry snapshot @ height 1183
Pruning validator registry snapshot @ height 1184
Pruning validator registry snapshot @ height 1185
Pruning validator registry snapshot @ height 1186
Pruning validator registry snapshot @ height 1187
Pruning validator registry snapshot @ height 1188
Pruning validator registry snapshot @ height 1189
Pruning validator registry snapshot @ height 119
Pruning validator registry snapshot @ height 1190
Pruning validator registry snapshot @ height 1191
Pruning validator registry snapshot @ height 1192
Pruning validator registry snapshot @ height 1193
Pruning validator registry snapshot @ height 1194
Pruning validator registry snapshot @ height 1195
Pruning validator registry snapshot @ height 1196
Pruning validator registry snapshot @ height 1197
Pruning validator registry snapshot @ height 1198
Pruning validator registry snapshot @ height 1199
Pruning validator registry snapshot @ height 12
Pruning validator registry snapshot @ height 120
Pruning validator registry snapshot @ height 1200
Pruning validator registry snapshot @ height 1201
Pruning validator registry snapshot @ height 1202
Pruning validator registry snapshot @ height 1203
Pruning validator registry snapshot @ height 1204
Pruning validator registry snapshot @ height 1205
Pruning validator registry snapshot @ height 1206
Pruning validator registry snapshot @ height 1207
Pruning validator registry snapshot @ height 1208
Pruning validator registry snapshot @ height 1209
Pruning validator registry snapshot @ height 121
Pruning validator registry snapshot @ height 1210
Pruning validator registry snapshot @ height 1211
Pruning validator registry snapshot @ height 1212
Pruning validator registry snapshot @ height 1213
Pruning validator registry snapshot @ height 1214
Pruning validator registry snapshot @ height 1215
Pruning validator registry snapshot @ height 1216
Pruning validator registry snapshot @ height 1217
Pruning validator registry snapshot @ height 1218
Pruning validator registry snapshot @ height 1219
Pruning validator registry snapshot @ height 122
Pruning validator registry snapshot @ height 1220
Pruning validator registry snapshot @ height 1221
Pruning validator registry snapshot @ height 1222
Pruning validator registry snapshot @ height 1223
Pruning validator registry snapshot @ height 1224
Pruning validator registry snapshot @ height 1225
Pruning validator registry snapshot @ height 1226
Pruning validator registry snapshot @ height 1227
Pruning validator registry snapshot @ height 1228
Pruning validator registry snapshot @ height 1229
Pruning validator registry snapshot @ height 123
Pruning validator registry snapshot @ height 1230
Pruning validator registry snapshot @ height 1231
Pruning validator registry snapshot @ height 1232
Pruning validator registry snapshot @ height 1233
Pruning validator registry snapshot @ height 1234
Pruning validator registry snapshot @ height 1235
Pruning validator registry snapshot @ height 1236
Pruning validator registry snapshot @ height 1237
[REGISTRY-PENDING] height=2549 chain_height=2548 reason=future_parent
[SET-PENDING] height=2550 chain_height=2548 reason=future_height
Heartbeat sent: F finalized=2548 epoch=2549
Pruning validator registry snapshot @ height 1238
Pruning validator registry snapshot @ height 1239
Pruning validator registry snapshot @ height 124
Pruning validator registry snapshot @ height 1240
Pruning validator registry snapshot @ height 1241
Pruning validator registry snapshot @ height 1242
Pruning validator registry snapshot @ height 1243
Pruning validator registry snapshot @ height 1244
Pruning validator registry snapshot @ height 1245
Pruning validator registry snapshot @ height 1246
Pruning validator registry snapshot @ height 1247
Pruning validator registry snapshot @ height 1248
Pruning validator registry snapshot @ height 1249
Pruning validator registry snapshot @ height 125
Pruning validator registry snapshot @ height 1250
Pruning validator registry snapshot @ height 1251
Pruning validator registry snapshot @ height 1252
Pruning validator registry snapshot @ height 1253
Pruning validator registry snapshot @ height 1254
Pruning validator registry snapshot @ height 1255
Pruning validator registry snapshot @ height 1256
Pruning validator registry snapshot @ height 1257
Pruning validator registry snapshot @ height 1258
Pruning validator registry snapshot @ height 1259
Pruning validator registry snapshot @ height 126
Pruning validator registry snapshot @ height 1260
Pruning validator registry snapshot @ height 1261
Pruning validator registry snapshot @ height 1262
Pruning validator registry snapshot @ height 1263
Pruning validator registry snapshot @ height 1264
Pruning validator registry snapshot @ height 1265
Pruning validator registry snapshot @ height 1266
Pruning validator registry snapshot @ height 1267
Pruning validator registry snapshot @ height 1268
Pruning validator registry snapshot @ height 1269
Pruning validator registry snapshot @ height 127
Pruning validator registry snapshot @ height 1270
Pruning validator registry snapshot @ height 1271
Pruning validator registry snapshot @ height 1272
Pruning validator registry snapshot @ height 1273
Pruning validator registry snapshot @ height 1274
Pruning validator registry snapshot @ height 1275
Pruning validator registry snapshot @ height 1276
Pruning validator registry snapshot @ height 1277
Pruning validator registry snapshot @ height 1278
Pruning validator registry snapshot @ height 1279
Pruning validator registry snapshot @ height 128
Pruning validator registry snapshot @ height 1280
Pruning validator registry snapshot @ height 1281
Pruning validator registry snapshot @ height 1282
Pruning validator registry snapshot @ height 1283
Pruning validator registry snapshot @ height 1284
Pruning validator registry snapshot @ height 1285
Pruning validator registry snapshot @ height 1286
Pruning validator registry snapshot @ height 1287
Pruning validator registry snapshot @ height 1288
Pruning validator registry snapshot @ height 1289
Pruning validator registry snapshot @ height 129
Pruning validator registry snapshot @ height 1290
Pruning validator registry snapshot @ height 1291
Pruning validator registry snapshot @ height 1292
Pruning validator registry snapshot @ height 1293
Pruning validator registry snapshot @ height 1294
Pruning validator registry snapshot @ height 1295
Pruning validator registry snapshot @ height 1296
Pruning validator registry snapshot @ height 1297
Pruning validator registry snapshot @ height 1298
Pruning validator registry snapshot @ height 1299
Pruning validator registry snapshot @ height 13
Pruning validator registry snapshot @ height 130
Pruning validator registry snapshot @ height 1300
Pruning validator registry snapshot @ height 1301
Pruning validator registry snapshot @ height 1302
Pruning validator registry snapshot @ height 1303
Pruning validator registry snapshot @ height 1304
Pruning validator registry snapshot @ height 1305
Pruning validator registry snapshot @ height 1306
Pruning validator registry snapshot @ height 1307
Pruning validator registry snapshot @ height 1308
Pruning validator registry snapshot @ height 1309
Pruning validator registry snapshot @ height 131
Pruning validator registry snapshot @ height 1310
Pruning validator registry snapshot @ height 1311
Pruning validator registry snapshot @ height 1312
Pruning validator registry snapshot @ height 1313
Pruning validator registry snapshot @ height 1314
Pruning validator registry snapshot @ height 1315
Pruning validator registry snapshot @ height 1316
Pruning validator registry snapshot @ height 1317
Pruning validator registry snapshot @ height 1318
Pruning validator registry snapshot @ height 1319
Pruning validator registry snapshot @ height 132
Pruning validator registry snapshot @ height 1320
Pruning validator registry snapshot @ height 1321
Pruning validator registry snapshot @ height 1322
Pruning validator registry snapshot @ height 1323
Pruning validator registry snapshot @ height 1324
Pruning validator registry snapshot @ height 1325
Pruning validator registry snapshot @ height 1326
Pruning validator registry snapshot @ height 1327
Pruning validator registry snapshot @ height 1328
Pruning validator registry snapshot @ height 1329
Pruning validator registry snapshot @ height 133
Pruning validator registry snapshot @ height 1330
Pruning validator registry snapshot @ height 1331
Pruning validator registry snapshot @ height 1332
Pruning validator registry snapshot @ height 1333
Pruning validator registry snapshot @ height 1334
Pruning validator registry snapshot @ height 1335
Pruning validator registry snapshot @ height 1336
Pruning validator registry snapshot @ height 1337
Pruning validator registry snapshot @ height 1338
Pruning validator registry snapshot @ height 1339
Pruning validator registry snapshot @ height 134
Pruning validator registry snapshot @ height 1340
Pruning validator registry snapshot @ height 1341
Pruning validator registry snapshot @ height 1342
Pruning validator registry snapshot @ height 1343
Pruning validator registry snapshot @ height 1344
Pruning validator registry snapshot @ height 1345
Pruning validator registry snapshot @ height 1346
Pruning validator registry snapshot @ height 1347
Pruning validator registry snapshot @ height 1348
Pruning validator registry snapshot @ height 1349
Pruning validator registry snapshot @ height 135
Pruning validator registry snapshot @ height 1350
Pruning validator registry snapshot @ height 1351
Pruning validator registry snapshot @ height 1352
Pruning validator registry snapshot @ height 1353
Pruning validator registry snapshot @ height 1354
Pruning validator registry snapshot @ height 1355
Pruning validator registry snapshot @ height 1356
Pruning validator registry snapshot @ height 1357
Pruning validator registry snapshot @ height 1358
Pruning validator registry snapshot @ height 1359
Pruning validator registry snapshot @ height 136
Pruning validator registry snapshot @ height 1360
Pruning validator registry snapshot @ height 1361
Pruning validator registry snapshot @ height 1362
Pruning validator registry snapshot @ height 1363
Pruning validator registry snapshot @ height 1364
Pruning validator registry snapshot @ height 1365
Pruning validator registry snapshot @ height 1366
Pruning validator registry snapshot @ height 1367
Pruning validator registry snapshot @ height 1368
Pruning validator registry snapshot @ height 1369
Pruning validator registry snapshot @ height 137
Pruning validator registry snapshot @ height 1370
Pruning validator registry snapshot @ height 1371
Pruning validator registry snapshot @ height 1372
Pruning validator registry snapshot @ height 1373
Pruning validator registry snapshot @ height 1374
Pruning validator registry snapshot @ height 1375
Pruning validator registry snapshot @ height 1376
Pruning validator registry snapshot @ height 1377
Pruning validator registry snapshot @ height 1378
Pruning validator registry snapshot @ height 1379
Pruning validator registry snapshot @ height 138
Pruning validator registry snapshot @ height 1380
Pruning validator registry snapshot @ height 1381
Pruning validator registry snapshot @ height 1382
Pruning validator registry snapshot @ height 1383
Pruning validator registry snapshot @ height 1384
Pruning validator registry snapshot @ height 1385
Pruning validator registry snapshot @ height 1386
Pruning validator registry snapshot @ height 1387
Pruning validator registry snapshot @ height 1388
Pruning validator registry snapshot @ height 1389
Pruning validator registry snapshot @ height 139
Pruning validator registry snapshot @ height 1390
Pruning validator registry snapshot @ height 1391
Pruning validator registry snapshot @ height 1392
Pruning validator registry snapshot @ height 1393
Pruning validator registry snapshot @ height 1394
Pruning validator registry snapshot @ height 1395
Pruning validator registry snapshot @ height 1396
Pruning validator registry snapshot @ height 1397
Pruning validator registry snapshot @ height 1398
Pruning validator registry snapshot @ height 1399
Pruning validator registry snapshot @ height 14
Pruning validator registry snapshot @ height 140
Pruning validator registry snapshot @ height 1400
Pruning validator registry snapshot @ height 1401
Pruning validator registry snapshot @ height 1402
Pruning validator registry snapshot @ height 1403
Pruning validator registry snapshot @ height 1404
Pruning validator registry snapshot @ height 1405
Pruning validator registry snapshot @ height 1406
Pruning validator registry snapshot @ height 1407
Pruning validator registry snapshot @ height 1408
Pruning validator registry snapshot @ height 1409
Pruning validator registry snapshot @ height 141
Pruning validator registry snapshot @ height 1410
Pruning validator registry snapshot @ height 1411
Pruning validator registry snapshot @ height 1412
Pruning validator registry snapshot @ height 1413
Pruning validator registry snapshot @ height 1414
Pruning validator registry snapshot @ height 1415
Pruning validator registry snapshot @ height 1416
Pruning validator registry snapshot @ height 1417
Pruning validator registry snapshot @ height 1418
Pruning validator registry snapshot @ height 1419
Pruning validator registry snapshot @ height 142
Pruning validator registry snapshot @ height 1420
Pruning validator registry snapshot @ height 1421
Pruning validator registry snapshot @ height 1422
Pruning validator registry snapshot @ height 1423
Pruning validator registry snapshot @ height 1424
Pruning validator registry snapshot @ height 1425
Pruning validator registry snapshot @ height 1426
Pruning validator registry snapshot @ height 1427
Pruning validator registry snapshot @ height 1428
Pruning validator registry snapshot @ height 1429
Pruning validator registry snapshot @ height 143
Pruning validator registry snapshot @ height 1430
Pruning validator registry snapshot @ height 1431
Pruning validator registry snapshot @ height 1432
Pruning validator registry snapshot @ height 1433
Pruning validator registry snapshot @ height 1434
Pruning validator registry snapshot @ height 1435
Pruning validator registry snapshot @ height 1436
Pruning validator registry snapshot @ height 1437
Pruning validator registry snapshot @ height 1438
Pruning validator registry snapshot @ height 1439
Pruning validator registry snapshot @ height 144
Pruning validator registry snapshot @ height 1440
Pruning validator registry snapshot @ height 1441
Pruning validator registry snapshot @ height 1442
Pruning validator registry snapshot @ height 1443
Pruning validator registry snapshot @ height 1444
Pruning validator registry snapshot @ height 1445
Pruning validator registry snapshot @ height 1446
Pruning validator registry snapshot @ height 1447
Pruning validator registry snapshot @ height 1448
Pruning validator registry snapshot @ height 1449
Pruning validator registry snapshot @ height 145
Pruning validator registry snapshot @ height 1450
Pruning validator registry snapshot @ height 1451
Pruning validator registry snapshot @ height 1452
Pruning validator registry snapshot @ height 1453
Pruning validator registry snapshot @ height 1454
Pruning validator registry snapshot @ height 1455
Pruning validator registry snapshot @ height 1456
Pruning validator registry snapshot @ height 1457
Pruning validator registry snapshot @ height 1458
Pruning validator registry snapshot @ height 1459
Pruning validator registry snapshot @ height 146
Pruning validator registry snapshot @ height 1460
Pruning validator registry snapshot @ height 1461
Pruning validator registry snapshot @ height 1462
Pruning validator registry snapshot @ height 1463
Pruning validator registry snapshot @ height 1464
Pruning validator registry snapshot @ height 1465
Pruning validator registry snapshot @ height 1466
Pruning validator registry snapshot @ height 1467
Pruning validator registry snapshot @ height 1468
Pruning validator registry snapshot @ height 1469
Pruning validator registry snapshot @ height 147
Pruning validator registry snapshot @ height 1470
Pruning validator registry snapshot @ height 1471
Pruning validator registry snapshot @ height 1472
Pruning validator registry snapshot @ height 1473
Pruning validator registry snapshot @ height 1474
Pruning validator registry snapshot @ height 1475
Pruning validator registry snapshot @ height 1476
Pruning validator registry snapshot @ height 1477
Pruning validator registry snapshot @ height 1478
Pruning validator registry snapshot @ height 1479
Pruning validator registry snapshot @ height 148
Pruning validator registry snapshot @ height 1480
Pruning validator registry snapshot @ height 1481
Pruning validator registry snapshot @ height 1482
Pruning validator registry snapshot @ height 1483
Pruning validator registry snapshot @ height 1484
Pruning validator registry snapshot @ height 1485
Pruning validator registry snapshot @ height 1486
Pruning validator registry snapshot @ height 1487
Pruning validator registry snapshot @ height 1488
Pruning validator registry snapshot @ height 1489
Pruning validator registry snapshot @ height 149
Pruning validator registry snapshot @ height 1490
Pruning validator registry snapshot @ height 1491
Pruning validator registry snapshot @ height 1492
Pruning validator registry snapshot @ height 1493
Pruning validator registry snapshot @ height 1494
Pruning validator registry snapshot @ height 1495
Pruning validator registry snapshot @ height 1496
Pruning validator registry snapshot @ height 1497
Pruning validator registry snapshot @ height 1498
Pruning validator registry snapshot @ height 1499
Pruning validator registry snapshot @ height 15
Pruning validator registry snapshot @ height 150
Pruning validator registry snapshot @ height 1500
Pruning validator registry snapshot @ height 1501
Pruning validator registry snapshot @ height 1502
Pruning validator registry snapshot @ height 1503
Pruning validator registry snapshot @ height 1504
Pruning validator registry snapshot @ height 1505
Pruning validator registry snapshot @ height 1506
Pruning validator registry snapshot @ height 1507
Pruning validator registry snapshot @ height 1508
Pruning validator registry snapshot @ height 1509
Pruning validator registry snapshot @ height 151
Pruning validator registry snapshot @ height 1510
Pruning validator registry snapshot @ height 1511
Pruning validator registry snapshot @ height 1512
Pruning validator registry snapshot @ height 1513
Pruning validator registry snapshot @ height 1514
Pruning validator registry snapshot @ height 1515
Pruning validator registry snapshot @ height 1516
Pruning validator registry snapshot @ height 1517
Pruning validator registry snapshot @ height 1518
Pruning validator registry snapshot @ height 1519
Pruning validator registry snapshot @ height 152
Pruning validator registry snapshot @ height 1520
Pruning validator registry snapshot @ height 1521
Pruning validator registry snapshot @ height 1522
Pruning validator registry snapshot @ height 1523
Pruning validator registry snapshot @ height 1524
Pruning validator registry snapshot @ height 1525
Pruning validator registry snapshot @ height 1526
Pruning validator registry snapshot @ height 1527
Pruning validator registry snapshot @ height 1528
Pruning validator registry snapshot @ height 1529
Pruning validator registry snapshot @ height 153
Pruning validator registry snapshot @ height 1530
Pruning validator registry snapshot @ height 1531
Pruning validator registry snapshot @ height 1532
Pruning validator registry snapshot @ height 1533
Pruning validator registry snapshot @ height 1534
Pruning validator registry snapshot @ height 1535
Pruning validator registry snapshot @ height 1536
Pruning validator registry snapshot @ height 1537
Pruning validator registry snapshot @ height 1538
Pruning validator registry snapshot @ height 1539
Pruning validator registry snapshot @ height 154
Pruning validator registry snapshot @ height 1540
Pruning validator registry snapshot @ height 1541
Pruning validator registry snapshot @ height 1542
Pruning validator registry snapshot @ height 1543
Pruning validator registry snapshot @ height 1544
Pruning validator registry snapshot @ height 1545
Pruning validator registry snapshot @ height 1546
Pruning validator registry snapshot @ height 1547
Pruning validator registry snapshot @ height 155
Pruning validator registry snapshot @ height 156
Pruning validator registry snapshot @ height 157
Pruning validator registry snapshot @ height 158
[SAFE-MODE] height=2549 window=2s live=2 required=3 ended=gate_only_no_window
Pruning validator registry snapshot @ height 159
Pruning validator registry snapshot @ height 16
Pruning validator registry snapshot @ height 160
Pruning validator registry snapshot @ height 161
Pruning validator registry snapshot @ height 162
Pruning validator registry snapshot @ height 163
Pruning validator registry snapshot @ height 164
Pruning validator registry snapshot @ height 165
Pruning validator registry snapshot @ height 166
Pruning validator registry snapshot @ height 167
Pruning validator registry snapshot @ height 168
Pruning validator registry snapshot @ height 169
Pruning validator registry snapshot @ height 17
Pruning validator registry snapshot @ height 170
Pruning validator registry snapshot @ height 171
Pruning validator registry snapshot @ height 172
Pruning validator registry snapshot @ height 173
Pruning validator registry snapshot @ height 174
Pruning validator registry snapshot @ height 175
Pruning validator registry snapshot @ height 176
Pruning validator registry snapshot @ height 177
Pruning validator registry snapshot @ height 178
Pruning validator registry snapshot @ height 179
Pruning validator registry snapshot @ height 18
Pruning validator registry snapshot @ height 180
Pruning validator registry snapshot @ height 181
Pruning validator registry snapshot @ height 182
Pruning validator registry snapshot @ height 183
Pruning validator registry snapshot @ height 184
Pruning validator registry snapshot @ height 185
Pruning validator registry snapshot @ height 186
Pruning validator registry snapshot @ height 187
Pruning validator registry snapshot @ height 188
Pruning validator registry snapshot @ height 189
Pruning validator registry snapshot @ height 19
Pruning validator registry snapshot @ height 190
Pruning validator registry snapshot @ height 191
Pruning validator registry snapshot @ height 192
Pruning validator registry snapshot @ height 193
Pruning validator registry snapshot @ height 194
Pruning validator registry snapshot @ height 195
Pruning validator registry snapshot @ height 196
Pruning validator registry snapshot @ height 197
Pruning validator registry snapshot @ height 198
Pruning validator registry snapshot @ height 199
Pruning validator registry snapshot @ height 2
Pruning validator registry snapshot @ height 20
Pruning validator registry snapshot @ height 200
Pruning validator registry snapshot @ height 201
Pruning validator registry snapshot @ height 202
Pruning validator registry snapshot @ height 203
Pruning validator registry snapshot @ height 204
Pruning validator registry snapshot @ height 205
Pruning validator registry snapshot @ height 206
Pruning validator registry snapshot @ height 207
Pruning validator registry snapshot @ height 208
Pruning validator registry snapshot @ height 209
Pruning validator registry snapshot @ height 21
Pruning validator registry snapshot @ height 210
Pruning validator registry snapshot @ height 211
Pruning validator registry snapshot @ height 212
Pruning validator registry snapshot @ height 213
Pruning validator registry snapshot @ height 214
Pruning validator registry snapshot @ height 215
Pruning validator registry snapshot @ height 216
Pruning validator registry snapshot @ height 217
Pruning validator registry snapshot @ height 218
Pruning validator registry snapshot @ height 219
Pruning validator registry snapshot @ height 22
Pruning validator registry snapshot @ height 220
Pruning validator registry snapshot @ height 221
Pruning validator registry snapshot @ height 222
Pruning validator registry snapshot @ height 223
Pruning validator registry snapshot @ height 224
Pruning validator registry snapshot @ height 225
Pruning validator registry snapshot @ height 226
Pruning validator registry snapshot @ height 227
Pruning validator registry snapshot @ height 228
Pruning validator registry snapshot @ height 229
Pruning validator registry snapshot @ height 23
Pruning validator registry snapshot @ height 230
Pruning validator registry snapshot @ height 231
Pruning validator registry snapshot @ height 232
Pruning validator registry snapshot @ height 233
Pruning validator registry snapshot @ height 234
Pruning validator registry snapshot @ height 235
Pruning validator registry snapshot @ height 236
Pruning validator registry snapshot @ height 237
Pruning validator registry snapshot @ height 238
Pruning validator registry snapshot @ height 239
Pruning validator registry snapshot @ height 24
Pruning validator registry snapshot @ height 240
Pruning validator registry snapshot @ height 241
Pruning validator registry snapshot @ height 242
Pruning validator registry snapshot @ height 243
Pruning validator registry snapshot @ height 244
Pruning validator registry snapshot @ height 245
Pruning validator registry snapshot @ height 246
Pruning validator registry snapshot @ height 247
Pruning validator registry snapshot @ height 248
Pruning validator registry snapshot @ height 249
Pruning validator registry snapshot @ height 25
Pruning validator registry snapshot @ height 250
Pruning validator registry snapshot @ height 251
Pruning validator registry snapshot @ height 252
Pruning validator registry snapshot @ height 253
Pruning validator registry snapshot @ height 254
Pruning validator registry snapshot @ height 255
Pruning validator registry snapshot @ height 256
Pruning validator registry snapshot @ height 257
Pruning validator registry snapshot @ height 258
Pruning validator registry snapshot @ height 259
Pruning validator registry snapshot @ height 26
Pruning validator registry snapshot @ height 260
Pruning validator registry snapshot @ height 261
Pruning validator registry snapshot @ height 262
Pruning validator registry snapshot @ height 263
Pruning validator registry snapshot @ height 264
Pruning validator registry snapshot @ height 265
Pruning validator registry snapshot @ height 266
Pruning validator registry snapshot @ height 267
Pruning validator registry snapshot @ height 268
Pruning validator registry snapshot @ height 269
Pruning validator registry snapshot @ height 27
Pruning validator registry snapshot @ height 270
Pruning validator registry snapshot @ height 271
Pruning validator registry snapshot @ height 272
Pruning validator registry snapshot @ height 273
Pruning validator registry snapshot @ height 274
Pruning validator registry snapshot @ height 275
Pruning validator registry snapshot @ height 276
Pruning validator registry snapshot @ height 277
Pruning validator registry snapshot @ height 278
Pruning validator registry snapshot @ height 279
Pruning validator registry snapshot @ height 28
Pruning validator registry snapshot @ height 280
Pruning validator registry snapshot @ height 281
Pruning validator registry snapshot @ height 282
Pruning validator registry snapshot @ height 283
Pruning validator registry snapshot @ height 284
Pruning validator registry snapshot @ height 285
Pruning validator registry snapshot @ height 286
Pruning validator registry snapshot @ height 287
Pruning validator registry snapshot @ height 288
Pruning validator registry snapshot @ height 289
Pruning validator registry snapshot @ height 29
Pruning validator registry snapshot @ height 290
Pruning validator registry snapshot @ height 291
Pruning validator registry snapshot @ height 292
Pruning validator registry snapshot @ height 293
Pruning validator registry snapshot @ height 294
Pruning validator registry snapshot @ height 295
Pruning validator registry snapshot @ height 296
Pruning validator registry snapshot @ height 297
Pruning validator registry snapshot @ height 298
Pruning validator registry snapshot @ height 299
Pruning validator registry snapshot @ height 3
Pruning validator registry snapshot @ height 30
Pruning validator registry snapshot @ height 300
Pruning validator registry snapshot @ height 301
Pruning validator registry snapshot @ height 302
Pruning validator registry snapshot @ height 303
Pruning validator registry snapshot @ height 304
Pruning validator registry snapshot @ height 305
Pruning validator registry snapshot @ height 306
Pruning validator registry snapshot @ height 307
Pruning validator registry snapshot @ height 308
Pruning validator registry snapshot @ height 309
Pruning validator registry snapshot @ height 31
Pruning validator registry snapshot @ height 310
Pruning validator registry snapshot @ height 311
Pruning validator registry snapshot @ height 312
Pruning validator registry snapshot @ height 313
Pruning validator registry snapshot @ height 314
Pruning validator registry snapshot @ height 315
Pruning validator registry snapshot @ height 316
Pruning validator registry snapshot @ height 317
Pruning validator registry snapshot @ height 318
Pruning validator registry snapshot @ height 319
Pruning validator registry snapshot @ height 32
Pruning validator registry snapshot @ height 320
Pruning validator registry snapshot @ height 321
Pruning validator registry snapshot @ height 322
Pruning validator registry snapshot @ height 323
Pruning validator registry snapshot @ height 324
Pruning validator registry snapshot @ height 325
Pruning validator registry snapshot @ height 326
Pruning validator registry snapshot @ height 327
Pruning validator registry snapshot @ height 328
Pruning validator registry snapshot @ height 329
Pruning validator registry snapshot @ height 33
Pruning validator registry snapshot @ height 330
Pruning validator registry snapshot @ height 331
Pruning validator registry snapshot @ height 332
Pruning validator registry snapshot @ height 333
Pruning validator registry snapshot @ height 334
Pruning validator registry snapshot @ height 335
Pruning validator registry snapshot @ height 336
Pruning validator registry snapshot @ height 337
Pruning validator registry snapshot @ height 338
Pruning validator registry snapshot @ height 339
Pruning validator registry snapshot @ height 34
Pruning validator registry snapshot @ height 340
Pruning validator registry snapshot @ height 341
Pruning validator registry snapshot @ height 342
Pruning validator registry snapshot @ height 343
Pruning validator registry snapshot @ height 344
Pruning validator registry snapshot @ height 345
Pruning validator registry snapshot @ height 346
Pruning validator registry snapshot @ height 347
Pruning validator registry snapshot @ height 348
Pruning validator registry snapshot @ height 349
Pruning validator registry snapshot @ height 35
Pruning validator registry snapshot @ height 350
Pruning validator registry snapshot @ height 351
Pruning validator registry snapshot @ height 352
Pruning validator registry snapshot @ height 353
Pruning validator registry snapshot @ height 354
Pruning validator registry snapshot @ height 355
Pruning validator registry snapshot @ height 356
Pruning validator registry snapshot @ height 357
Pruning validator registry snapshot @ height 358
Pruning validator registry snapshot @ height 359
Pruning validator registry snapshot @ height 36
Pruning validator registry snapshot @ height 360
Pruning validator registry snapshot @ height 361
Pruning validator registry snapshot @ height 362
Pruning validator registry snapshot @ height 363
Pruning validator registry snapshot @ height 364
Pruning validator registry snapshot @ height 365
Pruning validator registry snapshot @ height 366
Pruning validator registry snapshot @ height 367
Pruning validator registry snapshot @ height 368
Pruning validator registry snapshot @ height 369
Pruning validator registry snapshot @ height 37
Pruning validator registry snapshot @ height 370
Pruning validator registry snapshot @ height 371
Pruning validator registry snapshot @ height 372
Pruning validator registry snapshot @ height 373
Pruning validator registry snapshot @ height 374
Pruning validator registry snapshot @ height 375
Pruning validator registry snapshot @ height 376
Pruning validator registry snapshot @ height 377
Pruning validator registry snapshot @ height 378
Pruning validator registry snapshot @ height 379
Pruning validator registry snapshot @ height 38
Pruning validator registry snapshot @ height 380
Pruning validator registry snapshot @ height 381
Pruning validator registry snapshot @ height 382
Pruning validator registry snapshot @ height 383
Pruning validator registry snapshot @ height 384
Pruning validator registry snapshot @ height 385
Pruning validator registry snapshot @ height 386
Pruning validator registry snapshot @ height 387
Pruning validator registry snapshot @ height 388
Pruning validator registry snapshot @ height 389
Pruning validator registry snapshot @ height 39
Pruning validator registry snapshot @ height 390
Pruning validator registry snapshot @ height 391
Pruning validator registry snapshot @ height 392
Pruning validator registry snapshot @ height 393
Pruning validator registry snapshot @ height 394
Pruning validator registry snapshot @ height 395
Pruning validator registry snapshot @ height 396
Pruning validator registry snapshot @ height 397
Pruning validator registry snapshot @ height 398
Pruning validator registry snapshot @ height 399
Pruning validator registry snapshot @ height 4
Pruning validator registry snapshot @ height 40
Pruning validator registry snapshot @ height 400
Pruning validator registry snapshot @ height 401
Pruning validator registry snapshot @ height 402
Pruning validator registry snapshot @ height 403
Pruning validator registry snapshot @ height 404
Pruning validator registry snapshot @ height 405
Pruning validator registry snapshot @ height 406
Pruning validator registry snapshot @ height 407
Pruning validator registry snapshot @ height 408
Pruning validator registry snapshot @ height 409
Pruning validator registry snapshot @ height 41
Pruning validator registry snapshot @ height 410
Pruning validator registry snapshot @ height 411
Pruning validator registry snapshot @ height 412
Pruning validator registry snapshot @ height 413
Pruning validator registry snapshot @ height 414
Pruning validator registry snapshot @ height 415
Pruning validator registry snapshot @ height 416
Pruning validator registry snapshot @ height 417
Pruning validator registry snapshot @ height 418
Pruning validator registry snapshot @ height 419
Pruning validator registry snapshot @ height 42
Pruning validator registry snapshot @ height 420
Pruning validator registry snapshot @ height 421
Pruning validator registry snapshot @ height 422
Pruning validator registry snapshot @ height 423
Pruning validator registry snapshot @ height 424
Pruning validator registry snapshot @ height 425
Pruning validator registry snapshot @ height 426
Pruning validator registry snapshot @ height 427
Pruning validator registry snapshot @ height 428
Pruning validator registry snapshot @ height 429
Pruning validator registry snapshot @ height 43
Pruning validator registry snapshot @ height 430
Pruning validator registry snapshot @ height 431
Pruning validator registry snapshot @ height 432
Pruning validator registry snapshot @ height 433
Pruning validator registry snapshot @ height 434
Pruning validator registry snapshot @ height 435
Pruning validator registry snapshot @ height 436
Pruning validator registry snapshot @ height 437
Pruning validator registry snapshot @ height 438
Pruning validator registry snapshot @ height 439
Pruning validator registry snapshot @ height 44
Pruning validator registry snapshot @ height 440
Pruning validator registry snapshot @ height 441
Pruning validator registry snapshot @ height 442
Pruning validator registry snapshot @ height 443
Pruning validator registry snapshot @ height 444
Pruning validator registry snapshot @ height 445
Pruning validator registry snapshot @ height 446
Pruning validator registry snapshot @ height 447
Pruning validator registry snapshot @ height 448
Pruning validator registry snapshot @ height 449
Pruning validator registry snapshot @ height 45
Pruning validator registry snapshot @ height 450
Pruning validator registry snapshot @ height 451
Pruning validator registry snapshot @ height 452
Pruning validator registry snapshot @ height 453
Pruning validator registry snapshot @ height 454
Pruning validator registry snapshot @ height 455
Pruning validator registry snapshot @ height 456
Pruning validator registry snapshot @ height 457
Pruning validator registry snapshot @ height 458
Pruning validator registry snapshot @ height 459
Pruning validator registry snapshot @ height 46
Pruning validator registry snapshot @ height 460
Pruning validator registry snapshot @ height 461
Pruning validator registry snapshot @ height 462
Pruning validator registry snapshot @ height 463
Pruning validator registry snapshot @ height 464
Pruning validator registry snapshot @ height 465
Pruning validator registry snapshot @ height 466
Pruning validator registry snapshot @ height 467
Pruning validator registry snapshot @ height 468
Pruning validator registry snapshot @ height 469
Pruning validator registry snapshot @ height 47
Pruning validator registry snapshot @ height 470
Pruning validator registry snapshot @ height 471
Pruning validator registry snapshot @ height 472
Pruning validator registry snapshot @ height 473
Pruning validator registry snapshot @ height 474
Pruning validator registry snapshot @ height 475
Pruning validator registry snapshot @ height 476
Pruning validator registry snapshot @ height 477
Pruning validator registry snapshot @ height 478
Pruning validator registry snapshot @ height 479
Pruning validator registry snapshot @ height 48
Pruning validator registry snapshot @ height 480
Pruning validator registry snapshot @ height 481
Pruning validator registry snapshot @ height 482
Pruning validator registry snapshot @ height 483
Pruning validator registry snapshot @ height 484
Pruning validator registry snapshot @ height 485
Pruning validator registry snapshot @ height 486
Pruning validator registry snapshot @ height 487
Pruning validator registry snapshot @ height 488
Pruning validator registry snapshot @ height 489
Pruning validator registry snapshot @ height 49
Pruning validator registry snapshot @ height 490
Pruning validator registry snapshot @ height 491
Pruning validator registry snapshot @ height 492
Pruning validator registry snapshot @ height 493
Pruning validator registry snapshot @ height 494
Pruning validator registry snapshot @ height 495
Pruning validator registry snapshot @ height 496
Pruning validator registry snapshot @ height 497
Pruning validator registry snapshot @ height 498
Pruning validator registry snapshot @ height 499
Pruning validator registry snapshot @ height 5
Pruning validator registry snapshot @ height 50
Pruning validator registry snapshot @ height 500
Pruning validator registry snapshot @ height 501
Pruning validator registry snapshot @ height 502
Pruning validator registry snapshot @ height 503
Pruning validator registry snapshot @ height 504
Pruning validator registry snapshot @ height 505
Pruning validator registry snapshot @ height 506
Pruning validator registry snapshot @ height 507
Pruning validator registry snapshot @ height 508
Pruning validator registry snapshot @ height 509
Pruning validator registry snapshot @ height 51
Pruning validator registry snapshot @ height 510
Pruning validator registry snapshot @ height 511
Pruning validator registry snapshot @ height 512
Pruning validator registry snapshot @ height 513
Pruning validator registry snapshot @ height 514
Pruning validator registry snapshot @ height 515
Pruning validator registry snapshot @ height 516
Pruning validator registry snapshot @ height 517
Pruning validator registry snapshot @ height 518
Pruning validator registry snapshot @ height 519
Pruning validator registry snapshot @ height 52
Pruning validator registry snapshot @ height 520
Pruning validator registry snapshot @ height 521
Pruning validator registry snapshot @ height 522
Pruning validator registry snapshot @ height 523
Pruning validator registry snapshot @ height 524
Pruning validator registry snapshot @ height 525
Pruning validator registry snapshot @ height 526
Pruning validator registry snapshot @ height 527
Pruning validator registry snapshot @ height 528
Pruning validator registry snapshot @ height 529
Pruning validator registry snapshot @ height 53
Pruning validator registry snapshot @ height 530
Pruning validator registry snapshot @ height 531
Pruning validator registry snapshot @ height 532
Pruning validator registry snapshot @ height 533
Pruning validator registry snapshot @ height 534
Pruning validator registry snapshot @ height 535
Pruning validator registry snapshot @ height 536
Pruning validator registry snapshot @ height 537
Pruning validator registry snapshot @ height 538
Pruning validator registry snapshot @ height 539
Pruning validator registry snapshot @ height 54
Pruning validator registry snapshot @ height 540
Pruning validator registry snapshot @ height 541
Pruning validator registry snapshot @ height 542
Pruning validator registry snapshot @ height 543
Pruning validator registry snapshot @ height 544
Pruning validator registry snapshot @ height 545
2026/05/20 15:05:21 map stats: seen_blocks=1 seen_txs=0 fork_heights=0 fork_blocks=0 exec_results_keys=0 exec_results_total=0 pending_blocks=0 queued_exec_votes_keys=0 queued_exec_votes_total=0 accepted_proposal=0 exec_broadcasted_epochs=0 exec_broadcasted_keys=0 exec_signer_seen_epochs=0 exec_signer_seen_total=0 exec_broadcasted_by_val_epochs=0 exec_broadcasted_by_val_total=0 exec_rebroadcast_epochs=0 validator_status=5 candidates=2 peer_state=24 peers_connected=4 peers_connecting=0 peer_suspect=0 allowed_peers=4 pending_validators=0 pending_removals=0 queued_validator_updates=0 height_report_epochs=1 height_report_total=3 misbehavior_validators=0 misbehavior_total=0 exec_mismatch_tracked=0 exec_vote_replay_cache=2
Pruning validator registry snapshot @ height 546
Pruning validator registry snapshot @ height 547
Pruning validator registry snapshot @ height 548
Pruning validator registry snapshot @ height 549
Pruning validator registry snapshot @ height 55
Pruning validator registry snapshot @ height 550
Pruning validator registry snapshot @ height 551
Pruning validator registry snapshot @ height 552
Pruning validator registry snapshot @ height 553
Pruning validator registry snapshot @ height 554
Pruning validator registry snapshot @ height 555
Pruning validator registry snapshot @ height 556
Pruning validator registry snapshot @ height 557
Pruning validator registry snapshot @ height 558
Pruning validator registry snapshot @ height 559
Pruning validator registry snapshot @ height 56
Pruning validator registry snapshot @ height 560
Pruning validator registry snapshot @ height 561
[SNAPSHOT-PUBLISH] deferred height=2548 reason=auto_publish_interval_10
Pruning validator registry snapshot @ height 562
Pruning validator registry snapshot @ height 563
Pruning validator registry snapshot @ height 564
Pruning validator registry snapshot @ height 565
Pruning validator registry snapshot @ height 566
Pruning validator registry snapshot @ height 567
Pruning validator registry snapshot @ height 568
Pruning validator registry snapshot @ height 569
Pruning validator registry snapshot @ height 57
Pruning validator registry snapshot @ height 570
Pruning validator registry snapshot @ height 571
Pruning validator registry snapshot @ height 572
Pruning validator registry snapshot @ height 573
Pruning validator registry snapshot @ height 574
Pruning validator registry snapshot @ height 575
Pruning validator registry snapshot @ height 576
Pruning validator registry snapshot @ height 577
Pruning validator registry snapshot @ height 578
Pruning validator registry snapshot @ height 579
Pruning validator registry snapshot @ height 58
Pruning validator registry snapshot @ height 580
Pruning validator registry snapshot @ height 581
Pruning validator registry snapshot @ height 582
Pruning validator registry snapshot @ height 583
Pruning validator registry snapshot @ height 584
Pruning validator registry snapshot @ height 585
Pruning validator registry snapshot @ height 586
Pruning validator registry snapshot @ height 587
Pruning validator registry snapshot @ height 588
Pruning validator registry snapshot @ height 589
Pruning validator registry snapshot @ height 59
Pruning validator registry snapshot @ height 590
Pruning validator registry snapshot @ height 591
Pruning validator registry snapshot @ height 592
Pruning validator registry snapshot @ height 593
Pruning validator registry snapshot @ height 594
Pruning validator registry snapshot @ height 595
Pruning validator registry snapshot @ height 596
Pruning validator registry snapshot @ height 597
Pruning validator registry snapshot @ height 598
Pruning validator registry snapshot @ height 599
Pruning validator registry snapshot @ height 6
Pruning validator registry snapshot @ height 60
Pruning validator registry snapshot @ height 600
Pruning validator registry snapshot @ height 601
Pruning validator registry snapshot @ height 602
Pruning validator registry snapshot @ height 603
Pruning validator registry snapshot @ height 604
Pruning validator registry snapshot @ height 605
Pruning validator registry snapshot @ height 606
Pruning validator registry snapshot @ height 607
Pruning validator registry snapshot @ height 608
Pruning validator registry snapshot @ height 609
Pruning validator registry snapshot @ height 61
Pruning validator registry snapshot @ height 610
Pruning validator registry snapshot @ height 611
Pruning validator registry snapshot @ height 612
Pruning validator registry snapshot @ height 613
Pruning validator registry snapshot @ height 614
Pruning validator registry snapshot @ height 615
Pruning validator registry snapshot @ height 616
Pruning validator registry snapshot @ height 617
Pruning validator registry snapshot @ height 618
Pruning validator registry snapshot @ height 619
Pruning validator registry snapshot @ height 62
Pruning validator registry snapshot @ height 620
Pruning validator registry snapshot @ height 621
Pruning validator registry snapshot @ height 622
Pruning validator registry snapshot @ height 623
Pruning validator registry snapshot @ height 624
Pruning validator registry snapshot @ height 625
Pruning validator registry snapshot @ height 626
Pruning validator registry snapshot @ height 627
Pruning validator registry snapshot @ height 628
Pruning validator registry snapshot @ height 629
Pruning validator registry snapshot @ height 63
Pruning validator registry snapshot @ height 630
Pruning validator registry snapshot @ height 631
Pruning validator registry snapshot @ height 632
Pruning validator registry snapshot @ height 633
Pruning validator registry snapshot @ height 634
Pruning validator registry snapshot @ height 635
Pruning validator registry snapshot @ height 636
Pruning validator registry snapshot @ height 637
Pruning validator registry snapshot @ height 638
Pruning validator registry snapshot @ height 639
Pruning validator registry snapshot @ height 64
Pruning validator registry snapshot @ height 640
Pruning validator registry snapshot @ height 641
Pruning validator registry snapshot @ height 642
Pruning validator registry snapshot @ height 643
Pruning validator registry snapshot @ height 644
Pruning validator registry snapshot @ height 645
Pruning validator registry snapshot @ height 646
Pruning validator registry snapshot @ height 647
Pruning validator registry snapshot @ height 648
Pruning validator registry snapshot @ height 649
Pruning validator registry snapshot @ height 65
Pruning validator registry snapshot @ height 650
Pruning validator registry snapshot @ height 651
Pruning validator registry snapshot @ height 652
Pruning validator registry snapshot @ height 653
Pruning validator registry snapshot @ height 654
Pruning validator registry snapshot @ height 655
Pruning validator registry snapshot @ height 656
Pruning validator registry snapshot @ height 657
Pruning validator registry snapshot @ height 658
Pruning validator registry snapshot @ height 659
Pruning validator registry snapshot @ height 66
Pruning validator registry snapshot @ height 660
Pruning validator registry snapshot @ height 661
Pruning validator registry snapshot @ height 662
Pruning validator registry snapshot @ height 663
Pruning validator registry snapshot @ height 664
Pruning validator registry snapshot @ height 665
Pruning validator registry snapshot @ height 666
Pruning validator registry snapshot @ height 667
Pruning validator registry snapshot @ height 668
Pruning validator registry snapshot @ height 669
Pruning validator registry snapshot @ height 67
Pruning validator registry snapshot @ height 670
Pruning validator registry snapshot @ height 671
Pruning validator registry snapshot @ height 672
Pruning validator registry snapshot @ height 673
Pruning validator registry snapshot @ height 674
Pruning validator registry snapshot @ height 675
Pruning validator registry snapshot @ height 676
Pruning validator registry snapshot @ height 677
Pruning validator registry snapshot @ height 678
Pruning validator registry snapshot @ height 679
Pruning validator registry snapshot @ height 68
Pruning validator registry snapshot @ height 680
Pruning validator registry snapshot @ height 681
Pruning validator registry snapshot @ height 682
Pruning validator registry snapshot @ height 683
Pruning validator registry snapshot @ height 684
Pruning validator registry snapshot @ height 685
Pruning validator registry snapshot @ height 686
Pruning validator registry snapshot @ height 687
Pruning validator registry snapshot @ height 688
Pruning validator registry snapshot @ height 689
Pruning validator registry snapshot @ height 69
Pruning validator registry snapshot @ height 690
Pruning validator registry snapshot @ height 691
Pruning validator registry snapshot @ height 692
Pruning validator registry snapshot @ height 693
Pruning validator registry snapshot @ height 694
Pruning validator registry snapshot @ height 695
Pruning validator registry snapshot @ height 696
Pruning validator registry snapshot @ height 697
Pruning validator registry snapshot @ height 698
Pruning validator registry snapshot @ height 699
Pruning validator registry snapshot @ height 7
Pruning validator registry snapshot @ height 70
Pruning validator registry snapshot @ height 700
Pruning validator registry snapshot @ height 701
Pruning validator registry snapshot @ height 702
Pruning validator registry snapshot @ height 703
[LIVENESS] scope=safe_mode height=2549 live=2 required=3 heartbeat_live=2 out_of_drift=0 committee=4 reasons={consensus_not_ready=1,inactive=1} sample=[A:consensus_not_ready,G:inactive]
Pruning validator registry snapshot @ height 704
Pruning validator registry snapshot @ height 705
Pruning validator registry snapshot @ height 706
Pruning validator registry snapshot @ height 707
Pruning validator registry snapshot @ height 708
Pruning validator registry snapshot @ height 709
Pruning validator registry snapshot @ height 71
Pruning validator registry snapshot @ height 710
Pruning validator registry snapshot @ height 711
Pruning validator registry snapshot @ height 712
Pruning validator registry snapshot @ height 713
Pruning validator registry snapshot @ height 714
Pruning validator registry snapshot @ height 715
Pruning validator registry snapshot @ height 716
Pruning validator registry snapshot @ height 717
Pruning validator registry snapshot @ height 718
Pruning validator registry snapshot @ height 719
Pruning validator registry snapshot @ height 72
Pruning validator registry snapshot @ height 720
Pruning validator registry snapshot @ height 721
Pruning validator registry snapshot @ height 722
Pruning validator registry snapshot @ height 723
Pruning validator registry snapshot @ height 724
Pruning validator registry snapshot @ height 725
Pruning validator registry snapshot @ height 726
Pruning validator registry snapshot @ height 727
Pruning validator registry snapshot @ height 728
Pruning validator registry snapshot @ height 729
Pruning validator registry snapshot @ height 73
Pruning validator registry snapshot @ height 730
Pruning validator registry snapshot @ height 731
Pruning validator registry snapshot @ height 732
Pruning validator registry snapshot @ height 733
Pruning validator registry snapshot @ height 734
Pruning validator registry snapshot @ height 735
Pruning validator registry snapshot @ height 736
Pruning validator registry snapshot @ height 737
Pruning validator registry snapshot @ height 738
Pruning validator registry snapshot @ height 739
Pruning validator registry snapshot @ height 74
Pruning validator registry snapshot @ height 740
Pruning validator registry snapshot @ height 741
Pruning validator registry snapshot @ height 742
Pruning validator registry snapshot @ height 743
Pruning validator registry snapshot @ height 744
Pruning validator registry snapshot @ height 745
Pruning validator registry snapshot @ height 746
Pruning validator registry snapshot @ height 747
Pruning validator registry snapshot @ height 748
Pruning validator registry snapshot @ height 749
Pruning validator registry snapshot @ height 75
Pruning validator registry snapshot @ height 750
Pruning validator registry snapshot @ height 751
Pruning validator registry snapshot @ height 752
Pruning validator registry snapshot @ height 753
Pruning validator registry snapshot @ height 754
Pruning validator registry snapshot @ height 755
Pruning validator registry snapshot @ height 756
Pruning validator registry snapshot @ height 757
Pruning validator registry snapshot @ height 758
Pruning validator registry snapshot @ height 759
Pruning validator registry snapshot @ height 76
Pruning validator registry snapshot @ height 760
Pruning validator registry snapshot @ height 761
Pruning validator registry snapshot @ height 762
Pruning validator registry snapshot @ height 763
Pruning validator registry snapshot @ height 764
Pruning validator registry snapshot @ height 765
Pruning validator registry snapshot @ height 766
Pruning validator registry snapshot @ height 767
Pruning validator registry snapshot @ height 768
Pruning validator registry snapshot @ height 769
Pruning validator registry snapshot @ height 77
Pruning validator registry snapshot @ height 770
Pruning validator registry snapshot @ height 771
Pruning validator registry snapshot @ height 772
Pruning validator registry snapshot @ height 773
Pruning validator registry snapshot @ height 774
Pruning validator registry snapshot @ height 775
Pruning validator registry snapshot @ height 776
Pruning validator registry snapshot @ height 777
Pruning validator registry snapshot @ height 778
Pruning validator registry snapshot @ height 779
Pruning validator registry snapshot @ height 78
Pruning validator registry snapshot @ height 780
Pruning validator registry snapshot @ height 781
Pruning validator registry snapshot @ height 782
Pruning validator registry snapshot @ height 783
Pruning validator registry snapshot @ height 784
Pruning validator registry snapshot @ height 785
Pruning validator registry snapshot @ height 786
Pruning validator registry snapshot @ height 787
Pruning validator registry snapshot @ height 788
Pruning validator registry snapshot @ height 789
Pruning validator registry snapshot @ height 79
Pruning validator registry snapshot @ height 790
Pruning validator registry snapshot @ height 791
Pruning validator registry snapshot @ height 792
Pruning validator registry snapshot @ height 793
Pruning validator registry snapshot @ height 794
Pruning validator registry snapshot @ height 795
Pruning validator registry snapshot @ height 796
Pruning validator registry snapshot @ height 797
Pruning validator registry snapshot @ height 798
Pruning validator registry snapshot @ height 799
Pruning validator registry snapshot @ height 8
Pruning validator registry snapshot @ height 80
Pruning validator registry snapshot @ height 800
Pruning validator registry snapshot @ height 801
Pruning validator registry snapshot @ height 802
Pruning validator registry snapshot @ height 803
Pruning validator registry snapshot @ height 804
Pruning validator registry snapshot @ height 805
Pruning validator registry snapshot @ height 806
Pruning validator registry snapshot @ height 807
Pruning validator registry snapshot @ height 808
Pruning validator registry snapshot @ height 809
Pruning validator registry snapshot @ height 81
Pruning validator registry snapshot @ height 810
Pruning validator registry snapshot @ height 811
Pruning validator registry snapshot @ height 812
Pruning validator registry snapshot @ height 813
Pruning validator registry snapshot @ height 814
Pruning validator registry snapshot @ height 815
Pruning validator registry snapshot @ height 816
Pruning validator registry snapshot @ height 817
Pruning validator registry snapshot @ height 818
Pruning validator registry snapshot @ height 819
Pruning validator registry snapshot @ height 82
Pruning validator registry snapshot @ height 820
Pruning validator registry snapshot @ height 821
Pruning validator registry snapshot @ height 822
Pruning validator registry snapshot @ height 823
Pruning validator registry snapshot @ height 824
Pruning validator registry snapshot @ height 825
Pruning validator registry snapshot @ height 826
Pruning validator registry snapshot @ height 827
Pruning validator registry snapshot @ height 828
Pruning validator registry snapshot @ height 829
Pruning validator registry snapshot @ height 83
Pruning validator registry snapshot @ height 830
Pruning validator registry snapshot @ height 831
Pruning validator registry snapshot @ height 832
Pruning validator registry snapshot @ height 833
Pruning validator registry snapshot @ height 834
Pruning validator registry snapshot @ height 835
Pruning validator registry snapshot @ height 836
Pruning validator registry snapshot @ height 837
Pruning validator registry snapshot @ height 838
Pruning validator registry snapshot @ height 839
Pruning validator registry snapshot @ height 84
Pruning validator registry snapshot @ height 840
Pruning validator registry snapshot @ height 841
Pruning validator registry snapshot @ height 842
Pruning validator registry snapshot @ height 843
Pruning validator registry snapshot @ height 844
Pruning validator registry snapshot @ height 845
Pruning validator registry snapshot @ height 846
Pruning validator registry snapshot @ height 847
Pruning validator registry snapshot @ height 848
Pruning validator registry snapshot @ height 849
Pruning validator registry snapshot @ height 85
Pruning validator registry snapshot @ height 850
Pruning validator registry snapshot @ height 851
Pruning validator registry snapshot @ height 852
Pruning validator registry snapshot @ height 853
Pruning validator registry snapshot @ height 854
Pruning validator registry snapshot @ height 855
Pruning validator registry snapshot @ height 856
Pruning validator registry snapshot @ height 857
Pruning validator registry snapshot @ height 858
Pruning validator registry snapshot @ height 859
Pruning validator registry snapshot @ height 86
Pruning validator registry snapshot @ height 860
Pruning validator registry snapshot @ height 861
Pruning validator registry snapshot @ height 862
Pruning validator registry snapshot @ height 863
Pruning validator registry snapshot @ height 864
Pruning validator registry snapshot @ height 865
Pruning validator registry snapshot @ height 866
Pruning validator registry snapshot @ height 867
Pruning validator registry snapshot @ height 868
Pruning validator registry snapshot @ height 869
Pruning validator registry snapshot @ height 87
Pruning validator registry snapshot @ height 870
Pruning validator registry snapshot @ height 871
Pruning validator registry snapshot @ height 872
Pruning validator registry snapshot @ height 873
Pruning validator registry snapshot @ height 874
Pruning validator registry snapshot @ height 875
Pruning validator registry snapshot @ height 876
Pruning validator registry snapshot @ height 877
Pruning validator registry snapshot @ height 878
Pruning validator registry snapshot @ height 879
Pruning validator registry snapshot @ height 88
Pruning validator registry snapshot @ height 880
Pruning validator registry snapshot @ height 881
Pruning validator registry snapshot @ height 882
Pruning validator registry snapshot @ height 883
Pruning validator registry snapshot @ height 884
Pruning validator registry snapshot @ height 885
Pruning validator registry snapshot @ height 886
Pruning validator registry snapshot @ height 887
Pruning validator registry snapshot @ height 888
Pruning validator registry snapshot @ height 889
Pruning validator registry snapshot @ height 89
Pruning validator registry snapshot @ height 890
Pruning validator registry snapshot @ height 891
Pruning validator registry snapshot @ height 892
Pruning validator registry snapshot @ height 893
Pruning validator registry snapshot @ height 894
Pruning validator registry snapshot @ height 895
Pruning validator registry snapshot @ height 896
Pruning validator registry snapshot @ height 897
Pruning validator registry snapshot @ height 898
Pruning validator registry snapshot @ height 899
Pruning validator registry snapshot @ height 9
Pruning validator registry snapshot @ height 90
Pruning validator registry snapshot @ height 900
Pruning validator registry snapshot @ height 901
Pruning validator registry snapshot @ height 902
Pruning validator registry snapshot @ height 903
Pruning validator registry snapshot @ height 904
Pruning validator registry snapshot @ height 905
Pruning validator registry snapshot @ height 906
Pruning validator registry snapshot @ height 907
Pruning validator registry snapshot @ height 908
Pruning validator registry snapshot @ height 909
Pruning validator registry snapshot @ height 91
Pruning validator registry snapshot @ height 910
Pruning validator registry snapshot @ height 911
Pruning validator registry snapshot @ height 912
Pruning validator registry snapshot @ height 913
Pruning validator registry snapshot @ height 914
Pruning validator registry snapshot @ height 915
Pruning validator registry snapshot @ height 916
Pruning validator registry snapshot @ height 917
Pruning validator registry snapshot @ height 918
Pruning validator registry snapshot @ height 919
Pruning validator registry snapshot @ height 92
Pruning validator registry snapshot @ height 920
Pruning validator registry snapshot @ height 921
Pruning validator registry snapshot @ height 922
Pruning validator registry snapshot @ height 923
Pruning validator registry snapshot @ height 924
Pruning validator registry snapshot @ height 925
Pruning validator registry snapshot @ height 926
Pruning validator registry snapshot @ height 927
Pruning validator registry snapshot @ height 928
Pruning validator registry snapshot @ height 929
Pruning validator registry snapshot @ height 93
Pruning validator registry snapshot @ height 930
Pruning validator registry snapshot @ height 931
Pruning validator registry snapshot @ height 932
Pruning validator registry snapshot @ height 933
Pruning validator registry snapshot @ height 934
Pruning validator registry snapshot @ height 935
Pruning validator registry snapshot @ height 936
Pruning validator registry snapshot @ height 937
Pruning validator registry snapshot @ height 938
Pruning validator registry snapshot @ height 939
Pruning validator registry snapshot @ height 94
Pruning validator registry snapshot @ height 940
Pruning validator registry snapshot @ height 941
Pruning validator registry snapshot @ height 942
Pruning validator registry snapshot @ height 943
Pruning validator registry snapshot @ height 944
Pruning validator registry snapshot @ height 945
Pruning validator registry snapshot @ height 946
Pruning validator registry snapshot @ height 947
Pruning validator registry snapshot @ height 948
Pruning validator registry snapshot @ height 949
Pruning validator registry snapshot @ height 95
Pruning validator registry snapshot @ height 950
Pruning validator registry snapshot @ height 951
Pruning validator registry snapshot @ height 952
Pruning validator registry snapshot @ height 953
Pruning validator registry snapshot @ height 954
Pruning validator registry snapshot @ height 955
Pruning validator registry snapshot @ height 956
Pruning validator registry snapshot @ height 957
Pruning validator registry snapshot @ height 958
Pruning validator registry snapshot @ height 959
Pruning validator registry snapshot @ height 96
Pruning validator registry snapshot @ height 960
Pruning validator registry snapshot @ height 961
Pruning validator registry snapshot @ height 962
Pruning validator registry snapshot @ height 963
Pruning validator registry snapshot @ height 964
Pruning validator registry snapshot @ height 965
Pruning validator registry snapshot @ height 966
Pruning validator registry snapshot @ height 967
Pruning validator registry snapshot @ height 968
Pruning validator registry snapshot @ height 969
Pruning validator registry snapshot @ height 97
Pruning validator registry snapshot @ height 970
Pruning validator registry snapshot @ height 971
Pruning validator registry snapshot @ height 972
Pruning validator registry snapshot @ height 973
Pruning validator registry snapshot @ height 974
Pruning validator registry snapshot @ height 975
Pruning validator registry snapshot @ height 976
Pruning validator registry snapshot @ height 977
Pruning validator registry snapshot @ height 978
Pruning validator registry snapshot @ height 979
Pruning validator registry snapshot @ height 98
Pruning validator registry snapshot @ height 980
Pruning validator registry snapshot @ height 981
Pruning validator registry snapshot @ height 982
Pruning validator registry snapshot @ height 983
Pruning validator registry snapshot @ height 984
Pruning validator registry snapshot @ height 985
Pruning validator registry snapshot @ height 986
Pruning validator registry snapshot @ height 987
Pruning validator registry snapshot @ height 988
Pruning validator registry snapshot @ height 989
Pruning validator registry snapshot @ height 99
Pruning validator registry snapshot @ height 990
Pruning validator registry snapshot @ height 991
Pruning validator registry snapshot @ height 992
Pruning validator registry snapshot @ height 993
Pruning validator registry snapshot @ height 994
Pruning validator registry snapshot @ height 995
Pruning validator registry snapshot @ height 996
Pruning validator registry snapshot @ height 997
Pruning validator registry snapshot @ height 998
Pruning validator registry snapshot @ height 999
[SYNC-COMMIT-PHASE] node=F stage=snapshot_delta provider= height=2548 local=2548 phase=prune_snapshots_done
[SYNC-COMMIT-PHASE] node=F stage=snapshot_delta provider= height=2548 local=2548 phase=publish_required_snapshot_begin
[SYNC-COMMIT-PHASE] node=F stage=snapshot_delta provider= height=2548 local=2548 phase=publish_required_snapshot_done
[COMMIT] node=F h=2548 hash=6103055a by=C type=TIME txs=0
[SYNC-COMMIT-PHASE] node=F stage=snapshot_delta provider= height=2548 local=2548 phase=commit_log_done
[SYNC-COMMIT-PHASE] node=F stage=snapshot_delta provider= height=2548 local=2548 phase=touch_signers_begin
[SYNC-COMMIT-PHASE] node=F stage=snapshot_delta provider= height=2548 local=2548 phase=touch_signers_done
[SYNC-COMMIT-PHASE] node=F stage=snapshot_delta provider= height=2548 local=2548 phase=maybe_exit_sync_begin
[SYNC-COMMIT-PHASE] node=F stage=snapshot_delta provider= height=2548 local=2548 phase=done
[SYNC-SERVE-REQUEST] peer=12D3KooW requested=2471-2549 snapshot=false snapshot_height=0
[SYNC-SERVE-RESPONSE] peer=12D3KooW requested=2471-2549 served=2471-2548 count=78 snapshot=false tip_gap=true historical_gap=false duration_ms=4
[SYNC-SERVE-REQUEST] peer=12D3KooW requested=2471-2549 snapshot=false snapshot_height=0
[SYNC-SERVE-SKIP] peer=12D3KooW requested=2471-2549 adjusted=2471-2549 reason=duplicate_or_policy
[EXEC-QUORUM] height=2549 strict=3 relaxed=2 total=4 live=2 stall=16s
Validator heartbeat received: C | reported_height=2547 | finalized_height=2547 | local_exec_epoch=2548
Ignoring stale heartbeat: A reported=2470 local_finalized=2548
Ignoring stale heartbeat: A reported=2470 local_finalized=2548
[EXEC-QUORUM] height=2549 strict=3 relaxed=2 total=4 live=2 stall=17s
Validator heartbeat received: B | reported_height=2547 | finalized_height=2547 | local_exec_epoch=2548
Validator heartbeat: B | reported_height=2548 | finalized_height=2548 | local_exec_epoch=2549
Candidate heartbeat received: D | reported_height=2527 | finalized_height=2527 | local_exec_epoch=2528
Validator heartbeat: B | reported_height=2548 | finalized_height=2548 | local_exec_epoch=2549
Heartbeat sent: F finalized=2548 epoch=2549
Validator F running in observer mode: participation gate is not ready yet.
[EXEC-QUORUM] height=2549 strict=3 relaxed=2 total=4 live=2 stall=20s
Validator heartbeat received: B | reported_height=2548 | finalized_height=2548 | local_exec_epoch=2549
[SNAPSHOT-PUBLISH] deferred height=2548 reason=auto_publish_interval_10
[SYNC-SERVE-REQUEST] peer=12D3KooW requested=2471-2549 snapshot=false snapshot_height=0
[SYNC-SERVE-RESPONSE] peer=12D3KooW requested=2471-2549 served=2471-2548 count=78 snapshot=false tip_gap=true historical_gap=false duration_ms=13
[SYNC-SERVE-REQUEST] peer=12D3KooW requested=2471-2549 snapshot=false snapshot_height=0
[SYNC-SERVE-SKIP] peer=12D3KooW requested=2471-2549 adjusted=2471-2549 reason=duplicate_or_policy
[EXEC-QUORUM] height=2549 strict=3 relaxed=2 total=4 live=2 stall=21s
Validator heartbeat received: B | reported_height=2548 | finalized_height=2548 | local_exec_epoch=2549
Validator heartbeat: C | reported_height=2548 | finalized_height=2548 | local_exec_epoch=2549
[STATUS] height=2548 finalized=2548 peers=4 validators=2 strict_live=2 heartbeat_live=2 out_of_drift=0 drift_limit=8 syncing=false sync_complete=true execution_ready=true execution_reason=ready gossip=true gossip_pipeline=new_block_gossip_validate_apply consensus_running=false mode=observer vote=false propose=false role=full validator_state=activating warmup_seconds=0 ready=false reason=activation_pending_not_in_frozen_set snapshot_source=none expected_source=chain_parent_commitment expected_hash=d75b74ab resolved_source=chain_parent_commitment resolved_hash=d75b74ab next_source=carry_forward next_hash=d75b74ab got_hash= authority=chain_parent_commitment hash_mode=legacy
Candidate heartbeat received: D | reported_height=2527 | finalized_height=2527 | local_exec_epoch=2528
Validator heartbeat: B | reported_height=2548 | finalized_height=2548 | local_exec_epoch=2549
[CONSENSUS] height=2548 vhash=d75b74ab validators=4
[REGISTRY-PENDING] height=2549 chain_height=2548 reason=future_parent
[SET-PENDING] height=2550 chain_height=2548 reason=future_height
Heartbeat sent: F finalized=2548 epoch=2549
[EXEC-QUORUM] height=2549 strict=3 relaxed=2 total=4 live=2 stall=23s
2026/05/20 15:05:29 [VOTE-STALE-ACCEPT] reason=committed_proposal_unresolved signer=B height=2548 round=0 vote_block=9820e0c8 exec=61f479d1 tx_merkle=
[LEADER-BLOCK-REJECT] height=2548 reason=wrong_epoch local_epoch=2549 peer=12D3KooWE7bMkbbpLoSHKB43JdTZm9zkgqvf1iCQdGAqFFBDa42W proposer=C block=9820e0c8
2026/05/20 15:05:31 [VOTE-STALE-ACCEPT] reason=committed_proposal_unresolved signer=C height=2548 round=0 vote_block=9820e0c8 exec=61f479d1 tx_merkle=
[SET-COMMITMENT-APPLY] height=2549 source=chain_parent_commitment mode=legacy hash=d75b74ab
[EXEC-QUORUM] height=2549 strict=3 relaxed=2 total=4 live=2 stall=25s
Validator heartbeat received: C | reported_height=2548 | finalized_height=2548 | local_exec_epoch=2549
Ignoring stale heartbeat: A reported=2470 local_finalized=2548
2026/05/20 15:05:31 [OK] goroutine pressure normalized: 181 (degrade mode off)
[EXEC-QUORUM] height=2549 strict=3 relaxed=2 total=4 live=2 stall=25s
Validator heartbeat received: B | reported_height=2548 | finalized_height=2548 | local_exec_epoch=2549
Validator heartbeat: C | reported_height=2548 | finalized_height=2548 | local_exec_epoch=2549
[PARTICIPATION-GATE] validator=F height=2549 reason=activation_pending_not_in_frozen_set
[EXEC-QUORUM] height=2549 strict=3 relaxed=2 total=4 live=2 stall=26s
[SYNC-SERVE-REQUEST] peer=12D3KooW requested=2471-2549 snapshot=false snapshot_height=0
[SYNC-SERVE-RESPONSE] peer=12D3KooW requested=2471-2549 served=2471-2548 count=78 snapshot=false tip_gap=true historical_gap=false duration_ms=46
Ã°Å¸â€œÂ¦ Sent blocks 2471-2548 (78 blocks) to 12D3KooWPVKESWFG9sS8G6vjhfPn54kWuNFkkuHwG4yQXhYRcXjX
[SYNC-SERVE-REQUEST] peer=12D3KooW requested=2471-2549 snapshot=false snapshot_height=0
[SYNC-SERVE-SKIP] peer=12D3KooW requested=2471-2549 adjusted=2471-2549 reason=duplicate_or_policy
2026/05/20 15:05:33 [EXEC-PROPOSAL-SELECT] height=2549 reason=observed prev_round=0 prev_block= round=7 block=750de5de voters=0 force=false
Ã°Å¸â€œÂ¨ Consensus message from 12D3KooWHdmUKc1bYKY3scg6TqGhK3SutwH9hu1aAez4VmvwkEyk: leader_block (size: 1313 bytes)
Ã°Å¸â€œÂ¦ Leader block received from 12D3KooWHdmUKc1bYKY3scg6TqGhK3SutwH9hu1aAez4VmvwkEyk | height=2550 proposer=B
Ã°Å¸â€Å’ Consensus stream EOF from 12D3KooWHdmUKc1bYKY3scg6TqGhK3SutwH9hu1aAez4VmvwkEyk
Ã°Å¸â€Å’ Consensus stream closed with 12D3KooWHdmUKc1bYKY3scg6TqGhK3SutwH9hu1aAez4VmvwkEyk
Candidate heartbeat received: D | reported_height=2528 | finalized_height=2528 | local_exec_epoch=2529
Ã°Å¸â€œÂ¨ Consensus message from 12D3KooWD9ed8zJXbW8uUU6XHD2UYrsQQEvnuXReJWFeo52dvdf8: execution_result (size: 374 bytes)
Ã°Å¸â€Å’ Consensus stream EOF from 12D3KooWD9ed8zJXbW8uUU6XHD2UYrsQQEvnuXReJWFeo52dvdf8
Ã°Å¸â€Å’ Consensus stream closed with 12D3KooWD9ed8zJXbW8uUU6XHD2UYrsQQEvnuXReJWFeo52dvdf8
Heartbeat sent: F finalized=2548 epoch=2549
[SNAPSHOT-PUBLISH] deferred height=2548 reason=auto_publish_interval_10
Candidate heartbeat received: D | reported_height=2529 | finalized_height=2529 | local_exec_epoch=2530
Validator heartbeat: B | reported_height=2548 | finalized_height=2548 | local_exec_epoch=2549
[EXEC-QUORUM] height=2549 strict=3 relaxed=2 total=4 live=2 stall=28s
[EXEC-QUORUM] height=2549 strict=3 relaxed=2 total=4 live=2 stall=28s
Ã°Å¸â€œÂ¨ Consensus message from 12D3KooWHdmUKc1bYKY3scg6TqGhK3SutwH9hu1aAez4VmvwkEyk: execution_result (size: 374 bytes)
Ã°Å¸â€Å’ Consensus stream EOF from 12D3KooWHdmUKc1bYKY3scg6TqGhK3SutwH9hu1aAez4VmvwkEyk
Ã°Å¸â€Å’ Consensus stream closed with 12D3KooWHdmUKc1bYKY3scg6TqGhK3SutwH9hu1aAez4VmvwkEyk
Ã°Å¸â€œÂ¨ Consensus message from 12D3KooWHdmUKc1bYKY3scg6TqGhK3SutwH9hu1aAez4VmvwkEyk: leader_block (size: 1313 bytes)
Ã°Å¸â€œÂ¦ Leader block received from 12D3KooWHdmUKc1bYKY3scg6TqGhK3SutwH9hu1aAez4VmvwkEyk | height=2550 proposer=B
Ã°Å¸â€Å’ Consensus stream EOF from 12D3KooWHdmUKc1bYKY3scg6TqGhK3SutwH9hu1aAez4VmvwkEyk
Ã°Å¸â€Å’ Consensus stream closed with 12D3KooWHdmUKc1bYKY3scg6TqGhK3SutwH9hu1aAez4VmvwkEyk
[EXEC-QUORUM] height=2549 strict=3 relaxed=2 total=4 live=2 stall=29s
[SYNC-SERVE-REQUEST] peer=12D3KooW requested=2471-2549 snapshot=false snapshot_height=0
[SYNC-SERVE-RESPONSE] peer=12D3KooW requested=2471-2549 served=2471-2548 count=78 snapshot=false tip_gap=true historical_gap=false duration_ms=19
[SYNC-SERVE-REQUEST] peer=12D3KooW requested=2471-2549 snapshot=false snapshot_height=0
[SYNC-SERVE-SKIP] peer=12D3KooW requested=2471-2549 adjusted=2471-2549 reason=duplicate_or_policy
[EXEC-QUORUM] height=2549 strict=3 relaxed=2 total=4 live=2 stall=29s
[SNAPSHOT-PROOF] height=2550 checkpoint=2528 validator=C votes=1 hash=632208f9
Attempting to connect to 4 peers
[EXEC-QUORUM] height=2549 strict=3 relaxed=2 total=4 live=2 stall=31s
[EXEC-QUORUM] height=2549 strict=3 relaxed=2 total=4 live=2 stall=31s
[SNAPSHOT-PROOF] height=2550 checkpoint=2528 validator=B votes=2 hash=632208f9
[SYNC-SERVE-REQUEST] peer=12D3KooW requested=2471-2550 snapshot=false snapshot_height=0
[SYNC-SERVE-RESPONSE] peer=12D3KooW requested=2471-2550 served=2471-2548 count=78 snapshot=false tip_gap=true historical_gap=false duration_ms=13
[SYNC-SERVE-REQUEST] peer=12D3KooW requested=2471-2550 snapshot=false snapshot_height=0
[SYNC-SERVE-SKIP] peer=12D3KooW requested=2471-2550 adjusted=2471-2550 reason=duplicate_or_policy
Validator heartbeat received: C | reported_height=2548 | finalized_height=2548 | local_exec_epoch=2549
[REGISTRY-PENDING] height=2549 chain_height=2548 reason=future_parent
[SET-PENDING] height=2550 chain_height=2548 reason=future_height
Heartbeat sent: F finalized=2548 epoch=2549
[EXEC-QUORUM] height=2549 strict=3 relaxed=2 total=4 live=2 stall=32s
Candidate heartbeat received: D | reported_height=2528 | finalized_height=2528 | local_exec_epoch=2529
[EXEC-QUORUM] height=2549 strict=3 relaxed=2 total=4 live=2 stall=33s
Candidate heartbeat received: D | reported_height=2528 | finalized_height=2528 | local_exec_epoch=2529
Consensus started for node F | mode=observer vote=false propose=false
Validator heartbeat received: B | reported_height=2548 | finalized_height=2548 | local_exec_epoch=2549
[SNAPSHOT-PUBLISH] deferred height=2548 reason=auto_publish_interval_10
Validator heartbeat: C | reported_height=2548 | finalized_height=2548 | local_exec_epoch=2549
Candidate heartbeat received: D | reported_height=2529 | finalized_height=2529 | local_exec_epoch=2530
Validator heartbeat: B | reported_height=2548 | finalized_height=2548 | local_exec_epoch=2549
[STATUS] height=2548 finalized=2548 peers=4 validators=2 strict_live=2 heartbeat_live=2 out_of_drift=0 drift_limit=8 syncing=false sync_complete=true execution_ready=true execution_reason=ready gossip=true gossip_pipeline=new_block_gossip_validate_apply consensus_running=true mode=observer vote=false propose=false role=full validator_state=activating warmup_seconds=0 ready=false reason=activation_pending_not_in_frozen_set snapshot_source=none expected_source=chain_parent_commitment expected_hash=d75b74ab resolved_source=chain_parent_commitment resolved_hash=d75b74ab next_source=carry_forward next_hash=d75b74ab got_hash= authority=chain_parent_commitment hash_mode=legacy
2026/05/20 15:05:41 [EXEC-BROADCAST-DEFER] validator=F height=2549 reason=activation_pending_not_in_frozen_set trigger=leader_block block=750de5de prev=6103055a
[LEADER-BLOCK-REJECT] height=2549 round=7 reason=duplicate_proposal peer=12D3KooWHdmUKc1bYKY3scg6TqGhK3SutwH9hu1aAez4VmvwkEyk proposer=B block=750de5de
Heartbeat sent: F finalized=2548 epoch=2549
[CONSENSUS] height=2548 vhash=d75b74ab validators=4
[SYNC-SERVE-REQUEST] peer=12D3KooW requested=2471-2550 snapshot=false snapshot_height=0
[SYNC-SERVE-RESPONSE] peer=12D3KooW requested=2471-2550 served=2471-2548 count=78 snapshot=false tip_gap=true historical_gap=false duration_ms=9
[SYNC-SERVE-REQUEST] peer=12D3KooW requested=2471-2550 snapshot=false snapshot_height=0
[SYNC-SERVE-SKIP] peer=12D3KooW requested=2471-2550 adjusted=2471-2550 reason=duplicate_or_policy
[EXEC-QUORUM] height=2549 strict=3 relaxed=2 total=4 live=2 stall=36s
[EXEC-QUORUM] height=2549 strict=3 relaxed=2 total=4 live=2 stall=37s
[EXEC-QUORUM] height=2549 strict=3 relaxed=2 total=4 live=2 stall=37s
Validator heartbeat received: C | reported_height=2548 | finalized_height=2548 | local_exec_epoch=2549
[REGISTRY-COMMITMENT-CHECK] height=2549 required=true parent_unanchored=false source=chain_parent_commitment expected=9cd32df6 got=9cd32df6
Candidate heartbeat received: D | reported_height=2529 | finalized_height=2529 | local_exec_epoch=2530
[EXEC-QUORUM] height=2549 strict=3 relaxed=2 total=4 live=2 stall=38s
Validator heartbeat received: B | reported_height=2548 | finalized_height=2548 | local_exec_epoch=2549
Validator heartbeat: C | reported_height=2548 | finalized_height=2548 | local_exec_epoch=2549
[REGISTRY-PENDING] height=2549 chain_height=2548 reason=future_parent
[SET-PENDING] height=2550 chain_height=2548 reason=future_height
Heartbeat sent: F finalized=2548 epoch=2549
Candidate heartbeat received: D | reported_height=2530 | finalized_height=2530 | local_exec_epoch=2531
[EXEC-QUORUM] height=2549 strict=3 relaxed=2 total=4 live=2 stall=39s
Candidate heartbeat received: D | reported_height=2531 | finalized_height=2531 | local_exec_epoch=2532
[EXEC-QUORUM] height=2549 strict=3 relaxed=2 total=4 live=2 stall=39s
[SNAPSHOT-PUBLISH] deferred height=2548 reason=auto_publish_interval_10
[EXEC-HASH] hint=2549 from=C exec=a1c4d096
Execution hash received: C @ epoch 2549
Validator heartbeat: C | reported_height=2549 | finalized_height=2549 | local_exec_epoch=2550
[EXEC-QUORUM] height=2549 strict=3 relaxed=2 total=4 live=2 stall=40s
[EXEC-QUORUM] height=2549 strict=3 relaxed=2 total=4 live=2 stall=41s
2026/05/20 15:05:47 [VOTE-ACCEPT] reason=recorded signer=C height=2549 round=7 vote_block=750de5de current_block=750de5de proposal=2549|7|750de5de6b3907a2ef19ac5881ba681aa5380b3be9d429fe67fa317f3bf6d7bc||a1c4d0960652d39ee675886e2d6a38251b5ef561454bf4cbf8ee23c586d3fced exec=a1c4d096 tx_merkle= votes=1 required=2
[EXEC-POOL] epoch=2549 hash=a1c4d096 voters=1/4
[EXEC-QUORUM] epoch=2549 required=2 total=4 votes=1
Heartbeat sent: F finalized=2548 epoch=2549
Ã°Å¸â€â€” PubSub mesh check against 4 peers
[SYNC-SERVE-REQUEST] peer=12D3KooW requested=2471-2550 snapshot=false snapshot_height=0
[SYNC-SERVE-RESPONSE] peer=12D3KooW requested=2471-2550 served=2471-2548 count=78 snapshot=false tip_gap=true historical_gap=false duration_ms=7
Ã°Å¸â€œÂ¦ Sent blocks 2471-2548 (78 blocks) to 12D3KooWPVKESWFG9sS8G6vjhfPn54kWuNFkkuHwG4yQXhYRcXjX
[SYNC-SERVE-REQUEST] peer=12D3KooW requested=2471-2550 snapshot=false snapshot_height=0
[SYNC-SERVE-SKIP] peer=12D3KooW requested=2471-2550 adjusted=2471-2550 reason=duplicate_or_policy
[SYNC] reason=heartbeat local=2548 target=2549 votes=1 required=3 stage=direct_gossip action=block_range_fetch
[SYNC-REQUEST-START] peer=12D3KooW range=2549-2549 snapshot=false snapshot_height=0 timeout_ms=15000
[SYNC-REQUEST-OPEN] peer=12D3KooW range=2549-2549
[SYNC-REQUEST-START] peer=12D3KooW range=2549-2549 snapshot=false snapshot_height=0 timeout_ms=15000
[SYNC-REQUEST-OPEN] peer=12D3KooW range=2549-2549
[SYNC-REQUEST-OPEN-OK] peer=12D3KooW range=2549-2549 duration_ms=2
[SYNC-REQUEST-ENCODE] peer=12D3KooW range=2549-2549
[SYNC-REQUEST-ENCODE-OK] peer=12D3KooW range=2549-2549 duration_ms=0
[SYNC-REQUEST-DECODE] peer=12D3KooW range=2549-2549
[SYNC-REQUEST-OPEN-OK] peer=12D3KooW range=2549-2549 duration_ms=2
[SYNC-REQUEST-ENCODE] peer=12D3KooW range=2549-2549
[SYNC-REQUEST-ENCODE-OK] peer=12D3KooW range=2549-2549 duration_ms=0
[SYNC-REQUEST-DECODE] peer=12D3KooW range=2549-2549
[SYNC-REQUEST-RESULT] peer=12D3KooW range=2549-2549 count=1 snapshot=false duration_ms=2
[SYNC-REQUEST-RESULT] peer=12D3KooW range=2549-2549 count=1 snapshot=false duration_ms=3
[EXEC-QUORUM] height=2549 strict=3 relaxed=2 total=4 live=2 stall=42s
Validator heartbeat received: C | reported_height=2548 | finalized_height=2548 | local_exec_epoch=2549
Candidate heartbeat received: D | reported_height=2529 | finalized_height=2529 | local_exec_epoch=2530
Ignoring stale heartbeat: A reported=2470 local_finalized=2548
[SYNC-SERVE-REQUEST] peer=12D3KooW requested=2471-2550 snapshot=false snapshot_height=0
[SYNC-SERVE-RESPONSE] peer=12D3KooW requested=2471-2550 served=2471-2548 count=78 snapshot=false tip_gap=true historical_gap=false duration_ms=13
[SYNC-SERVE-REQUEST] peer=12D3KooW requested=2471-2550 snapshot=false snapshot_height=0
[SYNC-SERVE-SKIP] peer=12D3KooW requested=2471-2550 adjusted=2471-2550 reason=duplicate_or_policy
[REGISTRY-COMMITMENT-CHECK] height=2549 required=true parent_unanchored=false source=chain_parent_commitment expected=9cd32df6 got=9cd32df6
[REGISTRY-PRECOMMIT] height=2549 source=committed_carry_forward header=9cd32df6 resolved=9cd32df6 validators=4
[SYNC-COMMIT-PHASE] node=F stage=direct_gossip provider=12D3KooW height=2549 local=2548 phase=process_block_begin
[EXEC-QUORUM] height=2549 strict=3 relaxed=2 total=4 live=2 stall=44s
[SYNC-COMMIT-PHASE] node=F stage=direct_gossip provider=12D3KooW height=2549 local=2549 phase=process_block_committed
[SYNC-COMMIT-PHASE] node=F stage=direct_gossip provider=12D3KooW height=2549 local=2549 phase=post_block_effects_begin
âœ… Height finalized â†’ 2550
[EMISSION] h=2549 reward=4 treasury=1 validators=2 burn=1 applied_burn=0 chance_bps=10000
[SYNC-COMMIT-PHASE] node=F stage=direct_gossip provider=12D3KooW height=2549 local=2549 phase=post_block_effects_done
[SYNC-COMMIT-PHASE] node=F stage=direct_gossip provider=12D3KooW height=2549 local=2549 phase=persist_registry_begin
[SYNC-COMMIT-PHASE] node=F stage=direct_gossip provider=12D3KooW height=2549 local=2549 phase=persist_registry_done
[SYNC-COMMIT-PHASE] node=F stage=direct_gossip provider=12D3KooW height=2549 local=2549 phase=apply_validator_updates_begin
[SYNC-COMMIT-PHASE] node=F stage=direct_gossip provider=12D3KooW height=2549 local=2549 phase=apply_validator_updates_done
[SYNC-COMMIT-PHASE] node=F stage=direct_gossip provider=12D3KooW height=2549 local=2549 phase=observe_candidates_begin
[REGISTRY-COMMITMENT-CHECK] height=2549 required=true parent_unanchored=false source=chain_block expected=9cd32df6 got=9cd32df6
Validator heartbeat received: C | reported_height=2549 | finalized_height=2549 | local_exec_epoch=2550
[SNAPSHOT-PUBLISH] deferred height=2549 reason=auto_publish_interval_10
Validator heartbeat: B | reported_height=2549 | finalized_height=2549 | local_exec_epoch=2550
Candidate heartbeat received: D | reported_height=2530 | finalized_height=2530 | local_exec_epoch=2531
Validator heartbeat: C | reported_height=2549 | finalized_height=2549 | local_exec_epoch=2550
Heartbeat sent: F finalized=2548 epoch=2549
[SYNC-COMMIT-PHASE] node=F stage=direct_gossip provider=12D3KooW height=2549 local=2549 phase=observe_candidates_done
[SYNC-COMMIT-PHASE] node=F stage=direct_gossip provider=12D3KooW height=2549 local=2549 phase=apply_validator_update_txs_begin
[SYNC-COMMIT-PHASE] node=F stage=direct_gossip provider=12D3KooW height=2549 local=2549 phase=apply_validator_update_txs_done
[SYNC-COMMIT-PHASE] node=F stage=direct_gossip provider=12D3KooW height=2549 local=2549 phase=apply_scheduled_updates_begin
[SYNC-SCHEDULED-UPDATES] stage=direct_gossip provider=12D3KooW current_height=2549 step=queue_inactive_removals_begin update_height=2549 due_transition=false defer_for_sync=false update_blocked=false planned_only=false updated=false processed_adds=0 processed_removes=0 next_transition_height=0 transition_validators=0 next_validators=0
[STATUS] height=2548 finalized=2548 peers=4 validators=2 strict_live=2 heartbeat_live=2 out_of_drift=0 drift_limit=8 syncing=false sync_complete=true execution_ready=true execution_reason=ready gossip=true gossip_pipeline=new_block_gossip_validate_apply consensus_running=true mode=observer vote=false propose=false role=full validator_state=activating warmup_seconds=0 ready=false reason=activation_pending_not_in_frozen_set snapshot_source=none expected_source=chain_parent_commitment expected_hash=d75b74ab resolved_source=chain_parent_commitment resolved_hash=d75b74ab next_source=carry_forward next_hash=d75b74ab got_hash= authority=chain_parent_commitment hash_mode=legacy
2026/05/20 15:05:51 [OK] goroutine pressure normalized: 185 (degrade mode off)
[SYNC-SCHEDULED-UPDATES] stage=direct_gossip provider=12D3KooW current_height=2549 step=queue_inactive_removals_done update_height=2549 due_transition=false defer_for_sync=false update_blocked=false planned_only=false updated=false processed_adds=0 processed_removes=0 next_transition_height=0 transition_validators=0 next_validators=0
[SYNC-SCHEDULED-UPDATES] stage=direct_gossip provider=12D3KooW current_height=2549 step=sync_gate_snapshot_state_begin update_height=2549 due_transition=false defer_for_sync=false update_blocked=false planned_only=false updated=false processed_adds=0 processed_removes=0 next_transition_height=0 transition_validators=0 next_validators=0
[SYNC-SCHEDULED-UPDATES] stage=direct_gossip provider=12D3KooW current_height=2549 step=sync_gate_snapshot_state_done update_height=2549 due_transition=false defer_for_sync=false update_blocked=false planned_only=false updated=false processed_adds=0 processed_removes=0 next_transition_height=0 transition_validators=0 next_validators=0
[SYNC-SCHEDULED-UPDATES] stage=direct_gossip provider=12D3KooW current_height=2549 step=apply_queued_set_update_begin update_height=2549 due_transition=false defer_for_sync=false update_blocked=false planned_only=false updated=false processed_adds=0 processed_removes=0 next_transition_height=0 transition_validators=0 next_validators=0
[SYNC-SCHEDULED-UPDATES] stage=direct_gossip provider=12D3KooW current_height=2549 step=apply_queued_set_update_done update_height=2549 due_transition=false defer_for_sync=false update_blocked=false planned_only=false updated=false processed_adds=0 processed_removes=0 next_transition_height=0 transition_validators=0 next_validators=0
[SYNC-SCHEDULED-UPDATES] stage=direct_gossip provider=12D3KooW current_height=2549 step=validator_set_lock_begin update_height=2549 due_transition=false defer_for_sync=false update_blocked=false planned_only=false updated=false processed_adds=0 processed_removes=0 next_transition_height=0 transition_validators=0 next_validators=0
[SYNC-SCHEDULED-UPDATES] stage=direct_gossip provider=12D3KooW current_height=2549 step=validator_set_lock_acquired update_height=2549 due_transition=false defer_for_sync=false update_blocked=false planned_only=false updated=false processed_adds=0 processed_removes=0 next_transition_height=0 transition_validators=0 next_validators=0
[SYNC-SCHEDULED-UPDATES] stage=direct_gossip provider=12D3KooW current_height=2549 step=compute_next_transition_height_begin update_height=2549 due_transition=false defer_for_sync=false update_blocked=false planned_only=false updated=false processed_adds=0 processed_removes=0 next_transition_height=0 transition_validators=0 next_validators=0
[SYNC-SCHEDULED-UPDATES] stage=direct_gossip provider=12D3KooW current_height=2549 step=compute_next_transition_height_done update_height=2549 due_transition=false defer_for_sync=false update_blocked=false planned_only=false updated=false processed_adds=0 processed_removes=0 next_transition_height=0 transition_validators=0 next_validators=0
[SYNC-SCHEDULED-UPDATES] stage=direct_gossip provider=12D3KooW current_height=2549 step=due_transition_eval_begin update_height=2549 due_transition=false defer_for_sync=false update_blocked=false planned_only=false updated=false processed_adds=0 processed_removes=0 next_transition_height=0 transition_validators=0 next_validators=0
[SYNC-SCHEDULED-UPDATES] stage=direct_gossip provider=12D3KooW current_height=2549 step=due_transition_eval_done update_height=2549 due_transition=false defer_for_sync=false update_blocked=false planned_only=false updated=false processed_adds=0 processed_removes=0 next_transition_height=0 transition_validators=0 next_validators=0
[SYNC-SCHEDULED-UPDATES] stage=direct_gossip provider=12D3KooW current_height=2549 step=defer_for_sync_eval_begin update_height=2549 due_transition=false defer_for_sync=false update_blocked=false planned_only=false updated=false processed_adds=0 processed_removes=0 next_transition_height=0 transition_validators=0 next_validators=0
[SYNC-SCHEDULED-UPDATES] stage=direct_gossip provider=12D3KooW current_height=2549 step=defer_for_sync_eval_done update_height=2549 due_transition=false defer_for_sync=false update_blocked=false planned_only=false updated=false processed_adds=0 processed_removes=0 next_transition_height=0 transition_validators=0 next_validators=0
[SYNC-SCHEDULED-UPDATES] stage=direct_gossip provider=12D3KooW current_height=2549 step=scheduled_transition_validators_begin update_height=2549 due_transition=false defer_for_sync=false update_blocked=false planned_only=false updated=false processed_adds=0 processed_removes=0 next_transition_height=0 transition_validators=0 next_validators=0
[SYNC-SERVE-REQUEST] peer=12D3KooW requested=2471-2550 snapshot=false snapshot_height=0
[SYNC-SERVE-RESPONSE] peer=12D3KooW requested=2471-2550 served=2471-2549 count=79 snapshot=false tip_gap=true historical_gap=false duration_ms=5
Ã°Å¸â€œÂ¦ Sent blocks 2471-2549 (79 blocks) to 12D3KooWPVKESWFG9sS8G6vjhfPn54kWuNFkkuHwG4yQXhYRcXjX
[SYNC-SERVE-REQUEST] peer=12D3KooW requested=2471-2550 snapshot=false snapshot_height=0
[SYNC-SERVE-SKIP] peer=12D3KooW requested=2471-2550 adjusted=2471-2550 reason=duplicate_or_policy
Ã°Å¸â€œÂ¨ Consensus message from 12D3KooWHdmUKc1bYKY3scg6TqGhK3SutwH9hu1aAez4VmvwkEyk: leader_block (size: 1313 bytes)
Ã°Å¸â€œÂ¦ Leader block received from 12D3KooWHdmUKc1bYKY3scg6TqGhK3SutwH9hu1aAez4VmvwkEyk | height=2551 proposer=B
Ã°Å¸â€Å’ Consensus stream EOF from 12D3KooWHdmUKc1bYKY3scg6TqGhK3SutwH9hu1aAez4VmvwkEyk
Ã°Å¸â€Å’ Consensus stream closed with 12D3KooWHdmUKc1bYKY3scg6TqGhK3SutwH9hu1aAez4VmvwkEyk
Ã°Å¸â€œÂ¨ Consensus message from 12D3KooWHdmUKc1bYKY3scg6TqGhK3SutwH9hu1aAez4VmvwkEyk: leader_block (size: 1313 bytes)
Ã°Å¸â€œÂ¦ Leader block received from 12D3KooWHdmUKc1bYKY3scg6TqGhK3SutwH9hu1aAez4VmvwkEyk | height=2551 proposer=B
Ã°Å¸â€Å’ Consensus stream EOF from 12D3KooWHdmUKc1bYKY3scg6TqGhK3SutwH9hu1aAez4VmvwkEyk
Ã°Å¸â€Å’ Consensus stream closed with 12D3KooWHdmUKc1bYKY3scg6TqGhK3SutwH9hu1aAez4VmvwkEyk
Ã°Å¸â€œÂ¨ Consensus message from 12D3KooWHdmUKc1bYKY3scg6TqGhK3SutwH9hu1aAez4VmvwkEyk: execution_result (size: 374 bytes)
Ã°Å¸â€Å’ Consensus stream EOF from 12D3KooWHdmUKc1bYKY3scg6TqGhK3SutwH9hu1aAez4VmvwkEyk
Ã°Å¸â€Å’ Consensus stream closed with 12D3KooWHdmUKc1bYKY3scg6TqGhK3SutwH9hu1aAez4VmvwkEyk
[SYNC-SCHEDULED-UPDATES] stage=direct_gossip provider=12D3KooW current_height=2549 step=scheduled_transition_validators_done update_height=2549 due_transition=false defer_for_sync=false update_blocked=false planned_only=false updated=false processed_adds=0 processed_removes=0 next_transition_height=0 transition_validators=4 next_validators=0
[SYNC-SCHEDULED-UPDATES] stage=direct_gossip provider=12D3KooW current_height=2549 step=build_next_validators_begin update_height=2549 due_transition=false defer_for_sync=false update_blocked=false planned_only=false updated=false processed_adds=0 processed_removes=0 next_transition_height=0 transition_validators=4 next_validators=0
[SYNC-SCHEDULED-UPDATES] stage=direct_gossip provider=12D3KooW current_height=2549 step=build_next_validators_done update_height=2549 due_transition=false defer_for_sync=false update_blocked=false planned_only=false updated=false processed_adds=0 processed_removes=0 next_transition_height=0 transition_validators=4 next_validators=4
[SYNC-SCHEDULED-UPDATES] stage=direct_gossip provider=12D3KooW current_height=2549 step=transition_quorum_begin update_height=2549 due_transition=false defer_for_sync=false update_blocked=false planned_only=false updated=false processed_adds=0 processed_removes=0 next_transition_height=0 transition_validators=4 next_validators=4
[SYNC-SCHEDULED-UPDATES] stage=direct_gossip provider=12D3KooW current_height=2549 step=transition_quorum_done update_height=2549 due_transition=false defer_for_sync=false update_blocked=false planned_only=false updated=false processed_adds=0 processed_removes=0 next_transition_height=0 transition_validators=4 next_validators=4
[SYNC-SCHEDULED-UPDATES] stage=direct_gossip provider=12D3KooW current_height=2549 step=transition_plan_write_begin update_height=2549 due_transition=false defer_for_sync=false update_blocked=false planned_only=false updated=false processed_adds=0 processed_removes=0 next_transition_height=0 transition_validators=4 next_validators=4
[SYNC-SCHEDULED-UPDATES] stage=direct_gossip provider=12D3KooW current_height=2549 step=transition_plan_write_done update_height=2549 due_transition=false defer_for_sync=false update_blocked=false planned_only=false updated=false processed_adds=0 processed_removes=0 next_transition_height=0 transition_validators=4 next_validators=4
[SYNC-SCHEDULED-UPDATES] stage=direct_gossip provider=12D3KooW current_height=2549 step=finalize_pending_maps_begin update_height=2549 due_transition=false defer_for_sync=false update_blocked=false planned_only=false updated=false processed_adds=0 processed_removes=0 next_transition_height=0 transition_validators=4 next_validators=4
[SYNC-SCHEDULED-UPDATES] stage=direct_gossip provider=12D3KooW current_height=2549 step=finalize_pending_maps_done update_height=2549 due_transition=false defer_for_sync=false update_blocked=false planned_only=false updated=false processed_adds=0 processed_removes=0 next_transition_height=0 transition_validators=4 next_validators=4
[SYNC-SCHEDULED-UPDATES] stage=direct_gossip provider=12D3KooW current_height=2549 step=active_transition_heights_begin update_height=2549 due_transition=false defer_for_sync=false update_blocked=false planned_only=false updated=false processed_adds=0 processed_removes=0 next_transition_height=0 transition_validators=4 next_validators=4
[SYNC-SCHEDULED-UPDATES] stage=direct_gossip provider=12D3KooW current_height=2549 step=active_transition_heights_done update_height=2549 due_transition=false defer_for_sync=false update_blocked=false planned_only=false updated=false processed_adds=0 processed_removes=0 next_transition_height=0 transition_validators=4 next_validators=4
[SYNC-SCHEDULED-UPDATES] stage=direct_gossip provider=12D3KooW current_height=2549 step=validator_set_unlock update_height=2549 due_transition=false defer_for_sync=false update_blocked=false planned_only=false updated=false processed_adds=0 processed_removes=0 next_transition_height=0 transition_validators=4 next_validators=4
[SYNC-SCHEDULED-UPDATES] stage=direct_gossip provider=12D3KooW current_height=2549 step=retry_clear_begin update_height=2549 due_transition=false defer_for_sync=false update_blocked=false planned_only=false updated=false processed_adds=0 processed_removes=0 next_transition_height=0 transition_validators=4 next_validators=4
[SYNC-SCHEDULED-UPDATES] stage=direct_gossip provider=12D3KooW current_height=2549 step=retry_clear_done update_height=2549 due_transition=false defer_for_sync=false update_blocked=false planned_only=false updated=false processed_adds=0 processed_removes=0 next_transition_height=0 transition_validators=4 next_validators=4
[SYNC-SCHEDULED-UPDATES] stage=direct_gossip provider=12D3KooW current_height=2549 step=prune_retry_begin update_height=2549 due_transition=false defer_for_sync=false update_blocked=false planned_only=false updated=false processed_adds=0 processed_removes=0 next_transition_height=0 transition_validators=4 next_validators=4
[SYNC-SCHEDULED-UPDATES] stage=direct_gossip provider=12D3KooW current_height=2549 step=prune_retry_done update_height=2549 due_transition=false defer_for_sync=false update_blocked=false planned_only=false updated=false processed_adds=0 processed_removes=0 next_transition_height=0 transition_validators=4 next_validators=4
[SYNC-SCHEDULED-UPDATES] stage=direct_gossip provider=12D3KooW current_height=2549 step=onboarding_tracker_begin update_height=2549 due_transition=false defer_for_sync=false update_blocked=false planned_only=false updated=false processed_adds=0 processed_removes=0 next_transition_height=0 transition_validators=4 next_validators=4
[SYNC-SCHEDULED-UPDATES] stage=direct_gossip provider=12D3KooW current_height=2549 step=onboarding_tracker_done update_height=2549 due_transition=false defer_for_sync=false update_blocked=false planned_only=false updated=false processed_adds=0 processed_removes=0 next_transition_height=0 transition_validators=4 next_validators=4
[SYNC-SCHEDULED-UPDATES] stage=direct_gossip provider=12D3KooW current_height=2549 step=broadcast_validator_info_begin update_height=2549 due_transition=false defer_for_sync=false update_blocked=false planned_only=false updated=false processed_adds=0 processed_removes=0 next_transition_height=0 transition_validators=4 next_validators=4
[SYNC-SCHEDULED-UPDATES] stage=direct_gossip provider=12D3KooW current_height=2549 step=broadcast_validator_info_done update_height=2549 due_transition=false defer_for_sync=false update_blocked=false planned_only=false updated=false processed_adds=0 processed_removes=0 next_transition_height=0 transition_validators=4 next_validators=4
[SYNC-SCHEDULED-UPDATES] stage=direct_gossip provider=12D3KooW current_height=2549 step=final_update_log_begin update_height=2549 due_transition=false defer_for_sync=false update_blocked=false planned_only=false updated=false processed_adds=0 processed_removes=0 next_transition_height=0 transition_validators=4 next_validators=4
[SYNC-SCHEDULED-UPDATES] stage=direct_gossip provider=12D3KooW current_height=2549 step=final_update_log_done update_height=2549 due_transition=false defer_for_sync=false update_blocked=false planned_only=false updated=false processed_adds=0 processed_removes=0 next_transition_height=0 transition_validators=4 next_validators=4
[SYNC-SCHEDULED-UPDATES] stage=direct_gossip provider=12D3KooW current_height=2549 step=snapshot_epoch_validators_begin update_height=2549 due_transition=false defer_for_sync=false update_blocked=false planned_only=false updated=false processed_adds=0 processed_removes=0 next_transition_height=0 transition_validators=4 next_validators=4
[EXEC-HASH] hint=2549 from=B exec=a1c4d096
Execution hash received: B @ epoch 2549
[CONSENSUS] height=2549 vhash=d75b74ab validators=4
Ã°Å¸â€œÂ¨ Consensus message from 12D3KooWD9ed8zJXbW8uUU6XHD2UYrsQQEvnuXReJWFeo52dvdf8: execution_result (size: 374 bytes)
2026/05/20 15:05:52 [VOTE-ACCEPT] reason=recorded signer=B height=2549 round=7 vote_block=750de5de current_block=750de5de proposal=2549|7|750de5de6b3907a2ef19ac5881ba681aa5380b3be9d429fe67fa317f3bf6d7bc||a1c4d0960652d39ee675886e2d6a38251b5ef561454bf4cbf8ee23c586d3fced exec=a1c4d096 tx_merkle= votes=2 required=3
[EXEC-POOL] epoch=2549 hash=a1c4d096 voters=2/4
[EXEC-QUORUM] epoch=2549 required=3 total=4 votes=2
[LEADER-BLOCK-REJECT] height=2549 reason=wrong_epoch local_epoch=2550 peer=12D3KooWHdmUKc1bYKY3scg6TqGhK3SutwH9hu1aAez4VmvwkEyk proposer=B block=750de5de
[LEADER-BLOCK-REJECT] height=2549 reason=wrong_epoch local_epoch=2550 peer=12D3KooWHdmUKc1bYKY3scg6TqGhK3SutwH9hu1aAez4VmvwkEyk proposer=B block=750de5de
[LEADER-BLOCK-REJECT] height=2549 reason=wrong_epoch local_epoch=2550 peer=12D3KooWHdmUKc1bYKY3scg6TqGhK3SutwH9hu1aAez4VmvwkEyk proposer=B block=750de5de
[LEADER-BLOCK-REJECT] height=2549 reason=wrong_epoch local_epoch=2550 peer=12D3KooWD9ed8zJXbW8uUU6XHD2UYrsQQEvnuXReJWFeo52dvdf8 proposer=B block=750de5de
[LEADER-BLOCK-REJECT] height=2548 reason=wrong_epoch local_epoch=2550 peer= proposer=C block=9820e0c8
Ã°Å¸â€Å’ Consensus stream EOF from 12D3KooWD9ed8zJXbW8uUU6XHD2UYrsQQEvnuXReJWFeo52dvdf8
Ã°Å¸â€Å’ Consensus stream closed with 12D3KooWD9ed8zJXbW8uUU6XHD2UYrsQQEvnuXReJWFeo52dvdf8
[SET-COMMITMENT-APPLY] height=2550 source=chain_parent_commitment mode=legacy hash=d75b74ab
[SYNC-SCHEDULED-UPDATES] stage=direct_gossip provider=12D3KooW current_height=2549 step=snapshot_epoch_validators_done update_height=2549 due_transition=false defer_for_sync=false update_blocked=false planned_only=false updated=false processed_adds=0 processed_removes=0 next_transition_height=0 transition_validators=4 next_validators=4
[SYNC-COMMIT-PHASE] node=F stage=direct_gossip provider=12D3KooW height=2549 local=2549 phase=apply_scheduled_updates_done
[SYNC-COMMIT-PHASE] node=F stage=direct_gossip provider=12D3KooW height=2549 local=2549 phase=snapshot_epoch_validators_begin
[PARTICIPATION-GATE] validator=F height=2550 reason=activation_pending_not_in_frozen_set
Validator heartbeat received: B | reported_height=2549 | finalized_height=2549 | local_exec_epoch=2550
Ignoring stale heartbeat: A reported=2470 local_finalized=2549
[SYNC-COMMIT-PHASE] node=F stage=direct_gossip provider=12D3KooW height=2549 local=2549 phase=snapshot_epoch_validators_done
[SYNC-COMMIT-PHASE] node=F stage=direct_gossip provider=12D3KooW height=2549 local=2549 phase=start_next_round_begin
[SYNC-COMMIT-PHASE] node=F stage=direct_gossip provider=12D3KooW height=2549 local=2549 phase=start_next_round_done
[SYNC-COMMIT-PHASE] node=F stage=direct_gossip provider=12D3KooW height=2549 local=2549 phase=clear_exec_results_begin
[SYNC-COMMIT-PHASE] node=F stage=direct_gossip provider=12D3KooW height=2549 local=2549 phase=clear_exec_results_done
[SYNC-COMMIT-PHASE] node=F stage=direct_gossip provider=12D3KooW height=2549 local=2549 phase=update_validator_metrics_begin
[SYNC-COMMIT-PHASE] node=F stage=direct_gossip provider=12D3KooW height=2549 local=2549 phase=update_validator_metrics_done
[SYNC-COMMIT-PHASE] node=F stage=direct_gossip provider=12D3KooW height=2549 local=2549 phase=enter_safe_mode_begin
[SYNC-COMMIT-PHASE] node=F stage=direct_gossip provider=12D3KooW height=2549 local=2549 phase=enter_safe_mode_deferred
[SYNC-COMMIT-PHASE] node=F stage=direct_gossip provider=12D3KooW height=2549 local=2549 phase=enter_safe_mode_done
[SYNC-COMMIT-PHASE] node=F stage=direct_gossip provider=12D3KooW height=2549 local=2549 phase=ensure_tip_snapshot_begin
[SYNC-COMMIT-PHASE] node=F stage=direct_gossip provider=12D3KooW height=2549 local=2549 phase=ensure_tip_snapshot_done
[SYNC-COMMIT-PHASE] node=F stage=direct_gossip provider=12D3KooW height=2549 local=2549 phase=prune_snapshots_deferred
[SYNC-COMMIT-PHASE] node=F stage=direct_gossip provider=12D3KooW height=2549 local=2549 phase=publish_required_snapshot_begin
[SYNC-COMMIT-PHASE] node=F stage=direct_gossip provider=12D3KooW height=2549 local=2549 phase=publish_required_snapshot_deferred
[SYNC-COMMIT-PHASE] node=F stage=direct_gossip provider=12D3KooW height=2549 local=2549 phase=publish_required_snapshot_done
[COMMIT] node=F h=2549 hash=58caa815 by=B type=TIME txs=0
[SYNC-COMMIT-PHASE] node=F stage=direct_gossip provider=12D3KooW height=2549 local=2549 phase=commit_log_done
[SYNC-COMMIT-PHASE] node=F stage=direct_gossip provider=12D3KooW height=2549 local=2549 phase=touch_signers_begin
[SYNC-COMMIT-PHASE] node=F stage=direct_gossip provider=12D3KooW height=2549 local=2549 phase=touch_signers_done
[SYNC-COMMIT-PHASE] node=F stage=direct_gossip provider=12D3KooW height=2549 local=2549 phase=maybe_exit_sync_begin
[SYNC-CLEAR] reason=commit local=2549 target=2549
Validator heartbeat received: C | reported_height=2549 | finalized_height=2549 | local_exec_epoch=2550
Validator heartbeat: B | reported_height=2549 | finalized_height=2549 | local_exec_epoch=2550
[REGISTRY-PENDING] height=2550 chain_height=2549 reason=future_parent
[SET-PENDING] height=2551 chain_height=2549 reason=future_height
Heartbeat sent: F finalized=2549 epoch=2550
[ROUND-CATCHUP] height=2550 peer=12D3KooWHdmUKc1bYKY3scg6TqGhK3SutwH9hu1aAez4VmvwkEyk round=6 local_round=1 synced_round=6 proposer=B
2026/05/20 15:05:54 [EXEC-PROPOSAL-SELECT] height=2550 reason=observed prev_round=0 prev_block= round=6 block=05ffdc89 voters=0 force=false
