CHAIN config loaded: chain_id=91938 moniker=Mainnet-Node-1 genesis_path=genesis.json genesis_hash=bcfca8ea5bca4a07d4a32b1f8fe1770316615962bb3487c1fcf3c2dca6a17405
P2P config loaded: listen= external= seeds=4 persistent=4 persist_peer_id_refresh=false
P2P config loaded: persist_peer_id_refresh=false (explicit)
P2P config loaded: prune_localhost_on_refused=true (explicit)
P2P config loaded: prune_localhost_refused_failures=3 (explicit)
CONSENSUS config loaded: propose=3s prevote=1s precommit=1s commit=5s min_block_interval=4s recompute_pause=4s weak_subjectivity_depth=2048 max_future_gap=256 validator_set_commitment_v2_height=1 validator_set_hash_v3_height=0 deterministic_tx_order=true round_timeout=2s round_max=0 round_skew=1 barrier_relax=1m0s barrier_drop=1 barrier_retry_mode=per_block exec_quorum_emergency=true exec_quorum_emergency_stall=8s penalty_mode=converged_only invalid_proposer_q=4 exec_mismatch_q=3 exec_mismatch_slash=5 propose_requires_sync_ready=true post_block_safe_mode=true safe_mode_min=2s safe_mode_max=8s safe_mode_history=32 safe_mode_live_quorum_bps=6700
CONSENSUS config loaded: weak_subjectivity_depth=2048 (explicit)
CONSENSUS config loaded: max_future_block_gap=256 (explicit)
CONSENSUS config loaded: validator_set_commitment_v2_height=1 (explicit)
CONSENSUS config loaded: enforce_deterministic_tx_order=true (explicit)
CONSENSUS config loaded: proposer_round_timeout_seconds=2 (explicit)
CONSENSUS config loaded: proposer_round_max_skew=1 (explicit)
CONSENSUS config loaded: transition_barrier_relax_seconds=60 (explicit)
CONSENSUS config loaded: transition_barrier_max_drop=1 (explicit)
CONSENSUS config loaded: transition_barrier_retry_mode=per_block (explicit)
CONSENSUS config loaded: exec_quorum_emergency_enabled=true (explicit)
CONSENSUS config loaded: exec_quorum_emergency_stall_seconds=8 (explicit)
CONSENSUS config loaded: penalty_enforce_mode=converged_only (explicit)
CONSENSUS config loaded: invalid_proposer_quarantine_after=4 (explicit)
CONSENSUS config loaded: exec_mismatch_quarantine_after=3 (explicit)
CONSENSUS config loaded: exec_mismatch_slash_after=5 (explicit)
CONSENSUS config loaded: propose_requires_sync_ready=true (explicit)
CONSENSUS config loaded: core_pending_excluded_from_proposer=true (explicit)
CONSENSUS config loaded: core_activation_effective_height_buffer=64 (explicit)
CONSENSUS config loaded: post_block_safe_mode_enabled=true (explicit)
CONSENSUS config loaded: post_block_safe_mode_min_seconds=2 (explicit)
CONSENSUS config loaded: post_block_safe_mode_max_seconds=8 (explicit)
CONSENSUS config loaded: post_block_safe_mode_history_blocks=32 (explicit)
CONSENSUS config loaded: post_block_safe_mode_live_quorum_bps=6700 (explicit)
RPC config loaded: addr=127.0.0.1:26657 cors=[*] tls_cert=false tls_key=false auth_read=false auth_submit=false token_full=false token_read=false token_submit=false
VALIDATOR config loaded: dynamic=true deterministic=true equal_chance=true active_set=5 min_active=4 min_stake=100 cap=0.0500 uptime_window=1000 recovery=0.30 long_uptime=0.95 require_stake=true core_stake_exempt=true onboarding_grace_blocks=64 onboarding_max_new_slots=1 onboarding_strict_activation=true activation_delay=5 activation_model_v2_height=0 inactive_remove_blocks=8 rotation_window=50 banned=0 inactivity_penalty=true burn_bps=100 jail=500 cooldown=50 inactive_permanent=false heartbeat_ttl=25s grace=10s drift_blocks=8 rejoin_heartbeats=3 rejoin_signed=1 rejoin_window=16 fail_on_key_unavailable=true allow_identity_rotation=false active_set_mode=adaptive_committee max_active_committee=512 adaptive_log_mult=16 committee_rotation=32 activity_window=64 min_signed=1 heartbeat_scope=committee_only required_key_fingerprint= backup_required=true backup_dir=secure-backups backup_max_age_h=24 restore_on_missing=true allow_env_password_in_production=true password_mode=file_or_prompt
VALIDATOR config loaded: equal_chance_selection=true (explicit)
VALIDATOR config loaded: require_stake=true (explicit)
VALIDATOR config loaded: core_stake_exempt=true (explicit)
VALIDATOR config loaded: inactivity_penalty_enabled=true (explicit)
VALIDATOR config loaded: inactivity_penalty_burn_bps=100 (explicit)
VALIDATOR config loaded: inactivity_penalty_jail_blocks=500 (explicit)
VALIDATOR config loaded: inactivity_penalty_cooldown_blocks=50 (explicit)
VALIDATOR config loaded: permanent_remove_on_inactive=false (explicit)
VALIDATOR config loaded: liveness_heartbeat_ttl_seconds=25 (explicit)
VALIDATOR config loaded: liveness_grace_seconds=10 (explicit)
VALIDATOR config loaded: liveness_max_height_drift_blocks=8 (explicit)
VALIDATOR config loaded: rejoin_required_heartbeats=3 (explicit)
VALIDATOR config loaded: rejoin_required_signed_blocks=1 (explicit)
VALIDATOR config loaded: rejoin_window_blocks=16 (explicit)
VALIDATOR config loaded: fail_on_key_unavailable=true (explicit)
VALIDATOR config loaded: allow_identity_rotation_on_existing_chain=false (explicit)
VALIDATOR config loaded: active_set_mode=adaptive_committee (explicit)
VALIDATOR config loaded: max_active_committee=512 (explicit)
VALIDATOR config loaded: adaptive_committee_log_multiplier=16 (explicit)
VALIDATOR config loaded: committee_rotation_blocks=32 (explicit)
VALIDATOR config loaded: selection_activity_window_blocks=64 (explicit)
VALIDATOR config loaded: selection_min_signed_blocks=1 (explicit)
VALIDATOR config loaded: onboarding_grace_blocks=64 (explicit)
VALIDATOR config loaded: onboarding_max_new_slots=1 (explicit)
VALIDATOR config loaded: onboarding_strict_activation=true (explicit)
VALIDATOR config loaded: validator_set_activation_model_v2_height=0 (explicit)
VALIDATOR config loaded: validator_set_autoheal_mode=validator_quorum (explicit)
VALIDATOR config loaded: validator_set_autoheal_trusted_only_on_mismatch=true (explicit)
VALIDATOR config loaded: validator_set_autoheal_near_tip_force_after=2 (explicit)
VALIDATOR config loaded: validator_set_autoheal_pause_seconds=6 (explicit)
VALIDATOR config loaded: onboarding_bootstrap_lane_enabled=true (explicit)
VALIDATOR config loaded: onboarding_bootstrap_max_new_slots=1 (explicit)
VALIDATOR config loaded: onboarding_bootstrap_require_stake=true (explicit)
VALIDATOR config loaded: onboarding_bootstrap_require_not_jailed=true (explicit)
VALIDATOR config loaded: heartbeat_scope=committee_only (explicit)
VALIDATOR config loaded: required_key_fingerprint= (explicit)
VALIDATOR config loaded: key_backup_required=true (explicit)
VALIDATOR config loaded: key_backup_dir=secure-backups (explicit)
VALIDATOR config loaded: key_backup_max_age_hours=24 (explicit)
VALIDATOR config loaded: key_restore_allowed_on_missing=true (explicit)
VALIDATOR config loaded: allow_env_password_in_production=true (explicit)
VALIDATOR config loaded: core_env_password_allowed=true (explicit)
VALIDATOR config loaded: core_password_file= (explicit)
VALIDATOR config loaded: password_mode=file_or_prompt (explicit)
PROMO config loaded: obs=50 dcs=0.8500 uptime=98.00% div=70.00% div_epochs=20 srp=0.9000 srp_alpha=0.15 rate=1/100 test=false
NET config loaded: disable_dht=false block_public_peers=false diversity=true max_subnet=8 v4=24 v6=64 self_heal=true interval=5s min_peers=3 stall=20s autonat=false relay=false hole_punch=false
NET config loaded: mdns=true
NET config loaded: peer_diversity_enabled=true (explicit)
NET config loaded: peer_diversity_max_per_subnet=8 (explicit)
NET config loaded: peer_diversity_ipv4_prefix=24 (explicit)
NET config loaded: peer_diversity_ipv6_prefix=64 (explicit)
SYNC config loaded: snapshot_threshold_blocks=2000 (explicit)
SYNC config loaded: fresh_join_fallback_block_replay_enabled=true (explicit)
SYNC config loaded: snapshot_publish_new_node_threshold_blocks=50 (explicit)
SYNC config loaded: snapshot_publish_lag_threshold_blocks=20 (explicit)
SYNC config loaded: snapshot_publish_reannounce_cooldown_seconds=12 (explicit)
SYNC config loaded: snapshot_warmup_seconds=10 (explicit)
SYNC config loaded: fast_block_sync_max_blocks=256 (explicit)
SYNC config loaded: restart_snapshot_grace_blocks=256 (explicit)
SYNC config loaded: delta_replay_max_blocks=50000 (explicit)
SYNC config loaded: delta_replay_batch_blocks=1024 (explicit)
SYNC config loaded: delta_replay_verify_workers=8 (explicit)
SYNC config loaded: direct_gossip_max_blocks=128 (explicit)
SYNC config loaded: range_fetch_max_blocks=50000 (explicit)
SYNC config loaded: snapshot_delta_max_blocks=10000000 (explicit)
SYNC config loaded: snapshot_chunk_size_bytes=1048576 (explicit)
SYNC config loaded: snapshot_parallel_chunks=8 (explicit)
SYNC config loaded: sync_stall_seconds=180 (explicit)
SYNC config loaded: sync_peer_timeout_seconds=15 (explicit)
SYNC config loaded: snapshot_anchor_timeout_seconds=10 (explicit)
SYNC config loaded: snapshot_anchor_max_retries=6 (explicit)
SYNC config loaded: checkpoint_interval_blocks=32 (explicit)
SYNC config loaded: snapshot_checkpoint_domain=MSC_SNAPSHOT_V1 (explicit)
SYNC config loaded: snapshot_checkpoint_v2_height=0 (explicit)
SYNC config loaded: snapshot_session_ttl_seconds=0 (explicit)
SYNC config loaded: snapshot_quorum_apply_watchdog_seconds=15 (explicit)
SYNC config loaded: snapshot_session_reset_watchdog_seconds=60 (explicit)
SYNC config loaded: snapshot_invalid_proof_quarantine_after=3 (explicit)
SYNC config loaded: history_mode=background (explicit)
SYNC config loaded: trusted_snapshot_require_checkpoint_proof=true (explicit)
EVM config ignored: stack hard-disabled in this build
DTL config loaded: contract_runtime_removed=true contracts_v2=false compat_rpc_subset=false v2_activation_height=0 logs_index_enabled=true oracle_min_signers=3 oracle_staleness=120 lending_accrual_interval=1 beacon_delay=8 router_enabled=true router_max_hops=4 router_deadline_max_blocks=30 router_max_price_impact_bps=3000 router_quote_max_paths=16 defi_farm_enabled=true gamefi_season_enabled=true gamefi_reward_token=MSC
WARN dtl.solidity_like_runtime_enabled ignored: contract runtime removed
DTL config loaded: contracts_v2_enabled=false (explicit)
DTL config loaded: compat_rpc_subset_enabled=false (explicit)
DTL config loaded: v2_activation_height=0 (explicit)
DTL config loaded: logs_index_enabled=true (explicit)
DTL config loaded: oracle_min_signers=3 (explicit)
DTL config loaded: oracle_max_staleness_blocks=120 (explicit)
DTL config loaded: lending_accrual_interval_blocks=1 (explicit)
DTL config loaded: game_beacon_delay_blocks=8 (explicit)
WARN dtl.max_contract_call_depth ignored: contract runtime removed
WARN dtl.bytecode_runtime_enabled ignored: contract runtime removed
WARN dtl.bytecode_activation_height ignored: contract runtime removed
WARN dtl.bytecode_max_size ignored: contract runtime removed
WARN dtl.bytecode_require_canonical ignored: contract runtime removed
DTL config loaded: router_enabled=true (explicit)
DTL config loaded: router_max_hops=4 (explicit)
DTL config loaded: router_deadline_max_blocks=30 (explicit)
DTL config loaded: router_max_price_impact_bps=3000 (explicit)
DTL config loaded: router_quote_max_paths=16 (explicit)
DTL config loaded: defi_farm_enabled=true (explicit)
DTL config loaded: gamefi_season_enabled=true (explicit)
DTL config loaded: gamefi_reward_token=MSC (explicit)
DTL config loaded: gamefi_season_length_blocks=43200 (explicit)
DTL config loaded: gamefi_claim_grace_blocks=21600 (explicit)
DTL config loaded: gamefi_fee_share_from_pool_bps=2500 (explicit)
DTL config loaded: gamefi_fee_share_from_lending_bps=2000 (explicit)
DTL config loaded: gamefi_duel_win_points=100 (explicit)
DTL config loaded: gamefi_tournament_win_points=600 (explicit)
DTL config loaded: gamefi_tournament_participation_points=80 (explicit)
DTL config loaded: farm_min_stake_blocks=50 (explicit)
DTL config loaded: farm_lp_points_per_block=1 (explicit)
DTL config loaded: farm_max_multiplier_bps=30000 (explicit)
DTL config loaded: gamefi_max_reward_per_account_per_season=1000000 (explicit)
[DTL-CONTRACT-RUNTIME] removed=true
TOKENOMICS config loaded: allow_treasury_ops=false
TOKENOMICS config loaded: random_user_reward_enabled=true
TOKENOMICS config loaded: random_user_reward_chance_bps=2500
TOKENOMICS config loaded: emission_enabled=true
TOKENOMICS config loaded: emission_min_reward=2
TOKENOMICS config loaded: emission_max_reward=4
TOKENOMICS config loaded: work_block_reward_enabled=true
TOKENOMICS config loaded: work_block_base_reward=2
TOKENOMICS config loaded: emission_jackpot_chance_bps=100
TOKENOMICS config loaded: emission_base_chance_bps=10000
TOKENOMICS config loaded: emission_high_chance_after_blocks=1105840
TOKENOMICS config loaded: emission_high_chance_bps=10000
TOKENOMICS config loaded: emission_halving_interval_blocks=1105840
TOKENOMICS config loaded: emission_treasury_bps=2000
TOKENOMICS config loaded: emission_validator_bps=7200
TOKENOMICS config loaded: emission_burn_bps=800
TOKENOMICS config loaded: emission_interval_mode=false
TOKENOMICS config loaded: emission_gap_min_blocks=4
TOKENOMICS config loaded: emission_gap_max_blocks=6
TOKENOMICS config loaded: emission_validator_to_proposer=false
TOKENOMICS config loaded: supply_burn_floor=62000000
TOKENOMICS config loaded: unified_team_reward_enabled=true
TOKENOMICS config loaded: unified_team_reward_treasury_bps=2000
TOKENOMICS config loaded: unified_team_reward_proposer_bps=3500
TOKENOMICS config loaded: unified_team_reward_validator_bps=4500
AUTH config loaded: require_wallet=true open_browser=true timeout=600s challenge_ttl=180s token_ttl=86400s core=[A B C D]
CORE config loaded: registry_path=core_validators.json (explicit)
CORE config loaded: registry_enforcement=warn (explicit)
CORE config loaded: registry_min_signatures=0 (explicit)
CORE config loaded: registry_reload_seconds=10 (explicit)
STORAGE config loaded: key_env=MSC_DB_ENCRYPTION_KEY key_file= key_hex=false key_b64=false
STORAGE runtime: db_encryption=false
2026/05/20 23:21:06 RPC address resolved: 127.0.0.1:26660 (source=cli)
===============================================
===============================================
Node ID     : D
Mode        : full
Role        : validator
Data Dir    : data/D
Listen Port : 7004
===============================================
2026/05/20 23:21:06 [PEER-BOOTSTRAP-RECONCILE] base=/ip4/127.0.0.1/tcp/7001 old=12D3KooWGpHi5kd7qv2bb4kt8mj82B5qZKPvfyTxEcg5XvbxaTXg new=12D3KooWPVKESWFG9sS8G6vjhfPn54kWuNFkkuHwG4yQXhYRcXjX source=peers.json
2026/05/20 23:21:06 [PEER-BOOTSTRAP-RECONCILE] base=/ip4/127.0.0.1/tcp/7002 old=12D3KooWNV3HvPD8CJkhRRdvgv5mvshg49kE4cbQnbkhZq1G7msh new=12D3KooWHdmUKc1bYKY3scg6TqGhK3SutwH9hu1aAez4VmvwkEyk source=peers.json
2026/05/20 23:21:06 [PEER-BOOTSTRAP-RECONCILE] base=/ip4/127.0.0.1/tcp/7003 old=12D3KooWETqJcDdusDVo7kZnu5KC56eowZXtQmLkpbpBVME5ijEN new=12D3KooWD9ed8zJXbW8uUU6XHD2UYrsQQEvnuXReJWFeo52dvdf8 source=peers.json
2026/05/20 23:21:06 validator key unlocked
2026/05/20 23:21:06 [KEY-AUDIT] validator=D backup_present=true backup_age_s=0 integrity=true
2026/05/20 23:21:06 [IDENTITY] key_loaded=true validator=D fingerprint=4311319dbfc81016 expected= match=true source=existing mode=strict
2026/05/20 23:21:06 SECURITY: storage DB encryption is disabled. Configure [storage] encryption key and OS disk encryption (BitLocker/LUKS/FileVault).
2026/05/20 23:21:06 [JOB 1] WAL file C:\Users\Mohammad Talha\OneDrive\Desktop\msc-chain\data\D\node_D\state.db\004275.log with log number 004275 stopped reading at offset: 257488; replayed 56 keys in 28 batches
2026/05/20 23:21:06 [JOB 1] WAL file C:\Users\Mohammad Talha\OneDrive\Desktop\msc-chain\data\D\node_D\state.db\004280.log with log number 004280 stopped reading at offset: 36784; replayed 8 keys in 4 batches
2026/05/20 23:21:06 [JOB 1] WAL file C:\Users\Mohammad Talha\OneDrive\Desktop\msc-chain\data\D\node_D\blocks.db\000515.log with log number 000515 stopped reading at offset: 4742; replayed 2 keys in 2 batches
2026/05/20 23:21:06 [JOB 1] WAL file C:\Users\Mohammad Talha\OneDrive\Desktop\msc-chain\data\D\node_D\tx.db\000427.log with log number 000427 stopped reading at offset: 0; replayed 0 keys in 0 batches
2026/05/20 23:21:06 [JOB 1] WAL file C:\Users\Mohammad Talha\OneDrive\Desktop\msc-chain\data\D\node_D\meta.db\000903.log with log number 000903 stopped reading at offset: 229768; replayed 35 keys in 35 batches
2026/05/20 23:21:06 [JOB 1] WAL file C:\Users\Mohammad Talha\OneDrive\Desktop\msc-chain\data\D\node_D\meta.db\000907.log with log number 000907 stopped reading at offset: 333050; replayed 4 keys in 4 batches
[REGISTRY-BOOTSTRAP] height=0 chain_height=3129 reason=early_height
[WARN] consensus validator set unresolved height=1 chain_height=3129 expected_hash= local_hash= local_source=none snapshot_missing=false
2026/05/20 23:21:07 [REGISTRY-MISSING] height=1 chain_tip=3129
[REGISTRY-MISSING] height=1 chain_height=3129 db_state=true
[REGISTRY-BOOTSTRAP] height=1 chain_height=3129 reason=early_height
2026/05/20 23:21:07 [REGISTRY-HISTORY-REBUILD] height=1024 status=scheduled reason=consensus_set_unresolved
[WARN] consensus validator set unresolved height=2 chain_height=3129 expected_hash=34a93d19 local_hash= local_source=none snapshot_missing=false
2026/05/20 23:21:07 [REGISTRY-HISTORY-REBUILD] height=1024 status=started reason=consensus_set_unresolved
2026/05/20 23:21:07 [REGISTRY-HISTORY-REBUILD] height=1024 status=ok reason=consensus_set_unresolved
[WARN] consensus validator set unresolved height=3 chain_height=3129 expected_hash=34a93d19 local_hash= local_source=none snapshot_missing=false
[WARN] consensus validator set unresolved height=4 chain_height=3129 expected_hash=34a93d19 local_hash= local_source=none snapshot_missing=false
[WARN] consensus validator set unresolved height=5 chain_height=3129 expected_hash=34a93d19 local_hash= local_source=none snapshot_missing=false
[WARN] consensus validator set unresolved height=6 chain_height=3129 expected_hash=34a93d19 local_hash= local_source=none snapshot_missing=false
[WARN] consensus validator set unresolved height=7 chain_height=3129 expected_hash=34a93d19 local_hash= local_source=none snapshot_missing=false
[WARN] consensus validator set unresolved height=8 chain_height=3129 expected_hash=34a93d19 local_hash= local_source=none snapshot_missing=false
[WARN] consensus validator set unresolved height=9 chain_height=3129 expected_hash=34a93d19 local_hash= local_source=none snapshot_missing=false
[WARN] consensus validator set unresolved height=10 chain_height=3129 expected_hash=34a93d19 local_hash= local_source=none snapshot_missing=false
[WARN] consensus validator set unresolved height=11 chain_height=3129 expected_hash=34a93d19 local_hash= local_source=none snapshot_missing=false
[WARN] consensus validator set unresolved height=12 chain_height=3129 expected_hash=34a93d19 local_hash= local_source=none snapshot_missing=false
[WARN] consensus validator set unresolved height=13 chain_height=3129 expected_hash=34a93d19 local_hash= local_source=none snapshot_missing=false
[WARN] consensus validator set unresolved height=14 chain_height=3129 expected_hash=34a93d19 local_hash= local_source=none snapshot_missing=false
[WARN] consensus validator set unresolved height=15 chain_height=3129 expected_hash=34a93d19 local_hash= local_source=none snapshot_missing=false
[WARN] consensus validator set unresolved height=16 chain_height=3129 expected_hash=34a93d19 local_hash= local_source=none snapshot_missing=false
[WARN] consensus validator set unresolved height=17 chain_height=3129 expected_hash=34a93d19 local_hash= local_source=none snapshot_missing=false
[WARN] consensus validator set unresolved height=18 chain_height=3129 expected_hash=34a93d19 local_hash= local_source=none snapshot_missing=false
[WARN] consensus validator set unresolved height=19 chain_height=3129 expected_hash=34a93d19 local_hash= local_source=none snapshot_missing=false
[WARN] consensus validator set unresolved height=20 chain_height=3129 expected_hash=34a93d19 local_hash= local_source=none snapshot_missing=false
[WARN] consensus validator set unresolved height=21 chain_height=3129 expected_hash=34a93d19 local_hash= local_source=none snapshot_missing=false
[WARN] consensus validator set unresolved height=22 chain_height=3129 expected_hash=34a93d19 local_hash= local_source=none snapshot_missing=false
[WARN] consensus validator set unresolved height=23 chain_height=3129 expected_hash=34a93d19 local_hash= local_source=none snapshot_missing=false
[WARN] consensus validator set unresolved height=24 chain_height=3129 expected_hash=34a93d19 local_hash= local_source=none snapshot_missing=false
[WARN] consensus validator set unresolved height=25 chain_height=3129 expected_hash=34a93d19 local_hash= local_source=none snapshot_missing=false
[WARN] consensus validator set unresolved height=26 chain_height=3129 expected_hash=34a93d19 local_hash= local_source=none snapshot_missing=false
[WARN] consensus validator set unresolved height=27 chain_height=3129 expected_hash=34a93d19 local_hash= local_source=none snapshot_missing=false
[WARN] consensus validator set unresolved height=28 chain_height=3129 expected_hash=34a93d19 local_hash= local_source=none snapshot_missing=false
[WARN] consensus validator set unresolved height=29 chain_height=3129 expected_hash=34a93d19 local_hash= local_source=none snapshot_missing=false
[WARN] consensus validator set unresolved height=30 chain_height=3129 expected_hash=34a93d19 local_hash= local_source=none snapshot_missing=false
[WARN] consensus validator set unresolved height=31 chain_height=3129 expected_hash=34a93d19 local_hash= local_source=none snapshot_missing=false
[WARN] consensus validator set unresolved height=32 chain_height=3129 expected_hash=34a93d19 local_hash= local_source=none snapshot_missing=false
[WARN] consensus validator set unresolved height=33 chain_height=3129 expected_hash=34a93d19 local_hash= local_source=none snapshot_missing=false
[WARN] consensus validator set unresolved height=34 chain_height=3129 expected_hash=34a93d19 local_hash= local_source=none snapshot_missing=false
[WARN] consensus validator set unresolved height=35 chain_height=3129 expected_hash=34a93d19 local_hash= local_source=none snapshot_missing=false
[WARN] consensus validator set unresolved height=36 chain_height=3129 expected_hash=34a93d19 local_hash= local_source=none snapshot_missing=false
[WARN] consensus validator set unresolved height=37 chain_height=3129 expected_hash=34a93d19 local_hash= local_source=none snapshot_missing=false
[WARN] consensus validator set unresolved height=38 chain_height=3129 expected_hash=34a93d19 local_hash= local_source=none snapshot_missing=false
[WARN] consensus validator set unresolved height=39 chain_height=3129 expected_hash=34a93d19 local_hash= local_source=none snapshot_missing=false
[WARN] consensus validator set unresolved height=40 chain_height=3129 expected_hash=34a93d19 local_hash= local_source=none snapshot_missing=false
[WARN] consensus validator set unresolved height=41 chain_height=3129 expected_hash=34a93d19 local_hash= local_source=none snapshot_missing=false
[WARN] consensus validator set unresolved height=42 chain_height=3129 expected_hash=34a93d19 local_hash= local_source=none snapshot_missing=false
[WARN] consensus validator set unresolved height=43 chain_height=3129 expected_hash=34a93d19 local_hash= local_source=none snapshot_missing=false
[WARN] consensus validator set unresolved height=44 chain_height=3129 expected_hash=34a93d19 local_hash= local_source=none snapshot_missing=false
[WARN] consensus validator set unresolved height=45 chain_height=3129 expected_hash=34a93d19 local_hash= local_source=none snapshot_missing=false
[WARN] consensus validator set unresolved height=46 chain_height=3129 expected_hash=34a93d19 local_hash= local_source=none snapshot_missing=false
[WARN] consensus validator set unresolved height=47 chain_height=3129 expected_hash=34a93d19 local_hash= local_source=none snapshot_missing=false
[WARN] consensus validator set unresolved height=48 chain_height=3129 expected_hash=34a93d19 local_hash= local_source=none snapshot_missing=false
[WARN] consensus validator set unresolved height=49 chain_height=3129 expected_hash=34a93d19 local_hash= local_source=none snapshot_missing=false
[WARN] consensus validator set unresolved height=50 chain_height=3129 expected_hash=34a93d19 local_hash= local_source=none snapshot_missing=false
[WARN] consensus validator set unresolved height=51 chain_height=3129 expected_hash=34a93d19 local_hash= local_source=none snapshot_missing=false
[WARN] consensus validator set unresolved height=52 chain_height=3129 expected_hash=34a93d19 local_hash= local_source=none snapshot_missing=false
[WARN] consensus validator set unresolved height=53 chain_height=3129 expected_hash=34a93d19 local_hash= local_source=none snapshot_missing=false
[WARN] consensus validator set unresolved height=54 chain_height=3129 expected_hash=34a93d19 local_hash= local_source=none snapshot_missing=false
[WARN] consensus validator set unresolved height=55 chain_height=3129 expected_hash=34a93d19 local_hash= local_source=none snapshot_missing=false
[WARN] consensus validator set unresolved height=56 chain_height=3129 expected_hash=34a93d19 local_hash= local_source=none snapshot_missing=false
[WARN] consensus validator set unresolved height=57 chain_height=3129 expected_hash=34a93d19 local_hash= local_source=none snapshot_missing=false
[WARN] consensus validator set unresolved height=58 chain_height=3129 expected_hash=34a93d19 local_hash= local_source=none snapshot_missing=false
[WARN] consensus validator set unresolved height=59 chain_height=3129 expected_hash=34a93d19 local_hash= local_source=none snapshot_missing=false
[WARN] consensus validator set unresolved height=60 chain_height=3129 expected_hash=34a93d19 local_hash= local_source=none snapshot_missing=false
[WARN] consensus validator set unresolved height=61 chain_height=3129 expected_hash=34a93d19 local_hash= local_source=none snapshot_missing=false
[WARN] consensus validator set unresolved height=62 chain_height=3129 expected_hash=34a93d19 local_hash= local_source=none snapshot_missing=false
[WARN] consensus validator set unresolved height=63 chain_height=3129 expected_hash=34a93d19 local_hash= local_source=none snapshot_missing=false
[WARN] consensus validator set unresolved height=64 chain_height=3129 expected_hash=34a93d19 local_hash= local_source=none snapshot_missing=false
[WARN] consensus validator set unresolved height=65 chain_height=3129 expected_hash=34a93d19 local_hash= local_source=none snapshot_missing=false
[WARN] consensus validator set unresolved height=66 chain_height=3129 expected_hash=34a93d19 local_hash= local_source=none snapshot_missing=false
[WARN] consensus validator set unresolved height=67 chain_height=3129 expected_hash=34a93d19 local_hash= local_source=none snapshot_missing=false
[WARN] consensus validator set unresolved height=68 chain_height=3129 expected_hash=34a93d19 local_hash= local_source=none snapshot_missing=false
[WARN] consensus validator set unresolved height=69 chain_height=3129 expected_hash=34a93d19 local_hash= local_source=none snapshot_missing=false
[WARN] consensus validator set unresolved height=70 chain_height=3129 expected_hash=34a93d19 local_hash= local_source=none snapshot_missing=false
[WARN] consensus validator set unresolved height=71 chain_height=3129 expected_hash=34a93d19 local_hash= local_source=none snapshot_missing=false
[WARN] consensus validator set unresolved height=72 chain_height=3129 expected_hash=34a93d19 local_hash= local_source=none snapshot_missing=false
[WARN] consensus validator set unresolved height=73 chain_height=3129 expected_hash=34a93d19 local_hash= local_source=none snapshot_missing=false
[WARN] consensus validator set unresolved height=74 chain_height=3129 expected_hash=34a93d19 local_hash= local_source=none snapshot_missing=false
[WARN] consensus validator set unresolved height=75 chain_height=3129 expected_hash=34a93d19 local_hash= local_source=none snapshot_missing=false
[WARN] consensus validator set unresolved height=76 chain_height=3129 expected_hash=34a93d19 local_hash= local_source=none snapshot_missing=false
[WARN] consensus validator set unresolved height=77 chain_height=3129 expected_hash=34a93d19 local_hash= local_source=none snapshot_missing=false
[WARN] consensus validator set unresolved height=78 chain_height=3129 expected_hash=34a93d19 local_hash= local_source=none snapshot_missing=false
[WARN] consensus validator set unresolved height=79 chain_height=3129 expected_hash=34a93d19 local_hash= local_source=none snapshot_missing=false
[WARN] consensus validator set unresolved height=80 chain_height=3129 expected_hash=34a93d19 local_hash= local_source=none snapshot_missing=false
[WARN] consensus validator set unresolved height=81 chain_height=3129 expected_hash=34a93d19 local_hash= local_source=none snapshot_missing=false
[WARN] consensus validator set unresolved height=82 chain_height=3129 expected_hash=34a93d19 local_hash= local_source=none snapshot_missing=false
[WARN] consensus validator set unresolved height=83 chain_height=3129 expected_hash=34a93d19 local_hash= local_source=none snapshot_missing=false
[WARN] consensus validator set unresolved height=84 chain_height=3129 expected_hash=34a93d19 local_hash= local_source=none snapshot_missing=false
[WARN] consensus validator set unresolved height=85 chain_height=3129 expected_hash=34a93d19 local_hash= local_source=none snapshot_missing=false
[WARN] consensus validator set unresolved height=86 chain_height=3129 expected_hash=34a93d19 local_hash= local_source=none snapshot_missing=false
[WARN] consensus validator set unresolved height=87 chain_height=3129 expected_hash=34a93d19 local_hash= local_source=none snapshot_missing=false
[WARN] consensus validator set unresolved height=88 chain_height=3129 expected_hash=34a93d19 local_hash= local_source=none snapshot_missing=false
[WARN] consensus validator set unresolved height=89 chain_height=3129 expected_hash=34a93d19 local_hash= local_source=none snapshot_missing=false
[WARN] consensus validator set unresolved height=90 chain_height=3129 expected_hash=34a93d19 local_hash= local_source=none snapshot_missing=false
[WARN] consensus validator set unresolved height=91 chain_height=3129 expected_hash=34a93d19 local_hash= local_source=none snapshot_missing=false
[WARN] consensus validator set unresolved height=92 chain_height=3129 expected_hash=34a93d19 local_hash= local_source=none snapshot_missing=false
[WARN] consensus validator set unresolved height=93 chain_height=3129 expected_hash=34a93d19 local_hash= local_source=none snapshot_missing=false
[WARN] consensus validator set unresolved height=94 chain_height=3129 expected_hash=34a93d19 local_hash= local_source=none snapshot_missing=false
[WARN] consensus validator set unresolved height=95 chain_height=3129 expected_hash=34a93d19 local_hash= local_source=none snapshot_missing=false
[WARN] consensus validator set unresolved height=96 chain_height=3129 expected_hash=34a93d19 local_hash= local_source=none snapshot_missing=false
[WARN] consensus validator set unresolved height=97 chain_height=3129 expected_hash=34a93d19 local_hash= local_source=none snapshot_missing=false
[WARN] consensus validator set unresolved height=98 chain_height=3129 expected_hash=34a93d19 local_hash= local_source=none snapshot_missing=false
[WARN] consensus validator set unresolved height=99 chain_height=3129 expected_hash=34a93d19 local_hash= local_source=none snapshot_missing=false
[WARN] consensus validator set unresolved height=100 chain_height=3129 expected_hash=34a93d19 local_hash= local_source=none snapshot_missing=false
[WARN] consensus validator set unresolved height=101 chain_height=3129 expected_hash=34a93d19 local_hash= local_source=none snapshot_missing=false
[WARN] consensus validator set unresolved height=102 chain_height=3129 expected_hash=34a93d19 local_hash= local_source=none snapshot_missing=false
[WARN] consensus validator set unresolved height=103 chain_height=3129 expected_hash=34a93d19 local_hash= local_source=none snapshot_missing=false
[WARN] consensus validator set unresolved height=104 chain_height=3129 expected_hash=34a93d19 local_hash= local_source=none snapshot_missing=false
[WARN] consensus validator set unresolved height=105 chain_height=3129 expected_hash=34a93d19 local_hash= local_source=none snapshot_missing=false
[WARN] consensus validator set unresolved height=106 chain_height=3129 expected_hash=34a93d19 local_hash= local_source=none snapshot_missing=false
[WARN] consensus validator set unresolved height=107 chain_height=3129 expected_hash=34a93d19 local_hash= local_source=none snapshot_missing=false
[WARN] consensus validator set unresolved height=108 chain_height=3129 expected_hash=34a93d19 local_hash= local_source=none snapshot_missing=false
[WARN] consensus validator set unresolved height=109 chain_height=3129 expected_hash=34a93d19 local_hash= local_source=none snapshot_missing=false
[WARN] consensus validator set unresolved height=110 chain_height=3129 expected_hash=34a93d19 local_hash= local_source=none snapshot_missing=false
[WARN] consensus validator set unresolved height=111 chain_height=3129 expected_hash=34a93d19 local_hash= local_source=none snapshot_missing=false
[WARN] consensus validator set unresolved height=112 chain_height=3129 expected_hash=34a93d19 local_hash= local_source=none snapshot_missing=false
[WARN] consensus validator set unresolved height=113 chain_height=3129 expected_hash=34a93d19 local_hash= local_source=none snapshot_missing=false
[WARN] consensus validator set unresolved height=114 chain_height=3129 expected_hash=34a93d19 local_hash= local_source=none snapshot_missing=false
[WARN] consensus validator set unresolved height=115 chain_height=3129 expected_hash=34a93d19 local_hash= local_source=none snapshot_missing=false
[WARN] consensus validator set unresolved height=116 chain_height=3129 expected_hash=34a93d19 local_hash= local_source=none snapshot_missing=false
[WARN] consensus validator set unresolved height=117 chain_height=3129 expected_hash=34a93d19 local_hash= local_source=none snapshot_missing=false
[WARN] consensus validator set unresolved height=118 chain_height=3129 expected_hash=34a93d19 local_hash= local_source=none snapshot_missing=false
[WARN] consensus validator set unresolved height=119 chain_height=3129 expected_hash=34a93d19 local_hash= local_source=none snapshot_missing=false
[WARN] consensus validator set unresolved height=120 chain_height=3129 expected_hash=34a93d19 local_hash= local_source=none snapshot_missing=false
[WARN] consensus validator set unresolved height=121 chain_height=3129 expected_hash=34a93d19 local_hash= local_source=none snapshot_missing=false
[WARN] consensus validator set unresolved height=122 chain_height=3129 expected_hash=34a93d19 local_hash= local_source=none snapshot_missing=false
[WARN] consensus validator set unresolved height=123 chain_height=3129 expected_hash=34a93d19 local_hash= local_source=none snapshot_missing=false
[WARN] consensus validator set unresolved height=124 chain_height=3129 expected_hash=34a93d19 local_hash= local_source=none snapshot_missing=false
[WARN] consensus validator set unresolved height=125 chain_height=3129 expected_hash=34a93d19 local_hash= local_source=none snapshot_missing=false
[WARN] consensus validator set unresolved height=126 chain_height=3129 expected_hash=34a93d19 local_hash= local_source=none snapshot_missing=false
[WARN] consensus validator set unresolved height=127 chain_height=3129 expected_hash=34a93d19 local_hash= local_source=none snapshot_missing=false
[WARN] consensus validator set unresolved height=128 chain_height=3129 expected_hash=34a93d19 local_hash= local_source=none snapshot_missing=false
[WARN] consensus validator set unresolved height=129 chain_height=3129 expected_hash=34a93d19 local_hash= local_source=none snapshot_missing=false
[WARN] consensus validator set unresolved height=130 chain_height=3129 expected_hash=34a93d19 local_hash= local_source=none snapshot_missing=false
[WARN] consensus validator set unresolved height=131 chain_height=3129 expected_hash=34a93d19 local_hash= local_source=none snapshot_missing=false
[WARN] consensus validator set unresolved height=132 chain_height=3129 expected_hash=34a93d19 local_hash= local_source=none snapshot_missing=false
[WARN] consensus validator set unresolved height=133 chain_height=3129 expected_hash=34a93d19 local_hash= local_source=none snapshot_missing=false
[WARN] consensus validator set unresolved height=134 chain_height=3129 expected_hash=34a93d19 local_hash= local_source=none snapshot_missing=false
[WARN] consensus validator set unresolved height=135 chain_height=3129 expected_hash=34a93d19 local_hash= local_source=none snapshot_missing=false
[WARN] consensus validator set unresolved height=136 chain_height=3129 expected_hash=34a93d19 local_hash= local_source=none snapshot_missing=false
[WARN] consensus validator set unresolved height=137 chain_height=3129 expected_hash=34a93d19 local_hash= local_source=none snapshot_missing=false
[WARN] consensus validator set unresolved height=138 chain_height=3129 expected_hash=34a93d19 local_hash= local_source=none snapshot_missing=false
[WARN] consensus validator set unresolved height=139 chain_height=3129 expected_hash=34a93d19 local_hash= local_source=none snapshot_missing=false
[WARN] consensus validator set unresolved height=140 chain_height=3129 expected_hash=34a93d19 local_hash= local_source=none snapshot_missing=false
[WARN] consensus validator set unresolved height=141 chain_height=3129 expected_hash=34a93d19 local_hash= local_source=none snapshot_missing=false
[WARN] consensus validator set unresolved height=142 chain_height=3129 expected_hash=34a93d19 local_hash= local_source=none snapshot_missing=false
[WARN] consensus validator set unresolved height=143 chain_height=3129 expected_hash=34a93d19 local_hash= local_source=none snapshot_missing=false
[WARN] consensus validator set unresolved height=144 chain_height=3129 expected_hash=34a93d19 local_hash= local_source=none snapshot_missing=false
[WARN] consensus validator set unresolved height=145 chain_height=3129 expected_hash=34a93d19 local_hash= local_source=none snapshot_missing=false
[WARN] consensus validator set unresolved height=146 chain_height=3129 expected_hash=34a93d19 local_hash= local_source=none snapshot_missing=false
[WARN] consensus validator set unresolved height=147 chain_height=3129 expected_hash=34a93d19 local_hash= local_source=none snapshot_missing=false
[WARN] consensus validator set unresolved height=148 chain_height=3129 expected_hash=34a93d19 local_hash= local_source=none snapshot_missing=false
[WARN] consensus validator set unresolved height=149 chain_height=3129 expected_hash=34a93d19 local_hash= local_source=none snapshot_missing=false
[WARN] consensus validator set unresolved height=150 chain_height=3129 expected_hash=34a93d19 local_hash= local_source=none snapshot_missing=false
[WARN] consensus validator set unresolved height=151 chain_height=3129 expected_hash=34a93d19 local_hash= local_source=none snapshot_missing=false
[WARN] consensus validator set unresolved height=152 chain_height=3129 expected_hash=34a93d19 local_hash= local_source=none snapshot_missing=false
[WARN] consensus validator set unresolved height=153 chain_height=3129 expected_hash=34a93d19 local_hash= local_source=none snapshot_missing=false
[WARN] consensus validator set unresolved height=154 chain_height=3129 expected_hash=34a93d19 local_hash= local_source=none snapshot_missing=false
[WARN] consensus validator set unresolved height=155 chain_height=3129 expected_hash=34a93d19 local_hash= local_source=none snapshot_missing=false
[WARN] consensus validator set unresolved height=156 chain_height=3129 expected_hash=34a93d19 local_hash= local_source=none snapshot_missing=false
[WARN] consensus validator set unresolved height=157 chain_height=3129 expected_hash=34a93d19 local_hash= local_source=none snapshot_missing=false
[WARN] consensus validator set unresolved height=158 chain_height=3129 expected_hash=34a93d19 local_hash= local_source=none snapshot_missing=false
[WARN] consensus validator set unresolved height=159 chain_height=3129 expected_hash=34a93d19 local_hash= local_source=none snapshot_missing=false
[WARN] consensus validator set unresolved height=160 chain_height=3129 expected_hash=34a93d19 local_hash= local_source=none snapshot_missing=false
[WARN] consensus validator set unresolved height=161 chain_height=3129 expected_hash=34a93d19 local_hash= local_source=none snapshot_missing=false
[WARN] consensus validator set unresolved height=162 chain_height=3129 expected_hash=34a93d19 local_hash= local_source=none snapshot_missing=false
[WARN] consensus validator set unresolved height=163 chain_height=3129 expected_hash=34a93d19 local_hash= local_source=none snapshot_missing=false
[WARN] consensus validator set unresolved height=164 chain_height=3129 expected_hash=34a93d19 local_hash= local_source=none snapshot_missing=false
[WARN] consensus validator set unresolved height=165 chain_height=3129 expected_hash=34a93d19 local_hash= local_source=none snapshot_missing=false
[WARN] consensus validator set unresolved height=166 chain_height=3129 expected_hash=34a93d19 local_hash= local_source=none snapshot_missing=false
[WARN] consensus validator set unresolved height=167 chain_height=3129 expected_hash=34a93d19 local_hash= local_source=none snapshot_missing=false
[WARN] consensus validator set unresolved height=168 chain_height=3129 expected_hash=34a93d19 local_hash= local_source=none snapshot_missing=false
[WARN] consensus validator set unresolved height=169 chain_height=3129 expected_hash=34a93d19 local_hash= local_source=none snapshot_missing=false
[WARN] consensus validator set unresolved height=170 chain_height=3129 expected_hash=34a93d19 local_hash= local_source=none snapshot_missing=false
[WARN] consensus validator set unresolved height=171 chain_height=3129 expected_hash=34a93d19 local_hash= local_source=none snapshot_missing=false
[WARN] consensus validator set unresolved height=172 chain_height=3129 expected_hash=34a93d19 local_hash= local_source=none snapshot_missing=false
[WARN] consensus validator set unresolved height=173 chain_height=3129 expected_hash=34a93d19 local_hash= local_source=none snapshot_missing=false
[WARN] consensus validator set unresolved height=174 chain_height=3129 expected_hash=34a93d19 local_hash= local_source=none snapshot_missing=false
[WARN] consensus validator set unresolved height=175 chain_height=3129 expected_hash=34a93d19 local_hash= local_source=none snapshot_missing=false
[WARN] consensus validator set unresolved height=176 chain_height=3129 expected_hash=34a93d19 local_hash= local_source=none snapshot_missing=false
[WARN] consensus validator set unresolved height=177 chain_height=3129 expected_hash=34a93d19 local_hash= local_source=none snapshot_missing=false
[WARN] consensus validator set unresolved height=178 chain_height=3129 expected_hash=34a93d19 local_hash= local_source=none snapshot_missing=false
[WARN] consensus validator set unresolved height=179 chain_height=3129 expected_hash=34a93d19 local_hash= local_source=none snapshot_missing=false
[WARN] consensus validator set unresolved height=180 chain_height=3129 expected_hash=34a93d19 local_hash= local_source=none snapshot_missing=false
[WARN] consensus validator set unresolved height=181 chain_height=3129 expected_hash=34a93d19 local_hash= local_source=none snapshot_missing=false
[WARN] consensus validator set unresolved height=182 chain_height=3129 expected_hash=34a93d19 local_hash= local_source=none snapshot_missing=false
[WARN] consensus validator set unresolved height=183 chain_height=3129 expected_hash=34a93d19 local_hash= local_source=none snapshot_missing=false
[WARN] consensus validator set unresolved height=184 chain_height=3129 expected_hash=34a93d19 local_hash= local_source=none snapshot_missing=false
[WARN] consensus validator set unresolved height=185 chain_height=3129 expected_hash=34a93d19 local_hash= local_source=none snapshot_missing=false
[WARN] consensus validator set unresolved height=186 chain_height=3129 expected_hash=34a93d19 local_hash= local_source=none snapshot_missing=false
[WARN] consensus validator set unresolved height=187 chain_height=3129 expected_hash=34a93d19 local_hash= local_source=none snapshot_missing=false
[WARN] consensus validator set unresolved height=188 chain_height=3129 expected_hash=34a93d19 local_hash= local_source=none snapshot_missing=false
[WARN] consensus validator set unresolved height=189 chain_height=3129 expected_hash=34a93d19 local_hash= local_source=none snapshot_missing=false
[WARN] consensus validator set unresolved height=190 chain_height=3129 expected_hash=34a93d19 local_hash= local_source=none snapshot_missing=false
[WARN] consensus validator set unresolved height=191 chain_height=3129 expected_hash=34a93d19 local_hash= local_source=none snapshot_missing=false
[WARN] consensus validator set unresolved height=192 chain_height=3129 expected_hash=34a93d19 local_hash= local_source=none snapshot_missing=false
[WARN] consensus validator set unresolved height=193 chain_height=3129 expected_hash=34a93d19 local_hash= local_source=none snapshot_missing=false
[WARN] consensus validator set unresolved height=194 chain_height=3129 expected_hash=34a93d19 local_hash= local_source=none snapshot_missing=false
[WARN] consensus validator set unresolved height=195 chain_height=3129 expected_hash=34a93d19 local_hash= local_source=none snapshot_missing=false
[WARN] consensus validator set unresolved height=196 chain_height=3129 expected_hash=34a93d19 local_hash= local_source=none snapshot_missing=false
[WARN] consensus validator set unresolved height=197 chain_height=3129 expected_hash=34a93d19 local_hash= local_source=none snapshot_missing=false
[WARN] consensus validator set unresolved height=198 chain_height=3129 expected_hash=34a93d19 local_hash= local_source=none snapshot_missing=false
[WARN] consensus validator set unresolved height=199 chain_height=3129 expected_hash=34a93d19 local_hash= local_source=none snapshot_missing=false
[WARN] consensus validator set unresolved height=200 chain_height=3129 expected_hash=34a93d19 local_hash= local_source=none snapshot_missing=false
[WARN] consensus validator set unresolved height=201 chain_height=3129 expected_hash=34a93d19 local_hash= local_source=none snapshot_missing=false
[WARN] consensus validator set unresolved height=202 chain_height=3129 expected_hash=34a93d19 local_hash= local_source=none snapshot_missing=false
[WARN] consensus validator set unresolved height=203 chain_height=3129 expected_hash=34a93d19 local_hash= local_source=none snapshot_missing=false
[WARN] consensus validator set unresolved height=204 chain_height=3129 expected_hash=34a93d19 local_hash= local_source=none snapshot_missing=false
[WARN] consensus validator set unresolved height=205 chain_height=3129 expected_hash=34a93d19 local_hash= local_source=none snapshot_missing=false
[WARN] consensus validator set unresolved height=206 chain_height=3129 expected_hash=34a93d19 local_hash= local_source=none snapshot_missing=false
[WARN] consensus validator set unresolved height=207 chain_height=3129 expected_hash=34a93d19 local_hash= local_source=none snapshot_missing=false
[WARN] consensus validator set unresolved height=208 chain_height=3129 expected_hash=34a93d19 local_hash= local_source=none snapshot_missing=false
[WARN] consensus validator set unresolved height=209 chain_height=3129 expected_hash=34a93d19 local_hash= local_source=none snapshot_missing=false
[WARN] consensus validator set unresolved height=210 chain_height=3129 expected_hash=34a93d19 local_hash= local_source=none snapshot_missing=false
[WARN] consensus validator set unresolved height=211 chain_height=3129 expected_hash=34a93d19 local_hash= local_source=none snapshot_missing=false
[WARN] consensus validator set unresolved height=212 chain_height=3129 expected_hash=34a93d19 local_hash= local_source=none snapshot_missing=false
[WARN] consensus validator set unresolved height=213 chain_height=3129 expected_hash=34a93d19 local_hash= local_source=none snapshot_missing=false
[WARN] consensus validator set unresolved height=214 chain_height=3129 expected_hash=34a93d19 local_hash= local_source=none snapshot_missing=false
[WARN] consensus validator set unresolved height=215 chain_height=3129 expected_hash=34a93d19 local_hash= local_source=none snapshot_missing=false
[WARN] consensus validator set unresolved height=216 chain_height=3129 expected_hash=34a93d19 local_hash= local_source=none snapshot_missing=false
[WARN] consensus validator set unresolved height=217 chain_height=3129 expected_hash=34a93d19 local_hash= local_source=none snapshot_missing=false
[WARN] consensus validator set unresolved height=218 chain_height=3129 expected_hash=34a93d19 local_hash= local_source=none snapshot_missing=false
[WARN] consensus validator set unresolved height=219 chain_height=3129 expected_hash=34a93d19 local_hash= local_source=none snapshot_missing=false
[WARN] consensus validator set unresolved height=220 chain_height=3129 expected_hash=34a93d19 local_hash= local_source=none snapshot_missing=false
[WARN] consensus validator set unresolved height=221 chain_height=3129 expected_hash=34a93d19 local_hash= local_source=none snapshot_missing=false
[WARN] consensus validator set unresolved height=222 chain_height=3129 expected_hash=34a93d19 local_hash= local_source=none snapshot_missing=false
[WARN] consensus validator set unresolved height=223 chain_height=3129 expected_hash=34a93d19 local_hash= local_source=none snapshot_missing=false
[WARN] consensus validator set unresolved height=224 chain_height=3129 expected_hash=34a93d19 local_hash= local_source=none snapshot_missing=false
[WARN] consensus validator set unresolved height=225 chain_height=3129 expected_hash=34a93d19 local_hash= local_source=none snapshot_missing=false
[WARN] consensus validator set unresolved height=226 chain_height=3129 expected_hash=34a93d19 local_hash= local_source=none snapshot_missing=false
[WARN] consensus validator set unresolved height=227 chain_height=3129 expected_hash=34a93d19 local_hash= local_source=none snapshot_missing=false
[WARN] consensus validator set unresolved height=228 chain_height=3129 expected_hash=34a93d19 local_hash= local_source=none snapshot_missing=false
[WARN] consensus validator set unresolved height=229 chain_height=3129 expected_hash=34a93d19 local_hash= local_source=none snapshot_missing=false
[WARN] consensus validator set unresolved height=230 chain_height=3129 expected_hash=34a93d19 local_hash= local_source=none snapshot_missing=false
[WARN] consensus validator set unresolved height=231 chain_height=3129 expected_hash=34a93d19 local_hash= local_source=none snapshot_missing=false
[WARN] consensus validator set unresolved height=232 chain_height=3129 expected_hash=34a93d19 local_hash= local_source=none snapshot_missing=false
[WARN] consensus validator set unresolved height=233 chain_height=3129 expected_hash=34a93d19 local_hash= local_source=none snapshot_missing=false
[WARN] consensus validator set unresolved height=234 chain_height=3129 expected_hash=34a93d19 local_hash= local_source=none snapshot_missing=false
[WARN] consensus validator set unresolved height=235 chain_height=3129 expected_hash=34a93d19 local_hash= local_source=none snapshot_missing=false
[WARN] consensus validator set unresolved height=236 chain_height=3129 expected_hash=34a93d19 local_hash= local_source=none snapshot_missing=false
[WARN] consensus validator set unresolved height=237 chain_height=3129 expected_hash=34a93d19 local_hash= local_source=none snapshot_missing=false
[WARN] consensus validator set unresolved height=238 chain_height=3129 expected_hash=34a93d19 local_hash= local_source=none snapshot_missing=false
[WARN] consensus validator set unresolved height=239 chain_height=3129 expected_hash=34a93d19 local_hash= local_source=none snapshot_missing=false
[WARN] consensus validator set unresolved height=240 chain_height=3129 expected_hash=34a93d19 local_hash= local_source=none snapshot_missing=false
[WARN] consensus validator set unresolved height=241 chain_height=3129 expected_hash=34a93d19 local_hash= local_source=none snapshot_missing=false
[WARN] consensus validator set unresolved height=242 chain_height=3129 expected_hash=34a93d19 local_hash= local_source=none snapshot_missing=false
[WARN] consensus validator set unresolved height=243 chain_height=3129 expected_hash=34a93d19 local_hash= local_source=none snapshot_missing=false
[WARN] consensus validator set unresolved height=244 chain_height=3129 expected_hash=34a93d19 local_hash= local_source=none snapshot_missing=false
[WARN] consensus validator set unresolved height=245 chain_height=3129 expected_hash=34a93d19 local_hash= local_source=none snapshot_missing=false
[WARN] consensus validator set unresolved height=246 chain_height=3129 expected_hash=34a93d19 local_hash= local_source=none snapshot_missing=false
[WARN] consensus validator set unresolved height=247 chain_height=3129 expected_hash=34a93d19 local_hash= local_source=none snapshot_missing=false
[WARN] consensus validator set unresolved height=248 chain_height=3129 expected_hash=34a93d19 local_hash= local_source=none snapshot_missing=false
[WARN] consensus validator set unresolved height=249 chain_height=3129 expected_hash=34a93d19 local_hash= local_source=none snapshot_missing=false
[WARN] consensus validator set unresolved height=250 chain_height=3129 expected_hash=34a93d19 local_hash= local_source=none snapshot_missing=false
[WARN] consensus validator set unresolved height=251 chain_height=3129 expected_hash=34a93d19 local_hash= local_source=none snapshot_missing=false
[WARN] consensus validator set unresolved height=252 chain_height=3129 expected_hash=34a93d19 local_hash= local_source=none snapshot_missing=false
[WARN] consensus validator set unresolved height=253 chain_height=3129 expected_hash=34a93d19 local_hash= local_source=none snapshot_missing=false
[WARN] consensus validator set unresolved height=254 chain_height=3129 expected_hash=34a93d19 local_hash= local_source=none snapshot_missing=false
[WARN] consensus validator set unresolved height=255 chain_height=3129 expected_hash=34a93d19 local_hash= local_source=none snapshot_missing=false
[WARN] consensus validator set unresolved height=256 chain_height=3129 expected_hash=34a93d19 local_hash= local_source=none snapshot_missing=false
[WARN] consensus validator set unresolved height=257 chain_height=3129 expected_hash=34a93d19 local_hash= local_source=none snapshot_missing=false
[WARN] consensus validator set unresolved height=258 chain_height=3129 expected_hash=34a93d19 local_hash= local_source=none snapshot_missing=false
[WARN] consensus validator set unresolved height=259 chain_height=3129 expected_hash=34a93d19 local_hash= local_source=none snapshot_missing=false
[WARN] consensus validator set unresolved height=260 chain_height=3129 expected_hash=34a93d19 local_hash= local_source=none snapshot_missing=false
[WARN] consensus validator set unresolved height=261 chain_height=3129 expected_hash=34a93d19 local_hash= local_source=none snapshot_missing=false
[WARN] consensus validator set unresolved height=262 chain_height=3129 expected_hash=34a93d19 local_hash= local_source=none snapshot_missing=false
[WARN] consensus validator set unresolved height=263 chain_height=3129 expected_hash=34a93d19 local_hash= local_source=none snapshot_missing=false
[WARN] consensus validator set unresolved height=264 chain_height=3129 expected_hash=34a93d19 local_hash= local_source=none snapshot_missing=false
[WARN] consensus validator set unresolved height=265 chain_height=3129 expected_hash=34a93d19 local_hash= local_source=none snapshot_missing=false
[WARN] consensus validator set unresolved height=266 chain_height=3129 expected_hash=34a93d19 local_hash= local_source=none snapshot_missing=false
[WARN] consensus validator set unresolved height=267 chain_height=3129 expected_hash=34a93d19 local_hash= local_source=none snapshot_missing=false
[WARN] consensus validator set unresolved height=268 chain_height=3129 expected_hash=34a93d19 local_hash= local_source=none snapshot_missing=false
[WARN] consensus validator set unresolved height=269 chain_height=3129 expected_hash=34a93d19 local_hash= local_source=none snapshot_missing=false
[WARN] consensus validator set unresolved height=270 chain_height=3129 expected_hash=34a93d19 local_hash= local_source=none snapshot_missing=false
[WARN] consensus validator set unresolved height=271 chain_height=3129 expected_hash=34a93d19 local_hash= local_source=none snapshot_missing=false
[WARN] consensus validator set unresolved height=272 chain_height=3129 expected_hash=34a93d19 local_hash= local_source=none snapshot_missing=false
[WARN] consensus validator set unresolved height=273 chain_height=3129 expected_hash=34a93d19 local_hash= local_source=none snapshot_missing=false
[WARN] consensus validator set unresolved height=274 chain_height=3129 expected_hash=34a93d19 local_hash= local_source=none snapshot_missing=false
[WARN] consensus validator set unresolved height=275 chain_height=3129 expected_hash=34a93d19 local_hash= local_source=none snapshot_missing=false
[WARN] consensus validator set unresolved height=276 chain_height=3129 expected_hash=34a93d19 local_hash= local_source=none snapshot_missing=false
[WARN] consensus validator set unresolved height=277 chain_height=3129 expected_hash=34a93d19 local_hash= local_source=none snapshot_missing=false
[WARN] consensus validator set unresolved height=278 chain_height=3129 expected_hash=34a93d19 local_hash= local_source=none snapshot_missing=false
[WARN] consensus validator set unresolved height=279 chain_height=3129 expected_hash=34a93d19 local_hash= local_source=none snapshot_missing=false
[WARN] consensus validator set unresolved height=280 chain_height=3129 expected_hash=34a93d19 local_hash= local_source=none snapshot_missing=false
[WARN] consensus validator set unresolved height=281 chain_height=3129 expected_hash=34a93d19 local_hash= local_source=none snapshot_missing=false
[WARN] consensus validator set unresolved height=282 chain_height=3129 expected_hash=34a93d19 local_hash= local_source=none snapshot_missing=false
[WARN] consensus validator set unresolved height=283 chain_height=3129 expected_hash=34a93d19 local_hash= local_source=none snapshot_missing=false
[WARN] consensus validator set unresolved height=284 chain_height=3129 expected_hash=34a93d19 local_hash= local_source=none snapshot_missing=false
[WARN] consensus validator set unresolved height=285 chain_height=3129 expected_hash=34a93d19 local_hash= local_source=none snapshot_missing=false
[WARN] consensus validator set unresolved height=286 chain_height=3129 expected_hash=34a93d19 local_hash= local_source=none snapshot_missing=false
[WARN] consensus validator set unresolved height=287 chain_height=3129 expected_hash=34a93d19 local_hash= local_source=none snapshot_missing=false
[WARN] consensus validator set unresolved height=288 chain_height=3129 expected_hash=34a93d19 local_hash= local_source=none snapshot_missing=false
[WARN] consensus validator set unresolved height=289 chain_height=3129 expected_hash=34a93d19 local_hash= local_source=none snapshot_missing=false
[WARN] consensus validator set unresolved height=290 chain_height=3129 expected_hash=34a93d19 local_hash= local_source=none snapshot_missing=false
[WARN] consensus validator set unresolved height=291 chain_height=3129 expected_hash=34a93d19 local_hash= local_source=none snapshot_missing=false
[WARN] consensus validator set unresolved height=292 chain_height=3129 expected_hash=34a93d19 local_hash= local_source=none snapshot_missing=false
[WARN] consensus validator set unresolved height=293 chain_height=3129 expected_hash=34a93d19 local_hash= local_source=none snapshot_missing=false
[WARN] consensus validator set unresolved height=294 chain_height=3129 expected_hash=34a93d19 local_hash= local_source=none snapshot_missing=false
[WARN] consensus validator set unresolved height=295 chain_height=3129 expected_hash=34a93d19 local_hash= local_source=none snapshot_missing=false
[WARN] consensus validator set unresolved height=296 chain_height=3129 expected_hash=34a93d19 local_hash= local_source=none snapshot_missing=false
[WARN] consensus validator set unresolved height=297 chain_height=3129 expected_hash=34a93d19 local_hash= local_source=none snapshot_missing=false
[WARN] consensus validator set unresolved height=298 chain_height=3129 expected_hash=34a93d19 local_hash= local_source=none snapshot_missing=false
[WARN] consensus validator set unresolved height=299 chain_height=3129 expected_hash=34a93d19 local_hash= local_source=none snapshot_missing=false
[WARN] consensus validator set unresolved height=300 chain_height=3129 expected_hash=34a93d19 local_hash= local_source=none snapshot_missing=false
[WARN] consensus validator set unresolved height=301 chain_height=3129 expected_hash=34a93d19 local_hash= local_source=none snapshot_missing=false
[WARN] consensus validator set unresolved height=302 chain_height=3129 expected_hash=34a93d19 local_hash= local_source=none snapshot_missing=false
[WARN] consensus validator set unresolved height=303 chain_height=3129 expected_hash=34a93d19 local_hash= local_source=none snapshot_missing=false
[WARN] consensus validator set unresolved height=304 chain_height=3129 expected_hash=34a93d19 local_hash= local_source=none snapshot_missing=false
[WARN] consensus validator set unresolved height=305 chain_height=3129 expected_hash=34a93d19 local_hash= local_source=none snapshot_missing=false
[WARN] consensus validator set unresolved height=306 chain_height=3129 expected_hash=34a93d19 local_hash= local_source=none snapshot_missing=false
[WARN] consensus validator set unresolved height=307 chain_height=3129 expected_hash=34a93d19 local_hash= local_source=none snapshot_missing=false
[WARN] consensus validator set unresolved height=308 chain_height=3129 expected_hash=34a93d19 local_hash= local_source=none snapshot_missing=false
[WARN] consensus validator set unresolved height=309 chain_height=3129 expected_hash=34a93d19 local_hash= local_source=none snapshot_missing=false
[WARN] consensus validator set unresolved height=310 chain_height=3129 expected_hash=34a93d19 local_hash= local_source=none snapshot_missing=false
[WARN] consensus validator set unresolved height=311 chain_height=3129 expected_hash=34a93d19 local_hash= local_source=none snapshot_missing=false
[WARN] consensus validator set unresolved height=312 chain_height=3129 expected_hash=34a93d19 local_hash= local_source=none snapshot_missing=false
[WARN] consensus validator set unresolved height=313 chain_height=3129 expected_hash=34a93d19 local_hash= local_source=none snapshot_missing=false
[WARN] consensus validator set unresolved height=314 chain_height=3129 expected_hash=34a93d19 local_hash= local_source=none snapshot_missing=false
[WARN] consensus validator set unresolved height=315 chain_height=3129 expected_hash=34a93d19 local_hash= local_source=none snapshot_missing=false
[WARN] consensus validator set unresolved height=316 chain_height=3129 expected_hash=34a93d19 local_hash= local_source=none snapshot_missing=false
[WARN] consensus validator set unresolved height=317 chain_height=3129 expected_hash=34a93d19 local_hash= local_source=none snapshot_missing=false
[WARN] consensus validator set unresolved height=318 chain_height=3129 expected_hash=34a93d19 local_hash= local_source=none snapshot_missing=false
[WARN] consensus validator set unresolved height=319 chain_height=3129 expected_hash=34a93d19 local_hash= local_source=none snapshot_missing=false
[WARN] consensus validator set unresolved height=320 chain_height=3129 expected_hash=34a93d19 local_hash= local_source=none snapshot_missing=false
[WARN] consensus validator set unresolved height=321 chain_height=3129 expected_hash=34a93d19 local_hash= local_source=none snapshot_missing=false
[WARN] consensus validator set unresolved height=322 chain_height=3129 expected_hash=34a93d19 local_hash= local_source=none snapshot_missing=false
[WARN] consensus validator set unresolved height=323 chain_height=3129 expected_hash=34a93d19 local_hash= local_source=none snapshot_missing=false
[WARN] consensus validator set unresolved height=324 chain_height=3129 expected_hash=34a93d19 local_hash= local_source=none snapshot_missing=false
[WARN] consensus validator set unresolved height=325 chain_height=3129 expected_hash=34a93d19 local_hash= local_source=none snapshot_missing=false
[WARN] consensus validator set unresolved height=326 chain_height=3129 expected_hash=34a93d19 local_hash= local_source=none snapshot_missing=false
[WARN] consensus validator set unresolved height=327 chain_height=3129 expected_hash=34a93d19 local_hash= local_source=none snapshot_missing=false
[WARN] consensus validator set unresolved height=328 chain_height=3129 expected_hash=34a93d19 local_hash= local_source=none snapshot_missing=false
[WARN] consensus validator set unresolved height=329 chain_height=3129 expected_hash=34a93d19 local_hash= local_source=none snapshot_missing=false
[WARN] consensus validator set unresolved height=330 chain_height=3129 expected_hash=34a93d19 local_hash= local_source=none snapshot_missing=false
[WARN] consensus validator set unresolved height=331 chain_height=3129 expected_hash=34a93d19 local_hash= local_source=none snapshot_missing=false
[WARN] consensus validator set unresolved height=332 chain_height=3129 expected_hash=34a93d19 local_hash= local_source=none snapshot_missing=false
[WARN] consensus validator set unresolved height=333 chain_height=3129 expected_hash=34a93d19 local_hash= local_source=none snapshot_missing=false
[WARN] consensus validator set unresolved height=334 chain_height=3129 expected_hash=34a93d19 local_hash= local_source=none snapshot_missing=false
[WARN] consensus validator set unresolved height=335 chain_height=3129 expected_hash=34a93d19 local_hash= local_source=none snapshot_missing=false
[WARN] consensus validator set unresolved height=336 chain_height=3129 expected_hash=34a93d19 local_hash= local_source=none snapshot_missing=false
[WARN] consensus validator set unresolved height=337 chain_height=3129 expected_hash=34a93d19 local_hash= local_source=none snapshot_missing=false
[WARN] consensus validator set unresolved height=338 chain_height=3129 expected_hash=34a93d19 local_hash= local_source=none snapshot_missing=false
[WARN] consensus validator set unresolved height=339 chain_height=3129 expected_hash=34a93d19 local_hash= local_source=none snapshot_missing=false
[WARN] consensus validator set unresolved height=340 chain_height=3129 expected_hash=34a93d19 local_hash= local_source=none snapshot_missing=false
[WARN] consensus validator set unresolved height=341 chain_height=3129 expected_hash=34a93d19 local_hash= local_source=none snapshot_missing=false
[WARN] consensus validator set unresolved height=342 chain_height=3129 expected_hash=34a93d19 local_hash= local_source=none snapshot_missing=false
[WARN] consensus validator set unresolved height=343 chain_height=3129 expected_hash=34a93d19 local_hash= local_source=none snapshot_missing=false
[WARN] consensus validator set unresolved height=344 chain_height=3129 expected_hash=34a93d19 local_hash= local_source=none snapshot_missing=false
[WARN] consensus validator set unresolved height=345 chain_height=3129 expected_hash=34a93d19 local_hash= local_source=none snapshot_missing=false
[WARN] consensus validator set unresolved height=346 chain_height=3129 expected_hash=34a93d19 local_hash= local_source=none snapshot_missing=false
[WARN] consensus validator set unresolved height=347 chain_height=3129 expected_hash=34a93d19 local_hash= local_source=none snapshot_missing=false
[WARN] consensus validator set unresolved height=348 chain_height=3129 expected_hash=34a93d19 local_hash= local_source=none snapshot_missing=false
[WARN] consensus validator set unresolved height=349 chain_height=3129 expected_hash=34a93d19 local_hash= local_source=none snapshot_missing=false
[WARN] consensus validator set unresolved height=350 chain_height=3129 expected_hash=34a93d19 local_hash= local_source=none snapshot_missing=false
[WARN] consensus validator set unresolved height=351 chain_height=3129 expected_hash=34a93d19 local_hash= local_source=none snapshot_missing=false
[WARN] consensus validator set unresolved height=352 chain_height=3129 expected_hash=34a93d19 local_hash= local_source=none snapshot_missing=false
[WARN] consensus validator set unresolved height=353 chain_height=3129 expected_hash=34a93d19 local_hash= local_source=none snapshot_missing=false
[WARN] consensus validator set unresolved height=354 chain_height=3129 expected_hash=34a93d19 local_hash= local_source=none snapshot_missing=false
[WARN] consensus validator set unresolved height=355 chain_height=3129 expected_hash=34a93d19 local_hash= local_source=none snapshot_missing=false
[WARN] consensus validator set unresolved height=356 chain_height=3129 expected_hash=34a93d19 local_hash= local_source=none snapshot_missing=false
[WARN] consensus validator set unresolved height=357 chain_height=3129 expected_hash=34a93d19 local_hash= local_source=none snapshot_missing=false
[WARN] consensus validator set unresolved height=358 chain_height=3129 expected_hash=34a93d19 local_hash= local_source=none snapshot_missing=false
[WARN] consensus validator set unresolved height=359 chain_height=3129 expected_hash=34a93d19 local_hash= local_source=none snapshot_missing=false
[WARN] consensus validator set unresolved height=360 chain_height=3129 expected_hash=34a93d19 local_hash= local_source=none snapshot_missing=false
[WARN] consensus validator set unresolved height=361 chain_height=3129 expected_hash=34a93d19 local_hash= local_source=none snapshot_missing=false
[WARN] consensus validator set unresolved height=362 chain_height=3129 expected_hash=34a93d19 local_hash= local_source=none snapshot_missing=false
[WARN] consensus validator set unresolved height=363 chain_height=3129 expected_hash=34a93d19 local_hash= local_source=none snapshot_missing=false
[WARN] consensus validator set unresolved height=364 chain_height=3129 expected_hash=34a93d19 local_hash= local_source=none snapshot_missing=false
[WARN] consensus validator set unresolved height=365 chain_height=3129 expected_hash=34a93d19 local_hash= local_source=none snapshot_missing=false
[WARN] consensus validator set unresolved height=366 chain_height=3129 expected_hash=34a93d19 local_hash= local_source=none snapshot_missing=false
[WARN] consensus validator set unresolved height=367 chain_height=3129 expected_hash=34a93d19 local_hash= local_source=none snapshot_missing=false
[WARN] consensus validator set unresolved height=368 chain_height=3129 expected_hash=34a93d19 local_hash= local_source=none snapshot_missing=false
[WARN] consensus validator set unresolved height=369 chain_height=3129 expected_hash=34a93d19 local_hash= local_source=none snapshot_missing=false
[WARN] consensus validator set unresolved height=370 chain_height=3129 expected_hash=34a93d19 local_hash= local_source=none snapshot_missing=false
[WARN] consensus validator set unresolved height=371 chain_height=3129 expected_hash=34a93d19 local_hash= local_source=none snapshot_missing=false
[WARN] consensus validator set unresolved height=372 chain_height=3129 expected_hash=34a93d19 local_hash= local_source=none snapshot_missing=false
[WARN] consensus validator set unresolved height=373 chain_height=3129 expected_hash=34a93d19 local_hash= local_source=none snapshot_missing=false
[WARN] consensus validator set unresolved height=374 chain_height=3129 expected_hash=34a93d19 local_hash= local_source=none snapshot_missing=false
[WARN] consensus validator set unresolved height=375 chain_height=3129 expected_hash=34a93d19 local_hash= local_source=none snapshot_missing=false
[WARN] consensus validator set unresolved height=376 chain_height=3129 expected_hash=34a93d19 local_hash= local_source=none snapshot_missing=false
[WARN] consensus validator set unresolved height=377 chain_height=3129 expected_hash=34a93d19 local_hash= local_source=none snapshot_missing=false
[WARN] consensus validator set unresolved height=378 chain_height=3129 expected_hash=34a93d19 local_hash= local_source=none snapshot_missing=false
[WARN] consensus validator set unresolved height=379 chain_height=3129 expected_hash=34a93d19 local_hash= local_source=none snapshot_missing=false
[WARN] consensus validator set unresolved height=380 chain_height=3129 expected_hash=34a93d19 local_hash= local_source=none snapshot_missing=false
[WARN] consensus validator set unresolved height=381 chain_height=3129 expected_hash=34a93d19 local_hash= local_source=none snapshot_missing=false
[WARN] consensus validator set unresolved height=382 chain_height=3129 expected_hash=34a93d19 local_hash= local_source=none snapshot_missing=false
[WARN] consensus validator set unresolved height=383 chain_height=3129 expected_hash=34a93d19 local_hash= local_source=none snapshot_missing=false
[WARN] consensus validator set unresolved height=384 chain_height=3129 expected_hash=34a93d19 local_hash= local_source=none snapshot_missing=false
[WARN] consensus validator set unresolved height=385 chain_height=3129 expected_hash=34a93d19 local_hash= local_source=none snapshot_missing=false
[WARN] consensus validator set unresolved height=386 chain_height=3129 expected_hash=34a93d19 local_hash= local_source=none snapshot_missing=false
[WARN] consensus validator set unresolved height=387 chain_height=3129 expected_hash=34a93d19 local_hash= local_source=none snapshot_missing=false
[WARN] consensus validator set unresolved height=388 chain_height=3129 expected_hash=34a93d19 local_hash= local_source=none snapshot_missing=false
[WARN] consensus validator set unresolved height=389 chain_height=3129 expected_hash=34a93d19 local_hash= local_source=none snapshot_missing=false
[WARN] consensus validator set unresolved height=390 chain_height=3129 expected_hash=34a93d19 local_hash= local_source=none snapshot_missing=false
[WARN] consensus validator set unresolved height=391 chain_height=3129 expected_hash=34a93d19 local_hash= local_source=none snapshot_missing=false
[WARN] consensus validator set unresolved height=392 chain_height=3129 expected_hash=34a93d19 local_hash= local_source=none snapshot_missing=false
[WARN] consensus validator set unresolved height=393 chain_height=3129 expected_hash=34a93d19 local_hash= local_source=none snapshot_missing=false
[WARN] consensus validator set unresolved height=394 chain_height=3129 expected_hash=34a93d19 local_hash= local_source=none snapshot_missing=false
[WARN] consensus validator set unresolved height=395 chain_height=3129 expected_hash=34a93d19 local_hash= local_source=none snapshot_missing=false
[WARN] consensus validator set unresolved height=396 chain_height=3129 expected_hash=34a93d19 local_hash= local_source=none snapshot_missing=false
[WARN] consensus validator set unresolved height=397 chain_height=3129 expected_hash=34a93d19 local_hash= local_source=none snapshot_missing=false
[WARN] consensus validator set unresolved height=398 chain_height=3129 expected_hash=34a93d19 local_hash= local_source=none snapshot_missing=false
[WARN] consensus validator set unresolved height=399 chain_height=3129 expected_hash=34a93d19 local_hash= local_source=none snapshot_missing=false
[WARN] consensus validator set unresolved height=400 chain_height=3129 expected_hash=34a93d19 local_hash= local_source=none snapshot_missing=false
[WARN] consensus validator set unresolved height=401 chain_height=3129 expected_hash=34a93d19 local_hash= local_source=none snapshot_missing=false
[WARN] consensus validator set unresolved height=402 chain_height=3129 expected_hash=34a93d19 local_hash= local_source=none snapshot_missing=false
[WARN] consensus validator set unresolved height=403 chain_height=3129 expected_hash=34a93d19 local_hash= local_source=none snapshot_missing=false
[WARN] consensus validator set unresolved height=404 chain_height=3129 expected_hash=34a93d19 local_hash= local_source=none snapshot_missing=false
[WARN] consensus validator set unresolved height=405 chain_height=3129 expected_hash=34a93d19 local_hash= local_source=none snapshot_missing=false
[WARN] consensus validator set unresolved height=406 chain_height=3129 expected_hash=34a93d19 local_hash= local_source=none snapshot_missing=false
[WARN] consensus validator set unresolved height=407 chain_height=3129 expected_hash=34a93d19 local_hash= local_source=none snapshot_missing=false
[WARN] consensus validator set unresolved height=408 chain_height=3129 expected_hash=34a93d19 local_hash= local_source=none snapshot_missing=false
[WARN] consensus validator set unresolved height=409 chain_height=3129 expected_hash=34a93d19 local_hash= local_source=none snapshot_missing=false
[WARN] consensus validator set unresolved height=410 chain_height=3129 expected_hash=34a93d19 local_hash= local_source=none snapshot_missing=false
[WARN] consensus validator set unresolved height=411 chain_height=3129 expected_hash=34a93d19 local_hash= local_source=none snapshot_missing=false
[WARN] consensus validator set unresolved height=412 chain_height=3129 expected_hash=34a93d19 local_hash= local_source=none snapshot_missing=false
[WARN] consensus validator set unresolved height=413 chain_height=3129 expected_hash=34a93d19 local_hash= local_source=none snapshot_missing=false
[WARN] consensus validator set unresolved height=414 chain_height=3129 expected_hash=34a93d19 local_hash= local_source=none snapshot_missing=false
[WARN] consensus validator set unresolved height=415 chain_height=3129 expected_hash=34a93d19 local_hash= local_source=none snapshot_missing=false
[WARN] consensus validator set unresolved height=416 chain_height=3129 expected_hash=34a93d19 local_hash= local_source=none snapshot_missing=false
[WARN] consensus validator set unresolved height=417 chain_height=3129 expected_hash=34a93d19 local_hash= local_source=none snapshot_missing=false
[WARN] consensus validator set unresolved height=418 chain_height=3129 expected_hash=34a93d19 local_hash= local_source=none snapshot_missing=false
[WARN] consensus validator set unresolved height=419 chain_height=3129 expected_hash=34a93d19 local_hash= local_source=none snapshot_missing=false
[WARN] consensus validator set unresolved height=420 chain_height=3129 expected_hash=34a93d19 local_hash= local_source=none snapshot_missing=false
[WARN] consensus validator set unresolved height=421 chain_height=3129 expected_hash=34a93d19 local_hash= local_source=none snapshot_missing=false
[WARN] consensus validator set unresolved height=422 chain_height=3129 expected_hash=34a93d19 local_hash= local_source=none snapshot_missing=false
[WARN] consensus validator set unresolved height=423 chain_height=3129 expected_hash=34a93d19 local_hash= local_source=none snapshot_missing=false
[WARN] consensus validator set unresolved height=424 chain_height=3129 expected_hash=34a93d19 local_hash= local_source=none snapshot_missing=false
[WARN] consensus validator set unresolved height=425 chain_height=3129 expected_hash=34a93d19 local_hash= local_source=none snapshot_missing=false
[WARN] consensus validator set unresolved height=426 chain_height=3129 expected_hash=34a93d19 local_hash= local_source=none snapshot_missing=false
[WARN] consensus validator set unresolved height=427 chain_height=3129 expected_hash=34a93d19 local_hash= local_source=none snapshot_missing=false
[WARN] consensus validator set unresolved height=428 chain_height=3129 expected_hash=34a93d19 local_hash= local_source=none snapshot_missing=false
[WARN] consensus validator set unresolved height=429 chain_height=3129 expected_hash=34a93d19 local_hash= local_source=none snapshot_missing=false
[WARN] consensus validator set unresolved height=430 chain_height=3129 expected_hash=34a93d19 local_hash= local_source=none snapshot_missing=false
[WARN] consensus validator set unresolved height=431 chain_height=3129 expected_hash=34a93d19 local_hash= local_source=none snapshot_missing=false
[WARN] consensus validator set unresolved height=432 chain_height=3129 expected_hash=34a93d19 local_hash= local_source=none snapshot_missing=false
[WARN] consensus validator set unresolved height=433 chain_height=3129 expected_hash=34a93d19 local_hash= local_source=none snapshot_missing=false
[WARN] consensus validator set unresolved height=434 chain_height=3129 expected_hash=34a93d19 local_hash= local_source=none snapshot_missing=false
[WARN] consensus validator set unresolved height=435 chain_height=3129 expected_hash=34a93d19 local_hash= local_source=none snapshot_missing=false
[WARN] consensus validator set unresolved height=436 chain_height=3129 expected_hash=34a93d19 local_hash= local_source=none snapshot_missing=false
[WARN] consensus validator set unresolved height=437 chain_height=3129 expected_hash=34a93d19 local_hash= local_source=none snapshot_missing=false
[WARN] consensus validator set unresolved height=438 chain_height=3129 expected_hash=34a93d19 local_hash= local_source=none snapshot_missing=false
[WARN] consensus validator set unresolved height=439 chain_height=3129 expected_hash=34a93d19 local_hash= local_source=none snapshot_missing=false
[WARN] consensus validator set unresolved height=440 chain_height=3129 expected_hash=34a93d19 local_hash= local_source=none snapshot_missing=false
[WARN] consensus validator set unresolved height=441 chain_height=3129 expected_hash=34a93d19 local_hash= local_source=none snapshot_missing=false
[WARN] consensus validator set unresolved height=442 chain_height=3129 expected_hash=34a93d19 local_hash= local_source=none snapshot_missing=false
[WARN] consensus validator set unresolved height=443 chain_height=3129 expected_hash=34a93d19 local_hash= local_source=none snapshot_missing=false
[WARN] consensus validator set unresolved height=444 chain_height=3129 expected_hash=34a93d19 local_hash= local_source=none snapshot_missing=false
[WARN] consensus validator set unresolved height=445 chain_height=3129 expected_hash=34a93d19 local_hash= local_source=none snapshot_missing=false
[WARN] consensus validator set unresolved height=446 chain_height=3129 expected_hash=34a93d19 local_hash= local_source=none snapshot_missing=false
[WARN] consensus validator set unresolved height=447 chain_height=3129 expected_hash=34a93d19 local_hash= local_source=none snapshot_missing=false
[WARN] consensus validator set unresolved height=448 chain_height=3129 expected_hash=34a93d19 local_hash= local_source=none snapshot_missing=false
[WARN] consensus validator set unresolved height=449 chain_height=3129 expected_hash=34a93d19 local_hash= local_source=none snapshot_missing=false
[WARN] consensus validator set unresolved height=450 chain_height=3129 expected_hash=34a93d19 local_hash= local_source=none snapshot_missing=false
[WARN] consensus validator set unresolved height=451 chain_height=3129 expected_hash=34a93d19 local_hash= local_source=none snapshot_missing=false
[WARN] consensus validator set unresolved height=452 chain_height=3129 expected_hash=34a93d19 local_hash= local_source=none snapshot_missing=false
[WARN] consensus validator set unresolved height=453 chain_height=3129 expected_hash=34a93d19 local_hash= local_source=none snapshot_missing=false
[WARN] consensus validator set unresolved height=454 chain_height=3129 expected_hash=34a93d19 local_hash= local_source=none snapshot_missing=false
[WARN] consensus validator set unresolved height=455 chain_height=3129 expected_hash=34a93d19 local_hash= local_source=none snapshot_missing=false
[WARN] consensus validator set unresolved height=456 chain_height=3129 expected_hash=34a93d19 local_hash= local_source=none snapshot_missing=false
[WARN] consensus validator set unresolved height=457 chain_height=3129 expected_hash=34a93d19 local_hash= local_source=none snapshot_missing=false
[WARN] consensus validator set unresolved height=458 chain_height=3129 expected_hash=34a93d19 local_hash= local_source=none snapshot_missing=false
[WARN] consensus validator set unresolved height=459 chain_height=3129 expected_hash=34a93d19 local_hash= local_source=none snapshot_missing=false
[WARN] consensus validator set unresolved height=460 chain_height=3129 expected_hash=34a93d19 local_hash= local_source=none snapshot_missing=false
[WARN] consensus validator set unresolved height=461 chain_height=3129 expected_hash=34a93d19 local_hash= local_source=none snapshot_missing=false
[WARN] consensus validator set unresolved height=462 chain_height=3129 expected_hash=34a93d19 local_hash= local_source=none snapshot_missing=false
[WARN] consensus validator set unresolved height=463 chain_height=3129 expected_hash=34a93d19 local_hash= local_source=none snapshot_missing=false
[WARN] consensus validator set unresolved height=464 chain_height=3129 expected_hash=34a93d19 local_hash= local_source=none snapshot_missing=false
[WARN] consensus validator set unresolved height=465 chain_height=3129 expected_hash=34a93d19 local_hash= local_source=none snapshot_missing=false
[WARN] consensus validator set unresolved height=466 chain_height=3129 expected_hash=34a93d19 local_hash= local_source=none snapshot_missing=false
2026/05/20 23:21:12 [REGISTRY-HISTORY-REBUILD] height=1489 status=scheduled reason=consensus_set_unresolved
2026/05/20 23:21:12 [REGISTRY-HISTORY-REBUILD] height=1489 status=started reason=consensus_set_unresolved
[WARN] consensus validator set unresolved height=467 chain_height=3129 expected_hash=34a93d19 local_hash= local_source=none snapshot_missing=false
2026/05/20 23:21:12 [REGISTRY-HISTORY-REBUILD] height=1489 status=ok reason=consensus_set_unresolved
[WARN] consensus validator set unresolved height=468 chain_height=3129 expected_hash=34a93d19 local_hash= local_source=none snapshot_missing=false
[WARN] consensus validator set unresolved height=469 chain_height=3129 expected_hash=34a93d19 local_hash= local_source=none snapshot_missing=false
[WARN] consensus validator set unresolved height=470 chain_height=3129 expected_hash=34a93d19 local_hash= local_source=none snapshot_missing=false
[WARN] consensus validator set unresolved height=471 chain_height=3129 expected_hash=34a93d19 local_hash= local_source=none snapshot_missing=false
[WARN] consensus validator set unresolved height=472 chain_height=3129 expected_hash=34a93d19 local_hash= local_source=none snapshot_missing=false
[WARN] consensus validator set unresolved height=473 chain_height=3129 expected_hash=34a93d19 local_hash= local_source=none snapshot_missing=false
[WARN] consensus validator set unresolved height=474 chain_height=3129 expected_hash=34a93d19 local_hash= local_source=none snapshot_missing=false
[WARN] consensus validator set unresolved height=475 chain_height=3129 expected_hash=34a93d19 local_hash= local_source=none snapshot_missing=false
[WARN] consensus validator set unresolved height=476 chain_height=3129 expected_hash=34a93d19 local_hash= local_source=none snapshot_missing=false
[WARN] consensus validator set unresolved height=477 chain_height=3129 expected_hash=34a93d19 local_hash= local_source=none snapshot_missing=false
[WARN] consensus validator set unresolved height=478 chain_height=3129 expected_hash=34a93d19 local_hash= local_source=none snapshot_missing=false
[WARN] consensus validator set unresolved height=479 chain_height=3129 expected_hash=34a93d19 local_hash= local_source=none snapshot_missing=false
[WARN] consensus validator set unresolved height=480 chain_height=3129 expected_hash=34a93d19 local_hash= local_source=none snapshot_missing=false
[WARN] consensus validator set unresolved height=481 chain_height=3129 expected_hash=34a93d19 local_hash= local_source=none snapshot_missing=false
[WARN] consensus validator set unresolved height=482 chain_height=3129 expected_hash=34a93d19 local_hash= local_source=none snapshot_missing=false
[WARN] consensus validator set unresolved height=483 chain_height=3129 expected_hash=34a93d19 local_hash= local_source=none snapshot_missing=false
[WARN] consensus validator set unresolved height=484 chain_height=3129 expected_hash=34a93d19 local_hash= local_source=none snapshot_missing=false
[WARN] consensus validator set unresolved height=485 chain_height=3129 expected_hash=34a93d19 local_hash= local_source=none snapshot_missing=false
[WARN] consensus validator set unresolved height=486 chain_height=3129 expected_hash=34a93d19 local_hash= local_source=none snapshot_missing=false
[WARN] consensus validator set unresolved height=487 chain_height=3129 expected_hash=34a93d19 local_hash= local_source=none snapshot_missing=false
[WARN] consensus validator set unresolved height=488 chain_height=3129 expected_hash=34a93d19 local_hash= local_source=none snapshot_missing=false
[WARN] consensus validator set unresolved height=489 chain_height=3129 expected_hash=34a93d19 local_hash= local_source=none snapshot_missing=false
[WARN] consensus validator set unresolved height=490 chain_height=3129 expected_hash=34a93d19 local_hash= local_source=none snapshot_missing=false
[WARN] consensus validator set unresolved height=491 chain_height=3129 expected_hash=34a93d19 local_hash= local_source=none snapshot_missing=false
[WARN] consensus validator set unresolved height=492 chain_height=3129 expected_hash=34a93d19 local_hash= local_source=none snapshot_missing=false
[WARN] consensus validator set unresolved height=493 chain_height=3129 expected_hash=34a93d19 local_hash= local_source=none snapshot_missing=false
[WARN] consensus validator set unresolved height=494 chain_height=3129 expected_hash=34a93d19 local_hash= local_source=none snapshot_missing=false
[WARN] consensus validator set unresolved height=495 chain_height=3129 expected_hash=34a93d19 local_hash= local_source=none snapshot_missing=false
[WARN] consensus validator set unresolved height=496 chain_height=3129 expected_hash=34a93d19 local_hash= local_source=none snapshot_missing=false
[WARN] consensus validator set unresolved height=497 chain_height=3129 expected_hash=34a93d19 local_hash= local_source=none snapshot_missing=false
[WARN] consensus validator set unresolved height=498 chain_height=3129 expected_hash=34a93d19 local_hash= local_source=none snapshot_missing=false
[WARN] consensus validator set unresolved height=499 chain_height=3129 expected_hash=34a93d19 local_hash= local_source=none snapshot_missing=false
[WARN] consensus validator set unresolved height=500 chain_height=3129 expected_hash=34a93d19 local_hash= local_source=none snapshot_missing=false
[WARN] consensus validator set unresolved height=501 chain_height=3129 expected_hash=34a93d19 local_hash= local_source=none snapshot_missing=false
[WARN] consensus validator set unresolved height=502 chain_height=3129 expected_hash=34a93d19 local_hash= local_source=none snapshot_missing=false
[WARN] consensus validator set unresolved height=503 chain_height=3129 expected_hash=34a93d19 local_hash= local_source=none snapshot_missing=false
[WARN] consensus validator set unresolved height=504 chain_height=3129 expected_hash=34a93d19 local_hash= local_source=none snapshot_missing=false
[WARN] consensus validator set unresolved height=505 chain_height=3129 expected_hash=34a93d19 local_hash= local_source=none snapshot_missing=false
[WARN] consensus validator set unresolved height=506 chain_height=3129 expected_hash=34a93d19 local_hash= local_source=none snapshot_missing=false
[WARN] consensus validator set unresolved height=507 chain_height=3129 expected_hash=34a93d19 local_hash= local_source=none snapshot_missing=false
[WARN] consensus validator set unresolved height=508 chain_height=3129 expected_hash=34a93d19 local_hash= local_source=none snapshot_missing=false
[WARN] consensus validator set unresolved height=509 chain_height=3129 expected_hash=34a93d19 local_hash= local_source=none snapshot_missing=false
[WARN] consensus validator set unresolved height=510 chain_height=3129 expected_hash=34a93d19 local_hash= local_source=none snapshot_missing=false
[WARN] consensus validator set unresolved height=511 chain_height=3129 expected_hash=34a93d19 local_hash= local_source=none snapshot_missing=false
[WARN] consensus validator set unresolved height=512 chain_height=3129 expected_hash=34a93d19 local_hash= local_source=none snapshot_missing=false
[WARN] consensus validator set unresolved height=513 chain_height=3129 expected_hash=34a93d19 local_hash= local_source=none snapshot_missing=false
[WARN] consensus validator set unresolved height=514 chain_height=3129 expected_hash=34a93d19 local_hash= local_source=none snapshot_missing=false
[WARN] consensus validator set unresolved height=515 chain_height=3129 expected_hash=34a93d19 local_hash= local_source=none snapshot_missing=false
[WARN] consensus validator set unresolved height=516 chain_height=3129 expected_hash=34a93d19 local_hash= local_source=none snapshot_missing=false
[WARN] consensus validator set unresolved height=517 chain_height=3129 expected_hash=34a93d19 local_hash= local_source=none snapshot_missing=false
[WARN] consensus validator set unresolved height=518 chain_height=3129 expected_hash=34a93d19 local_hash= local_source=none snapshot_missing=false
[WARN] consensus validator set unresolved height=519 chain_height=3129 expected_hash=34a93d19 local_hash= local_source=none snapshot_missing=false
[WARN] consensus validator set unresolved height=520 chain_height=3129 expected_hash=34a93d19 local_hash= local_source=none snapshot_missing=false
[WARN] consensus validator set unresolved height=521 chain_height=3129 expected_hash=34a93d19 local_hash= local_source=none snapshot_missing=false
[WARN] consensus validator set unresolved height=522 chain_height=3129 expected_hash=34a93d19 local_hash= local_source=none snapshot_missing=false
[WARN] consensus validator set unresolved height=523 chain_height=3129 expected_hash=34a93d19 local_hash= local_source=none snapshot_missing=false
[WARN] consensus validator set unresolved height=524 chain_height=3129 expected_hash=34a93d19 local_hash= local_source=none snapshot_missing=false
[WARN] consensus validator set unresolved height=525 chain_height=3129 expected_hash=34a93d19 local_hash= local_source=none snapshot_missing=false
[WARN] consensus validator set unresolved height=526 chain_height=3129 expected_hash=34a93d19 local_hash= local_source=none snapshot_missing=false
[WARN] consensus validator set unresolved height=527 chain_height=3129 expected_hash=34a93d19 local_hash= local_source=none snapshot_missing=false
[WARN] consensus validator set unresolved height=528 chain_height=3129 expected_hash=34a93d19 local_hash= local_source=none snapshot_missing=false
[WARN] consensus validator set unresolved height=529 chain_height=3129 expected_hash=34a93d19 local_hash= local_source=none snapshot_missing=false
[WARN] consensus validator set unresolved height=530 chain_height=3129 expected_hash=34a93d19 local_hash= local_source=none snapshot_missing=false
[WARN] consensus validator set unresolved height=531 chain_height=3129 expected_hash=34a93d19 local_hash= local_source=none snapshot_missing=false
[WARN] consensus validator set unresolved height=532 chain_height=3129 expected_hash=34a93d19 local_hash= local_source=none snapshot_missing=false
[WARN] consensus validator set unresolved height=533 chain_height=3129 expected_hash=34a93d19 local_hash= local_source=none snapshot_missing=false
[WARN] consensus validator set unresolved height=534 chain_height=3129 expected_hash=34a93d19 local_hash= local_source=none snapshot_missing=false
[WARN] consensus validator set unresolved height=535 chain_height=3129 expected_hash=34a93d19 local_hash= local_source=none snapshot_missing=false
[WARN] consensus validator set unresolved height=536 chain_height=3129 expected_hash=34a93d19 local_hash= local_source=none snapshot_missing=false
[WARN] consensus validator set unresolved height=537 chain_height=3129 expected_hash=34a93d19 local_hash= local_source=none snapshot_missing=false
[WARN] consensus validator set unresolved height=538 chain_height=3129 expected_hash=34a93d19 local_hash= local_source=none snapshot_missing=false
[WARN] consensus validator set unresolved height=539 chain_height=3129 expected_hash=34a93d19 local_hash= local_source=none snapshot_missing=false
[WARN] consensus validator set unresolved height=540 chain_height=3129 expected_hash=34a93d19 local_hash= local_source=none snapshot_missing=false
[WARN] consensus validator set unresolved height=541 chain_height=3129 expected_hash=34a93d19 local_hash= local_source=none snapshot_missing=false
[WARN] consensus validator set unresolved height=542 chain_height=3129 expected_hash=34a93d19 local_hash= local_source=none snapshot_missing=false
[WARN] consensus validator set unresolved height=543 chain_height=3129 expected_hash=34a93d19 local_hash= local_source=none snapshot_missing=false
[WARN] consensus validator set unresolved height=544 chain_height=3129 expected_hash=34a93d19 local_hash= local_source=none snapshot_missing=false
[WARN] consensus validator set unresolved height=545 chain_height=3129 expected_hash=34a93d19 local_hash= local_source=none snapshot_missing=false
[WARN] consensus validator set unresolved height=546 chain_height=3129 expected_hash=34a93d19 local_hash= local_source=none snapshot_missing=false
[WARN] consensus validator set unresolved height=547 chain_height=3129 expected_hash=34a93d19 local_hash= local_source=none snapshot_missing=false
[WARN] consensus validator set unresolved height=548 chain_height=3129 expected_hash=34a93d19 local_hash= local_source=none snapshot_missing=false
[WARN] consensus validator set unresolved height=549 chain_height=3129 expected_hash=34a93d19 local_hash= local_source=none snapshot_missing=false
[WARN] consensus validator set unresolved height=550 chain_height=3129 expected_hash=34a93d19 local_hash= local_source=none snapshot_missing=false
[WARN] consensus validator set unresolved height=551 chain_height=3129 expected_hash=34a93d19 local_hash= local_source=none snapshot_missing=false
[WARN] consensus validator set unresolved height=552 chain_height=3129 expected_hash=34a93d19 local_hash= local_source=none snapshot_missing=false
[WARN] consensus validator set unresolved height=553 chain_height=3129 expected_hash=34a93d19 local_hash= local_source=none snapshot_missing=false
[WARN] consensus validator set unresolved height=554 chain_height=3129 expected_hash=34a93d19 local_hash= local_source=none snapshot_missing=false
[WARN] consensus validator set unresolved height=555 chain_height=3129 expected_hash=34a93d19 local_hash= local_source=none snapshot_missing=false
[WARN] consensus validator set unresolved height=556 chain_height=3129 expected_hash=34a93d19 local_hash= local_source=none snapshot_missing=false
[WARN] consensus validator set unresolved height=557 chain_height=3129 expected_hash=34a93d19 local_hash= local_source=none snapshot_missing=false
[WARN] consensus validator set unresolved height=558 chain_height=3129 expected_hash=34a93d19 local_hash= local_source=none snapshot_missing=false
[WARN] consensus validator set unresolved height=559 chain_height=3129 expected_hash=34a93d19 local_hash= local_source=none snapshot_missing=false
[WARN] consensus validator set unresolved height=560 chain_height=3129 expected_hash=34a93d19 local_hash= local_source=none snapshot_missing=false
[WARN] consensus validator set unresolved height=561 chain_height=3129 expected_hash=34a93d19 local_hash= local_source=none snapshot_missing=false
[WARN] consensus validator set unresolved height=562 chain_height=3129 expected_hash=34a93d19 local_hash= local_source=none snapshot_missing=false
[WARN] consensus validator set unresolved height=563 chain_height=3129 expected_hash=34a93d19 local_hash= local_source=none snapshot_missing=false
[WARN] consensus validator set unresolved height=564 chain_height=3129 expected_hash=34a93d19 local_hash= local_source=none snapshot_missing=false
[WARN] consensus validator set unresolved height=565 chain_height=3129 expected_hash=34a93d19 local_hash= local_source=none snapshot_missing=false
[WARN] consensus validator set unresolved height=566 chain_height=3129 expected_hash=34a93d19 local_hash= local_source=none snapshot_missing=false
[WARN] consensus validator set unresolved height=567 chain_height=3129 expected_hash=34a93d19 local_hash= local_source=none snapshot_missing=false
[WARN] consensus validator set unresolved height=568 chain_height=3129 expected_hash=34a93d19 local_hash= local_source=none snapshot_missing=false
[WARN] consensus validator set unresolved height=569 chain_height=3129 expected_hash=34a93d19 local_hash= local_source=none snapshot_missing=false
[WARN] consensus validator set unresolved height=570 chain_height=3129 expected_hash=34a93d19 local_hash= local_source=none snapshot_missing=false
[WARN] consensus validator set unresolved height=571 chain_height=3129 expected_hash=34a93d19 local_hash= local_source=none snapshot_missing=false
[WARN] consensus validator set unresolved height=572 chain_height=3129 expected_hash=34a93d19 local_hash= local_source=none snapshot_missing=false
[WARN] consensus validator set unresolved height=573 chain_height=3129 expected_hash=34a93d19 local_hash= local_source=none snapshot_missing=false
[WARN] consensus validator set unresolved height=574 chain_height=3129 expected_hash=34a93d19 local_hash= local_source=none snapshot_missing=false
[WARN] consensus validator set unresolved height=575 chain_height=3129 expected_hash=34a93d19 local_hash= local_source=none snapshot_missing=false
[WARN] consensus validator set unresolved height=576 chain_height=3129 expected_hash=34a93d19 local_hash= local_source=none snapshot_missing=false
[WARN] consensus validator set unresolved height=577 chain_height=3129 expected_hash=34a93d19 local_hash= local_source=none snapshot_missing=false
[WARN] consensus validator set unresolved height=578 chain_height=3129 expected_hash=34a93d19 local_hash= local_source=none snapshot_missing=false
[WARN] consensus validator set unresolved height=579 chain_height=3129 expected_hash=34a93d19 local_hash= local_source=none snapshot_missing=false
[WARN] consensus validator set unresolved height=580 chain_height=3129 expected_hash=34a93d19 local_hash= local_source=none snapshot_missing=false
[WARN] consensus validator set unresolved height=581 chain_height=3129 expected_hash=34a93d19 local_hash= local_source=none snapshot_missing=false
[WARN] consensus validator set unresolved height=582 chain_height=3129 expected_hash=34a93d19 local_hash= local_source=none snapshot_missing=false
[WARN] consensus validator set unresolved height=583 chain_height=3129 expected_hash=34a93d19 local_hash= local_source=none snapshot_missing=false
[WARN] consensus validator set unresolved height=584 chain_height=3129 expected_hash=34a93d19 local_hash= local_source=none snapshot_missing=false
[WARN] consensus validator set unresolved height=585 chain_height=3129 expected_hash=34a93d19 local_hash= local_source=none snapshot_missing=false
[WARN] consensus validator set unresolved height=586 chain_height=3129 expected_hash=34a93d19 local_hash= local_source=none snapshot_missing=false
[WARN] consensus validator set unresolved height=587 chain_height=3129 expected_hash=34a93d19 local_hash= local_source=none snapshot_missing=false
[WARN] consensus validator set unresolved height=588 chain_height=3129 expected_hash=34a93d19 local_hash= local_source=none snapshot_missing=false
[WARN] consensus validator set unresolved height=589 chain_height=3129 expected_hash=34a93d19 local_hash= local_source=none snapshot_missing=false
[WARN] consensus validator set unresolved height=590 chain_height=3129 expected_hash=34a93d19 local_hash= local_source=none snapshot_missing=false
[WARN] consensus validator set unresolved height=591 chain_height=3129 expected_hash=34a93d19 local_hash= local_source=none snapshot_missing=false
[WARN] consensus validator set unresolved height=592 chain_height=3129 expected_hash=34a93d19 local_hash= local_source=none snapshot_missing=false
[WARN] consensus validator set unresolved height=593 chain_height=3129 expected_hash=34a93d19 local_hash= local_source=none snapshot_missing=false
[WARN] consensus validator set unresolved height=594 chain_height=3129 expected_hash=34a93d19 local_hash= local_source=none snapshot_missing=false
[WARN] consensus validator set unresolved height=595 chain_height=3129 expected_hash=34a93d19 local_hash= local_source=none snapshot_missing=false
[WARN] consensus validator set unresolved height=596 chain_height=3129 expected_hash=34a93d19 local_hash= local_source=none snapshot_missing=false
[WARN] consensus validator set unresolved height=597 chain_height=3129 expected_hash=34a93d19 local_hash= local_source=none snapshot_missing=false
[WARN] consensus validator set unresolved height=598 chain_height=3129 expected_hash=34a93d19 local_hash= local_source=none snapshot_missing=false
[WARN] consensus validator set unresolved height=599 chain_height=3129 expected_hash=34a93d19 local_hash= local_source=none snapshot_missing=false
[WARN] consensus validator set unresolved height=600 chain_height=3129 expected_hash=34a93d19 local_hash= local_source=none snapshot_missing=false
[WARN] consensus validator set unresolved height=601 chain_height=3129 expected_hash=34a93d19 local_hash= local_source=none snapshot_missing=false
[WARN] consensus validator set unresolved height=602 chain_height=3129 expected_hash=34a93d19 local_hash= local_source=none snapshot_missing=false
[WARN] consensus validator set unresolved height=603 chain_height=3129 expected_hash=34a93d19 local_hash= local_source=none snapshot_missing=false
[WARN] consensus validator set unresolved height=604 chain_height=3129 expected_hash=34a93d19 local_hash= local_source=none snapshot_missing=false
[WARN] consensus validator set unresolved height=605 chain_height=3129 expected_hash=34a93d19 local_hash= local_source=none snapshot_missing=false
[WARN] consensus validator set unresolved height=606 chain_height=3129 expected_hash=34a93d19 local_hash= local_source=none snapshot_missing=false
[WARN] consensus validator set unresolved height=607 chain_height=3129 expected_hash=34a93d19 local_hash= local_source=none snapshot_missing=false
[WARN] consensus validator set unresolved height=608 chain_height=3129 expected_hash=34a93d19 local_hash= local_source=none snapshot_missing=false
[WARN] consensus validator set unresolved height=609 chain_height=3129 expected_hash=34a93d19 local_hash= local_source=none snapshot_missing=false
[WARN] consensus validator set unresolved height=610 chain_height=3129 expected_hash=34a93d19 local_hash= local_source=none snapshot_missing=false
[WARN] consensus validator set unresolved height=611 chain_height=3129 expected_hash=34a93d19 local_hash= local_source=none snapshot_missing=false
[WARN] consensus validator set unresolved height=612 chain_height=3129 expected_hash=34a93d19 local_hash= local_source=none snapshot_missing=false
[WARN] consensus validator set unresolved height=613 chain_height=3129 expected_hash=34a93d19 local_hash= local_source=none snapshot_missing=false
[WARN] consensus validator set unresolved height=614 chain_height=3129 expected_hash=34a93d19 local_hash= local_source=none snapshot_missing=false
[WARN] consensus validator set unresolved height=615 chain_height=3129 expected_hash=34a93d19 local_hash= local_source=none snapshot_missing=false
[WARN] consensus validator set unresolved height=616 chain_height=3129 expected_hash=34a93d19 local_hash= local_source=none snapshot_missing=false
[WARN] consensus validator set unresolved height=617 chain_height=3129 expected_hash=34a93d19 local_hash= local_source=none snapshot_missing=false
[WARN] consensus validator set unresolved height=618 chain_height=3129 expected_hash=34a93d19 local_hash= local_source=none snapshot_missing=false
[WARN] consensus validator set unresolved height=619 chain_height=3129 expected_hash=34a93d19 local_hash= local_source=none snapshot_missing=false
[WARN] consensus validator set unresolved height=620 chain_height=3129 expected_hash=34a93d19 local_hash= local_source=none snapshot_missing=false
[WARN] consensus validator set unresolved height=621 chain_height=3129 expected_hash=34a93d19 local_hash= local_source=none snapshot_missing=false
[WARN] consensus validator set unresolved height=622 chain_height=3129 expected_hash=34a93d19 local_hash= local_source=none snapshot_missing=false
[WARN] consensus validator set unresolved height=623 chain_height=3129 expected_hash=34a93d19 local_hash= local_source=none snapshot_missing=false
[WARN] consensus validator set unresolved height=624 chain_height=3129 expected_hash=34a93d19 local_hash= local_source=none snapshot_missing=false
[WARN] consensus validator set unresolved height=625 chain_height=3129 expected_hash=34a93d19 local_hash= local_source=none snapshot_missing=false
[WARN] consensus validator set unresolved height=626 chain_height=3129 expected_hash=34a93d19 local_hash= local_source=none snapshot_missing=false
[WARN] consensus validator set unresolved height=627 chain_height=3129 expected_hash=34a93d19 local_hash= local_source=none snapshot_missing=false
[WARN] consensus validator set unresolved height=628 chain_height=3129 expected_hash=34a93d19 local_hash= local_source=none snapshot_missing=false
[WARN] consensus validator set unresolved height=629 chain_height=3129 expected_hash=34a93d19 local_hash= local_source=none snapshot_missing=false
[WARN] consensus validator set unresolved height=630 chain_height=3129 expected_hash=34a93d19 local_hash= local_source=none snapshot_missing=false
[WARN] consensus validator set unresolved height=631 chain_height=3129 expected_hash=34a93d19 local_hash= local_source=none snapshot_missing=false
[WARN] consensus validator set unresolved height=632 chain_height=3129 expected_hash=34a93d19 local_hash= local_source=none snapshot_missing=false
[WARN] consensus validator set unresolved height=633 chain_height=3129 expected_hash=34a93d19 local_hash= local_source=none snapshot_missing=false
[WARN] consensus validator set unresolved height=634 chain_height=3129 expected_hash=34a93d19 local_hash= local_source=none snapshot_missing=false
[WARN] consensus validator set unresolved height=635 chain_height=3129 expected_hash=34a93d19 local_hash= local_source=none snapshot_missing=false
[WARN] consensus validator set unresolved height=636 chain_height=3129 expected_hash=34a93d19 local_hash= local_source=none snapshot_missing=false
[WARN] consensus validator set unresolved height=637 chain_height=3129 expected_hash=34a93d19 local_hash= local_source=none snapshot_missing=false
[WARN] consensus validator set unresolved height=638 chain_height=3129 expected_hash=34a93d19 local_hash= local_source=none snapshot_missing=false
[WARN] consensus validator set unresolved height=639 chain_height=3129 expected_hash=34a93d19 local_hash= local_source=none snapshot_missing=false
[WARN] consensus validator set unresolved height=640 chain_height=3129 expected_hash=34a93d19 local_hash= local_source=none snapshot_missing=false
[WARN] consensus validator set unresolved height=641 chain_height=3129 expected_hash=34a93d19 local_hash= local_source=none snapshot_missing=false
[WARN] consensus validator set unresolved height=642 chain_height=3129 expected_hash=34a93d19 local_hash= local_source=none snapshot_missing=false
[WARN] consensus validator set unresolved height=643 chain_height=3129 expected_hash=34a93d19 local_hash= local_source=none snapshot_missing=false
[WARN] consensus validator set unresolved height=644 chain_height=3129 expected_hash=34a93d19 local_hash= local_source=none snapshot_missing=false
[WARN] consensus validator set unresolved height=645 chain_height=3129 expected_hash=34a93d19 local_hash= local_source=none snapshot_missing=false
[WARN] consensus validator set unresolved height=646 chain_height=3129 expected_hash=34a93d19 local_hash= local_source=none snapshot_missing=false
[WARN] consensus validator set unresolved height=647 chain_height=3129 expected_hash=34a93d19 local_hash= local_source=none snapshot_missing=false
[WARN] consensus validator set unresolved height=648 chain_height=3129 expected_hash=34a93d19 local_hash= local_source=none snapshot_missing=false
[WARN] consensus validator set unresolved height=649 chain_height=3129 expected_hash=34a93d19 local_hash= local_source=none snapshot_missing=false
[WARN] consensus validator set unresolved height=650 chain_height=3129 expected_hash=34a93d19 local_hash= local_source=none snapshot_missing=false
[WARN] consensus validator set unresolved height=651 chain_height=3129 expected_hash=34a93d19 local_hash= local_source=none snapshot_missing=false
[WARN] consensus validator set unresolved height=652 chain_height=3129 expected_hash=34a93d19 local_hash= local_source=none snapshot_missing=false
[WARN] consensus validator set unresolved height=653 chain_height=3129 expected_hash=34a93d19 local_hash= local_source=none snapshot_missing=false
[WARN] consensus validator set unresolved height=654 chain_height=3129 expected_hash=34a93d19 local_hash= local_source=none snapshot_missing=false
[WARN] consensus validator set unresolved height=655 chain_height=3129 expected_hash=34a93d19 local_hash= local_source=none snapshot_missing=false
[WARN] consensus validator set unresolved height=656 chain_height=3129 expected_hash=34a93d19 local_hash= local_source=none snapshot_missing=false
[WARN] consensus validator set unresolved height=657 chain_height=3129 expected_hash=34a93d19 local_hash= local_source=none snapshot_missing=false
[WARN] consensus validator set unresolved height=658 chain_height=3129 expected_hash=34a93d19 local_hash= local_source=none snapshot_missing=false
[WARN] consensus validator set unresolved height=659 chain_height=3129 expected_hash=34a93d19 local_hash= local_source=none snapshot_missing=false
[WARN] consensus validator set unresolved height=660 chain_height=3129 expected_hash=34a93d19 local_hash= local_source=none snapshot_missing=false
[WARN] consensus validator set unresolved height=661 chain_height=3129 expected_hash=34a93d19 local_hash= local_source=none snapshot_missing=false
[WARN] consensus validator set unresolved height=662 chain_height=3129 expected_hash=34a93d19 local_hash= local_source=none snapshot_missing=false
[WARN] consensus validator set unresolved height=663 chain_height=3129 expected_hash=34a93d19 local_hash= local_source=none snapshot_missing=false
[WARN] consensus validator set unresolved height=664 chain_height=3129 expected_hash=34a93d19 local_hash= local_source=none snapshot_missing=false
[WARN] consensus validator set unresolved height=665 chain_height=3129 expected_hash=34a93d19 local_hash= local_source=none snapshot_missing=false
[WARN] consensus validator set unresolved height=666 chain_height=3129 expected_hash=34a93d19 local_hash= local_source=none snapshot_missing=false
[WARN] consensus validator set unresolved height=667 chain_height=3129 expected_hash=34a93d19 local_hash= local_source=none snapshot_missing=false
[WARN] consensus validator set unresolved height=668 chain_height=3129 expected_hash=34a93d19 local_hash= local_source=none snapshot_missing=false
[WARN] consensus validator set unresolved height=669 chain_height=3129 expected_hash=34a93d19 local_hash= local_source=none snapshot_missing=false
[WARN] consensus validator set unresolved height=670 chain_height=3129 expected_hash=34a93d19 local_hash= local_source=none snapshot_missing=false
[WARN] consensus validator set unresolved height=671 chain_height=3129 expected_hash=34a93d19 local_hash= local_source=none snapshot_missing=false
[WARN] consensus validator set unresolved height=672 chain_height=3129 expected_hash=34a93d19 local_hash= local_source=none snapshot_missing=false
[WARN] consensus validator set unresolved height=673 chain_height=3129 expected_hash=34a93d19 local_hash= local_source=none snapshot_missing=false
[WARN] consensus validator set unresolved height=674 chain_height=3129 expected_hash=34a93d19 local_hash= local_source=none snapshot_missing=false
[WARN] consensus validator set unresolved height=675 chain_height=3129 expected_hash=34a93d19 local_hash= local_source=none snapshot_missing=false
[WARN] consensus validator set unresolved height=676 chain_height=3129 expected_hash=34a93d19 local_hash= local_source=none snapshot_missing=false
[WARN] consensus validator set unresolved height=677 chain_height=3129 expected_hash=34a93d19 local_hash= local_source=none snapshot_missing=false
[WARN] consensus validator set unresolved height=678 chain_height=3129 expected_hash=34a93d19 local_hash= local_source=none snapshot_missing=false
[WARN] consensus validator set unresolved height=679 chain_height=3129 expected_hash=34a93d19 local_hash= local_source=none snapshot_missing=false
[WARN] consensus validator set unresolved height=680 chain_height=3129 expected_hash=34a93d19 local_hash= local_source=none snapshot_missing=false
[WARN] consensus validator set unresolved height=681 chain_height=3129 expected_hash=34a93d19 local_hash= local_source=none snapshot_missing=false
[WARN] consensus validator set unresolved height=682 chain_height=3129 expected_hash=34a93d19 local_hash= local_source=none snapshot_missing=false
[WARN] consensus validator set unresolved height=683 chain_height=3129 expected_hash=34a93d19 local_hash= local_source=none snapshot_missing=false
[WARN] consensus validator set unresolved height=684 chain_height=3129 expected_hash=34a93d19 local_hash= local_source=none snapshot_missing=false
[WARN] consensus validator set unresolved height=685 chain_height=3129 expected_hash=34a93d19 local_hash= local_source=none snapshot_missing=false
[WARN] consensus validator set unresolved height=686 chain_height=3129 expected_hash=34a93d19 local_hash= local_source=none snapshot_missing=false
[WARN] consensus validator set unresolved height=687 chain_height=3129 expected_hash=34a93d19 local_hash= local_source=none snapshot_missing=false
[WARN] consensus validator set unresolved height=688 chain_height=3129 expected_hash=34a93d19 local_hash= local_source=none snapshot_missing=false
[WARN] consensus validator set unresolved height=689 chain_height=3129 expected_hash=34a93d19 local_hash= local_source=none snapshot_missing=false
[WARN] consensus validator set unresolved height=690 chain_height=3129 expected_hash=34a93d19 local_hash= local_source=none snapshot_missing=false
[WARN] consensus validator set unresolved height=691 chain_height=3129 expected_hash=34a93d19 local_hash= local_source=none snapshot_missing=false
[WARN] consensus validator set unresolved height=692 chain_height=3129 expected_hash=34a93d19 local_hash= local_source=none snapshot_missing=false
[WARN] consensus validator set unresolved height=693 chain_height=3129 expected_hash=34a93d19 local_hash= local_source=none snapshot_missing=false
[WARN] consensus validator set unresolved height=694 chain_height=3129 expected_hash=34a93d19 local_hash= local_source=none snapshot_missing=false
[WARN] consensus validator set unresolved height=695 chain_height=3129 expected_hash=34a93d19 local_hash= local_source=none snapshot_missing=false
[WARN] consensus validator set unresolved height=696 chain_height=3129 expected_hash=34a93d19 local_hash= local_source=none snapshot_missing=false
[WARN] consensus validator set unresolved height=697 chain_height=3129 expected_hash=34a93d19 local_hash= local_source=none snapshot_missing=false
[WARN] consensus validator set unresolved height=698 chain_height=3129 expected_hash=34a93d19 local_hash= local_source=none snapshot_missing=false
[WARN] consensus validator set unresolved height=699 chain_height=3129 expected_hash=34a93d19 local_hash= local_source=none snapshot_missing=false
[WARN] consensus validator set unresolved height=700 chain_height=3129 expected_hash=34a93d19 local_hash= local_source=none snapshot_missing=false
[WARN] consensus validator set unresolved height=701 chain_height=3129 expected_hash=34a93d19 local_hash= local_source=none snapshot_missing=false
[WARN] consensus validator set unresolved height=702 chain_height=3129 expected_hash=34a93d19 local_hash= local_source=none snapshot_missing=false
[WARN] consensus validator set unresolved height=703 chain_height=3129 expected_hash=34a93d19 local_hash= local_source=none snapshot_missing=false
[WARN] consensus validator set unresolved height=704 chain_height=3129 expected_hash=34a93d19 local_hash= local_source=none snapshot_missing=false
[WARN] consensus validator set unresolved height=705 chain_height=3129 expected_hash=34a93d19 local_hash= local_source=none snapshot_missing=false
[WARN] consensus validator set unresolved height=706 chain_height=3129 expected_hash=34a93d19 local_hash= local_source=none snapshot_missing=false
[WARN] consensus validator set unresolved height=707 chain_height=3129 expected_hash=34a93d19 local_hash= local_source=none snapshot_missing=false
[WARN] consensus validator set unresolved height=708 chain_height=3129 expected_hash=34a93d19 local_hash= local_source=none snapshot_missing=false
[WARN] consensus validator set unresolved height=709 chain_height=3129 expected_hash=34a93d19 local_hash= local_source=none snapshot_missing=false
[WARN] consensus validator set unresolved height=710 chain_height=3129 expected_hash=34a93d19 local_hash= local_source=none snapshot_missing=false
[WARN] consensus validator set unresolved height=711 chain_height=3129 expected_hash=34a93d19 local_hash= local_source=none snapshot_missing=false
[WARN] consensus validator set unresolved height=712 chain_height=3129 expected_hash=34a93d19 local_hash= local_source=none snapshot_missing=false
[WARN] consensus validator set unresolved height=713 chain_height=3129 expected_hash=34a93d19 local_hash= local_source=none snapshot_missing=false
[WARN] consensus validator set unresolved height=714 chain_height=3129 expected_hash=34a93d19 local_hash= local_source=none snapshot_missing=false
[WARN] consensus validator set unresolved height=715 chain_height=3129 expected_hash=34a93d19 local_hash= local_source=none snapshot_missing=false
[WARN] consensus validator set unresolved height=716 chain_height=3129 expected_hash=34a93d19 local_hash= local_source=none snapshot_missing=false
[WARN] consensus validator set unresolved height=717 chain_height=3129 expected_hash=34a93d19 local_hash= local_source=none snapshot_missing=false
[WARN] consensus validator set unresolved height=718 chain_height=3129 expected_hash=34a93d19 local_hash= local_source=none snapshot_missing=false
[WARN] consensus validator set unresolved height=719 chain_height=3129 expected_hash=34a93d19 local_hash= local_source=none snapshot_missing=false
[WARN] consensus validator set unresolved height=720 chain_height=3129 expected_hash=34a93d19 local_hash= local_source=none snapshot_missing=false
[WARN] consensus validator set unresolved height=721 chain_height=3129 expected_hash=34a93d19 local_hash= local_source=none snapshot_missing=false
[WARN] consensus validator set unresolved height=722 chain_height=3129 expected_hash=34a93d19 local_hash= local_source=none snapshot_missing=false
[WARN] consensus validator set unresolved height=723 chain_height=3129 expected_hash=34a93d19 local_hash= local_source=none snapshot_missing=false
[WARN] consensus validator set unresolved height=724 chain_height=3129 expected_hash=34a93d19 local_hash= local_source=none snapshot_missing=false
[WARN] consensus validator set unresolved height=725 chain_height=3129 expected_hash=34a93d19 local_hash= local_source=none snapshot_missing=false
[WARN] consensus validator set unresolved height=726 chain_height=3129 expected_hash=34a93d19 local_hash= local_source=none snapshot_missing=false
[WARN] consensus validator set unresolved height=727 chain_height=3129 expected_hash=34a93d19 local_hash= local_source=none snapshot_missing=false
[WARN] consensus validator set unresolved height=728 chain_height=3129 expected_hash=34a93d19 local_hash= local_source=none snapshot_missing=false
[WARN] consensus validator set unresolved height=729 chain_height=3129 expected_hash=34a93d19 local_hash= local_source=none snapshot_missing=false
[WARN] consensus validator set unresolved height=730 chain_height=3129 expected_hash=34a93d19 local_hash= local_source=none snapshot_missing=false
[WARN] consensus validator set unresolved height=731 chain_height=3129 expected_hash=34a93d19 local_hash= local_source=none snapshot_missing=false
[WARN] consensus validator set unresolved height=732 chain_height=3129 expected_hash=34a93d19 local_hash= local_source=none snapshot_missing=false
[WARN] consensus validator set unresolved height=733 chain_height=3129 expected_hash=34a93d19 local_hash= local_source=none snapshot_missing=false
[WARN] consensus validator set unresolved height=734 chain_height=3129 expected_hash=34a93d19 local_hash= local_source=none snapshot_missing=false
[WARN] consensus validator set unresolved height=735 chain_height=3129 expected_hash=34a93d19 local_hash= local_source=none snapshot_missing=false
[WARN] consensus validator set unresolved height=736 chain_height=3129 expected_hash=34a93d19 local_hash= local_source=none snapshot_missing=false
[WARN] consensus validator set unresolved height=737 chain_height=3129 expected_hash=34a93d19 local_hash= local_source=none snapshot_missing=false
[WARN] consensus validator set unresolved height=738 chain_height=3129 expected_hash=34a93d19 local_hash= local_source=none snapshot_missing=false
[WARN] consensus validator set unresolved height=739 chain_height=3129 expected_hash=34a93d19 local_hash= local_source=none snapshot_missing=false
[WARN] consensus validator set unresolved height=740 chain_height=3129 expected_hash=34a93d19 local_hash= local_source=none snapshot_missing=false
[WARN] consensus validator set unresolved height=741 chain_height=3129 expected_hash=34a93d19 local_hash= local_source=none snapshot_missing=false
[WARN] consensus validator set unresolved height=742 chain_height=3129 expected_hash=34a93d19 local_hash= local_source=none snapshot_missing=false
[WARN] consensus validator set unresolved height=743 chain_height=3129 expected_hash=34a93d19 local_hash= local_source=none snapshot_missing=false
[WARN] consensus validator set unresolved height=744 chain_height=3129 expected_hash=34a93d19 local_hash= local_source=none snapshot_missing=false
[WARN] consensus validator set unresolved height=745 chain_height=3129 expected_hash=34a93d19 local_hash= local_source=none snapshot_missing=false
[WARN] consensus validator set unresolved height=746 chain_height=3129 expected_hash=34a93d19 local_hash= local_source=none snapshot_missing=false
[WARN] consensus validator set unresolved height=747 chain_height=3129 expected_hash=34a93d19 local_hash= local_source=none snapshot_missing=false
[WARN] consensus validator set unresolved height=748 chain_height=3129 expected_hash=34a93d19 local_hash= local_source=none snapshot_missing=false
[WARN] consensus validator set unresolved height=749 chain_height=3129 expected_hash=34a93d19 local_hash= local_source=none snapshot_missing=false
[WARN] consensus validator set unresolved height=750 chain_height=3129 expected_hash=34a93d19 local_hash= local_source=none snapshot_missing=false
[WARN] consensus validator set unresolved height=751 chain_height=3129 expected_hash=34a93d19 local_hash= local_source=none snapshot_missing=false
[WARN] consensus validator set unresolved height=752 chain_height=3129 expected_hash=34a93d19 local_hash= local_source=none snapshot_missing=false
[WARN] consensus validator set unresolved height=753 chain_height=3129 expected_hash=34a93d19 local_hash= local_source=none snapshot_missing=false
[WARN] consensus validator set unresolved height=754 chain_height=3129 expected_hash=34a93d19 local_hash= local_source=none snapshot_missing=false
[WARN] consensus validator set unresolved height=755 chain_height=3129 expected_hash=34a93d19 local_hash= local_source=none snapshot_missing=false
[WARN] consensus validator set unresolved height=756 chain_height=3129 expected_hash=34a93d19 local_hash= local_source=none snapshot_missing=false
[WARN] consensus validator set unresolved height=757 chain_height=3129 expected_hash=34a93d19 local_hash= local_source=none snapshot_missing=false
[WARN] consensus validator set unresolved height=758 chain_height=3129 expected_hash=34a93d19 local_hash= local_source=none snapshot_missing=false
[WARN] consensus validator set unresolved height=759 chain_height=3129 expected_hash=34a93d19 local_hash= local_source=none snapshot_missing=false
[WARN] consensus validator set unresolved height=760 chain_height=3129 expected_hash=34a93d19 local_hash= local_source=none snapshot_missing=false
[WARN] consensus validator set unresolved height=761 chain_height=3129 expected_hash=34a93d19 local_hash= local_source=none snapshot_missing=false
[WARN] consensus validator set unresolved height=762 chain_height=3129 expected_hash=34a93d19 local_hash= local_source=none snapshot_missing=false
[WARN] consensus validator set unresolved height=763 chain_height=3129 expected_hash=34a93d19 local_hash= local_source=none snapshot_missing=false
[WARN] consensus validator set unresolved height=764 chain_height=3129 expected_hash=34a93d19 local_hash= local_source=none snapshot_missing=false
[WARN] consensus validator set unresolved height=765 chain_height=3129 expected_hash=34a93d19 local_hash= local_source=none snapshot_missing=false
[WARN] consensus validator set unresolved height=766 chain_height=3129 expected_hash=34a93d19 local_hash= local_source=none snapshot_missing=false
[WARN] consensus validator set unresolved height=767 chain_height=3129 expected_hash=34a93d19 local_hash= local_source=none snapshot_missing=false
[WARN] consensus validator set unresolved height=768 chain_height=3129 expected_hash=34a93d19 local_hash= local_source=none snapshot_missing=false
[WARN] consensus validator set unresolved height=769 chain_height=3129 expected_hash=34a93d19 local_hash= local_source=none snapshot_missing=false
[WARN] consensus validator set unresolved height=770 chain_height=3129 expected_hash=34a93d19 local_hash= local_source=none snapshot_missing=false
[WARN] consensus validator set unresolved height=771 chain_height=3129 expected_hash=34a93d19 local_hash= local_source=none snapshot_missing=false
[WARN] consensus validator set unresolved height=772 chain_height=3129 expected_hash=34a93d19 local_hash= local_source=none snapshot_missing=false
[WARN] consensus validator set unresolved height=773 chain_height=3129 expected_hash=34a93d19 local_hash= local_source=none snapshot_missing=false
[WARN] consensus validator set unresolved height=774 chain_height=3129 expected_hash=34a93d19 local_hash= local_source=none snapshot_missing=false
[WARN] consensus validator set unresolved height=775 chain_height=3129 expected_hash=34a93d19 local_hash= local_source=none snapshot_missing=false
[WARN] consensus validator set unresolved height=776 chain_height=3129 expected_hash=34a93d19 local_hash= local_source=none snapshot_missing=false
[WARN] consensus validator set unresolved height=777 chain_height=3129 expected_hash=34a93d19 local_hash= local_source=none snapshot_missing=false
[WARN] consensus validator set unresolved height=778 chain_height=3129 expected_hash=34a93d19 local_hash= local_source=none snapshot_missing=false
[WARN] consensus validator set unresolved height=779 chain_height=3129 expected_hash=34a93d19 local_hash= local_source=none snapshot_missing=false
[WARN] consensus validator set unresolved height=780 chain_height=3129 expected_hash=34a93d19 local_hash= local_source=none snapshot_missing=false
[WARN] consensus validator set unresolved height=781 chain_height=3129 expected_hash=34a93d19 local_hash= local_source=none snapshot_missing=false
[WARN] consensus validator set unresolved height=782 chain_height=3129 expected_hash=34a93d19 local_hash= local_source=none snapshot_missing=false
[WARN] consensus validator set unresolved height=783 chain_height=3129 expected_hash=34a93d19 local_hash= local_source=none snapshot_missing=false
[WARN] consensus validator set unresolved height=784 chain_height=3129 expected_hash=34a93d19 local_hash= local_source=none snapshot_missing=false
[WARN] consensus validator set unresolved height=785 chain_height=3129 expected_hash=34a93d19 local_hash= local_source=none snapshot_missing=false
[WARN] consensus validator set unresolved height=786 chain_height=3129 expected_hash=34a93d19 local_hash= local_source=none snapshot_missing=false
[WARN] consensus validator set unresolved height=787 chain_height=3129 expected_hash=34a93d19 local_hash= local_source=none snapshot_missing=false
[WARN] consensus validator set unresolved height=788 chain_height=3129 expected_hash=34a93d19 local_hash= local_source=none snapshot_missing=false
[WARN] consensus validator set unresolved height=789 chain_height=3129 expected_hash=34a93d19 local_hash= local_source=none snapshot_missing=false
[WARN] consensus validator set unresolved height=790 chain_height=3129 expected_hash=34a93d19 local_hash= local_source=none snapshot_missing=false
[WARN] consensus validator set unresolved height=791 chain_height=3129 expected_hash=34a93d19 local_hash= local_source=none snapshot_missing=false
[WARN] consensus validator set unresolved height=792 chain_height=3129 expected_hash=34a93d19 local_hash= local_source=none snapshot_missing=false
[WARN] consensus validator set unresolved height=793 chain_height=3129 expected_hash=34a93d19 local_hash= local_source=none snapshot_missing=false
[WARN] consensus validator set unresolved height=794 chain_height=3129 expected_hash=34a93d19 local_hash= local_source=none snapshot_missing=false
[WARN] consensus validator set unresolved height=795 chain_height=3129 expected_hash=34a93d19 local_hash= local_source=none snapshot_missing=false
[WARN] consensus validator set unresolved height=796 chain_height=3129 expected_hash=34a93d19 local_hash= local_source=none snapshot_missing=false
[WARN] consensus validator set unresolved height=797 chain_height=3129 expected_hash=34a93d19 local_hash= local_source=none snapshot_missing=false
[WARN] consensus validator set unresolved height=798 chain_height=3129 expected_hash=34a93d19 local_hash= local_source=none snapshot_missing=false
[WARN] consensus validator set unresolved height=799 chain_height=3129 expected_hash=34a93d19 local_hash= local_source=none snapshot_missing=false
[WARN] consensus validator set unresolved height=800 chain_height=3129 expected_hash=34a93d19 local_hash= local_source=none snapshot_missing=false
[WARN] consensus validator set unresolved height=801 chain_height=3129 expected_hash=34a93d19 local_hash= local_source=none snapshot_missing=false
[WARN] consensus validator set unresolved height=802 chain_height=3129 expected_hash=34a93d19 local_hash= local_source=none snapshot_missing=false
[WARN] consensus validator set unresolved height=803 chain_height=3129 expected_hash=34a93d19 local_hash= local_source=none snapshot_missing=false
[WARN] consensus validator set unresolved height=804 chain_height=3129 expected_hash=34a93d19 local_hash= local_source=none snapshot_missing=false
[WARN] consensus validator set unresolved height=805 chain_height=3129 expected_hash=34a93d19 local_hash= local_source=none snapshot_missing=false
[WARN] consensus validator set unresolved height=806 chain_height=3129 expected_hash=34a93d19 local_hash= local_source=none snapshot_missing=false
[WARN] consensus validator set unresolved height=807 chain_height=3129 expected_hash=34a93d19 local_hash= local_source=none snapshot_missing=false
[WARN] consensus validator set unresolved height=808 chain_height=3129 expected_hash=34a93d19 local_hash= local_source=none snapshot_missing=false
[WARN] consensus validator set unresolved height=809 chain_height=3129 expected_hash=34a93d19 local_hash= local_source=none snapshot_missing=false
[WARN] consensus validator set unresolved height=810 chain_height=3129 expected_hash=34a93d19 local_hash= local_source=none snapshot_missing=false
[WARN] consensus validator set unresolved height=811 chain_height=3129 expected_hash=34a93d19 local_hash= local_source=none snapshot_missing=false
[WARN] consensus validator set unresolved height=812 chain_height=3129 expected_hash=34a93d19 local_hash= local_source=none snapshot_missing=false
[WARN] consensus validator set unresolved height=813 chain_height=3129 expected_hash=34a93d19 local_hash= local_source=none snapshot_missing=false
[WARN] consensus validator set unresolved height=814 chain_height=3129 expected_hash=34a93d19 local_hash= local_source=none snapshot_missing=false
[WARN] consensus validator set unresolved height=815 chain_height=3129 expected_hash=34a93d19 local_hash= local_source=none snapshot_missing=false
[WARN] consensus validator set unresolved height=816 chain_height=3129 expected_hash=34a93d19 local_hash= local_source=none snapshot_missing=false
[WARN] consensus validator set unresolved height=817 chain_height=3129 expected_hash=34a93d19 local_hash= local_source=none snapshot_missing=false
[WARN] consensus validator set unresolved height=818 chain_height=3129 expected_hash=34a93d19 local_hash= local_source=none snapshot_missing=false
[WARN] consensus validator set unresolved height=819 chain_height=3129 expected_hash=34a93d19 local_hash= local_source=none snapshot_missing=false
[WARN] consensus validator set unresolved height=820 chain_height=3129 expected_hash=34a93d19 local_hash= local_source=none snapshot_missing=false
[WARN] consensus validator set unresolved height=821 chain_height=3129 expected_hash=34a93d19 local_hash= local_source=none snapshot_missing=false
[WARN] consensus validator set unresolved height=822 chain_height=3129 expected_hash=34a93d19 local_hash= local_source=none snapshot_missing=false
[WARN] consensus validator set unresolved height=823 chain_height=3129 expected_hash=34a93d19 local_hash= local_source=none snapshot_missing=false
[WARN] consensus validator set unresolved height=824 chain_height=3129 expected_hash=34a93d19 local_hash= local_source=none snapshot_missing=false
[WARN] consensus validator set unresolved height=825 chain_height=3129 expected_hash=34a93d19 local_hash= local_source=none snapshot_missing=false
[WARN] consensus validator set unresolved height=826 chain_height=3129 expected_hash=34a93d19 local_hash= local_source=none snapshot_missing=false
[WARN] consensus validator set unresolved height=827 chain_height=3129 expected_hash=34a93d19 local_hash= local_source=none snapshot_missing=false
[WARN] consensus validator set unresolved height=828 chain_height=3129 expected_hash=34a93d19 local_hash= local_source=none snapshot_missing=false
[WARN] consensus validator set unresolved height=829 chain_height=3129 expected_hash=34a93d19 local_hash= local_source=none snapshot_missing=false
[WARN] consensus validator set unresolved height=830 chain_height=3129 expected_hash=34a93d19 local_hash= local_source=none snapshot_missing=false
[WARN] consensus validator set unresolved height=831 chain_height=3129 expected_hash=34a93d19 local_hash= local_source=none snapshot_missing=false
[WARN] consensus validator set unresolved height=832 chain_height=3129 expected_hash=34a93d19 local_hash= local_source=none snapshot_missing=false
[WARN] consensus validator set unresolved height=833 chain_height=3129 expected_hash=34a93d19 local_hash= local_source=none snapshot_missing=false
[WARN] consensus validator set unresolved height=834 chain_height=3129 expected_hash=34a93d19 local_hash= local_source=none snapshot_missing=false
[WARN] consensus validator set unresolved height=835 chain_height=3129 expected_hash=34a93d19 local_hash= local_source=none snapshot_missing=false
[WARN] consensus validator set unresolved height=836 chain_height=3129 expected_hash=34a93d19 local_hash= local_source=none snapshot_missing=false
[WARN] consensus validator set unresolved height=837 chain_height=3129 expected_hash=34a93d19 local_hash= local_source=none snapshot_missing=false
[WARN] consensus validator set unresolved height=838 chain_height=3129 expected_hash=34a93d19 local_hash= local_source=none snapshot_missing=false
[WARN] consensus validator set unresolved height=839 chain_height=3129 expected_hash=34a93d19 local_hash= local_source=none snapshot_missing=false
[WARN] consensus validator set unresolved height=840 chain_height=3129 expected_hash=34a93d19 local_hash= local_source=none snapshot_missing=false
[WARN] consensus validator set unresolved height=841 chain_height=3129 expected_hash=34a93d19 local_hash= local_source=none snapshot_missing=false
[WARN] consensus validator set unresolved height=842 chain_height=3129 expected_hash=34a93d19 local_hash= local_source=none snapshot_missing=false
[WARN] consensus validator set unresolved height=843 chain_height=3129 expected_hash=34a93d19 local_hash= local_source=none snapshot_missing=false
[WARN] consensus validator set unresolved height=844 chain_height=3129 expected_hash=34a93d19 local_hash= local_source=none snapshot_missing=false
[WARN] consensus validator set unresolved height=845 chain_height=3129 expected_hash=34a93d19 local_hash= local_source=none snapshot_missing=false
[WARN] consensus validator set unresolved height=846 chain_height=3129 expected_hash=34a93d19 local_hash= local_source=none snapshot_missing=false
[WARN] consensus validator set unresolved height=847 chain_height=3129 expected_hash=34a93d19 local_hash= local_source=none snapshot_missing=false
[WARN] consensus validator set unresolved height=848 chain_height=3129 expected_hash=34a93d19 local_hash= local_source=none snapshot_missing=false
[WARN] consensus validator set unresolved height=849 chain_height=3129 expected_hash=34a93d19 local_hash= local_source=none snapshot_missing=false
[WARN] consensus validator set unresolved height=850 chain_height=3129 expected_hash=34a93d19 local_hash= local_source=none snapshot_missing=false
[WARN] consensus validator set unresolved height=851 chain_height=3129 expected_hash=34a93d19 local_hash= local_source=none snapshot_missing=false
[WARN] consensus validator set unresolved height=852 chain_height=3129 expected_hash=34a93d19 local_hash= local_source=none snapshot_missing=false
[WARN] consensus validator set unresolved height=853 chain_height=3129 expected_hash=34a93d19 local_hash= local_source=none snapshot_missing=false
[WARN] consensus validator set unresolved height=854 chain_height=3129 expected_hash=34a93d19 local_hash= local_source=none snapshot_missing=false
[WARN] consensus validator set unresolved height=855 chain_height=3129 expected_hash=34a93d19 local_hash= local_source=none snapshot_missing=false
[WARN] consensus validator set unresolved height=856 chain_height=3129 expected_hash=34a93d19 local_hash= local_source=none snapshot_missing=false
[WARN] consensus validator set unresolved height=857 chain_height=3129 expected_hash=34a93d19 local_hash= local_source=none snapshot_missing=false
[WARN] consensus validator set unresolved height=858 chain_height=3129 expected_hash=34a93d19 local_hash= local_source=none snapshot_missing=false
[WARN] consensus validator set unresolved height=859 chain_height=3129 expected_hash=34a93d19 local_hash= local_source=none snapshot_missing=false
[WARN] consensus validator set unresolved height=860 chain_height=3129 expected_hash=34a93d19 local_hash= local_source=none snapshot_missing=false
[WARN] consensus validator set unresolved height=861 chain_height=3129 expected_hash=34a93d19 local_hash= local_source=none snapshot_missing=false
[WARN] consensus validator set unresolved height=862 chain_height=3129 expected_hash=34a93d19 local_hash= local_source=none snapshot_missing=false
[WARN] consensus validator set unresolved height=863 chain_height=3129 expected_hash=34a93d19 local_hash= local_source=none snapshot_missing=false
[WARN] consensus validator set unresolved height=864 chain_height=3129 expected_hash=34a93d19 local_hash= local_source=none snapshot_missing=false
[WARN] consensus validator set unresolved height=865 chain_height=3129 expected_hash=34a93d19 local_hash= local_source=none snapshot_missing=false
[WARN] consensus validator set unresolved height=866 chain_height=3129 expected_hash=34a93d19 local_hash= local_source=none snapshot_missing=false
[WARN] consensus validator set unresolved height=867 chain_height=3129 expected_hash=34a93d19 local_hash= local_source=none snapshot_missing=false
[WARN] consensus validator set unresolved height=868 chain_height=3129 expected_hash=34a93d19 local_hash= local_source=none snapshot_missing=false
[WARN] consensus validator set unresolved height=869 chain_height=3129 expected_hash=34a93d19 local_hash= local_source=none snapshot_missing=false
[WARN] consensus validator set unresolved height=870 chain_height=3129 expected_hash=34a93d19 local_hash= local_source=none snapshot_missing=false
[WARN] consensus validator set unresolved height=871 chain_height=3129 expected_hash=34a93d19 local_hash= local_source=none snapshot_missing=false
[WARN] consensus validator set unresolved height=872 chain_height=3129 expected_hash=34a93d19 local_hash= local_source=none snapshot_missing=false
[WARN] consensus validator set unresolved height=873 chain_height=3129 expected_hash=34a93d19 local_hash= local_source=none snapshot_missing=false
[WARN] consensus validator set unresolved height=874 chain_height=3129 expected_hash=34a93d19 local_hash= local_source=none snapshot_missing=false
[WARN] consensus validator set unresolved height=875 chain_height=3129 expected_hash=34a93d19 local_hash= local_source=none snapshot_missing=false
[WARN] consensus validator set unresolved height=876 chain_height=3129 expected_hash=34a93d19 local_hash= local_source=none snapshot_missing=false
[WARN] consensus validator set unresolved height=877 chain_height=3129 expected_hash=34a93d19 local_hash= local_source=none snapshot_missing=false
[WARN] consensus validator set unresolved height=878 chain_height=3129 expected_hash=34a93d19 local_hash= local_source=none snapshot_missing=false
[WARN] consensus validator set unresolved height=879 chain_height=3129 expected_hash=34a93d19 local_hash= local_source=none snapshot_missing=false
[WARN] consensus validator set unresolved height=880 chain_height=3129 expected_hash=34a93d19 local_hash= local_source=none snapshot_missing=false
[WARN] consensus validator set unresolved height=881 chain_height=3129 expected_hash=34a93d19 local_hash= local_source=none snapshot_missing=false
[WARN] consensus validator set unresolved height=882 chain_height=3129 expected_hash=34a93d19 local_hash= local_source=none snapshot_missing=false
[WARN] consensus validator set unresolved height=883 chain_height=3129 expected_hash=34a93d19 local_hash= local_source=none snapshot_missing=false
[WARN] consensus validator set unresolved height=884 chain_height=3129 expected_hash=34a93d19 local_hash= local_source=none snapshot_missing=false
[WARN] consensus validator set unresolved height=885 chain_height=3129 expected_hash=34a93d19 local_hash= local_source=none snapshot_missing=false
[WARN] consensus validator set unresolved height=886 chain_height=3129 expected_hash=34a93d19 local_hash= local_source=none snapshot_missing=false
[WARN] consensus validator set unresolved height=887 chain_height=3129 expected_hash=34a93d19 local_hash= local_source=none snapshot_missing=false
[WARN] consensus validator set unresolved height=888 chain_height=3129 expected_hash=34a93d19 local_hash= local_source=none snapshot_missing=false
[WARN] consensus validator set unresolved height=889 chain_height=3129 expected_hash=34a93d19 local_hash= local_source=none snapshot_missing=false
[WARN] consensus validator set unresolved height=890 chain_height=3129 expected_hash=34a93d19 local_hash= local_source=none snapshot_missing=false
[WARN] consensus validator set unresolved height=891 chain_height=3129 expected_hash=34a93d19 local_hash= local_source=none snapshot_missing=false
[WARN] consensus validator set unresolved height=892 chain_height=3129 expected_hash=34a93d19 local_hash= local_source=none snapshot_missing=false
[WARN] consensus validator set unresolved height=893 chain_height=3129 expected_hash=34a93d19 local_hash= local_source=none snapshot_missing=false
[WARN] consensus validator set unresolved height=894 chain_height=3129 expected_hash=34a93d19 local_hash= local_source=none snapshot_missing=false
[WARN] consensus validator set unresolved height=895 chain_height=3129 expected_hash=34a93d19 local_hash= local_source=none snapshot_missing=false
[WARN] consensus validator set unresolved height=896 chain_height=3129 expected_hash=34a93d19 local_hash= local_source=none snapshot_missing=false
[WARN] consensus validator set unresolved height=897 chain_height=3129 expected_hash=34a93d19 local_hash= local_source=none snapshot_missing=false
[WARN] consensus validator set unresolved height=898 chain_height=3129 expected_hash=34a93d19 local_hash= local_source=none snapshot_missing=false
[WARN] consensus validator set unresolved height=899 chain_height=3129 expected_hash=34a93d19 local_hash= local_source=none snapshot_missing=false
[WARN] consensus validator set unresolved height=900 chain_height=3129 expected_hash=34a93d19 local_hash= local_source=none snapshot_missing=false
[WARN] consensus validator set unresolved height=901 chain_height=3129 expected_hash=34a93d19 local_hash= local_source=none snapshot_missing=false
[WARN] consensus validator set unresolved height=902 chain_height=3129 expected_hash=34a93d19 local_hash= local_source=none snapshot_missing=false
[WARN] consensus validator set unresolved height=903 chain_height=3129 expected_hash=34a93d19 local_hash= local_source=none snapshot_missing=false
[WARN] consensus validator set unresolved height=904 chain_height=3129 expected_hash=34a93d19 local_hash= local_source=none snapshot_missing=false
[WARN] consensus validator set unresolved height=905 chain_height=3129 expected_hash=34a93d19 local_hash= local_source=none snapshot_missing=false
[WARN] consensus validator set unresolved height=906 chain_height=3129 expected_hash=34a93d19 local_hash= local_source=none snapshot_missing=false
[WARN] consensus validator set unresolved height=907 chain_height=3129 expected_hash=34a93d19 local_hash= local_source=none snapshot_missing=false
[WARN] consensus validator set unresolved height=908 chain_height=3129 expected_hash=34a93d19 local_hash= local_source=none snapshot_missing=false
[WARN] consensus validator set unresolved height=909 chain_height=3129 expected_hash=34a93d19 local_hash= local_source=none snapshot_missing=false
[WARN] consensus validator set unresolved height=910 chain_height=3129 expected_hash=34a93d19 local_hash= local_source=none snapshot_missing=false
[WARN] consensus validator set unresolved height=911 chain_height=3129 expected_hash=34a93d19 local_hash= local_source=none snapshot_missing=false
[WARN] consensus validator set unresolved height=912 chain_height=3129 expected_hash=34a93d19 local_hash= local_source=none snapshot_missing=false
[WARN] consensus validator set unresolved height=913 chain_height=3129 expected_hash=34a93d19 local_hash= local_source=none snapshot_missing=false
[WARN] consensus validator set unresolved height=914 chain_height=3129 expected_hash=34a93d19 local_hash= local_source=none snapshot_missing=false
[WARN] consensus validator set unresolved height=915 chain_height=3129 expected_hash=34a93d19 local_hash= local_source=none snapshot_missing=false
[WARN] consensus validator set unresolved height=916 chain_height=3129 expected_hash=34a93d19 local_hash= local_source=none snapshot_missing=false
[WARN] consensus validator set unresolved height=917 chain_height=3129 expected_hash=34a93d19 local_hash= local_source=none snapshot_missing=false
2026/05/20 23:21:17 [REGISTRY-HISTORY-REBUILD] height=1940 status=scheduled reason=consensus_set_unresolved
[WARN] consensus validator set unresolved height=918 chain_height=3129 expected_hash=34a93d19 local_hash= local_source=none snapshot_missing=false
2026/05/20 23:21:17 [REGISTRY-HISTORY-REBUILD] height=1940 status=started reason=consensus_set_unresolved
2026/05/20 23:21:17 [REGISTRY-HISTORY-REBUILD] height=1940 status=ok reason=consensus_set_unresolved
[WARN] consensus validator set unresolved height=919 chain_height=3129 expected_hash=34a93d19 local_hash= local_source=none snapshot_missing=false
[WARN] consensus validator set unresolved height=920 chain_height=3129 expected_hash=34a93d19 local_hash= local_source=none snapshot_missing=false
[WARN] consensus validator set unresolved height=921 chain_height=3129 expected_hash=34a93d19 local_hash= local_source=none snapshot_missing=false
[WARN] consensus validator set unresolved height=922 chain_height=3129 expected_hash=34a93d19 local_hash= local_source=none snapshot_missing=false
[WARN] consensus validator set unresolved height=923 chain_height=3129 expected_hash=34a93d19 local_hash= local_source=none snapshot_missing=false
[WARN] consensus validator set unresolved height=924 chain_height=3129 expected_hash=34a93d19 local_hash= local_source=none snapshot_missing=false
[WARN] consensus validator set unresolved height=925 chain_height=3129 expected_hash=34a93d19 local_hash= local_source=none snapshot_missing=false
[WARN] consensus validator set unresolved height=926 chain_height=3129 expected_hash=34a93d19 local_hash= local_source=none snapshot_missing=false
[WARN] consensus validator set unresolved height=927 chain_height=3129 expected_hash=34a93d19 local_hash= local_source=none snapshot_missing=false
[WARN] consensus validator set unresolved height=928 chain_height=3129 expected_hash=34a93d19 local_hash= local_source=none snapshot_missing=false
[WARN] consensus validator set unresolved height=929 chain_height=3129 expected_hash=34a93d19 local_hash= local_source=none snapshot_missing=false
[WARN] consensus validator set unresolved height=930 chain_height=3129 expected_hash=34a93d19 local_hash= local_source=none snapshot_missing=false
[WARN] consensus validator set unresolved height=931 chain_height=3129 expected_hash=34a93d19 local_hash= local_source=none snapshot_missing=false
[WARN] consensus validator set unresolved height=932 chain_height=3129 expected_hash=34a93d19 local_hash= local_source=none snapshot_missing=false
[WARN] consensus validator set unresolved height=933 chain_height=3129 expected_hash=34a93d19 local_hash= local_source=none snapshot_missing=false
[WARN] consensus validator set unresolved height=934 chain_height=3129 expected_hash=34a93d19 local_hash= local_source=none snapshot_missing=false
[WARN] consensus validator set unresolved height=935 chain_height=3129 expected_hash=34a93d19 local_hash= local_source=none snapshot_missing=false
[WARN] consensus validator set unresolved height=936 chain_height=3129 expected_hash=34a93d19 local_hash= local_source=none snapshot_missing=false
[WARN] consensus validator set unresolved height=937 chain_height=3129 expected_hash=34a93d19 local_hash= local_source=none snapshot_missing=false
[WARN] consensus validator set unresolved height=938 chain_height=3129 expected_hash=34a93d19 local_hash= local_source=none snapshot_missing=false
[WARN] consensus validator set unresolved height=939 chain_height=3129 expected_hash=34a93d19 local_hash= local_source=none snapshot_missing=false
[WARN] consensus validator set unresolved height=940 chain_height=3129 expected_hash=34a93d19 local_hash= local_source=none snapshot_missing=false
[WARN] consensus validator set unresolved height=941 chain_height=3129 expected_hash=34a93d19 local_hash= local_source=none snapshot_missing=false
[WARN] consensus validator set unresolved height=942 chain_height=3129 expected_hash=34a93d19 local_hash= local_source=none snapshot_missing=false
[WARN] consensus validator set unresolved height=943 chain_height=3129 expected_hash=34a93d19 local_hash= local_source=none snapshot_missing=false
[WARN] consensus validator set unresolved height=944 chain_height=3129 expected_hash=34a93d19 local_hash= local_source=none snapshot_missing=false
[WARN] consensus validator set unresolved height=945 chain_height=3129 expected_hash=34a93d19 local_hash= local_source=none snapshot_missing=false
[WARN] consensus validator set unresolved height=946 chain_height=3129 expected_hash=34a93d19 local_hash= local_source=none snapshot_missing=false
[WARN] consensus validator set unresolved height=947 chain_height=3129 expected_hash=34a93d19 local_hash= local_source=none snapshot_missing=false
[WARN] consensus validator set unresolved height=948 chain_height=3129 expected_hash=34a93d19 local_hash= local_source=none snapshot_missing=false
[WARN] consensus validator set unresolved height=949 chain_height=3129 expected_hash=34a93d19 local_hash= local_source=none snapshot_missing=false
[WARN] consensus validator set unresolved height=950 chain_height=3129 expected_hash=34a93d19 local_hash= local_source=none snapshot_missing=false
[WARN] consensus validator set unresolved height=951 chain_height=3129 expected_hash=34a93d19 local_hash= local_source=none snapshot_missing=false
[WARN] consensus validator set unresolved height=952 chain_height=3129 expected_hash=34a93d19 local_hash= local_source=none snapshot_missing=false
[WARN] consensus validator set unresolved height=953 chain_height=3129 expected_hash=34a93d19 local_hash= local_source=none snapshot_missing=false
[WARN] consensus validator set unresolved height=954 chain_height=3129 expected_hash=34a93d19 local_hash= local_source=none snapshot_missing=false
[WARN] consensus validator set unresolved height=955 chain_height=3129 expected_hash=34a93d19 local_hash= local_source=none snapshot_missing=false
[WARN] consensus validator set unresolved height=956 chain_height=3129 expected_hash=34a93d19 local_hash= local_source=none snapshot_missing=false
[WARN] consensus validator set unresolved height=957 chain_height=3129 expected_hash=34a93d19 local_hash= local_source=none snapshot_missing=false
[WARN] consensus validator set unresolved height=958 chain_height=3129 expected_hash=34a93d19 local_hash= local_source=none snapshot_missing=false
[WARN] consensus validator set unresolved height=959 chain_height=3129 expected_hash=34a93d19 local_hash= local_source=none snapshot_missing=false
[WARN] consensus validator set unresolved height=960 chain_height=3129 expected_hash=34a93d19 local_hash= local_source=none snapshot_missing=false
[WARN] consensus validator set unresolved height=961 chain_height=3129 expected_hash=34a93d19 local_hash= local_source=none snapshot_missing=false
[WARN] consensus validator set unresolved height=962 chain_height=3129 expected_hash=34a93d19 local_hash= local_source=none snapshot_missing=false
[WARN] consensus validator set unresolved height=963 chain_height=3129 expected_hash=34a93d19 local_hash= local_source=none snapshot_missing=false
[WARN] consensus validator set unresolved height=964 chain_height=3129 expected_hash=34a93d19 local_hash= local_source=none snapshot_missing=false
[WARN] consensus validator set unresolved height=965 chain_height=3129 expected_hash=34a93d19 local_hash= local_source=none snapshot_missing=false
[WARN] consensus validator set unresolved height=966 chain_height=3129 expected_hash=34a93d19 local_hash= local_source=none snapshot_missing=false
[WARN] consensus validator set unresolved height=967 chain_height=3129 expected_hash=34a93d19 local_hash= local_source=none snapshot_missing=false
[WARN] consensus validator set unresolved height=968 chain_height=3129 expected_hash=34a93d19 local_hash= local_source=none snapshot_missing=false
[WARN] consensus validator set unresolved height=969 chain_height=3129 expected_hash=34a93d19 local_hash= local_source=none snapshot_missing=false
[WARN] consensus validator set unresolved height=970 chain_height=3129 expected_hash=34a93d19 local_hash= local_source=none snapshot_missing=false
[WARN] consensus validator set unresolved height=971 chain_height=3129 expected_hash=34a93d19 local_hash= local_source=none snapshot_missing=false
[WARN] consensus validator set unresolved height=972 chain_height=3129 expected_hash=34a93d19 local_hash= local_source=none snapshot_missing=false
[WARN] consensus validator set unresolved height=973 chain_height=3129 expected_hash=34a93d19 local_hash= local_source=none snapshot_missing=false
[WARN] consensus validator set unresolved height=974 chain_height=3129 expected_hash=34a93d19 local_hash= local_source=none snapshot_missing=false
[WARN] consensus validator set unresolved height=975 chain_height=3129 expected_hash=34a93d19 local_hash= local_source=none snapshot_missing=false
[WARN] consensus validator set unresolved height=976 chain_height=3129 expected_hash=34a93d19 local_hash= local_source=none snapshot_missing=false
[WARN] consensus validator set unresolved height=977 chain_height=3129 expected_hash=34a93d19 local_hash= local_source=none snapshot_missing=false
[WARN] consensus validator set unresolved height=978 chain_height=3129 expected_hash=34a93d19 local_hash= local_source=none snapshot_missing=false
[WARN] consensus validator set unresolved height=979 chain_height=3129 expected_hash=34a93d19 local_hash= local_source=none snapshot_missing=false
[WARN] consensus validator set unresolved height=980 chain_height=3129 expected_hash=34a93d19 local_hash= local_source=none snapshot_missing=false
[WARN] consensus validator set unresolved height=981 chain_height=3129 expected_hash=34a93d19 local_hash= local_source=none snapshot_missing=false
[WARN] consensus validator set unresolved height=982 chain_height=3129 expected_hash=34a93d19 local_hash= local_source=none snapshot_missing=false
[WARN] consensus validator set unresolved height=983 chain_height=3129 expected_hash=34a93d19 local_hash= local_source=none snapshot_missing=false
[WARN] consensus validator set unresolved height=984 chain_height=3129 expected_hash=34a93d19 local_hash= local_source=none snapshot_missing=false
[WARN] consensus validator set unresolved height=985 chain_height=3129 expected_hash=34a93d19 local_hash= local_source=none snapshot_missing=false
[WARN] consensus validator set unresolved height=986 chain_height=3129 expected_hash=34a93d19 local_hash= local_source=none snapshot_missing=false
[WARN] consensus validator set unresolved height=987 chain_height=3129 expected_hash=34a93d19 local_hash= local_source=none snapshot_missing=false
[WARN] consensus validator set unresolved height=988 chain_height=3129 expected_hash=34a93d19 local_hash= local_source=none snapshot_missing=false
[WARN] consensus validator set unresolved height=989 chain_height=3129 expected_hash=34a93d19 local_hash= local_source=none snapshot_missing=false
[WARN] consensus validator set unresolved height=990 chain_height=3129 expected_hash=34a93d19 local_hash= local_source=none snapshot_missing=false
[WARN] consensus validator set unresolved height=991 chain_height=3129 expected_hash=34a93d19 local_hash= local_source=none snapshot_missing=false
[WARN] consensus validator set unresolved height=992 chain_height=3129 expected_hash=34a93d19 local_hash= local_source=none snapshot_missing=false
[WARN] consensus validator set unresolved height=993 chain_height=3129 expected_hash=34a93d19 local_hash= local_source=none snapshot_missing=false
[WARN] consensus validator set unresolved height=994 chain_height=3129 expected_hash=34a93d19 local_hash= local_source=none snapshot_missing=false
[WARN] consensus validator set unresolved height=995 chain_height=3129 expected_hash=34a93d19 local_hash= local_source=none snapshot_missing=false
[WARN] consensus validator set unresolved height=996 chain_height=3129 expected_hash=34a93d19 local_hash= local_source=none snapshot_missing=false
[WARN] consensus validator set unresolved height=997 chain_height=3129 expected_hash=34a93d19 local_hash= local_source=none snapshot_missing=false
[WARN] consensus validator set unresolved height=998 chain_height=3129 expected_hash=34a93d19 local_hash= local_source=none snapshot_missing=false
[WARN] consensus validator set unresolved height=999 chain_height=3129 expected_hash=34a93d19 local_hash= local_source=none snapshot_missing=false
[WARN] consensus validator set unresolved height=1000 chain_height=3129 expected_hash=34a93d19 local_hash= local_source=none snapshot_missing=false
[WARN] consensus validator set unresolved height=1001 chain_height=3129 expected_hash=34a93d19 local_hash= local_source=none snapshot_missing=false
[WARN] consensus validator set unresolved height=1002 chain_height=3129 expected_hash=34a93d19 local_hash= local_source=none snapshot_missing=false
[WARN] consensus validator set unresolved height=1003 chain_height=3129 expected_hash=34a93d19 local_hash= local_source=none snapshot_missing=false
[WARN] consensus validator set unresolved height=1004 chain_height=3129 expected_hash=34a93d19 local_hash= local_source=none snapshot_missing=false
[WARN] consensus validator set unresolved height=1005 chain_height=3129 expected_hash=34a93d19 local_hash= local_source=none snapshot_missing=false
[WARN] consensus validator set unresolved height=1006 chain_height=3129 expected_hash=34a93d19 local_hash= local_source=none snapshot_missing=false
[WARN] consensus validator set unresolved height=1007 chain_height=3129 expected_hash=34a93d19 local_hash= local_source=none snapshot_missing=false
[WARN] consensus validator set unresolved height=1008 chain_height=3129 expected_hash=34a93d19 local_hash= local_source=none snapshot_missing=false
[WARN] consensus validator set unresolved height=1009 chain_height=3129 expected_hash=34a93d19 local_hash= local_source=none snapshot_missing=false
[WARN] consensus validator set unresolved height=1010 chain_height=3129 expected_hash=34a93d19 local_hash= local_source=none snapshot_missing=false
[WARN] consensus validator set unresolved height=1011 chain_height=3129 expected_hash=34a93d19 local_hash= local_source=none snapshot_missing=false
[WARN] consensus validator set unresolved height=1012 chain_height=3129 expected_hash=34a93d19 local_hash= local_source=none snapshot_missing=false
[WARN] consensus validator set unresolved height=1013 chain_height=3129 expected_hash=34a93d19 local_hash= local_source=none snapshot_missing=false
[WARN] consensus validator set unresolved height=1014 chain_height=3129 expected_hash=34a93d19 local_hash= local_source=none snapshot_missing=false
[WARN] consensus validator set unresolved height=1015 chain_height=3129 expected_hash=34a93d19 local_hash= local_source=none snapshot_missing=false
[WARN] consensus validator set unresolved height=1016 chain_height=3129 expected_hash=34a93d19 local_hash= local_source=none snapshot_missing=false
[WARN] consensus validator set unresolved height=1017 chain_height=3129 expected_hash=34a93d19 local_hash= local_source=none snapshot_missing=false
[WARN] consensus validator set unresolved height=1018 chain_height=3129 expected_hash=34a93d19 local_hash= local_source=none snapshot_missing=false
[WARN] consensus validator set unresolved height=1019 chain_height=3129 expected_hash=34a93d19 local_hash= local_source=none snapshot_missing=false
[WARN] consensus validator set unresolved height=1020 chain_height=3129 expected_hash=34a93d19 local_hash= local_source=none snapshot_missing=false
[WARN] consensus validator set unresolved height=1021 chain_height=3129 expected_hash=34a93d19 local_hash= local_source=none snapshot_missing=false
[WARN] consensus validator set unresolved height=1022 chain_height=3129 expected_hash=34a93d19 local_hash= local_source=none snapshot_missing=false
[WARN] consensus validator set unresolved height=1023 chain_height=3129 expected_hash=34a93d19 local_hash= local_source=none snapshot_missing=false
[WARN] consensus validator set unresolved height=1024 chain_height=3129 expected_hash=34a93d19 local_hash= local_source=none snapshot_missing=false
[WARN] consensus validator set unresolved height=1025 chain_height=3129 expected_hash=34a93d19 local_hash= local_source=none snapshot_missing=false
[WARN] consensus validator set unresolved height=1026 chain_height=3129 expected_hash=34a93d19 local_hash= local_source=none snapshot_missing=false
[WARN] consensus validator set unresolved height=1027 chain_height=3129 expected_hash=34a93d19 local_hash= local_source=none snapshot_missing=false
[WARN] consensus validator set unresolved height=1028 chain_height=3129 expected_hash=34a93d19 local_hash= local_source=none snapshot_missing=false
[WARN] consensus validator set unresolved height=1029 chain_height=3129 expected_hash=34a93d19 local_hash= local_source=none snapshot_missing=false
[WARN] consensus validator set unresolved height=1030 chain_height=3129 expected_hash=34a93d19 local_hash= local_source=none snapshot_missing=false
[WARN] consensus validator set unresolved height=1031 chain_height=3129 expected_hash=34a93d19 local_hash= local_source=none snapshot_missing=false
[WARN] consensus validator set unresolved height=1032 chain_height=3129 expected_hash=34a93d19 local_hash= local_source=none snapshot_missing=false
[WARN] consensus validator set unresolved height=1033 chain_height=3129 expected_hash=34a93d19 local_hash= local_source=none snapshot_missing=false
[WARN] consensus validator set unresolved height=1034 chain_height=3129 expected_hash=34a93d19 local_hash= local_source=none snapshot_missing=false
[WARN] consensus validator set unresolved height=1035 chain_height=3129 expected_hash=34a93d19 local_hash= local_source=none snapshot_missing=false
[WARN] consensus validator set unresolved height=1036 chain_height=3129 expected_hash=34a93d19 local_hash= local_source=none snapshot_missing=false
[WARN] consensus validator set unresolved height=1037 chain_height=3129 expected_hash=34a93d19 local_hash= local_source=none snapshot_missing=false
[WARN] consensus validator set unresolved height=1038 chain_height=3129 expected_hash=34a93d19 local_hash= local_source=none snapshot_missing=false
[WARN] consensus validator set unresolved height=1039 chain_height=3129 expected_hash=34a93d19 local_hash= local_source=none snapshot_missing=false
[WARN] consensus validator set unresolved height=1040 chain_height=3129 expected_hash=34a93d19 local_hash= local_source=none snapshot_missing=false
[WARN] consensus validator set unresolved height=1041 chain_height=3129 expected_hash=34a93d19 local_hash= local_source=none snapshot_missing=false
[WARN] consensus validator set unresolved height=1042 chain_height=3129 expected_hash=34a93d19 local_hash= local_source=none snapshot_missing=false
[WARN] consensus validator set unresolved height=1043 chain_height=3129 expected_hash=34a93d19 local_hash= local_source=none snapshot_missing=false
[WARN] consensus validator set unresolved height=1044 chain_height=3129 expected_hash=34a93d19 local_hash= local_source=none snapshot_missing=false
[WARN] consensus validator set unresolved height=1045 chain_height=3129 expected_hash=34a93d19 local_hash= local_source=none snapshot_missing=false
[WARN] consensus validator set unresolved height=1046 chain_height=3129 expected_hash=34a93d19 local_hash= local_source=none snapshot_missing=false
[WARN] consensus validator set unresolved height=1047 chain_height=3129 expected_hash=34a93d19 local_hash= local_source=none snapshot_missing=false
[WARN] consensus validator set unresolved height=1048 chain_height=3129 expected_hash=34a93d19 local_hash= local_source=none snapshot_missing=false
[WARN] consensus validator set unresolved height=1049 chain_height=3129 expected_hash=34a93d19 local_hash= local_source=none snapshot_missing=false
[WARN] consensus validator set unresolved height=1050 chain_height=3129 expected_hash=34a93d19 local_hash= local_source=none snapshot_missing=false
[WARN] consensus validator set unresolved height=1051 chain_height=3129 expected_hash=34a93d19 local_hash= local_source=none snapshot_missing=false
[WARN] consensus validator set unresolved height=1052 chain_height=3129 expected_hash=34a93d19 local_hash= local_source=none snapshot_missing=false
[WARN] consensus validator set unresolved height=1053 chain_height=3129 expected_hash=34a93d19 local_hash= local_source=none snapshot_missing=false
[WARN] consensus validator set unresolved height=1054 chain_height=3129 expected_hash=34a93d19 local_hash= local_source=none snapshot_missing=false
[WARN] consensus validator set unresolved height=1055 chain_height=3129 expected_hash=34a93d19 local_hash= local_source=none snapshot_missing=false
[WARN] consensus validator set unresolved height=1056 chain_height=3129 expected_hash=34a93d19 local_hash= local_source=none snapshot_missing=false
[WARN] consensus validator set unresolved height=1057 chain_height=3129 expected_hash=34a93d19 local_hash= local_source=none snapshot_missing=false
[WARN] consensus validator set unresolved height=1058 chain_height=3129 expected_hash=34a93d19 local_hash= local_source=none snapshot_missing=false
[WARN] consensus validator set unresolved height=1059 chain_height=3129 expected_hash=34a93d19 local_hash= local_source=none snapshot_missing=false
[WARN] consensus validator set unresolved height=1060 chain_height=3129 expected_hash=34a93d19 local_hash= local_source=none snapshot_missing=false
[WARN] consensus validator set unresolved height=1061 chain_height=3129 expected_hash=34a93d19 local_hash= local_source=none snapshot_missing=false
[WARN] consensus validator set unresolved height=1062 chain_height=3129 expected_hash=34a93d19 local_hash= local_source=none snapshot_missing=false
[WARN] consensus validator set unresolved height=1063 chain_height=3129 expected_hash=34a93d19 local_hash= local_source=none snapshot_missing=false
[WARN] consensus validator set unresolved height=1064 chain_height=3129 expected_hash=34a93d19 local_hash= local_source=none snapshot_missing=false
[WARN] consensus validator set unresolved height=1065 chain_height=3129 expected_hash=34a93d19 local_hash= local_source=none snapshot_missing=false
[WARN] consensus validator set unresolved height=1066 chain_height=3129 expected_hash=34a93d19 local_hash= local_source=none snapshot_missing=false
[WARN] consensus validator set unresolved height=1067 chain_height=3129 expected_hash=34a93d19 local_hash= local_source=none snapshot_missing=false
[WARN] consensus validator set unresolved height=1068 chain_height=3129 expected_hash=34a93d19 local_hash= local_source=none snapshot_missing=false
[WARN] consensus validator set unresolved height=1069 chain_height=3129 expected_hash=34a93d19 local_hash= local_source=none snapshot_missing=false
[WARN] consensus validator set unresolved height=1070 chain_height=3129 expected_hash=34a93d19 local_hash= local_source=none snapshot_missing=false
[WARN] consensus validator set unresolved height=1071 chain_height=3129 expected_hash=34a93d19 local_hash= local_source=none snapshot_missing=false
[WARN] consensus validator set unresolved height=1072 chain_height=3129 expected_hash=34a93d19 local_hash= local_source=none snapshot_missing=false
[WARN] consensus validator set unresolved height=1073 chain_height=3129 expected_hash=34a93d19 local_hash= local_source=none snapshot_missing=false
[WARN] consensus validator set unresolved height=1074 chain_height=3129 expected_hash=34a93d19 local_hash= local_source=none snapshot_missing=false
[WARN] consensus validator set unresolved height=1075 chain_height=3129 expected_hash=34a93d19 local_hash= local_source=none snapshot_missing=false
[WARN] consensus validator set unresolved height=1076 chain_height=3129 expected_hash=34a93d19 local_hash= local_source=none snapshot_missing=false
[WARN] consensus validator set unresolved height=1077 chain_height=3129 expected_hash=34a93d19 local_hash= local_source=none snapshot_missing=false
[WARN] consensus validator set unresolved height=1078 chain_height=3129 expected_hash=34a93d19 local_hash= local_source=none snapshot_missing=false
[WARN] consensus validator set unresolved height=1079 chain_height=3129 expected_hash=34a93d19 local_hash= local_source=none snapshot_missing=false
[WARN] consensus validator set unresolved height=1080 chain_height=3129 expected_hash=34a93d19 local_hash= local_source=none snapshot_missing=false
[WARN] consensus validator set unresolved height=1081 chain_height=3129 expected_hash=34a93d19 local_hash= local_source=none snapshot_missing=false
[WARN] consensus validator set unresolved height=1082 chain_height=3129 expected_hash=34a93d19 local_hash= local_source=none snapshot_missing=false
[WARN] consensus validator set unresolved height=1083 chain_height=3129 expected_hash=34a93d19 local_hash= local_source=none snapshot_missing=false
[WARN] consensus validator set unresolved height=1084 chain_height=3129 expected_hash=34a93d19 local_hash= local_source=none snapshot_missing=false
[WARN] consensus validator set unresolved height=1085 chain_height=3129 expected_hash=34a93d19 local_hash= local_source=none snapshot_missing=false
[WARN] consensus validator set unresolved height=1086 chain_height=3129 expected_hash=34a93d19 local_hash= local_source=none snapshot_missing=false
[WARN] consensus validator set unresolved height=1087 chain_height=3129 expected_hash=34a93d19 local_hash= local_source=none snapshot_missing=false
[WARN] consensus validator set unresolved height=1088 chain_height=3129 expected_hash=34a93d19 local_hash= local_source=none snapshot_missing=false
[WARN] consensus validator set unresolved height=1089 chain_height=3129 expected_hash=34a93d19 local_hash= local_source=none snapshot_missing=false
[WARN] consensus validator set unresolved height=1090 chain_height=3129 expected_hash=34a93d19 local_hash= local_source=none snapshot_missing=false
[WARN] consensus validator set unresolved height=1091 chain_height=3129 expected_hash=34a93d19 local_hash= local_source=none snapshot_missing=false
[WARN] consensus validator set unresolved height=1092 chain_height=3129 expected_hash=34a93d19 local_hash= local_source=none snapshot_missing=false
[WARN] consensus validator set unresolved height=1093 chain_height=3129 expected_hash=34a93d19 local_hash= local_source=none snapshot_missing=false
[WARN] consensus validator set unresolved height=1094 chain_height=3129 expected_hash=34a93d19 local_hash= local_source=none snapshot_missing=false
[WARN] consensus validator set unresolved height=1095 chain_height=3129 expected_hash=34a93d19 local_hash= local_source=none snapshot_missing=false
[WARN] consensus validator set unresolved height=1096 chain_height=3129 expected_hash=34a93d19 local_hash= local_source=none snapshot_missing=false
[WARN] consensus validator set unresolved height=1097 chain_height=3129 expected_hash=34a93d19 local_hash= local_source=none snapshot_missing=false
[WARN] consensus validator set unresolved height=1098 chain_height=3129 expected_hash=34a93d19 local_hash= local_source=none snapshot_missing=false
[WARN] consensus validator set unresolved height=1099 chain_height=3129 expected_hash=34a93d19 local_hash= local_source=none snapshot_missing=false
[WARN] consensus validator set unresolved height=1100 chain_height=3129 expected_hash=34a93d19 local_hash= local_source=none snapshot_missing=false
[WARN] consensus validator set unresolved height=1101 chain_height=3129 expected_hash=34a93d19 local_hash= local_source=none snapshot_missing=false
[WARN] consensus validator set unresolved height=1102 chain_height=3129 expected_hash=34a93d19 local_hash= local_source=none snapshot_missing=false
[WARN] consensus validator set unresolved height=1103 chain_height=3129 expected_hash=34a93d19 local_hash= local_source=none snapshot_missing=false
[WARN] consensus validator set unresolved height=1104 chain_height=3129 expected_hash=34a93d19 local_hash= local_source=none snapshot_missing=false
[WARN] consensus validator set unresolved height=1105 chain_height=3129 expected_hash=34a93d19 local_hash= local_source=none snapshot_missing=false
[WARN] consensus validator set unresolved height=1106 chain_height=3129 expected_hash=34a93d19 local_hash= local_source=none snapshot_missing=false
[WARN] consensus validator set unresolved height=1107 chain_height=3129 expected_hash=34a93d19 local_hash= local_source=none snapshot_missing=false
[WARN] consensus validator set unresolved height=1108 chain_height=3129 expected_hash=34a93d19 local_hash= local_source=none snapshot_missing=false
[WARN] consensus validator set unresolved height=1109 chain_height=3129 expected_hash=34a93d19 local_hash= local_source=none snapshot_missing=false
[WARN] consensus validator set unresolved height=1110 chain_height=3129 expected_hash=34a93d19 local_hash= local_source=none snapshot_missing=false
[WARN] consensus validator set unresolved height=1111 chain_height=3129 expected_hash=34a93d19 local_hash= local_source=none snapshot_missing=false
[WARN] consensus validator set unresolved height=1112 chain_height=3129 expected_hash=34a93d19 local_hash= local_source=none snapshot_missing=false
[WARN] consensus validator set unresolved height=1113 chain_height=3129 expected_hash=34a93d19 local_hash= local_source=none snapshot_missing=false
[WARN] consensus validator set unresolved height=1114 chain_height=3129 expected_hash=34a93d19 local_hash= local_source=none snapshot_missing=false
[WARN] consensus validator set unresolved height=1115 chain_height=3129 expected_hash=34a93d19 local_hash= local_source=none snapshot_missing=false
[WARN] consensus validator set unresolved height=1116 chain_height=3129 expected_hash=34a93d19 local_hash= local_source=none snapshot_missing=false
[WARN] consensus validator set unresolved height=1117 chain_height=3129 expected_hash=34a93d19 local_hash= local_source=none snapshot_missing=false
[WARN] consensus validator set unresolved height=1118 chain_height=3129 expected_hash=34a93d19 local_hash= local_source=none snapshot_missing=false
[WARN] consensus validator set unresolved height=1119 chain_height=3129 expected_hash=34a93d19 local_hash= local_source=none snapshot_missing=false
[WARN] consensus validator set unresolved height=1120 chain_height=3129 expected_hash=34a93d19 local_hash= local_source=none snapshot_missing=false
[WARN] consensus validator set unresolved height=1121 chain_height=3129 expected_hash=34a93d19 local_hash= local_source=none snapshot_missing=false
[WARN] consensus validator set unresolved height=1122 chain_height=3129 expected_hash=34a93d19 local_hash= local_source=none snapshot_missing=false
[WARN] consensus validator set unresolved height=1123 chain_height=3129 expected_hash=34a93d19 local_hash= local_source=none snapshot_missing=false
[WARN] consensus validator set unresolved height=1124 chain_height=3129 expected_hash=34a93d19 local_hash= local_source=none snapshot_missing=false
[WARN] consensus validator set unresolved height=1125 chain_height=3129 expected_hash=34a93d19 local_hash= local_source=none snapshot_missing=false
[WARN] consensus validator set unresolved height=1126 chain_height=3129 expected_hash=34a93d19 local_hash= local_source=none snapshot_missing=false
[WARN] consensus validator set unresolved height=1127 chain_height=3129 expected_hash=34a93d19 local_hash= local_source=none snapshot_missing=false
[WARN] consensus validator set unresolved height=1128 chain_height=3129 expected_hash=34a93d19 local_hash= local_source=none snapshot_missing=false
[WARN] consensus validator set unresolved height=1129 chain_height=3129 expected_hash=34a93d19 local_hash= local_source=none snapshot_missing=false
[WARN] consensus validator set unresolved height=1130 chain_height=3129 expected_hash=34a93d19 local_hash= local_source=none snapshot_missing=false
[WARN] consensus validator set unresolved height=1131 chain_height=3129 expected_hash=34a93d19 local_hash= local_source=none snapshot_missing=false
[WARN] consensus validator set unresolved height=1132 chain_height=3129 expected_hash=34a93d19 local_hash= local_source=none snapshot_missing=false
[WARN] consensus validator set unresolved height=1133 chain_height=3129 expected_hash=34a93d19 local_hash= local_source=none snapshot_missing=false
[WARN] consensus validator set unresolved height=1134 chain_height=3129 expected_hash=34a93d19 local_hash= local_source=none snapshot_missing=false
[WARN] consensus validator set unresolved height=1135 chain_height=3129 expected_hash=34a93d19 local_hash= local_source=none snapshot_missing=false
[WARN] consensus validator set unresolved height=1136 chain_height=3129 expected_hash=34a93d19 local_hash= local_source=none snapshot_missing=false
[WARN] consensus validator set unresolved height=1137 chain_height=3129 expected_hash=34a93d19 local_hash= local_source=none snapshot_missing=false
[WARN] consensus validator set unresolved height=1138 chain_height=3129 expected_hash=34a93d19 local_hash= local_source=none snapshot_missing=false
[WARN] consensus validator set unresolved height=1139 chain_height=3129 expected_hash=34a93d19 local_hash= local_source=none snapshot_missing=false
[WARN] consensus validator set unresolved height=1140 chain_height=3129 expected_hash=34a93d19 local_hash= local_source=none snapshot_missing=false
[WARN] consensus validator set unresolved height=1141 chain_height=3129 expected_hash=34a93d19 local_hash= local_source=none snapshot_missing=false
[WARN] consensus validator set unresolved height=1142 chain_height=3129 expected_hash=34a93d19 local_hash= local_source=none snapshot_missing=false
[WARN] consensus validator set unresolved height=1143 chain_height=3129 expected_hash=34a93d19 local_hash= local_source=none snapshot_missing=false
[WARN] consensus validator set unresolved height=1144 chain_height=3129 expected_hash=34a93d19 local_hash= local_source=none snapshot_missing=false
[WARN] consensus validator set unresolved height=1145 chain_height=3129 expected_hash=34a93d19 local_hash= local_source=none snapshot_missing=false
[WARN] consensus validator set unresolved height=1146 chain_height=3129 expected_hash=34a93d19 local_hash= local_source=none snapshot_missing=false
[WARN] consensus validator set unresolved height=1147 chain_height=3129 expected_hash=34a93d19 local_hash= local_source=none snapshot_missing=false
[WARN] consensus validator set unresolved height=1148 chain_height=3129 expected_hash=34a93d19 local_hash= local_source=none snapshot_missing=false
[WARN] consensus validator set unresolved height=1149 chain_height=3129 expected_hash=34a93d19 local_hash= local_source=none snapshot_missing=false
[WARN] consensus validator set unresolved height=1150 chain_height=3129 expected_hash=34a93d19 local_hash= local_source=none snapshot_missing=false
[WARN] consensus validator set unresolved height=1151 chain_height=3129 expected_hash=34a93d19 local_hash= local_source=none snapshot_missing=false
[WARN] consensus validator set unresolved height=1152 chain_height=3129 expected_hash=34a93d19 local_hash= local_source=none snapshot_missing=false
[WARN] consensus validator set unresolved height=1153 chain_height=3129 expected_hash=34a93d19 local_hash= local_source=none snapshot_missing=false
[WARN] consensus validator set unresolved height=1154 chain_height=3129 expected_hash=34a93d19 local_hash= local_source=none snapshot_missing=false
[WARN] consensus validator set unresolved height=1155 chain_height=3129 expected_hash=34a93d19 local_hash= local_source=none snapshot_missing=false
[WARN] consensus validator set unresolved height=1156 chain_height=3129 expected_hash=34a93d19 local_hash= local_source=none snapshot_missing=false
[WARN] consensus validator set unresolved height=1157 chain_height=3129 expected_hash=34a93d19 local_hash= local_source=none snapshot_missing=false
[WARN] consensus validator set unresolved height=1158 chain_height=3129 expected_hash=34a93d19 local_hash= local_source=none snapshot_missing=false
[WARN] consensus validator set unresolved height=1159 chain_height=3129 expected_hash=34a93d19 local_hash= local_source=none snapshot_missing=false
[WARN] consensus validator set unresolved height=1160 chain_height=3129 expected_hash=34a93d19 local_hash= local_source=none snapshot_missing=false
[WARN] consensus validator set unresolved height=1161 chain_height=3129 expected_hash=34a93d19 local_hash= local_source=none snapshot_missing=false
[WARN] consensus validator set unresolved height=1162 chain_height=3129 expected_hash=34a93d19 local_hash= local_source=none snapshot_missing=false
[WARN] consensus validator set unresolved height=1163 chain_height=3129 expected_hash=34a93d19 local_hash= local_source=none snapshot_missing=false
[WARN] consensus validator set unresolved height=1164 chain_height=3129 expected_hash=34a93d19 local_hash= local_source=none snapshot_missing=false
[WARN] consensus validator set unresolved height=1165 chain_height=3129 expected_hash=34a93d19 local_hash= local_source=none snapshot_missing=false
[WARN] consensus validator set unresolved height=1166 chain_height=3129 expected_hash=34a93d19 local_hash= local_source=none snapshot_missing=false
[WARN] consensus validator set unresolved height=1167 chain_height=3129 expected_hash=34a93d19 local_hash= local_source=none snapshot_missing=false
[WARN] consensus validator set unresolved height=1168 chain_height=3129 expected_hash=34a93d19 local_hash= local_source=none snapshot_missing=false
[WARN] consensus validator set unresolved height=1169 chain_height=3129 expected_hash=34a93d19 local_hash= local_source=none snapshot_missing=false
[WARN] consensus validator set unresolved height=1170 chain_height=3129 expected_hash=34a93d19 local_hash= local_source=none snapshot_missing=false
[WARN] consensus validator set unresolved height=1171 chain_height=3129 expected_hash=34a93d19 local_hash= local_source=none snapshot_missing=false
[WARN] consensus validator set unresolved height=1172 chain_height=3129 expected_hash=34a93d19 local_hash= local_source=none snapshot_missing=false
[WARN] consensus validator set unresolved height=1173 chain_height=3129 expected_hash=34a93d19 local_hash= local_source=none snapshot_missing=false
[WARN] consensus validator set unresolved height=1174 chain_height=3129 expected_hash=34a93d19 local_hash= local_source=none snapshot_missing=false
[WARN] consensus validator set unresolved height=1175 chain_height=3129 expected_hash=34a93d19 local_hash= local_source=none snapshot_missing=false
[WARN] consensus validator set unresolved height=1176 chain_height=3129 expected_hash=34a93d19 local_hash= local_source=none snapshot_missing=false
[WARN] consensus validator set unresolved height=1177 chain_height=3129 expected_hash=34a93d19 local_hash= local_source=none snapshot_missing=false
[WARN] consensus validator set unresolved height=1178 chain_height=3129 expected_hash=34a93d19 local_hash= local_source=none snapshot_missing=false
[WARN] consensus validator set unresolved height=1179 chain_height=3129 expected_hash=34a93d19 local_hash= local_source=none snapshot_missing=false
[WARN] consensus validator set unresolved height=1180 chain_height=3129 expected_hash=34a93d19 local_hash= local_source=none snapshot_missing=false
[WARN] consensus validator set unresolved height=1181 chain_height=3129 expected_hash=34a93d19 local_hash= local_source=none snapshot_missing=false
[WARN] consensus validator set unresolved height=1182 chain_height=3129 expected_hash=34a93d19 local_hash= local_source=none snapshot_missing=false
[WARN] consensus validator set unresolved height=1183 chain_height=3129 expected_hash=34a93d19 local_hash= local_source=none snapshot_missing=false
[WARN] consensus validator set unresolved height=1184 chain_height=3129 expected_hash=34a93d19 local_hash= local_source=none snapshot_missing=false
[WARN] consensus validator set unresolved height=1185 chain_height=3129 expected_hash=34a93d19 local_hash= local_source=none snapshot_missing=false
[WARN] consensus validator set unresolved height=1186 chain_height=3129 expected_hash=34a93d19 local_hash= local_source=none snapshot_missing=false
[WARN] consensus validator set unresolved height=1187 chain_height=3129 expected_hash=34a93d19 local_hash= local_source=none snapshot_missing=false
[WARN] consensus validator set unresolved height=1188 chain_height=3129 expected_hash=34a93d19 local_hash= local_source=none snapshot_missing=false
[WARN] consensus validator set unresolved height=1189 chain_height=3129 expected_hash=34a93d19 local_hash= local_source=none snapshot_missing=false
[WARN] consensus validator set unresolved height=1190 chain_height=3129 expected_hash=34a93d19 local_hash= local_source=none snapshot_missing=false
[WARN] consensus validator set unresolved height=1191 chain_height=3129 expected_hash=34a93d19 local_hash= local_source=none snapshot_missing=false
[WARN] consensus validator set unresolved height=1192 chain_height=3129 expected_hash=34a93d19 local_hash= local_source=none snapshot_missing=false
[WARN] consensus validator set unresolved height=1193 chain_height=3129 expected_hash=34a93d19 local_hash= local_source=none snapshot_missing=false
[WARN] consensus validator set unresolved height=1194 chain_height=3129 expected_hash=34a93d19 local_hash= local_source=none snapshot_missing=false
[WARN] consensus validator set unresolved height=1195 chain_height=3129 expected_hash=34a93d19 local_hash= local_source=none snapshot_missing=false
[WARN] consensus validator set unresolved height=1196 chain_height=3129 expected_hash=34a93d19 local_hash= local_source=none snapshot_missing=false
[WARN] consensus validator set unresolved height=1197 chain_height=3129 expected_hash=34a93d19 local_hash= local_source=none snapshot_missing=false
[WARN] consensus validator set unresolved height=1198 chain_height=3129 expected_hash=34a93d19 local_hash= local_source=none snapshot_missing=false
[WARN] consensus validator set unresolved height=1199 chain_height=3129 expected_hash=34a93d19 local_hash= local_source=none snapshot_missing=false
[WARN] consensus validator set unresolved height=1200 chain_height=3129 expected_hash=34a93d19 local_hash= local_source=none snapshot_missing=false
[WARN] consensus validator set unresolved height=1201 chain_height=3129 expected_hash=34a93d19 local_hash= local_source=none snapshot_missing=false
[WARN] consensus validator set unresolved height=1202 chain_height=3129 expected_hash=34a93d19 local_hash= local_source=none snapshot_missing=false
[WARN] consensus validator set unresolved height=1203 chain_height=3129 expected_hash=34a93d19 local_hash= local_source=none snapshot_missing=false
[WARN] consensus validator set unresolved height=1204 chain_height=3129 expected_hash=34a93d19 local_hash= local_source=none snapshot_missing=false
[WARN] consensus validator set unresolved height=1205 chain_height=3129 expected_hash=34a93d19 local_hash= local_source=none snapshot_missing=false
[WARN] consensus validator set unresolved height=1206 chain_height=3129 expected_hash=34a93d19 local_hash= local_source=none snapshot_missing=false
[WARN] consensus validator set unresolved height=1207 chain_height=3129 expected_hash=34a93d19 local_hash= local_source=none snapshot_missing=false
[WARN] consensus validator set unresolved height=1208 chain_height=3129 expected_hash=34a93d19 local_hash= local_source=none snapshot_missing=false
[WARN] consensus validator set unresolved height=1209 chain_height=3129 expected_hash=34a93d19 local_hash= local_source=none snapshot_missing=false
[WARN] consensus validator set unresolved height=1210 chain_height=3129 expected_hash=34a93d19 local_hash= local_source=none snapshot_missing=false
[WARN] consensus validator set unresolved height=1211 chain_height=3129 expected_hash=34a93d19 local_hash= local_source=none snapshot_missing=false
[WARN] consensus validator set unresolved height=1212 chain_height=3129 expected_hash=34a93d19 local_hash= local_source=none snapshot_missing=false
[WARN] consensus validator set unresolved height=1213 chain_height=3129 expected_hash=34a93d19 local_hash= local_source=none snapshot_missing=false
[WARN] consensus validator set unresolved height=1214 chain_height=3129 expected_hash=34a93d19 local_hash= local_source=none snapshot_missing=false
[WARN] consensus validator set unresolved height=1215 chain_height=3129 expected_hash=34a93d19 local_hash= local_source=none snapshot_missing=false
[WARN] consensus validator set unresolved height=1216 chain_height=3129 expected_hash=34a93d19 local_hash= local_source=none snapshot_missing=false
[WARN] consensus validator set unresolved height=1217 chain_height=3129 expected_hash=34a93d19 local_hash= local_source=none snapshot_missing=false
[WARN] consensus validator set unresolved height=1218 chain_height=3129 expected_hash=34a93d19 local_hash= local_source=none snapshot_missing=false
[WARN] consensus validator set unresolved height=1219 chain_height=3129 expected_hash=34a93d19 local_hash= local_source=none snapshot_missing=false
[WARN] consensus validator set unresolved height=1220 chain_height=3129 expected_hash=34a93d19 local_hash= local_source=none snapshot_missing=false
[WARN] consensus validator set unresolved height=1221 chain_height=3129 expected_hash=34a93d19 local_hash= local_source=none snapshot_missing=false
[WARN] consensus validator set unresolved height=1222 chain_height=3129 expected_hash=34a93d19 local_hash= local_source=none snapshot_missing=false
[WARN] consensus validator set unresolved height=1223 chain_height=3129 expected_hash=34a93d19 local_hash= local_source=none snapshot_missing=false
[WARN] consensus validator set unresolved height=1224 chain_height=3129 expected_hash=34a93d19 local_hash= local_source=none snapshot_missing=false
[WARN] consensus validator set unresolved height=1225 chain_height=3129 expected_hash=34a93d19 local_hash= local_source=none snapshot_missing=false
[WARN] consensus validator set unresolved height=1226 chain_height=3129 expected_hash=34a93d19 local_hash= local_source=none snapshot_missing=false
[WARN] consensus validator set unresolved height=1227 chain_height=3129 expected_hash=34a93d19 local_hash= local_source=none snapshot_missing=false
[WARN] consensus validator set unresolved height=1228 chain_height=3129 expected_hash=34a93d19 local_hash= local_source=none snapshot_missing=false
[WARN] consensus validator set unresolved height=1229 chain_height=3129 expected_hash=34a93d19 local_hash= local_source=none snapshot_missing=false
[WARN] consensus validator set unresolved height=1230 chain_height=3129 expected_hash=34a93d19 local_hash= local_source=none snapshot_missing=false
[WARN] consensus validator set unresolved height=1231 chain_height=3129 expected_hash=34a93d19 local_hash= local_source=none snapshot_missing=false
[WARN] consensus validator set unresolved height=1232 chain_height=3129 expected_hash=34a93d19 local_hash= local_source=none snapshot_missing=false
[WARN] consensus validator set unresolved height=1233 chain_height=3129 expected_hash=34a93d19 local_hash= local_source=none snapshot_missing=false
[WARN] consensus validator set unresolved height=1234 chain_height=3129 expected_hash=34a93d19 local_hash= local_source=none snapshot_missing=false
[WARN] consensus validator set unresolved height=1235 chain_height=3129 expected_hash=34a93d19 local_hash= local_source=none snapshot_missing=false
[WARN] consensus validator set unresolved height=1236 chain_height=3129 expected_hash=34a93d19 local_hash= local_source=none snapshot_missing=false
[WARN] consensus validator set unresolved height=1237 chain_height=3129 expected_hash=34a93d19 local_hash= local_source=none snapshot_missing=false
[WARN] consensus validator set unresolved height=1238 chain_height=3129 expected_hash=34a93d19 local_hash= local_source=none snapshot_missing=false
[WARN] consensus validator set unresolved height=1239 chain_height=3129 expected_hash=34a93d19 local_hash= local_source=none snapshot_missing=false
[WARN] consensus validator set unresolved height=1240 chain_height=3129 expected_hash=34a93d19 local_hash= local_source=none snapshot_missing=false
[WARN] consensus validator set unresolved height=1241 chain_height=3129 expected_hash=34a93d19 local_hash= local_source=none snapshot_missing=false
[WARN] consensus validator set unresolved height=1242 chain_height=3129 expected_hash=34a93d19 local_hash= local_source=none snapshot_missing=false
[WARN] consensus validator set unresolved height=1243 chain_height=3129 expected_hash=34a93d19 local_hash= local_source=none snapshot_missing=false
[WARN] consensus validator set unresolved height=1244 chain_height=3129 expected_hash=34a93d19 local_hash= local_source=none snapshot_missing=false
[WARN] consensus validator set unresolved height=1245 chain_height=3129 expected_hash=34a93d19 local_hash= local_source=none snapshot_missing=false
[WARN] consensus validator set unresolved height=1246 chain_height=3129 expected_hash=34a93d19 local_hash= local_source=none snapshot_missing=false
[WARN] consensus validator set unresolved height=1247 chain_height=3129 expected_hash=34a93d19 local_hash= local_source=none snapshot_missing=false
[WARN] consensus validator set unresolved height=1248 chain_height=3129 expected_hash=34a93d19 local_hash= local_source=none snapshot_missing=false
[WARN] consensus validator set unresolved height=1249 chain_height=3129 expected_hash=34a93d19 local_hash= local_source=none snapshot_missing=false
[WARN] consensus validator set unresolved height=1250 chain_height=3129 expected_hash=34a93d19 local_hash= local_source=none snapshot_missing=false
[WARN] consensus validator set unresolved height=1251 chain_height=3129 expected_hash=34a93d19 local_hash= local_source=none snapshot_missing=false
[WARN] consensus validator set unresolved height=1252 chain_height=3129 expected_hash=34a93d19 local_hash= local_source=none snapshot_missing=false
[WARN] consensus validator set unresolved height=1253 chain_height=3129 expected_hash=34a93d19 local_hash= local_source=none snapshot_missing=false
[WARN] consensus validator set unresolved height=1254 chain_height=3129 expected_hash=34a93d19 local_hash= local_source=none snapshot_missing=false
[WARN] consensus validator set unresolved height=1255 chain_height=3129 expected_hash=34a93d19 local_hash= local_source=none snapshot_missing=false
[WARN] consensus validator set unresolved height=1256 chain_height=3129 expected_hash=34a93d19 local_hash= local_source=none snapshot_missing=false
[WARN] consensus validator set unresolved height=1257 chain_height=3129 expected_hash=34a93d19 local_hash= local_source=none snapshot_missing=false
[WARN] consensus validator set unresolved height=1258 chain_height=3129 expected_hash=34a93d19 local_hash= local_source=none snapshot_missing=false
[WARN] consensus validator set unresolved height=1259 chain_height=3129 expected_hash=34a93d19 local_hash= local_source=none snapshot_missing=false
[WARN] consensus validator set unresolved height=1260 chain_height=3129 expected_hash=34a93d19 local_hash= local_source=none snapshot_missing=false
[WARN] consensus validator set unresolved height=1261 chain_height=3129 expected_hash=34a93d19 local_hash= local_source=none snapshot_missing=false
[WARN] consensus validator set unresolved height=1262 chain_height=3129 expected_hash=34a93d19 local_hash= local_source=none snapshot_missing=false
[WARN] consensus validator set unresolved height=1263 chain_height=3129 expected_hash=34a93d19 local_hash= local_source=none snapshot_missing=false
[WARN] consensus validator set unresolved height=1264 chain_height=3129 expected_hash=34a93d19 local_hash= local_source=none snapshot_missing=false
[WARN] consensus validator set unresolved height=1265 chain_height=3129 expected_hash=34a93d19 local_hash= local_source=none snapshot_missing=false
[WARN] consensus validator set unresolved height=1266 chain_height=3129 expected_hash=34a93d19 local_hash= local_source=none snapshot_missing=false
[WARN] consensus validator set unresolved height=1267 chain_height=3129 expected_hash=34a93d19 local_hash= local_source=none snapshot_missing=false
[WARN] consensus validator set unresolved height=1268 chain_height=3129 expected_hash=34a93d19 local_hash= local_source=none snapshot_missing=false
[WARN] consensus validator set unresolved height=1269 chain_height=3129 expected_hash=34a93d19 local_hash= local_source=none snapshot_missing=false
[WARN] consensus validator set unresolved height=1270 chain_height=3129 expected_hash=34a93d19 local_hash= local_source=none snapshot_missing=false
[WARN] consensus validator set unresolved height=1271 chain_height=3129 expected_hash=34a93d19 local_hash= local_source=none snapshot_missing=false
[WARN] consensus validator set unresolved height=1272 chain_height=3129 expected_hash=34a93d19 local_hash= local_source=none snapshot_missing=false
[WARN] consensus validator set unresolved height=1273 chain_height=3129 expected_hash=34a93d19 local_hash= local_source=none snapshot_missing=false
[WARN] consensus validator set unresolved height=1274 chain_height=3129 expected_hash=34a93d19 local_hash= local_source=none snapshot_missing=false
[WARN] consensus validator set unresolved height=1275 chain_height=3129 expected_hash=34a93d19 local_hash= local_source=none snapshot_missing=false
[WARN] consensus validator set unresolved height=1276 chain_height=3129 expected_hash=34a93d19 local_hash= local_source=none snapshot_missing=false
[WARN] consensus validator set unresolved height=1277 chain_height=3129 expected_hash=34a93d19 local_hash= local_source=none snapshot_missing=false
[WARN] consensus validator set unresolved height=1278 chain_height=3129 expected_hash=34a93d19 local_hash= local_source=none snapshot_missing=false
[WARN] consensus validator set unresolved height=1279 chain_height=3129 expected_hash=34a93d19 local_hash= local_source=none snapshot_missing=false
[WARN] consensus validator set unresolved height=1280 chain_height=3129 expected_hash=34a93d19 local_hash= local_source=none snapshot_missing=false
[WARN] consensus validator set unresolved height=1281 chain_height=3129 expected_hash=34a93d19 local_hash= local_source=none snapshot_missing=false
[WARN] consensus validator set unresolved height=1282 chain_height=3129 expected_hash=34a93d19 local_hash= local_source=none snapshot_missing=false
[WARN] consensus validator set unresolved height=1283 chain_height=3129 expected_hash=34a93d19 local_hash= local_source=none snapshot_missing=false
[WARN] consensus validator set unresolved height=1284 chain_height=3129 expected_hash=34a93d19 local_hash= local_source=none snapshot_missing=false
[WARN] consensus validator set unresolved height=1285 chain_height=3129 expected_hash=34a93d19 local_hash= local_source=none snapshot_missing=false
[WARN] consensus validator set unresolved height=1286 chain_height=3129 expected_hash=34a93d19 local_hash= local_source=none snapshot_missing=false
[WARN] consensus validator set unresolved height=1287 chain_height=3129 expected_hash=34a93d19 local_hash= local_source=none snapshot_missing=false
[WARN] consensus validator set unresolved height=1288 chain_height=3129 expected_hash=34a93d19 local_hash= local_source=none snapshot_missing=false
[WARN] consensus validator set unresolved height=1289 chain_height=3129 expected_hash=34a93d19 local_hash= local_source=none snapshot_missing=false
[WARN] consensus validator set unresolved height=1290 chain_height=3129 expected_hash=34a93d19 local_hash= local_source=none snapshot_missing=false
[WARN] consensus validator set unresolved height=1291 chain_height=3129 expected_hash=34a93d19 local_hash= local_source=none snapshot_missing=false
[WARN] consensus validator set unresolved height=1292 chain_height=3129 expected_hash=34a93d19 local_hash= local_source=none snapshot_missing=false
[WARN] consensus validator set unresolved height=1293 chain_height=3129 expected_hash=34a93d19 local_hash= local_source=none snapshot_missing=false
[WARN] consensus validator set unresolved height=1294 chain_height=3129 expected_hash=34a93d19 local_hash= local_source=none snapshot_missing=false
[WARN] consensus validator set unresolved height=1295 chain_height=3129 expected_hash=34a93d19 local_hash= local_source=none snapshot_missing=false
[WARN] consensus validator set unresolved height=1296 chain_height=3129 expected_hash=34a93d19 local_hash= local_source=none snapshot_missing=false
[WARN] consensus validator set unresolved height=1297 chain_height=3129 expected_hash=34a93d19 local_hash= local_source=none snapshot_missing=false
[WARN] consensus validator set unresolved height=1298 chain_height=3129 expected_hash=34a93d19 local_hash= local_source=none snapshot_missing=false
[WARN] consensus validator set unresolved height=1299 chain_height=3129 expected_hash=34a93d19 local_hash= local_source=none snapshot_missing=false
[WARN] consensus validator set unresolved height=1300 chain_height=3129 expected_hash=34a93d19 local_hash= local_source=none snapshot_missing=false
[WARN] consensus validator set unresolved height=1301 chain_height=3129 expected_hash=34a93d19 local_hash= local_source=none snapshot_missing=false
[WARN] consensus validator set unresolved height=1302 chain_height=3129 expected_hash=34a93d19 local_hash= local_source=none snapshot_missing=false
[WARN] consensus validator set unresolved height=1303 chain_height=3129 expected_hash=34a93d19 local_hash= local_source=none snapshot_missing=false
[WARN] consensus validator set unresolved height=1304 chain_height=3129 expected_hash=34a93d19 local_hash= local_source=none snapshot_missing=false
[WARN] consensus validator set unresolved height=1305 chain_height=3129 expected_hash=34a93d19 local_hash= local_source=none snapshot_missing=false
[WARN] consensus validator set unresolved height=1306 chain_height=3129 expected_hash=34a93d19 local_hash= local_source=none snapshot_missing=false
[WARN] consensus validator set unresolved height=1307 chain_height=3129 expected_hash=34a93d19 local_hash= local_source=none snapshot_missing=false
[WARN] consensus validator set unresolved height=1308 chain_height=3129 expected_hash=34a93d19 local_hash= local_source=none snapshot_missing=false
[WARN] consensus validator set unresolved height=1309 chain_height=3129 expected_hash=34a93d19 local_hash= local_source=none snapshot_missing=false
[WARN] consensus validator set unresolved height=1310 chain_height=3129 expected_hash=34a93d19 local_hash= local_source=none snapshot_missing=false
[WARN] consensus validator set unresolved height=1311 chain_height=3129 expected_hash=34a93d19 local_hash= local_source=none snapshot_missing=false
[WARN] consensus validator set unresolved height=1312 chain_height=3129 expected_hash=34a93d19 local_hash= local_source=none snapshot_missing=false
[WARN] consensus validator set unresolved height=1313 chain_height=3129 expected_hash=34a93d19 local_hash= local_source=none snapshot_missing=false
[WARN] consensus validator set unresolved height=1314 chain_height=3129 expected_hash=34a93d19 local_hash= local_source=none snapshot_missing=false
[WARN] consensus validator set unresolved height=1315 chain_height=3129 expected_hash=34a93d19 local_hash= local_source=none snapshot_missing=false
[WARN] consensus validator set unresolved height=1316 chain_height=3129 expected_hash=34a93d19 local_hash= local_source=none snapshot_missing=false
[WARN] consensus validator set unresolved height=1317 chain_height=3129 expected_hash=34a93d19 local_hash= local_source=none snapshot_missing=false
[WARN] consensus validator set unresolved height=1318 chain_height=3129 expected_hash=34a93d19 local_hash= local_source=none snapshot_missing=false
[WARN] consensus validator set unresolved height=1319 chain_height=3129 expected_hash=34a93d19 local_hash= local_source=none snapshot_missing=false
[WARN] consensus validator set unresolved height=1320 chain_height=3129 expected_hash=34a93d19 local_hash= local_source=none snapshot_missing=false
[WARN] consensus validator set unresolved height=1321 chain_height=3129 expected_hash=34a93d19 local_hash= local_source=none snapshot_missing=false
[WARN] consensus validator set unresolved height=1322 chain_height=3129 expected_hash=34a93d19 local_hash= local_source=none snapshot_missing=false
[WARN] consensus validator set unresolved height=1323 chain_height=3129 expected_hash=34a93d19 local_hash= local_source=none snapshot_missing=false
[WARN] consensus validator set unresolved height=1324 chain_height=3129 expected_hash=34a93d19 local_hash= local_source=none snapshot_missing=false
[WARN] consensus validator set unresolved height=1325 chain_height=3129 expected_hash=34a93d19 local_hash= local_source=none snapshot_missing=false
[WARN] consensus validator set unresolved height=1326 chain_height=3129 expected_hash=34a93d19 local_hash= local_source=none snapshot_missing=false
[WARN] consensus validator set unresolved height=1327 chain_height=3129 expected_hash=34a93d19 local_hash= local_source=none snapshot_missing=false
[WARN] consensus validator set unresolved height=1328 chain_height=3129 expected_hash=34a93d19 local_hash= local_source=none snapshot_missing=false
[WARN] consensus validator set unresolved height=1329 chain_height=3129 expected_hash=34a93d19 local_hash= local_source=none snapshot_missing=false
[WARN] consensus validator set unresolved height=1330 chain_height=3129 expected_hash=34a93d19 local_hash= local_source=none snapshot_missing=false
[WARN] consensus validator set unresolved height=1331 chain_height=3129 expected_hash=34a93d19 local_hash= local_source=none snapshot_missing=false
[WARN] consensus validator set unresolved height=1332 chain_height=3129 expected_hash=34a93d19 local_hash= local_source=none snapshot_missing=false
[WARN] consensus validator set unresolved height=1333 chain_height=3129 expected_hash=34a93d19 local_hash= local_source=none snapshot_missing=false
[WARN] consensus validator set unresolved height=1334 chain_height=3129 expected_hash=34a93d19 local_hash= local_source=none snapshot_missing=false
[WARN] consensus validator set unresolved height=1335 chain_height=3129 expected_hash=34a93d19 local_hash= local_source=none snapshot_missing=false
[WARN] consensus validator set unresolved height=1336 chain_height=3129 expected_hash=34a93d19 local_hash= local_source=none snapshot_missing=false
[WARN] consensus validator set unresolved height=1337 chain_height=3129 expected_hash=34a93d19 local_hash= local_source=none snapshot_missing=false
[WARN] consensus validator set unresolved height=1338 chain_height=3129 expected_hash=34a93d19 local_hash= local_source=none snapshot_missing=false
[WARN] consensus validator set unresolved height=1339 chain_height=3129 expected_hash=34a93d19 local_hash= local_source=none snapshot_missing=false
[WARN] consensus validator set unresolved height=1340 chain_height=3129 expected_hash=34a93d19 local_hash= local_source=none snapshot_missing=false
[WARN] consensus validator set unresolved height=1341 chain_height=3129 expected_hash=34a93d19 local_hash= local_source=none snapshot_missing=false
[WARN] consensus validator set unresolved height=1342 chain_height=3129 expected_hash=34a93d19 local_hash= local_source=none snapshot_missing=false
[WARN] consensus validator set unresolved height=1343 chain_height=3129 expected_hash=34a93d19 local_hash= local_source=none snapshot_missing=false
[WARN] consensus validator set unresolved height=1344 chain_height=3129 expected_hash=34a93d19 local_hash= local_source=none snapshot_missing=false
[WARN] consensus validator set unresolved height=1345 chain_height=3129 expected_hash=34a93d19 local_hash= local_source=none snapshot_missing=false
[WARN] consensus validator set unresolved height=1346 chain_height=3129 expected_hash=34a93d19 local_hash= local_source=none snapshot_missing=false
[WARN] consensus validator set unresolved height=1347 chain_height=3129 expected_hash=34a93d19 local_hash= local_source=none snapshot_missing=false
[WARN] consensus validator set unresolved height=1348 chain_height=3129 expected_hash=34a93d19 local_hash= local_source=none snapshot_missing=false
[WARN] consensus validator set unresolved height=1349 chain_height=3129 expected_hash=34a93d19 local_hash= local_source=none snapshot_missing=false
[WARN] consensus validator set unresolved height=1350 chain_height=3129 expected_hash=34a93d19 local_hash= local_source=none snapshot_missing=false
[WARN] consensus validator set unresolved height=1351 chain_height=3129 expected_hash=34a93d19 local_hash= local_source=none snapshot_missing=false
[WARN] consensus validator set unresolved height=1352 chain_height=3129 expected_hash=34a93d19 local_hash= local_source=none snapshot_missing=false
[WARN] consensus validator set unresolved height=1353 chain_height=3129 expected_hash=34a93d19 local_hash= local_source=none snapshot_missing=false
[WARN] consensus validator set unresolved height=1354 chain_height=3129 expected_hash=34a93d19 local_hash= local_source=none snapshot_missing=false
[WARN] consensus validator set unresolved height=1355 chain_height=3129 expected_hash=34a93d19 local_hash= local_source=none snapshot_missing=false
[WARN] consensus validator set unresolved height=1356 chain_height=3129 expected_hash=34a93d19 local_hash= local_source=none snapshot_missing=false
[WARN] consensus validator set unresolved height=1357 chain_height=3129 expected_hash=34a93d19 local_hash= local_source=none snapshot_missing=false
[WARN] consensus validator set unresolved height=1358 chain_height=3129 expected_hash=34a93d19 local_hash= local_source=none snapshot_missing=false
[WARN] consensus validator set unresolved height=1359 chain_height=3129 expected_hash=34a93d19 local_hash= local_source=none snapshot_missing=false
[WARN] consensus validator set unresolved height=1360 chain_height=3129 expected_hash=34a93d19 local_hash= local_source=none snapshot_missing=false
[WARN] consensus validator set unresolved height=1361 chain_height=3129 expected_hash=34a93d19 local_hash= local_source=none snapshot_missing=false
[WARN] consensus validator set unresolved height=1362 chain_height=3129 expected_hash=34a93d19 local_hash= local_source=none snapshot_missing=false
[WARN] consensus validator set unresolved height=1363 chain_height=3129 expected_hash=34a93d19 local_hash= local_source=none snapshot_missing=false
2026/05/20 23:21:22 [REGISTRY-HISTORY-REBUILD] height=2386 status=scheduled reason=consensus_set_unresolved
2026/05/20 23:21:22 [REGISTRY-HISTORY-REBUILD] height=2386 status=started reason=consensus_set_unresolved
[WARN] consensus validator set unresolved height=1364 chain_height=3129 expected_hash=34a93d19 local_hash= local_source=none snapshot_missing=false
2026/05/20 23:21:22 [REGISTRY-HISTORY-REBUILD] height=2386 status=ok reason=consensus_set_unresolved
[WARN] consensus validator set unresolved height=1365 chain_height=3129 expected_hash=34a93d19 local_hash= local_source=none snapshot_missing=false
[WARN] consensus validator set unresolved height=1366 chain_height=3129 expected_hash=34a93d19 local_hash= local_source=none snapshot_missing=false
[WARN] consensus validator set unresolved height=1367 chain_height=3129 expected_hash=34a93d19 local_hash= local_source=none snapshot_missing=false
[WARN] consensus validator set unresolved height=1368 chain_height=3129 expected_hash=34a93d19 local_hash= local_source=none snapshot_missing=false
[WARN] consensus validator set unresolved height=1369 chain_height=3129 expected_hash=34a93d19 local_hash= local_source=none snapshot_missing=false
[WARN] consensus validator set unresolved height=1370 chain_height=3129 expected_hash=34a93d19 local_hash= local_source=none snapshot_missing=false
[WARN] consensus validator set unresolved height=1371 chain_height=3129 expected_hash=34a93d19 local_hash= local_source=none snapshot_missing=false
[WARN] consensus validator set unresolved height=1372 chain_height=3129 expected_hash=34a93d19 local_hash= local_source=none snapshot_missing=false
[WARN] consensus validator set unresolved height=1373 chain_height=3129 expected_hash=34a93d19 local_hash= local_source=none snapshot_missing=false
[WARN] consensus validator set unresolved height=1374 chain_height=3129 expected_hash=34a93d19 local_hash= local_source=none snapshot_missing=false
[WARN] consensus validator set unresolved height=1375 chain_height=3129 expected_hash=34a93d19 local_hash= local_source=none snapshot_missing=false
[WARN] consensus validator set unresolved height=1376 chain_height=3129 expected_hash=34a93d19 local_hash= local_source=none snapshot_missing=false
[WARN] consensus validator set unresolved height=1377 chain_height=3129 expected_hash=34a93d19 local_hash= local_source=none snapshot_missing=false
[WARN] consensus validator set unresolved height=1378 chain_height=3129 expected_hash=34a93d19 local_hash= local_source=none snapshot_missing=false
[WARN] consensus validator set unresolved height=1379 chain_height=3129 expected_hash=34a93d19 local_hash= local_source=none snapshot_missing=false
[WARN] consensus validator set unresolved height=1380 chain_height=3129 expected_hash=34a93d19 local_hash= local_source=none snapshot_missing=false
[WARN] consensus validator set unresolved height=1381 chain_height=3129 expected_hash=34a93d19 local_hash= local_source=none snapshot_missing=false
[WARN] consensus validator set unresolved height=1382 chain_height=3129 expected_hash=34a93d19 local_hash= local_source=none snapshot_missing=false
[WARN] consensus validator set unresolved height=1383 chain_height=3129 expected_hash=34a93d19 local_hash= local_source=none snapshot_missing=false
[WARN] consensus validator set unresolved height=1384 chain_height=3129 expected_hash=34a93d19 local_hash= local_source=none snapshot_missing=false
[WARN] consensus validator set unresolved height=1385 chain_height=3129 expected_hash=34a93d19 local_hash= local_source=none snapshot_missing=false
[WARN] consensus validator set unresolved height=1386 chain_height=3129 expected_hash=34a93d19 local_hash= local_source=none snapshot_missing=false
[WARN] consensus validator set unresolved height=1387 chain_height=3129 expected_hash=34a93d19 local_hash= local_source=none snapshot_missing=false
[WARN] consensus validator set unresolved height=1388 chain_height=3129 expected_hash=34a93d19 local_hash= local_source=none snapshot_missing=false
[WARN] consensus validator set unresolved height=1389 chain_height=3129 expected_hash=34a93d19 local_hash= local_source=none snapshot_missing=false
[WARN] consensus validator set unresolved height=1390 chain_height=3129 expected_hash=34a93d19 local_hash= local_source=none snapshot_missing=false
[WARN] consensus validator set unresolved height=1391 chain_height=3129 expected_hash=34a93d19 local_hash= local_source=none snapshot_missing=false
[WARN] consensus validator set unresolved height=1392 chain_height=3129 expected_hash=34a93d19 local_hash= local_source=none snapshot_missing=false
[WARN] consensus validator set unresolved height=1393 chain_height=3129 expected_hash=34a93d19 local_hash= local_source=none snapshot_missing=false
[WARN] consensus validator set unresolved height=1394 chain_height=3129 expected_hash=34a93d19 local_hash= local_source=none snapshot_missing=false
[WARN] consensus validator set unresolved height=1395 chain_height=3129 expected_hash=34a93d19 local_hash= local_source=none snapshot_missing=false
[WARN] consensus validator set unresolved height=1396 chain_height=3129 expected_hash=34a93d19 local_hash= local_source=none snapshot_missing=false
[WARN] consensus validator set unresolved height=1397 chain_height=3129 expected_hash=34a93d19 local_hash= local_source=none snapshot_missing=false
[WARN] consensus validator set unresolved height=1398 chain_height=3129 expected_hash=34a93d19 local_hash= local_source=none snapshot_missing=false
[WARN] consensus validator set unresolved height=1399 chain_height=3129 expected_hash=34a93d19 local_hash= local_source=none snapshot_missing=false
[WARN] consensus validator set unresolved height=1400 chain_height=3129 expected_hash=34a93d19 local_hash= local_source=none snapshot_missing=false
[WARN] consensus validator set unresolved height=1401 chain_height=3129 expected_hash=34a93d19 local_hash= local_source=none snapshot_missing=false
[WARN] consensus validator set unresolved height=1402 chain_height=3129 expected_hash=34a93d19 local_hash= local_source=none snapshot_missing=false
[WARN] consensus validator set unresolved height=1403 chain_height=3129 expected_hash=34a93d19 local_hash= local_source=none snapshot_missing=false
[WARN] consensus validator set unresolved height=1404 chain_height=3129 expected_hash=34a93d19 local_hash= local_source=none snapshot_missing=false
[WARN] consensus validator set unresolved height=1405 chain_height=3129 expected_hash=34a93d19 local_hash= local_source=none snapshot_missing=false
[WARN] consensus validator set unresolved height=1406 chain_height=3129 expected_hash=34a93d19 local_hash= local_source=none snapshot_missing=false
[WARN] consensus validator set unresolved height=1407 chain_height=3129 expected_hash=34a93d19 local_hash= local_source=none snapshot_missing=false
[WARN] consensus validator set unresolved height=1408 chain_height=3129 expected_hash=34a93d19 local_hash= local_source=none snapshot_missing=false
[WARN] consensus validator set unresolved height=1409 chain_height=3129 expected_hash=34a93d19 local_hash= local_source=none snapshot_missing=false
[WARN] consensus validator set unresolved height=1410 chain_height=3129 expected_hash=34a93d19 local_hash= local_source=none snapshot_missing=false
[WARN] consensus validator set unresolved height=1411 chain_height=3129 expected_hash=34a93d19 local_hash= local_source=none snapshot_missing=false
[WARN] consensus validator set unresolved height=1412 chain_height=3129 expected_hash=34a93d19 local_hash= local_source=none snapshot_missing=false
[WARN] consensus validator set unresolved height=1413 chain_height=3129 expected_hash=34a93d19 local_hash= local_source=none snapshot_missing=false
[WARN] consensus validator set unresolved height=1414 chain_height=3129 expected_hash=34a93d19 local_hash= local_source=none snapshot_missing=false
[WARN] consensus validator set unresolved height=1415 chain_height=3129 expected_hash=34a93d19 local_hash= local_source=none snapshot_missing=false
[WARN] consensus validator set unresolved height=1416 chain_height=3129 expected_hash=34a93d19 local_hash= local_source=none snapshot_missing=false
[WARN] consensus validator set unresolved height=1417 chain_height=3129 expected_hash=34a93d19 local_hash= local_source=none snapshot_missing=false
[WARN] consensus validator set unresolved height=1418 chain_height=3129 expected_hash=34a93d19 local_hash= local_source=none snapshot_missing=false
[WARN] consensus validator set unresolved height=1419 chain_height=3129 expected_hash=34a93d19 local_hash= local_source=none snapshot_missing=false
[WARN] consensus validator set unresolved height=1420 chain_height=3129 expected_hash=34a93d19 local_hash= local_source=none snapshot_missing=false
[WARN] consensus validator set unresolved height=1421 chain_height=3129 expected_hash=34a93d19 local_hash= local_source=none snapshot_missing=false
[WARN] consensus validator set unresolved height=1422 chain_height=3129 expected_hash=34a93d19 local_hash= local_source=none snapshot_missing=false
[WARN] consensus validator set unresolved height=1423 chain_height=3129 expected_hash=34a93d19 local_hash= local_source=none snapshot_missing=false
[WARN] consensus validator set unresolved height=1424 chain_height=3129 expected_hash=34a93d19 local_hash= local_source=none snapshot_missing=false
[WARN] consensus validator set unresolved height=1425 chain_height=3129 expected_hash=34a93d19 local_hash= local_source=none snapshot_missing=false
[WARN] consensus validator set unresolved height=1426 chain_height=3129 expected_hash=34a93d19 local_hash= local_source=none snapshot_missing=false
[WARN] consensus validator set unresolved height=1427 chain_height=3129 expected_hash=34a93d19 local_hash= local_source=none snapshot_missing=false
[WARN] consensus validator set unresolved height=1428 chain_height=3129 expected_hash=34a93d19 local_hash= local_source=none snapshot_missing=false
[WARN] consensus validator set unresolved height=1429 chain_height=3129 expected_hash=34a93d19 local_hash= local_source=none snapshot_missing=false
[WARN] consensus validator set unresolved height=1430 chain_height=3129 expected_hash=34a93d19 local_hash= local_source=none snapshot_missing=false
[WARN] consensus validator set unresolved height=1431 chain_height=3129 expected_hash=34a93d19 local_hash= local_source=none snapshot_missing=false
[WARN] consensus validator set unresolved height=1432 chain_height=3129 expected_hash=34a93d19 local_hash= local_source=none snapshot_missing=false
[WARN] consensus validator set unresolved height=1433 chain_height=3129 expected_hash=34a93d19 local_hash= local_source=none snapshot_missing=false
[WARN] consensus validator set unresolved height=1434 chain_height=3129 expected_hash=34a93d19 local_hash= local_source=none snapshot_missing=false
[WARN] consensus validator set unresolved height=1435 chain_height=3129 expected_hash=34a93d19 local_hash= local_source=none snapshot_missing=false
[WARN] consensus validator set unresolved height=1436 chain_height=3129 expected_hash=34a93d19 local_hash= local_source=none snapshot_missing=false
[WARN] consensus validator set unresolved height=1437 chain_height=3129 expected_hash=34a93d19 local_hash= local_source=none snapshot_missing=false
[WARN] consensus validator set unresolved height=1438 chain_height=3129 expected_hash=34a93d19 local_hash= local_source=none snapshot_missing=false
[WARN] consensus validator set unresolved height=1439 chain_height=3129 expected_hash=34a93d19 local_hash= local_source=none snapshot_missing=false
[WARN] consensus validator set unresolved height=1440 chain_height=3129 expected_hash=34a93d19 local_hash= local_source=none snapshot_missing=false
[WARN] consensus validator set unresolved height=1441 chain_height=3129 expected_hash=34a93d19 local_hash= local_source=none snapshot_missing=false
[WARN] consensus validator set unresolved height=1442 chain_height=3129 expected_hash=34a93d19 local_hash= local_source=none snapshot_missing=false
[WARN] consensus validator set unresolved height=1443 chain_height=3129 expected_hash=34a93d19 local_hash= local_source=none snapshot_missing=false
[WARN] consensus validator set unresolved height=1444 chain_height=3129 expected_hash=34a93d19 local_hash= local_source=none snapshot_missing=false
[WARN] consensus validator set unresolved height=1445 chain_height=3129 expected_hash=34a93d19 local_hash= local_source=none snapshot_missing=false
[WARN] consensus validator set unresolved height=1446 chain_height=3129 expected_hash=34a93d19 local_hash= local_source=none snapshot_missing=false
[WARN] consensus validator set unresolved height=1447 chain_height=3129 expected_hash=34a93d19 local_hash= local_source=none snapshot_missing=false
[WARN] consensus validator set unresolved height=1448 chain_height=3129 expected_hash=34a93d19 local_hash= local_source=none snapshot_missing=false
[WARN] consensus validator set unresolved height=1449 chain_height=3129 expected_hash=34a93d19 local_hash= local_source=none snapshot_missing=false
[WARN] consensus validator set unresolved height=1450 chain_height=3129 expected_hash=34a93d19 local_hash= local_source=none snapshot_missing=false
[WARN] consensus validator set unresolved height=1451 chain_height=3129 expected_hash=34a93d19 local_hash= local_source=none snapshot_missing=false
[WARN] consensus validator set unresolved height=1452 chain_height=3129 expected_hash=34a93d19 local_hash= local_source=none snapshot_missing=false
[WARN] consensus validator set unresolved height=1453 chain_height=3129 expected_hash=34a93d19 local_hash= local_source=none snapshot_missing=false
[WARN] consensus validator set unresolved height=1454 chain_height=3129 expected_hash=34a93d19 local_hash= local_source=none snapshot_missing=false
[WARN] consensus validator set unresolved height=1455 chain_height=3129 expected_hash=34a93d19 local_hash= local_source=none snapshot_missing=false
[WARN] consensus validator set unresolved height=1456 chain_height=3129 expected_hash=34a93d19 local_hash= local_source=none snapshot_missing=false
[WARN] consensus validator set unresolved height=1457 chain_height=3129 expected_hash=34a93d19 local_hash= local_source=none snapshot_missing=false
[WARN] consensus validator set unresolved height=1458 chain_height=3129 expected_hash=34a93d19 local_hash= local_source=none snapshot_missing=false
[WARN] consensus validator set unresolved height=1459 chain_height=3129 expected_hash=34a93d19 local_hash= local_source=none snapshot_missing=false
[WARN] consensus validator set unresolved height=1460 chain_height=3129 expected_hash=34a93d19 local_hash= local_source=none snapshot_missing=false
[WARN] consensus validator set unresolved height=1461 chain_height=3129 expected_hash=34a93d19 local_hash= local_source=none snapshot_missing=false
[WARN] consensus validator set unresolved height=1462 chain_height=3129 expected_hash=34a93d19 local_hash= local_source=none snapshot_missing=false
[WARN] consensus validator set unresolved height=1463 chain_height=3129 expected_hash=34a93d19 local_hash= local_source=none snapshot_missing=false
[WARN] consensus validator set unresolved height=1464 chain_height=3129 expected_hash=34a93d19 local_hash= local_source=none snapshot_missing=false
[WARN] consensus validator set unresolved height=1465 chain_height=3129 expected_hash=34a93d19 local_hash= local_source=none snapshot_missing=false
[WARN] consensus validator set unresolved height=1466 chain_height=3129 expected_hash=34a93d19 local_hash= local_source=none snapshot_missing=false
[WARN] consensus validator set unresolved height=1467 chain_height=3129 expected_hash=34a93d19 local_hash= local_source=none snapshot_missing=false
[WARN] consensus validator set unresolved height=1468 chain_height=3129 expected_hash=34a93d19 local_hash= local_source=none snapshot_missing=false
[WARN] consensus validator set unresolved height=1469 chain_height=3129 expected_hash=34a93d19 local_hash= local_source=none snapshot_missing=false
[WARN] consensus validator set unresolved height=1470 chain_height=3129 expected_hash=34a93d19 local_hash= local_source=none snapshot_missing=false
[WARN] consensus validator set unresolved height=1471 chain_height=3129 expected_hash=34a93d19 local_hash= local_source=none snapshot_missing=false
[WARN] consensus validator set unresolved height=1472 chain_height=3129 expected_hash=34a93d19 local_hash= local_source=none snapshot_missing=false
[WARN] consensus validator set unresolved height=1473 chain_height=3129 expected_hash=34a93d19 local_hash= local_source=none snapshot_missing=false
[WARN] consensus validator set unresolved height=1474 chain_height=3129 expected_hash=34a93d19 local_hash= local_source=none snapshot_missing=false
[WARN] consensus validator set unresolved height=1475 chain_height=3129 expected_hash=34a93d19 local_hash= local_source=none snapshot_missing=false
[WARN] consensus validator set unresolved height=1476 chain_height=3129 expected_hash=34a93d19 local_hash= local_source=none snapshot_missing=false
[WARN] consensus validator set unresolved height=1477 chain_height=3129 expected_hash=34a93d19 local_hash= local_source=none snapshot_missing=false
[WARN] consensus validator set unresolved height=1478 chain_height=3129 expected_hash=34a93d19 local_hash= local_source=none snapshot_missing=false
[WARN] consensus validator set unresolved height=1479 chain_height=3129 expected_hash=34a93d19 local_hash= local_source=none snapshot_missing=false
[WARN] consensus validator set unresolved height=1480 chain_height=3129 expected_hash=34a93d19 local_hash= local_source=none snapshot_missing=false
[WARN] consensus validator set unresolved height=1481 chain_height=3129 expected_hash=34a93d19 local_hash= local_source=none snapshot_missing=false
[WARN] consensus validator set unresolved height=1482 chain_height=3129 expected_hash=34a93d19 local_hash= local_source=none snapshot_missing=false
[WARN] consensus validator set unresolved height=1483 chain_height=3129 expected_hash=34a93d19 local_hash= local_source=none snapshot_missing=false
[WARN] consensus validator set unresolved height=1484 chain_height=3129 expected_hash=34a93d19 local_hash= local_source=none snapshot_missing=false
[WARN] consensus validator set unresolved height=1485 chain_height=3129 expected_hash=34a93d19 local_hash= local_source=none snapshot_missing=false
[WARN] consensus validator set unresolved height=1486 chain_height=3129 expected_hash=34a93d19 local_hash= local_source=none snapshot_missing=false
[WARN] consensus validator set unresolved height=1487 chain_height=3129 expected_hash=34a93d19 local_hash= local_source=none snapshot_missing=false
[WARN] consensus validator set unresolved height=1488 chain_height=3129 expected_hash=34a93d19 local_hash= local_source=none snapshot_missing=false
[WARN] consensus validator set unresolved height=1489 chain_height=3129 expected_hash=34a93d19 local_hash= local_source=none snapshot_missing=false
[WARN] consensus validator set unresolved height=1490 chain_height=3129 expected_hash=34a93d19 local_hash= local_source=none snapshot_missing=false
[WARN] consensus validator set unresolved height=1491 chain_height=3129 expected_hash=34a93d19 local_hash= local_source=none snapshot_missing=false
[WARN] consensus validator set unresolved height=1492 chain_height=3129 expected_hash=34a93d19 local_hash= local_source=none snapshot_missing=false
[WARN] consensus validator set unresolved height=1493 chain_height=3129 expected_hash=34a93d19 local_hash= local_source=none snapshot_missing=false
[WARN] consensus validator set unresolved height=1494 chain_height=3129 expected_hash=34a93d19 local_hash= local_source=none snapshot_missing=false
[WARN] consensus validator set unresolved height=1495 chain_height=3129 expected_hash=34a93d19 local_hash= local_source=none snapshot_missing=false
[WARN] consensus validator set unresolved height=1496 chain_height=3129 expected_hash=34a93d19 local_hash= local_source=none snapshot_missing=false
[WARN] consensus validator set unresolved height=1497 chain_height=3129 expected_hash=34a93d19 local_hash= local_source=none snapshot_missing=false
[WARN] consensus validator set unresolved height=1498 chain_height=3129 expected_hash=34a93d19 local_hash= local_source=none snapshot_missing=false
[WARN] consensus validator set unresolved height=1499 chain_height=3129 expected_hash=34a93d19 local_hash= local_source=none snapshot_missing=false
[WARN] consensus validator set unresolved height=1500 chain_height=3129 expected_hash=34a93d19 local_hash= local_source=none snapshot_missing=false
[WARN] consensus validator set unresolved height=1501 chain_height=3129 expected_hash=34a93d19 local_hash= local_source=none snapshot_missing=false
[WARN] consensus validator set unresolved height=1502 chain_height=3129 expected_hash=34a93d19 local_hash= local_source=none snapshot_missing=false
[WARN] consensus validator set unresolved height=1503 chain_height=3129 expected_hash=34a93d19 local_hash= local_source=none snapshot_missing=false
[WARN] consensus validator set unresolved height=1504 chain_height=3129 expected_hash=34a93d19 local_hash= local_source=none snapshot_missing=false
[WARN] consensus validator set unresolved height=1505 chain_height=3129 expected_hash=34a93d19 local_hash= local_source=none snapshot_missing=false
[WARN] consensus validator set unresolved height=1506 chain_height=3129 expected_hash=34a93d19 local_hash= local_source=none snapshot_missing=false
[WARN] consensus validator set unresolved height=1507 chain_height=3129 expected_hash=34a93d19 local_hash= local_source=none snapshot_missing=false
[WARN] consensus validator set unresolved height=1508 chain_height=3129 expected_hash=34a93d19 local_hash= local_source=none snapshot_missing=false
[WARN] consensus validator set unresolved height=1509 chain_height=3129 expected_hash=34a93d19 local_hash= local_source=none snapshot_missing=false
[WARN] consensus validator set unresolved height=1510 chain_height=3129 expected_hash=34a93d19 local_hash= local_source=none snapshot_missing=false
[WARN] consensus validator set unresolved height=1511 chain_height=3129 expected_hash=34a93d19 local_hash= local_source=none snapshot_missing=false
[WARN] consensus validator set unresolved height=1512 chain_height=3129 expected_hash=34a93d19 local_hash= local_source=none snapshot_missing=false
[WARN] consensus validator set unresolved height=1513 chain_height=3129 expected_hash=34a93d19 local_hash= local_source=none snapshot_missing=false
[WARN] consensus validator set unresolved height=1514 chain_height=3129 expected_hash=34a93d19 local_hash= local_source=none snapshot_missing=false
[WARN] consensus validator set unresolved height=1515 chain_height=3129 expected_hash=34a93d19 local_hash= local_source=none snapshot_missing=false
[WARN] consensus validator set unresolved height=1516 chain_height=3129 expected_hash=34a93d19 local_hash= local_source=none snapshot_missing=false
[WARN] consensus validator set unresolved height=1517 chain_height=3129 expected_hash=34a93d19 local_hash= local_source=none snapshot_missing=false
[WARN] consensus validator set unresolved height=1518 chain_height=3129 expected_hash=34a93d19 local_hash= local_source=none snapshot_missing=false
[WARN] consensus validator set unresolved height=1519 chain_height=3129 expected_hash=34a93d19 local_hash= local_source=none snapshot_missing=false
[WARN] consensus validator set unresolved height=1520 chain_height=3129 expected_hash=34a93d19 local_hash= local_source=none snapshot_missing=false
[WARN] consensus validator set unresolved height=1521 chain_height=3129 expected_hash=34a93d19 local_hash= local_source=none snapshot_missing=false
[WARN] consensus validator set unresolved height=1522 chain_height=3129 expected_hash=34a93d19 local_hash= local_source=none snapshot_missing=false
[WARN] consensus validator set unresolved height=1523 chain_height=3129 expected_hash=34a93d19 local_hash= local_source=none snapshot_missing=false
[WARN] consensus validator set unresolved height=1524 chain_height=3129 expected_hash=34a93d19 local_hash= local_source=none snapshot_missing=false
[WARN] consensus validator set unresolved height=1525 chain_height=3129 expected_hash=34a93d19 local_hash= local_source=none snapshot_missing=false
[WARN] consensus validator set unresolved height=1526 chain_height=3129 expected_hash=34a93d19 local_hash= local_source=none snapshot_missing=false
[WARN] consensus validator set unresolved height=1527 chain_height=3129 expected_hash=34a93d19 local_hash= local_source=none snapshot_missing=false
[WARN] consensus validator set unresolved height=1528 chain_height=3129 expected_hash=34a93d19 local_hash= local_source=none snapshot_missing=false
[WARN] consensus validator set unresolved height=1529 chain_height=3129 expected_hash=34a93d19 local_hash= local_source=none snapshot_missing=false
[WARN] consensus validator set unresolved height=1530 chain_height=3129 expected_hash=34a93d19 local_hash= local_source=none snapshot_missing=false
[WARN] consensus validator set unresolved height=1531 chain_height=3129 expected_hash=34a93d19 local_hash= local_source=none snapshot_missing=false
[WARN] consensus validator set unresolved height=1532 chain_height=3129 expected_hash=34a93d19 local_hash= local_source=none snapshot_missing=false
[WARN] consensus validator set unresolved height=1533 chain_height=3129 expected_hash=34a93d19 local_hash= local_source=none snapshot_missing=false
[WARN] consensus validator set unresolved height=1534 chain_height=3129 expected_hash=34a93d19 local_hash= local_source=none snapshot_missing=false
[WARN] consensus validator set unresolved height=1535 chain_height=3129 expected_hash=34a93d19 local_hash= local_source=none snapshot_missing=false
[WARN] consensus validator set unresolved height=1536 chain_height=3129 expected_hash=34a93d19 local_hash= local_source=none snapshot_missing=false
[WARN] consensus validator set unresolved height=1537 chain_height=3129 expected_hash=34a93d19 local_hash= local_source=none snapshot_missing=false
[WARN] consensus validator set unresolved height=1538 chain_height=3129 expected_hash=34a93d19 local_hash= local_source=none snapshot_missing=false
[WARN] consensus validator set unresolved height=1539 chain_height=3129 expected_hash=34a93d19 local_hash= local_source=none snapshot_missing=false
[WARN] consensus validator set unresolved height=1540 chain_height=3129 expected_hash=34a93d19 local_hash= local_source=none snapshot_missing=false
[WARN] consensus validator set unresolved height=1541 chain_height=3129 expected_hash=34a93d19 local_hash= local_source=none snapshot_missing=false
[WARN] consensus validator set unresolved height=1542 chain_height=3129 expected_hash=34a93d19 local_hash= local_source=none snapshot_missing=false
[WARN] consensus validator set unresolved height=1543 chain_height=3129 expected_hash=34a93d19 local_hash= local_source=none snapshot_missing=false
[WARN] consensus validator set unresolved height=1544 chain_height=3129 expected_hash=34a93d19 local_hash= local_source=none snapshot_missing=false
[WARN] consensus validator set unresolved height=1545 chain_height=3129 expected_hash=34a93d19 local_hash= local_source=none snapshot_missing=false
[WARN] consensus validator set unresolved height=1546 chain_height=3129 expected_hash=34a93d19 local_hash= local_source=none snapshot_missing=false
[WARN] consensus validator set unresolved height=1547 chain_height=3129 expected_hash=34a93d19 local_hash= local_source=none snapshot_missing=false
[WARN] consensus validator set unresolved height=1548 chain_height=3129 expected_hash=34a93d19 local_hash= local_source=none snapshot_missing=false
[WARN] consensus validator set unresolved height=1549 chain_height=3129 expected_hash=34a93d19 local_hash= local_source=none snapshot_missing=false
[WARN] consensus validator set unresolved height=1550 chain_height=3129 expected_hash=34a93d19 local_hash= local_source=none snapshot_missing=false
[WARN] consensus validator set unresolved height=1551 chain_height=3129 expected_hash=34a93d19 local_hash= local_source=none snapshot_missing=false
[WARN] consensus validator set unresolved height=1552 chain_height=3129 expected_hash=34a93d19 local_hash= local_source=none snapshot_missing=false
[WARN] consensus validator set unresolved height=1553 chain_height=3129 expected_hash=34a93d19 local_hash= local_source=none snapshot_missing=false
[WARN] consensus validator set unresolved height=1554 chain_height=3129 expected_hash=34a93d19 local_hash= local_source=none snapshot_missing=false
[WARN] consensus validator set unresolved height=1555 chain_height=3129 expected_hash=34a93d19 local_hash= local_source=none snapshot_missing=false
[WARN] consensus validator set unresolved height=1556 chain_height=3129 expected_hash=34a93d19 local_hash= local_source=none snapshot_missing=false
[WARN] consensus validator set unresolved height=1557 chain_height=3129 expected_hash=34a93d19 local_hash= local_source=none snapshot_missing=false
[WARN] consensus validator set unresolved height=1558 chain_height=3129 expected_hash=34a93d19 local_hash= local_source=none snapshot_missing=false
[WARN] consensus validator set unresolved height=1559 chain_height=3129 expected_hash=34a93d19 local_hash= local_source=none snapshot_missing=false
[WARN] consensus validator set unresolved height=1560 chain_height=3129 expected_hash=34a93d19 local_hash= local_source=none snapshot_missing=false
[WARN] consensus validator set unresolved height=1561 chain_height=3129 expected_hash=34a93d19 local_hash= local_source=none snapshot_missing=false
[WARN] consensus validator set unresolved height=1562 chain_height=3129 expected_hash=34a93d19 local_hash= local_source=none snapshot_missing=false
[WARN] consensus validator set unresolved height=1563 chain_height=3129 expected_hash=34a93d19 local_hash= local_source=none snapshot_missing=false
[WARN] consensus validator set unresolved height=1564 chain_height=3129 expected_hash=34a93d19 local_hash= local_source=none snapshot_missing=false
[WARN] consensus validator set unresolved height=1565 chain_height=3129 expected_hash=34a93d19 local_hash= local_source=none snapshot_missing=false
[WARN] consensus validator set unresolved height=1566 chain_height=3129 expected_hash=34a93d19 local_hash= local_source=none snapshot_missing=false
[WARN] consensus validator set unresolved height=1567 chain_height=3129 expected_hash=34a93d19 local_hash= local_source=none snapshot_missing=false
[WARN] consensus validator set unresolved height=1568 chain_height=3129 expected_hash=34a93d19 local_hash= local_source=none snapshot_missing=false
[WARN] consensus validator set unresolved height=1569 chain_height=3129 expected_hash=34a93d19 local_hash= local_source=none snapshot_missing=false
[WARN] consensus validator set unresolved height=1570 chain_height=3129 expected_hash=34a93d19 local_hash= local_source=none snapshot_missing=false
[WARN] consensus validator set unresolved height=1571 chain_height=3129 expected_hash=34a93d19 local_hash= local_source=none snapshot_missing=false
[WARN] consensus validator set unresolved height=1572 chain_height=3129 expected_hash=34a93d19 local_hash= local_source=none snapshot_missing=false
[WARN] consensus validator set unresolved height=1573 chain_height=3129 expected_hash=34a93d19 local_hash= local_source=none snapshot_missing=false
[WARN] consensus validator set unresolved height=1574 chain_height=3129 expected_hash=34a93d19 local_hash= local_source=none snapshot_missing=false
[WARN] consensus validator set unresolved height=1575 chain_height=3129 expected_hash=34a93d19 local_hash= local_source=none snapshot_missing=false
[WARN] consensus validator set unresolved height=1576 chain_height=3129 expected_hash=34a93d19 local_hash= local_source=none snapshot_missing=false
[WARN] consensus validator set unresolved height=1577 chain_height=3129 expected_hash=34a93d19 local_hash= local_source=none snapshot_missing=false
[WARN] consensus validator set unresolved height=1578 chain_height=3129 expected_hash=34a93d19 local_hash= local_source=none snapshot_missing=false
[WARN] consensus validator set unresolved height=1579 chain_height=3129 expected_hash=34a93d19 local_hash= local_source=none snapshot_missing=false
[WARN] consensus validator set unresolved height=1580 chain_height=3129 expected_hash=34a93d19 local_hash= local_source=none snapshot_missing=false
[WARN] consensus validator set unresolved height=1581 chain_height=3129 expected_hash=34a93d19 local_hash= local_source=none snapshot_missing=false
[WARN] consensus validator set unresolved height=1582 chain_height=3129 expected_hash=34a93d19 local_hash= local_source=none snapshot_missing=false
[WARN] consensus validator set unresolved height=1583 chain_height=3129 expected_hash=34a93d19 local_hash= local_source=none snapshot_missing=false
[WARN] consensus validator set unresolved height=1584 chain_height=3129 expected_hash=34a93d19 local_hash= local_source=none snapshot_missing=false
[WARN] consensus validator set unresolved height=1585 chain_height=3129 expected_hash=34a93d19 local_hash= local_source=none snapshot_missing=false
[WARN] consensus validator set unresolved height=1586 chain_height=3129 expected_hash=34a93d19 local_hash= local_source=none snapshot_missing=false
[WARN] consensus validator set unresolved height=1587 chain_height=3129 expected_hash=34a93d19 local_hash= local_source=none snapshot_missing=false
[WARN] consensus validator set unresolved height=1588 chain_height=3129 expected_hash=34a93d19 local_hash= local_source=none snapshot_missing=false
[WARN] consensus validator set unresolved height=1589 chain_height=3129 expected_hash=34a93d19 local_hash= local_source=none snapshot_missing=false
[WARN] consensus validator set unresolved height=1590 chain_height=3129 expected_hash=34a93d19 local_hash= local_source=none snapshot_missing=false
[WARN] consensus validator set unresolved height=1591 chain_height=3129 expected_hash=34a93d19 local_hash= local_source=none snapshot_missing=false
[WARN] consensus validator set unresolved height=1592 chain_height=3129 expected_hash=34a93d19 local_hash= local_source=none snapshot_missing=false
[WARN] consensus validator set unresolved height=1593 chain_height=3129 expected_hash=34a93d19 local_hash= local_source=none snapshot_missing=false
[WARN] consensus validator set unresolved height=1594 chain_height=3129 expected_hash=34a93d19 local_hash= local_source=none snapshot_missing=false
[WARN] consensus validator set unresolved height=1595 chain_height=3129 expected_hash=34a93d19 local_hash= local_source=none snapshot_missing=false
[WARN] consensus validator set unresolved height=1596 chain_height=3129 expected_hash=34a93d19 local_hash= local_source=none snapshot_missing=false
[WARN] consensus validator set unresolved height=1597 chain_height=3129 expected_hash=34a93d19 local_hash= local_source=none snapshot_missing=false
[WARN] consensus validator set unresolved height=1598 chain_height=3129 expected_hash=34a93d19 local_hash= local_source=none snapshot_missing=false
[WARN] consensus validator set unresolved height=1599 chain_height=3129 expected_hash=34a93d19 local_hash= local_source=none snapshot_missing=false
[WARN] consensus validator set unresolved height=1600 chain_height=3129 expected_hash=34a93d19 local_hash= local_source=none snapshot_missing=false
[WARN] consensus validator set unresolved height=1601 chain_height=3129 expected_hash=34a93d19 local_hash= local_source=none snapshot_missing=false
[WARN] consensus validator set unresolved height=1602 chain_height=3129 expected_hash=34a93d19 local_hash= local_source=none snapshot_missing=false
[WARN] consensus validator set unresolved height=1603 chain_height=3129 expected_hash=34a93d19 local_hash= local_source=none snapshot_missing=false
[WARN] consensus validator set unresolved height=1604 chain_height=3129 expected_hash=34a93d19 local_hash= local_source=none snapshot_missing=false
[WARN] consensus validator set unresolved height=1605 chain_height=3129 expected_hash=34a93d19 local_hash= local_source=none snapshot_missing=false
[WARN] consensus validator set unresolved height=1606 chain_height=3129 expected_hash=34a93d19 local_hash= local_source=none snapshot_missing=false
[WARN] consensus validator set unresolved height=1607 chain_height=3129 expected_hash=34a93d19 local_hash= local_source=none snapshot_missing=false
[WARN] consensus validator set unresolved height=1608 chain_height=3129 expected_hash=34a93d19 local_hash= local_source=none snapshot_missing=false
[WARN] consensus validator set unresolved height=1609 chain_height=3129 expected_hash=34a93d19 local_hash= local_source=none snapshot_missing=false
[WARN] consensus validator set unresolved height=1610 chain_height=3129 expected_hash=34a93d19 local_hash= local_source=none snapshot_missing=false
[WARN] consensus validator set unresolved height=1611 chain_height=3129 expected_hash=34a93d19 local_hash= local_source=none snapshot_missing=false
[WARN] consensus validator set unresolved height=1612 chain_height=3129 expected_hash=34a93d19 local_hash= local_source=none snapshot_missing=false
[WARN] consensus validator set unresolved height=1613 chain_height=3129 expected_hash=34a93d19 local_hash= local_source=none snapshot_missing=false
[WARN] consensus validator set unresolved height=1614 chain_height=3129 expected_hash=34a93d19 local_hash= local_source=none snapshot_missing=false
[WARN] consensus validator set unresolved height=1615 chain_height=3129 expected_hash=34a93d19 local_hash= local_source=none snapshot_missing=false
[WARN] consensus validator set unresolved height=1616 chain_height=3129 expected_hash=34a93d19 local_hash= local_source=none snapshot_missing=false
[WARN] consensus validator set unresolved height=1617 chain_height=3129 expected_hash=34a93d19 local_hash= local_source=none snapshot_missing=false
[WARN] consensus validator set unresolved height=1618 chain_height=3129 expected_hash=34a93d19 local_hash= local_source=none snapshot_missing=false
[WARN] consensus validator set unresolved height=1619 chain_height=3129 expected_hash=34a93d19 local_hash= local_source=none snapshot_missing=false
[WARN] consensus validator set unresolved height=1620 chain_height=3129 expected_hash=34a93d19 local_hash= local_source=none snapshot_missing=false
[WARN] consensus validator set unresolved height=1621 chain_height=3129 expected_hash=34a93d19 local_hash= local_source=none snapshot_missing=false
[WARN] consensus validator set unresolved height=1622 chain_height=3129 expected_hash=34a93d19 local_hash= local_source=none snapshot_missing=false
[WARN] consensus validator set unresolved height=1623 chain_height=3129 expected_hash=34a93d19 local_hash= local_source=none snapshot_missing=false
[WARN] consensus validator set unresolved height=1624 chain_height=3129 expected_hash=34a93d19 local_hash= local_source=none snapshot_missing=false
[WARN] consensus validator set unresolved height=1625 chain_height=3129 expected_hash=34a93d19 local_hash= local_source=none snapshot_missing=false
[WARN] consensus validator set unresolved height=1626 chain_height=3129 expected_hash=34a93d19 local_hash= local_source=none snapshot_missing=false
[WARN] consensus validator set unresolved height=1627 chain_height=3129 expected_hash=34a93d19 local_hash= local_source=none snapshot_missing=false
[WARN] consensus validator set unresolved height=1628 chain_height=3129 expected_hash=34a93d19 local_hash= local_source=none snapshot_missing=false
[WARN] consensus validator set unresolved height=1629 chain_height=3129 expected_hash=34a93d19 local_hash= local_source=none snapshot_missing=false
[WARN] consensus validator set unresolved height=1630 chain_height=3129 expected_hash=34a93d19 local_hash= local_source=none snapshot_missing=false
[WARN] consensus validator set unresolved height=1631 chain_height=3129 expected_hash=34a93d19 local_hash= local_source=none snapshot_missing=false
[WARN] consensus validator set unresolved height=1632 chain_height=3129 expected_hash=464c25f6 local_hash= local_source=none snapshot_missing=false
[WARN] consensus validator set unresolved height=1633 chain_height=3129 expected_hash=464c25f6 local_hash= local_source=none snapshot_missing=false
[WARN] consensus validator set unresolved height=1634 chain_height=3129 expected_hash=464c25f6 local_hash= local_source=none snapshot_missing=false
[WARN] consensus validator set unresolved height=1635 chain_height=3129 expected_hash=464c25f6 local_hash= local_source=none snapshot_missing=false
[WARN] consensus validator set unresolved height=1636 chain_height=3129 expected_hash=464c25f6 local_hash= local_source=none snapshot_missing=false
[WARN] consensus validator set unresolved height=1637 chain_height=3129 expected_hash=d75b74ab local_hash= local_source=none snapshot_missing=false
[WARN] consensus validator set unresolved height=1638 chain_height=3129 expected_hash=d75b74ab local_hash= local_source=none snapshot_missing=false
[WARN] consensus validator set unresolved height=1639 chain_height=3129 expected_hash=d75b74ab local_hash= local_source=none snapshot_missing=false
[WARN] consensus validator set unresolved height=1640 chain_height=3129 expected_hash=d75b74ab local_hash= local_source=none snapshot_missing=false
[WARN] consensus validator set unresolved height=1641 chain_height=3129 expected_hash=d75b74ab local_hash= local_source=none snapshot_missing=false
[WARN] consensus validator set unresolved height=1642 chain_height=3129 expected_hash=d75b74ab local_hash= local_source=none snapshot_missing=false
[WARN] consensus validator set unresolved height=1643 chain_height=3129 expected_hash=d75b74ab local_hash= local_source=none snapshot_missing=false
[WARN] consensus validator set unresolved height=1644 chain_height=3129 expected_hash=d75b74ab local_hash= local_source=none snapshot_missing=false
[WARN] consensus validator set unresolved height=1645 chain_height=3129 expected_hash=d75b74ab local_hash= local_source=none snapshot_missing=false
[WARN] consensus validator set unresolved height=1646 chain_height=3129 expected_hash=d75b74ab local_hash= local_source=none snapshot_missing=false
[WARN] consensus validator set unresolved height=1647 chain_height=3129 expected_hash=d75b74ab local_hash= local_source=none snapshot_missing=false
[WARN] consensus validator set unresolved height=1648 chain_height=3129 expected_hash=d75b74ab local_hash= local_source=none snapshot_missing=false
[WARN] consensus validator set unresolved height=1649 chain_height=3129 expected_hash=d75b74ab local_hash= local_source=none snapshot_missing=false
[WARN] consensus validator set unresolved height=1650 chain_height=3129 expected_hash=d75b74ab local_hash= local_source=none snapshot_missing=false
[WARN] consensus validator set unresolved height=1651 chain_height=3129 expected_hash=d75b74ab local_hash= local_source=none snapshot_missing=false
[WARN] consensus validator set unresolved height=1652 chain_height=3129 expected_hash=d75b74ab local_hash= local_source=none snapshot_missing=false
[WARN] consensus validator set unresolved height=1653 chain_height=3129 expected_hash=d75b74ab local_hash= local_source=none snapshot_missing=false
[WARN] consensus validator set unresolved height=1654 chain_height=3129 expected_hash=d75b74ab local_hash= local_source=none snapshot_missing=false
[WARN] consensus validator set unresolved height=1655 chain_height=3129 expected_hash=d75b74ab local_hash= local_source=none snapshot_missing=false
[WARN] consensus validator set unresolved height=1656 chain_height=3129 expected_hash=d75b74ab local_hash= local_source=none snapshot_missing=false
[WARN] consensus validator set unresolved height=1657 chain_height=3129 expected_hash=d75b74ab local_hash= local_source=none snapshot_missing=false
[WARN] consensus validator set unresolved height=1658 chain_height=3129 expected_hash=d75b74ab local_hash= local_source=none snapshot_missing=false
[WARN] consensus validator set unresolved height=1659 chain_height=3129 expected_hash=d75b74ab local_hash= local_source=none snapshot_missing=false
[WARN] consensus validator set unresolved height=1660 chain_height=3129 expected_hash=d75b74ab local_hash= local_source=none snapshot_missing=false
[WARN] consensus validator set unresolved height=1661 chain_height=3129 expected_hash=d75b74ab local_hash= local_source=none snapshot_missing=false
[WARN] consensus validator set unresolved height=1662 chain_height=3129 expected_hash=d75b74ab local_hash= local_source=none snapshot_missing=false
[WARN] consensus validator set unresolved height=1663 chain_height=3129 expected_hash=d75b74ab local_hash= local_source=none snapshot_missing=false
[WARN] consensus validator set unresolved height=1664 chain_height=3129 expected_hash=d75b74ab local_hash= local_source=none snapshot_missing=false
[WARN] consensus validator set unresolved height=1665 chain_height=3129 expected_hash=d75b74ab local_hash= local_source=none snapshot_missing=false
[WARN] consensus validator set unresolved height=1666 chain_height=3129 expected_hash=d75b74ab local_hash= local_source=none snapshot_missing=false
[WARN] consensus validator set unresolved height=1667 chain_height=3129 expected_hash=d75b74ab local_hash= local_source=none snapshot_missing=false
[WARN] consensus validator set unresolved height=1668 chain_height=3129 expected_hash=d75b74ab local_hash= local_source=none snapshot_missing=false
[WARN] consensus validator set unresolved height=1669 chain_height=3129 expected_hash=d75b74ab local_hash= local_source=none snapshot_missing=false
[WARN] consensus validator set unresolved height=1670 chain_height=3129 expected_hash=d75b74ab local_hash= local_source=none snapshot_missing=false
[WARN] consensus validator set unresolved height=1671 chain_height=3129 expected_hash=d75b74ab local_hash= local_source=none snapshot_missing=false
[WARN] consensus validator set unresolved height=1672 chain_height=3129 expected_hash=d75b74ab local_hash= local_source=none snapshot_missing=false
[WARN] consensus validator set unresolved height=1673 chain_height=3129 expected_hash=d75b74ab local_hash= local_source=none snapshot_missing=false
[WARN] consensus validator set unresolved height=1674 chain_height=3129 expected_hash=d75b74ab local_hash= local_source=none snapshot_missing=false
[WARN] consensus validator set unresolved height=1675 chain_height=3129 expected_hash=d75b74ab local_hash= local_source=none snapshot_missing=false
[WARN] consensus validator set unresolved height=1676 chain_height=3129 expected_hash=d75b74ab local_hash= local_source=none snapshot_missing=false
[WARN] consensus validator set unresolved height=1677 chain_height=3129 expected_hash=d75b74ab local_hash= local_source=none snapshot_missing=false
[WARN] consensus validator set unresolved height=1678 chain_height=3129 expected_hash=d75b74ab local_hash= local_source=none snapshot_missing=false
[WARN] consensus validator set unresolved height=1679 chain_height=3129 expected_hash=d75b74ab local_hash= local_source=none snapshot_missing=false
[WARN] consensus validator set unresolved height=1680 chain_height=3129 expected_hash=d75b74ab local_hash= local_source=none snapshot_missing=false
[WARN] consensus validator set unresolved height=1681 chain_height=3129 expected_hash=d75b74ab local_hash= local_source=none snapshot_missing=false
[WARN] consensus validator set unresolved height=1682 chain_height=3129 expected_hash=d75b74ab local_hash= local_source=none snapshot_missing=false
[WARN] consensus validator set unresolved height=1683 chain_height=3129 expected_hash=d75b74ab local_hash= local_source=none snapshot_missing=false
[WARN] consensus validator set unresolved height=1684 chain_height=3129 expected_hash=d75b74ab local_hash= local_source=none snapshot_missing=false
[WARN] consensus validator set unresolved height=1685 chain_height=3129 expected_hash=d75b74ab local_hash= local_source=none snapshot_missing=false
[WARN] consensus validator set unresolved height=1686 chain_height=3129 expected_hash=d75b74ab local_hash= local_source=none snapshot_missing=false
[WARN] consensus validator set unresolved height=1687 chain_height=3129 expected_hash=d75b74ab local_hash= local_source=none snapshot_missing=false
[WARN] consensus validator set unresolved height=1688 chain_height=3129 expected_hash=d75b74ab local_hash= local_source=none snapshot_missing=false
[WARN] consensus validator set unresolved height=1689 chain_height=3129 expected_hash=d75b74ab local_hash= local_source=none snapshot_missing=false
[WARN] consensus validator set unresolved height=1690 chain_height=3129 expected_hash=d75b74ab local_hash= local_source=none snapshot_missing=false
[WARN] consensus validator set unresolved height=1691 chain_height=3129 expected_hash=d75b74ab local_hash= local_source=none snapshot_missing=false
[WARN] consensus validator set unresolved height=1692 chain_height=3129 expected_hash=d75b74ab local_hash= local_source=none snapshot_missing=false
[WARN] consensus validator set unresolved height=1693 chain_height=3129 expected_hash=d75b74ab local_hash= local_source=none snapshot_missing=false
[WARN] consensus validator set unresolved height=1694 chain_height=3129 expected_hash=d75b74ab local_hash= local_source=none snapshot_missing=false
[WARN] consensus validator set unresolved height=1695 chain_height=3129 expected_hash=d75b74ab local_hash= local_source=none snapshot_missing=false
[WARN] consensus validator set unresolved height=1696 chain_height=3129 expected_hash=d75b74ab local_hash= local_source=none snapshot_missing=false
[WARN] consensus validator set unresolved height=1697 chain_height=3129 expected_hash=d75b74ab local_hash= local_source=none snapshot_missing=false
[WARN] consensus validator set unresolved height=1698 chain_height=3129 expected_hash=d75b74ab local_hash= local_source=none snapshot_missing=false
[WARN] consensus validator set unresolved height=1699 chain_height=3129 expected_hash=d75b74ab local_hash= local_source=none snapshot_missing=false
[WARN] consensus validator set unresolved height=1700 chain_height=3129 expected_hash=d75b74ab local_hash= local_source=none snapshot_missing=false
[WARN] consensus validator set unresolved height=1701 chain_height=3129 expected_hash=d75b74ab local_hash= local_source=none snapshot_missing=false
[WARN] consensus validator set unresolved height=1702 chain_height=3129 expected_hash=d75b74ab local_hash= local_source=none snapshot_missing=false
[WARN] consensus validator set unresolved height=1703 chain_height=3129 expected_hash=d75b74ab local_hash= local_source=none snapshot_missing=false
[WARN] consensus validator set unresolved height=1704 chain_height=3129 expected_hash=d75b74ab local_hash= local_source=none snapshot_missing=false
[WARN] consensus validator set unresolved height=1705 chain_height=3129 expected_hash=d75b74ab local_hash= local_source=none snapshot_missing=false
[WARN] consensus validator set unresolved height=1706 chain_height=3129 expected_hash=d75b74ab local_hash= local_source=none snapshot_missing=false
[WARN] consensus validator set unresolved height=1707 chain_height=3129 expected_hash=d75b74ab local_hash= local_source=none snapshot_missing=false
[WARN] consensus validator set unresolved height=1708 chain_height=3129 expected_hash=d75b74ab local_hash= local_source=none snapshot_missing=false
[WARN] consensus validator set unresolved height=1709 chain_height=3129 expected_hash=d75b74ab local_hash= local_source=none snapshot_missing=false
[WARN] consensus validator set unresolved height=1710 chain_height=3129 expected_hash=d75b74ab local_hash= local_source=none snapshot_missing=false
[WARN] consensus validator set unresolved height=1711 chain_height=3129 expected_hash=d75b74ab local_hash= local_source=none snapshot_missing=false
[WARN] consensus validator set unresolved height=1712 chain_height=3129 expected_hash=d75b74ab local_hash= local_source=none snapshot_missing=false
[WARN] consensus validator set unresolved height=1713 chain_height=3129 expected_hash=d75b74ab local_hash= local_source=none snapshot_missing=false
[WARN] consensus validator set unresolved height=1714 chain_height=3129 expected_hash=d75b74ab local_hash= local_source=none snapshot_missing=false
[WARN] consensus validator set unresolved height=1715 chain_height=3129 expected_hash=d75b74ab local_hash= local_source=none snapshot_missing=false
[WARN] consensus validator set unresolved height=1716 chain_height=3129 expected_hash=d75b74ab local_hash= local_source=none snapshot_missing=false
[WARN] consensus validator set unresolved height=1717 chain_height=3129 expected_hash=d75b74ab local_hash= local_source=none snapshot_missing=false
[WARN] consensus validator set unresolved height=1718 chain_height=3129 expected_hash=d75b74ab local_hash= local_source=none snapshot_missing=false
[WARN] consensus validator set unresolved height=1719 chain_height=3129 expected_hash=d75b74ab local_hash= local_source=none snapshot_missing=false
[WARN] consensus validator set unresolved height=1720 chain_height=3129 expected_hash=d75b74ab local_hash= local_source=none snapshot_missing=false
[WARN] consensus validator set unresolved height=1721 chain_height=3129 expected_hash=d75b74ab local_hash= local_source=none snapshot_missing=false
[WARN] consensus validator set unresolved height=1722 chain_height=3129 expected_hash=d75b74ab local_hash= local_source=none snapshot_missing=false
[WARN] consensus validator set unresolved height=1723 chain_height=3129 expected_hash=d75b74ab local_hash= local_source=none snapshot_missing=false
[WARN] consensus validator set unresolved height=1724 chain_height=3129 expected_hash=d75b74ab local_hash= local_source=none snapshot_missing=false
[WARN] consensus validator set unresolved height=1725 chain_height=3129 expected_hash=d75b74ab local_hash= local_source=none snapshot_missing=false
[WARN] consensus validator set unresolved height=1726 chain_height=3129 expected_hash=d75b74ab local_hash= local_source=none snapshot_missing=false
[WARN] consensus validator set unresolved height=1727 chain_height=3129 expected_hash=d75b74ab local_hash= local_source=none snapshot_missing=false
[WARN] consensus validator set unresolved height=1728 chain_height=3129 expected_hash=d75b74ab local_hash= local_source=none snapshot_missing=false
[WARN] consensus validator set unresolved height=1729 chain_height=3129 expected_hash=d75b74ab local_hash= local_source=none snapshot_missing=false
[WARN] consensus validator set unresolved height=1730 chain_height=3129 expected_hash=d75b74ab local_hash= local_source=none snapshot_missing=false
[WARN] consensus validator set unresolved height=1731 chain_height=3129 expected_hash=d75b74ab local_hash= local_source=none snapshot_missing=false
[WARN] consensus validator set unresolved height=1732 chain_height=3129 expected_hash=d75b74ab local_hash= local_source=none snapshot_missing=false
[WARN] consensus validator set unresolved height=1733 chain_height=3129 expected_hash=d75b74ab local_hash= local_source=none snapshot_missing=false
[WARN] consensus validator set unresolved height=1734 chain_height=3129 expected_hash=d75b74ab local_hash= local_source=none snapshot_missing=false
[WARN] consensus validator set unresolved height=1735 chain_height=3129 expected_hash=d75b74ab local_hash= local_source=none snapshot_missing=false
[WARN] consensus validator set unresolved height=1736 chain_height=3129 expected_hash=d75b74ab local_hash= local_source=none snapshot_missing=false
[WARN] consensus validator set unresolved height=1737 chain_height=3129 expected_hash=d75b74ab local_hash= local_source=none snapshot_missing=false
[WARN] consensus validator set unresolved height=1738 chain_height=3129 expected_hash=d75b74ab local_hash= local_source=none snapshot_missing=false
[WARN] consensus validator set unresolved height=1739 chain_height=3129 expected_hash=d75b74ab local_hash= local_source=none snapshot_missing=false
[WARN] consensus validator set unresolved height=1740 chain_height=3129 expected_hash=d75b74ab local_hash= local_source=none snapshot_missing=false
[WARN] consensus validator set unresolved height=1741 chain_height=3129 expected_hash=d75b74ab local_hash= local_source=none snapshot_missing=false
[WARN] consensus validator set unresolved height=1742 chain_height=3129 expected_hash=d75b74ab local_hash= local_source=none snapshot_missing=false
[WARN] consensus validator set unresolved height=1743 chain_height=3129 expected_hash=d75b74ab local_hash= local_source=none snapshot_missing=false
[WARN] consensus validator set unresolved height=1744 chain_height=3129 expected_hash=d75b74ab local_hash= local_source=none snapshot_missing=false
[WARN] consensus validator set unresolved height=1745 chain_height=3129 expected_hash=d75b74ab local_hash= local_source=none snapshot_missing=false
[WARN] consensus validator set unresolved height=1746 chain_height=3129 expected_hash=d75b74ab local_hash= local_source=none snapshot_missing=false
[WARN] consensus validator set unresolved height=1747 chain_height=3129 expected_hash=d75b74ab local_hash= local_source=none snapshot_missing=false
[WARN] consensus validator set unresolved height=1748 chain_height=3129 expected_hash=d75b74ab local_hash= local_source=none snapshot_missing=false
[WARN] consensus validator set unresolved height=1749 chain_height=3129 expected_hash=d75b74ab local_hash= local_source=none snapshot_missing=false
[WARN] consensus validator set unresolved height=1750 chain_height=3129 expected_hash=d75b74ab local_hash= local_source=none snapshot_missing=false
[WARN] consensus validator set unresolved height=1751 chain_height=3129 expected_hash=d75b74ab local_hash= local_source=none snapshot_missing=false
[WARN] consensus validator set unresolved height=1752 chain_height=3129 expected_hash=d75b74ab local_hash= local_source=none snapshot_missing=false
[WARN] consensus validator set unresolved height=1753 chain_height=3129 expected_hash=d75b74ab local_hash= local_source=none snapshot_missing=false
[WARN] consensus validator set unresolved height=1754 chain_height=3129 expected_hash=d75b74ab local_hash= local_source=none snapshot_missing=false
[WARN] consensus validator set unresolved height=1755 chain_height=3129 expected_hash=d75b74ab local_hash= local_source=none snapshot_missing=false
[WARN] consensus validator set unresolved height=1756 chain_height=3129 expected_hash=d75b74ab local_hash= local_source=none snapshot_missing=false
[WARN] consensus validator set unresolved height=1757 chain_height=3129 expected_hash=d75b74ab local_hash= local_source=none snapshot_missing=false
[WARN] consensus validator set unresolved height=1758 chain_height=3129 expected_hash=d75b74ab local_hash= local_source=none snapshot_missing=false
[WARN] consensus validator set unresolved height=1759 chain_height=3129 expected_hash=d75b74ab local_hash= local_source=none snapshot_missing=false
[WARN] consensus validator set unresolved height=1760 chain_height=3129 expected_hash=d75b74ab local_hash= local_source=none snapshot_missing=false
[WARN] consensus validator set unresolved height=1761 chain_height=3129 expected_hash=d75b74ab local_hash= local_source=none snapshot_missing=false
[WARN] consensus validator set unresolved height=1762 chain_height=3129 expected_hash=d75b74ab local_hash= local_source=none snapshot_missing=false
[WARN] consensus validator set unresolved height=1763 chain_height=3129 expected_hash=d75b74ab local_hash= local_source=none snapshot_missing=false
[WARN] consensus validator set unresolved height=1764 chain_height=3129 expected_hash=d75b74ab local_hash= local_source=none snapshot_missing=false
[WARN] consensus validator set unresolved height=1765 chain_height=3129 expected_hash=d75b74ab local_hash= local_source=none snapshot_missing=false
[WARN] consensus validator set unresolved height=1766 chain_height=3129 expected_hash=d75b74ab local_hash= local_source=none snapshot_missing=false
[WARN] consensus validator set unresolved height=1767 chain_height=3129 expected_hash=d75b74ab local_hash= local_source=none snapshot_missing=false
[WARN] consensus validator set unresolved height=1768 chain_height=3129 expected_hash=d75b74ab local_hash= local_source=none snapshot_missing=false
[WARN] consensus validator set unresolved height=1769 chain_height=3129 expected_hash=d75b74ab local_hash= local_source=none snapshot_missing=false
[WARN] consensus validator set unresolved height=1770 chain_height=3129 expected_hash=d75b74ab local_hash= local_source=none snapshot_missing=false
[WARN] consensus validator set unresolved height=1771 chain_height=3129 expected_hash=d75b74ab local_hash= local_source=none snapshot_missing=false
[WARN] consensus validator set unresolved height=1772 chain_height=3129 expected_hash=d75b74ab local_hash= local_source=none snapshot_missing=false
[WARN] consensus validator set unresolved height=1773 chain_height=3129 expected_hash=d75b74ab local_hash= local_source=none snapshot_missing=false
[WARN] consensus validator set unresolved height=1774 chain_height=3129 expected_hash=d75b74ab local_hash= local_source=none snapshot_missing=false
[WARN] consensus validator set unresolved height=1775 chain_height=3129 expected_hash=d75b74ab local_hash= local_source=none snapshot_missing=false
[WARN] consensus validator set unresolved height=1776 chain_height=3129 expected_hash=d75b74ab local_hash= local_source=none snapshot_missing=false
[WARN] consensus validator set unresolved height=1777 chain_height=3129 expected_hash=d75b74ab local_hash= local_source=none snapshot_missing=false
[WARN] consensus validator set unresolved height=1778 chain_height=3129 expected_hash=d75b74ab local_hash= local_source=none snapshot_missing=false
[WARN] consensus validator set unresolved height=1779 chain_height=3129 expected_hash=d75b74ab local_hash= local_source=none snapshot_missing=false
[WARN] consensus validator set unresolved height=1780 chain_height=3129 expected_hash=d75b74ab local_hash= local_source=none snapshot_missing=false
[WARN] consensus validator set unresolved height=1781 chain_height=3129 expected_hash=d75b74ab local_hash= local_source=none snapshot_missing=false
[WARN] consensus validator set unresolved height=1782 chain_height=3129 expected_hash=d75b74ab local_hash= local_source=none snapshot_missing=false
[WARN] consensus validator set unresolved height=1783 chain_height=3129 expected_hash=d75b74ab local_hash= local_source=none snapshot_missing=false
[WARN] consensus validator set unresolved height=1784 chain_height=3129 expected_hash=d75b74ab local_hash= local_source=none snapshot_missing=false
[WARN] consensus validator set unresolved height=1785 chain_height=3129 expected_hash=d75b74ab local_hash= local_source=none snapshot_missing=false
[WARN] consensus validator set unresolved height=1786 chain_height=3129 expected_hash=d75b74ab local_hash= local_source=none snapshot_missing=false
[WARN] consensus validator set unresolved height=1787 chain_height=3129 expected_hash=d75b74ab local_hash= local_source=none snapshot_missing=false
[WARN] consensus validator set unresolved height=1788 chain_height=3129 expected_hash=d75b74ab local_hash= local_source=none snapshot_missing=false
[WARN] consensus validator set unresolved height=1789 chain_height=3129 expected_hash=d75b74ab local_hash= local_source=none snapshot_missing=false
[WARN] consensus validator set unresolved height=1790 chain_height=3129 expected_hash=d75b74ab local_hash= local_source=none snapshot_missing=false
[WARN] consensus validator set unresolved height=1791 chain_height=3129 expected_hash=d75b74ab local_hash= local_source=none snapshot_missing=false
[WARN] consensus validator set unresolved height=1792 chain_height=3129 expected_hash=d75b74ab local_hash= local_source=none snapshot_missing=false
[WARN] consensus validator set unresolved height=1793 chain_height=3129 expected_hash=d75b74ab local_hash= local_source=none snapshot_missing=false
[WARN] consensus validator set unresolved height=1794 chain_height=3129 expected_hash=d75b74ab local_hash= local_source=none snapshot_missing=false
[WARN] consensus validator set unresolved height=1795 chain_height=3129 expected_hash=d75b74ab local_hash= local_source=none snapshot_missing=false
[WARN] consensus validator set unresolved height=1796 chain_height=3129 expected_hash=d75b74ab local_hash= local_source=none snapshot_missing=false
[WARN] consensus validator set unresolved height=1797 chain_height=3129 expected_hash=d75b74ab local_hash= local_source=none snapshot_missing=false
[WARN] consensus validator set unresolved height=1798 chain_height=3129 expected_hash=d75b74ab local_hash= local_source=none snapshot_missing=false
[WARN] consensus validator set unresolved height=1799 chain_height=3129 expected_hash=d75b74ab local_hash= local_source=none snapshot_missing=false
[WARN] consensus validator set unresolved height=1800 chain_height=3129 expected_hash=d75b74ab local_hash= local_source=none snapshot_missing=false
[WARN] consensus validator set unresolved height=1801 chain_height=3129 expected_hash=d75b74ab local_hash= local_source=none snapshot_missing=false
[WARN] consensus validator set unresolved height=1802 chain_height=3129 expected_hash=d75b74ab local_hash= local_source=none snapshot_missing=false
[WARN] consensus validator set unresolved height=1803 chain_height=3129 expected_hash=d75b74ab local_hash= local_source=none snapshot_missing=false
[WARN] consensus validator set unresolved height=1804 chain_height=3129 expected_hash=d75b74ab local_hash= local_source=none snapshot_missing=false
[WARN] consensus validator set unresolved height=1805 chain_height=3129 expected_hash=d75b74ab local_hash= local_source=none snapshot_missing=false
[WARN] consensus validator set unresolved height=1806 chain_height=3129 expected_hash=d75b74ab local_hash= local_source=none snapshot_missing=false
[WARN] consensus validator set unresolved height=1807 chain_height=3129 expected_hash=d75b74ab local_hash= local_source=none snapshot_missing=false
[WARN] consensus validator set unresolved height=1808 chain_height=3129 expected_hash=d75b74ab local_hash= local_source=none snapshot_missing=false
[WARN] consensus validator set unresolved height=1809 chain_height=3129 expected_hash=d75b74ab local_hash= local_source=none snapshot_missing=false
[WARN] consensus validator set unresolved height=1810 chain_height=3129 expected_hash=d75b74ab local_hash= local_source=none snapshot_missing=false
[WARN] consensus validator set unresolved height=1811 chain_height=3129 expected_hash=d75b74ab local_hash= local_source=none snapshot_missing=false
[WARN] consensus validator set unresolved height=1812 chain_height=3129 expected_hash=d75b74ab local_hash= local_source=none snapshot_missing=false
[WARN] consensus validator set unresolved height=1813 chain_height=3129 expected_hash=d75b74ab local_hash= local_source=none snapshot_missing=false
[WARN] consensus validator set unresolved height=1814 chain_height=3129 expected_hash=d75b74ab local_hash= local_source=none snapshot_missing=false
[WARN] consensus validator set unresolved height=1815 chain_height=3129 expected_hash=d75b74ab local_hash= local_source=none snapshot_missing=false
[WARN] consensus validator set unresolved height=1816 chain_height=3129 expected_hash=d75b74ab local_hash= local_source=none snapshot_missing=false
[WARN] consensus validator set unresolved height=1817 chain_height=3129 expected_hash=d75b74ab local_hash= local_source=none snapshot_missing=false
[WARN] consensus validator set unresolved height=1818 chain_height=3129 expected_hash=d75b74ab local_hash= local_source=none snapshot_missing=false
[WARN] consensus validator set unresolved height=1819 chain_height=3129 expected_hash=d75b74ab local_hash= local_source=none snapshot_missing=false
[WARN] consensus validator set unresolved height=1820 chain_height=3129 expected_hash=d75b74ab local_hash= local_source=none snapshot_missing=false
[WARN] consensus validator set unresolved height=1821 chain_height=3129 expected_hash=d75b74ab local_hash= local_source=none snapshot_missing=false
[WARN] consensus validator set unresolved height=1822 chain_height=3129 expected_hash=d75b74ab local_hash= local_source=none snapshot_missing=false
[WARN] consensus validator set unresolved height=1823 chain_height=3129 expected_hash=d75b74ab local_hash= local_source=none snapshot_missing=false
[WARN] consensus validator set unresolved height=1824 chain_height=3129 expected_hash=d75b74ab local_hash= local_source=none snapshot_missing=false
[WARN] consensus validator set unresolved height=1825 chain_height=3129 expected_hash=d75b74ab local_hash= local_source=none snapshot_missing=false
[WARN] consensus validator set unresolved height=1826 chain_height=3129 expected_hash=d75b74ab local_hash= local_source=none snapshot_missing=false
[WARN] consensus validator set unresolved height=1827 chain_height=3129 expected_hash=d75b74ab local_hash= local_source=none snapshot_missing=false
[WARN] consensus validator set unresolved height=1828 chain_height=3129 expected_hash=d75b74ab local_hash= local_source=none snapshot_missing=false
[WARN] consensus validator set unresolved height=1829 chain_height=3129 expected_hash=d75b74ab local_hash= local_source=none snapshot_missing=false
[WARN] consensus validator set unresolved height=1830 chain_height=3129 expected_hash=d75b74ab local_hash= local_source=none snapshot_missing=false
[WARN] consensus validator set unresolved height=1831 chain_height=3129 expected_hash=d75b74ab local_hash= local_source=none snapshot_missing=false
[WARN] consensus validator set unresolved height=1832 chain_height=3129 expected_hash=d75b74ab local_hash= local_source=none snapshot_missing=false
[WARN] consensus validator set unresolved height=1833 chain_height=3129 expected_hash=d75b74ab local_hash= local_source=none snapshot_missing=false
[WARN] consensus validator set unresolved height=1834 chain_height=3129 expected_hash=d75b74ab local_hash= local_source=none snapshot_missing=false
[WARN] consensus validator set unresolved height=1835 chain_height=3129 expected_hash=d75b74ab local_hash= local_source=none snapshot_missing=false
[WARN] consensus validator set unresolved height=1836 chain_height=3129 expected_hash=d75b74ab local_hash= local_source=none snapshot_missing=false
[WARN] consensus validator set unresolved height=1837 chain_height=3129 expected_hash=d75b74ab local_hash= local_source=none snapshot_missing=false
[WARN] consensus validator set unresolved height=1838 chain_height=3129 expected_hash=d75b74ab local_hash= local_source=none snapshot_missing=false
[WARN] consensus validator set unresolved height=1839 chain_height=3129 expected_hash=d75b74ab local_hash= local_source=none snapshot_missing=false
[WARN] consensus validator set unresolved height=1840 chain_height=3129 expected_hash=d75b74ab local_hash= local_source=none snapshot_missing=false
[WARN] consensus validator set unresolved height=1841 chain_height=3129 expected_hash=d75b74ab local_hash= local_source=none snapshot_missing=false
[WARN] consensus validator set unresolved height=1842 chain_height=3129 expected_hash=d75b74ab local_hash= local_source=none snapshot_missing=false
[WARN] consensus validator set unresolved height=1843 chain_height=3129 expected_hash=d75b74ab local_hash= local_source=none snapshot_missing=false
[WARN] consensus validator set unresolved height=1844 chain_height=3129 expected_hash=d75b74ab local_hash= local_source=none snapshot_missing=false
[WARN] consensus validator set unresolved height=1845 chain_height=3129 expected_hash=d75b74ab local_hash= local_source=none snapshot_missing=false
[WARN] consensus validator set unresolved height=1846 chain_height=3129 expected_hash=d75b74ab local_hash= local_source=none snapshot_missing=false
[WARN] consensus validator set unresolved height=1847 chain_height=3129 expected_hash=d75b74ab local_hash= local_source=none snapshot_missing=false
[WARN] consensus validator set unresolved height=1848 chain_height=3129 expected_hash=d75b74ab local_hash= local_source=none snapshot_missing=false
[WARN] consensus validator set unresolved height=1849 chain_height=3129 expected_hash=d75b74ab local_hash= local_source=none snapshot_missing=false
[WARN] consensus validator set unresolved height=1850 chain_height=3129 expected_hash=d75b74ab local_hash= local_source=none snapshot_missing=false
[WARN] consensus validator set unresolved height=1851 chain_height=3129 expected_hash=d75b74ab local_hash= local_source=none snapshot_missing=false
[WARN] consensus validator set unresolved height=1852 chain_height=3129 expected_hash=d75b74ab local_hash= local_source=none snapshot_missing=false
[WARN] consensus validator set unresolved height=1853 chain_height=3129 expected_hash=d75b74ab local_hash= local_source=none snapshot_missing=false
[WARN] consensus validator set unresolved height=1854 chain_height=3129 expected_hash=d75b74ab local_hash= local_source=none snapshot_missing=false
[WARN] consensus validator set unresolved height=1855 chain_height=3129 expected_hash=d75b74ab local_hash= local_source=none snapshot_missing=false
[WARN] consensus validator set unresolved height=1856 chain_height=3129 expected_hash=d75b74ab local_hash= local_source=none snapshot_missing=false
[WARN] consensus validator set unresolved height=1857 chain_height=3129 expected_hash=d75b74ab local_hash= local_source=none snapshot_missing=false
[WARN] consensus validator set unresolved height=1858 chain_height=3129 expected_hash=d75b74ab local_hash= local_source=none snapshot_missing=false
[WARN] consensus validator set unresolved height=1859 chain_height=3129 expected_hash=d75b74ab local_hash= local_source=none snapshot_missing=false
[WARN] consensus validator set unresolved height=1860 chain_height=3129 expected_hash=d75b74ab local_hash= local_source=none snapshot_missing=false
[WARN] consensus validator set unresolved height=1861 chain_height=3129 expected_hash=d75b74ab local_hash= local_source=none snapshot_missing=false
[WARN] consensus validator set unresolved height=1862 chain_height=3129 expected_hash=d75b74ab local_hash= local_source=none snapshot_missing=false
[WARN] consensus validator set unresolved height=1863 chain_height=3129 expected_hash=d75b74ab local_hash= local_source=none snapshot_missing=false
[WARN] consensus validator set unresolved height=1864 chain_height=3129 expected_hash=d75b74ab local_hash= local_source=none snapshot_missing=false
[WARN] consensus validator set unresolved height=1865 chain_height=3129 expected_hash=d75b74ab local_hash= local_source=none snapshot_missing=false
[WARN] consensus validator set unresolved height=1866 chain_height=3129 expected_hash=d75b74ab local_hash= local_source=none snapshot_missing=false
[WARN] consensus validator set unresolved height=1867 chain_height=3129 expected_hash=d75b74ab local_hash= local_source=none snapshot_missing=false
[WARN] consensus validator set unresolved height=1868 chain_height=3129 expected_hash=d75b74ab local_hash= local_source=none snapshot_missing=false
[WARN] consensus validator set unresolved height=1869 chain_height=3129 expected_hash=d75b74ab local_hash= local_source=none snapshot_missing=false
[WARN] consensus validator set unresolved height=1870 chain_height=3129 expected_hash=d75b74ab local_hash= local_source=none snapshot_missing=false
[WARN] consensus validator set unresolved height=1871 chain_height=3129 expected_hash=d75b74ab local_hash= local_source=none snapshot_missing=false
[WARN] consensus validator set unresolved height=1872 chain_height=3129 expected_hash=d75b74ab local_hash= local_source=none snapshot_missing=false
[WARN] consensus validator set unresolved height=1873 chain_height=3129 expected_hash=d75b74ab local_hash= local_source=none snapshot_missing=false
[WARN] consensus validator set unresolved height=1874 chain_height=3129 expected_hash=d75b74ab local_hash= local_source=none snapshot_missing=false
[WARN] consensus validator set unresolved height=1875 chain_height=3129 expected_hash=d75b74ab local_hash= local_source=none snapshot_missing=false
[WARN] consensus validator set unresolved height=1876 chain_height=3129 expected_hash=d75b74ab local_hash= local_source=none snapshot_missing=false
[WARN] consensus validator set unresolved height=1877 chain_height=3129 expected_hash=d75b74ab local_hash= local_source=none snapshot_missing=false
[WARN] consensus validator set unresolved height=1878 chain_height=3129 expected_hash=d75b74ab local_hash= local_source=none snapshot_missing=false
[WARN] consensus validator set unresolved height=1879 chain_height=3129 expected_hash=d75b74ab local_hash= local_source=none snapshot_missing=false
[WARN] consensus validator set unresolved height=1880 chain_height=3129 expected_hash=d75b74ab local_hash= local_source=none snapshot_missing=false
[WARN] consensus validator set unresolved height=1881 chain_height=3129 expected_hash=d75b74ab local_hash= local_source=none snapshot_missing=false
[WARN] consensus validator set unresolved height=1882 chain_height=3129 expected_hash=d75b74ab local_hash= local_source=none snapshot_missing=false
[WARN] consensus validator set unresolved height=1883 chain_height=3129 expected_hash=d75b74ab local_hash= local_source=none snapshot_missing=false
[WARN] consensus validator set unresolved height=1884 chain_height=3129 expected_hash=d75b74ab local_hash= local_source=none snapshot_missing=false
[WARN] consensus validator set unresolved height=1885 chain_height=3129 expected_hash=d75b74ab local_hash= local_source=none snapshot_missing=false
[WARN] consensus validator set unresolved height=1886 chain_height=3129 expected_hash=d75b74ab local_hash= local_source=none snapshot_missing=false
[WARN] consensus validator set unresolved height=1887 chain_height=3129 expected_hash=d75b74ab local_hash= local_source=none snapshot_missing=false
[WARN] consensus validator set unresolved height=1888 chain_height=3129 expected_hash=d75b74ab local_hash= local_source=none snapshot_missing=false
[WARN] consensus validator set unresolved height=1889 chain_height=3129 expected_hash=d75b74ab local_hash= local_source=none snapshot_missing=false
[WARN] consensus validator set unresolved height=1890 chain_height=3129 expected_hash=d75b74ab local_hash= local_source=none snapshot_missing=false
[WARN] consensus validator set unresolved height=1891 chain_height=3129 expected_hash=d75b74ab local_hash= local_source=none snapshot_missing=false
[WARN] consensus validator set unresolved height=1892 chain_height=3129 expected_hash=d75b74ab local_hash= local_source=none snapshot_missing=false
[WARN] consensus validator set unresolved height=1893 chain_height=3129 expected_hash=d75b74ab local_hash= local_source=none snapshot_missing=false
[WARN] consensus validator set unresolved height=1894 chain_height=3129 expected_hash=d75b74ab local_hash= local_source=none snapshot_missing=false
[WARN] consensus validator set unresolved height=1895 chain_height=3129 expected_hash=d75b74ab local_hash= local_source=none snapshot_missing=false
[WARN] consensus validator set unresolved height=1896 chain_height=3129 expected_hash=d75b74ab local_hash= local_source=none snapshot_missing=false
[WARN] consensus validator set unresolved height=1897 chain_height=3129 expected_hash=d75b74ab local_hash= local_source=none snapshot_missing=false
[WARN] consensus validator set unresolved height=1898 chain_height=3129 expected_hash=d75b74ab local_hash= local_source=none snapshot_missing=false
[WARN] consensus validator set unresolved height=1899 chain_height=3129 expected_hash=d75b74ab local_hash= local_source=none snapshot_missing=false
[WARN] consensus validator set unresolved height=1900 chain_height=3129 expected_hash=d75b74ab local_hash= local_source=none snapshot_missing=false
[WARN] consensus validator set unresolved height=1901 chain_height=3129 expected_hash=d75b74ab local_hash= local_source=none snapshot_missing=false
[WARN] consensus validator set unresolved height=1902 chain_height=3129 expected_hash=d75b74ab local_hash= local_source=none snapshot_missing=false
[WARN] consensus validator set unresolved height=1903 chain_height=3129 expected_hash=d75b74ab local_hash= local_source=none snapshot_missing=false
[WARN] consensus validator set unresolved height=1904 chain_height=3129 expected_hash=d75b74ab local_hash= local_source=none snapshot_missing=false
[WARN] consensus validator set unresolved height=1905 chain_height=3129 expected_hash=d75b74ab local_hash= local_source=none snapshot_missing=false
[WARN] consensus validator set unresolved height=1906 chain_height=3129 expected_hash=d75b74ab local_hash= local_source=none snapshot_missing=false
[WARN] consensus validator set unresolved height=1907 chain_height=3129 expected_hash=d75b74ab local_hash= local_source=none snapshot_missing=false
[WARN] consensus validator set unresolved height=1908 chain_height=3129 expected_hash=d75b74ab local_hash= local_source=none snapshot_missing=false
[WARN] consensus validator set unresolved height=1909 chain_height=3129 expected_hash=d75b74ab local_hash= local_source=none snapshot_missing=false
[WARN] consensus validator set unresolved height=1910 chain_height=3129 expected_hash=d75b74ab local_hash= local_source=none snapshot_missing=false
[WARN] consensus validator set unresolved height=1911 chain_height=3129 expected_hash=d75b74ab local_hash= local_source=none snapshot_missing=false
[WARN] consensus validator set unresolved height=1912 chain_height=3129 expected_hash=d75b74ab local_hash= local_source=none snapshot_missing=false
[WARN] consensus validator set unresolved height=1913 chain_height=3129 expected_hash=d75b74ab local_hash= local_source=none snapshot_missing=false
[WARN] consensus validator set unresolved height=1914 chain_height=3129 expected_hash=d75b74ab local_hash= local_source=none snapshot_missing=false
[WARN] consensus validator set unresolved height=1915 chain_height=3129 expected_hash=d75b74ab local_hash= local_source=none snapshot_missing=false
[WARN] consensus validator set unresolved height=1916 chain_height=3129 expected_hash=d75b74ab local_hash= local_source=none snapshot_missing=false
[WARN] consensus validator set unresolved height=1917 chain_height=3129 expected_hash=d75b74ab local_hash= local_source=none snapshot_missing=false
[WARN] consensus validator set unresolved height=1918 chain_height=3129 expected_hash=d75b74ab local_hash= local_source=none snapshot_missing=false
[WARN] consensus validator set unresolved height=1919 chain_height=3129 expected_hash=d75b74ab local_hash= local_source=none snapshot_missing=false
[WARN] consensus validator set unresolved height=1920 chain_height=3129 expected_hash=d75b74ab local_hash= local_source=none snapshot_missing=false
[WARN] consensus validator set unresolved height=1921 chain_height=3129 expected_hash=d75b74ab local_hash= local_source=none snapshot_missing=false
[WARN] consensus validator set unresolved height=1922 chain_height=3129 expected_hash=d75b74ab local_hash= local_source=none snapshot_missing=false
[WARN] consensus validator set unresolved height=1923 chain_height=3129 expected_hash=d75b74ab local_hash= local_source=none snapshot_missing=false
[WARN] consensus validator set unresolved height=1924 chain_height=3129 expected_hash=d75b74ab local_hash= local_source=none snapshot_missing=false
[WARN] consensus validator set unresolved height=1925 chain_height=3129 expected_hash=d75b74ab local_hash= local_source=none snapshot_missing=false
[WARN] consensus validator set unresolved height=1926 chain_height=3129 expected_hash=d75b74ab local_hash= local_source=none snapshot_missing=false
[WARN] consensus validator set unresolved height=1927 chain_height=3129 expected_hash=d75b74ab local_hash= local_source=none snapshot_missing=false
[WARN] consensus validator set unresolved height=1928 chain_height=3129 expected_hash=d75b74ab local_hash= local_source=none snapshot_missing=false
[WARN] consensus validator set unresolved height=1929 chain_height=3129 expected_hash=d75b74ab local_hash= local_source=none snapshot_missing=false
[WARN] consensus validator set unresolved height=1930 chain_height=3129 expected_hash=d75b74ab local_hash= local_source=none snapshot_missing=false
[WARN] consensus validator set unresolved height=1931 chain_height=3129 expected_hash=d75b74ab local_hash= local_source=none snapshot_missing=false
[WARN] consensus validator set unresolved height=1932 chain_height=3129 expected_hash=d75b74ab local_hash= local_source=none snapshot_missing=false
[WARN] consensus validator set unresolved height=1933 chain_height=3129 expected_hash=d75b74ab local_hash= local_source=none snapshot_missing=false
[WARN] consensus validator set unresolved height=1934 chain_height=3129 expected_hash=d75b74ab local_hash= local_source=none snapshot_missing=false
[WARN] consensus validator set unresolved height=1935 chain_height=3129 expected_hash=d75b74ab local_hash= local_source=none snapshot_missing=false
[WARN] consensus validator set unresolved height=1936 chain_height=3129 expected_hash=d75b74ab local_hash= local_source=none snapshot_missing=false
[WARN] consensus validator set unresolved height=1937 chain_height=3129 expected_hash=d75b74ab local_hash= local_source=none snapshot_missing=false
[WARN] consensus validator set unresolved height=1938 chain_height=3129 expected_hash=d75b74ab local_hash= local_source=none snapshot_missing=false
[WARN] consensus validator set unresolved height=1939 chain_height=3129 expected_hash=d75b74ab local_hash= local_source=none snapshot_missing=false
[WARN] consensus validator set unresolved height=1940 chain_height=3129 expected_hash=d75b74ab local_hash= local_source=none snapshot_missing=false
[WARN] consensus validator set unresolved height=1941 chain_height=3129 expected_hash=d75b74ab local_hash= local_source=none snapshot_missing=false
[WARN] consensus validator set unresolved height=1942 chain_height=3129 expected_hash=d75b74ab local_hash= local_source=none snapshot_missing=false
[WARN] consensus validator set unresolved height=1943 chain_height=3129 expected_hash=d75b74ab local_hash= local_source=none snapshot_missing=false
[WARN] consensus validator set unresolved height=1944 chain_height=3129 expected_hash=d75b74ab local_hash= local_source=none snapshot_missing=false
[WARN] consensus validator set unresolved height=1945 chain_height=3129 expected_hash=d75b74ab local_hash= local_source=none snapshot_missing=false
[WARN] consensus validator set unresolved height=1946 chain_height=3129 expected_hash=d75b74ab local_hash= local_source=none snapshot_missing=false
[WARN] consensus validator set unresolved height=1947 chain_height=3129 expected_hash=d75b74ab local_hash= local_source=none snapshot_missing=false
[WARN] consensus validator set unresolved height=1948 chain_height=3129 expected_hash=d75b74ab local_hash= local_source=none snapshot_missing=false
[WARN] consensus validator set unresolved height=1949 chain_height=3129 expected_hash=d75b74ab local_hash= local_source=none snapshot_missing=false
[WARN] consensus validator set unresolved height=1950 chain_height=3129 expected_hash=d75b74ab local_hash= local_source=none snapshot_missing=false
[WARN] consensus validator set unresolved height=1951 chain_height=3129 expected_hash=d75b74ab local_hash= local_source=none snapshot_missing=false
[WARN] consensus validator set unresolved height=1952 chain_height=3129 expected_hash=d75b74ab local_hash= local_source=none snapshot_missing=false
[WARN] consensus validator set unresolved height=1953 chain_height=3129 expected_hash=d75b74ab local_hash= local_source=none snapshot_missing=false
[WARN] consensus validator set unresolved height=1954 chain_height=3129 expected_hash=d75b74ab local_hash= local_source=none snapshot_missing=false
[WARN] consensus validator set unresolved height=1955 chain_height=3129 expected_hash=d75b74ab local_hash= local_source=none snapshot_missing=false
[WARN] consensus validator set unresolved height=1956 chain_height=3129 expected_hash=d75b74ab local_hash= local_source=none snapshot_missing=false
[WARN] consensus validator set unresolved height=1957 chain_height=3129 expected_hash=d75b74ab local_hash= local_source=none snapshot_missing=false
[WARN] consensus validator set unresolved height=1958 chain_height=3129 expected_hash=d75b74ab local_hash= local_source=none snapshot_missing=false
[WARN] consensus validator set unresolved height=1959 chain_height=3129 expected_hash=d75b74ab local_hash= local_source=none snapshot_missing=false
[WARN] consensus validator set unresolved height=1960 chain_height=3129 expected_hash=d75b74ab local_hash= local_source=none snapshot_missing=false
[WARN] consensus validator set unresolved height=1961 chain_height=3129 expected_hash=d75b74ab local_hash= local_source=none snapshot_missing=false
[WARN] consensus validator set unresolved height=1962 chain_height=3129 expected_hash=d75b74ab local_hash= local_source=none snapshot_missing=false
[WARN] consensus validator set unresolved height=1963 chain_height=3129 expected_hash=d75b74ab local_hash= local_source=none snapshot_missing=false
[WARN] consensus validator set unresolved height=1964 chain_height=3129 expected_hash=d75b74ab local_hash= local_source=none snapshot_missing=false
[WARN] consensus validator set unresolved height=1965 chain_height=3129 expected_hash=d75b74ab local_hash= local_source=none snapshot_missing=false
[WARN] consensus validator set unresolved height=1966 chain_height=3129 expected_hash=d75b74ab local_hash= local_source=none snapshot_missing=false
[WARN] consensus validator set unresolved height=1967 chain_height=3129 expected_hash=d75b74ab local_hash= local_source=none snapshot_missing=false
[WARN] consensus validator set unresolved height=1968 chain_height=3129 expected_hash=d75b74ab local_hash= local_source=none snapshot_missing=false
[WARN] consensus validator set unresolved height=1969 chain_height=3129 expected_hash=d75b74ab local_hash= local_source=none snapshot_missing=false
[WARN] consensus validator set unresolved height=1970 chain_height=3129 expected_hash=d75b74ab local_hash= local_source=none snapshot_missing=false
[WARN] consensus validator set unresolved height=1971 chain_height=3129 expected_hash=d75b74ab local_hash= local_source=none snapshot_missing=false
[WARN] consensus validator set unresolved height=1972 chain_height=3129 expected_hash=d75b74ab local_hash= local_source=none snapshot_missing=false
[WARN] consensus validator set unresolved height=1973 chain_height=3129 expected_hash=d75b74ab local_hash= local_source=none snapshot_missing=false
[WARN] consensus validator set unresolved height=1974 chain_height=3129 expected_hash=d75b74ab local_hash= local_source=none snapshot_missing=false
[WARN] consensus validator set unresolved height=1975 chain_height=3129 expected_hash=d75b74ab local_hash= local_source=none snapshot_missing=false
[WARN] consensus validator set unresolved height=1976 chain_height=3129 expected_hash=d75b74ab local_hash= local_source=none snapshot_missing=false
[WARN] consensus validator set unresolved height=1977 chain_height=3129 expected_hash=d75b74ab local_hash= local_source=none snapshot_missing=false
[WARN] consensus validator set unresolved height=1978 chain_height=3129 expected_hash=d75b74ab local_hash= local_source=none snapshot_missing=false
[WARN] consensus validator set unresolved height=1979 chain_height=3129 expected_hash=d75b74ab local_hash= local_source=none snapshot_missing=false
[WARN] consensus validator set unresolved height=1980 chain_height=3129 expected_hash=d75b74ab local_hash= local_source=none snapshot_missing=false
[WARN] consensus validator set unresolved height=1981 chain_height=3129 expected_hash=d75b74ab local_hash= local_source=none snapshot_missing=false
[WARN] consensus validator set unresolved height=1982 chain_height=3129 expected_hash=d75b74ab local_hash= local_source=none snapshot_missing=false
[WARN] consensus validator set unresolved height=1983 chain_height=3129 expected_hash=d75b74ab local_hash= local_source=none snapshot_missing=false
[WARN] consensus validator set unresolved height=1984 chain_height=3129 expected_hash=d75b74ab local_hash= local_source=none snapshot_missing=false
[WARN] consensus validator set unresolved height=1985 chain_height=3129 expected_hash=d75b74ab local_hash= local_source=none snapshot_missing=false
[WARN] consensus validator set unresolved height=1986 chain_height=3129 expected_hash=d75b74ab local_hash= local_source=none snapshot_missing=false
[WARN] consensus validator set unresolved height=1987 chain_height=3129 expected_hash=d75b74ab local_hash= local_source=none snapshot_missing=false
[WARN] consensus validator set unresolved height=1988 chain_height=3129 expected_hash=d75b74ab local_hash= local_source=none snapshot_missing=false
[WARN] consensus validator set unresolved height=1989 chain_height=3129 expected_hash=d75b74ab local_hash= local_source=none snapshot_missing=false
[WARN] consensus validator set unresolved height=1990 chain_height=3129 expected_hash=d75b74ab local_hash= local_source=none snapshot_missing=false
[WARN] consensus validator set unresolved height=1991 chain_height=3129 expected_hash=d75b74ab local_hash= local_source=none snapshot_missing=false
[WARN] consensus validator set unresolved height=1992 chain_height=3129 expected_hash=d75b74ab local_hash= local_source=none snapshot_missing=false
[WARN] consensus validator set unresolved height=1993 chain_height=3129 expected_hash=d75b74ab local_hash= local_source=none snapshot_missing=false
[WARN] consensus validator set unresolved height=1994 chain_height=3129 expected_hash=d75b74ab local_hash= local_source=none snapshot_missing=false
[WARN] consensus validator set unresolved height=1995 chain_height=3129 expected_hash=d75b74ab local_hash= local_source=none snapshot_missing=false
[WARN] consensus validator set unresolved height=1996 chain_height=3129 expected_hash=d75b74ab local_hash= local_source=none snapshot_missing=false
[WARN] consensus validator set unresolved height=1997 chain_height=3129 expected_hash=d75b74ab local_hash= local_source=none snapshot_missing=false
[WARN] consensus validator set unresolved height=1998 chain_height=3129 expected_hash=d75b74ab local_hash= local_source=none snapshot_missing=false
[WARN] consensus validator set unresolved height=1999 chain_height=3129 expected_hash=d75b74ab local_hash= local_source=none snapshot_missing=false
[WARN] consensus validator set unresolved height=2000 chain_height=3129 expected_hash=d75b74ab local_hash= local_source=none snapshot_missing=false
[WARN] consensus validator set unresolved height=2001 chain_height=3129 expected_hash=d75b74ab local_hash= local_source=none snapshot_missing=false
[WARN] consensus validator set unresolved height=2002 chain_height=3129 expected_hash=d75b74ab local_hash= local_source=none snapshot_missing=false
[WARN] consensus validator set unresolved height=2003 chain_height=3129 expected_hash=d75b74ab local_hash= local_source=none snapshot_missing=false
[WARN] consensus validator set unresolved height=2004 chain_height=3129 expected_hash=d75b74ab local_hash= local_source=none snapshot_missing=false
[WARN] consensus validator set unresolved height=2005 chain_height=3129 expected_hash=d75b74ab local_hash= local_source=none snapshot_missing=false
[WARN] consensus validator set unresolved height=2006 chain_height=3129 expected_hash=d75b74ab local_hash= local_source=none snapshot_missing=false
[WARN] consensus validator set unresolved height=2007 chain_height=3129 expected_hash=d75b74ab local_hash= local_source=none snapshot_missing=false
[WARN] consensus validator set unresolved height=2008 chain_height=3129 expected_hash=d75b74ab local_hash= local_source=none snapshot_missing=false
[WARN] consensus validator set unresolved height=2009 chain_height=3129 expected_hash=d75b74ab local_hash= local_source=none snapshot_missing=false
[WARN] consensus validator set unresolved height=2010 chain_height=3129 expected_hash=d75b74ab local_hash= local_source=none snapshot_missing=false
[WARN] consensus validator set unresolved height=2011 chain_height=3129 expected_hash=d75b74ab local_hash= local_source=none snapshot_missing=false
[WARN] consensus validator set unresolved height=2012 chain_height=3129 expected_hash=d75b74ab local_hash= local_source=none snapshot_missing=false
[WARN] consensus validator set unresolved height=2013 chain_height=3129 expected_hash=d75b74ab local_hash= local_source=none snapshot_missing=false
[WARN] consensus validator set unresolved height=2014 chain_height=3129 expected_hash=d75b74ab local_hash= local_source=none snapshot_missing=false
[WARN] consensus validator set unresolved height=2015 chain_height=3129 expected_hash=d75b74ab local_hash= local_source=none snapshot_missing=false
[WARN] consensus validator set unresolved height=2016 chain_height=3129 expected_hash=d75b74ab local_hash= local_source=none snapshot_missing=false
[WARN] consensus validator set unresolved height=2017 chain_height=3129 expected_hash=d75b74ab local_hash= local_source=none snapshot_missing=false
[WARN] consensus validator set unresolved height=2018 chain_height=3129 expected_hash=d75b74ab local_hash= local_source=none snapshot_missing=false
[WARN] consensus validator set unresolved height=2019 chain_height=3129 expected_hash=d75b74ab local_hash= local_source=none snapshot_missing=false
[WARN] consensus validator set unresolved height=2020 chain_height=3129 expected_hash=d75b74ab local_hash= local_source=none snapshot_missing=false
[WARN] consensus validator set unresolved height=2021 chain_height=3129 expected_hash=d75b74ab local_hash= local_source=none snapshot_missing=false
[WARN] consensus validator set unresolved height=2022 chain_height=3129 expected_hash=d75b74ab local_hash= local_source=none snapshot_missing=false
[WARN] consensus validator set unresolved height=2023 chain_height=3129 expected_hash=d75b74ab local_hash= local_source=none snapshot_missing=false
[WARN] consensus validator set unresolved height=2024 chain_height=3129 expected_hash=d75b74ab local_hash= local_source=none snapshot_missing=false
[WARN] consensus validator set unresolved height=2025 chain_height=3129 expected_hash=d75b74ab local_hash= local_source=none snapshot_missing=false
[WARN] consensus validator set unresolved height=2026 chain_height=3129 expected_hash=d75b74ab local_hash= local_source=none snapshot_missing=false
[WARN] consensus validator set unresolved height=2027 chain_height=3129 expected_hash=d75b74ab local_hash= local_source=none snapshot_missing=false
[WARN] consensus validator set unresolved height=2028 chain_height=3129 expected_hash=d75b74ab local_hash= local_source=none snapshot_missing=false
[WARN] consensus validator set unresolved height=2029 chain_height=3129 expected_hash=d75b74ab local_hash= local_source=none snapshot_missing=false
[WARN] consensus validator set unresolved height=2030 chain_height=3129 expected_hash=d75b74ab local_hash= local_source=none snapshot_missing=false
[WARN] consensus validator set unresolved height=2031 chain_height=3129 expected_hash=d75b74ab local_hash= local_source=none snapshot_missing=false
[WARN] consensus validator set unresolved height=2032 chain_height=3129 expected_hash=d75b74ab local_hash= local_source=none snapshot_missing=false
[WARN] consensus validator set unresolved height=2033 chain_height=3129 expected_hash=d75b74ab local_hash= local_source=none snapshot_missing=false
[WARN] consensus validator set unresolved height=2034 chain_height=3129 expected_hash=d75b74ab local_hash= local_source=none snapshot_missing=false
[WARN] consensus validator set unresolved height=2035 chain_height=3129 expected_hash=d75b74ab local_hash= local_source=none snapshot_missing=false
[WARN] consensus validator set unresolved height=2036 chain_height=3129 expected_hash=d75b74ab local_hash= local_source=none snapshot_missing=false
[WARN] consensus validator set unresolved height=2037 chain_height=3129 expected_hash=d75b74ab local_hash= local_source=none snapshot_missing=false
[WARN] consensus validator set unresolved height=2038 chain_height=3129 expected_hash=d75b74ab local_hash= local_source=none snapshot_missing=false
[WARN] consensus validator set unresolved height=2039 chain_height=3129 expected_hash=d75b74ab local_hash= local_source=none snapshot_missing=false
[WARN] consensus validator set unresolved height=2040 chain_height=3129 expected_hash=d75b74ab local_hash= local_source=none snapshot_missing=false
[WARN] consensus validator set unresolved height=2041 chain_height=3129 expected_hash=d75b74ab local_hash= local_source=none snapshot_missing=false
[WARN] consensus validator set unresolved height=2042 chain_height=3129 expected_hash=d75b74ab local_hash= local_source=none snapshot_missing=false
[WARN] consensus validator set unresolved height=2043 chain_height=3129 expected_hash=d75b74ab local_hash= local_source=none snapshot_missing=false
[WARN] consensus validator set unresolved height=2044 chain_height=3129 expected_hash=d75b74ab local_hash= local_source=none snapshot_missing=false
[WARN] consensus validator set unresolved height=2045 chain_height=3129 expected_hash=d75b74ab local_hash= local_source=none snapshot_missing=false
[WARN] consensus validator set unresolved height=2046 chain_height=3129 expected_hash=d75b74ab local_hash= local_source=none snapshot_missing=false
[WARN] consensus validator set unresolved height=2047 chain_height=3129 expected_hash=d75b74ab local_hash= local_source=none snapshot_missing=false
[WARN] consensus validator set unresolved height=2048 chain_height=3129 expected_hash=d75b74ab local_hash= local_source=none snapshot_missing=false
[WARN] consensus validator set unresolved height=2049 chain_height=3129 expected_hash=d75b74ab local_hash= local_source=none snapshot_missing=false
[WARN] consensus validator set unresolved height=2050 chain_height=3129 expected_hash=d75b74ab local_hash= local_source=none snapshot_missing=false
[WARN] consensus validator set unresolved height=2051 chain_height=3129 expected_hash=d75b74ab local_hash= local_source=none snapshot_missing=false
[WARN] consensus validator set unresolved height=2052 chain_height=3129 expected_hash=d75b74ab local_hash= local_source=none snapshot_missing=false
[WARN] consensus validator set unresolved height=2053 chain_height=3129 expected_hash=d75b74ab local_hash= local_source=none snapshot_missing=false
[WARN] consensus validator set unresolved height=2054 chain_height=3129 expected_hash=d75b74ab local_hash= local_source=none snapshot_missing=false
[WARN] consensus validator set unresolved height=2055 chain_height=3129 expected_hash=d75b74ab local_hash= local_source=none snapshot_missing=false
[WARN] consensus validator set unresolved height=2056 chain_height=3129 expected_hash=d75b74ab local_hash= local_source=none snapshot_missing=false
[WARN] consensus validator set unresolved height=2057 chain_height=3129 expected_hash=d75b74ab local_hash= local_source=none snapshot_missing=false
[WARN] consensus validator set unresolved height=2058 chain_height=3129 expected_hash=d75b74ab local_hash= local_source=none snapshot_missing=false
[WARN] consensus validator set unresolved height=2059 chain_height=3129 expected_hash=d75b74ab local_hash= local_source=none snapshot_missing=false
[WARN] consensus validator set unresolved height=2060 chain_height=3129 expected_hash=d75b74ab local_hash= local_source=none snapshot_missing=false
[WARN] consensus validator set unresolved height=2061 chain_height=3129 expected_hash=d75b74ab local_hash= local_source=none snapshot_missing=false
[WARN] consensus validator set unresolved height=2062 chain_height=3129 expected_hash=d75b74ab local_hash= local_source=none snapshot_missing=false
[WARN] consensus validator set unresolved height=2063 chain_height=3129 expected_hash=d75b74ab local_hash= local_source=none snapshot_missing=false
[WARN] consensus validator set unresolved height=2064 chain_height=3129 expected_hash=d75b74ab local_hash= local_source=none snapshot_missing=false
[WARN] consensus validator set unresolved height=2065 chain_height=3129 expected_hash=d75b74ab local_hash= local_source=none snapshot_missing=false
[WARN] consensus validator set unresolved height=2066 chain_height=3129 expected_hash=d75b74ab local_hash= local_source=none snapshot_missing=false
[WARN] consensus validator set unresolved height=2067 chain_height=3129 expected_hash=d75b74ab local_hash= local_source=none snapshot_missing=false
[WARN] consensus validator set unresolved height=2068 chain_height=3129 expected_hash=d75b74ab local_hash= local_source=none snapshot_missing=false
[WARN] consensus validator set unresolved height=2069 chain_height=3129 expected_hash=d75b74ab local_hash= local_source=none snapshot_missing=false
[WARN] consensus validator set unresolved height=2070 chain_height=3129 expected_hash=d75b74ab local_hash= local_source=none snapshot_missing=false
[WARN] consensus validator set unresolved height=2071 chain_height=3129 expected_hash=d75b74ab local_hash= local_source=none snapshot_missing=false
[WARN] consensus validator set unresolved height=2072 chain_height=3129 expected_hash=d75b74ab local_hash= local_source=none snapshot_missing=false
[WARN] consensus validator set unresolved height=2073 chain_height=3129 expected_hash=d75b74ab local_hash= local_source=none snapshot_missing=false
[WARN] consensus validator set unresolved height=2074 chain_height=3129 expected_hash=d75b74ab local_hash= local_source=none snapshot_missing=false
[WARN] consensus validator set unresolved height=2075 chain_height=3129 expected_hash=d75b74ab local_hash= local_source=none snapshot_missing=false
[WARN] consensus validator set unresolved height=2076 chain_height=3129 expected_hash=d75b74ab local_hash= local_source=none snapshot_missing=false
[WARN] consensus validator set unresolved height=2077 chain_height=3129 expected_hash=d75b74ab local_hash= local_source=none snapshot_missing=false
[WARN] consensus validator set unresolved height=2078 chain_height=3129 expected_hash=d75b74ab local_hash= local_source=none snapshot_missing=false
[WARN] consensus validator set unresolved height=2079 chain_height=3129 expected_hash=d75b74ab local_hash= local_source=none snapshot_missing=false
[WARN] consensus validator set unresolved height=2080 chain_height=3129 expected_hash=d75b74ab local_hash= local_source=none snapshot_missing=false
[WARN] consensus validator set unresolved height=2081 chain_height=3129 expected_hash=d75b74ab local_hash= local_source=none snapshot_missing=false
[WARN] consensus validator set unresolved height=2082 chain_height=3129 expected_hash=d75b74ab local_hash= local_source=none snapshot_missing=false
[WARN] consensus validator set unresolved height=2083 chain_height=3129 expected_hash=d75b74ab local_hash= local_source=none snapshot_missing=false
[WARN] consensus validator set unresolved height=2084 chain_height=3129 expected_hash=d75b74ab local_hash= local_source=none snapshot_missing=false
[WARN] consensus validator set unresolved height=2085 chain_height=3129 expected_hash=d75b74ab local_hash= local_source=none snapshot_missing=false
[WARN] consensus validator set unresolved height=2086 chain_height=3129 expected_hash=d75b74ab local_hash= local_source=none snapshot_missing=false
[WARN] consensus validator set unresolved height=2087 chain_height=3129 expected_hash=d75b74ab local_hash= local_source=none snapshot_missing=false
[WARN] consensus validator set unresolved height=2088 chain_height=3129 expected_hash=d75b74ab local_hash= local_source=none snapshot_missing=false
[WARN] consensus validator set unresolved height=2089 chain_height=3129 expected_hash=d75b74ab local_hash= local_source=none snapshot_missing=false
[WARN] consensus validator set unresolved height=2090 chain_height=3129 expected_hash=d75b74ab local_hash= local_source=none snapshot_missing=false
[WARN] consensus validator set unresolved height=2091 chain_height=3129 expected_hash=d75b74ab local_hash= local_source=none snapshot_missing=false
[WARN] consensus validator set unresolved height=2092 chain_height=3129 expected_hash=d75b74ab local_hash= local_source=none snapshot_missing=false
[WARN] consensus validator set unresolved height=2093 chain_height=3129 expected_hash=d75b74ab local_hash= local_source=none snapshot_missing=false
[WARN] consensus validator set unresolved height=2094 chain_height=3129 expected_hash=d75b74ab local_hash= local_source=none snapshot_missing=false
[WARN] consensus validator set unresolved height=2095 chain_height=3129 expected_hash=d75b74ab local_hash= local_source=none snapshot_missing=false
[WARN] consensus validator set unresolved height=2096 chain_height=3129 expected_hash=d75b74ab local_hash= local_source=none snapshot_missing=false
[WARN] consensus validator set unresolved height=2097 chain_height=3129 expected_hash=d75b74ab local_hash= local_source=none snapshot_missing=false
[WARN] consensus validator set unresolved height=2098 chain_height=3129 expected_hash=d75b74ab local_hash= local_source=none snapshot_missing=false
[WARN] consensus validator set unresolved height=2099 chain_height=3129 expected_hash=d75b74ab local_hash= local_source=none snapshot_missing=false
[WARN] consensus validator set unresolved height=2100 chain_height=3129 expected_hash=d75b74ab local_hash= local_source=none snapshot_missing=false
[WARN] consensus validator set unresolved height=2101 chain_height=3129 expected_hash=d75b74ab local_hash= local_source=none snapshot_missing=false
[WARN] consensus validator set unresolved height=2102 chain_height=3129 expected_hash=d75b74ab local_hash= local_source=none snapshot_missing=false
[WARN] consensus validator set unresolved height=2103 chain_height=3129 expected_hash=d75b74ab local_hash= local_source=none snapshot_missing=false
[WARN] consensus validator set unresolved height=2104 chain_height=3129 expected_hash=d75b74ab local_hash= local_source=none snapshot_missing=false
[WARN] consensus validator set unresolved height=2105 chain_height=3129 expected_hash=d75b74ab local_hash= local_source=none snapshot_missing=false
[WARN] consensus validator set unresolved height=2106 chain_height=3129 expected_hash=d75b74ab local_hash= local_source=none snapshot_missing=false
[WARN] consensus validator set unresolved height=2107 chain_height=3129 expected_hash=d75b74ab local_hash= local_source=none snapshot_missing=false
[WARN] consensus validator set unresolved height=2108 chain_height=3129 expected_hash=d75b74ab local_hash= local_source=none snapshot_missing=false
[WARN] consensus validator set unresolved height=2109 chain_height=3129 expected_hash=d75b74ab local_hash= local_source=none snapshot_missing=false
[WARN] consensus validator set unresolved height=2110 chain_height=3129 expected_hash=d75b74ab local_hash= local_source=none snapshot_missing=false
[WARN] consensus validator set unresolved height=2111 chain_height=3129 expected_hash=d75b74ab local_hash= local_source=none snapshot_missing=false
[WARN] consensus validator set unresolved height=2112 chain_height=3129 expected_hash=d75b74ab local_hash= local_source=none snapshot_missing=false
[WARN] consensus validator set unresolved height=2113 chain_height=3129 expected_hash=d75b74ab local_hash= local_source=none snapshot_missing=false
[WARN] consensus validator set unresolved height=2114 chain_height=3129 expected_hash=d75b74ab local_hash= local_source=none snapshot_missing=false
[WARN] consensus validator set unresolved height=2115 chain_height=3129 expected_hash=d75b74ab local_hash= local_source=none snapshot_missing=false
[WARN] consensus validator set unresolved height=2116 chain_height=3129 expected_hash=d75b74ab local_hash= local_source=none snapshot_missing=false
[WARN] consensus validator set unresolved height=2117 chain_height=3129 expected_hash=d75b74ab local_hash= local_source=none snapshot_missing=false
[WARN] consensus validator set unresolved height=2118 chain_height=3129 expected_hash=d75b74ab local_hash= local_source=none snapshot_missing=false
[WARN] consensus validator set unresolved height=2119 chain_height=3129 expected_hash=d75b74ab local_hash= local_source=none snapshot_missing=false
[WARN] consensus validator set unresolved height=2120 chain_height=3129 expected_hash=d75b74ab local_hash= local_source=none snapshot_missing=false
[WARN] consensus validator set unresolved height=2121 chain_height=3129 expected_hash=d75b74ab local_hash= local_source=none snapshot_missing=false
[WARN] consensus validator set unresolved height=2122 chain_height=3129 expected_hash=d75b74ab local_hash= local_source=none snapshot_missing=false
[WARN] consensus validator set unresolved height=2123 chain_height=3129 expected_hash=d75b74ab local_hash= local_source=none snapshot_missing=false
[WARN] consensus validator set unresolved height=2124 chain_height=3129 expected_hash=d75b74ab local_hash= local_source=none snapshot_missing=false
[COMMITTEE] height=2125 size=4 target=4 hash=34a93d19
[SET-FREEZE] height=2125 vhash=34a93d19 size=4
2026/05/20 23:21:29 [REGISTRY-HISTORY-REBUILD] height=3129 status=scheduled reason=consensus_set_unresolved
[WARN] consensus validator set unresolved height=2461 chain_height=3129 expected_hash=d75b74ab local_hash= local_source=none snapshot_missing=false
2026/05/20 23:21:29 [REGISTRY-HISTORY-REBUILD] height=3129 status=started reason=consensus_set_unresolved
[WARN] consensus validator set unresolved height=2462 chain_height=3129 expected_hash=d75b74ab local_hash= local_source=none snapshot_missing=false
2026/05/20 23:21:29 [REGISTRY-HISTORY-REBUILD] height=3129 status=ok reason=consensus_set_unresolved
[WARN] consensus validator set unresolved height=2463 chain_height=3129 expected_hash=d75b74ab local_hash= local_source=none snapshot_missing=false
[WARN] consensus validator set unresolved height=2464 chain_height=3129 expected_hash=d75b74ab local_hash= local_source=none snapshot_missing=false
[WARN] consensus validator set unresolved height=2465 chain_height=3129 expected_hash=d75b74ab local_hash= local_source=none snapshot_missing=false
[WARN] consensus validator set unresolved height=2466 chain_height=3129 expected_hash=d75b74ab local_hash= local_source=none snapshot_missing=false
[WARN] consensus validator set unresolved height=2467 chain_height=3129 expected_hash=d75b74ab local_hash= local_source=none snapshot_missing=false
[WARN] consensus validator set unresolved height=2468 chain_height=3129 expected_hash=d75b74ab local_hash= local_source=none snapshot_missing=false
[WARN] consensus validator set unresolved height=2469 chain_height=3129 expected_hash=d75b74ab local_hash= local_source=none snapshot_missing=false
[WARN] consensus validator set unresolved height=2470 chain_height=3129 expected_hash=d75b74ab local_hash= local_source=none snapshot_missing=false
[WARN] consensus validator set unresolved height=2471 chain_height=3129 expected_hash=d75b74ab local_hash= local_source=none snapshot_missing=false
[WARN] consensus validator set unresolved height=2472 chain_height=3129 expected_hash=d75b74ab local_hash= local_source=none snapshot_missing=false
[WARN] consensus validator set unresolved height=2473 chain_height=3129 expected_hash=d75b74ab local_hash= local_source=none snapshot_missing=false
[WARN] consensus validator set unresolved height=2474 chain_height=3129 expected_hash=d75b74ab local_hash= local_source=none snapshot_missing=false
[WARN] consensus validator set unresolved height=2475 chain_height=3129 expected_hash=d75b74ab local_hash= local_source=none snapshot_missing=false
[WARN] consensus validator set unresolved height=2476 chain_height=3129 expected_hash=d75b74ab local_hash= local_source=none snapshot_missing=false
[WARN] consensus validator set unresolved height=2477 chain_height=3129 expected_hash=d75b74ab local_hash= local_source=none snapshot_missing=false
[WARN] consensus validator set unresolved height=2478 chain_height=3129 expected_hash=d75b74ab local_hash= local_source=none snapshot_missing=false
[WARN] consensus validator set unresolved height=2479 chain_height=3129 expected_hash=d75b74ab local_hash= local_source=none snapshot_missing=false
[WARN] consensus validator set unresolved height=2480 chain_height=3129 expected_hash=d75b74ab local_hash= local_source=none snapshot_missing=false
[WARN] consensus validator set unresolved height=2481 chain_height=3129 expected_hash=d75b74ab local_hash= local_source=none snapshot_missing=false
[WARN] consensus validator set unresolved height=2482 chain_height=3129 expected_hash=d75b74ab local_hash= local_source=none snapshot_missing=false
[WARN] consensus validator set unresolved height=2483 chain_height=3129 expected_hash=d75b74ab local_hash= local_source=none snapshot_missing=false
[WARN] consensus validator set unresolved height=2484 chain_height=3129 expected_hash=d75b74ab local_hash= local_source=none snapshot_missing=false
[WARN] consensus validator set unresolved height=2485 chain_height=3129 expected_hash=d75b74ab local_hash= local_source=none snapshot_missing=false
[WARN] consensus validator set unresolved height=2486 chain_height=3129 expected_hash=d75b74ab local_hash= local_source=none snapshot_missing=false
[WARN] consensus validator set unresolved height=2487 chain_height=3129 expected_hash=d75b74ab local_hash= local_source=none snapshot_missing=false
[WARN] consensus validator set unresolved height=2488 chain_height=3129 expected_hash=d75b74ab local_hash= local_source=none snapshot_missing=false
[WARN] consensus validator set unresolved height=2489 chain_height=3129 expected_hash=d75b74ab local_hash= local_source=none snapshot_missing=false
[WARN] consensus validator set unresolved height=2490 chain_height=3129 expected_hash=d75b74ab local_hash= local_source=none snapshot_missing=false
[WARN] consensus validator set unresolved height=2491 chain_height=3129 expected_hash=d75b74ab local_hash= local_source=none snapshot_missing=false
[WARN] consensus validator set unresolved height=2492 chain_height=3129 expected_hash=d75b74ab local_hash= local_source=none snapshot_missing=false
[WARN] consensus validator set unresolved height=2493 chain_height=3129 expected_hash=d75b74ab local_hash= local_source=none snapshot_missing=false
[WARN] consensus validator set unresolved height=2494 chain_height=3129 expected_hash=d75b74ab local_hash= local_source=none snapshot_missing=false
[WARN] consensus validator set unresolved height=2495 chain_height=3129 expected_hash=d75b74ab local_hash= local_source=none snapshot_missing=false
[WARN] consensus validator set unresolved height=2496 chain_height=3129 expected_hash=d75b74ab local_hash= local_source=none snapshot_missing=false
[WARN] consensus validator set unresolved height=2497 chain_height=3129 expected_hash=d75b74ab local_hash= local_source=none snapshot_missing=false
[WARN] consensus validator set unresolved height=2498 chain_height=3129 expected_hash=d75b74ab local_hash= local_source=none snapshot_missing=false
[WARN] consensus validator set unresolved height=2499 chain_height=3129 expected_hash=d75b74ab local_hash= local_source=none snapshot_missing=false
[WARN] consensus validator set unresolved height=2500 chain_height=3129 expected_hash=d75b74ab local_hash= local_source=none snapshot_missing=false
[WARN] consensus validator set unresolved height=2501 chain_height=3129 expected_hash=d75b74ab local_hash= local_source=none snapshot_missing=false
[WARN] consensus validator set unresolved height=2502 chain_height=3129 expected_hash=d75b74ab local_hash= local_source=none snapshot_missing=false
[WARN] consensus validator set unresolved height=2503 chain_height=3129 expected_hash=d75b74ab local_hash= local_source=none snapshot_missing=false
[WARN] consensus validator set unresolved height=2504 chain_height=3129 expected_hash=d75b74ab local_hash= local_source=none snapshot_missing=false
[WARN] consensus validator set unresolved height=2505 chain_height=3129 expected_hash=d75b74ab local_hash= local_source=none snapshot_missing=false
[WARN] consensus validator set unresolved height=2506 chain_height=3129 expected_hash=d75b74ab local_hash= local_source=none snapshot_missing=false
[WARN] consensus validator set unresolved height=2507 chain_height=3129 expected_hash=d75b74ab local_hash= local_source=none snapshot_missing=false
[WARN] consensus validator set unresolved height=2508 chain_height=3129 expected_hash=d75b74ab local_hash= local_source=none snapshot_missing=false
[WARN] consensus validator set unresolved height=2509 chain_height=3129 expected_hash=d75b74ab local_hash= local_source=none snapshot_missing=false
[WARN] consensus validator set unresolved height=2510 chain_height=3129 expected_hash=d75b74ab local_hash= local_source=none snapshot_missing=false
[WARN] consensus validator set unresolved height=2511 chain_height=3129 expected_hash=d75b74ab local_hash= local_source=none snapshot_missing=false
[WARN] consensus validator set unresolved height=2512 chain_height=3129 expected_hash=d75b74ab local_hash= local_source=none snapshot_missing=false
[WARN] consensus validator set unresolved height=2513 chain_height=3129 expected_hash=d75b74ab local_hash= local_source=none snapshot_missing=false
[WARN] consensus validator set unresolved height=2514 chain_height=3129 expected_hash=d75b74ab local_hash= local_source=none snapshot_missing=false
[WARN] consensus validator set unresolved height=2515 chain_height=3129 expected_hash=d75b74ab local_hash= local_source=none snapshot_missing=false
[WARN] consensus validator set unresolved height=2516 chain_height=3129 expected_hash=d75b74ab local_hash= local_source=none snapshot_missing=false
[WARN] consensus validator set unresolved height=2517 chain_height=3129 expected_hash=d75b74ab local_hash= local_source=none snapshot_missing=false
[WARN] consensus validator set unresolved height=2518 chain_height=3129 expected_hash=d75b74ab local_hash= local_source=none snapshot_missing=false
[WARN] consensus validator set unresolved height=2519 chain_height=3129 expected_hash=d75b74ab local_hash= local_source=none snapshot_missing=false
[WARN] consensus validator set unresolved height=2520 chain_height=3129 expected_hash=d75b74ab local_hash= local_source=none snapshot_missing=false
[WARN] consensus validator set unresolved height=2521 chain_height=3129 expected_hash=d75b74ab local_hash= local_source=none snapshot_missing=false
[WARN] consensus validator set unresolved height=2522 chain_height=3129 expected_hash=d75b74ab local_hash= local_source=none snapshot_missing=false
[WARN] consensus validator set unresolved height=2523 chain_height=3129 expected_hash=d75b74ab local_hash= local_source=none snapshot_missing=false
[WARN] consensus validator set unresolved height=2524 chain_height=3129 expected_hash=d75b74ab local_hash= local_source=none snapshot_missing=false
[WARN] consensus validator set unresolved height=2525 chain_height=3129 expected_hash=d75b74ab local_hash= local_source=none snapshot_missing=false
[WARN] consensus validator set unresolved height=2526 chain_height=3129 expected_hash=d75b74ab local_hash= local_source=none snapshot_missing=false
[WARN] consensus validator set unresolved height=2527 chain_height=3129 expected_hash=d75b74ab local_hash= local_source=none snapshot_missing=false
[WARN] consensus validator set unresolved height=2528 chain_height=3129 expected_hash=d75b74ab local_hash= local_source=none snapshot_missing=false
[WARN] consensus validator set unresolved height=2529 chain_height=3129 expected_hash=d75b74ab local_hash= local_source=none snapshot_missing=false
[WARN] consensus validator set unresolved height=2530 chain_height=3129 expected_hash=d75b74ab local_hash= local_source=none snapshot_missing=false
[WARN] consensus validator set unresolved height=2531 chain_height=3129 expected_hash=d75b74ab local_hash= local_source=none snapshot_missing=false
[WARN] consensus validator set unresolved height=2532 chain_height=3129 expected_hash=d75b74ab local_hash= local_source=none snapshot_missing=false
[WARN] consensus validator set unresolved height=2533 chain_height=3129 expected_hash=d75b74ab local_hash= local_source=none snapshot_missing=false
[WARN] consensus validator set unresolved height=2534 chain_height=3129 expected_hash=d75b74ab local_hash= local_source=none snapshot_missing=false
[WARN] consensus validator set unresolved height=2535 chain_height=3129 expected_hash=d75b74ab local_hash= local_source=none snapshot_missing=false
[WARN] consensus validator set unresolved height=2536 chain_height=3129 expected_hash=d75b74ab local_hash= local_source=none snapshot_missing=false
[WARN] consensus validator set unresolved height=2537 chain_height=3129 expected_hash=d75b74ab local_hash= local_source=none snapshot_missing=false
[WARN] consensus validator set unresolved height=2538 chain_height=3129 expected_hash=d75b74ab local_hash= local_source=none snapshot_missing=false
[WARN] consensus validator set unresolved height=2539 chain_height=3129 expected_hash=d75b74ab local_hash= local_source=none snapshot_missing=false
[WARN] consensus validator set unresolved height=2540 chain_height=3129 expected_hash=d75b74ab local_hash= local_source=none snapshot_missing=false
[WARN] consensus validator set unresolved height=2541 chain_height=3129 expected_hash=d75b74ab local_hash= local_source=none snapshot_missing=false
[WARN] consensus validator set unresolved height=2542 chain_height=3129 expected_hash=d75b74ab local_hash= local_source=none snapshot_missing=false
[WARN] consensus validator set unresolved height=2543 chain_height=3129 expected_hash=d75b74ab local_hash= local_source=none snapshot_missing=false
[WARN] consensus validator set unresolved height=2544 chain_height=3129 expected_hash=d75b74ab local_hash= local_source=none snapshot_missing=false
[WARN] consensus validator set unresolved height=2545 chain_height=3129 expected_hash=d75b74ab local_hash= local_source=none snapshot_missing=false
[WARN] consensus validator set unresolved height=2546 chain_height=3129 expected_hash=d75b74ab local_hash= local_source=none snapshot_missing=false
[WARN] consensus validator set unresolved height=2547 chain_height=3129 expected_hash=d75b74ab local_hash= local_source=none snapshot_missing=false
[WARN] consensus validator set unresolved height=2548 chain_height=3129 expected_hash=d75b74ab local_hash= local_source=none snapshot_missing=false
[WARN] consensus validator set unresolved height=2549 chain_height=3129 expected_hash=d75b74ab local_hash= local_source=none snapshot_missing=false
[WARN] consensus validator set unresolved height=2550 chain_height=3129 expected_hash=d75b74ab local_hash= local_source=none snapshot_missing=false
[WARN] consensus validator set unresolved height=2551 chain_height=3129 expected_hash=d75b74ab local_hash= local_source=none snapshot_missing=false
[WARN] consensus validator set unresolved height=2552 chain_height=3129 expected_hash=d75b74ab local_hash= local_source=none snapshot_missing=false
[WARN] consensus validator set unresolved height=2553 chain_height=3129 expected_hash=d75b74ab local_hash= local_source=none snapshot_missing=false
[WARN] consensus validator set unresolved height=2554 chain_height=3129 expected_hash=d75b74ab local_hash= local_source=none snapshot_missing=false
[WARN] consensus validator set unresolved height=2555 chain_height=3129 expected_hash=d75b74ab local_hash= local_source=none snapshot_missing=false
[WARN] consensus validator set unresolved height=2556 chain_height=3129 expected_hash=d75b74ab local_hash= local_source=none snapshot_missing=false
[WARN] consensus validator set unresolved height=2557 chain_height=3129 expected_hash=d75b74ab local_hash= local_source=none snapshot_missing=false
[WARN] consensus validator set unresolved height=2558 chain_height=3129 expected_hash=d75b74ab local_hash= local_source=none snapshot_missing=false
[WARN] consensus validator set unresolved height=2559 chain_height=3129 expected_hash=d75b74ab local_hash= local_source=none snapshot_missing=false
[WARN] consensus validator set unresolved height=2560 chain_height=3129 expected_hash=d75b74ab local_hash= local_source=none snapshot_missing=false
[WARN] consensus validator set unresolved height=2561 chain_height=3129 expected_hash=d75b74ab local_hash= local_source=none snapshot_missing=false
[WARN] consensus validator set unresolved height=2562 chain_height=3129 expected_hash=d75b74ab local_hash= local_source=none snapshot_missing=false
[WARN] consensus validator set unresolved height=2563 chain_height=3129 expected_hash=d75b74ab local_hash= local_source=none snapshot_missing=false
[WARN] consensus validator set unresolved height=2564 chain_height=3129 expected_hash=d75b74ab local_hash= local_source=none snapshot_missing=false
[WARN] consensus validator set unresolved height=2565 chain_height=3129 expected_hash=d75b74ab local_hash= local_source=none snapshot_missing=false
[WARN] consensus validator set unresolved height=2566 chain_height=3129 expected_hash=d75b74ab local_hash= local_source=none snapshot_missing=false
[WARN] consensus validator set unresolved height=2567 chain_height=3129 expected_hash=d75b74ab local_hash= local_source=none snapshot_missing=false
[WARN] consensus validator set unresolved height=2568 chain_height=3129 expected_hash=d75b74ab local_hash= local_source=none snapshot_missing=false
[WARN] consensus validator set unresolved height=2569 chain_height=3129 expected_hash=d75b74ab local_hash= local_source=none snapshot_missing=false
[WARN] consensus validator set unresolved height=2570 chain_height=3129 expected_hash=d75b74ab local_hash= local_source=none snapshot_missing=false
[WARN] consensus validator set unresolved height=2571 chain_height=3129 expected_hash=d75b74ab local_hash= local_source=none snapshot_missing=false
[WARN] consensus validator set unresolved height=2572 chain_height=3129 expected_hash=d75b74ab local_hash= local_source=none snapshot_missing=false
[WARN] consensus validator set unresolved height=2573 chain_height=3129 expected_hash=d75b74ab local_hash= local_source=none snapshot_missing=false
[WARN] consensus validator set unresolved height=2574 chain_height=3129 expected_hash=d75b74ab local_hash= local_source=none snapshot_missing=false
[WARN] consensus validator set unresolved height=2575 chain_height=3129 expected_hash=d75b74ab local_hash= local_source=none snapshot_missing=false
[WARN] consensus validator set unresolved height=2576 chain_height=3129 expected_hash=d75b74ab local_hash= local_source=none snapshot_missing=false
[WARN] consensus validator set unresolved height=2577 chain_height=3129 expected_hash=d75b74ab local_hash= local_source=none snapshot_missing=false
[WARN] consensus validator set unresolved height=2578 chain_height=3129 expected_hash=d75b74ab local_hash= local_source=none snapshot_missing=false
[WARN] consensus validator set unresolved height=2579 chain_height=3129 expected_hash=d75b74ab local_hash= local_source=none snapshot_missing=false
[WARN] consensus validator set unresolved height=2580 chain_height=3129 expected_hash=d75b74ab local_hash= local_source=none snapshot_missing=false
[WARN] consensus validator set unresolved height=2581 chain_height=3129 expected_hash=d75b74ab local_hash= local_source=none snapshot_missing=false
[WARN] consensus validator set unresolved height=2582 chain_height=3129 expected_hash=d75b74ab local_hash= local_source=none snapshot_missing=false
[WARN] consensus validator set unresolved height=2583 chain_height=3129 expected_hash=d75b74ab local_hash= local_source=none snapshot_missing=false
[WARN] consensus validator set unresolved height=2584 chain_height=3129 expected_hash=d75b74ab local_hash= local_source=none snapshot_missing=false
[WARN] consensus validator set unresolved height=2585 chain_height=3129 expected_hash=d75b74ab local_hash= local_source=none snapshot_missing=false
[WARN] consensus validator set unresolved height=2586 chain_height=3129 expected_hash=d75b74ab local_hash= local_source=none snapshot_missing=false
[WARN] consensus validator set unresolved height=2587 chain_height=3129 expected_hash=d75b74ab local_hash= local_source=none snapshot_missing=false
[WARN] consensus validator set unresolved height=2588 chain_height=3129 expected_hash=d75b74ab local_hash= local_source=none snapshot_missing=false
[WARN] consensus validator set unresolved height=2589 chain_height=3129 expected_hash=d75b74ab local_hash= local_source=none snapshot_missing=false
[WARN] consensus validator set unresolved height=2590 chain_height=3129 expected_hash=d75b74ab local_hash= local_source=none snapshot_missing=false
[WARN] consensus validator set unresolved height=2591 chain_height=3129 expected_hash=d75b74ab local_hash= local_source=none snapshot_missing=false
[WARN] consensus validator set unresolved height=2592 chain_height=3129 expected_hash=d75b74ab local_hash= local_source=none snapshot_missing=false
[WARN] consensus validator set unresolved height=2593 chain_height=3129 expected_hash=d75b74ab local_hash= local_source=none snapshot_missing=false
[WARN] consensus validator set unresolved height=2594 chain_height=3129 expected_hash=d75b74ab local_hash= local_source=none snapshot_missing=false
[WARN] consensus validator set unresolved height=2595 chain_height=3129 expected_hash=d75b74ab local_hash= local_source=none snapshot_missing=false
[WARN] consensus validator set unresolved height=2596 chain_height=3129 expected_hash=d75b74ab local_hash= local_source=none snapshot_missing=false
[WARN] consensus validator set unresolved height=2597 chain_height=3129 expected_hash=d75b74ab local_hash= local_source=none snapshot_missing=false
[WARN] consensus validator set unresolved height=2598 chain_height=3129 expected_hash=d75b74ab local_hash= local_source=none snapshot_missing=false
[WARN] consensus validator set unresolved height=2599 chain_height=3129 expected_hash=d75b74ab local_hash= local_source=none snapshot_missing=false
[WARN] consensus validator set unresolved height=2600 chain_height=3129 expected_hash=d75b74ab local_hash= local_source=none snapshot_missing=false
[COMMITTEE] height=2601 size=4 target=4 hash=34a93d19
[SET-FREEZE] height=2601 vhash=34a93d19 size=4
[WARN] consensus validator set unresolved height=2610 chain_height=3129 expected_hash=d75b74ab local_hash= local_source=none snapshot_missing=false
[COMMITTEE] height=2611 size=4 target=4 hash=34a93d19
[SET-FREEZE] height=2611 vhash=34a93d19 size=4
[WARN] consensus validator set unresolved height=2612 chain_height=3129 expected_hash=d75b74ab local_hash= local_source=none snapshot_missing=false
[WARN] consensus validator set unresolved height=2613 chain_height=3129 expected_hash=d75b74ab local_hash= local_source=none snapshot_missing=false
[WARN] consensus validator set unresolved height=2614 chain_height=3129 expected_hash=d75b74ab local_hash= local_source=none snapshot_missing=false
[WARN] consensus validator set unresolved height=2615 chain_height=3129 expected_hash=d75b74ab local_hash= local_source=none snapshot_missing=false
[WARN] consensus validator set unresolved height=2616 chain_height=3129 expected_hash=d75b74ab local_hash= local_source=none snapshot_missing=false
[WARN] consensus validator set unresolved height=2617 chain_height=3129 expected_hash=d75b74ab local_hash= local_source=none snapshot_missing=false
[WARN] consensus validator set unresolved height=2618 chain_height=3129 expected_hash=d75b74ab local_hash= local_source=none snapshot_missing=false
[WARN] consensus validator set unresolved height=2619 chain_height=3129 expected_hash=d75b74ab local_hash= local_source=none snapshot_missing=false
[WARN] consensus validator set unresolved height=2620 chain_height=3129 expected_hash=d75b74ab local_hash= local_source=none snapshot_missing=false
[COMMITTEE] height=2621 size=4 target=4 hash=34a93d19
[SET-FREEZE] height=2621 vhash=34a93d19 size=4
[WARN] consensus validator set unresolved height=2622 chain_height=3129 expected_hash=d75b74ab local_hash= local_source=none snapshot_missing=false
[WARN] consensus validator set unresolved height=2623 chain_height=3129 expected_hash=d75b74ab local_hash= local_source=none snapshot_missing=false
[WARN] consensus validator set unresolved height=2624 chain_height=3129 expected_hash=d75b74ab local_hash= local_source=none snapshot_missing=false
[COMMITTEE] height=2625 size=4 target=4 hash=34a93d19
[SET-FREEZE] height=2625 vhash=34a93d19 size=4
[WARN] consensus validator set unresolved height=2626 chain_height=3129 expected_hash=d75b74ab local_hash= local_source=none snapshot_missing=false
[WARN] consensus validator set unresolved height=2627 chain_height=3129 expected_hash=d75b74ab local_hash= local_source=none snapshot_missing=false
[WARN] consensus validator set unresolved height=2628 chain_height=3129 expected_hash=d75b74ab local_hash= local_source=none snapshot_missing=false
[WARN] consensus validator set unresolved height=2629 chain_height=3129 expected_hash=d75b74ab local_hash= local_source=none snapshot_missing=false
[WARN] consensus validator set unresolved height=2630 chain_height=3129 expected_hash=d75b74ab local_hash= local_source=none snapshot_missing=false
[COMMITTEE] height=2631 size=4 target=4 hash=34a93d19
[SET-FREEZE] height=2631 vhash=34a93d19 size=4
[WARN] consensus validator set unresolved height=2632 chain_height=3129 expected_hash=d75b74ab local_hash= local_source=none snapshot_missing=false
[WARN] consensus validator set unresolved height=2633 chain_height=3129 expected_hash=d75b74ab local_hash= local_source=none snapshot_missing=false
[WARN] consensus validator set unresolved height=2634 chain_height=3129 expected_hash=d75b74ab local_hash= local_source=none snapshot_missing=false
[WARN] consensus validator set unresolved height=2635 chain_height=3129 expected_hash=d75b74ab local_hash= local_source=none snapshot_missing=false
[WARN] consensus validator set unresolved height=2636 chain_height=3129 expected_hash=d75b74ab local_hash= local_source=none snapshot_missing=false
[WARN] consensus validator set unresolved height=2637 chain_height=3129 expected_hash=d75b74ab local_hash= local_source=none snapshot_missing=false
[WARN] consensus validator set unresolved height=2638 chain_height=3129 expected_hash=d75b74ab local_hash= local_source=none snapshot_missing=false
[WARN] consensus validator set unresolved height=2639 chain_height=3129 expected_hash=d75b74ab local_hash= local_source=none snapshot_missing=false
[WARN] consensus validator set unresolved height=2640 chain_height=3129 expected_hash=d75b74ab local_hash= local_source=none snapshot_missing=false
[COMMITTEE] height=2641 size=4 target=4 hash=34a93d19
[SET-FREEZE] height=2641 vhash=34a93d19 size=4
[WARN] consensus validator set unresolved height=2642 chain_height=3129 expected_hash=d75b74ab local_hash= local_source=none snapshot_missing=false
[WARN] consensus validator set unresolved height=2643 chain_height=3129 expected_hash=d75b74ab local_hash= local_source=none snapshot_missing=false
[WARN] consensus validator set unresolved height=2644 chain_height=3129 expected_hash=d75b74ab local_hash= local_source=none snapshot_missing=false
[WARN] consensus validator set unresolved height=2645 chain_height=3129 expected_hash=d75b74ab local_hash= local_source=none snapshot_missing=false
[WARN] consensus validator set unresolved height=2646 chain_height=3129 expected_hash=d75b74ab local_hash= local_source=none snapshot_missing=false
[WARN] consensus validator set unresolved height=2647 chain_height=3129 expected_hash=d75b74ab local_hash= local_source=none snapshot_missing=false
[WARN] consensus validator set unresolved height=2648 chain_height=3129 expected_hash=d75b74ab local_hash= local_source=none snapshot_missing=false
[WARN] consensus validator set unresolved height=2649 chain_height=3129 expected_hash=d75b74ab local_hash= local_source=none snapshot_missing=false
[WARN] consensus validator set unresolved height=2650 chain_height=3129 expected_hash=d75b74ab local_hash= local_source=none snapshot_missing=false
[WARN] consensus validator set unresolved height=2651 chain_height=3129 expected_hash=d75b74ab local_hash= local_source=none snapshot_missing=false
[WARN] consensus validator set unresolved height=2652 chain_height=3129 expected_hash=d75b74ab local_hash= local_source=none snapshot_missing=false
[WARN] consensus validator set unresolved height=2653 chain_height=3129 expected_hash=d75b74ab local_hash= local_source=none snapshot_missing=false
[WARN] consensus validator set unresolved height=2654 chain_height=3129 expected_hash=d75b74ab local_hash= local_source=none snapshot_missing=false
[WARN] consensus validator set unresolved height=2655 chain_height=3129 expected_hash=d75b74ab local_hash= local_source=none snapshot_missing=false
[WARN] consensus validator set unresolved height=2656 chain_height=3129 expected_hash=d75b74ab local_hash= local_source=none snapshot_missing=false
[COMMITTEE] height=2657 size=4 target=4 hash=34a93d19
[SET-FREEZE] height=2657 vhash=34a93d19 size=4
[WARN] consensus validator set unresolved height=2658 chain_height=3129 expected_hash=d75b74ab local_hash= local_source=none snapshot_missing=false
[WARN] consensus validator set unresolved height=2659 chain_height=3129 expected_hash=d75b74ab local_hash= local_source=none snapshot_missing=false
[WARN] consensus validator set unresolved height=2660 chain_height=3129 expected_hash=d75b74ab local_hash= local_source=none snapshot_missing=false
[WARN] consensus validator set unresolved height=2661 chain_height=3129 expected_hash=d75b74ab local_hash= local_source=none snapshot_missing=false
[WARN] consensus validator set unresolved height=2662 chain_height=3129 expected_hash=d75b74ab local_hash= local_source=none snapshot_missing=false
[WARN] consensus validator set unresolved height=2663 chain_height=3129 expected_hash=d75b74ab local_hash= local_source=none snapshot_missing=false
[WARN] consensus validator set unresolved height=2664 chain_height=3129 expected_hash=d75b74ab local_hash= local_source=none snapshot_missing=false
[WARN] consensus validator set unresolved height=2665 chain_height=3129 expected_hash=d75b74ab local_hash= local_source=none snapshot_missing=false
[WARN] consensus validator set unresolved height=2666 chain_height=3129 expected_hash=d75b74ab local_hash= local_source=none snapshot_missing=false
[WARN] consensus validator set unresolved height=2667 chain_height=3129 expected_hash=d75b74ab local_hash= local_source=none snapshot_missing=false
[WARN] consensus validator set unresolved height=2668 chain_height=3129 expected_hash=d75b74ab local_hash= local_source=none snapshot_missing=false
[WARN] consensus validator set unresolved height=2669 chain_height=3129 expected_hash=d75b74ab local_hash= local_source=none snapshot_missing=false
[WARN] consensus validator set unresolved height=2670 chain_height=3129 expected_hash=d75b74ab local_hash= local_source=none snapshot_missing=false
[WARN] consensus validator set unresolved height=2671 chain_height=3129 expected_hash=d75b74ab local_hash= local_source=none snapshot_missing=false
[WARN] consensus validator set unresolved height=2672 chain_height=3129 expected_hash=d75b74ab local_hash= local_source=none snapshot_missing=false
[WARN] consensus validator set unresolved height=2673 chain_height=3129 expected_hash=d75b74ab local_hash= local_source=none snapshot_missing=false
[WARN] consensus validator set unresolved height=2674 chain_height=3129 expected_hash=d75b74ab local_hash= local_source=none snapshot_missing=false
[WARN] consensus validator set unresolved height=2675 chain_height=3129 expected_hash=d75b74ab local_hash= local_source=none snapshot_missing=false
[WARN] consensus validator set unresolved height=2676 chain_height=3129 expected_hash=d75b74ab local_hash= local_source=none snapshot_missing=false
[WARN] consensus validator set unresolved height=2677 chain_height=3129 expected_hash=d75b74ab local_hash= local_source=none snapshot_missing=false
[WARN] consensus validator set unresolved height=2678 chain_height=3129 expected_hash=d75b74ab local_hash= local_source=none snapshot_missing=false
[WARN] consensus validator set unresolved height=2679 chain_height=3129 expected_hash=d75b74ab local_hash= local_source=none snapshot_missing=false
[WARN] consensus validator set unresolved height=2680 chain_height=3129 expected_hash=d75b74ab local_hash= local_source=none snapshot_missing=false
[COMMITTEE] height=2681 size=4 target=4 hash=34a93d19
[SET-FREEZE] height=2681 vhash=34a93d19 size=4
[WARN] consensus validator set unresolved height=2682 chain_height=3129 expected_hash=d75b74ab local_hash= local_source=none snapshot_missing=false
[WARN] consensus validator set unresolved height=2683 chain_height=3129 expected_hash=d75b74ab local_hash= local_source=none snapshot_missing=false
[WARN] consensus validator set unresolved height=2684 chain_height=3129 expected_hash=d75b74ab local_hash= local_source=none snapshot_missing=false
[WARN] consensus validator set unresolved height=2685 chain_height=3129 expected_hash=d75b74ab local_hash= local_source=none snapshot_missing=false
[WARN] consensus validator set unresolved height=2686 chain_height=3129 expected_hash=d75b74ab local_hash= local_source=none snapshot_missing=false
[WARN] consensus validator set unresolved height=2687 chain_height=3129 expected_hash=d75b74ab local_hash= local_source=none snapshot_missing=false
[WARN] consensus validator set unresolved height=2688 chain_height=3129 expected_hash=d75b74ab local_hash= local_source=none snapshot_missing=false
[COMMITTEE] height=2689 size=4 target=4 hash=34a93d19
[SET-FREEZE] height=2689 vhash=34a93d19 size=4
[WARN] consensus validator set unresolved height=2690 chain_height=3129 expected_hash=d75b74ab local_hash= local_source=none snapshot_missing=false
[COMMITTEE] height=2691 size=4 target=4 hash=34a93d19
[SET-FREEZE] height=2691 vhash=34a93d19 size=4
[WARN] consensus validator set unresolved height=2692 chain_height=3129 expected_hash=d75b74ab local_hash= local_source=none snapshot_missing=false
[WARN] consensus validator set unresolved height=2693 chain_height=3129 expected_hash=d75b74ab local_hash= local_source=none snapshot_missing=false
[WARN] consensus validator set unresolved height=2694 chain_height=3129 expected_hash=d75b74ab local_hash= local_source=none snapshot_missing=false
[WARN] consensus validator set unresolved height=2695 chain_height=3129 expected_hash=d75b74ab local_hash= local_source=none snapshot_missing=false
[WARN] consensus validator set unresolved height=2696 chain_height=3129 expected_hash=d75b74ab local_hash= local_source=none snapshot_missing=false
[WARN] consensus validator set unresolved height=2697 chain_height=3129 expected_hash=d75b74ab local_hash= local_source=none snapshot_missing=false
[WARN] consensus validator set unresolved height=2698 chain_height=3129 expected_hash=d75b74ab local_hash= local_source=none snapshot_missing=false
[WARN] consensus validator set unresolved height=2699 chain_height=3129 expected_hash=d75b74ab local_hash= local_source=none snapshot_missing=false
[WARN] consensus validator set unresolved height=2700 chain_height=3129 expected_hash=d75b74ab local_hash= local_source=none snapshot_missing=false
[WARN] consensus validator set unresolved height=2701 chain_height=3129 expected_hash=d75b74ab local_hash= local_source=none snapshot_missing=false
[WARN] consensus validator set unresolved height=2702 chain_height=3129 expected_hash=d75b74ab local_hash= local_source=none snapshot_missing=false
[WARN] consensus validator set unresolved height=2703 chain_height=3129 expected_hash=d75b74ab local_hash= local_source=none snapshot_missing=false
[WARN] consensus validator set unresolved height=2704 chain_height=3129 expected_hash=d75b74ab local_hash= local_source=none snapshot_missing=false
[WARN] consensus validator set unresolved height=2705 chain_height=3129 expected_hash=d75b74ab local_hash= local_source=none snapshot_missing=false
[WARN] consensus validator set unresolved height=2706 chain_height=3129 expected_hash=d75b74ab local_hash= local_source=none snapshot_missing=false
[WARN] consensus validator set unresolved height=2707 chain_height=3129 expected_hash=d75b74ab local_hash= local_source=none snapshot_missing=false
[WARN] consensus validator set unresolved height=2708 chain_height=3129 expected_hash=d75b74ab local_hash= local_source=none snapshot_missing=false
[WARN] consensus validator set unresolved height=2709 chain_height=3129 expected_hash=d75b74ab local_hash= local_source=none snapshot_missing=false
[WARN] consensus validator set unresolved height=2710 chain_height=3129 expected_hash=d75b74ab local_hash= local_source=none snapshot_missing=false
[WARN] consensus validator set unresolved height=2711 chain_height=3129 expected_hash=d75b74ab local_hash= local_source=none snapshot_missing=false
[WARN] consensus validator set unresolved height=2712 chain_height=3129 expected_hash=d75b74ab local_hash= local_source=none snapshot_missing=false
[WARN] consensus validator set unresolved height=2713 chain_height=3129 expected_hash=d75b74ab local_hash= local_source=none snapshot_missing=false
[WARN] consensus validator set unresolved height=2714 chain_height=3129 expected_hash=d75b74ab local_hash= local_source=none snapshot_missing=false
[WARN] consensus validator set unresolved height=2715 chain_height=3129 expected_hash=d75b74ab local_hash= local_source=none snapshot_missing=false
[WARN] consensus validator set unresolved height=2716 chain_height=3129 expected_hash=d75b74ab local_hash= local_source=none snapshot_missing=false
[WARN] consensus validator set unresolved height=2717 chain_height=3129 expected_hash=d75b74ab local_hash= local_source=none snapshot_missing=false
[WARN] consensus validator set unresolved height=2718 chain_height=3129 expected_hash=d75b74ab local_hash= local_source=none snapshot_missing=false
[WARN] consensus validator set unresolved height=2719 chain_height=3129 expected_hash=d75b74ab local_hash= local_source=none snapshot_missing=false
[WARN] consensus validator set unresolved height=2720 chain_height=3129 expected_hash=d75b74ab local_hash= local_source=none snapshot_missing=false
[COMMITTEE] height=2721 size=4 target=4 hash=34a93d19
[SET-FREEZE] height=2721 vhash=34a93d19 size=4
[WARN] consensus validator set unresolved height=2786 chain_height=3129 expected_hash=d75b74ab local_hash= local_source=none snapshot_missing=false
[WARN] consensus validator set unresolved height=2787 chain_height=3129 expected_hash=d75b74ab local_hash= local_source=none snapshot_missing=false
[WARN] consensus validator set unresolved height=2788 chain_height=3129 expected_hash=d75b74ab local_hash= local_source=none snapshot_missing=false
[WARN] consensus validator set unresolved height=2789 chain_height=3129 expected_hash=d75b74ab local_hash= local_source=none snapshot_missing=false
[WARN] consensus validator set unresolved height=2790 chain_height=3129 expected_hash=d75b74ab local_hash= local_source=none snapshot_missing=false
[COMMITTEE] height=2791 size=4 target=4 hash=34a93d19
[SET-FREEZE] height=2791 vhash=34a93d19 size=4
[WARN] consensus validator set unresolved height=2792 chain_height=3129 expected_hash=d75b74ab local_hash= local_source=none snapshot_missing=false
[WARN] consensus validator set unresolved height=2793 chain_height=3129 expected_hash=d75b74ab local_hash= local_source=none snapshot_missing=false
[COMMITTEE] height=2794 size=4 target=4 hash=34a93d19
[SET-FREEZE] height=2794 vhash=34a93d19 size=4
[WARN] consensus validator set unresolved height=2795 chain_height=3129 expected_hash=d75b74ab local_hash= local_source=none snapshot_missing=false
[WARN] consensus validator set unresolved height=2796 chain_height=3129 expected_hash=d75b74ab local_hash= local_source=none snapshot_missing=false
[WARN] consensus validator set unresolved height=2797 chain_height=3129 expected_hash=d75b74ab local_hash= local_source=none snapshot_missing=false
[WARN] consensus validator set unresolved height=2798 chain_height=3129 expected_hash=d75b74ab local_hash= local_source=none snapshot_missing=false
[WARN] consensus validator set unresolved height=2799 chain_height=3129 expected_hash=d75b74ab local_hash= local_source=none snapshot_missing=false
[WARN] consensus validator set unresolved height=2800 chain_height=3129 expected_hash=d75b74ab local_hash= local_source=none snapshot_missing=false
[COMMITTEE] height=2801 size=4 target=4 hash=34a93d19
[SET-FREEZE] height=2801 vhash=34a93d19 size=4
[WARN] consensus validator set unresolved height=2802 chain_height=3129 expected_hash=d75b74ab local_hash= local_source=none snapshot_missing=false
[WARN] consensus validator set unresolved height=2803 chain_height=3129 expected_hash=d75b74ab local_hash= local_source=none snapshot_missing=false
[WARN] consensus validator set unresolved height=2804 chain_height=3129 expected_hash=d75b74ab local_hash= local_source=none snapshot_missing=false
[WARN] consensus validator set unresolved height=2805 chain_height=3129 expected_hash=d75b74ab local_hash= local_source=none snapshot_missing=false
[WARN] consensus validator set unresolved height=2806 chain_height=3129 expected_hash=d75b74ab local_hash= local_source=none snapshot_missing=false
[COMMITTEE] height=2807 size=4 target=4 hash=34a93d19
[SET-FREEZE] height=2807 vhash=34a93d19 size=4
[WARN] consensus validator set unresolved height=2808 chain_height=3129 expected_hash=d75b74ab local_hash= local_source=none snapshot_missing=false
[WARN] consensus validator set unresolved height=2809 chain_height=3129 expected_hash=d75b74ab local_hash= local_source=none snapshot_missing=false
[WARN] consensus validator set unresolved height=2810 chain_height=3129 expected_hash=d75b74ab local_hash= local_source=none snapshot_missing=false
[COMMITTEE] height=2811 size=4 target=4 hash=34a93d19
[SET-FREEZE] height=2811 vhash=34a93d19 size=4
[WARN] consensus validator set unresolved height=2812 chain_height=3129 expected_hash=d75b74ab local_hash= local_source=none snapshot_missing=false
[WARN] consensus validator set unresolved height=2813 chain_height=3129 expected_hash=d75b74ab local_hash= local_source=none snapshot_missing=false
[WARN] consensus validator set unresolved height=2814 chain_height=3129 expected_hash=d75b74ab local_hash= local_source=none snapshot_missing=false
[WARN] consensus validator set unresolved height=2815 chain_height=3129 expected_hash=d75b74ab local_hash= local_source=none snapshot_missing=false
[WARN] consensus validator set unresolved height=2816 chain_height=3129 expected_hash=d75b74ab local_hash= local_source=none snapshot_missing=false
[COMMITTEE] height=2817 size=4 target=4 hash=34a93d19
[SET-FREEZE] height=2817 vhash=34a93d19 size=4
[WARN] consensus validator set unresolved height=2818 chain_height=3129 expected_hash=d75b74ab local_hash= local_source=none snapshot_missing=false
[WARN] consensus validator set unresolved height=2819 chain_height=3129 expected_hash=d75b74ab local_hash= local_source=none snapshot_missing=false
[WARN] consensus validator set unresolved height=2820 chain_height=3129 expected_hash=d75b74ab local_hash= local_source=none snapshot_missing=false
[WARN] consensus validator set unresolved height=2821 chain_height=3129 expected_hash=d75b74ab local_hash= local_source=none snapshot_missing=false
[WARN] consensus validator set unresolved height=2822 chain_height=3129 expected_hash=d75b74ab local_hash= local_source=none snapshot_missing=false
[WARN] consensus validator set unresolved height=2823 chain_height=3129 expected_hash=d75b74ab local_hash= local_source=none snapshot_missing=false
[WARN] consensus validator set unresolved height=2824 chain_height=3129 expected_hash=d75b74ab local_hash= local_source=none snapshot_missing=false
[WARN] consensus validator set unresolved height=2825 chain_height=3129 expected_hash=d75b74ab local_hash= local_source=none snapshot_missing=false
[COMMITTEE] height=2826 size=4 target=4 hash=34a93d19
[SET-FREEZE] height=2826 vhash=34a93d19 size=4
[WARN] consensus validator set unresolved height=2838 chain_height=3129 expected_hash=d75b74ab local_hash= local_source=none snapshot_missing=false
[WARN] consensus validator set unresolved height=2839 chain_height=3129 expected_hash=d75b74ab local_hash= local_source=none snapshot_missing=false
[WARN] consensus validator set unresolved height=2840 chain_height=3129 expected_hash=d75b74ab local_hash= local_source=none snapshot_missing=false
[WARN] consensus validator set unresolved height=2841 chain_height=3129 expected_hash=d75b74ab local_hash= local_source=none snapshot_missing=false
[WARN] consensus validator set unresolved height=2842 chain_height=3129 expected_hash=d75b74ab local_hash= local_source=none snapshot_missing=false
[WARN] consensus validator set unresolved height=2843 chain_height=3129 expected_hash=d75b74ab local_hash= local_source=none snapshot_missing=false
[WARN] consensus validator set unresolved height=2844 chain_height=3129 expected_hash=d75b74ab local_hash= local_source=none snapshot_missing=false
[WARN] consensus validator set unresolved height=2845 chain_height=3129 expected_hash=d75b74ab local_hash= local_source=none snapshot_missing=false
[WARN] consensus validator set unresolved height=2846 chain_height=3129 expected_hash=d75b74ab local_hash= local_source=none snapshot_missing=false
[WARN] consensus validator set unresolved height=2847 chain_height=3129 expected_hash=d75b74ab local_hash= local_source=none snapshot_missing=false
[WARN] consensus validator set unresolved height=2848 chain_height=3129 expected_hash=d75b74ab local_hash= local_source=none snapshot_missing=false
[COMMITTEE] height=2849 size=4 target=4 hash=34a93d19
[SET-FREEZE] height=2849 vhash=34a93d19 size=4
[WARN] consensus validator set unresolved height=2850 chain_height=3129 expected_hash=d75b74ab local_hash= local_source=none snapshot_missing=false
[WARN] consensus validator set unresolved height=2851 chain_height=3129 expected_hash=d75b74ab local_hash= local_source=none snapshot_missing=false
[WARN] consensus validator set unresolved height=2852 chain_height=3129 expected_hash=d75b74ab local_hash= local_source=none snapshot_missing=false
[WARN] consensus validator set unresolved height=2853 chain_height=3129 expected_hash=d75b74ab local_hash= local_source=none snapshot_missing=false
[WARN] consensus validator set unresolved height=2854 chain_height=3129 expected_hash=d75b74ab local_hash= local_source=none snapshot_missing=false
[WARN] consensus validator set unresolved height=2855 chain_height=3129 expected_hash=d75b74ab local_hash= local_source=none snapshot_missing=false
[WARN] consensus validator set unresolved height=2856 chain_height=3129 expected_hash=d75b74ab local_hash= local_source=none snapshot_missing=false
[WARN] consensus validator set unresolved height=2857 chain_height=3129 expected_hash=d75b74ab local_hash= local_source=none snapshot_missing=false
[WARN] consensus validator set unresolved height=2858 chain_height=3129 expected_hash=d75b74ab local_hash= local_source=none snapshot_missing=false
[WARN] consensus validator set unresolved height=2859 chain_height=3129 expected_hash=d75b74ab local_hash= local_source=none snapshot_missing=false
[WARN] consensus validator set unresolved height=2860 chain_height=3129 expected_hash=d75b74ab local_hash= local_source=none snapshot_missing=false
[COMMITTEE] height=2861 size=4 target=4 hash=34a93d19
[SET-FREEZE] height=2861 vhash=34a93d19 size=4
[WARN] consensus validator set unresolved height=2862 chain_height=3129 expected_hash=d75b74ab local_hash= local_source=none snapshot_missing=false
[WARN] consensus validator set unresolved height=2863 chain_height=3129 expected_hash=d75b74ab local_hash= local_source=none snapshot_missing=false
[WARN] consensus validator set unresolved height=2864 chain_height=3129 expected_hash=d75b74ab local_hash= local_source=none snapshot_missing=false
[WARN] consensus validator set unresolved height=2865 chain_height=3129 expected_hash=d75b74ab local_hash= local_source=none snapshot_missing=false
[WARN] consensus validator set unresolved height=2866 chain_height=3129 expected_hash=d75b74ab local_hash= local_source=none snapshot_missing=false
[WARN] consensus validator set unresolved height=2867 chain_height=3129 expected_hash=d75b74ab local_hash= local_source=none snapshot_missing=false
[WARN] consensus validator set unresolved height=2868 chain_height=3129 expected_hash=d75b74ab local_hash= local_source=none snapshot_missing=false
[WARN] consensus validator set unresolved height=2869 chain_height=3129 expected_hash=d75b74ab local_hash= local_source=none snapshot_missing=false
[WARN] consensus validator set unresolved height=2870 chain_height=3129 expected_hash=d75b74ab local_hash= local_source=none snapshot_missing=false
[WARN] consensus validator set unresolved height=2871 chain_height=3129 expected_hash=d75b74ab local_hash= local_source=none snapshot_missing=false
[WARN] consensus validator set unresolved height=2872 chain_height=3129 expected_hash=d75b74ab local_hash= local_source=none snapshot_missing=false
[WARN] consensus validator set unresolved height=2873 chain_height=3129 expected_hash=d75b74ab local_hash= local_source=none snapshot_missing=false
[WARN] consensus validator set unresolved height=2874 chain_height=3129 expected_hash=d75b74ab local_hash= local_source=none snapshot_missing=false
[WARN] consensus validator set unresolved height=2875 chain_height=3129 expected_hash=d75b74ab local_hash= local_source=none snapshot_missing=false
[WARN] consensus validator set unresolved height=2876 chain_height=3129 expected_hash=d75b74ab local_hash= local_source=none snapshot_missing=false
[WARN] consensus validator set unresolved height=2877 chain_height=3129 expected_hash=d75b74ab local_hash= local_source=none snapshot_missing=false
[WARN] consensus validator set unresolved height=2878 chain_height=3129 expected_hash=d75b74ab local_hash= local_source=none snapshot_missing=false
[WARN] consensus validator set unresolved height=2879 chain_height=3129 expected_hash=d75b74ab local_hash= local_source=none snapshot_missing=false
[WARN] consensus validator set unresolved height=2880 chain_height=3129 expected_hash=d75b74ab local_hash= local_source=none snapshot_missing=false
[COMMITTEE] height=2881 size=4 target=4 hash=34a93d19
[SET-FREEZE] height=2881 vhash=34a93d19 size=4
[WARN] consensus validator set unresolved height=2882 chain_height=3129 expected_hash=d75b74ab local_hash= local_source=none snapshot_missing=false
[WARN] consensus validator set unresolved height=2883 chain_height=3129 expected_hash=d75b74ab local_hash= local_source=none snapshot_missing=false
[WARN] consensus validator set unresolved height=2884 chain_height=3129 expected_hash=d75b74ab local_hash= local_source=none snapshot_missing=false
[WARN] consensus validator set unresolved height=2885 chain_height=3129 expected_hash=d75b74ab local_hash= local_source=none snapshot_missing=false
[WARN] consensus validator set unresolved height=2886 chain_height=3129 expected_hash=d75b74ab local_hash= local_source=none snapshot_missing=false
[WARN] consensus validator set unresolved height=2887 chain_height=3129 expected_hash=d75b74ab local_hash= local_source=none snapshot_missing=false
[WARN] consensus validator set unresolved height=2888 chain_height=3129 expected_hash=d75b74ab local_hash= local_source=none snapshot_missing=false
[WARN] consensus validator set unresolved height=2889 chain_height=3129 expected_hash=d75b74ab local_hash= local_source=none snapshot_missing=false
[WARN] consensus validator set unresolved height=2890 chain_height=3129 expected_hash=d75b74ab local_hash= local_source=none snapshot_missing=false
[WARN] consensus validator set unresolved height=2891 chain_height=3129 expected_hash=d75b74ab local_hash= local_source=none snapshot_missing=false
[WARN] consensus validator set unresolved height=2892 chain_height=3129 expected_hash=d75b74ab local_hash= local_source=none snapshot_missing=false
[WARN] consensus validator set unresolved height=2893 chain_height=3129 expected_hash=d75b74ab local_hash= local_source=none snapshot_missing=false
[WARN] consensus validator set unresolved height=2894 chain_height=3129 expected_hash=d75b74ab local_hash= local_source=none snapshot_missing=false
[WARN] consensus validator set unresolved height=2895 chain_height=3129 expected_hash=d75b74ab local_hash= local_source=none snapshot_missing=false
[WARN] consensus validator set unresolved height=2896 chain_height=3129 expected_hash=d75b74ab local_hash= local_source=none snapshot_missing=false
[WARN] consensus validator set unresolved height=2897 chain_height=3129 expected_hash=d75b74ab local_hash= local_source=none snapshot_missing=false
[WARN] consensus validator set unresolved height=2898 chain_height=3129 expected_hash=d75b74ab local_hash= local_source=none snapshot_missing=false
[WARN] consensus validator set unresolved height=2899 chain_height=3129 expected_hash=d75b74ab local_hash= local_source=none snapshot_missing=false
[WARN] consensus validator set unresolved height=2900 chain_height=3129 expected_hash=d75b74ab local_hash= local_source=none snapshot_missing=false
[COMMITTEE] height=2901 size=4 target=4 hash=34a93d19
[SET-FREEZE] height=2901 vhash=34a93d19 size=4
[WARN] consensus validator set unresolved height=2902 chain_height=3129 expected_hash=d75b74ab local_hash= local_source=none snapshot_missing=false
[WARN] consensus validator set unresolved height=2903 chain_height=3129 expected_hash=d75b74ab local_hash= local_source=none snapshot_missing=false
[WARN] consensus validator set unresolved height=2904 chain_height=3129 expected_hash=d75b74ab local_hash= local_source=none snapshot_missing=false
[WARN] consensus validator set unresolved height=2905 chain_height=3129 expected_hash=d75b74ab local_hash= local_source=none snapshot_missing=false
[WARN] consensus validator set unresolved height=2906 chain_height=3129 expected_hash=d75b74ab local_hash= local_source=none snapshot_missing=false
[COMMITTEE] height=2907 size=4 target=4 hash=34a93d19
[SET-FREEZE] height=2907 vhash=34a93d19 size=4
[WARN] consensus validator set unresolved height=2908 chain_height=3129 expected_hash=d75b74ab local_hash= local_source=none snapshot_missing=false
[WARN] consensus validator set unresolved height=2909 chain_height=3129 expected_hash=d75b74ab local_hash= local_source=none snapshot_missing=false
[WARN] consensus validator set unresolved height=2910 chain_height=3129 expected_hash=d75b74ab local_hash= local_source=none snapshot_missing=false
[COMMITTEE] height=2911 size=4 target=4 hash=34a93d19
[SET-FREEZE] height=2911 vhash=34a93d19 size=4
[WARN] consensus validator set unresolved height=2912 chain_height=3129 expected_hash=d75b74ab local_hash= local_source=none snapshot_missing=false
[COMMITTEE] height=2913 size=4 target=4 hash=34a93d19
[SET-FREEZE] height=2913 vhash=34a93d19 size=4
[WARN] consensus validator set unresolved height=2914 chain_height=3129 expected_hash=d75b74ab local_hash= local_source=none snapshot_missing=false
[WARN] consensus validator set unresolved height=2915 chain_height=3129 expected_hash=d75b74ab local_hash= local_source=none snapshot_missing=false
[WARN] consensus validator set unresolved height=2916 chain_height=3129 expected_hash=d75b74ab local_hash= local_source=none snapshot_missing=false
[WARN] consensus validator set unresolved height=2917 chain_height=3129 expected_hash=d75b74ab local_hash= local_source=none snapshot_missing=false
[WARN] consensus validator set unresolved height=2918 chain_height=3129 expected_hash=d75b74ab local_hash= local_source=none snapshot_missing=false
[WARN] consensus validator set unresolved height=2919 chain_height=3129 expected_hash=d75b74ab local_hash= local_source=none snapshot_missing=false
[WARN] consensus validator set unresolved height=2920 chain_height=3129 expected_hash=d75b74ab local_hash= local_source=none snapshot_missing=false
[COMMITTEE] height=2921 size=4 target=4 hash=34a93d19
[SET-FREEZE] height=2921 vhash=34a93d19 size=4
[WARN] consensus validator set unresolved height=2924 chain_height=3129 expected_hash=d75b74ab local_hash= local_source=none snapshot_missing=false
[WARN] consensus validator set unresolved height=2925 chain_height=3129 expected_hash=d75b74ab local_hash= local_source=none snapshot_missing=false
[WARN] consensus validator set unresolved height=2926 chain_height=3129 expected_hash=d75b74ab local_hash= local_source=none snapshot_missing=false
[WARN] consensus validator set unresolved height=2927 chain_height=3129 expected_hash=d75b74ab local_hash= local_source=none snapshot_missing=false
[WARN] consensus validator set unresolved height=2928 chain_height=3129 expected_hash=d75b74ab local_hash= local_source=none snapshot_missing=false
[WARN] consensus validator set unresolved height=2929 chain_height=3129 expected_hash=d75b74ab local_hash= local_source=none snapshot_missing=false
[WARN] consensus validator set unresolved height=2930 chain_height=3129 expected_hash=d75b74ab local_hash= local_source=none snapshot_missing=false
[WARN] consensus validator set unresolved height=2931 chain_height=3129 expected_hash=d75b74ab local_hash= local_source=none snapshot_missing=false
[WARN] consensus validator set unresolved height=2932 chain_height=3129 expected_hash=d75b74ab local_hash= local_source=none snapshot_missing=false
[WARN] consensus validator set unresolved height=2933 chain_height=3129 expected_hash=d75b74ab local_hash= local_source=none snapshot_missing=false
[WARN] consensus validator set unresolved height=2934 chain_height=3129 expected_hash=d75b74ab local_hash= local_source=none snapshot_missing=false
[WARN] consensus validator set unresolved height=2935 chain_height=3129 expected_hash=d75b74ab local_hash= local_source=none snapshot_missing=false
[WARN] consensus validator set unresolved height=2936 chain_height=3129 expected_hash=d75b74ab local_hash= local_source=none snapshot_missing=false
[WARN] consensus validator set unresolved height=2937 chain_height=3129 expected_hash=d75b74ab local_hash= local_source=none snapshot_missing=false
[WARN] consensus validator set unresolved height=2938 chain_height=3129 expected_hash=d75b74ab local_hash= local_source=none snapshot_missing=false
[WARN] consensus validator set unresolved height=2939 chain_height=3129 expected_hash=d75b74ab local_hash= local_source=none snapshot_missing=false
[WARN] consensus validator set unresolved height=2940 chain_height=3129 expected_hash=d75b74ab local_hash= local_source=none snapshot_missing=false
[COMMITTEE] height=2941 size=4 target=4 hash=34a93d19
[SET-FREEZE] height=2941 vhash=34a93d19 size=4
[WARN] consensus validator set unresolved height=2942 chain_height=3129 expected_hash=d75b74ab local_hash= local_source=none snapshot_missing=false
[WARN] consensus validator set unresolved height=2943 chain_height=3129 expected_hash=d75b74ab local_hash= local_source=none snapshot_missing=false
[WARN] consensus validator set unresolved height=2944 chain_height=3129 expected_hash=d75b74ab local_hash= local_source=none snapshot_missing=false
[COMMITTEE] height=2945 size=4 target=4 hash=34a93d19
[SET-FREEZE] height=2945 vhash=34a93d19 size=4
[WARN] consensus validator set unresolved height=2946 chain_height=3129 expected_hash=d75b74ab local_hash= local_source=none snapshot_missing=false
[WARN] consensus validator set unresolved height=2947 chain_height=3129 expected_hash=d75b74ab local_hash= local_source=none snapshot_missing=false
[WARN] consensus validator set unresolved height=2948 chain_height=3129 expected_hash=d75b74ab local_hash= local_source=none snapshot_missing=false
[WARN] consensus validator set unresolved height=2949 chain_height=3129 expected_hash=d75b74ab local_hash= local_source=none snapshot_missing=false
[WARN] consensus validator set unresolved height=2950 chain_height=3129 expected_hash=d75b74ab local_hash= local_source=none snapshot_missing=false
[COMMITTEE] height=2951 size=4 target=4 hash=34a93d19
[SET-FREEZE] height=2951 vhash=34a93d19 size=4
[WARN] consensus validator set unresolved height=2952 chain_height=3129 expected_hash=d75b74ab local_hash= local_source=none snapshot_missing=false
[WARN] consensus validator set unresolved height=2953 chain_height=3129 expected_hash=d75b74ab local_hash= local_source=none snapshot_missing=false
[WARN] consensus validator set unresolved height=2954 chain_height=3129 expected_hash=d75b74ab local_hash= local_source=none snapshot_missing=false
[WARN] consensus validator set unresolved height=2955 chain_height=3129 expected_hash=d75b74ab local_hash= local_source=none snapshot_missing=false
[WARN] consensus validator set unresolved height=2956 chain_height=3129 expected_hash=d75b74ab local_hash= local_source=none snapshot_missing=false
[WARN] consensus validator set unresolved height=2957 chain_height=3129 expected_hash=d75b74ab local_hash= local_source=none snapshot_missing=false
[WARN] consensus validator set unresolved height=2958 chain_height=3129 expected_hash=d75b74ab local_hash= local_source=none snapshot_missing=false
[WARN] consensus validator set unresolved height=2959 chain_height=3129 expected_hash=d75b74ab local_hash= local_source=none snapshot_missing=false
[WARN] consensus validator set unresolved height=2960 chain_height=3129 expected_hash=d75b74ab local_hash= local_source=none snapshot_missing=false
[COMMITTEE] height=2961 size=4 target=4 hash=34a93d19
[SET-FREEZE] height=2961 vhash=34a93d19 size=4
[WARN] consensus validator set unresolved height=2962 chain_height=3129 expected_hash=d75b74ab local_hash= local_source=none snapshot_missing=false
[WARN] consensus validator set unresolved height=2963 chain_height=3129 expected_hash=d75b74ab local_hash= local_source=none snapshot_missing=false
[WARN] consensus validator set unresolved height=2964 chain_height=3129 expected_hash=d75b74ab local_hash= local_source=none snapshot_missing=false
[WARN] consensus validator set unresolved height=2965 chain_height=3129 expected_hash=d75b74ab local_hash= local_source=none snapshot_missing=false
[WARN] consensus validator set unresolved height=2966 chain_height=3129 expected_hash=d75b74ab local_hash= local_source=none snapshot_missing=false
[WARN] consensus validator set unresolved height=2967 chain_height=3129 expected_hash=d75b74ab local_hash= local_source=none snapshot_missing=false
[WARN] consensus validator set unresolved height=2968 chain_height=3129 expected_hash=d75b74ab local_hash= local_source=none snapshot_missing=false
[WARN] consensus validator set unresolved height=2969 chain_height=3129 expected_hash=d75b74ab local_hash= local_source=none snapshot_missing=false
[WARN] consensus validator set unresolved height=2970 chain_height=3129 expected_hash=d75b74ab local_hash= local_source=none snapshot_missing=false
[COMMITTEE] height=2971 size=4 target=4 hash=34a93d19
[SET-FREEZE] height=2971 vhash=34a93d19 size=4
[WARN] consensus validator set unresolved height=2972 chain_height=3129 expected_hash=d75b74ab local_hash= local_source=none snapshot_missing=false
[WARN] consensus validator set unresolved height=2973 chain_height=3129 expected_hash=d75b74ab local_hash= local_source=none snapshot_missing=false
[WARN] consensus validator set unresolved height=2974 chain_height=3129 expected_hash=d75b74ab local_hash= local_source=none snapshot_missing=false
[WARN] consensus validator set unresolved height=2975 chain_height=3129 expected_hash=d75b74ab local_hash= local_source=none snapshot_missing=false
[WARN] consensus validator set unresolved height=2976 chain_height=3129 expected_hash=d75b74ab local_hash= local_source=none snapshot_missing=false
[COMMITTEE] height=2977 size=4 target=4 hash=34a93d19
[SET-FREEZE] height=2977 vhash=34a93d19 size=4
[WARN] consensus validator set unresolved height=2978 chain_height=3129 expected_hash=d75b74ab local_hash= local_source=none snapshot_missing=false
[WARN] consensus validator set unresolved height=2979 chain_height=3129 expected_hash=d75b74ab local_hash= local_source=none snapshot_missing=false
[WARN] consensus validator set unresolved height=2980 chain_height=3129 expected_hash=d75b74ab local_hash= local_source=none snapshot_missing=false
[COMMITTEE] height=2981 size=4 target=4 hash=34a93d19
[SET-FREEZE] height=2981 vhash=34a93d19 size=4
[WARN] consensus validator set unresolved height=2982 chain_height=3129 expected_hash=d75b74ab local_hash= local_source=none snapshot_missing=false
[WARN] consensus validator set unresolved height=2983 chain_height=3129 expected_hash=d75b74ab local_hash= local_source=none snapshot_missing=false
[WARN] consensus validator set unresolved height=2984 chain_height=3129 expected_hash=d75b74ab local_hash= local_source=none snapshot_missing=false
[WARN] consensus validator set unresolved height=2985 chain_height=3129 expected_hash=d75b74ab local_hash= local_source=none snapshot_missing=false
[WARN] consensus validator set unresolved height=2986 chain_height=3129 expected_hash=d75b74ab local_hash= local_source=none snapshot_missing=false
[WARN] consensus validator set unresolved height=2987 chain_height=3129 expected_hash=d75b74ab local_hash= local_source=none snapshot_missing=false
[WARN] consensus validator set unresolved height=2988 chain_height=3129 expected_hash=d75b74ab local_hash= local_source=none snapshot_missing=false
[COMMITTEE] height=2989 size=4 target=4 hash=34a93d19
[SET-FREEZE] height=2989 vhash=34a93d19 size=4
[WARN] consensus validator set unresolved height=2990 chain_height=3129 expected_hash=d75b74ab local_hash= local_source=none snapshot_missing=false
[COMMITTEE] height=2991 size=4 target=4 hash=34a93d19
[SET-FREEZE] height=2991 vhash=34a93d19 size=4
[WARN] consensus validator set unresolved height=2992 chain_height=3129 expected_hash=d75b74ab local_hash= local_source=none snapshot_missing=false
[WARN] consensus validator set unresolved height=2993 chain_height=3129 expected_hash=d75b74ab local_hash= local_source=none snapshot_missing=false
[WARN] consensus validator set unresolved height=2994 chain_height=3129 expected_hash=d75b74ab local_hash= local_source=none snapshot_missing=false
[WARN] consensus validator set unresolved height=2995 chain_height=3129 expected_hash=d75b74ab local_hash= local_source=none snapshot_missing=false
[WARN] consensus validator set unresolved height=2996 chain_height=3129 expected_hash=d75b74ab local_hash= local_source=none snapshot_missing=false
[WARN] consensus validator set unresolved height=2997 chain_height=3129 expected_hash=d75b74ab local_hash= local_source=none snapshot_missing=false
[WARN] consensus validator set unresolved height=2998 chain_height=3129 expected_hash=d75b74ab local_hash= local_source=none snapshot_missing=false
[WARN] consensus validator set unresolved height=2999 chain_height=3129 expected_hash=d75b74ab local_hash= local_source=none snapshot_missing=false
[WARN] consensus validator set unresolved height=3000 chain_height=3129 expected_hash=d75b74ab local_hash= local_source=none snapshot_missing=false
[COMMITTEE] height=3001 size=4 target=4 hash=34a93d19
[SET-FREEZE] height=3001 vhash=34a93d19 size=4
2026/05/20 23:21:34 [REGISTRY-HISTORY-REBUILD] height=3129 status=scheduled reason=consensus_set_unresolved
[WARN] consensus validator set unresolved height=3002 chain_height=3129 expected_hash=d75b74ab local_hash= local_source=none snapshot_missing=false
2026/05/20 23:21:34 [REGISTRY-HISTORY-REBUILD] height=3129 status=started reason=consensus_set_unresolved
[WARN] consensus validator set unresolved height=3003 chain_height=3129 expected_hash=d75b74ab local_hash= local_source=none snapshot_missing=false
[WARN] consensus validator set unresolved height=3004 chain_height=3129 expected_hash=d75b74ab local_hash= local_source=none snapshot_missing=false
[WARN] consensus validator set unresolved height=3005 chain_height=3129 expected_hash=d75b74ab local_hash= local_source=none snapshot_missing=false
[WARN] consensus validator set unresolved height=3006 chain_height=3129 expected_hash=d75b74ab local_hash= local_source=none snapshot_missing=false
[WARN] consensus validator set unresolved height=3007 chain_height=3129 expected_hash=d75b74ab local_hash= local_source=none snapshot_missing=false
[WARN] consensus validator set unresolved height=3008 chain_height=3129 expected_hash=d75b74ab local_hash= local_source=none snapshot_missing=false
[COMMITTEE] height=3009 size=4 target=4 hash=34a93d19
[SET-FREEZE] height=3009 vhash=34a93d19 size=4
[WARN] consensus validator set unresolved height=3010 chain_height=3129 expected_hash=d75b74ab local_hash= local_source=none snapshot_missing=false
[COMMITTEE] height=3011 size=4 target=4 hash=34a93d19
[SET-FREEZE] height=3011 vhash=34a93d19 size=4
[WARN] consensus validator set unresolved height=3012 chain_height=3129 expected_hash=d75b74ab local_hash= local_source=none snapshot_missing=false
[WARN] consensus validator set unresolved height=3013 chain_height=3129 expected_hash=d75b74ab local_hash= local_source=none snapshot_missing=false
[WARN] consensus validator set unresolved height=3014 chain_height=3129 expected_hash=d75b74ab local_hash= local_source=none snapshot_missing=false
[WARN] consensus validator set unresolved height=3015 chain_height=3129 expected_hash=d75b74ab local_hash= local_source=none snapshot_missing=false
[WARN] consensus validator set unresolved height=3016 chain_height=3129 expected_hash=d75b74ab local_hash= local_source=none snapshot_missing=false
[WARN] consensus validator set unresolved height=3017 chain_height=3129 expected_hash=d75b74ab local_hash= local_source=none snapshot_missing=false
[WARN] consensus validator set unresolved height=3018 chain_height=3129 expected_hash=d75b74ab local_hash= local_source=none snapshot_missing=false
[WARN] consensus validator set unresolved height=3019 chain_height=3129 expected_hash=d75b74ab local_hash= local_source=none snapshot_missing=false
[WARN] consensus validator set unresolved height=3020 chain_height=3129 expected_hash=d75b74ab local_hash= local_source=none snapshot_missing=false
[COMMITTEE] height=3021 size=4 target=4 hash=34a93d19
[SET-FREEZE] height=3021 vhash=34a93d19 size=4
[WARN] consensus validator set unresolved height=3022 chain_height=3129 expected_hash=d75b74ab local_hash= local_source=none snapshot_missing=false
[WARN] consensus validator set unresolved height=3023 chain_height=3129 expected_hash=d75b74ab local_hash= local_source=none snapshot_missing=false
[WARN] consensus validator set unresolved height=3024 chain_height=3129 expected_hash=d75b74ab local_hash= local_source=none snapshot_missing=false
[WARN] consensus validator set unresolved height=3025 chain_height=3129 expected_hash=d75b74ab local_hash= local_source=none snapshot_missing=false
[WARN] consensus validator set unresolved height=3026 chain_height=3129 expected_hash=d75b74ab local_hash= local_source=none snapshot_missing=false
[WARN] consensus validator set unresolved height=3027 chain_height=3129 expected_hash=d75b74ab local_hash= local_source=none snapshot_missing=false
[WARN] consensus validator set unresolved height=3028 chain_height=3129 expected_hash=d75b74ab local_hash= local_source=none snapshot_missing=false
[WARN] consensus validator set unresolved height=3029 chain_height=3129 expected_hash=d75b74ab local_hash= local_source=none snapshot_missing=false
[WARN] consensus validator set unresolved height=3030 chain_height=3129 expected_hash=d75b74ab local_hash= local_source=none snapshot_missing=false
[COMMITTEE] height=3031 size=4 target=4 hash=34a93d19
[SET-FREEZE] height=3031 vhash=34a93d19 size=4
[WARN] consensus validator set unresolved height=3042 chain_height=3129 expected_hash=d75b74ab local_hash= local_source=none snapshot_missing=false
[WARN] consensus validator set unresolved height=3043 chain_height=3129 expected_hash=d75b74ab local_hash= local_source=none snapshot_missing=false
[COMMITTEE] height=3044 size=4 target=4 hash=34a93d19
[SET-FREEZE] height=3044 vhash=34a93d19 size=4
[WARN] consensus validator set unresolved height=3071 chain_height=3129 expected_hash=d75b74ab local_hash= local_source=none snapshot_missing=false
[WARN] consensus validator set unresolved height=3072 chain_height=3129 expected_hash=d75b74ab local_hash= local_source=none snapshot_missing=false
[COMMITTEE] height=3073 size=4 target=4 hash=34a93d19
[SET-FREEZE] height=3073 vhash=34a93d19 size=4
[WARN] consensus validator set unresolved height=3074 chain_height=3129 expected_hash=d75b74ab local_hash= local_source=none snapshot_missing=false
[WARN] consensus validator set unresolved height=3075 chain_height=3129 expected_hash=d75b74ab local_hash= local_source=none snapshot_missing=false
[WARN] consensus validator set unresolved height=3076 chain_height=3129 expected_hash=d75b74ab local_hash= local_source=none snapshot_missing=false
[WARN] consensus validator set unresolved height=3077 chain_height=3129 expected_hash=d75b74ab local_hash= local_source=none snapshot_missing=false
[WARN] consensus validator set unresolved height=3078 chain_height=3129 expected_hash=d75b74ab local_hash= local_source=none snapshot_missing=false
[WARN] consensus validator set unresolved height=3079 chain_height=3129 expected_hash=d75b74ab local_hash= local_source=none snapshot_missing=false
[WARN] consensus validator set unresolved height=3080 chain_height=3129 expected_hash=d75b74ab local_hash= local_source=none snapshot_missing=false
[COMMITTEE] height=3081 size=4 target=4 hash=34a93d19
[SET-FREEZE] height=3081 vhash=34a93d19 size=4
[WARN] consensus validator set unresolved height=3088 chain_height=3129 expected_hash=d75b74ab local_hash= local_source=none snapshot_missing=false
[WARN] consensus validator set unresolved height=3089 chain_height=3129 expected_hash=d75b74ab local_hash= local_source=none snapshot_missing=false
[WARN] consensus validator set unresolved height=3090 chain_height=3129 expected_hash=d75b74ab local_hash= local_source=none snapshot_missing=false
[COMMITTEE] height=3091 size=4 target=4 hash=34a93d19
[SET-FREEZE] height=3091 vhash=34a93d19 size=4
[WARN] consensus validator set unresolved height=3102 chain_height=3129 expected_hash=d75b74ab local_hash= local_source=none snapshot_missing=false
[WARN] consensus validator set unresolved height=3103 chain_height=3129 expected_hash=d75b74ab local_hash= local_source=none snapshot_missing=false
[WARN] consensus validator set unresolved height=3104 chain_height=3129 expected_hash=d75b74ab local_hash= local_source=none snapshot_missing=false
[COMMITTEE] height=3105 size=4 target=4 hash=34a93d19
[SET-FREEZE] height=3105 vhash=34a93d19 size=4
[WARN] consensus validator set unresolved height=3110 chain_height=3129 expected_hash=d75b74ab local_hash= local_source=none snapshot_missing=false
[COMMITTEE] height=3111 size=4 target=4 hash=34a93d19
[SET-FREEZE] height=3111 vhash=34a93d19 size=4
[WARN] consensus validator set unresolved height=3112 chain_height=3129 expected_hash=d75b74ab local_hash= local_source=none snapshot_missing=false
[WARN] consensus validator set unresolved height=3113 chain_height=3129 expected_hash=d75b74ab local_hash= local_source=none snapshot_missing=false
[WARN] consensus validator set unresolved height=3114 chain_height=3129 expected_hash=d75b74ab local_hash= local_source=none snapshot_missing=false
[WARN] consensus validator set unresolved height=3115 chain_height=3129 expected_hash=d75b74ab local_hash= local_source=none snapshot_missing=false
[WARN] consensus validator set unresolved height=3116 chain_height=3129 expected_hash=d75b74ab local_hash= local_source=none snapshot_missing=false
[WARN] consensus validator set unresolved height=3117 chain_height=3129 expected_hash=d75b74ab local_hash= local_source=none snapshot_missing=false
[WARN] consensus validator set unresolved height=3118 chain_height=3129 expected_hash=d75b74ab local_hash= local_source=none snapshot_missing=false
[WARN] consensus validator set unresolved height=3119 chain_height=3129 expected_hash=d75b74ab local_hash= local_source=none snapshot_missing=false
[WARN] consensus validator set unresolved height=3120 chain_height=3129 expected_hash=d75b74ab local_hash= local_source=none snapshot_missing=false
[COMMITTEE] height=3121 size=4 target=4 hash=34a93d19
[SET-FREEZE] height=3121 vhash=34a93d19 size=4
[WARN] consensus validator set unresolved height=3129 chain_height=3129 expected_hash=d75b74ab local_hash= local_source=none snapshot_missing=false
[EMISSION] h=3127 reward=3 treasury=1 validators=2 burn=0 applied_burn=0 chance_bps=10000
2026/05/20 23:21:35 [STARTUP-EXECUTION-SNAPSHOT] action=rebuild resume base=3127 target=3129
[EMISSION] h=3128 reward=3 treasury=1 validators=2 burn=0 applied_burn=0 chance_bps=10000
[EMISSION] h=3129 reward=2 treasury=1 validators=1 burn=0 applied_burn=0 chance_bps=10000
2026/05/20 23:21:35 [SNAPSHOT-REPAIR] height=3129 source=tip_create_snapshot_repair reason=startup
2026/05/20 23:21:35 [REGISTRY-MISSING] height=1 chain_tip=3129
[REGISTRY-MISSING] height=1 chain_height=3129 db_state=true
[SET-FREEZE-REPLAY] entries=14463 applied=119 last_h=3121 hash=34a93d19
[SET-FREEZE-CHAIN] applied=3126 materialized=0 tip_h=3129 hash=d75b74ab
2026/05/20 23:21:35 [AUTOHEAL] startup_recovery_applied height=3129 frozen_sets=3122
[STARTUP-COMMITMENT] mode=v2 commitment_height=1 check_h=3130 expected=d75b74ab source=snapshot_parent
Validator D: wallet auth not required by current policy
2026/05/20 23:21:35 EVM/VM routes removed permanently. DTL JSON-RPC available at /rpc
2026/05/20 23:21:35 [SYNC-PIPELINE] stage=live_consensus
===============================================
===============================================
Peer ID  : n/a
Height   : 3129
Peers    : 0
===============================================
msc[D]> 2026/05/20 23:21:35 [WARN] interactive CLI input closed; node keeps running: EOF
Ã¢ÂÂ³ Waiting for sync completion before consensus start (height=3129 finalized=3129)
2026/05/20 23:21:35 [P2P-ID] identity key=data\D\node_D\p2p_identity.key peer_id=12D3KooWE7bMkbbpLoSHKB43JdTZm9zkgqvf1iCQdGAqFFBDa42W
Ã°Å¸Å’Â LibP2P host initialized
Ã°Å¸â€ â€ PeerID: 12D3KooWE7bMkbbpLoSHKB43JdTZm9zkgqvf1iCQdGAqFFBDa42W
Ã°Å¸â€œÂ Listening addresses:
  /ip4/127.0.0.1/tcp/7004/p2p/12D3KooWE7bMkbbpLoSHKB43JdTZm9zkgqvf1iCQdGAqFFBDa42W
P2P stack: discovery=DNS seeds + DHT + mDNS, transport=QUIC, security=Noise, messaging=GossipSub, NAT=UPnP + Relay
Ã°Å¸â€œÅ  Host info: Addrs=1 DHT=true
mDNS auto-disabled on Windows (set MSC_FORCE_MDNS=1 to force-enable)
ÃƒÂ°Ã…Â¸Ã¢â‚¬Å“Ã‚Â¡ PubSub topics initialized (MSC)
   msc-block        block propagation
   msc-tx           mempool ingress
   msc-consensus    exec/commit/snapshot
   msc-validator    validator gossip
   msc-snapshot-meta snapshot manifest metadata
   msc-snapshot-chunk snapshot chunk availability
   msc-snapshot-proof snapshot anchor proofs
Ã°Å¸â€Â§ Network protocols configured
2026/05/20 23:21:35 [SNAPSHOT-PUBLISH-REQUIRED] validator=D policy=strict_snapshot_only
[SNAPSHOT-PUBLISH] deferred height=3129 reason=auto_publish_interval_10
Ã¢Å“â€¦ Listening for blocks...
Ã¢Å“â€¦ Listening for transactions...
Ã°Å¸â€â€” Peer connected: 12D3KooWD9ed8zJXbW8uUU6XHD2UYrsQQEvnuXReJWFeo52dvdf8
[REGISTRY-PENDING] height=3130 chain_height=3129 reason=future_parent
[SET-PENDING] height=3131 chain_height=3129 reason=future_height
Heartbeat sent: D finalized=3129 epoch=3130
Ã°Å¸â€â€” Peer connected: 12D3KooWHdmUKc1bYKY3scg6TqGhK3SutwH9hu1aAez4VmvwkEyk
Heartbeat sent: D finalized=3129 epoch=3130
Heartbeat sent: D finalized=3129 epoch=3130
Pubkey override (peer-hello testnet) for validator C
Peer info from 12D3KooWD9ed8zJXbW8uUU6XHD2UYrsQQEvnuXReJWFeo52dvdf8 | validator=C role=validator
Peer info from 12D3KooWD9ed8zJXbW8uUU6XHD2UYrsQQEvnuXReJWFeo52dvdf8 | validator=C role=validator
Validator registered | id=C addr=/ip4/127.0.0.1/tcp/7003/p2p/12D3KooWD9ed8zJXbW8uUU6XHD2UYrsQQEvnuXReJWFeo52dvdf8
Pubkey override (peer-hello testnet) for validator B
Peer info from 12D3KooWHdmUKc1bYKY3scg6TqGhK3SutwH9hu1aAez4VmvwkEyk | validator=B role=validator
Validator registered | id=B addr=/ip4/127.0.0.1/tcp/7002/p2p/12D3KooWHdmUKc1bYKY3scg6TqGhK3SutwH9hu1aAez4VmvwkEyk
Heartbeat sent: D finalized=3129 epoch=3130
Peer info from 12D3KooWHdmUKc1bYKY3scg6TqGhK3SutwH9hu1aAez4VmvwkEyk | validator=B role=validator
Heartbeat sent: D finalized=3129 epoch=3130
Ã°Å¸â€œÂ¨ Consensus message from 12D3KooWD9ed8zJXbW8uUU6XHD2UYrsQQEvnuXReJWFeo52dvdf8: peers (size: 250 bytes)
Ã°Å¸â€â€” Received 3 peers from 12D3KooWD9ed8zJXbW8uUU6XHD2UYrsQQEvnuXReJWFeo52dvdf8
Ã°Å¸â€Å’ Consensus stream EOF from 12D3KooWD9ed8zJXbW8uUU6XHD2UYrsQQEvnuXReJWFeo52dvdf8
Ã°Å¸â€Å’ Consensus stream closed with 12D3KooWD9ed8zJXbW8uUU6XHD2UYrsQQEvnuXReJWFeo52dvdf8
Attempting to connect to 4 peers
Ã°Å¸â€œÂ¨ Consensus message from 12D3KooWHdmUKc1bYKY3scg6TqGhK3SutwH9hu1aAez4VmvwkEyk: peers (size: 250 bytes)
Ã°Å¸â€â€” Received 3 peers from 12D3KooWHdmUKc1bYKY3scg6TqGhK3SutwH9hu1aAez4VmvwkEyk
Ã°Å¸â€Å’ Consensus stream EOF from 12D3KooWHdmUKc1bYKY3scg6TqGhK3SutwH9hu1aAez4VmvwkEyk
Ã°Å¸â€Å’ Consensus stream closed with 12D3KooWHdmUKc1bYKY3scg6TqGhK3SutwH9hu1aAez4VmvwkEyk
[REGISTRY-PENDING] height=3131 chain_height=3129 reason=future_parent
[REGISTRY-PENDING] height=3132 chain_height=3129 reason=future_parent
[SET-PENDING] height=3133 chain_height=3129 reason=future_height
[SET-PENDING] height=3132 chain_height=3129 reason=future_height
Validator heartbeat: C | reported_height=3132 | finalized_height=3132 | local_exec_epoch=3133
Validator heartbeat: C | reported_height=3132 | finalized_height=3132 | local_exec_epoch=3133
Validator heartbeat received: C | reported_height=3132 | finalized_height=3132 | local_exec_epoch=3133
Validator heartbeat received: C | reported_height=3132 | finalized_height=3132 | local_exec_epoch=3133
Pubkey override (testnet) for validator A
Pubkey override (testnet) for validator A
Validator registered | id=A addr=/ip4/127.0.0.1/tcp/7001/p2p/12D3KooWPVKESWFG9sS8G6vjhfPn54kWuNFkkuHwG4yQXhYRcXjX
[REGISTRY-PENDING] height=3133 chain_height=3129 reason=future_parent
Validator heartbeat: A | reported_height=3133 | finalized_height=3133 | local_exec_epoch=3134
[SET-PENDING] height=3134 chain_height=3129 reason=future_height
Validator heartbeat: A | reported_height=3133 | finalized_height=3133 | local_exec_epoch=3134
Heartbeat sent: D finalized=3129 epoch=3130
Validator heartbeat received: A | reported_height=3133 | finalized_height=3133 | local_exec_epoch=3134
Validator heartbeat: C | reported_height=3132 | finalized_height=3132 | local_exec_epoch=3133
Validator heartbeat received: A | reported_height=3133 | finalized_height=3133 | local_exec_epoch=3134
Validator heartbeat: C | reported_height=3132 | finalized_height=3132 | local_exec_epoch=3133
Validator heartbeat received: C | reported_height=3132 | finalized_height=3132 | local_exec_epoch=3133
Validator heartbeat: B | reported_height=3133 | finalized_height=3133 | local_exec_epoch=3134
Validator heartbeat received: C | reported_height=3132 | finalized_height=3132 | local_exec_epoch=3133
Validator heartbeat: B | reported_height=3133 | finalized_height=3133 | local_exec_epoch=3134
Validator heartbeat received: B | reported_height=3133 | finalized_height=3133 | local_exec_epoch=3134
Validator heartbeat received: B | reported_height=3133 | finalized_height=3133 | local_exec_epoch=3134
Validator heartbeat: A | reported_height=3133 | finalized_height=3133 | local_exec_epoch=3134
Validator heartbeat: A | reported_height=3133 | finalized_height=3133 | local_exec_epoch=3134
Validator heartbeat received: A | reported_height=3133 | finalized_height=3133 | local_exec_epoch=3134
Validator heartbeat received: A | reported_height=3133 | finalized_height=3133 | local_exec_epoch=3134
Ã°Å¸â€â€” Peer connected: 12D3KooWPVKESWFG9sS8G6vjhfPn54kWuNFkkuHwG4yQXhYRcXjX
Ã¢Å“â€¦ Connected to peer: 12D3KooWPVKESWFG9sS8G6vjhfPn54kWuNFkkuHwG4yQXhYRcXjX
Heartbeat sent: D finalized=3129 epoch=3130
Peer info from 12D3KooWPVKESWFG9sS8G6vjhfPn54kWuNFkkuHwG4yQXhYRcXjX | validator=A role=validator
[SYNC] reason=snapshot_offer local=3129 target=3130 votes=0 required=0 stage=direct_gossip action=block_range_fetch
[SYNC-REQUEST-START] peer=12D3KooW range=3130-3130 snapshot=false snapshot_height=0 timeout_ms=15000
[SYNC-REQUEST-OPEN] peer=12D3KooW range=3130-3130
Peer info from 12D3KooWPVKESWFG9sS8G6vjhfPn54kWuNFkkuHwG4yQXhYRcXjX | validator=A role=validator
[SYNC-REQUEST-START] peer=12D3KooW range=3130-3130 snapshot=false snapshot_height=0 timeout_ms=15000
[SYNC-REQUEST-OPEN] peer=12D3KooW range=3130-3130
[SYNC-REQUEST-OPEN-OK] peer=12D3KooW range=3130-3130 duration_ms=0
[SYNC-REQUEST-ENCODE] peer=12D3KooW range=3130-3130
[SYNC-REQUEST-OPEN-OK] peer=12D3KooW range=3130-3130 duration_ms=1
[SYNC-REQUEST-ENCODE] peer=12D3KooW range=3130-3130
[SYNC-REQUEST-ENCODE-OK] peer=12D3KooW range=3130-3130 duration_ms=0
[SYNC-REQUEST-DECODE] peer=12D3KooW range=3130-3130
[SYNC-REQUEST-ENCODE-OK] peer=12D3KooW range=3130-3130 duration_ms=1
[SYNC-REQUEST-DECODE] peer=12D3KooW range=3130-3130
[SYNC-REQUEST-RESULT] peer=12D3KooW range=3130-3130 count=1 snapshot=false duration_ms=1
[SYNC-REQUEST-RESULT] peer=12D3KooW range=3130-3130 count=1 snapshot=false duration_ms=1
[REGISTRY-COMMITMENT-CHECK] height=3130 required=true parent_unanchored=false source=chain_parent_commitment expected=9cd32df6 got=9cd32df6
[REGISTRY-PRECOMMIT] height=3130 source=committed_carry_forward header=9cd32df6 resolved=9cd32df6 validators=4
[SYNC-COMMIT-PHASE] node=D stage=direct_gossip provider=12D3KooW height=3130 local=3129 phase=process_block_begin
[SYNC-COMMIT-PHASE] node=D stage=direct_gossip provider=12D3KooW height=3130 local=3130 phase=process_block_committed
[SYNC-COMMIT-PHASE] node=D stage=direct_gossip provider=12D3KooW height=3130 local=3130 phase=post_block_effects_begin
âœ… Height finalized â†’ 3131
[EMISSION] h=3130 reward=4 treasury=1 validators=2 burn=1 applied_burn=0 chance_bps=10000
[SYNC-COMMIT-PHASE] node=D stage=direct_gossip provider=12D3KooW height=3130 local=3130 phase=post_block_effects_done
[SYNC-COMMIT-PHASE] node=D stage=direct_gossip provider=12D3KooW height=3130 local=3130 phase=persist_registry_begin
Validator heartbeat: A | reported_height=3133 | finalized_height=3133 | local_exec_epoch=3134
[SYNC-COMMIT-PHASE] node=D stage=direct_gossip provider=12D3KooW height=3130 local=3130 phase=persist_registry_done
[SYNC-COMMIT-PHASE] node=D stage=direct_gossip provider=12D3KooW height=3130 local=3130 phase=apply_validator_updates_begin
[SYNC-COMMIT-PHASE] node=D stage=direct_gossip provider=12D3KooW height=3130 local=3130 phase=apply_validator_updates_done
[SYNC-COMMIT-PHASE] node=D stage=direct_gossip provider=12D3KooW height=3130 local=3130 phase=observe_candidates_begin
Ã°Å¸â€œÂ¨ Consensus message from 12D3KooWPVKESWFG9sS8G6vjhfPn54kWuNFkkuHwG4yQXhYRcXjX: peers (size: 333 bytes)
Ã°Å¸â€â€” Received 4 peers from 12D3KooWPVKESWFG9sS8G6vjhfPn54kWuNFkkuHwG4yQXhYRcXjX
Ã°Å¸â€Å’ Consensus stream EOF from 12D3KooWPVKESWFG9sS8G6vjhfPn54kWuNFkkuHwG4yQXhYRcXjX
Ã°Å¸â€Å’ Consensus stream closed with 12D3KooWPVKESWFG9sS8G6vjhfPn54kWuNFkkuHwG4yQXhYRcXjX
Attempting to connect to 5 peers
[SYNC-COMMIT-PHASE] node=D stage=direct_gossip provider=12D3KooW height=3130 local=3130 phase=observe_candidates_done
[SYNC-COMMIT-PHASE] node=D stage=direct_gossip provider=12D3KooW height=3130 local=3130 phase=apply_validator_update_txs_begin
[SYNC-COMMIT-PHASE] node=D stage=direct_gossip provider=12D3KooW height=3130 local=3130 phase=apply_validator_update_txs_done
[SYNC-COMMIT-PHASE] node=D stage=direct_gossip provider=12D3KooW height=3130 local=3130 phase=apply_scheduled_updates_begin
[SYNC-SCHEDULED-UPDATES] stage=direct_gossip provider=12D3KooW current_height=3130 step=queue_inactive_removals_begin update_height=3130 due_transition=false defer_for_sync=false update_blocked=false planned_only=false updated=false processed_adds=0 processed_removes=0 next_transition_height=0 transition_validators=0 next_validators=0
Ã¢Å¡â€“Ã¯Â¸Â Inactivity penalty applied: validator=G height=3130 tier=1 offenses=1 burned=1 bps=50
[SYNC-SCHEDULED-UPDATES] stage=direct_gossip provider=12D3KooW current_height=3130 step=queue_inactive_removals_done update_height=3130 due_transition=false defer_for_sync=false update_blocked=false planned_only=false updated=false processed_adds=0 processed_removes=0 next_transition_height=0 transition_validators=0 next_validators=0
[SYNC-SCHEDULED-UPDATES] stage=direct_gossip provider=12D3KooW current_height=3130 step=sync_gate_snapshot_state_begin update_height=3130 due_transition=false defer_for_sync=false update_blocked=false planned_only=false updated=false processed_adds=0 processed_removes=0 next_transition_height=0 transition_validators=0 next_validators=0
[SYNC-SCHEDULED-UPDATES] stage=direct_gossip provider=12D3KooW current_height=3130 step=sync_gate_snapshot_state_done update_height=3130 due_transition=false defer_for_sync=false update_blocked=false planned_only=false updated=false processed_adds=0 processed_removes=0 next_transition_height=0 transition_validators=0 next_validators=0
[SYNC-SCHEDULED-UPDATES] stage=direct_gossip provider=12D3KooW current_height=3130 step=apply_queued_set_update_begin update_height=3130 due_transition=false defer_for_sync=false update_blocked=false planned_only=false updated=false processed_adds=0 processed_removes=0 next_transition_height=0 transition_validators=0 next_validators=0
[SYNC-SCHEDULED-UPDATES] stage=direct_gossip provider=12D3KooW current_height=3130 step=apply_queued_set_update_done update_height=3130 due_transition=false defer_for_sync=false update_blocked=false planned_only=false updated=false processed_adds=0 processed_removes=0 next_transition_height=0 transition_validators=0 next_validators=0
[SYNC-SCHEDULED-UPDATES] stage=direct_gossip provider=12D3KooW current_height=3130 step=validator_set_lock_begin update_height=3130 due_transition=false defer_for_sync=false update_blocked=false planned_only=false updated=false processed_adds=0 processed_removes=0 next_transition_height=0 transition_validators=0 next_validators=0
[SYNC-SCHEDULED-UPDATES] stage=direct_gossip provider=12D3KooW current_height=3130 step=validator_set_lock_acquired update_height=3130 due_transition=false defer_for_sync=false update_blocked=false planned_only=false updated=false processed_adds=0 processed_removes=0 next_transition_height=0 transition_validators=0 next_validators=0
[SYNC-SCHEDULED-UPDATES] stage=direct_gossip provider=12D3KooW current_height=3130 step=compute_next_transition_height_begin update_height=3130 due_transition=false defer_for_sync=false update_blocked=false planned_only=false updated=false processed_adds=0 processed_removes=0 next_transition_height=0 transition_validators=0 next_validators=0
[SYNC-SCHEDULED-UPDATES] stage=direct_gossip provider=12D3KooW current_height=3130 step=compute_next_transition_height_done update_height=3130 due_transition=false defer_for_sync=false update_blocked=false planned_only=false updated=false processed_adds=0 processed_removes=0 next_transition_height=0 transition_validators=0 next_validators=0
[SYNC-SCHEDULED-UPDATES] stage=direct_gossip provider=12D3KooW current_height=3130 step=due_transition_eval_begin update_height=3130 due_transition=false defer_for_sync=false update_blocked=false planned_only=false updated=false processed_adds=0 processed_removes=0 next_transition_height=0 transition_validators=0 next_validators=0
[SYNC-SCHEDULED-UPDATES] stage=direct_gossip provider=12D3KooW current_height=3130 step=due_transition_eval_done update_height=3130 due_transition=false defer_for_sync=false update_blocked=false planned_only=false updated=false processed_adds=0 processed_removes=0 next_transition_height=0 transition_validators=0 next_validators=0
[SYNC-SCHEDULED-UPDATES] stage=direct_gossip provider=12D3KooW current_height=3130 step=defer_for_sync_eval_begin update_height=3130 due_transition=false defer_for_sync=false update_blocked=false planned_only=false updated=false processed_adds=0 processed_removes=0 next_transition_height=0 transition_validators=0 next_validators=0
[SYNC-SCHEDULED-UPDATES] stage=direct_gossip provider=12D3KooW current_height=3130 step=defer_for_sync_eval_done update_height=3130 due_transition=false defer_for_sync=false update_blocked=false planned_only=false updated=false processed_adds=0 processed_removes=0 next_transition_height=0 transition_validators=0 next_validators=0
[SYNC-SCHEDULED-UPDATES] stage=direct_gossip provider=12D3KooW current_height=3130 step=scheduled_transition_validators_begin update_height=3130 due_transition=false defer_for_sync=false update_blocked=false planned_only=false updated=false processed_adds=0 processed_removes=0 next_transition_height=0 transition_validators=0 next_validators=0
[SYNC-SCHEDULED-UPDATES] stage=direct_gossip provider=12D3KooW current_height=3130 step=scheduled_transition_validators_done update_height=3130 due_transition=false defer_for_sync=false update_blocked=false planned_only=false updated=false processed_adds=0 processed_removes=0 next_transition_height=0 transition_validators=4 next_validators=0
[SYNC-SCHEDULED-UPDATES] stage=direct_gossip provider=12D3KooW current_height=3130 step=build_next_validators_begin update_height=3130 due_transition=false defer_for_sync=false update_blocked=false planned_only=false updated=false processed_adds=0 processed_removes=0 next_transition_height=0 transition_validators=4 next_validators=0
[SYNC-SCHEDULED-UPDATES] stage=direct_gossip provider=12D3KooW current_height=3130 step=build_next_validators_done update_height=3130 due_transition=false defer_for_sync=false update_blocked=false planned_only=false updated=false processed_adds=0 processed_removes=0 next_transition_height=0 transition_validators=4 next_validators=4
[SYNC-SCHEDULED-UPDATES] stage=direct_gossip provider=12D3KooW current_height=3130 step=transition_quorum_begin update_height=3130 due_transition=false defer_for_sync=false update_blocked=false planned_only=false updated=false processed_adds=0 processed_removes=0 next_transition_height=0 transition_validators=4 next_validators=4
[SYNC-SCHEDULED-UPDATES] stage=direct_gossip provider=12D3KooW current_height=3130 step=transition_quorum_done update_height=3130 due_transition=false defer_for_sync=false update_blocked=false planned_only=false updated=false processed_adds=0 processed_removes=0 next_transition_height=0 transition_validators=4 next_validators=4
[SYNC-SCHEDULED-UPDATES] stage=direct_gossip provider=12D3KooW current_height=3130 step=transition_plan_write_begin update_height=3130 due_transition=false defer_for_sync=false update_blocked=false planned_only=false updated=false processed_adds=0 processed_removes=0 next_transition_height=0 transition_validators=4 next_validators=4
[SYNC-SCHEDULED-UPDATES] stage=direct_gossip provider=12D3KooW current_height=3130 step=transition_plan_write_done update_height=3130 due_transition=false defer_for_sync=false update_blocked=false planned_only=false updated=false processed_adds=0 processed_removes=0 next_transition_height=0 transition_validators=4 next_validators=4
[SYNC-SCHEDULED-UPDATES] stage=direct_gossip provider=12D3KooW current_height=3130 step=finalize_pending_maps_begin update_height=3130 due_transition=false defer_for_sync=false update_blocked=false planned_only=false updated=false processed_adds=0 processed_removes=0 next_transition_height=0 transition_validators=4 next_validators=4
[SYNC-SCHEDULED-UPDATES] stage=direct_gossip provider=12D3KooW current_height=3130 step=finalize_pending_maps_done update_height=3130 due_transition=false defer_for_sync=false update_blocked=false planned_only=false updated=false processed_adds=0 processed_removes=0 next_transition_height=0 transition_validators=4 next_validators=4
[SYNC-SCHEDULED-UPDATES] stage=direct_gossip provider=12D3KooW current_height=3130 step=active_transition_heights_begin update_height=3130 due_transition=false defer_for_sync=false update_blocked=false planned_only=false updated=false processed_adds=0 processed_removes=0 next_transition_height=0 transition_validators=4 next_validators=4
[SYNC-SCHEDULED-UPDATES] stage=direct_gossip provider=12D3KooW current_height=3130 step=active_transition_heights_done update_height=3130 due_transition=false defer_for_sync=false update_blocked=false planned_only=false updated=false processed_adds=0 processed_removes=0 next_transition_height=0 transition_validators=4 next_validators=4
[SYNC-SCHEDULED-UPDATES] stage=direct_gossip provider=12D3KooW current_height=3130 step=validator_set_unlock update_height=3130 due_transition=false defer_for_sync=false update_blocked=false planned_only=false updated=false processed_adds=0 processed_removes=0 next_transition_height=0 transition_validators=4 next_validators=4
[SYNC-SCHEDULED-UPDATES] stage=direct_gossip provider=12D3KooW current_height=3130 step=retry_clear_begin update_height=3130 due_transition=false defer_for_sync=false update_blocked=false planned_only=false updated=false processed_adds=0 processed_removes=0 next_transition_height=0 transition_validators=4 next_validators=4
[SYNC-SCHEDULED-UPDATES] stage=direct_gossip provider=12D3KooW current_height=3130 step=retry_clear_done update_height=3130 due_transition=false defer_for_sync=false update_blocked=false planned_only=false updated=false processed_adds=0 processed_removes=0 next_transition_height=0 transition_validators=4 next_validators=4
[SYNC-SCHEDULED-UPDATES] stage=direct_gossip provider=12D3KooW current_height=3130 step=prune_retry_begin update_height=3130 due_transition=false defer_for_sync=false update_blocked=false planned_only=false updated=false processed_adds=0 processed_removes=0 next_transition_height=0 transition_validators=4 next_validators=4
[SYNC-SCHEDULED-UPDATES] stage=direct_gossip provider=12D3KooW current_height=3130 step=prune_retry_done update_height=3130 due_transition=false defer_for_sync=false update_blocked=false planned_only=false updated=false processed_adds=0 processed_removes=0 next_transition_height=0 transition_validators=4 next_validators=4
[SYNC-SCHEDULED-UPDATES] stage=direct_gossip provider=12D3KooW current_height=3130 step=onboarding_tracker_begin update_height=3130 due_transition=false defer_for_sync=false update_blocked=false planned_only=false updated=false processed_adds=0 processed_removes=0 next_transition_height=0 transition_validators=4 next_validators=4
[SYNC-SCHEDULED-UPDATES] stage=direct_gossip provider=12D3KooW current_height=3130 step=onboarding_tracker_done update_height=3130 due_transition=false defer_for_sync=false update_blocked=false planned_only=false updated=false processed_adds=0 processed_removes=0 next_transition_height=0 transition_validators=4 next_validators=4
[SYNC-SCHEDULED-UPDATES] stage=direct_gossip provider=12D3KooW current_height=3130 step=broadcast_validator_info_begin update_height=3130 due_transition=false defer_for_sync=false update_blocked=false planned_only=false updated=false processed_adds=0 processed_removes=0 next_transition_height=0 transition_validators=4 next_validators=4
[SYNC-SCHEDULED-UPDATES] stage=direct_gossip provider=12D3KooW current_height=3130 step=broadcast_validator_info_done update_height=3130 due_transition=false defer_for_sync=false update_blocked=false planned_only=false updated=false processed_adds=0 processed_removes=0 next_transition_height=0 transition_validators=4 next_validators=4
[SYNC-SCHEDULED-UPDATES] stage=direct_gossip provider=12D3KooW current_height=3130 step=final_update_log_begin update_height=3130 due_transition=false defer_for_sync=false update_blocked=false planned_only=false updated=false processed_adds=0 processed_removes=0 next_transition_height=0 transition_validators=4 next_validators=4
[SYNC-SCHEDULED-UPDATES] stage=direct_gossip provider=12D3KooW current_height=3130 step=final_update_log_done update_height=3130 due_transition=false defer_for_sync=false update_blocked=false planned_only=false updated=false processed_adds=0 processed_removes=0 next_transition_height=0 transition_validators=4 next_validators=4
[SYNC-SCHEDULED-UPDATES] stage=direct_gossip provider=12D3KooW current_height=3130 step=snapshot_epoch_validators_begin update_height=3130 due_transition=false defer_for_sync=false update_blocked=false planned_only=false updated=false processed_adds=0 processed_removes=0 next_transition_height=0 transition_validators=4 next_validators=4
Heartbeat sent: D finalized=3130 epoch=3131
[SYNC-SCHEDULED-UPDATES] stage=direct_gossip provider=12D3KooW current_height=3130 step=snapshot_epoch_validators_done update_height=3130 due_transition=false defer_for_sync=false update_blocked=false planned_only=false updated=false processed_adds=0 processed_removes=0 next_transition_height=0 transition_validators=4 next_validators=4
[SYNC-COMMIT-PHASE] node=D stage=direct_gossip provider=12D3KooW height=3130 local=3130 phase=apply_scheduled_updates_done
[SYNC-COMMIT-PHASE] node=D stage=direct_gossip provider=12D3KooW height=3130 local=3130 phase=snapshot_epoch_validators_begin
[SYNC-COMMIT-PHASE] node=D stage=direct_gossip provider=12D3KooW height=3130 local=3130 phase=snapshot_epoch_validators_done
[SYNC-COMMIT-PHASE] node=D stage=direct_gossip provider=12D3KooW height=3130 local=3130 phase=start_next_round_begin
[SYNC-COMMIT-PHASE] node=D stage=direct_gossip provider=12D3KooW height=3130 local=3130 phase=start_next_round_done
[SYNC-COMMIT-PHASE] node=D stage=direct_gossip provider=12D3KooW height=3130 local=3130 phase=clear_exec_results_begin
[SYNC-COMMIT-PHASE] node=D stage=direct_gossip provider=12D3KooW height=3130 local=3130 phase=clear_exec_results_done
[SYNC-COMMIT-PHASE] node=D stage=direct_gossip provider=12D3KooW height=3130 local=3130 phase=update_validator_metrics_begin
[SYNC-COMMIT-PHASE] node=D stage=direct_gossip provider=12D3KooW height=3130 local=3130 phase=update_validator_metrics_done
[SYNC-COMMIT-PHASE] node=D stage=direct_gossip provider=12D3KooW height=3130 local=3130 phase=enter_safe_mode_begin
[SYNC-COMMIT-PHASE] node=D stage=direct_gossip provider=12D3KooW height=3130 local=3130 phase=enter_safe_mode_deferred
[SYNC-COMMIT-PHASE] node=D stage=direct_gossip provider=12D3KooW height=3130 local=3130 phase=enter_safe_mode_done
[SYNC-COMMIT-PHASE] node=D stage=direct_gossip provider=12D3KooW height=3130 local=3130 phase=ensure_tip_snapshot_begin
[SYNC-COMMIT-PHASE] node=D stage=direct_gossip provider=12D3KooW height=3130 local=3130 phase=ensure_tip_snapshot_done
[SYNC-COMMIT-PHASE] node=D stage=direct_gossip provider=12D3KooW height=3130 local=3130 phase=prune_snapshots_deferred
[SYNC-COMMIT-PHASE] node=D stage=direct_gossip provider=12D3KooW height=3130 local=3130 phase=publish_required_snapshot_begin
[SYNC-COMMIT-PHASE] node=D stage=direct_gossip provider=12D3KooW height=3130 local=3130 phase=publish_required_snapshot_deferred
[SYNC-COMMIT-PHASE] node=D stage=direct_gossip provider=12D3KooW height=3130 local=3130 phase=publish_required_snapshot_done
[COMMIT] node=D h=3130 hash=be8a7cc1 by=A type=TIME txs=0
[SYNC-COMMIT-PHASE] node=D stage=direct_gossip provider=12D3KooW height=3130 local=3130 phase=commit_log_done
[SYNC-COMMIT-PHASE] node=D stage=direct_gossip provider=12D3KooW height=3130 local=3130 phase=touch_signers_begin
Validator heartbeat received: A | reported_height=3133 | finalized_height=3133 | local_exec_epoch=3134
[SYNC-COMMIT-PHASE] node=D stage=direct_gossip provider=12D3KooW height=3130 local=3130 phase=touch_signers_done
[SYNC-COMMIT-PHASE] node=D stage=direct_gossip provider=12D3KooW height=3130 local=3130 phase=maybe_exit_sync_begin
[SYNC-CLEAR] reason=commit local=3130 target=3130
[SYNC-COMMIT-PHASE] node=D stage=direct_gossip provider=12D3KooW height=3130 local=3130 phase=done
[HEIGHT] node=D updated -> 3130
Validator heartbeat: A | reported_height=3133 | finalized_height=3133 | local_exec_epoch=3134
Validator heartbeat received: A | reported_height=3133 | finalized_height=3133 | local_exec_epoch=3134
Ã°Å¸â€â€” Peer connected: 12D3KooWETqM63k4eBQTHnBZ2jzRd4SCLBX7fMSz6BcnGFUohp9U
2026/05/20 23:21:37 [SYNC-PIPELINE] stage=block_catchup
Ã¢ÂÂ³ Waiting for sync completion before consensus start (height=3130 finalized=3130)
Peer info from 12D3KooWETqM63k4eBQTHnBZ2jzRd4SCLBX7fMSz6BcnGFUohp9U | role=full
Heartbeat sent: D finalized=3130 epoch=3131
?? Peer forgotten: 12D3KooWGMgUyWLAv69e7RP2BHtN5PJyVfwFo8ZM95mzKNsJSZ5V reason=self_dial
Skipping self dial target: /ip4/127.0.0.1/tcp/7004/p2p/12D3KooWGMgUyWLAv69e7RP2BHtN5PJyVfwFo8ZM95mzKNsJSZ5V
Validator heartbeat: B | reported_height=3133 | finalized_height=3133 | local_exec_epoch=3134
Validator heartbeat: B | reported_height=3133 | finalized_height=3133 | local_exec_epoch=3134
Ã°Å¸â€â€ž Bootstrapping DHT...
Ã¢Å“â€¦ DHT bootstrap complete
Ã°Å¸â€Â Starting DHT peer discovery...
Ã°Å¸â€â€” PubSub mesh check against 4 peers
Validator heartbeat received: B | reported_height=3133 | finalized_height=3133 | local_exec_epoch=3134
Validator heartbeat received: B | reported_height=3133 | finalized_height=3133 | local_exec_epoch=3134
[SYNC] reason=heartbeat local=3130 target=3132 votes=3 required=3 stage=direct_gossip action=block_range_fetch
[SYNC-BATCH-REPLICATED] stage=range_fetch ranges=1 replicas=2 local=3130 requested=3131-3132 window=128 peers=2 per_peer_max=512
[SYNC-REQUEST-START] peer=12D3KooW range=3131-3132 snapshot=false snapshot_height=0 timeout_ms=15000
[SYNC-REQUEST-OPEN] peer=12D3KooW range=3131-3132
[SYNC-REQUEST-START] peer=12D3KooW range=3131-3132 snapshot=false snapshot_height=0 timeout_ms=15000
[SYNC-REQUEST-OPEN-OK] peer=12D3KooW range=3131-3132 duration_ms=0
[SYNC-REQUEST-OPEN] peer=12D3KooW range=3131-3132
[SYNC-REQUEST-OPEN-OK] peer=12D3KooW range=3131-3132 duration_ms=1
[SYNC-REQUEST-ENCODE] peer=12D3KooW range=3131-3132
[SYNC-REQUEST-ENCODE] peer=12D3KooW range=3131-3132
[SYNC-REQUEST-ENCODE-OK] peer=12D3KooW range=3131-3132 duration_ms=3
[SYNC-REQUEST-DECODE] peer=12D3KooW range=3131-3132
[SYNC-REQUEST-ENCODE-OK] peer=12D3KooW range=3131-3132 duration_ms=1
[SYNC-REQUEST-DECODE] peer=12D3KooW range=3131-3132
[SYNC-REQUEST-RESULT] peer=12D3KooW range=3131-3132 count=2 snapshot=false duration_ms=1
[SYNC-REQUEST-RESULT] peer=12D3KooW range=3131-3132 count=2 snapshot=false duration_ms=2
[REGISTRY-COMMITMENT-CHECK] height=3131 required=true parent_unanchored=false source=chain_parent_commitment expected=9cd32df6 got=9cd32df6
[REGISTRY-PRECOMMIT] height=3131 source=committed_carry_forward header=9cd32df6 resolved=9cd32df6 validators=4
[SYNC-COMMIT-PHASE] node=D stage=direct_gossip provider=12D3KooW height=3131 local=3130 phase=process_block_begin
[SYNC-COMMIT-PHASE] node=D stage=direct_gossip provider=12D3KooW height=3131 local=3131 phase=process_block_committed
[SYNC-COMMIT-PHASE] node=D stage=direct_gossip provider=12D3KooW height=3131 local=3131 phase=post_block_effects_begin
âœ… Height finalized â†’ 3132
[EMISSION] h=3131 reward=2 treasury=1 validators=1 burn=0 applied_burn=0 chance_bps=10000
[SYNC-COMMIT-PHASE] node=D stage=direct_gossip provider=12D3KooW height=3131 local=3131 phase=post_block_effects_done
[SYNC-COMMIT-PHASE] node=D stage=direct_gossip provider=12D3KooW height=3131 local=3131 phase=persist_registry_begin
[SYNC-COMMIT-PHASE] node=D stage=direct_gossip provider=12D3KooW height=3131 local=3131 phase=persist_registry_done
[SYNC-COMMIT-PHASE] node=D stage=direct_gossip provider=12D3KooW height=3131 local=3131 phase=apply_validator_updates_begin
[SYNC-COMMIT-PHASE] node=D stage=direct_gossip provider=12D3KooW height=3131 local=3131 phase=apply_validator_updates_done
[SYNC-COMMIT-PHASE] node=D stage=direct_gossip provider=12D3KooW height=3131 local=3131 phase=observe_candidates_begin
[SYNC-COMMIT-PHASE] node=D stage=direct_gossip provider=12D3KooW height=3131 local=3131 phase=observe_candidates_done
[SYNC-COMMIT-PHASE] node=D stage=direct_gossip provider=12D3KooW height=3131 local=3131 phase=apply_validator_update_txs_begin
[SYNC-COMMIT-PHASE] node=D stage=direct_gossip provider=12D3KooW height=3131 local=3131 phase=apply_validator_update_txs_done
[SYNC-COMMIT-PHASE] node=D stage=direct_gossip provider=12D3KooW height=3131 local=3131 phase=apply_scheduled_updates_begin
[SYNC-SCHEDULED-UPDATES] stage=direct_gossip provider=12D3KooW current_height=3131 step=queue_inactive_removals_begin update_height=3131 due_transition=false defer_for_sync=false update_blocked=false planned_only=false updated=false processed_adds=0 processed_removes=0 next_transition_height=0 transition_validators=0 next_validators=0
[SYNC-SCHEDULED-UPDATES] stage=direct_gossip provider=12D3KooW current_height=3131 step=queue_inactive_removals_done update_height=3131 due_transition=false defer_for_sync=false update_blocked=false planned_only=false updated=false processed_adds=0 processed_removes=0 next_transition_height=0 transition_validators=0 next_validators=0
[SYNC-SCHEDULED-UPDATES] stage=direct_gossip provider=12D3KooW current_height=3131 step=sync_gate_snapshot_state_begin update_height=3131 due_transition=false defer_for_sync=false update_blocked=false planned_only=false updated=false processed_adds=0 processed_removes=0 next_transition_height=0 transition_validators=0 next_validators=0
[SYNC-SCHEDULED-UPDATES] stage=direct_gossip provider=12D3KooW current_height=3131 step=sync_gate_snapshot_state_done update_height=3131 due_transition=false defer_for_sync=false update_blocked=false planned_only=false updated=false processed_adds=0 processed_removes=0 next_transition_height=0 transition_validators=0 next_validators=0
[SYNC-SCHEDULED-UPDATES] stage=direct_gossip provider=12D3KooW current_height=3131 step=apply_queued_set_update_begin update_height=3131 due_transition=false defer_for_sync=false update_blocked=false planned_only=false updated=false processed_adds=0 processed_removes=0 next_transition_height=0 transition_validators=0 next_validators=0
[SYNC-SCHEDULED-UPDATES] stage=direct_gossip provider=12D3KooW current_height=3131 step=apply_queued_set_update_done update_height=3131 due_transition=false defer_for_sync=false update_blocked=false planned_only=false updated=false processed_adds=0 processed_removes=0 next_transition_height=0 transition_validators=0 next_validators=0
[SYNC-SCHEDULED-UPDATES] stage=direct_gossip provider=12D3KooW current_height=3131 step=validator_set_lock_begin update_height=3131 due_transition=false defer_for_sync=false update_blocked=false planned_only=false updated=false processed_adds=0 processed_removes=0 next_transition_height=0 transition_validators=0 next_validators=0
[SYNC-SCHEDULED-UPDATES] stage=direct_gossip provider=12D3KooW current_height=3131 step=validator_set_lock_acquired update_height=3131 due_transition=false defer_for_sync=false update_blocked=false planned_only=false updated=false processed_adds=0 processed_removes=0 next_transition_height=0 transition_validators=0 next_validators=0
[SYNC-SCHEDULED-UPDATES] stage=direct_gossip provider=12D3KooW current_height=3131 step=compute_next_transition_height_begin update_height=3131 due_transition=false defer_for_sync=false update_blocked=false planned_only=false updated=false processed_adds=0 processed_removes=0 next_transition_height=0 transition_validators=0 next_validators=0
[SYNC-SCHEDULED-UPDATES] stage=direct_gossip provider=12D3KooW current_height=3131 step=compute_next_transition_height_done update_height=3131 due_transition=false defer_for_sync=false update_blocked=false planned_only=false updated=false processed_adds=0 processed_removes=0 next_transition_height=0 transition_validators=0 next_validators=0
[SYNC-SCHEDULED-UPDATES] stage=direct_gossip provider=12D3KooW current_height=3131 step=due_transition_eval_begin update_height=3131 due_transition=false defer_for_sync=false update_blocked=false planned_only=false updated=false processed_adds=0 processed_removes=0 next_transition_height=0 transition_validators=0 next_validators=0
[SYNC-SCHEDULED-UPDATES] stage=direct_gossip provider=12D3KooW current_height=3131 step=due_transition_eval_done update_height=3131 due_transition=false defer_for_sync=false update_blocked=false planned_only=false updated=false processed_adds=0 processed_removes=0 next_transition_height=0 transition_validators=0 next_validators=0
[SYNC-SCHEDULED-UPDATES] stage=direct_gossip provider=12D3KooW current_height=3131 step=defer_for_sync_eval_begin update_height=3131 due_transition=false defer_for_sync=false update_blocked=false planned_only=false updated=false processed_adds=0 processed_removes=0 next_transition_height=0 transition_validators=0 next_validators=0
[SYNC-SCHEDULED-UPDATES] stage=direct_gossip provider=12D3KooW current_height=3131 step=defer_for_sync_eval_done update_height=3131 due_transition=false defer_for_sync=false update_blocked=false planned_only=false updated=false processed_adds=0 processed_removes=0 next_transition_height=0 transition_validators=0 next_validators=0
[SYNC-SCHEDULED-UPDATES] stage=direct_gossip provider=12D3KooW current_height=3131 step=scheduled_transition_validators_begin update_height=3131 due_transition=false defer_for_sync=false update_blocked=false planned_only=false updated=false processed_adds=0 processed_removes=0 next_transition_height=0 transition_validators=0 next_validators=0
[SYNC-SCHEDULED-UPDATES] stage=direct_gossip provider=12D3KooW current_height=3131 step=scheduled_transition_validators_done update_height=3131 due_transition=false defer_for_sync=false update_blocked=false planned_only=false updated=false processed_adds=0 processed_removes=0 next_transition_height=0 transition_validators=4 next_validators=0
[SYNC-SCHEDULED-UPDATES] stage=direct_gossip provider=12D3KooW current_height=3131 step=build_next_validators_begin update_height=3131 due_transition=false defer_for_sync=false update_blocked=false planned_only=false updated=false processed_adds=0 processed_removes=0 next_transition_height=0 transition_validators=4 next_validators=0
[SYNC-SCHEDULED-UPDATES] stage=direct_gossip provider=12D3KooW current_height=3131 step=build_next_validators_done update_height=3131 due_transition=false defer_for_sync=false update_blocked=false planned_only=false updated=false processed_adds=0 processed_removes=0 next_transition_height=0 transition_validators=4 next_validators=4
[SYNC-SCHEDULED-UPDATES] stage=direct_gossip provider=12D3KooW current_height=3131 step=transition_quorum_begin update_height=3131 due_transition=false defer_for_sync=false update_blocked=false planned_only=false updated=false processed_adds=0 processed_removes=0 next_transition_height=0 transition_validators=4 next_validators=4
[SYNC-SCHEDULED-UPDATES] stage=direct_gossip provider=12D3KooW current_height=3131 step=transition_quorum_done update_height=3131 due_transition=false defer_for_sync=false update_blocked=false planned_only=false updated=false processed_adds=0 processed_removes=0 next_transition_height=0 transition_validators=4 next_validators=4
[SYNC-SCHEDULED-UPDATES] stage=direct_gossip provider=12D3KooW current_height=3131 step=transition_plan_write_begin update_height=3131 due_transition=false defer_for_sync=false update_blocked=false planned_only=false updated=false processed_adds=0 processed_removes=0 next_transition_height=0 transition_validators=4 next_validators=4
[SYNC-SCHEDULED-UPDATES] stage=direct_gossip provider=12D3KooW current_height=3131 step=transition_plan_write_done update_height=3131 due_transition=false defer_for_sync=false update_blocked=false planned_only=false updated=false processed_adds=0 processed_removes=0 next_transition_height=0 transition_validators=4 next_validators=4
[SYNC-SCHEDULED-UPDATES] stage=direct_gossip provider=12D3KooW current_height=3131 step=finalize_pending_maps_begin update_height=3131 due_transition=false defer_for_sync=false update_blocked=false planned_only=false updated=false processed_adds=0 processed_removes=0 next_transition_height=0 transition_validators=4 next_validators=4
[SYNC-SCHEDULED-UPDATES] stage=direct_gossip provider=12D3KooW current_height=3131 step=finalize_pending_maps_done update_height=3131 due_transition=false defer_for_sync=false update_blocked=false planned_only=false updated=false processed_adds=0 processed_removes=0 next_transition_height=0 transition_validators=4 next_validators=4
[SYNC-SCHEDULED-UPDATES] stage=direct_gossip provider=12D3KooW current_height=3131 step=active_transition_heights_begin update_height=3131 due_transition=false defer_for_sync=false update_blocked=false planned_only=false updated=false processed_adds=0 processed_removes=0 next_transition_height=0 transition_validators=4 next_validators=4
[SYNC-SCHEDULED-UPDATES] stage=direct_gossip provider=12D3KooW current_height=3131 step=active_transition_heights_done update_height=3131 due_transition=false defer_for_sync=false update_blocked=false planned_only=false updated=false processed_adds=0 processed_removes=0 next_transition_height=0 transition_validators=4 next_validators=4
[SYNC-SCHEDULED-UPDATES] stage=direct_gossip provider=12D3KooW current_height=3131 step=validator_set_unlock update_height=3131 due_transition=false defer_for_sync=false update_blocked=false planned_only=false updated=false processed_adds=0 processed_removes=0 next_transition_height=0 transition_validators=4 next_validators=4
[SYNC-SCHEDULED-UPDATES] stage=direct_gossip provider=12D3KooW current_height=3131 step=retry_clear_begin update_height=3131 due_transition=false defer_for_sync=false update_blocked=false planned_only=false updated=false processed_adds=0 processed_removes=0 next_transition_height=0 transition_validators=4 next_validators=4
[SYNC-SCHEDULED-UPDATES] stage=direct_gossip provider=12D3KooW current_height=3131 step=retry_clear_done update_height=3131 due_transition=false defer_for_sync=false update_blocked=false planned_only=false updated=false processed_adds=0 processed_removes=0 next_transition_height=0 transition_validators=4 next_validators=4
[SYNC-SCHEDULED-UPDATES] stage=direct_gossip provider=12D3KooW current_height=3131 step=prune_retry_begin update_height=3131 due_transition=false defer_for_sync=false update_blocked=false planned_only=false updated=false processed_adds=0 processed_removes=0 next_transition_height=0 transition_validators=4 next_validators=4
[SYNC-SCHEDULED-UPDATES] stage=direct_gossip provider=12D3KooW current_height=3131 step=prune_retry_done update_height=3131 due_transition=false defer_for_sync=false update_blocked=false planned_only=false updated=false processed_adds=0 processed_removes=0 next_transition_height=0 transition_validators=4 next_validators=4
[SYNC-SCHEDULED-UPDATES] stage=direct_gossip provider=12D3KooW current_height=3131 step=onboarding_tracker_begin update_height=3131 due_transition=false defer_for_sync=false update_blocked=false planned_only=false updated=false processed_adds=0 processed_removes=0 next_transition_height=0 transition_validators=4 next_validators=4
[SYNC-SCHEDULED-UPDATES] stage=direct_gossip provider=12D3KooW current_height=3131 step=onboarding_tracker_done update_height=3131 due_transition=false defer_for_sync=false update_blocked=false planned_only=false updated=false processed_adds=0 processed_removes=0 next_transition_height=0 transition_validators=4 next_validators=4
[SYNC-SCHEDULED-UPDATES] stage=direct_gossip provider=12D3KooW current_height=3131 step=broadcast_validator_info_begin update_height=3131 due_transition=false defer_for_sync=false update_blocked=false planned_only=false updated=false processed_adds=0 processed_removes=0 next_transition_height=0 transition_validators=4 next_validators=4
[SYNC-SCHEDULED-UPDATES] stage=direct_gossip provider=12D3KooW current_height=3131 step=broadcast_validator_info_done update_height=3131 due_transition=false defer_for_sync=false update_blocked=false planned_only=false updated=false processed_adds=0 processed_removes=0 next_transition_height=0 transition_validators=4 next_validators=4
[SYNC-SCHEDULED-UPDATES] stage=direct_gossip provider=12D3KooW current_height=3131 step=final_update_log_begin update_height=3131 due_transition=false defer_for_sync=false update_blocked=false planned_only=false updated=false processed_adds=0 processed_removes=0 next_transition_height=0 transition_validators=4 next_validators=4
[SYNC-SCHEDULED-UPDATES] stage=direct_gossip provider=12D3KooW current_height=3131 step=final_update_log_done update_height=3131 due_transition=false defer_for_sync=false update_blocked=false planned_only=false updated=false processed_adds=0 processed_removes=0 next_transition_height=0 transition_validators=4 next_validators=4
[SYNC-SCHEDULED-UPDATES] stage=direct_gossip provider=12D3KooW current_height=3131 step=snapshot_epoch_validators_begin update_height=3131 due_transition=false defer_for_sync=false update_blocked=false planned_only=false updated=false processed_adds=0 processed_removes=0 next_transition_height=0 transition_validators=4 next_validators=4
[SYNC-SCHEDULED-UPDATES] stage=direct_gossip provider=12D3KooW current_height=3131 step=snapshot_epoch_validators_done update_height=3131 due_transition=false defer_for_sync=false update_blocked=false planned_only=false updated=false processed_adds=0 processed_removes=0 next_transition_height=0 transition_validators=4 next_validators=4
[SYNC-COMMIT-PHASE] node=D stage=direct_gossip provider=12D3KooW height=3131 local=3131 phase=apply_scheduled_updates_done
[SYNC-COMMIT-PHASE] node=D stage=direct_gossip provider=12D3KooW height=3131 local=3131 phase=snapshot_epoch_validators_begin
Heartbeat sent: D finalized=3131 epoch=3132
[SYNC-COMMIT-PHASE] node=D stage=direct_gossip provider=12D3KooW height=3131 local=3131 phase=snapshot_epoch_validators_done
[SYNC-COMMIT-PHASE] node=D stage=direct_gossip provider=12D3KooW height=3131 local=3131 phase=start_next_round_begin
[SYNC-COMMIT-PHASE] node=D stage=direct_gossip provider=12D3KooW height=3131 local=3131 phase=start_next_round_done
[SYNC-COMMIT-PHASE] node=D stage=direct_gossip provider=12D3KooW height=3131 local=3131 phase=clear_exec_results_begin
[SYNC-COMMIT-PHASE] node=D stage=direct_gossip provider=12D3KooW height=3131 local=3131 phase=clear_exec_results_done
[SYNC-COMMIT-PHASE] node=D stage=direct_gossip provider=12D3KooW height=3131 local=3131 phase=update_validator_metrics_begin
[SYNC-COMMIT-PHASE] node=D stage=direct_gossip provider=12D3KooW height=3131 local=3131 phase=update_validator_metrics_done
[SYNC-COMMIT-PHASE] node=D stage=direct_gossip provider=12D3KooW height=3131 local=3131 phase=enter_safe_mode_begin
[SYNC-COMMIT-PHASE] node=D stage=direct_gossip provider=12D3KooW height=3131 local=3131 phase=enter_safe_mode_deferred
[SYNC-COMMIT-PHASE] node=D stage=direct_gossip provider=12D3KooW height=3131 local=3131 phase=enter_safe_mode_done
[SYNC-COMMIT-PHASE] node=D stage=direct_gossip provider=12D3KooW height=3131 local=3131 phase=ensure_tip_snapshot_begin
[SYNC-COMMIT-PHASE] node=D stage=direct_gossip provider=12D3KooW height=3131 local=3131 phase=ensure_tip_snapshot_done
[SYNC-COMMIT-PHASE] node=D stage=direct_gossip provider=12D3KooW height=3131 local=3131 phase=prune_snapshots_deferred
[SYNC-COMMIT-PHASE] node=D stage=direct_gossip provider=12D3KooW height=3131 local=3131 phase=publish_required_snapshot_begin
[SYNC-COMMIT-PHASE] node=D stage=direct_gossip provider=12D3KooW height=3131 local=3131 phase=publish_required_snapshot_deferred
[SYNC-COMMIT-PHASE] node=D stage=direct_gossip provider=12D3KooW height=3131 local=3131 phase=publish_required_snapshot_done
[COMMIT] node=D h=3131 hash=a8e5ca37 by=C type=TIME txs=0
[SYNC-COMMIT-PHASE] node=D stage=direct_gossip provider=12D3KooW height=3131 local=3131 phase=commit_log_done
[SYNC-COMMIT-PHASE] node=D stage=direct_gossip provider=12D3KooW height=3131 local=3131 phase=touch_signers_begin
[SYNC-COMMIT-PHASE] node=D stage=direct_gossip provider=12D3KooW height=3131 local=3131 phase=touch_signers_done
[SYNC-COMMIT-PHASE] node=D stage=direct_gossip provider=12D3KooW height=3131 local=3131 phase=maybe_exit_sync_begin
[SYNC-COMMIT-PHASE] node=D stage=direct_gossip provider=12D3KooW height=3131 local=3131 phase=done
[HEIGHT] node=D updated -> 3131
[REGISTRY-COMMITMENT-CHECK] height=3132 required=true parent_unanchored=false source=chain_parent_commitment expected=9cd32df6 got=9cd32df6
[REGISTRY-PRECOMMIT] height=3132 source=committed_carry_forward header=9cd32df6 resolved=9cd32df6 validators=4
[SYNC-COMMIT-PHASE] node=D stage=direct_gossip provider=12D3KooW height=3132 local=3131 phase=process_block_begin
[SYNC-COMMIT-PHASE] node=D stage=direct_gossip provider=12D3KooW height=3132 local=3132 phase=process_block_committed
[SYNC-COMMIT-PHASE] node=D stage=direct_gossip provider=12D3KooW height=3132 local=3132 phase=post_block_effects_begin
âœ… Height finalized â†’ 3133
[EMISSION] h=3132 reward=3 treasury=1 validators=2 burn=0 applied_burn=0 chance_bps=10000
[SYNC-COMMIT-PHASE] node=D stage=direct_gossip provider=12D3KooW height=3132 local=3132 phase=post_block_effects_done
[SYNC-COMMIT-PHASE] node=D stage=direct_gossip provider=12D3KooW height=3132 local=3132 phase=persist_registry_begin
[SYNC-COMMIT-PHASE] node=D stage=direct_gossip provider=12D3KooW height=3132 local=3132 phase=persist_registry_done
[SYNC-COMMIT-PHASE] node=D stage=direct_gossip provider=12D3KooW height=3132 local=3132 phase=apply_validator_updates_begin
[SYNC-COMMIT-PHASE] node=D stage=direct_gossip provider=12D3KooW height=3132 local=3132 phase=apply_validator_updates_done
[SYNC-COMMIT-PHASE] node=D stage=direct_gossip provider=12D3KooW height=3132 local=3132 phase=observe_candidates_begin
[SYNC-COMMIT-PHASE] node=D stage=direct_gossip provider=12D3KooW height=3132 local=3132 phase=observe_candidates_done
[SYNC-COMMIT-PHASE] node=D stage=direct_gossip provider=12D3KooW height=3132 local=3132 phase=apply_validator_update_txs_begin
[SYNC-COMMIT-PHASE] node=D stage=direct_gossip provider=12D3KooW height=3132 local=3132 phase=apply_validator_update_txs_done
[SYNC-COMMIT-PHASE] node=D stage=direct_gossip provider=12D3KooW height=3132 local=3132 phase=apply_scheduled_updates_begin
[SYNC-SCHEDULED-UPDATES] stage=direct_gossip provider=12D3KooW current_height=3132 step=queue_inactive_removals_begin update_height=3132 due_transition=false defer_for_sync=false update_blocked=false planned_only=false updated=false processed_adds=0 processed_removes=0 next_transition_height=0 transition_validators=0 next_validators=0
[SYNC-SCHEDULED-UPDATES] stage=direct_gossip provider=12D3KooW current_height=3132 step=queue_inactive_removals_done update_height=3132 due_transition=false defer_for_sync=false update_blocked=false planned_only=false updated=false processed_adds=0 processed_removes=0 next_transition_height=0 transition_validators=0 next_validators=0
[SYNC-SCHEDULED-UPDATES] stage=direct_gossip provider=12D3KooW current_height=3132 step=sync_gate_snapshot_state_begin update_height=3132 due_transition=false defer_for_sync=false update_blocked=false planned_only=false updated=false processed_adds=0 processed_removes=0 next_transition_height=0 transition_validators=0 next_validators=0
[SYNC-SCHEDULED-UPDATES] stage=direct_gossip provider=12D3KooW current_height=3132 step=sync_gate_snapshot_state_done update_height=3132 due_transition=false defer_for_sync=false update_blocked=false planned_only=false updated=false processed_adds=0 processed_removes=0 next_transition_height=0 transition_validators=0 next_validators=0
[SYNC-SCHEDULED-UPDATES] stage=direct_gossip provider=12D3KooW current_height=3132 step=apply_queued_set_update_begin update_height=3132 due_transition=false defer_for_sync=false update_blocked=false planned_only=false updated=false processed_adds=0 processed_removes=0 next_transition_height=0 transition_validators=0 next_validators=0
[SYNC-SCHEDULED-UPDATES] stage=direct_gossip provider=12D3KooW current_height=3132 step=apply_queued_set_update_done update_height=3132 due_transition=false defer_for_sync=false update_blocked=false planned_only=false updated=false processed_adds=0 processed_removes=0 next_transition_height=0 transition_validators=0 next_validators=0
[SYNC-SCHEDULED-UPDATES] stage=direct_gossip provider=12D3KooW current_height=3132 step=validator_set_lock_begin update_height=3132 due_transition=false defer_for_sync=false update_blocked=false planned_only=false updated=false processed_adds=0 processed_removes=0 next_transition_height=0 transition_validators=0 next_validators=0
[SYNC-SCHEDULED-UPDATES] stage=direct_gossip provider=12D3KooW current_height=3132 step=validator_set_lock_acquired update_height=3132 due_transition=false defer_for_sync=false update_blocked=false planned_only=false updated=false processed_adds=0 processed_removes=0 next_transition_height=0 transition_validators=0 next_validators=0
[SYNC-SCHEDULED-UPDATES] stage=direct_gossip provider=12D3KooW current_height=3132 step=compute_next_transition_height_begin update_height=3132 due_transition=false defer_for_sync=false update_blocked=false planned_only=false updated=false processed_adds=0 processed_removes=0 next_transition_height=0 transition_validators=0 next_validators=0
[SYNC-SCHEDULED-UPDATES] stage=direct_gossip provider=12D3KooW current_height=3132 step=compute_next_transition_height_done update_height=3132 due_transition=false defer_for_sync=false update_blocked=false planned_only=false updated=false processed_adds=0 processed_removes=0 next_transition_height=0 transition_validators=0 next_validators=0
[SYNC-SCHEDULED-UPDATES] stage=direct_gossip provider=12D3KooW current_height=3132 step=due_transition_eval_begin update_height=3132 due_transition=false defer_for_sync=false update_blocked=false planned_only=false updated=false processed_adds=0 processed_removes=0 next_transition_height=0 transition_validators=0 next_validators=0
[SYNC-SCHEDULED-UPDATES] stage=direct_gossip provider=12D3KooW current_height=3132 step=due_transition_eval_done update_height=3132 due_transition=false defer_for_sync=false update_blocked=false planned_only=false updated=false processed_adds=0 processed_removes=0 next_transition_height=0 transition_validators=0 next_validators=0
[SYNC-SCHEDULED-UPDATES] stage=direct_gossip provider=12D3KooW current_height=3132 step=defer_for_sync_eval_begin update_height=3132 due_transition=false defer_for_sync=false update_blocked=false planned_only=false updated=false processed_adds=0 processed_removes=0 next_transition_height=0 transition_validators=0 next_validators=0
[SYNC-SCHEDULED-UPDATES] stage=direct_gossip provider=12D3KooW current_height=3132 step=defer_for_sync_eval_done update_height=3132 due_transition=false defer_for_sync=false update_blocked=false planned_only=false updated=false processed_adds=0 processed_removes=0 next_transition_height=0 transition_validators=0 next_validators=0
[SYNC-SCHEDULED-UPDATES] stage=direct_gossip provider=12D3KooW current_height=3132 step=scheduled_transition_validators_begin update_height=3132 due_transition=false defer_for_sync=false update_blocked=false planned_only=false updated=false processed_adds=0 processed_removes=0 next_transition_height=0 transition_validators=0 next_validators=0
[SYNC-SCHEDULED-UPDATES] stage=direct_gossip provider=12D3KooW current_height=3132 step=scheduled_transition_validators_done update_height=3132 due_transition=false defer_for_sync=false update_blocked=false planned_only=false updated=false processed_adds=0 processed_removes=0 next_transition_height=0 transition_validators=4 next_validators=0
[SYNC-SCHEDULED-UPDATES] stage=direct_gossip provider=12D3KooW current_height=3132 step=build_next_validators_begin update_height=3132 due_transition=false defer_for_sync=false update_blocked=false planned_only=false updated=false processed_adds=0 processed_removes=0 next_transition_height=0 transition_validators=4 next_validators=0
[SYNC-SCHEDULED-UPDATES] stage=direct_gossip provider=12D3KooW current_height=3132 step=build_next_validators_done update_height=3132 due_transition=false defer_for_sync=false update_blocked=false planned_only=false updated=false processed_adds=0 processed_removes=0 next_transition_height=0 transition_validators=4 next_validators=4
[SYNC-SCHEDULED-UPDATES] stage=direct_gossip provider=12D3KooW current_height=3132 step=transition_quorum_begin update_height=3132 due_transition=false defer_for_sync=false update_blocked=false planned_only=false updated=false processed_adds=0 processed_removes=0 next_transition_height=0 transition_validators=4 next_validators=4
[SYNC-SCHEDULED-UPDATES] stage=direct_gossip provider=12D3KooW current_height=3132 step=transition_quorum_done update_height=3132 due_transition=false defer_for_sync=false update_blocked=false planned_only=false updated=false processed_adds=0 processed_removes=0 next_transition_height=0 transition_validators=4 next_validators=4
[SYNC-SCHEDULED-UPDATES] stage=direct_gossip provider=12D3KooW current_height=3132 step=transition_plan_write_begin update_height=3132 due_transition=false defer_for_sync=false update_blocked=false planned_only=false updated=false processed_adds=0 processed_removes=0 next_transition_height=0 transition_validators=4 next_validators=4
[SYNC-SCHEDULED-UPDATES] stage=direct_gossip provider=12D3KooW current_height=3132 step=transition_plan_write_done update_height=3132 due_transition=false defer_for_sync=false update_blocked=false planned_only=false updated=false processed_adds=0 processed_removes=0 next_transition_height=0 transition_validators=4 next_validators=4
[SYNC-SCHEDULED-UPDATES] stage=direct_gossip provider=12D3KooW current_height=3132 step=finalize_pending_maps_begin update_height=3132 due_transition=false defer_for_sync=false update_blocked=false planned_only=false updated=false processed_adds=0 processed_removes=0 next_transition_height=0 transition_validators=4 next_validators=4
[SYNC-SCHEDULED-UPDATES] stage=direct_gossip provider=12D3KooW current_height=3132 step=finalize_pending_maps_done update_height=3132 due_transition=false defer_for_sync=false update_blocked=false planned_only=false updated=false processed_adds=0 processed_removes=0 next_transition_height=0 transition_validators=4 next_validators=4
[SYNC-SCHEDULED-UPDATES] stage=direct_gossip provider=12D3KooW current_height=3132 step=active_transition_heights_begin update_height=3132 due_transition=false defer_for_sync=false update_blocked=false planned_only=false updated=false processed_adds=0 processed_removes=0 next_transition_height=0 transition_validators=4 next_validators=4
[SYNC-SCHEDULED-UPDATES] stage=direct_gossip provider=12D3KooW current_height=3132 step=active_transition_heights_done update_height=3132 due_transition=false defer_for_sync=false update_blocked=false planned_only=false updated=false processed_adds=0 processed_removes=0 next_transition_height=0 transition_validators=4 next_validators=4
[SYNC-SCHEDULED-UPDATES] stage=direct_gossip provider=12D3KooW current_height=3132 step=validator_set_unlock update_height=3132 due_transition=false defer_for_sync=false update_blocked=false planned_only=false updated=false processed_adds=0 processed_removes=0 next_transition_height=0 transition_validators=4 next_validators=4
[SYNC-SCHEDULED-UPDATES] stage=direct_gossip provider=12D3KooW current_height=3132 step=retry_clear_begin update_height=3132 due_transition=false defer_for_sync=false update_blocked=false planned_only=false updated=false processed_adds=0 processed_removes=0 next_transition_height=0 transition_validators=4 next_validators=4
[SYNC-SCHEDULED-UPDATES] stage=direct_gossip provider=12D3KooW current_height=3132 step=retry_clear_done update_height=3132 due_transition=false defer_for_sync=false update_blocked=false planned_only=false updated=false processed_adds=0 processed_removes=0 next_transition_height=0 transition_validators=4 next_validators=4
[SYNC-SCHEDULED-UPDATES] stage=direct_gossip provider=12D3KooW current_height=3132 step=prune_retry_begin update_height=3132 due_transition=false defer_for_sync=false update_blocked=false planned_only=false updated=false processed_adds=0 processed_removes=0 next_transition_height=0 transition_validators=4 next_validators=4
[SYNC-SCHEDULED-UPDATES] stage=direct_gossip provider=12D3KooW current_height=3132 step=prune_retry_done update_height=3132 due_transition=false defer_for_sync=false update_blocked=false planned_only=false updated=false processed_adds=0 processed_removes=0 next_transition_height=0 transition_validators=4 next_validators=4
[SYNC-SCHEDULED-UPDATES] stage=direct_gossip provider=12D3KooW current_height=3132 step=onboarding_tracker_begin update_height=3132 due_transition=false defer_for_sync=false update_blocked=false planned_only=false updated=false processed_adds=0 processed_removes=0 next_transition_height=0 transition_validators=4 next_validators=4
[SYNC-SCHEDULED-UPDATES] stage=direct_gossip provider=12D3KooW current_height=3132 step=onboarding_tracker_done update_height=3132 due_transition=false defer_for_sync=false update_blocked=false planned_only=false updated=false processed_adds=0 processed_removes=0 next_transition_height=0 transition_validators=4 next_validators=4
[SYNC-SCHEDULED-UPDATES] stage=direct_gossip provider=12D3KooW current_height=3132 step=broadcast_validator_info_begin update_height=3132 due_transition=false defer_for_sync=false update_blocked=false planned_only=false updated=false processed_adds=0 processed_removes=0 next_transition_height=0 transition_validators=4 next_validators=4
[SYNC-SCHEDULED-UPDATES] stage=direct_gossip provider=12D3KooW current_height=3132 step=broadcast_validator_info_done update_height=3132 due_transition=false defer_for_sync=false update_blocked=false planned_only=false updated=false processed_adds=0 processed_removes=0 next_transition_height=0 transition_validators=4 next_validators=4
[SYNC-SCHEDULED-UPDATES] stage=direct_gossip provider=12D3KooW current_height=3132 step=final_update_log_begin update_height=3132 due_transition=false defer_for_sync=false update_blocked=false planned_only=false updated=false processed_adds=0 processed_removes=0 next_transition_height=0 transition_validators=4 next_validators=4
[SYNC-SCHEDULED-UPDATES] stage=direct_gossip provider=12D3KooW current_height=3132 step=final_update_log_done update_height=3132 due_transition=false defer_for_sync=false update_blocked=false planned_only=false updated=false processed_adds=0 processed_removes=0 next_transition_height=0 transition_validators=4 next_validators=4
[SYNC-SCHEDULED-UPDATES] stage=direct_gossip provider=12D3KooW current_height=3132 step=snapshot_epoch_validators_begin update_height=3132 due_transition=false defer_for_sync=false update_blocked=false planned_only=false updated=false processed_adds=0 processed_removes=0 next_transition_height=0 transition_validators=4 next_validators=4
[SYNC-SCHEDULED-UPDATES] stage=direct_gossip provider=12D3KooW current_height=3132 step=snapshot_epoch_validators_done update_height=3132 due_transition=false defer_for_sync=false update_blocked=false planned_only=false updated=false processed_adds=0 processed_removes=0 next_transition_height=0 transition_validators=4 next_validators=4
[SYNC-COMMIT-PHASE] node=D stage=direct_gossip provider=12D3KooW height=3132 local=3132 phase=apply_scheduled_updates_done
[SYNC-COMMIT-PHASE] node=D stage=direct_gossip provider=12D3KooW height=3132 local=3132 phase=snapshot_epoch_validators_begin
[SYNC-COMMIT-PHASE] node=D stage=direct_gossip provider=12D3KooW height=3132 local=3132 phase=snapshot_epoch_validators_done
[SYNC-COMMIT-PHASE] node=D stage=direct_gossip provider=12D3KooW height=3132 local=3132 phase=start_next_round_begin
[SYNC-COMMIT-PHASE] node=D stage=direct_gossip provider=12D3KooW height=3132 local=3132 phase=start_next_round_done
[SYNC-COMMIT-PHASE] node=D stage=direct_gossip provider=12D3KooW height=3132 local=3132 phase=clear_exec_results_begin
[SYNC-COMMIT-PHASE] node=D stage=direct_gossip provider=12D3KooW height=3132 local=3132 phase=clear_exec_results_done
[SYNC-COMMIT-PHASE] node=D stage=direct_gossip provider=12D3KooW height=3132 local=3132 phase=update_validator_metrics_begin
[SYNC-COMMIT-PHASE] node=D stage=direct_gossip provider=12D3KooW height=3132 local=3132 phase=update_validator_metrics_done
[SYNC-COMMIT-PHASE] node=D stage=direct_gossip provider=12D3KooW height=3132 local=3132 phase=enter_safe_mode_begin
[SYNC-COMMIT-PHASE] node=D stage=direct_gossip provider=12D3KooW height=3132 local=3132 phase=enter_safe_mode_deferred
[SYNC-COMMIT-PHASE] node=D stage=direct_gossip provider=12D3KooW height=3132 local=3132 phase=enter_safe_mode_done
[SYNC-COMMIT-PHASE] node=D stage=direct_gossip provider=12D3KooW height=3132 local=3132 phase=ensure_tip_snapshot_begin
[SYNC-COMMIT-PHASE] node=D stage=direct_gossip provider=12D3KooW height=3132 local=3132 phase=ensure_tip_snapshot_done
[SYNC-COMMIT-PHASE] node=D stage=direct_gossip provider=12D3KooW height=3132 local=3132 phase=prune_snapshots_deferred
[SYNC-COMMIT-PHASE] node=D stage=direct_gossip provider=12D3KooW height=3132 local=3132 phase=publish_required_snapshot_begin
[SYNC-COMMIT-PHASE] node=D stage=direct_gossip provider=12D3KooW height=3132 local=3132 phase=publish_required_snapshot_deferred
[SYNC-COMMIT-PHASE] node=D stage=direct_gossip provider=12D3KooW height=3132 local=3132 phase=publish_required_snapshot_done
[COMMIT] node=D h=3132 hash=bac1e5a1 by=A type=TIME txs=0
[SYNC-COMMIT-PHASE] node=D stage=direct_gossip provider=12D3KooW height=3132 local=3132 phase=commit_log_done
[SYNC-COMMIT-PHASE] node=D stage=direct_gossip provider=12D3KooW height=3132 local=3132 phase=touch_signers_begin
[SYNC-COMMIT-PHASE] node=D stage=direct_gossip provider=12D3KooW height=3132 local=3132 phase=touch_signers_done
[SYNC-COMMIT-PHASE] node=D stage=direct_gossip provider=12D3KooW height=3132 local=3132 phase=maybe_exit_sync_begin
[SYNC-CLEAR] reason=commit local=3132 target=3132
[REJOIN-WARMUP] reason=commit local=3132 target=3132 warmup_seconds=10
Heartbeat sent: D finalized=3132 epoch=3133
[SYNC-COMMIT-PHASE] node=D stage=direct_gossip provider=12D3KooW height=3132 local=3132 phase=done
[HEIGHT] node=D updated -> 3132
[SYNC-RANGE] provider=12D3KooW requested=3131-3132 received=3131-3132 count=2 applied_before=3130 applied_after=3132
Ã¢ÂÂ³ Waiting for sync completion before consensus start (height=3132 finalized=3132)
[REGISTRY-PENDING] height=3133 chain_height=3132 reason=future_parent
[SET-PENDING] height=3134 chain_height=3132 reason=future_height
Heartbeat sent: D finalized=3132 epoch=3133
Ã¢ÂÂ³ Waiting for sync completion before consensus start (height=3132 finalized=3132)
Ã¢ÂÂ³ Waiting for sync completion before consensus start (height=3132 finalized=3132)
Heartbeat sent: D finalized=3132 epoch=3133
Validator heartbeat: C | reported_height=3133 | finalized_height=3133 | local_exec_epoch=3134
Validator heartbeat: C | reported_height=3133 | finalized_height=3133 | local_exec_epoch=3134
Validator heartbeat received: C | reported_height=3133 | finalized_height=3133 | local_exec_epoch=3134
Validator heartbeat received: C | reported_height=3133 | finalized_height=3133 | local_exec_epoch=3134
[SYNC] reason=heartbeat local=3132 target=3133 votes=3 required=3 stage=direct_gossip action=block_range_fetch
[SYNC-REQUEST-START] peer=12D3KooW range=3133-3133 snapshot=false snapshot_height=0 timeout_ms=15000
[SYNC-REQUEST-OPEN] peer=12D3KooW range=3133-3133
[SYNC-REQUEST-START] peer=12D3KooW range=3133-3133 snapshot=false snapshot_height=0 timeout_ms=15000
[SYNC-REQUEST-OPEN-OK] peer=12D3KooW range=3133-3133 duration_ms=0
[SYNC-REQUEST-ENCODE] peer=12D3KooW range=3133-3133
[SYNC-REQUEST-OPEN] peer=12D3KooW range=3133-3133
[SYNC-REQUEST-ENCODE-OK] peer=12D3KooW range=3133-3133 duration_ms=0
[SYNC-REQUEST-DECODE] peer=12D3KooW range=3133-3133
[SYNC-REQUEST-RESULT] peer=12D3KooW range=3133-3133 count=1 snapshot=false duration_ms=1
[SYNC-REQUEST-OPEN-OK] peer=12D3KooW range=3133-3133 duration_ms=1
[SYNC-REQUEST-ENCODE] peer=12D3KooW range=3133-3133
[SYNC-REQUEST-ENCODE-OK] peer=12D3KooW range=3133-3133 duration_ms=0
[SYNC-REQUEST-DECODE] peer=12D3KooW range=3133-3133
[SYNC-REQUEST-RESULT] peer=12D3KooW range=3133-3133 count=1 snapshot=false duration_ms=0
[REGISTRY-COMMITMENT-CHECK] height=3133 required=true parent_unanchored=false source=chain_parent_commitment expected=9cd32df6 got=9cd32df6
[REGISTRY-PRECOMMIT] height=3133 source=committed_carry_forward header=9cd32df6 resolved=9cd32df6 validators=4
[SYNC-COMMIT-PHASE] node=D stage=direct_gossip provider=12D3KooW height=3133 local=3132 phase=process_block_begin
[SYNC-COMMIT-PHASE] node=D stage=direct_gossip provider=12D3KooW height=3133 local=3133 phase=process_block_committed
[SYNC-COMMIT-PHASE] node=D stage=direct_gossip provider=12D3KooW height=3133 local=3133 phase=post_block_effects_begin
âœ… Height finalized â†’ 3134
[EMISSION] h=3133 reward=4 treasury=1 validators=2 burn=1 applied_burn=0 chance_bps=10000
[SYNC-COMMIT-PHASE] node=D stage=direct_gossip provider=12D3KooW height=3133 local=3133 phase=post_block_effects_done
[SYNC-COMMIT-PHASE] node=D stage=direct_gossip provider=12D3KooW height=3133 local=3133 phase=persist_registry_begin
[SYNC-COMMIT-PHASE] node=D stage=direct_gossip provider=12D3KooW height=3133 local=3133 phase=persist_registry_done
[SYNC-COMMIT-PHASE] node=D stage=direct_gossip provider=12D3KooW height=3133 local=3133 phase=apply_validator_updates_begin
[SYNC-COMMIT-PHASE] node=D stage=direct_gossip provider=12D3KooW height=3133 local=3133 phase=apply_validator_updates_done
[SYNC-COMMIT-PHASE] node=D stage=direct_gossip provider=12D3KooW height=3133 local=3133 phase=observe_candidates_begin
[SYNC-COMMIT-PHASE] node=D stage=direct_gossip provider=12D3KooW height=3133 local=3133 phase=observe_candidates_done
[SYNC-COMMIT-PHASE] node=D stage=direct_gossip provider=12D3KooW height=3133 local=3133 phase=apply_validator_update_txs_begin
[SYNC-COMMIT-PHASE] node=D stage=direct_gossip provider=12D3KooW height=3133 local=3133 phase=apply_validator_update_txs_done
[SYNC-COMMIT-PHASE] node=D stage=direct_gossip provider=12D3KooW height=3133 local=3133 phase=apply_scheduled_updates_begin
[SYNC-SCHEDULED-UPDATES] stage=direct_gossip provider=12D3KooW current_height=3133 step=queue_inactive_removals_begin update_height=3133 due_transition=false defer_for_sync=false update_blocked=false planned_only=false updated=false processed_adds=0 processed_removes=0 next_transition_height=0 transition_validators=0 next_validators=0
[SYNC-SCHEDULED-UPDATES] stage=direct_gossip provider=12D3KooW current_height=3133 step=queue_inactive_removals_done update_height=3133 due_transition=false defer_for_sync=false update_blocked=false planned_only=false updated=false processed_adds=0 processed_removes=0 next_transition_height=0 transition_validators=0 next_validators=0
[SYNC-SCHEDULED-UPDATES] stage=direct_gossip provider=12D3KooW current_height=3133 step=sync_gate_snapshot_state_begin update_height=3133 due_transition=false defer_for_sync=false update_blocked=false planned_only=false updated=false processed_adds=0 processed_removes=0 next_transition_height=0 transition_validators=0 next_validators=0
[SYNC-SCHEDULED-UPDATES] stage=direct_gossip provider=12D3KooW current_height=3133 step=sync_gate_snapshot_state_done update_height=3133 due_transition=false defer_for_sync=false update_blocked=false planned_only=false updated=false processed_adds=0 processed_removes=0 next_transition_height=0 transition_validators=0 next_validators=0
[SYNC-SCHEDULED-UPDATES] stage=direct_gossip provider=12D3KooW current_height=3133 step=apply_queued_set_update_begin update_height=3133 due_transition=false defer_for_sync=false update_blocked=false planned_only=false updated=false processed_adds=0 processed_removes=0 next_transition_height=0 transition_validators=0 next_validators=0
[SYNC-SCHEDULED-UPDATES] stage=direct_gossip provider=12D3KooW current_height=3133 step=apply_queued_set_update_done update_height=3133 due_transition=false defer_for_sync=false update_blocked=false planned_only=false updated=false processed_adds=0 processed_removes=0 next_transition_height=0 transition_validators=0 next_validators=0
[SYNC-SCHEDULED-UPDATES] stage=direct_gossip provider=12D3KooW current_height=3133 step=validator_set_lock_begin update_height=3133 due_transition=false defer_for_sync=false update_blocked=false planned_only=false updated=false processed_adds=0 processed_removes=0 next_transition_height=0 transition_validators=0 next_validators=0
[SYNC-SCHEDULED-UPDATES] stage=direct_gossip provider=12D3KooW current_height=3133 step=validator_set_lock_acquired update_height=3133 due_transition=false defer_for_sync=false update_blocked=false planned_only=false updated=false processed_adds=0 processed_removes=0 next_transition_height=0 transition_validators=0 next_validators=0
[SYNC-SCHEDULED-UPDATES] stage=direct_gossip provider=12D3KooW current_height=3133 step=compute_next_transition_height_begin update_height=3133 due_transition=false defer_for_sync=false update_blocked=false planned_only=false updated=false processed_adds=0 processed_removes=0 next_transition_height=0 transition_validators=0 next_validators=0
[SYNC-SCHEDULED-UPDATES] stage=direct_gossip provider=12D3KooW current_height=3133 step=compute_next_transition_height_done update_height=3133 due_transition=false defer_for_sync=false update_blocked=false planned_only=false updated=false processed_adds=0 processed_removes=0 next_transition_height=0 transition_validators=0 next_validators=0
[SYNC-SCHEDULED-UPDATES] stage=direct_gossip provider=12D3KooW current_height=3133 step=due_transition_eval_begin update_height=3133 due_transition=false defer_for_sync=false update_blocked=false planned_only=false updated=false processed_adds=0 processed_removes=0 next_transition_height=0 transition_validators=0 next_validators=0
[SYNC-SCHEDULED-UPDATES] stage=direct_gossip provider=12D3KooW current_height=3133 step=due_transition_eval_done update_height=3133 due_transition=false defer_for_sync=false update_blocked=false planned_only=false updated=false processed_adds=0 processed_removes=0 next_transition_height=0 transition_validators=0 next_validators=0
[SYNC-SCHEDULED-UPDATES] stage=direct_gossip provider=12D3KooW current_height=3133 step=defer_for_sync_eval_begin update_height=3133 due_transition=false defer_for_sync=false update_blocked=false planned_only=false updated=false processed_adds=0 processed_removes=0 next_transition_height=0 transition_validators=0 next_validators=0
[SYNC-SCHEDULED-UPDATES] stage=direct_gossip provider=12D3KooW current_height=3133 step=defer_for_sync_eval_done update_height=3133 due_transition=false defer_for_sync=false update_blocked=false planned_only=false updated=false processed_adds=0 processed_removes=0 next_transition_height=0 transition_validators=0 next_validators=0
[SYNC-SCHEDULED-UPDATES] stage=direct_gossip provider=12D3KooW current_height=3133 step=scheduled_transition_validators_begin update_height=3133 due_transition=false defer_for_sync=false update_blocked=false planned_only=false updated=false processed_adds=0 processed_removes=0 next_transition_height=0 transition_validators=0 next_validators=0
[SYNC-SCHEDULED-UPDATES] stage=direct_gossip provider=12D3KooW current_height=3133 step=scheduled_transition_validators_done update_height=3133 due_transition=false defer_for_sync=false update_blocked=false planned_only=false updated=false processed_adds=0 processed_removes=0 next_transition_height=0 transition_validators=4 next_validators=0
[SYNC-SCHEDULED-UPDATES] stage=direct_gossip provider=12D3KooW current_height=3133 step=build_next_validators_begin update_height=3133 due_transition=false defer_for_sync=false update_blocked=false planned_only=false updated=false processed_adds=0 processed_removes=0 next_transition_height=0 transition_validators=4 next_validators=0
[SYNC-SCHEDULED-UPDATES] stage=direct_gossip provider=12D3KooW current_height=3133 step=build_next_validators_done update_height=3133 due_transition=false defer_for_sync=false update_blocked=false planned_only=false updated=false processed_adds=0 processed_removes=0 next_transition_height=0 transition_validators=4 next_validators=4
[SYNC-SCHEDULED-UPDATES] stage=direct_gossip provider=12D3KooW current_height=3133 step=transition_quorum_begin update_height=3133 due_transition=false defer_for_sync=false update_blocked=false planned_only=false updated=false processed_adds=0 processed_removes=0 next_transition_height=0 transition_validators=4 next_validators=4
[SYNC-SCHEDULED-UPDATES] stage=direct_gossip provider=12D3KooW current_height=3133 step=transition_quorum_done update_height=3133 due_transition=false defer_for_sync=false update_blocked=false planned_only=false updated=false processed_adds=0 processed_removes=0 next_transition_height=0 transition_validators=4 next_validators=4
[SYNC-SCHEDULED-UPDATES] stage=direct_gossip provider=12D3KooW current_height=3133 step=transition_plan_write_begin update_height=3133 due_transition=false defer_for_sync=false update_blocked=false planned_only=false updated=false processed_adds=0 processed_removes=0 next_transition_height=0 transition_validators=4 next_validators=4
[SYNC-SCHEDULED-UPDATES] stage=direct_gossip provider=12D3KooW current_height=3133 step=transition_plan_write_done update_height=3133 due_transition=false defer_for_sync=false update_blocked=false planned_only=false updated=false processed_adds=0 processed_removes=0 next_transition_height=0 transition_validators=4 next_validators=4
[SYNC-SCHEDULED-UPDATES] stage=direct_gossip provider=12D3KooW current_height=3133 step=finalize_pending_maps_begin update_height=3133 due_transition=false defer_for_sync=false update_blocked=false planned_only=false updated=false processed_adds=0 processed_removes=0 next_transition_height=0 transition_validators=4 next_validators=4
[SYNC-SCHEDULED-UPDATES] stage=direct_gossip provider=12D3KooW current_height=3133 step=finalize_pending_maps_done update_height=3133 due_transition=false defer_for_sync=false update_blocked=false planned_only=false updated=false processed_adds=0 processed_removes=0 next_transition_height=0 transition_validators=4 next_validators=4
[SYNC-SCHEDULED-UPDATES] stage=direct_gossip provider=12D3KooW current_height=3133 step=active_transition_heights_begin update_height=3133 due_transition=false defer_for_sync=false update_blocked=false planned_only=false updated=false processed_adds=0 processed_removes=0 next_transition_height=0 transition_validators=4 next_validators=4
[SYNC-SCHEDULED-UPDATES] stage=direct_gossip provider=12D3KooW current_height=3133 step=active_transition_heights_done update_height=3133 due_transition=false defer_for_sync=false update_blocked=false planned_only=false updated=false processed_adds=0 processed_removes=0 next_transition_height=0 transition_validators=4 next_validators=4
[SYNC-SCHEDULED-UPDATES] stage=direct_gossip provider=12D3KooW current_height=3133 step=validator_set_unlock update_height=3133 due_transition=false defer_for_sync=false update_blocked=false planned_only=false updated=false processed_adds=0 processed_removes=0 next_transition_height=0 transition_validators=4 next_validators=4
[SYNC-SCHEDULED-UPDATES] stage=direct_gossip provider=12D3KooW current_height=3133 step=retry_clear_begin update_height=3133 due_transition=false defer_for_sync=false update_blocked=false planned_only=false updated=false processed_adds=0 processed_removes=0 next_transition_height=0 transition_validators=4 next_validators=4
[SYNC-SCHEDULED-UPDATES] stage=direct_gossip provider=12D3KooW current_height=3133 step=retry_clear_done update_height=3133 due_transition=false defer_for_sync=false update_blocked=false planned_only=false updated=false processed_adds=0 processed_removes=0 next_transition_height=0 transition_validators=4 next_validators=4
[SYNC-SCHEDULED-UPDATES] stage=direct_gossip provider=12D3KooW current_height=3133 step=prune_retry_begin update_height=3133 due_transition=false defer_for_sync=false update_blocked=false planned_only=false updated=false processed_adds=0 processed_removes=0 next_transition_height=0 transition_validators=4 next_validators=4
[SYNC-SCHEDULED-UPDATES] stage=direct_gossip provider=12D3KooW current_height=3133 step=prune_retry_done update_height=3133 due_transition=false defer_for_sync=false update_blocked=false planned_only=false updated=false processed_adds=0 processed_removes=0 next_transition_height=0 transition_validators=4 next_validators=4
[SYNC-SCHEDULED-UPDATES] stage=direct_gossip provider=12D3KooW current_height=3133 step=onboarding_tracker_begin update_height=3133 due_transition=false defer_for_sync=false update_blocked=false planned_only=false updated=false processed_adds=0 processed_removes=0 next_transition_height=0 transition_validators=4 next_validators=4
[SYNC-SCHEDULED-UPDATES] stage=direct_gossip provider=12D3KooW current_height=3133 step=onboarding_tracker_done update_height=3133 due_transition=false defer_for_sync=false update_blocked=false planned_only=false updated=false processed_adds=0 processed_removes=0 next_transition_height=0 transition_validators=4 next_validators=4
[SYNC-SCHEDULED-UPDATES] stage=direct_gossip provider=12D3KooW current_height=3133 step=broadcast_validator_info_begin update_height=3133 due_transition=false defer_for_sync=false update_blocked=false planned_only=false updated=false processed_adds=0 processed_removes=0 next_transition_height=0 transition_validators=4 next_validators=4
[SYNC-SCHEDULED-UPDATES] stage=direct_gossip provider=12D3KooW current_height=3133 step=broadcast_validator_info_done update_height=3133 due_transition=false defer_for_sync=false update_blocked=false planned_only=false updated=false processed_adds=0 processed_removes=0 next_transition_height=0 transition_validators=4 next_validators=4
[SYNC-SCHEDULED-UPDATES] stage=direct_gossip provider=12D3KooW current_height=3133 step=final_update_log_begin update_height=3133 due_transition=false defer_for_sync=false update_blocked=false planned_only=false updated=false processed_adds=0 processed_removes=0 next_transition_height=0 transition_validators=4 next_validators=4
[SYNC-SCHEDULED-UPDATES] stage=direct_gossip provider=12D3KooW current_height=3133 step=final_update_log_done update_height=3133 due_transition=false defer_for_sync=false update_blocked=false planned_only=false updated=false processed_adds=0 processed_removes=0 next_transition_height=0 transition_validators=4 next_validators=4
[SYNC-SCHEDULED-UPDATES] stage=direct_gossip provider=12D3KooW current_height=3133 step=snapshot_epoch_validators_begin update_height=3133 due_transition=false defer_for_sync=false update_blocked=false planned_only=false updated=false processed_adds=0 processed_removes=0 next_transition_height=0 transition_validators=4 next_validators=4
[REGISTRY-PENDING] height=3134 chain_height=3133 reason=future_parent
[SET-PENDING] height=3135 chain_height=3133 reason=future_height
[SYNC-SCHEDULED-UPDATES] stage=direct_gossip provider=12D3KooW current_height=3133 step=snapshot_epoch_validators_done update_height=3133 due_transition=false defer_for_sync=false update_blocked=false planned_only=false updated=false processed_adds=0 processed_removes=0 next_transition_height=0 transition_validators=4 next_validators=4
[SYNC-COMMIT-PHASE] node=D stage=direct_gossip provider=12D3KooW height=3133 local=3133 phase=apply_scheduled_updates_done
[SYNC-COMMIT-PHASE] node=D stage=direct_gossip provider=12D3KooW height=3133 local=3133 phase=snapshot_epoch_validators_begin
Heartbeat sent: D finalized=3133 epoch=3134
[SYNC-COMMIT-PHASE] node=D stage=direct_gossip provider=12D3KooW height=3133 local=3133 phase=snapshot_epoch_validators_done
[SYNC-COMMIT-PHASE] node=D stage=direct_gossip provider=12D3KooW height=3133 local=3133 phase=start_next_round_begin
[SYNC-COMMIT-PHASE] node=D stage=direct_gossip provider=12D3KooW height=3133 local=3133 phase=start_next_round_done
[SYNC-COMMIT-PHASE] node=D stage=direct_gossip provider=12D3KooW height=3133 local=3133 phase=clear_exec_results_begin
[SYNC-COMMIT-PHASE] node=D stage=direct_gossip provider=12D3KooW height=3133 local=3133 phase=clear_exec_results_done
[SYNC-COMMIT-PHASE] node=D stage=direct_gossip provider=12D3KooW height=3133 local=3133 phase=update_validator_metrics_begin
[SYNC-COMMIT-PHASE] node=D stage=direct_gossip provider=12D3KooW height=3133 local=3133 phase=update_validator_metrics_done
[SYNC-COMMIT-PHASE] node=D stage=direct_gossip provider=12D3KooW height=3133 local=3133 phase=enter_safe_mode_begin
[SYNC-COMMIT-PHASE] node=D stage=direct_gossip provider=12D3KooW height=3133 local=3133 phase=enter_safe_mode_deferred
[SYNC-COMMIT-PHASE] node=D stage=direct_gossip provider=12D3KooW height=3133 local=3133 phase=enter_safe_mode_done
[SYNC-COMMIT-PHASE] node=D stage=direct_gossip provider=12D3KooW height=3133 local=3133 phase=ensure_tip_snapshot_begin
[SYNC-COMMIT-PHASE] node=D stage=direct_gossip provider=12D3KooW height=3133 local=3133 phase=ensure_tip_snapshot_done
[SYNC-COMMIT-PHASE] node=D stage=direct_gossip provider=12D3KooW height=3133 local=3133 phase=prune_snapshots_deferred
[SYNC-COMMIT-PHASE] node=D stage=direct_gossip provider=12D3KooW height=3133 local=3133 phase=publish_required_snapshot_begin
[SYNC-COMMIT-PHASE] node=D stage=direct_gossip provider=12D3KooW height=3133 local=3133 phase=publish_required_snapshot_deferred
[SYNC-COMMIT-PHASE] node=D stage=direct_gossip provider=12D3KooW height=3133 local=3133 phase=publish_required_snapshot_done
[COMMIT] node=D h=3133 hash=0b24c1a7 by=B type=TIME txs=0
[SYNC-COMMIT-PHASE] node=D stage=direct_gossip provider=12D3KooW height=3133 local=3133 phase=commit_log_done
[SYNC-COMMIT-PHASE] node=D stage=direct_gossip provider=12D3KooW height=3133 local=3133 phase=touch_signers_begin
[SYNC-COMMIT-PHASE] node=D stage=direct_gossip provider=12D3KooW height=3133 local=3133 phase=touch_signers_done
[SYNC-COMMIT-PHASE] node=D stage=direct_gossip provider=12D3KooW height=3133 local=3133 phase=maybe_exit_sync_begin
[SYNC-CLEAR] reason=commit local=3133 target=3133
[SYNC-COMMIT-PHASE] node=D stage=direct_gossip provider=12D3KooW height=3133 local=3133 phase=done
[HEIGHT] node=D updated -> 3133
2026/05/20 23:21:45 [OK] goroutine pressure normalized: 177 (degrade mode off)
2026/05/20 23:21:46 [SYNC-PIPELINE] stage=live_consensus
Ã¢ÂÂ³ Waiting for sync completion before consensus start (height=3133 finalized=3133)
Ã°Å¸â€œÂ¨ Consensus message from 12D3KooWPVKESWFG9sS8G6vjhfPn54kWuNFkkuHwG4yQXhYRcXjX: leader_block (size: 1311 bytes)
Ã°Å¸â€œÂ¦ Leader block received from 12D3KooWPVKESWFG9sS8G6vjhfPn54kWuNFkkuHwG4yQXhYRcXjX | height=3134 proposer=A
[SET-COMMITMENT-APPLY] height=3134 source=chain_parent_commitment mode=legacy hash=d75b74ab
Ã°Å¸â€Å’ Consensus stream EOF from 12D3KooWPVKESWFG9sS8G6vjhfPn54kWuNFkkuHwG4yQXhYRcXjX
Ã°Å¸â€Å’ Consensus stream closed with 12D3KooWPVKESWFG9sS8G6vjhfPn54kWuNFkkuHwG4yQXhYRcXjX
2026/05/20 23:21:46 [EXEC-PROPOSAL-SELECT] height=3134 reason=observed prev_round=0 prev_block= round=1 block=b03daff8 voters=0 force=false
Ã°Å¸â€œÂ¨ Consensus message from 12D3KooWHdmUKc1bYKY3scg6TqGhK3SutwH9hu1aAez4VmvwkEyk: execution_result (size: 374 bytes)
Ã°Å¸â€œÂ¨ Consensus message from 12D3KooWD9ed8zJXbW8uUU6XHD2UYrsQQEvnuXReJWFeo52dvdf8: execution_result (size: 374 bytes)
Ã°Å¸â€Å’ Consensus stream EOF from 12D3KooWD9ed8zJXbW8uUU6XHD2UYrsQQEvnuXReJWFeo52dvdf8
Ã°Å¸â€Å’ Consensus stream closed with 12D3KooWD9ed8zJXbW8uUU6XHD2UYrsQQEvnuXReJWFeo52dvdf8
Ã°Å¸â€Å’ Consensus stream EOF from 12D3KooWHdmUKc1bYKY3scg6TqGhK3SutwH9hu1aAez4VmvwkEyk
Ã°Å¸â€Å’ Consensus stream closed with 12D3KooWHdmUKc1bYKY3scg6TqGhK3SutwH9hu1aAez4VmvwkEyk
Ã°Å¸â€œÂ¨ Consensus message from 12D3KooWPVKESWFG9sS8G6vjhfPn54kWuNFkkuHwG4yQXhYRcXjX: execution_result (size: 374 bytes)
Ã°Å¸â€Å’ Consensus stream EOF from 12D3KooWPVKESWFG9sS8G6vjhfPn54kWuNFkkuHwG4yQXhYRcXjX
Ã°Å¸â€Å’ Consensus stream closed with 12D3KooWPVKESWFG9sS8G6vjhfPn54kWuNFkkuHwG4yQXhYRcXjX
2026/05/20 23:21:46 [EXEC-BROADCAST-DEFER] validator=D height=3134 reason=warmup trigger=leader_block block=b03daff8 prev=0b24c1a7
[LEADER-BLOCK-REJECT] height=3134 round=1 reason=duplicate_proposal peer=12D3KooWPVKESWFG9sS8G6vjhfPn54kWuNFkkuHwG4yQXhYRcXjX proposer=A block=b03daff8
[LEADER-BLOCK-REJECT] height=3134 round=1 reason=duplicate_proposal peer=12D3KooWPVKESWFG9sS8G6vjhfPn54kWuNFkkuHwG4yQXhYRcXjX proposer=A block=b03daff8
[REGISTRY-COMMITMENT-CHECK] height=3134 required=true parent_unanchored=false source=chain_parent_commitment expected=9cd32df6 got=9cd32df6
[EXEC-HASH] hint=3134 from=B exec=eb3218bf
Execution hash received: B @ epoch 3134
Validator heartbeat: C | reported_height=3134 | finalized_height=3134 | local_exec_epoch=3135
Validator heartbeat: C | reported_height=3134 | finalized_height=3134 | local_exec_epoch=3135
2026/05/20 23:21:47 [VOTE-ACCEPT] reason=recorded signer=B height=3134 round=1 vote_block=b03daff8 current_block=b03daff8 proposal=3134|1|b03daff8e2b712ecd7e31bbf90400f9abb372308bd2d4c465330d59f40168dcb||eb3218bf69cfbf26fc043af9f9536e81acbcd5160d93d65240206ad5460a5ea2 exec=eb3218bf tx_merkle= votes=1 required=3
[EXEC-POOL] epoch=3134 hash=eb3218bf voters=1/4
[EXEC-QUORUM] epoch=3134 required=3 total=4 votes=1
[SNAPSHOT-PUBLISH] deferred height=3133 reason=auto_publish_interval_10
Heartbeat sent: D finalized=3133 epoch=3134
Validator heartbeat received: C | reported_height=3134 | finalized_height=3134 | local_exec_epoch=3135
[REGISTRY-COMMITMENT-CHECK] height=3134 required=true parent_unanchored=false source=chain_parent_commitment expected=9cd32df6 got=9cd32df6
Validator heartbeat: B | reported_height=3134 | finalized_height=3134 | local_exec_epoch=3135
Validator heartbeat received: C | reported_height=3134 | finalized_height=3134 | local_exec_epoch=3135
Validator heartbeat: B | reported_height=3134 | finalized_height=3134 | local_exec_epoch=3135
[EXEC-HASH] hint=3134 from=C exec=eb3218bf
Execution hash received: C @ epoch 3134
2026/05/20 23:21:48 [VOTE-ACCEPT] reason=recorded signer=C height=3134 round=1 vote_block=b03daff8 current_block=b03daff8 proposal=3134|1|b03daff8e2b712ecd7e31bbf90400f9abb372308bd2d4c465330d59f40168dcb||eb3218bf69cfbf26fc043af9f9536e81acbcd5160d93d65240206ad5460a5ea2 exec=eb3218bf tx_merkle= votes=2 required=3
[EXEC-POOL] epoch=3134 hash=eb3218bf voters=2/4
[EXEC-QUORUM] epoch=3134 required=3 total=4 votes=2
2026/05/20 23:21:48 [SYNC-PIPELINE] stage=block_catchup
Ã¢ÂÂ³ Waiting for sync completion before consensus start (height=3133 finalized=3133)
[REGISTRY-COMMITMENT-CHECK] height=3134 required=true parent_unanchored=false source=chain_parent_commitment expected=9cd32df6 got=9cd32df6
2026/05/20 23:21:49 [VOTE-DROP] reason=replay_cache signer=B height=3134 round=1 vote_block=b03daff8 current_block=b03daff8 proposal=3134|1|b03daff8e2b712ecd7e31bbf90400f9abb372308bd2d4c465330d59f40168dcb||eb3218bf69cfbf26fc043af9f9536e81acbcd5160d93d65240206ad5460a5ea2 exec=eb3218bf tx_merkle=
Validator heartbeat received: B | reported_height=3134 | finalized_height=3134 | local_exec_epoch=3135
Validator heartbeat received: B | reported_height=3134 | finalized_height=3134 | local_exec_epoch=3135
Validator heartbeat: A | reported_height=3134 | finalized_height=3134 | local_exec_epoch=3135
Validator heartbeat: A | reported_height=3134 | finalized_height=3134 | local_exec_epoch=3135
[SYNC] reason=heartbeat local=3133 target=3134 votes=3 required=3 stage=direct_gossip action=block_range_fetch
[SYNC-REQUEST-START] peer=12D3KooW range=3134-3134 snapshot=false snapshot_height=0 timeout_ms=15000
[SYNC-REQUEST-OPEN] peer=12D3KooW range=3134-3134
[SYNC-REQUEST-OPEN-OK] peer=12D3KooW range=3134-3134 duration_ms=1
[SYNC-REQUEST-ENCODE] peer=12D3KooW range=3134-3134
[SYNC-REQUEST-ENCODE-OK] peer=12D3KooW range=3134-3134 duration_ms=1
[SYNC-REQUEST-DECODE] peer=12D3KooW range=3134-3134
[SYNC-REQUEST-START] peer=12D3KooW range=3134-3134 snapshot=false snapshot_height=0 timeout_ms=15000
[SYNC-REQUEST-OPEN] peer=12D3KooW range=3134-3134
[SYNC-REQUEST-OPEN-OK] peer=12D3KooW range=3134-3134 duration_ms=0
[SYNC-REQUEST-ENCODE] peer=12D3KooW range=3134-3134
[SYNC-REQUEST-ENCODE-OK] peer=12D3KooW range=3134-3134 duration_ms=0
[SYNC-REQUEST-DECODE] peer=12D3KooW range=3134-3134
[REGISTRY-COMMITMENT-CHECK] height=3134 required=true parent_unanchored=false source=chain_parent_commitment expected=9cd32df6 got=9cd32df6
2026/05/20 23:21:49 [VOTE-DROP] reason=replay_cache signer=C height=3134 round=1 vote_block=b03daff8 current_block=b03daff8 proposal=3134|1|b03daff8e2b712ecd7e31bbf90400f9abb372308bd2d4c465330d59f40168dcb||eb3218bf69cfbf26fc043af9f9536e81acbcd5160d93d65240206ad5460a5ea2 exec=eb3218bf tx_merkle=
[SYNC-REQUEST-RESULT] peer=12D3KooW range=3134-3134 count=1 snapshot=false duration_ms=20
[SYNC-REQUEST-RESULT] peer=12D3KooW range=3134-3134 count=1 snapshot=false duration_ms=45
[REGISTRY-COMMITMENT-CHECK] height=3134 required=true parent_unanchored=false source=chain_parent_commitment expected=9cd32df6 got=9cd32df6
[REGISTRY-PRECOMMIT] height=3134 source=committed_carry_forward header=9cd32df6 resolved=9cd32df6 validators=4
[SYNC-COMMIT-PHASE] node=D stage=direct_gossip provider=12D3KooW height=3134 local=3133 phase=process_block_begin
Validator heartbeat received: A | reported_height=3134 | finalized_height=3134 | local_exec_epoch=3135
Validator heartbeat: A | reported_height=3134 | finalized_height=3134 | local_exec_epoch=3135
[SNAPSHOT-PUBLISH] deferred height=3134 reason=auto_publish_interval_10
Validator heartbeat received: A | reported_height=3134 | finalized_height=3134 | local_exec_epoch=3135
[SYNC-COMMIT-PHASE] node=D stage=direct_gossip provider=12D3KooW height=3134 local=3134 phase=process_block_committed
[REGISTRY-COMMITMENT-CHECK] height=3134 required=true parent_unanchored=false source=chain_block expected=9cd32df6 got=9cd32df6
[SYNC-COMMIT-PHASE] node=D stage=direct_gossip provider=12D3KooW height=3134 local=3134 phase=post_block_effects_begin
âœ… Height finalized â†’ 3135
Validator heartbeat: A | reported_height=3134 | finalized_height=3134 | local_exec_epoch=3135
[EMISSION] h=3134 reward=3 treasury=1 validators=2 burn=0 applied_burn=0 chance_bps=10000
[SYNC-COMMIT-PHASE] node=D stage=direct_gossip provider=12D3KooW height=3134 local=3134 phase=post_block_effects_done
[SYNC-COMMIT-PHASE] node=D stage=direct_gossip provider=12D3KooW height=3134 local=3134 phase=persist_registry_begin
[SYNC-COMMIT-PHASE] node=D stage=direct_gossip provider=12D3KooW height=3134 local=3134 phase=persist_registry_done
[SYNC-COMMIT-PHASE] node=D stage=direct_gossip provider=12D3KooW height=3134 local=3134 phase=apply_validator_updates_begin
[SYNC-COMMIT-PHASE] node=D stage=direct_gossip provider=12D3KooW height=3134 local=3134 phase=apply_validator_updates_done
[SYNC-COMMIT-PHASE] node=D stage=direct_gossip provider=12D3KooW height=3134 local=3134 phase=observe_candidates_begin
Heartbeat sent: D finalized=3133 epoch=3134
[SYNC-COMMIT-PHASE] node=D stage=direct_gossip provider=12D3KooW height=3134 local=3134 phase=observe_candidates_done
[SYNC-COMMIT-PHASE] node=D stage=direct_gossip provider=12D3KooW height=3134 local=3134 phase=apply_validator_update_txs_begin
[SYNC-COMMIT-PHASE] node=D stage=direct_gossip provider=12D3KooW height=3134 local=3134 phase=apply_validator_update_txs_done
[SYNC-COMMIT-PHASE] node=D stage=direct_gossip provider=12D3KooW height=3134 local=3134 phase=apply_scheduled_updates_begin
[SYNC-SCHEDULED-UPDATES] stage=direct_gossip provider=12D3KooW current_height=3134 step=queue_inactive_removals_begin update_height=3134 due_transition=false defer_for_sync=false update_blocked=false planned_only=false updated=false processed_adds=0 processed_removes=0 next_transition_height=0 transition_validators=0 next_validators=0
[SYNC-SCHEDULED-UPDATES] stage=direct_gossip provider=12D3KooW current_height=3134 step=queue_inactive_removals_done update_height=3134 due_transition=false defer_for_sync=false update_blocked=false planned_only=false updated=false processed_adds=0 processed_removes=0 next_transition_height=0 transition_validators=0 next_validators=0
[SYNC-SCHEDULED-UPDATES] stage=direct_gossip provider=12D3KooW current_height=3134 step=sync_gate_snapshot_state_begin update_height=3134 due_transition=false defer_for_sync=false update_blocked=false planned_only=false updated=false processed_adds=0 processed_removes=0 next_transition_height=0 transition_validators=0 next_validators=0
[SYNC-SCHEDULED-UPDATES] stage=direct_gossip provider=12D3KooW current_height=3134 step=sync_gate_snapshot_state_done update_height=3134 due_transition=false defer_for_sync=false update_blocked=false planned_only=false updated=false processed_adds=0 processed_removes=0 next_transition_height=0 transition_validators=0 next_validators=0
[SYNC-SCHEDULED-UPDATES] stage=direct_gossip provider=12D3KooW current_height=3134 step=apply_queued_set_update_begin update_height=3134 due_transition=false defer_for_sync=false update_blocked=false planned_only=false updated=false processed_adds=0 processed_removes=0 next_transition_height=0 transition_validators=0 next_validators=0
[SYNC-SCHEDULED-UPDATES] stage=direct_gossip provider=12D3KooW current_height=3134 step=apply_queued_set_update_done update_height=3134 due_transition=false defer_for_sync=false update_blocked=false planned_only=false updated=false processed_adds=0 processed_removes=0 next_transition_height=0 transition_validators=0 next_validators=0
[SYNC-SCHEDULED-UPDATES] stage=direct_gossip provider=12D3KooW current_height=3134 step=validator_set_lock_begin update_height=3134 due_transition=false defer_for_sync=false update_blocked=false planned_only=false updated=false processed_adds=0 processed_removes=0 next_transition_height=0 transition_validators=0 next_validators=0
[SYNC-SCHEDULED-UPDATES] stage=direct_gossip provider=12D3KooW current_height=3134 step=validator_set_lock_acquired update_height=3134 due_transition=false defer_for_sync=false update_blocked=false planned_only=false updated=false processed_adds=0 processed_removes=0 next_transition_height=0 transition_validators=0 next_validators=0
[SYNC-SCHEDULED-UPDATES] stage=direct_gossip provider=12D3KooW current_height=3134 step=compute_next_transition_height_begin update_height=3134 due_transition=false defer_for_sync=false update_blocked=false planned_only=false updated=false processed_adds=0 processed_removes=0 next_transition_height=0 transition_validators=0 next_validators=0
[SYNC-SCHEDULED-UPDATES] stage=direct_gossip provider=12D3KooW current_height=3134 step=compute_next_transition_height_done update_height=3134 due_transition=false defer_for_sync=false update_blocked=false planned_only=false updated=false processed_adds=0 processed_removes=0 next_transition_height=0 transition_validators=0 next_validators=0
[SYNC-SCHEDULED-UPDATES] stage=direct_gossip provider=12D3KooW current_height=3134 step=due_transition_eval_begin update_height=3134 due_transition=false defer_for_sync=false update_blocked=false planned_only=false updated=false processed_adds=0 processed_removes=0 next_transition_height=0 transition_validators=0 next_validators=0
[SYNC-SCHEDULED-UPDATES] stage=direct_gossip provider=12D3KooW current_height=3134 step=due_transition_eval_done update_height=3134 due_transition=false defer_for_sync=false update_blocked=false planned_only=false updated=false processed_adds=0 processed_removes=0 next_transition_height=0 transition_validators=0 next_validators=0
[SYNC-SCHEDULED-UPDATES] stage=direct_gossip provider=12D3KooW current_height=3134 step=defer_for_sync_eval_begin update_height=3134 due_transition=false defer_for_sync=false update_blocked=false planned_only=false updated=false processed_adds=0 processed_removes=0 next_transition_height=0 transition_validators=0 next_validators=0
[SYNC-SCHEDULED-UPDATES] stage=direct_gossip provider=12D3KooW current_height=3134 step=defer_for_sync_eval_done update_height=3134 due_transition=false defer_for_sync=false update_blocked=false planned_only=false updated=false processed_adds=0 processed_removes=0 next_transition_height=0 transition_validators=0 next_validators=0
[SYNC-SCHEDULED-UPDATES] stage=direct_gossip provider=12D3KooW current_height=3134 step=scheduled_transition_validators_begin update_height=3134 due_transition=false defer_for_sync=false update_blocked=false planned_only=false updated=false processed_adds=0 processed_removes=0 next_transition_height=0 transition_validators=0 next_validators=0
[SYNC-SCHEDULED-UPDATES] stage=direct_gossip provider=12D3KooW current_height=3134 step=scheduled_transition_validators_done update_height=3134 due_transition=false defer_for_sync=false update_blocked=false planned_only=false updated=false processed_adds=0 processed_removes=0 next_transition_height=0 transition_validators=4 next_validators=0
[SYNC-SCHEDULED-UPDATES] stage=direct_gossip provider=12D3KooW current_height=3134 step=build_next_validators_begin update_height=3134 due_transition=false defer_for_sync=false update_blocked=false planned_only=false updated=false processed_adds=0 processed_removes=0 next_transition_height=0 transition_validators=4 next_validators=0
[SYNC-SCHEDULED-UPDATES] stage=direct_gossip provider=12D3KooW current_height=3134 step=build_next_validators_done update_height=3134 due_transition=false defer_for_sync=false update_blocked=false planned_only=false updated=false processed_adds=0 processed_removes=0 next_transition_height=0 transition_validators=4 next_validators=4
[SYNC-SCHEDULED-UPDATES] stage=direct_gossip provider=12D3KooW current_height=3134 step=transition_quorum_begin update_height=3134 due_transition=false defer_for_sync=false update_blocked=false planned_only=false updated=false processed_adds=0 processed_removes=0 next_transition_height=0 transition_validators=4 next_validators=4
[SYNC-SCHEDULED-UPDATES] stage=direct_gossip provider=12D3KooW current_height=3134 step=transition_quorum_done update_height=3134 due_transition=false defer_for_sync=false update_blocked=false planned_only=false updated=false processed_adds=0 processed_removes=0 next_transition_height=0 transition_validators=4 next_validators=4
[SYNC-SCHEDULED-UPDATES] stage=direct_gossip provider=12D3KooW current_height=3134 step=transition_plan_write_begin update_height=3134 due_transition=false defer_for_sync=false update_blocked=false planned_only=false updated=false processed_adds=0 processed_removes=0 next_transition_height=0 transition_validators=4 next_validators=4
[SYNC-SCHEDULED-UPDATES] stage=direct_gossip provider=12D3KooW current_height=3134 step=transition_plan_write_done update_height=3134 due_transition=false defer_for_sync=false update_blocked=false planned_only=false updated=false processed_adds=0 processed_removes=0 next_transition_height=0 transition_validators=4 next_validators=4
[SYNC-SCHEDULED-UPDATES] stage=direct_gossip provider=12D3KooW current_height=3134 step=finalize_pending_maps_begin update_height=3134 due_transition=false defer_for_sync=false update_blocked=false planned_only=false updated=false processed_adds=0 processed_removes=0 next_transition_height=0 transition_validators=4 next_validators=4
[SYNC-SCHEDULED-UPDATES] stage=direct_gossip provider=12D3KooW current_height=3134 step=finalize_pending_maps_done update_height=3134 due_transition=false defer_for_sync=false update_blocked=false planned_only=false updated=false processed_adds=0 processed_removes=0 next_transition_height=0 transition_validators=4 next_validators=4
[SYNC-SCHEDULED-UPDATES] stage=direct_gossip provider=12D3KooW current_height=3134 step=active_transition_heights_begin update_height=3134 due_transition=false defer_for_sync=false update_blocked=false planned_only=false updated=false processed_adds=0 processed_removes=0 next_transition_height=0 transition_validators=4 next_validators=4
[SYNC-SCHEDULED-UPDATES] stage=direct_gossip provider=12D3KooW current_height=3134 step=active_transition_heights_done update_height=3134 due_transition=false defer_for_sync=false update_blocked=false planned_only=false updated=false processed_adds=0 processed_removes=0 next_transition_height=0 transition_validators=4 next_validators=4
[SYNC-SCHEDULED-UPDATES] stage=direct_gossip provider=12D3KooW current_height=3134 step=validator_set_unlock update_height=3134 due_transition=false defer_for_sync=false update_blocked=false planned_only=false updated=false processed_adds=0 processed_removes=0 next_transition_height=0 transition_validators=4 next_validators=4
[SYNC-SCHEDULED-UPDATES] stage=direct_gossip provider=12D3KooW current_height=3134 step=retry_clear_begin update_height=3134 due_transition=false defer_for_sync=false update_blocked=false planned_only=false updated=false processed_adds=0 processed_removes=0 next_transition_height=0 transition_validators=4 next_validators=4
[SYNC-SCHEDULED-UPDATES] stage=direct_gossip provider=12D3KooW current_height=3134 step=retry_clear_done update_height=3134 due_transition=false defer_for_sync=false update_blocked=false planned_only=false updated=false processed_adds=0 processed_removes=0 next_transition_height=0 transition_validators=4 next_validators=4
[SYNC-SCHEDULED-UPDATES] stage=direct_gossip provider=12D3KooW current_height=3134 step=prune_retry_begin update_height=3134 due_transition=false defer_for_sync=false update_blocked=false planned_only=false updated=false processed_adds=0 processed_removes=0 next_transition_height=0 transition_validators=4 next_validators=4
[SYNC-SCHEDULED-UPDATES] stage=direct_gossip provider=12D3KooW current_height=3134 step=prune_retry_done update_height=3134 due_transition=false defer_for_sync=false update_blocked=false planned_only=false updated=false processed_adds=0 processed_removes=0 next_transition_height=0 transition_validators=4 next_validators=4
[SYNC-SCHEDULED-UPDATES] stage=direct_gossip provider=12D3KooW current_height=3134 step=onboarding_tracker_begin update_height=3134 due_transition=false defer_for_sync=false update_blocked=false planned_only=false updated=false processed_adds=0 processed_removes=0 next_transition_height=0 transition_validators=4 next_validators=4
[SYNC-SCHEDULED-UPDATES] stage=direct_gossip provider=12D3KooW current_height=3134 step=onboarding_tracker_done update_height=3134 due_transition=false defer_for_sync=false update_blocked=false planned_only=false updated=false processed_adds=0 processed_removes=0 next_transition_height=0 transition_validators=4 next_validators=4
[SYNC-SCHEDULED-UPDATES] stage=direct_gossip provider=12D3KooW current_height=3134 step=broadcast_validator_info_begin update_height=3134 due_transition=false defer_for_sync=false update_blocked=false planned_only=false updated=false processed_adds=0 processed_removes=0 next_transition_height=0 transition_validators=4 next_validators=4
[SYNC-SCHEDULED-UPDATES] stage=direct_gossip provider=12D3KooW current_height=3134 step=broadcast_validator_info_done update_height=3134 due_transition=false defer_for_sync=false update_blocked=false planned_only=false updated=false processed_adds=0 processed_removes=0 next_transition_height=0 transition_validators=4 next_validators=4
[SYNC-SCHEDULED-UPDATES] stage=direct_gossip provider=12D3KooW current_height=3134 step=final_update_log_begin update_height=3134 due_transition=false defer_for_sync=false update_blocked=false planned_only=false updated=false processed_adds=0 processed_removes=0 next_transition_height=0 transition_validators=4 next_validators=4
[SYNC-SCHEDULED-UPDATES] stage=direct_gossip provider=12D3KooW current_height=3134 step=final_update_log_done update_height=3134 due_transition=false defer_for_sync=false update_blocked=false planned_only=false updated=false processed_adds=0 processed_removes=0 next_transition_height=0 transition_validators=4 next_validators=4
[SYNC-SCHEDULED-UPDATES] stage=direct_gossip provider=12D3KooW current_height=3134 step=snapshot_epoch_validators_begin update_height=3134 due_transition=false defer_for_sync=false update_blocked=false planned_only=false updated=false processed_adds=0 processed_removes=0 next_transition_height=0 transition_validators=4 next_validators=4
[EXEC-HASH] hint=3134 from=A exec=eb3218bf
Execution hash received: A @ epoch 3134
Validator heartbeat received: A | reported_height=3134 | finalized_height=3134 | local_exec_epoch=3135
2026/05/20 23:21:50 [VOTE-ACCEPT] reason=recorded signer=A height=3134 round=1 vote_block=b03daff8 current_block=b03daff8 proposal=3134|1|b03daff8e2b712ecd7e31bbf90400f9abb372308bd2d4c465330d59f40168dcb||eb3218bf69cfbf26fc043af9f9536e81acbcd5160d93d65240206ad5460a5ea2 exec=eb3218bf tx_merkle= votes=3 required=3
[EXEC-POOL] epoch=3134 hash=eb3218bf voters=3/4
[EXEC-QUORUM] epoch=3134 required=3 total=4 votes=3
Execution quorum reached (hash=eb3218bf votes=3/4)
2026/05/20 23:21:50 [EXEC-PROPOSAL-SELECT] height=3134 reason=vote_observed prev_round=0 prev_block= round=1 block=b03daff8 voters=0 force=true
2026/05/20 23:21:50 [EXEC-PRECOMMIT] height=3134 reason=quorum_precommit prev_round=0 prev_block= round=1 block=b03daff8 votes=3 required=3
2026/05/20 23:21:50 [EXEC-COMMIT-DEFER] height=3134 reason=sync_in_progress local=3134 exec=eb3218bf tx_merkle=
[SYNC-SCHEDULED-UPDATES] stage=direct_gossip provider=12D3KooW current_height=3134 step=snapshot_epoch_validators_done update_height=3134 due_transition=false defer_for_sync=false update_blocked=false planned_only=false updated=false processed_adds=0 processed_removes=0 next_transition_height=0 transition_validators=4 next_validators=4
[SYNC-COMMIT-PHASE] node=D stage=direct_gossip provider=12D3KooW height=3134 local=3134 phase=apply_scheduled_updates_done
[SYNC-COMMIT-PHASE] node=D stage=direct_gossip provider=12D3KooW height=3134 local=3134 phase=snapshot_epoch_validators_begin
[SYNC-COMMIT-PHASE] node=D stage=direct_gossip provider=12D3KooW height=3134 local=3134 phase=snapshot_epoch_validators_done
[SYNC-COMMIT-PHASE] node=D stage=direct_gossip provider=12D3KooW height=3134 local=3134 phase=start_next_round_begin
[SYNC-COMMIT-PHASE] node=D stage=direct_gossip provider=12D3KooW height=3134 local=3134 phase=start_next_round_done
[SYNC-COMMIT-PHASE] node=D stage=direct_gossip provider=12D3KooW height=3134 local=3134 phase=clear_exec_results_begin
[SYNC-COMMIT-PHASE] node=D stage=direct_gossip provider=12D3KooW height=3134 local=3134 phase=clear_exec_results_done
[SYNC-COMMIT-PHASE] node=D stage=direct_gossip provider=12D3KooW height=3134 local=3134 phase=update_validator_metrics_begin
[SYNC-COMMIT-PHASE] node=D stage=direct_gossip provider=12D3KooW height=3134 local=3134 phase=update_validator_metrics_done
[SYNC-COMMIT-PHASE] node=D stage=direct_gossip provider=12D3KooW height=3134 local=3134 phase=enter_safe_mode_begin
[SYNC-COMMIT-PHASE] node=D stage=direct_gossip provider=12D3KooW height=3134 local=3134 phase=enter_safe_mode_deferred
[SYNC-COMMIT-PHASE] node=D stage=direct_gossip provider=12D3KooW height=3134 local=3134 phase=enter_safe_mode_done
[SYNC-COMMIT-PHASE] node=D stage=direct_gossip provider=12D3KooW height=3134 local=3134 phase=ensure_tip_snapshot_begin
Validator heartbeat received: A | reported_height=3134 | finalized_height=3134 | local_exec_epoch=3135
[SYNC-COMMIT-PHASE] node=D stage=direct_gossip provider=12D3KooW height=3134 local=3134 phase=ensure_tip_snapshot_done
[SYNC-COMMIT-PHASE] node=D stage=direct_gossip provider=12D3KooW height=3134 local=3134 phase=prune_snapshots_deferred
[SYNC-COMMIT-PHASE] node=D stage=direct_gossip provider=12D3KooW height=3134 local=3134 phase=publish_required_snapshot_begin
[SYNC-COMMIT-PHASE] node=D stage=direct_gossip provider=12D3KooW height=3134 local=3134 phase=publish_required_snapshot_deferred
[SYNC-COMMIT-PHASE] node=D stage=direct_gossip provider=12D3KooW height=3134 local=3134 phase=publish_required_snapshot_done
[COMMIT] node=D h=3134 hash=2b0bad10 by=A type=TIME txs=0
[SYNC-COMMIT-PHASE] node=D stage=direct_gossip provider=12D3KooW height=3134 local=3134 phase=commit_log_done
[SYNC-COMMIT-PHASE] node=D stage=direct_gossip provider=12D3KooW height=3134 local=3134 phase=touch_signers_begin
[SYNC-COMMIT-PHASE] node=D stage=direct_gossip provider=12D3KooW height=3134 local=3134 phase=touch_signers_done
[SYNC-COMMIT-PHASE] node=D stage=direct_gossip provider=12D3KooW height=3134 local=3134 phase=maybe_exit_sync_begin
[SYNC-CLEAR] reason=commit local=3134 target=3134
[REGISTRY-PENDING] height=3135 chain_height=3134 reason=future_parent
[SET-PENDING] height=3136 chain_height=3134 reason=future_height
Heartbeat sent: D finalized=3134 epoch=3135
[REGISTRY-COMMITMENT-CHECK] height=3134 required=true parent_unanchored=false source=chain_block expected=9cd32df6 got=9cd32df6
[EXEC-HASH] hint=3134 from=A exec=eb3218bf
2026/05/20 23:21:50 [VOTE-DROP] reason=duplicate_exec_vote signer=A height=3134 round=1 vote_block=b03daff8 current_block=b03daff8 proposal=3134|1|b03daff8e2b712ecd7e31bbf90400f9abb372308bd2d4c465330d59f40168dcb||eb3218bf69cfbf26fc043af9f9536e81acbcd5160d93d65240206ad5460a5ea2 exec=eb3218bf tx_merkle=
[CONSENSUS] height=3134 vhash=d75b74ab validators=4
[SYNC-COMMIT-PHASE] node=D stage=direct_gossip provider=12D3KooW height=3134 local=3134 phase=done
[HEIGHT] node=D updated -> 3134
2026/05/20 23:21:51 [SYNC-PIPELINE] stage=live_consensus
Ã°Å¸â€œÂ¨ Consensus message from 12D3KooWPVKESWFG9sS8G6vjhfPn54kWuNFkkuHwG4yQXhYRcXjX: leader_block (size: 1311 bytes)
Ã°Å¸â€œÂ¦ Leader block received from 12D3KooWPVKESWFG9sS8G6vjhfPn54kWuNFkkuHwG4yQXhYRcXjX | height=3135 proposer=A
Ã°Å¸â€Å’ Consensus stream EOF from 12D3KooWPVKESWFG9sS8G6vjhfPn54kWuNFkkuHwG4yQXhYRcXjX
Ã°Å¸â€Å’ Consensus stream closed with 12D3KooWPVKESWFG9sS8G6vjhfPn54kWuNFkkuHwG4yQXhYRcXjX
[SET-COMMITMENT-APPLY] height=3135 source=chain_parent_commitment mode=legacy hash=d75b74ab
2026/05/20 23:21:51 [EXEC-PROPOSAL-SELECT] height=3135 reason=observed prev_round=0 prev_block= round=0 block=d7541e63 voters=0 force=false
Ã°Å¸â€œÂ¨ Consensus message from 12D3KooWD9ed8zJXbW8uUU6XHD2UYrsQQEvnuXReJWFeo52dvdf8: execution_result (size: 359 bytes)
Ã°Å¸â€Å’ Consensus stream EOF from 12D3KooWD9ed8zJXbW8uUU6XHD2UYrsQQEvnuXReJWFeo52dvdf8
Ã°Å¸â€Å’ Consensus stream closed with 12D3KooWD9ed8zJXbW8uUU6XHD2UYrsQQEvnuXReJWFeo52dvdf8
Ã°Å¸â€œÂ¨ Consensus message from 12D3KooWHdmUKc1bYKY3scg6TqGhK3SutwH9hu1aAez4VmvwkEyk: execution_result (size: 359 bytes)
Ã°Å¸â€Å’ Consensus stream EOF from 12D3KooWHdmUKc1bYKY3scg6TqGhK3SutwH9hu1aAez4VmvwkEyk
Ã°Å¸â€Å’ Consensus stream closed with 12D3KooWHdmUKc1bYKY3scg6TqGhK3SutwH9hu1aAez4VmvwkEyk
Ã°Å¸â€œÂ¨ Consensus message from 12D3KooWPVKESWFG9sS8G6vjhfPn54kWuNFkkuHwG4yQXhYRcXjX: execution_result (size: 359 bytes)
Ã°Å¸â€Å’ Consensus stream EOF from 12D3KooWPVKESWFG9sS8G6vjhfPn54kWuNFkkuHwG4yQXhYRcXjX
Ã°Å¸â€Å’ Consensus stream closed with 12D3KooWPVKESWFG9sS8G6vjhfPn54kWuNFkkuHwG4yQXhYRcXjX
[STATUS] height=3134 finalized=3134 peers=4 validators=3 strict_live=3 heartbeat_live=3 out_of_drift=0 drift_limit=8 syncing=false sync_complete=true execution_ready=true execution_reason=ready gossip=true gossip_pipeline=new_block_gossip_validate_apply consensus_running=false mode=observer vote=false propose=false role=full validator_state=activating warmup_seconds=0 ready=false reason=activation_pending_not_in_frozen_set snapshot_source=none expected_source=chain_parent_commitment expected_hash=d75b74ab resolved_source=chain_parent_commitment resolved_hash=d75b74ab next_source=carry_forward next_hash=d75b74ab got_hash= authority=chain_parent_commitment hash_mode=legacy
2026/05/20 23:21:52 [EXEC-BROADCAST-DEFER] validator=D height=3135 reason=activation_pending_not_in_frozen_set trigger=leader_block block=d7541e63 prev=2b0bad10
[LEADER-BLOCK-REJECT] height=3135 round=0 reason=duplicate_proposal peer=12D3KooWPVKESWFG9sS8G6vjhfPn54kWuNFkkuHwG4yQXhYRcXjX proposer=A block=d7541e63
[LEADER-BLOCK-REJECT] height=3135 round=0 reason=duplicate_proposal peer=12D3KooWPVKESWFG9sS8G6vjhfPn54kWuNFkkuHwG4yQXhYRcXjX proposer=A block=d7541e63
Ã°Å¸â€œÂ¨ Consensus message from 12D3KooWPVKESWFG9sS8G6vjhfPn54kWuNFkkuHwG4yQXhYRcXjX: leader_block (size: 1311 bytes)
Ã°Å¸â€œÂ¦ Leader block received from 12D3KooWPVKESWFG9sS8G6vjhfPn54kWuNFkkuHwG4yQXhYRcXjX | height=3135 proposer=A
Ã°Å¸â€Å’ Consensus stream EOF from 12D3KooWPVKESWFG9sS8G6vjhfPn54kWuNFkkuHwG4yQXhYRcXjX
Ã°Å¸â€Å’ Consensus stream closed with 12D3KooWPVKESWFG9sS8G6vjhfPn54kWuNFkkuHwG4yQXhYRcXjX
Ã¢ÂÂ³ Waiting for sync completion before consensus start (height=3134 finalized=3134)
[REGISTRY-COMMITMENT-CHECK] height=3135 required=true parent_unanchored=false source=chain_parent_commitment expected=9cd32df6 got=9cd32df6
Validator heartbeat: B | reported_height=3135 | finalized_height=3135 | local_exec_epoch=3136
Validator heartbeat: B | reported_height=3135 | finalized_height=3135 | local_exec_epoch=3136
Heartbeat sent: D finalized=3134 epoch=3135
[EXEC-HASH] hint=3135 from=C exec=d812632e
Execution hash received: C @ epoch 3135
2026/05/20 23:21:53 [VOTE-ACCEPT] reason=recorded signer=C height=3135 round=0 vote_block=d7541e63 current_block=d7541e63 proposal=3135|0|d7541e63bdccd89a3b955a9dd91c5072c77f0a4f1b2aa2f8f52c881c92902bf7||d812632e65f774d2bfada57e31281bcabdd6b4186db5f2970262900a583bba0c exec=d812632e tx_merkle= votes=1 required=3
[EXEC-POOL] epoch=3135 hash=d812632e voters=1/4
[EXEC-QUORUM] epoch=3135 required=3 total=4 votes=1
Validator heartbeat received: B | reported_height=3135 | finalized_height=3135 | local_exec_epoch=3136
Validator heartbeat: C | reported_height=3135 | finalized_height=3135 | local_exec_epoch=3136
Validator heartbeat received: B | reported_height=3135 | finalized_height=3135 | local_exec_epoch=3136
Validator heartbeat: C | reported_height=3135 | finalized_height=3135 | local_exec_epoch=3136
[REGISTRY-COMMITMENT-CHECK] height=3135 required=true parent_unanchored=false source=chain_parent_commitment expected=9cd32df6 got=9cd32df6
2026/05/20 23:21:53 [VOTE-DROP] reason=replay_cache signer=C height=3135 round=0 vote_block=d7541e63 current_block=d7541e63 proposal=3135|0|d7541e63bdccd89a3b955a9dd91c5072c77f0a4f1b2aa2f8f52c881c92902bf7||d812632e65f774d2bfada57e31281bcabdd6b4186db5f2970262900a583bba0c exec=d812632e tx_merkle=
Ã°Å¸â€œÂ¨ Consensus message from 12D3KooWD9ed8zJXbW8uUU6XHD2UYrsQQEvnuXReJWFeo52dvdf8: leader_block (size: 1311 bytes)
Ã°Å¸â€œÂ¦ Leader block received from 12D3KooWD9ed8zJXbW8uUU6XHD2UYrsQQEvnuXReJWFeo52dvdf8 | height=3136 proposer=C
Ã°Å¸â€Å’ Consensus stream EOF from 12D3KooWD9ed8zJXbW8uUU6XHD2UYrsQQEvnuXReJWFeo52dvdf8
Ã°Å¸â€Å’ Consensus stream closed with 12D3KooWD9ed8zJXbW8uUU6XHD2UYrsQQEvnuXReJWFeo52dvdf8
Ã°Å¸â€œÂ¨ Consensus message from 12D3KooWD9ed8zJXbW8uUU6XHD2UYrsQQEvnuXReJWFeo52dvdf8: execution_result (size: 359 bytes)
Ã°Å¸â€Å’ Consensus stream EOF from 12D3KooWD9ed8zJXbW8uUU6XHD2UYrsQQEvnuXReJWFeo52dvdf8
Ã°Å¸â€Å’ Consensus stream closed with 12D3KooWD9ed8zJXbW8uUU6XHD2UYrsQQEvnuXReJWFeo52dvdf8
[REGISTRY-COMMITMENT-CHECK] height=3135 required=true parent_unanchored=false source=chain_parent_commitment expected=9cd32df6 got=9cd32df6
Ã°Å¸â€œÂ¨ Consensus message from 12D3KooWHdmUKc1bYKY3scg6TqGhK3SutwH9hu1aAez4VmvwkEyk: execution_result (size: 359 bytes)
Ã°Å¸â€Å’ Consensus stream EOF from 12D3KooWHdmUKc1bYKY3scg6TqGhK3SutwH9hu1aAez4VmvwkEyk
Ã°Å¸â€Å’ Consensus stream closed with 12D3KooWHdmUKc1bYKY3scg6TqGhK3SutwH9hu1aAez4VmvwkEyk
Ã°Å¸â€œÂ¨ Consensus message from 12D3KooWD9ed8zJXbW8uUU6XHD2UYrsQQEvnuXReJWFeo52dvdf8: leader_block (size: 1311 bytes)
Ã°Å¸â€œÂ¦ Leader block received from 12D3KooWD9ed8zJXbW8uUU6XHD2UYrsQQEvnuXReJWFeo52dvdf8 | height=3136 proposer=C
Ã°Å¸â€Å’ Consensus stream EOF from 12D3KooWD9ed8zJXbW8uUU6XHD2UYrsQQEvnuXReJWFeo52dvdf8
Ã°Å¸â€Å’ Consensus stream closed with 12D3KooWD9ed8zJXbW8uUU6XHD2UYrsQQEvnuXReJWFeo52dvdf8
Validator heartbeat received: C | reported_height=3135 | finalized_height=3135 | local_exec_epoch=3136
Validator heartbeat received: C | reported_height=3135 | finalized_height=3135 | local_exec_epoch=3136
2026/05/20 23:21:55 [SYNC-PIPELINE] stage=block_catchup
[EXEC-HASH] hint=3135 from=B exec=d812632e
Execution hash received: B @ epoch 3135
2026/05/20 23:21:55 [VOTE-ACCEPT] reason=recorded signer=B height=3135 round=0 vote_block=d7541e63 current_block=d7541e63 proposal=3135|0|d7541e63bdccd89a3b955a9dd91c5072c77f0a4f1b2aa2f8f52c881c92902bf7||d812632e65f774d2bfada57e31281bcabdd6b4186db5f2970262900a583bba0c exec=d812632e tx_merkle= votes=2 required=3
[EXEC-POOL] epoch=3135 hash=d812632e voters=2/4
[EXEC-QUORUM] epoch=3135 required=3 total=4 votes=2
Ã¢ÂÂ³ Waiting for sync completion before consensus start (height=3134 finalized=3134)
Heartbeat sent: D finalized=3134 epoch=3135
[REGISTRY-COMMITMENT-CHECK] height=3135 required=true parent_unanchored=false source=chain_parent_commitment expected=9cd32df6 got=9cd32df6
2026/05/20 23:21:55 [VOTE-DROP] reason=replay_cache signer=B height=3135 round=0 vote_block=d7541e63 current_block=d7541e63 proposal=3135|0|d7541e63bdccd89a3b955a9dd91c5072c77f0a4f1b2aa2f8f52c881c92902bf7||d812632e65f774d2bfada57e31281bcabdd6b4186db5f2970262900a583bba0c exec=d812632e tx_merkle=
2026/05/20 23:21:55 [OK] goroutine pressure normalized: 176 (degrade mode off)
[REGISTRY-PENDING] height=3135 chain_height=3134 reason=future_parent
[SET-PENDING] height=3136 chain_height=3134 reason=future_height
[REGISTRY-COMMITMENT-CHECK] height=3135 required=true parent_unanchored=false source=chain_parent_commitment expected=9cd32df6 got=9cd32df6
[EXEC-HASH] hint=3135 from=A exec=d812632e
Execution hash received: A @ epoch 3135
2026/05/20 23:21:56 [VOTE-ACCEPT] reason=recorded signer=A height=3135 round=0 vote_block=d7541e63 current_block=d7541e63 proposal=3135|0|d7541e63bdccd89a3b955a9dd91c5072c77f0a4f1b2aa2f8f52c881c92902bf7||d812632e65f774d2bfada57e31281bcabdd6b4186db5f2970262900a583bba0c exec=d812632e tx_merkle= votes=3 required=3
[EXEC-POOL] epoch=3135 hash=d812632e voters=3/4
[EXEC-QUORUM] epoch=3135 required=3 total=4 votes=3
Execution quorum reached (hash=d812632e votes=3/4)
2026/05/20 23:21:56 [EXEC-PRECOMMIT] height=3135 reason=quorum_precommit prev_round=0 prev_block= round=0 block=d7541e63 votes=3 required=3
[REGISTRY-COMMITMENT-CHECK] height=3135 required=true parent_unanchored=false source=chain_parent_commitment expected=9cd32df6 got=9cd32df6
Validator heartbeat: A | reported_height=3135 | finalized_height=3135 | local_exec_epoch=3136
Validator heartbeat: A | reported_height=3135 | finalized_height=3135 | local_exec_epoch=3136
2026/05/20 23:21:57 [EXEC-COMMIT] height=3135 reason=precommit_quorum round=0 block=83cad578 votes=3 required=3 precommits=3
[REGISTRY-COMMITMENT-CHECK] height=3135 required=true parent_unanchored=false source=chain_parent_commitment expected=9cd32df6 got=9cd32df6
[REGISTRY-PRECOMMIT] height=3135 source=committed_carry_forward header=9cd32df6 resolved=9cd32df6 validators=4
[SYNC-COMMIT-PHASE] node=D stage=idle provider= height=3135 local=3134 phase=process_block_begin
Validator heartbeat received: A | reported_height=3135 | finalized_height=3135 | local_exec_epoch=3136
[SNAPSHOT-PUBLISH] deferred height=3135 reason=auto_publish_interval_10
Validator heartbeat received: A | reported_height=3135 | finalized_height=3135 | local_exec_epoch=3136
[SYNC-COMMIT-PHASE] node=D stage=idle provider= height=3135 local=3135 phase=process_block_committed
[SYNC-COMMIT-PHASE] node=D stage=idle provider= height=3135 local=3135 phase=post_block_effects_begin
âœ… Height finalized â†’ 3136
[EMISSION] h=3135 reward=2 treasury=1 validators=1 burn=0 applied_burn=0 chance_bps=10000
[SYNC-COMMIT-PHASE] node=D stage=idle provider= height=3135 local=3135 phase=post_block_effects_done
[SYNC-COMMIT-PHASE] node=D stage=idle provider= height=3135 local=3135 phase=persist_registry_begin
[COMMITTEE] height=3136 size=4 target=4 hash=34a93d19
[SET-FREEZE] height=3136 vhash=34a93d19 size=4
[SYNC-COMMIT-PHASE] node=D stage=idle provider= height=3135 local=3135 phase=persist_registry_done
[SYNC-COMMIT-PHASE] node=D stage=idle provider= height=3135 local=3135 phase=apply_validator_updates_begin
[SYNC-COMMIT-PHASE] node=D stage=idle provider= height=3135 local=3135 phase=apply_validator_updates_done
[SYNC-COMMIT-PHASE] node=D stage=idle provider= height=3135 local=3135 phase=observe_candidates_begin
Heartbeat sent: D finalized=3134 epoch=3135
[SYNC-CLEAR] reason=up_to_date local=3135 target=0
Attempting to connect to 4 peers
[SYNC-COMMIT-PHASE] node=D stage=idle provider= height=3135 local=3135 phase=observe_candidates_done
[SYNC-COMMIT-PHASE] node=D stage=idle provider= height=3135 local=3135 phase=apply_validator_update_txs_begin
[SYNC-COMMIT-PHASE] node=D stage=idle provider= height=3135 local=3135 phase=apply_validator_update_txs_done
[SYNC-COMMIT-PHASE] node=D stage=idle provider= height=3135 local=3135 phase=apply_scheduled_updates_begin
[SYNC-SCHEDULED-UPDATES] stage=idle provider= current_height=3135 step=queue_inactive_removals_begin update_height=3135 due_transition=false defer_for_sync=false update_blocked=false planned_only=false updated=false processed_adds=0 processed_removes=0 next_transition_height=0 transition_validators=0 next_validators=0
Ã¢ÂÂ³ Waiting for sync completion before consensus start (height=3134 finalized=3134)
[SYNC-SCHEDULED-UPDATES] stage=idle provider= current_height=3135 step=queue_inactive_removals_done update_height=3135 due_transition=false defer_for_sync=false update_blocked=false planned_only=false updated=false processed_adds=0 processed_removes=0 next_transition_height=0 transition_validators=0 next_validators=0
[SYNC-SCHEDULED-UPDATES] stage=idle provider= current_height=3135 step=sync_gate_snapshot_state_begin update_height=3135 due_transition=false defer_for_sync=false update_blocked=false planned_only=false updated=false processed_adds=0 processed_removes=0 next_transition_height=0 transition_validators=0 next_validators=0
[SYNC-SCHEDULED-UPDATES] stage=idle provider= current_height=3135 step=sync_gate_snapshot_state_done update_height=3135 due_transition=false defer_for_sync=false update_blocked=false planned_only=false updated=false processed_adds=0 processed_removes=0 next_transition_height=0 transition_validators=0 next_validators=0
[SYNC-SCHEDULED-UPDATES] stage=idle provider= current_height=3135 step=apply_queued_set_update_begin update_height=3135 due_transition=false defer_for_sync=false update_blocked=false planned_only=false updated=false processed_adds=0 processed_removes=0 next_transition_height=0 transition_validators=0 next_validators=0
[SYNC-SCHEDULED-UPDATES] stage=idle provider= current_height=3135 step=apply_queued_set_update_done update_height=3135 due_transition=false defer_for_sync=false update_blocked=false planned_only=false updated=false processed_adds=0 processed_removes=0 next_transition_height=0 transition_validators=0 next_validators=0
[SYNC-SCHEDULED-UPDATES] stage=idle provider= current_height=3135 step=validator_set_lock_begin update_height=3135 due_transition=false defer_for_sync=false update_blocked=false planned_only=false updated=false processed_adds=0 processed_removes=0 next_transition_height=0 transition_validators=0 next_validators=0
[SYNC-SCHEDULED-UPDATES] stage=idle provider= current_height=3135 step=validator_set_lock_acquired update_height=3135 due_transition=false defer_for_sync=false update_blocked=false planned_only=false updated=false processed_adds=0 processed_removes=0 next_transition_height=0 transition_validators=0 next_validators=0
[SYNC-SCHEDULED-UPDATES] stage=idle provider= current_height=3135 step=compute_next_transition_height_begin update_height=3135 due_transition=false defer_for_sync=false update_blocked=false planned_only=false updated=false processed_adds=0 processed_removes=0 next_transition_height=0 transition_validators=0 next_validators=0
[SYNC-SCHEDULED-UPDATES] stage=idle provider= current_height=3135 step=compute_next_transition_height_done update_height=3135 due_transition=false defer_for_sync=false update_blocked=false planned_only=false updated=false processed_adds=0 processed_removes=0 next_transition_height=0 transition_validators=0 next_validators=0
[SYNC-SCHEDULED-UPDATES] stage=idle provider= current_height=3135 step=due_transition_eval_begin update_height=3135 due_transition=false defer_for_sync=false update_blocked=false planned_only=false updated=false processed_adds=0 processed_removes=0 next_transition_height=0 transition_validators=0 next_validators=0
[SYNC-SCHEDULED-UPDATES] stage=idle provider= current_height=3135 step=due_transition_eval_done update_height=3135 due_transition=false defer_for_sync=false update_blocked=false planned_only=false updated=false processed_adds=0 processed_removes=0 next_transition_height=0 transition_validators=0 next_validators=0
[SYNC-SCHEDULED-UPDATES] stage=idle provider= current_height=3135 step=defer_for_sync_eval_begin update_height=3135 due_transition=false defer_for_sync=false update_blocked=false planned_only=false updated=false processed_adds=0 processed_removes=0 next_transition_height=0 transition_validators=0 next_validators=0
[SYNC-SCHEDULED-UPDATES] stage=idle provider= current_height=3135 step=defer_for_sync_eval_done update_height=3135 due_transition=false defer_for_sync=false update_blocked=false planned_only=false updated=false processed_adds=0 processed_removes=0 next_transition_height=0 transition_validators=0 next_validators=0
[SYNC-SCHEDULED-UPDATES] stage=idle provider= current_height=3135 step=scheduled_transition_validators_begin update_height=3135 due_transition=false defer_for_sync=false update_blocked=false planned_only=false updated=false processed_adds=0 processed_removes=0 next_transition_height=0 transition_validators=0 next_validators=0
[SYNC-SCHEDULED-UPDATES] stage=idle provider= current_height=3135 step=scheduled_transition_validators_done update_height=3135 due_transition=false defer_for_sync=false update_blocked=false planned_only=false updated=false processed_adds=0 processed_removes=0 next_transition_height=0 transition_validators=4 next_validators=0
[SYNC-SCHEDULED-UPDATES] stage=idle provider= current_height=3135 step=build_next_validators_begin update_height=3135 due_transition=false defer_for_sync=false update_blocked=false planned_only=false updated=false processed_adds=0 processed_removes=0 next_transition_height=0 transition_validators=4 next_validators=0
[SYNC-SCHEDULED-UPDATES] stage=idle provider= current_height=3135 step=build_next_validators_done update_height=3135 due_transition=false defer_for_sync=false update_blocked=false planned_only=false updated=false processed_adds=0 processed_removes=0 next_transition_height=0 transition_validators=4 next_validators=4
[SYNC-SCHEDULED-UPDATES] stage=idle provider= current_height=3135 step=transition_quorum_begin update_height=3135 due_transition=false defer_for_sync=false update_blocked=false planned_only=false updated=false processed_adds=0 processed_removes=0 next_transition_height=0 transition_validators=4 next_validators=4
[SYNC-SCHEDULED-UPDATES] stage=idle provider= current_height=3135 step=transition_quorum_done update_height=3135 due_transition=false defer_for_sync=false update_blocked=false planned_only=false updated=false processed_adds=0 processed_removes=0 next_transition_height=0 transition_validators=4 next_validators=4
[SYNC-SCHEDULED-UPDATES] stage=idle provider= current_height=3135 step=transition_plan_write_begin update_height=3135 due_transition=false defer_for_sync=false update_blocked=false planned_only=false updated=false processed_adds=0 processed_removes=0 next_transition_height=0 transition_validators=4 next_validators=4
[SYNC-SCHEDULED-UPDATES] stage=idle provider= current_height=3135 step=transition_plan_write_done update_height=3135 due_transition=false defer_for_sync=false update_blocked=false planned_only=false updated=false processed_adds=0 processed_removes=0 next_transition_height=0 transition_validators=4 next_validators=4
[SYNC-SCHEDULED-UPDATES] stage=idle provider= current_height=3135 step=finalize_pending_maps_begin update_height=3135 due_transition=false defer_for_sync=false update_blocked=false planned_only=false updated=false processed_adds=0 processed_removes=0 next_transition_height=0 transition_validators=4 next_validators=4
[SYNC-SCHEDULED-UPDATES] stage=idle provider= current_height=3135 step=finalize_pending_maps_done update_height=3135 due_transition=false defer_for_sync=false update_blocked=false planned_only=false updated=false processed_adds=0 processed_removes=0 next_transition_height=0 transition_validators=4 next_validators=4
[SYNC-SCHEDULED-UPDATES] stage=idle provider= current_height=3135 step=active_transition_heights_begin update_height=3135 due_transition=false defer_for_sync=false update_blocked=false planned_only=false updated=false processed_adds=0 processed_removes=0 next_transition_height=0 transition_validators=4 next_validators=4
[SYNC-SCHEDULED-UPDATES] stage=idle provider= current_height=3135 step=active_transition_heights_done update_height=3135 due_transition=false defer_for_sync=false update_blocked=false planned_only=false updated=false processed_adds=0 processed_removes=0 next_transition_height=0 transition_validators=4 next_validators=4
[SYNC-SCHEDULED-UPDATES] stage=idle provider= current_height=3135 step=validator_set_unlock update_height=3135 due_transition=false defer_for_sync=false update_blocked=false planned_only=false updated=false processed_adds=0 processed_removes=0 next_transition_height=0 transition_validators=4 next_validators=4
[SYNC-SCHEDULED-UPDATES] stage=idle provider= current_height=3135 step=retry_clear_begin update_height=3135 due_transition=false defer_for_sync=false update_blocked=false planned_only=false updated=false processed_adds=0 processed_removes=0 next_transition_height=0 transition_validators=4 next_validators=4
[SYNC-SCHEDULED-UPDATES] stage=idle provider= current_height=3135 step=retry_clear_done update_height=3135 due_transition=false defer_for_sync=false update_blocked=false planned_only=false updated=false processed_adds=0 processed_removes=0 next_transition_height=0 transition_validators=4 next_validators=4
[SYNC-SCHEDULED-UPDATES] stage=idle provider= current_height=3135 step=prune_retry_begin update_height=3135 due_transition=false defer_for_sync=false update_blocked=false planned_only=false updated=false processed_adds=0 processed_removes=0 next_transition_height=0 transition_validators=4 next_validators=4
[SYNC-SCHEDULED-UPDATES] stage=idle provider= current_height=3135 step=prune_retry_done update_height=3135 due_transition=false defer_for_sync=false update_blocked=false planned_only=false updated=false processed_adds=0 processed_removes=0 next_transition_height=0 transition_validators=4 next_validators=4
[SYNC-SCHEDULED-UPDATES] stage=idle provider= current_height=3135 step=onboarding_tracker_begin update_height=3135 due_transition=false defer_for_sync=false update_blocked=false planned_only=false updated=false processed_adds=0 processed_removes=0 next_transition_height=0 transition_validators=4 next_validators=4
[SYNC-SCHEDULED-UPDATES] stage=idle provider= current_height=3135 step=onboarding_tracker_done update_height=3135 due_transition=false defer_for_sync=false update_blocked=false planned_only=false updated=false processed_adds=0 processed_removes=0 next_transition_height=0 transition_validators=4 next_validators=4
[SYNC-SCHEDULED-UPDATES] stage=idle provider= current_height=3135 step=broadcast_validator_info_begin update_height=3135 due_transition=false defer_for_sync=false update_blocked=false planned_only=false updated=false processed_adds=0 processed_removes=0 next_transition_height=0 transition_validators=4 next_validators=4
[SYNC-SCHEDULED-UPDATES] stage=idle provider= current_height=3135 step=broadcast_validator_info_done update_height=3135 due_transition=false defer_for_sync=false update_blocked=false planned_only=false updated=false processed_adds=0 processed_removes=0 next_transition_height=0 transition_validators=4 next_validators=4
[SYNC-SCHEDULED-UPDATES] stage=idle provider= current_height=3135 step=final_update_log_begin update_height=3135 due_transition=false defer_for_sync=false update_blocked=false planned_only=false updated=false processed_adds=0 processed_removes=0 next_transition_height=0 transition_validators=4 next_validators=4
[SYNC-SCHEDULED-UPDATES] stage=idle provider= current_height=3135 step=final_update_log_done update_height=3135 due_transition=false defer_for_sync=false update_blocked=false planned_only=false updated=false processed_adds=0 processed_removes=0 next_transition_height=0 transition_validators=4 next_validators=4
[SYNC-SCHEDULED-UPDATES] stage=idle provider= current_height=3135 step=snapshot_epoch_validators_begin update_height=3135 due_transition=false defer_for_sync=false update_blocked=false planned_only=false updated=false processed_adds=0 processed_removes=0 next_transition_height=0 transition_validators=4 next_validators=4
[SYNC-SCHEDULED-UPDATES] stage=idle provider= current_height=3135 step=snapshot_epoch_validators_done update_height=3135 due_transition=false defer_for_sync=false update_blocked=false planned_only=false updated=false processed_adds=0 processed_removes=0 next_transition_height=0 transition_validators=4 next_validators=4
[SYNC-COMMIT-PHASE] node=D stage=idle provider= height=3135 local=3135 phase=apply_scheduled_updates_done
[SYNC-COMMIT-PHASE] node=D stage=idle provider= height=3135 local=3135 phase=snapshot_epoch_validators_begin
[SYNC-COMMIT-PHASE] node=D stage=idle provider= height=3135 local=3135 phase=snapshot_epoch_validators_done
[SYNC-COMMIT-PHASE] node=D stage=idle provider= height=3135 local=3135 phase=start_next_round_begin
[SYNC-COMMIT-PHASE] node=D stage=idle provider= height=3135 local=3135 phase=start_next_round_done
[SYNC-COMMIT-PHASE] node=D stage=idle provider= height=3135 local=3135 phase=clear_exec_results_begin
[SYNC-COMMIT-PHASE] node=D stage=idle provider= height=3135 local=3135 phase=clear_exec_results_done
[SYNC-COMMIT-PHASE] node=D stage=idle provider= height=3135 local=3135 phase=update_validator_metrics_begin
[SYNC-COMMIT-PHASE] node=D stage=idle provider= height=3135 local=3135 phase=update_validator_metrics_done
[SYNC-COMMIT-PHASE] node=D stage=idle provider= height=3135 local=3135 phase=enter_safe_mode_begin
[REGISTRY-PENDING] height=3136 chain_height=3135 reason=future_parent
[SET-PENDING] height=3137 chain_height=3135 reason=future_height
Heartbeat sent: D finalized=3135 epoch=3136
[SYNC-COMMIT-PHASE] node=D stage=idle provider= height=3135 local=3135 phase=enter_safe_mode_done
[SYNC-COMMIT-PHASE] node=D stage=idle provider= height=3135 local=3135 phase=ensure_tip_snapshot_begin
[SYNC-COMMIT-PHASE] node=D stage=idle provider= height=3135 local=3135 phase=ensure_tip_snapshot_done
ðŸ§¹ Pruning snapshot @ height 2124
ðŸ§¹ Pruning snapshot @ height 2125
ðŸ§¹ Pruning snapshot @ height 2126
ðŸ§¹ Pruning snapshot @ height 2127
ðŸ§¹ Pruning snapshot @ height 2128
ðŸ§¹ Pruning snapshot @ height 2129
ðŸ§¹ Pruning snapshot @ height 2130
ðŸ§¹ Pruning snapshot @ height 2131
ðŸ§¹ Pruning snapshot @ height 2132
ðŸ§¹ Pruning snapshot @ height 2133
ðŸ§¹ Pruning snapshot @ height 2134
Pruning validator registry snapshot @ height 2124
Pruning validator registry snapshot @ height 2125
Pruning validator registry snapshot @ height 2126
Pruning validator registry snapshot @ height 2127
Pruning validator registry snapshot @ height 2128
Pruning validator registry snapshot @ height 2129
Pruning validator registry snapshot @ height 2130
Pruning validator registry snapshot @ height 2131
Pruning validator registry snapshot @ height 2132
Pruning validator registry snapshot @ height 2133
Pruning validator registry snapshot @ height 2134
Pruning validator registry snapshot @ height 2124
Pruning validator registry snapshot @ height 2125
Pruning validator registry snapshot @ height 2126
Pruning validator registry snapshot @ height 2127
Pruning validator registry snapshot @ height 2128
Pruning validator registry snapshot @ height 2129
Pruning validator registry snapshot @ height 2130
Pruning validator registry snapshot @ height 2131
Pruning validator registry snapshot @ height 2132
Pruning validator registry snapshot @ height 2133
Pruning validator registry snapshot @ height 2134
[SYNC-COMMIT-PHASE] node=D stage=idle provider= height=3135 local=3135 phase=prune_snapshots_done
[SYNC-COMMIT-PHASE] node=D stage=idle provider= height=3135 local=3135 phase=publish_required_snapshot_begin
[SYNC-COMMIT-PHASE] node=D stage=idle provider= height=3135 local=3135 phase=publish_required_snapshot_done
[COMMIT] node=D h=3135 hash=83cad578 by=A type=TIME txs=0
[SYNC-COMMIT-PHASE] node=D stage=idle provider= height=3135 local=3135 phase=commit_log_done
[SYNC-COMMIT-PHASE] node=D stage=idle provider= height=3135 local=3135 phase=touch_signers_begin
[SYNC-COMMIT-PHASE] node=D stage=idle provider= height=3135 local=3135 phase=touch_signers_done
[SYNC-COMMIT-PHASE] node=D stage=idle provider= height=3135 local=3135 phase=maybe_exit_sync_begin
[SYNC-COMMIT-PHASE] node=D stage=idle provider= height=3135 local=3135 phase=done
2026/05/20 23:21:58 [VOTE-STALE-ACCEPT] reason=committed_proposal_unresolved signer=A height=3135 round=0 vote_block=d7541e63 exec=d812632e tx_merkle=
[LEADER-BLOCK-REJECT] height=3135 reason=wrong_epoch local_epoch=3136 peer= proposer=A block=d7541e63
[LEADER-BLOCK-REJECT] height=3135 reason=wrong_epoch local_epoch=3136 peer=12D3KooWD9ed8zJXbW8uUU6XHD2UYrsQQEvnuXReJWFeo52dvdf8 proposer=A block=d7541e63
[LEADER-BLOCK-REJECT] height=3135 reason=wrong_epoch local_epoch=3136 peer=12D3KooWPVKESWFG9sS8G6vjhfPn54kWuNFkkuHwG4yQXhYRcXjX proposer=A block=d7541e63
[SET-COMMITMENT-APPLY] height=3136 source=chain_parent_commitment mode=legacy hash=d75b74ab
2026/05/20 23:21:58 [EXEC-PROPOSAL-SELECT] height=3136 reason=observed prev_round=0 prev_block= round=0 block=923a26ac voters=0 force=false
2026/05/20 23:21:58 [EXEC-BROADCAST-DEFER] validator=D height=3136 reason=activation_pending_not_in_frozen_set trigger=leader_block block=923a26ac prev=83cad578
[LEADER-BLOCK-REJECT] height=3136 round=0 reason=duplicate_proposal peer=12D3KooWD9ed8zJXbW8uUU6XHD2UYrsQQEvnuXReJWFeo52dvdf8 proposer=C block=923a26ac
[REGISTRY-COMMITMENT-CHECK] height=3136 required=true parent_unanchored=false source=chain_parent_commitment expected=9cd32df6 got=9cd32df6
[EXEC-HASH] hint=3136 from=C exec=f5dcf392
Execution hash received: C @ epoch 3136
2026/05/20 23:21:59 [VOTE-ACCEPT] reason=recorded signer=C height=3136 round=0 vote_block=923a26ac current_block=923a26ac proposal=3136|0|923a26ac700f684e6ed78424e87edc3744c82b978a9410708dbb5daa9d2fcef8||f5dcf392387c26bf24b819e3fe32f09ec4c0593c38f15c7781710cb9afde237f exec=f5dcf392 tx_merkle= votes=1 required=3
[EXEC-POOL] epoch=3136 hash=f5dcf392 voters=1/4
[EXEC-QUORUM] epoch=3136 required=3 total=4 votes=1
[REGISTRY-COMMITMENT-CHECK] height=3136 required=true parent_unanchored=false source=chain_parent_commitment expected=9cd32df6 got=9cd32df6
[EXEC-HASH] hint=3136 from=B exec=f5dcf392
Execution hash received: B @ epoch 3136
2026/05/20 23:21:59 [VOTE-ACCEPT] reason=recorded signer=B height=3136 round=0 vote_block=923a26ac current_block=923a26ac proposal=3136|0|923a26ac700f684e6ed78424e87edc3744c82b978a9410708dbb5daa9d2fcef8||f5dcf392387c26bf24b819e3fe32f09ec4c0593c38f15c7781710cb9afde237f exec=f5dcf392 tx_merkle= votes=2 required=3
[EXEC-POOL] epoch=3136 hash=f5dcf392 voters=2/4
[EXEC-QUORUM] epoch=3136 required=3 total=4 votes=2
[LEADER-BLOCK-REJECT] height=3136 round=0 reason=duplicate_proposal peer=12D3KooWD9ed8zJXbW8uUU6XHD2UYrsQQEvnuXReJWFeo52dvdf8 proposer=C block=923a26ac
[LEADER-BLOCK-REJECT] height=3136 round=0 reason=duplicate_proposal peer=12D3KooWD9ed8zJXbW8uUU6XHD2UYrsQQEvnuXReJWFeo52dvdf8 proposer=C block=923a26ac
[LEADER-BLOCK-REJECT] height=3136 round=0 reason=duplicate_proposal peer= proposer=C block=923a26ac
[REGISTRY-COMMITMENT-CHECK] height=3136 required=true parent_unanchored=false source=chain_parent_commitment expected=9cd32df6 got=9cd32df6
2026/05/20 23:21:59 [VOTE-DROP] reason=replay_cache signer=C height=3136 round=0 vote_block=923a26ac current_block=923a26ac proposal=3136|0|923a26ac700f684e6ed78424e87edc3744c82b978a9410708dbb5daa9d2fcef8||f5dcf392387c26bf24b819e3fe32f09ec4c0593c38f15c7781710cb9afde237f exec=f5dcf392 tx_merkle=
Ã°Å¸â€œÂ¨ Consensus message from 12D3KooWPVKESWFG9sS8G6vjhfPn54kWuNFkkuHwG4yQXhYRcXjX: execution_result (size: 359 bytes)
Ã°Å¸â€Å’ Consensus stream EOF from 12D3KooWPVKESWFG9sS8G6vjhfPn54kWuNFkkuHwG4yQXhYRcXjX
Ã°Å¸â€Å’ Consensus stream closed with 12D3KooWPVKESWFG9sS8G6vjhfPn54kWuNFkkuHwG4yQXhYRcXjX
[REGISTRY-COMMITMENT-CHECK] height=3136 required=true parent_unanchored=false source=chain_parent_commitment expected=9cd32df6 got=9cd32df6
2026/05/20 23:21:59 [VOTE-DROP] reason=replay_cache signer=B height=3136 round=0 vote_block=923a26ac current_block=923a26ac proposal=3136|0|923a26ac700f684e6ed78424e87edc3744c82b978a9410708dbb5daa9d2fcef8||f5dcf392387c26bf24b819e3fe32f09ec4c0593c38f15c7781710cb9afde237f exec=f5dcf392 tx_merkle=
[LEADER-BLOCK-REJECT] height=3136 round=0 reason=duplicate_proposal peer= proposer=C block=923a26ac
[REGISTRY-COMMITMENT-CHECK] height=3136 required=true parent_unanchored=false source=chain_parent_commitment expected=9cd32df6 got=9cd32df6
Validator heartbeat: C | reported_height=3136 | finalized_height=3135 | local_exec_epoch=3137
Validator heartbeat: C | reported_height=3136 | finalized_height=3135 | local_exec_epoch=3137
[EXEC-HASH] hint=3136 from=A exec=f5dcf392
Execution hash received: A @ epoch 3136
Heartbeat sent: D finalized=3135 epoch=3136
2026/05/20 23:22:00 [VOTE-ACCEPT] reason=recorded signer=A height=3136 round=0 vote_block=923a26ac current_block=923a26ac proposal=3136|0|923a26ac700f684e6ed78424e87edc3744c82b978a9410708dbb5daa9d2fcef8||f5dcf392387c26bf24b819e3fe32f09ec4c0593c38f15c7781710cb9afde237f exec=f5dcf392 tx_merkle= votes=3 required=3
[EXEC-POOL] epoch=3136 hash=f5dcf392 voters=3/4
[EXEC-QUORUM] epoch=3136 required=3 total=4 votes=3
Execution quorum reached (hash=f5dcf392 votes=3/4)
2026/05/20 23:22:00 [EXEC-PRECOMMIT] height=3136 reason=quorum_precommit prev_round=0 prev_block= round=0 block=923a26ac votes=3 required=3
2026/05/20 23:22:00 [SYNC-PIPELINE] stage=live_consensus
Ã°Å¸â€œÂ¨ Consensus message from 12D3KooWD9ed8zJXbW8uUU6XHD2UYrsQQEvnuXReJWFeo52dvdf8: leader_block (size: 1311 bytes)
Ã°Å¸â€œÂ¦ Leader block received from 12D3KooWD9ed8zJXbW8uUU6XHD2UYrsQQEvnuXReJWFeo52dvdf8 | height=3137 proposer=C
Ã°Å¸â€Å’ Consensus stream EOF from 12D3KooWD9ed8zJXbW8uUU6XHD2UYrsQQEvnuXReJWFeo52dvdf8
Ã°Å¸â€Å’ Consensus stream closed with 12D3KooWD9ed8zJXbW8uUU6XHD2UYrsQQEvnuXReJWFeo52dvdf8
Ã°Å¸â€œÂ¨ Consensus message from 12D3KooWD9ed8zJXbW8uUU6XHD2UYrsQQEvnuXReJWFeo52dvdf8: execution_result (size: 359 bytes)
Ã°Å¸â€Å’ Consensus stream EOF from 12D3KooWD9ed8zJXbW8uUU6XHD2UYrsQQEvnuXReJWFeo52dvdf8
Ã°Å¸â€Å’ Consensus stream closed with 12D3KooWD9ed8zJXbW8uUU6XHD2UYrsQQEvnuXReJWFeo52dvdf8
Ã°Å¸â€œÂ¨ Consensus message from 12D3KooWHdmUKc1bYKY3scg6TqGhK3SutwH9hu1aAez4VmvwkEyk: execution_result (size: 359 bytes)
Ã°Å¸â€Å’ Consensus stream EOF from 12D3KooWHdmUKc1bYKY3scg6TqGhK3SutwH9hu1aAez4VmvwkEyk
Ã°Å¸â€Å’ Consensus stream closed with 12D3KooWHdmUKc1bYKY3scg6TqGhK3SutwH9hu1aAez4VmvwkEyk
[REGISTRY-COMMITMENT-CHECK] height=3136 required=true parent_unanchored=false source=chain_parent_commitment expected=9cd32df6 got=9cd32df6
[REGISTRY-COMMITMENT-CHECK] height=3136 required=true parent_unanchored=false source=chain_parent_commitment expected=9cd32df6 got=9cd32df6
[REGISTRY-COMMITMENT-CHECK] height=3136 required=true parent_unanchored=false source=chain_parent_commitment expected=9cd32df6 got=9cd32df6
Ã¢ÂÂ³ Waiting for sync completion before consensus start (height=3135 finalized=3135)
2026/05/20 23:22:01 [EXEC-COMMIT] height=3136 reason=precommit_quorum round=0 block=b322f8db votes=3 required=3 precommits=3
Ã°Å¸â€œÂ¨ Consensus message from 12D3KooWD9ed8zJXbW8uUU6XHD2UYrsQQEvnuXReJWFeo52dvdf8: leader_block (size: 1311 bytes)
Ã°Å¸â€œÂ¦ Leader block received from 12D3KooWD9ed8zJXbW8uUU6XHD2UYrsQQEvnuXReJWFeo52dvdf8 | height=3137 proposer=C
Ã°Å¸â€Å’ Consensus stream EOF from 12D3KooWD9ed8zJXbW8uUU6XHD2UYrsQQEvnuXReJWFeo52dvdf8
Ã°Å¸â€Å’ Consensus stream closed with 12D3KooWD9ed8zJXbW8uUU6XHD2UYrsQQEvnuXReJWFeo52dvdf8
[REGISTRY-COMMITMENT-CHECK] height=3136 required=true parent_unanchored=false source=chain_parent_commitment expected=9cd32df6 got=9cd32df6
[REGISTRY-PRECOMMIT] height=3136 source=committed_carry_forward header=9cd32df6 resolved=9cd32df6 validators=4
[SYNC-COMMIT-PHASE] node=D stage=idle provider= height=3136 local=3135 phase=process_block_begin
[EMISSION] h=3129 reward=2 treasury=1 validators=1 burn=0 applied_burn=0 chance_bps=10000
2026/05/20 23:22:01 [STARTUP-EXECUTION-SNAPSHOT] action=rebuild resume base=3129 target=3136
[EMISSION] h=3129 reward=2 treasury=1 validators=1 burn=0 applied_burn=0 chance_bps=10000
[SYNC-COMMIT-PHASE] node=D stage=idle provider= height=3136 local=3136 phase=process_block_committed
[SYNC-COMMIT-PHASE] node=D stage=idle provider= height=3136 local=3136 phase=post_block_effects_begin
âœ… Height finalized â†’ 3137
[EMISSION] h=3136 reward=2 treasury=1 validators=1 burn=0 applied_burn=0 chance_bps=10000
[SYNC-COMMIT-PHASE] node=D stage=idle provider= height=3136 local=3136 phase=post_block_effects_done
[SYNC-COMMIT-PHASE] node=D stage=idle provider= height=3136 local=3136 phase=persist_registry_begin
[SYNC-COMMIT-PHASE] node=D stage=idle provider= height=3136 local=3136 phase=persist_registry_done
[SYNC-COMMIT-PHASE] node=D stage=idle provider= height=3136 local=3136 phase=apply_validator_updates_begin
[SYNC-COMMIT-PHASE] node=D stage=idle provider= height=3136 local=3136 phase=apply_validator_updates_done
[SYNC-COMMIT-PHASE] node=D stage=idle provider= height=3136 local=3136 phase=observe_candidates_begin
[EMISSION] h=3130 reward=4 treasury=1 validators=2 burn=1 applied_burn=0 chance_bps=10000
[EMISSION] h=3130 reward=4 treasury=1 validators=2 burn=1 applied_burn=0 chance_bps=10000
[SYNC-COMMIT-PHASE] node=D stage=idle provider= height=3136 local=3136 phase=observe_candidates_done
[SYNC-COMMIT-PHASE] node=D stage=idle provider= height=3136 local=3136 phase=apply_validator_update_txs_begin
[EMISSION] h=3131 reward=2 treasury=1 validators=1 burn=0 applied_burn=0 chance_bps=10000
[SYNC-COMMIT-PHASE] node=D stage=idle provider= height=3136 local=3136 phase=apply_validator_update_txs_done
[SYNC-COMMIT-PHASE] node=D stage=idle provider= height=3136 local=3136 phase=apply_scheduled_updates_begin
[SYNC-SCHEDULED-UPDATES] stage=idle provider= current_height=3136 step=queue_inactive_removals_begin update_height=3136 due_transition=false defer_for_sync=false update_blocked=false planned_only=false updated=false processed_adds=0 processed_removes=0 next_transition_height=0 transition_validators=0 next_validators=0
[EMISSION] h=3131 reward=2 treasury=1 validators=1 burn=0 applied_burn=0 chance_bps=10000
[EMISSION] h=3132 reward=3 treasury=1 validators=2 burn=0 applied_burn=0 chance_bps=10000
[EMISSION] h=3132 reward=3 treasury=1 validators=2 burn=0 applied_burn=0 chance_bps=10000
[SYNC-SCHEDULED-UPDATES] stage=idle provider= current_height=3136 step=queue_inactive_removals_done update_height=3136 due_transition=false defer_for_sync=false update_blocked=false planned_only=false updated=false processed_adds=0 processed_removes=0 next_transition_height=0 transition_validators=0 next_validators=0
[SYNC-SCHEDULED-UPDATES] stage=idle provider= current_height=3136 step=sync_gate_snapshot_state_begin update_height=3136 due_transition=false defer_for_sync=false update_blocked=false planned_only=false updated=false processed_adds=0 processed_removes=0 next_transition_height=0 transition_validators=0 next_validators=0
[SYNC-SCHEDULED-UPDATES] stage=idle provider= current_height=3136 step=sync_gate_snapshot_state_done update_height=3136 due_transition=false defer_for_sync=false update_blocked=false planned_only=false updated=false processed_adds=0 processed_removes=0 next_transition_height=0 transition_validators=0 next_validators=0
[SYNC-SCHEDULED-UPDATES] stage=idle provider= current_height=3136 step=apply_queued_set_update_begin update_height=3136 due_transition=false defer_for_sync=false update_blocked=false planned_only=false updated=false processed_adds=0 processed_removes=0 next_transition_height=0 transition_validators=0 next_validators=0
[SYNC-SCHEDULED-UPDATES] stage=idle provider= current_height=3136 step=apply_queued_set_update_done update_height=3136 due_transition=false defer_for_sync=false update_blocked=false planned_only=false updated=false processed_adds=0 processed_removes=0 next_transition_height=0 transition_validators=0 next_validators=0
[SYNC-SCHEDULED-UPDATES] stage=idle provider= current_height=3136 step=validator_set_lock_begin update_height=3136 due_transition=false defer_for_sync=false update_blocked=false planned_only=false updated=false processed_adds=0 processed_removes=0 next_transition_height=0 transition_validators=0 next_validators=0
[SYNC-SCHEDULED-UPDATES] stage=idle provider= current_height=3136 step=validator_set_lock_acquired update_height=3136 due_transition=false defer_for_sync=false update_blocked=false planned_only=false updated=false processed_adds=0 processed_removes=0 next_transition_height=0 transition_validators=0 next_validators=0
[SYNC-SCHEDULED-UPDATES] stage=idle provider= current_height=3136 step=compute_next_transition_height_begin update_height=3136 due_transition=false defer_for_sync=false update_blocked=false planned_only=false updated=false processed_adds=0 processed_removes=0 next_transition_height=0 transition_validators=0 next_validators=0
[SYNC-SCHEDULED-UPDATES] stage=idle provider= current_height=3136 step=compute_next_transition_height_done update_height=3136 due_transition=false defer_for_sync=false update_blocked=false planned_only=false updated=false processed_adds=0 processed_removes=0 next_transition_height=0 transition_validators=0 next_validators=0
[SYNC-SCHEDULED-UPDATES] stage=idle provider= current_height=3136 step=due_transition_eval_begin update_height=3136 due_transition=false defer_for_sync=false update_blocked=false planned_only=false updated=false processed_adds=0 processed_removes=0 next_transition_height=0 transition_validators=0 next_validators=0
[SYNC-SCHEDULED-UPDATES] stage=idle provider= current_height=3136 step=due_transition_eval_done update_height=3136 due_transition=false defer_for_sync=false update_blocked=false planned_only=false updated=false processed_adds=0 processed_removes=0 next_transition_height=0 transition_validators=0 next_validators=0
[SYNC-SCHEDULED-UPDATES] stage=idle provider= current_height=3136 step=defer_for_sync_eval_begin update_height=3136 due_transition=false defer_for_sync=false update_blocked=false planned_only=false updated=false processed_adds=0 processed_removes=0 next_transition_height=0 transition_validators=0 next_validators=0
[SYNC-SCHEDULED-UPDATES] stage=idle provider= current_height=3136 step=defer_for_sync_eval_done update_height=3136 due_transition=false defer_for_sync=false update_blocked=false planned_only=false updated=false processed_adds=0 processed_removes=0 next_transition_height=0 transition_validators=0 next_validators=0
[SYNC-SCHEDULED-UPDATES] stage=idle provider= current_height=3136 step=scheduled_transition_validators_begin update_height=3136 due_transition=false defer_for_sync=false update_blocked=false planned_only=false updated=false processed_adds=0 processed_removes=0 next_transition_height=0 transition_validators=0 next_validators=0
[EMISSION] h=3133 reward=4 treasury=1 validators=2 burn=1 applied_burn=0 chance_bps=10000
[SYNC-SCHEDULED-UPDATES] stage=idle provider= current_height=3136 step=scheduled_transition_validators_done update_height=3136 due_transition=false defer_for_sync=false update_blocked=false planned_only=false updated=false processed_adds=0 processed_removes=0 next_transition_height=0 transition_validators=4 next_validators=0
[SYNC-SCHEDULED-UPDATES] stage=idle provider= current_height=3136 step=build_next_validators_begin update_height=3136 due_transition=false defer_for_sync=false update_blocked=false planned_only=false updated=false processed_adds=0 processed_removes=0 next_transition_height=0 transition_validators=4 next_validators=0
[SYNC-SCHEDULED-UPDATES] stage=idle provider= current_height=3136 step=build_next_validators_done update_height=3136 due_transition=false defer_for_sync=false update_blocked=false planned_only=false updated=false processed_adds=0 processed_removes=0 next_transition_height=0 transition_validators=4 next_validators=4
[SYNC-SCHEDULED-UPDATES] stage=idle provider= current_height=3136 step=transition_quorum_begin update_height=3136 due_transition=false defer_for_sync=false update_blocked=false planned_only=false updated=false processed_adds=0 processed_removes=0 next_transition_height=0 transition_validators=4 next_validators=4
[SYNC-SCHEDULED-UPDATES] stage=idle provider= current_height=3136 step=transition_quorum_done update_height=3136 due_transition=false defer_for_sync=false update_blocked=false planned_only=false updated=false processed_adds=0 processed_removes=0 next_transition_height=0 transition_validators=4 next_validators=4
[SYNC-SCHEDULED-UPDATES] stage=idle provider= current_height=3136 step=transition_plan_write_begin update_height=3136 due_transition=false defer_for_sync=false update_blocked=false planned_only=false updated=false processed_adds=0 processed_removes=0 next_transition_height=0 transition_validators=4 next_validators=4
[SYNC-SCHEDULED-UPDATES] stage=idle provider= current_height=3136 step=transition_plan_write_done update_height=3136 due_transition=false defer_for_sync=false update_blocked=false planned_only=false updated=false processed_adds=0 processed_removes=0 next_transition_height=0 transition_validators=4 next_validators=4
[SYNC-SCHEDULED-UPDATES] stage=idle provider= current_height=3136 step=finalize_pending_maps_begin update_height=3136 due_transition=false defer_for_sync=false update_blocked=false planned_only=false updated=false processed_adds=0 processed_removes=0 next_transition_height=0 transition_validators=4 next_validators=4
[SYNC-SCHEDULED-UPDATES] stage=idle provider= current_height=3136 step=finalize_pending_maps_done update_height=3136 due_transition=false defer_for_sync=false update_blocked=false planned_only=false updated=false processed_adds=0 processed_removes=0 next_transition_height=0 transition_validators=4 next_validators=4
[SYNC-SCHEDULED-UPDATES] stage=idle provider= current_height=3136 step=active_transition_heights_begin update_height=3136 due_transition=false defer_for_sync=false update_blocked=false planned_only=false updated=false processed_adds=0 processed_removes=0 next_transition_height=0 transition_validators=4 next_validators=4
[SYNC-SCHEDULED-UPDATES] stage=idle provider= current_height=3136 step=active_transition_heights_done update_height=3136 due_transition=false defer_for_sync=false update_blocked=false planned_only=false updated=false processed_adds=0 processed_removes=0 next_transition_height=0 transition_validators=4 next_validators=4
[SYNC-SCHEDULED-UPDATES] stage=idle provider= current_height=3136 step=validator_set_unlock update_height=3136 due_transition=false defer_for_sync=false update_blocked=false planned_only=false updated=false processed_adds=0 processed_removes=0 next_transition_height=0 transition_validators=4 next_validators=4
[SYNC-SCHEDULED-UPDATES] stage=idle provider= current_height=3136 step=retry_clear_begin update_height=3136 due_transition=false defer_for_sync=false update_blocked=false planned_only=false updated=false processed_adds=0 processed_removes=0 next_transition_height=0 transition_validators=4 next_validators=4
[SYNC-SCHEDULED-UPDATES] stage=idle provider= current_height=3136 step=retry_clear_done update_height=3136 due_transition=false defer_for_sync=false update_blocked=false planned_only=false updated=false processed_adds=0 processed_removes=0 next_transition_height=0 transition_validators=4 next_validators=4
[SYNC-SCHEDULED-UPDATES] stage=idle provider= current_height=3136 step=prune_retry_begin update_height=3136 due_transition=false defer_for_sync=false update_blocked=false planned_only=false updated=false processed_adds=0 processed_removes=0 next_transition_height=0 transition_validators=4 next_validators=4
[SYNC-SCHEDULED-UPDATES] stage=idle provider= current_height=3136 step=prune_retry_done update_height=3136 due_transition=false defer_for_sync=false update_blocked=false planned_only=false updated=false processed_adds=0 processed_removes=0 next_transition_height=0 transition_validators=4 next_validators=4
[SYNC-SCHEDULED-UPDATES] stage=idle provider= current_height=3136 step=onboarding_tracker_begin update_height=3136 due_transition=false defer_for_sync=false update_blocked=false planned_only=false updated=false processed_adds=0 processed_removes=0 next_transition_height=0 transition_validators=4 next_validators=4
[SYNC-SCHEDULED-UPDATES] stage=idle provider= current_height=3136 step=onboarding_tracker_done update_height=3136 due_transition=false defer_for_sync=false update_blocked=false planned_only=false updated=false processed_adds=0 processed_removes=0 next_transition_height=0 transition_validators=4 next_validators=4
[SYNC-SCHEDULED-UPDATES] stage=idle provider= current_height=3136 step=broadcast_validator_info_begin update_height=3136 due_transition=false defer_for_sync=false update_blocked=false planned_only=false updated=false processed_adds=0 processed_removes=0 next_transition_height=0 transition_validators=4 next_validators=4
[SYNC-SCHEDULED-UPDATES] stage=idle provider= current_height=3136 step=broadcast_validator_info_done update_height=3136 due_transition=false defer_for_sync=false update_blocked=false planned_only=false updated=false processed_adds=0 processed_removes=0 next_transition_height=0 transition_validators=4 next_validators=4
[SYNC-SCHEDULED-UPDATES] stage=idle provider= current_height=3136 step=final_update_log_begin update_height=3136 due_transition=false defer_for_sync=false update_blocked=false planned_only=false updated=false processed_adds=0 processed_removes=0 next_transition_height=0 transition_validators=4 next_validators=4
[SYNC-SCHEDULED-UPDATES] stage=idle provider= current_height=3136 step=final_update_log_done update_height=3136 due_transition=false defer_for_sync=false update_blocked=false planned_only=false updated=false processed_adds=0 processed_removes=0 next_transition_height=0 transition_validators=4 next_validators=4
[REGISTRY-PENDING] height=3137 chain_height=3136 reason=future_parent
[SET-PENDING] height=3138 chain_height=3136 reason=future_height
Heartbeat sent: D finalized=3136 epoch=3137
[SYNC-SCHEDULED-UPDATES] stage=idle provider= current_height=3136 step=snapshot_epoch_validators_begin update_height=3136 due_transition=false defer_for_sync=false update_blocked=false planned_only=false updated=false processed_adds=0 processed_removes=0 next_transition_height=0 transition_validators=4 next_validators=4
[EMISSION] h=3133 reward=4 treasury=1 validators=2 burn=1 applied_burn=0 chance_bps=10000
[SYNC-SCHEDULED-UPDATES] stage=idle provider= current_height=3136 step=snapshot_epoch_validators_done update_height=3136 due_transition=false defer_for_sync=false update_blocked=false planned_only=false updated=false processed_adds=0 processed_removes=0 next_transition_height=0 transition_validators=4 next_validators=4
[SYNC-COMMIT-PHASE] node=D stage=idle provider= height=3136 local=3136 phase=apply_scheduled_updates_done
[SYNC-COMMIT-PHASE] node=D stage=idle provider= height=3136 local=3136 phase=snapshot_epoch_validators_begin
[SYNC-COMMIT-PHASE] node=D stage=idle provider= height=3136 local=3136 phase=snapshot_epoch_validators_done
[SYNC-COMMIT-PHASE] node=D stage=idle provider= height=3136 local=3136 phase=start_next_round_begin
[SYNC-COMMIT-PHASE] node=D stage=idle provider= height=3136 local=3136 phase=start_next_round_done
[SYNC-COMMIT-PHASE] node=D stage=idle provider= height=3136 local=3136 phase=clear_exec_results_begin
[SYNC-COMMIT-PHASE] node=D stage=idle provider= height=3136 local=3136 phase=clear_exec_results_done
[SYNC-COMMIT-PHASE] node=D stage=idle provider= height=3136 local=3136 phase=update_validator_metrics_begin
[EMISSION] h=3134 reward=3 treasury=1 validators=2 burn=0 applied_burn=0 chance_bps=10000
[SYNC-COMMIT-PHASE] node=D stage=idle provider= height=3136 local=3136 phase=update_validator_metrics_done
[SYNC-COMMIT-PHASE] node=D stage=idle provider= height=3136 local=3136 phase=enter_safe_mode_begin
[EMISSION] h=3134 reward=3 treasury=1 validators=2 burn=0 applied_burn=0 chance_bps=10000
[SYNC-COMMIT-PHASE] node=D stage=idle provider= height=3136 local=3136 phase=enter_safe_mode_done
[SYNC-COMMIT-PHASE] node=D stage=idle provider= height=3136 local=3136 phase=ensure_tip_snapshot_begin
[EMISSION] h=3135 reward=2 treasury=1 validators=1 burn=0 applied_burn=0 chance_bps=10000
2026/05/20 23:22:02 [SNAPSHOT-REPAIR] height=3136 source=tip_create_snapshot_repair
[SYNC-COMMIT-PHASE] node=D stage=idle provider= height=3136 local=3136 phase=ensure_tip_snapshot_done
ðŸ§¹ Pruning snapshot @ height 2135
Pruning validator registry snapshot @ height 2135
[EMISSION] h=3135 reward=2 treasury=1 validators=1 burn=0 applied_burn=0 chance_bps=10000
[EMISSION] h=3136 reward=2 treasury=1 validators=1 burn=0 applied_burn=0 chance_bps=10000
[EMISSION] h=3136 reward=2 treasury=1 validators=1 burn=0 applied_burn=0 chance_bps=10000
2026/05/20 23:22:02 [LEDGER-REBUILD] reason=finalize_execution_result_apply_inflight_committed height=3136 source=execution_cache_post_effects runtime_ledger=0f864631 execution_ledger=0f864631 authoritative_ledger=0f864631 restored_ledger=0f864631
[EMISSION] h=3136 reward=2 treasury=1 validators=1 burn=0 applied_burn=0 chance_bps=10000
Pruning validator registry snapshot @ height 2135
[SYNC-CLEAR] reason=up_to_date local=3136 target=0
Validator heartbeat received: C | reported_height=3136 | finalized_height=3135 | local_exec_epoch=3137
[SNAPSHOT-PUBLISH] deferred height=3136 reason=auto_publish_interval_10
Validator heartbeat: B | reported_height=3136 | finalized_height=3136 | local_exec_epoch=3137
[EMISSION] h=3136 reward=2 treasury=1 validators=1 burn=0 applied_burn=0 chance_bps=10000
2026/05/20 23:22:02 [LEDGER-REBUILD] reason=finalize_execution_result_apply_inflight_committed height=3136 source=execution_cache_post_effects runtime_ledger=0f864631 execution_ledger=0f864631 authoritative_ledger=0f864631 restored_ledger=0f864631
Heartbeat sent: D finalized=3136 epoch=3137
Validator heartbeat received: C | reported_height=3136 | finalized_height=3135 | local_exec_epoch=3137
Heartbeat sent: D finalized=3136 epoch=3137
Validator heartbeat: B | reported_height=3136 | finalized_height=3136 | local_exec_epoch=3137
Validator heartbeat received: B | reported_height=3136 | finalized_height=3136 | local_exec_epoch=3137
Validator heartbeat: C | reported_height=3136 | finalized_height=3136 | local_exec_epoch=3137
[SYNC-COMMIT-PHASE] node=D stage=idle provider= height=3136 local=3136 phase=prune_snapshots_done
[SYNC-COMMIT-PHASE] node=D stage=idle provider= height=3136 local=3136 phase=publish_required_snapshot_begin
[SYNC-COMMIT-PHASE] node=D stage=idle provider= height=3136 local=3136 phase=publish_required_snapshot_done
[COMMIT] node=D h=3136 hash=b322f8db by=C type=TIME txs=0
[SYNC-COMMIT-PHASE] node=D stage=idle provider= height=3136 local=3136 phase=commit_log_done
[SYNC-COMMIT-PHASE] node=D stage=idle provider= height=3136 local=3136 phase=touch_signers_begin
[SYNC-COMMIT-PHASE] node=D stage=idle provider= height=3136 local=3136 phase=touch_signers_done
[SYNC-COMMIT-PHASE] node=D stage=idle provider= height=3136 local=3136 phase=maybe_exit_sync_begin
[SYNC-COMMIT-PHASE] node=D stage=idle provider= height=3136 local=3136 phase=done
Validator heartbeat received: B | reported_height=3136 | finalized_height=3136 | local_exec_epoch=3137
Validator heartbeat: C | reported_height=3136 | finalized_height=3136 | local_exec_epoch=3137
Validator heartbeat received: C | reported_height=3136 | finalized_height=3136 | local_exec_epoch=3137
2026/05/20 23:22:02 [VOTE-STALE-ACCEPT] reason=committed_proposal_unresolved signer=A height=3136 round=0 vote_block=923a26ac exec=f5dcf392 tx_merkle=
[SET-COMMITMENT-APPLY] height=3137 source=snapshot_parent mode=legacy hash=d75b74ab
Validator heartbeat: A | reported_height=3136 | finalized_height=3136 | local_exec_epoch=3137
Validator heartbeat received: C | reported_height=3136 | finalized_height=3136 | local_exec_epoch=3137
2026/05/20 23:22:02 [EXEC-PROPOSAL-SELECT] height=3137 reason=observed prev_round=0 prev_block= round=0 block=9be22173 voters=0 force=false
Validator heartbeat: A | reported_height=3136 | finalized_height=3136 | local_exec_epoch=3137
Ã°Å¸â€œÂ¨ Consensus message from 12D3KooWPVKESWFG9sS8G6vjhfPn54kWuNFkkuHwG4yQXhYRcXjX: execution_result (size: 359 bytes)
Ã°Å¸â€Å’ Consensus stream EOF from 12D3KooWPVKESWFG9sS8G6vjhfPn54kWuNFkkuHwG4yQXhYRcXjX
Ã°Å¸â€Å’ Consensus stream closed with 12D3KooWPVKESWFG9sS8G6vjhfPn54kWuNFkkuHwG4yQXhYRcXjX
Validator heartbeat received: A | reported_height=3136 | finalized_height=3136 | local_exec_epoch=3137
Validator heartbeat received: A | reported_height=3136 | finalized_height=3136 | local_exec_epoch=3137
Validator heartbeat: A | reported_height=3136 | finalized_height=3136 | local_exec_epoch=3137
Validator heartbeat: A | reported_height=3136 | finalized_height=3136 | local_exec_epoch=3137
2026/05/20 23:22:02 [EXEC-BROADCAST-DEFER] validator=D height=3137 reason=activation_pending_not_in_frozen_set trigger=leader_block block=9be22173 prev=b322f8db
[LEADER-BLOCK-REJECT] height=3137 round=0 reason=duplicate_proposal peer=12D3KooWD9ed8zJXbW8uUU6XHD2UYrsQQEvnuXReJWFeo52dvdf8 proposer=C block=9be22173
[REGISTRY-COMMITMENT-CHECK] height=3137 required=true parent_unanchored=false source=chain_parent_commitment expected=9cd32df6 got=9cd32df6
[EXEC-HASH] hint=3137 from=C exec=2b2a832e
Execution hash received: C @ epoch 3137
Validator heartbeat received: A | reported_height=3136 | finalized_height=3136 | local_exec_epoch=3137
Validator heartbeat: A | reported_height=3136 | finalized_height=3136 | local_exec_epoch=3137
2026/05/20 23:22:02 [VOTE-ACCEPT] reason=recorded signer=C height=3137 round=0 vote_block=9be22173 current_block=9be22173 proposal=3137|0|9be22173af34e6ffec7db61a74624e046a8063fe1f6ce206f0f6143ece24944f||2b2a832e8415c1631449c9842b112097fdb7897886c3b4497e4a6fd4c755f9d1 exec=2b2a832e tx_merkle= votes=1 required=3
[EXEC-POOL] epoch=3137 hash=2b2a832e voters=1/4
[EXEC-QUORUM] epoch=3137 required=3 total=4 votes=1
Validator heartbeat received: A | reported_height=3136 | finalized_height=3136 | local_exec_epoch=3137
Validator heartbeat: A | reported_height=3136 | finalized_height=3136 | local_exec_epoch=3137
[REGISTRY-COMMITMENT-CHECK] height=3137 required=true parent_unanchored=false source=chain_parent_commitment expected=9cd32df6 got=9cd32df6
Validator heartbeat received: A | reported_height=3136 | finalized_height=3136 | local_exec_epoch=3137
Validator heartbeat received: A | reported_height=3136 | finalized_height=3136 | local_exec_epoch=3137
[EXEC-HASH] hint=3137 from=B exec=2b2a832e
Execution hash received: B @ epoch 3137
2026/05/20 23:22:02 [VOTE-ACCEPT] reason=recorded signer=B height=3137 round=0 vote_block=9be22173 current_block=9be22173 proposal=3137|0|9be22173af34e6ffec7db61a74624e046a8063fe1f6ce206f0f6143ece24944f||2b2a832e8415c1631449c9842b112097fdb7897886c3b4497e4a6fd4c755f9d1 exec=2b2a832e tx_merkle= votes=2 required=3
[EXEC-POOL] epoch=3137 hash=2b2a832e voters=2/4
[EXEC-QUORUM] epoch=3137 required=3 total=4 votes=2
[LEADER-BLOCK-REJECT] height=3137 round=0 reason=duplicate_proposal peer=12D3KooWPVKESWFG9sS8G6vjhfPn54kWuNFkkuHwG4yQXhYRcXjX proposer=C block=9be22173
[LEADER-BLOCK-REJECT] height=3137 round=0 reason=duplicate_proposal peer=12D3KooWD9ed8zJXbW8uUU6XHD2UYrsQQEvnuXReJWFeo52dvdf8 proposer=C block=9be22173
[LEADER-BLOCK-REJECT] height=3137 round=0 reason=duplicate_proposal peer= proposer=C block=9be22173
Validator heartbeat: B | reported_height=3137 | finalized_height=3137 | local_exec_epoch=3138
[REGISTRY-COMMITMENT-CHECK] height=3137 required=true parent_unanchored=false source=chain_parent_commitment expected=9cd32df6 got=9cd32df6
2026/05/20 23:22:02 [VOTE-DROP] reason=replay_cache signer=C height=3137 round=0 vote_block=9be22173 current_block=9be22173 proposal=3137|0|9be22173af34e6ffec7db61a74624e046a8063fe1f6ce206f0f6143ece24944f||2b2a832e8415c1631449c9842b112097fdb7897886c3b4497e4a6fd4c755f9d1 exec=2b2a832e tx_merkle=
Validator heartbeat: B | reported_height=3137 | finalized_height=3137 | local_exec_epoch=3138
[REGISTRY-COMMITMENT-CHECK] height=3137 required=true parent_unanchored=false source=chain_parent_commitment expected=9cd32df6 got=9cd32df6
2026/05/20 23:22:02 [VOTE-DROP] reason=replay_cache signer=B height=3137 round=0 vote_block=9be22173 current_block=9be22173 proposal=3137|0|9be22173af34e6ffec7db61a74624e046a8063fe1f6ce206f0f6143ece24944f||2b2a832e8415c1631449c9842b112097fdb7897886c3b4497e4a6fd4c755f9d1 exec=2b2a832e tx_merkle=
[LEADER-BLOCK-REJECT] height=3137 round=0 reason=duplicate_proposal peer= proposer=C block=9be22173
[REGISTRY-COMMITMENT-CHECK] height=3137 required=true parent_unanchored=false source=chain_parent_commitment expected=9cd32df6 got=9cd32df6
Validator heartbeat received: B | reported_height=3137 | finalized_height=3137 | local_exec_epoch=3138
Validator heartbeat received: B | reported_height=3137 | finalized_height=3137 | local_exec_epoch=3138
[EXEC-HASH] hint=3137 from=A exec=2b2a832e
Execution hash received: A @ epoch 3137
2026/05/20 23:22:02 [VOTE-ACCEPT] reason=recorded signer=A height=3137 round=0 vote_block=9be22173 current_block=9be22173 proposal=3137|0|9be22173af34e6ffec7db61a74624e046a8063fe1f6ce206f0f6143ece24944f||2b2a832e8415c1631449c9842b112097fdb7897886c3b4497e4a6fd4c755f9d1 exec=2b2a832e tx_merkle= votes=3 required=3
[EXEC-POOL] epoch=3137 hash=2b2a832e voters=3/4
[EXEC-QUORUM] epoch=3137 required=3 total=4 votes=3
Execution quorum reached (hash=2b2a832e votes=3/4)
2026/05/20 23:22:02 [EXEC-PRECOMMIT] height=3137 reason=quorum_precommit prev_round=0 prev_block= round=0 block=9be22173 votes=3 required=3
Validator heartbeat: C | reported_height=3137 | finalized_height=3137 | local_exec_epoch=3138
Validator heartbeat: C | reported_height=3137 | finalized_height=3137 | local_exec_epoch=3138
[REGISTRY-COMMITMENT-CHECK] height=3137 required=true parent_unanchored=false source=chain_parent_commitment expected=9cd32df6 got=9cd32df6
2026/05/20 23:22:02 [EXEC-COMMIT] height=3137 reason=precommit_quorum round=0 block=8db76569 votes=3 required=3 precommits=3
[REGISTRY-COMMITMENT-CHECK] height=3137 required=true parent_unanchored=false source=chain_parent_commitment expected=9cd32df6 got=9cd32df6
[REGISTRY-PRECOMMIT] height=3137 source=committed_carry_forward header=9cd32df6 resolved=9cd32df6 validators=4
[SYNC-COMMIT-PHASE] node=D stage=idle provider= height=3137 local=3136 phase=process_block_begin
[REGISTRY-COMMITMENT-CHECK] height=3137 required=true parent_unanchored=false source=chain_parent_commitment expected=9cd32df6 got=9cd32df6
[REGISTRY-COMMITMENT-CHECK] height=3137 required=true parent_unanchored=false source=chain_block expected=9cd32df6 got=9cd32df6
[SYNC-COMMIT-PHASE] node=D stage=idle provider= height=3137 local=3137 phase=process_block_committed
[SYNC-COMMIT-PHASE] node=D stage=idle provider= height=3137 local=3137 phase=post_block_effects_begin
âœ… Height finalized â†’ 3138
[EMISSION] h=3137 reward=3 treasury=1 validators=2 burn=0 applied_burn=0 chance_bps=10000
[SYNC-COMMIT-PHASE] node=D stage=idle provider= height=3137 local=3137 phase=post_block_effects_done
[SYNC-COMMIT-PHASE] node=D stage=idle provider= height=3137 local=3137 phase=persist_registry_begin
Validator heartbeat received: C | reported_height=3137 | finalized_height=3137 | local_exec_epoch=3138
Validator heartbeat: A | reported_height=3137 | finalized_height=3137 | local_exec_epoch=3138
[EMISSION] h=3137 reward=3 treasury=1 validators=2 burn=0 applied_burn=0 chance_bps=10000
2026/05/20 23:22:02 [LEDGER-REBUILD] reason=finalize_execution_result_already_committed height=3137 source=execution_cache_post_effects runtime_ledger=0f864631 execution_ledger=0f864631 authoritative_ledger=0f864631 restored_ledger=0f864631
[SNAPSHOT-PUBLISH] deferred height=3137 reason=auto_publish_interval_10
[SYNC-COMMIT-PHASE] node=D stage=idle provider= height=3137 local=3137 phase=persist_registry_done
[SYNC-COMMIT-PHASE] node=D stage=idle provider= height=3137 local=3137 phase=apply_validator_updates_begin
[SYNC-COMMIT-PHASE] node=D stage=idle provider= height=3137 local=3137 phase=apply_validator_updates_done
[SYNC-COMMIT-PHASE] node=D stage=idle provider= height=3137 local=3137 phase=observe_candidates_begin
Validator heartbeat received: C | reported_height=3137 | finalized_height=3137 | local_exec_epoch=3138
Validator heartbeat: A | reported_height=3137 | finalized_height=3137 | local_exec_epoch=3138
[SYNC-CLEAR] reason=up_to_date local=3137 target=0
[SYNC-COMMIT-PHASE] node=D stage=idle provider= height=3137 local=3137 phase=observe_candidates_done
[SYNC-COMMIT-PHASE] node=D stage=idle provider= height=3137 local=3137 phase=apply_validator_update_txs_begin
[SYNC-COMMIT-PHASE] node=D stage=idle provider= height=3137 local=3137 phase=apply_validator_update_txs_done
[SYNC-COMMIT-PHASE] node=D stage=idle provider= height=3137 local=3137 phase=apply_scheduled_updates_begin
[SYNC-SCHEDULED-UPDATES] stage=idle provider= current_height=3137 step=queue_inactive_removals_begin update_height=3137 due_transition=false defer_for_sync=false update_blocked=false planned_only=false updated=false processed_adds=0 processed_removes=0 next_transition_height=0 transition_validators=0 next_validators=0
[REGISTRY-PENDING] height=3138 chain_height=3137 reason=future_parent
[SET-PENDING] height=3139 chain_height=3137 reason=future_height
Heartbeat sent: D finalized=3137 epoch=3138
Validator heartbeat received: A | reported_height=3137 | finalized_height=3137 | local_exec_epoch=3138
Validator heartbeat received: A | reported_height=3137 | finalized_height=3137 | local_exec_epoch=3138
[SYNC-SCHEDULED-UPDATES] stage=idle provider= current_height=3137 step=queue_inactive_removals_done update_height=3137 due_transition=false defer_for_sync=false update_blocked=false planned_only=false updated=false processed_adds=0 processed_removes=0 next_transition_height=0 transition_validators=0 next_validators=0
[SYNC-SCHEDULED-UPDATES] stage=idle provider= current_height=3137 step=sync_gate_snapshot_state_begin update_height=3137 due_transition=false defer_for_sync=false update_blocked=false planned_only=false updated=false processed_adds=0 processed_removes=0 next_transition_height=0 transition_validators=0 next_validators=0
[SYNC-SCHEDULED-UPDATES] stage=idle provider= current_height=3137 step=sync_gate_snapshot_state_done update_height=3137 due_transition=false defer_for_sync=false update_blocked=false planned_only=false updated=false processed_adds=0 processed_removes=0 next_transition_height=0 transition_validators=0 next_validators=0
[SYNC-SCHEDULED-UPDATES] stage=idle provider= current_height=3137 step=apply_queued_set_update_begin update_height=3137 due_transition=false defer_for_sync=false update_blocked=false planned_only=false updated=false processed_adds=0 processed_removes=0 next_transition_height=0 transition_validators=0 next_validators=0
[SYNC-SCHEDULED-UPDATES] stage=idle provider= current_height=3137 step=apply_queued_set_update_done update_height=3137 due_transition=false defer_for_sync=false update_blocked=false planned_only=false updated=false processed_adds=0 processed_removes=0 next_transition_height=0 transition_validators=0 next_validators=0
[SYNC-SCHEDULED-UPDATES] stage=idle provider= current_height=3137 step=validator_set_lock_begin update_height=3137 due_transition=false defer_for_sync=false update_blocked=false planned_only=false updated=false processed_adds=0 processed_removes=0 next_transition_height=0 transition_validators=0 next_validators=0
[SYNC-SCHEDULED-UPDATES] stage=idle provider= current_height=3137 step=validator_set_lock_acquired update_height=3137 due_transition=false defer_for_sync=false update_blocked=false planned_only=false updated=false processed_adds=0 processed_removes=0 next_transition_height=0 transition_validators=0 next_validators=0
[SYNC-SCHEDULED-UPDATES] stage=idle provider= current_height=3137 step=compute_next_transition_height_begin update_height=3137 due_transition=false defer_for_sync=false update_blocked=false planned_only=false updated=false processed_adds=0 processed_removes=0 next_transition_height=0 transition_validators=0 next_validators=0
[SYNC-SCHEDULED-UPDATES] stage=idle provider= current_height=3137 step=compute_next_transition_height_done update_height=3137 due_transition=false defer_for_sync=false update_blocked=false planned_only=false updated=false processed_adds=0 processed_removes=0 next_transition_height=0 transition_validators=0 next_validators=0
[SYNC-SCHEDULED-UPDATES] stage=idle provider= current_height=3137 step=due_transition_eval_begin update_height=3137 due_transition=false defer_for_sync=false update_blocked=false planned_only=false updated=false processed_adds=0 processed_removes=0 next_transition_height=0 transition_validators=0 next_validators=0
[SYNC-SCHEDULED-UPDATES] stage=idle provider= current_height=3137 step=due_transition_eval_done update_height=3137 due_transition=false defer_for_sync=false update_blocked=false planned_only=false updated=false processed_adds=0 processed_removes=0 next_transition_height=0 transition_validators=0 next_validators=0
[SYNC-SCHEDULED-UPDATES] stage=idle provider= current_height=3137 step=defer_for_sync_eval_begin update_height=3137 due_transition=false defer_for_sync=false update_blocked=false planned_only=false updated=false processed_adds=0 processed_removes=0 next_transition_height=0 transition_validators=0 next_validators=0
[SYNC-SCHEDULED-UPDATES] stage=idle provider= current_height=3137 step=defer_for_sync_eval_done update_height=3137 due_transition=false defer_for_sync=false update_blocked=false planned_only=false updated=false processed_adds=0 processed_removes=0 next_transition_height=0 transition_validators=0 next_validators=0
[SYNC-SCHEDULED-UPDATES] stage=idle provider= current_height=3137 step=scheduled_transition_validators_begin update_height=3137 due_transition=false defer_for_sync=false update_blocked=false planned_only=false updated=false processed_adds=0 processed_removes=0 next_transition_height=0 transition_validators=0 next_validators=0
[SYNC-SCHEDULED-UPDATES] stage=idle provider= current_height=3137 step=scheduled_transition_validators_done update_height=3137 due_transition=false defer_for_sync=false update_blocked=false planned_only=false updated=false processed_adds=0 processed_removes=0 next_transition_height=0 transition_validators=4 next_validators=0
[SYNC-SCHEDULED-UPDATES] stage=idle provider= current_height=3137 step=build_next_validators_begin update_height=3137 due_transition=false defer_for_sync=false update_blocked=false planned_only=false updated=false processed_adds=0 processed_removes=0 next_transition_height=0 transition_validators=4 next_validators=0
[SYNC-SCHEDULED-UPDATES] stage=idle provider= current_height=3137 step=build_next_validators_done update_height=3137 due_transition=false defer_for_sync=false update_blocked=false planned_only=false updated=false processed_adds=0 processed_removes=0 next_transition_height=0 transition_validators=4 next_validators=4
[SYNC-SCHEDULED-UPDATES] stage=idle provider= current_height=3137 step=transition_quorum_begin update_height=3137 due_transition=false defer_for_sync=false update_blocked=false planned_only=false updated=false processed_adds=0 processed_removes=0 next_transition_height=0 transition_validators=4 next_validators=4
[SYNC-SCHEDULED-UPDATES] stage=idle provider= current_height=3137 step=transition_quorum_done update_height=3137 due_transition=false defer_for_sync=false update_blocked=false planned_only=false updated=false processed_adds=0 processed_removes=0 next_transition_height=0 transition_validators=4 next_validators=4
[SYNC-SCHEDULED-UPDATES] stage=idle provider= current_height=3137 step=transition_plan_write_begin update_height=3137 due_transition=false defer_for_sync=false update_blocked=false planned_only=false updated=false processed_adds=0 processed_removes=0 next_transition_height=0 transition_validators=4 next_validators=4
[SYNC-SCHEDULED-UPDATES] stage=idle provider= current_height=3137 step=transition_plan_write_done update_height=3137 due_transition=false defer_for_sync=false update_blocked=false planned_only=false updated=false processed_adds=0 processed_removes=0 next_transition_height=0 transition_validators=4 next_validators=4
[SYNC-SCHEDULED-UPDATES] stage=idle provider= current_height=3137 step=finalize_pending_maps_begin update_height=3137 due_transition=false defer_for_sync=false update_blocked=false planned_only=false updated=false processed_adds=0 processed_removes=0 next_transition_height=0 transition_validators=4 next_validators=4
[SYNC-SCHEDULED-UPDATES] stage=idle provider= current_height=3137 step=finalize_pending_maps_done update_height=3137 due_transition=false defer_for_sync=false update_blocked=false planned_only=false updated=false processed_adds=0 processed_removes=0 next_transition_height=0 transition_validators=4 next_validators=4
[SYNC-SCHEDULED-UPDATES] stage=idle provider= current_height=3137 step=active_transition_heights_begin update_height=3137 due_transition=false defer_for_sync=false update_blocked=false planned_only=false updated=false processed_adds=0 processed_removes=0 next_transition_height=0 transition_validators=4 next_validators=4
[SYNC-SCHEDULED-UPDATES] stage=idle provider= current_height=3137 step=active_transition_heights_done update_height=3137 due_transition=false defer_for_sync=false update_blocked=false planned_only=false updated=false processed_adds=0 processed_removes=0 next_transition_height=0 transition_validators=4 next_validators=4
[SYNC-SCHEDULED-UPDATES] stage=idle provider= current_height=3137 step=validator_set_unlock update_height=3137 due_transition=false defer_for_sync=false update_blocked=false planned_only=false updated=false processed_adds=0 processed_removes=0 next_transition_height=0 transition_validators=4 next_validators=4
[SYNC-SCHEDULED-UPDATES] stage=idle provider= current_height=3137 step=retry_clear_begin update_height=3137 due_transition=false defer_for_sync=false update_blocked=false planned_only=false updated=false processed_adds=0 processed_removes=0 next_transition_height=0 transition_validators=4 next_validators=4
[SYNC-SCHEDULED-UPDATES] stage=idle provider= current_height=3137 step=retry_clear_done update_height=3137 due_transition=false defer_for_sync=false update_blocked=false planned_only=false updated=false processed_adds=0 processed_removes=0 next_transition_height=0 transition_validators=4 next_validators=4
[SYNC-SCHEDULED-UPDATES] stage=idle provider= current_height=3137 step=prune_retry_begin update_height=3137 due_transition=false defer_for_sync=false update_blocked=false planned_only=false updated=false processed_adds=0 processed_removes=0 next_transition_height=0 transition_validators=4 next_validators=4
[SYNC-SCHEDULED-UPDATES] stage=idle provider= current_height=3137 step=prune_retry_done update_height=3137 due_transition=false defer_for_sync=false update_blocked=false planned_only=false updated=false processed_adds=0 processed_removes=0 next_transition_height=0 transition_validators=4 next_validators=4
[SYNC-SCHEDULED-UPDATES] stage=idle provider= current_height=3137 step=onboarding_tracker_begin update_height=3137 due_transition=false defer_for_sync=false update_blocked=false planned_only=false updated=false processed_adds=0 processed_removes=0 next_transition_height=0 transition_validators=4 next_validators=4
[SYNC-SCHEDULED-UPDATES] stage=idle provider= current_height=3137 step=onboarding_tracker_done update_height=3137 due_transition=false defer_for_sync=false update_blocked=false planned_only=false updated=false processed_adds=0 processed_removes=0 next_transition_height=0 transition_validators=4 next_validators=4
[SYNC-SCHEDULED-UPDATES] stage=idle provider= current_height=3137 step=broadcast_validator_info_begin update_height=3137 due_transition=false defer_for_sync=false update_blocked=false planned_only=false updated=false processed_adds=0 processed_removes=0 next_transition_height=0 transition_validators=4 next_validators=4
[SYNC-SCHEDULED-UPDATES] stage=idle provider= current_height=3137 step=broadcast_validator_info_done update_height=3137 due_transition=false defer_for_sync=false update_blocked=false planned_only=false updated=false processed_adds=0 processed_removes=0 next_transition_height=0 transition_validators=4 next_validators=4
[SYNC-SCHEDULED-UPDATES] stage=idle provider= current_height=3137 step=final_update_log_begin update_height=3137 due_transition=false defer_for_sync=false update_blocked=false planned_only=false updated=false processed_adds=0 processed_removes=0 next_transition_height=0 transition_validators=4 next_validators=4
[SYNC-SCHEDULED-UPDATES] stage=idle provider= current_height=3137 step=final_update_log_done update_height=3137 due_transition=false defer_for_sync=false update_blocked=false planned_only=false updated=false processed_adds=0 processed_removes=0 next_transition_height=0 transition_validators=4 next_validators=4
[SYNC-SCHEDULED-UPDATES] stage=idle provider= current_height=3137 step=snapshot_epoch_validators_begin update_height=3137 due_transition=false defer_for_sync=false update_blocked=false planned_only=false updated=false processed_adds=0 processed_removes=0 next_transition_height=0 transition_validators=4 next_validators=4
Heartbeat sent: D finalized=3137 epoch=3138
[SYNC-SCHEDULED-UPDATES] stage=idle provider= current_height=3137 step=snapshot_epoch_validators_done update_height=3137 due_transition=false defer_for_sync=false update_blocked=false planned_only=false updated=false processed_adds=0 processed_removes=0 next_transition_height=0 transition_validators=4 next_validators=4
[SYNC-COMMIT-PHASE] node=D stage=idle provider= height=3137 local=3137 phase=apply_scheduled_updates_done
[SYNC-COMMIT-PHASE] node=D stage=idle provider= height=3137 local=3137 phase=snapshot_epoch_validators_begin
[SYNC-COMMIT-PHASE] node=D stage=idle provider= height=3137 local=3137 phase=snapshot_epoch_validators_done
[SYNC-COMMIT-PHASE] node=D stage=idle provider= height=3137 local=3137 phase=start_next_round_begin
[SYNC-COMMIT-PHASE] node=D stage=idle provider= height=3137 local=3137 phase=start_next_round_done
[SYNC-COMMIT-PHASE] node=D stage=idle provider= height=3137 local=3137 phase=clear_exec_results_begin
[SYNC-COMMIT-PHASE] node=D stage=idle provider= height=3137 local=3137 phase=clear_exec_results_done
[SYNC-COMMIT-PHASE] node=D stage=idle provider= height=3137 local=3137 phase=update_validator_metrics_begin
[SYNC-COMMIT-PHASE] node=D stage=idle provider= height=3137 local=3137 phase=update_validator_metrics_done
[SYNC-COMMIT-PHASE] node=D stage=idle provider= height=3137 local=3137 phase=enter_safe_mode_begin
[SYNC-COMMIT-PHASE] node=D stage=idle provider= height=3137 local=3137 phase=enter_safe_mode_done
[SYNC-COMMIT-PHASE] node=D stage=idle provider= height=3137 local=3137 phase=ensure_tip_snapshot_begin
[SYNC-COMMIT-PHASE] node=D stage=idle provider= height=3137 local=3137 phase=ensure_tip_snapshot_done
ðŸ§¹ Pruning snapshot @ height 2136
Pruning validator registry snapshot @ height 2136
Pruning validator registry snapshot @ height 2136
[SYNC-COMMIT-PHASE] node=D stage=idle provider= height=3137 local=3137 phase=prune_snapshots_done
[SYNC-COMMIT-PHASE] node=D stage=idle provider= height=3137 local=3137 phase=publish_required_snapshot_begin
[SYNC-COMMIT-PHASE] node=D stage=idle provider= height=3137 local=3137 phase=publish_required_snapshot_done
[COMMIT] node=D h=3137 hash=8db76569 by=C type=TIME txs=0
[SYNC-COMMIT-PHASE] node=D stage=idle provider= height=3137 local=3137 phase=commit_log_done
[SYNC-COMMIT-PHASE] node=D stage=idle provider= height=3137 local=3137 phase=touch_signers_begin
[SYNC-COMMIT-PHASE] node=D stage=idle provider= height=3137 local=3137 phase=touch_signers_done
[SYNC-COMMIT-PHASE] node=D stage=idle provider= height=3137 local=3137 phase=maybe_exit_sync_begin
[SYNC-COMMIT-PHASE] node=D stage=idle provider= height=3137 local=3137 phase=done
2026/05/20 23:22:03 [VOTE-STALE-ACCEPT] reason=committed_proposal_unresolved signer=A height=3137 round=0 vote_block=9be22173 exec=2b2a832e tx_merkle=
[STARTUP-COMMITMENT] mode=v2 commitment_height=1 check_h=3138 expected=d75b74ab source=chain_parent_commitment
Ã°Å¸â€œÂ¨ Consensus message from 12D3KooWPVKESWFG9sS8G6vjhfPn54kWuNFkkuHwG4yQXhYRcXjX: leader_block (size: 1311 bytes)
Ã°Å¸â€œÂ¦ Leader block received from 12D3KooWPVKESWFG9sS8G6vjhfPn54kWuNFkkuHwG4yQXhYRcXjX | height=3138 proposer=A
[SET-COMMITMENT-APPLY] height=3138 source=chain_parent_commitment mode=legacy hash=d75b74ab
Ã°Å¸â€Å’ Consensus stream EOF from 12D3KooWPVKESWFG9sS8G6vjhfPn54kWuNFkkuHwG4yQXhYRcXjX
Ã°Å¸â€Å’ Consensus stream closed with 12D3KooWPVKESWFG9sS8G6vjhfPn54kWuNFkkuHwG4yQXhYRcXjX
2026/05/20 23:22:03 [EXEC-PROPOSAL-SELECT] height=3138 reason=observed prev_round=0 prev_block= round=0 block=82abb11e voters=0 force=false
Ã°Å¸â€œÂ¨ Consensus message from 12D3KooWHdmUKc1bYKY3scg6TqGhK3SutwH9hu1aAez4VmvwkEyk: execution_result (size: 359 bytes)
Ã°Å¸â€Å’ Consensus stream EOF from 12D3KooWHdmUKc1bYKY3scg6TqGhK3SutwH9hu1aAez4VmvwkEyk
Ã°Å¸â€Å’ Consensus stream closed with 12D3KooWHdmUKc1bYKY3scg6TqGhK3SutwH9hu1aAez4VmvwkEyk
Ã°Å¸â€œÂ¨ Consensus message from 12D3KooWPVKESWFG9sS8G6vjhfPn54kWuNFkkuHwG4yQXhYRcXjX: execution_result (size: 359 bytes)
Ã°Å¸â€Å’ Consensus stream EOF from 12D3KooWPVKESWFG9sS8G6vjhfPn54kWuNFkkuHwG4yQXhYRcXjX
Ã°Å¸â€Å’ Consensus stream closed with 12D3KooWPVKESWFG9sS8G6vjhfPn54kWuNFkkuHwG4yQXhYRcXjX
2026/05/20 23:22:03 [EXEC-BROADCAST-DEFER] validator=D height=3138 reason=activation_pending_not_in_frozen_set trigger=leader_block block=82abb11e prev=8db76569
[LEADER-BLOCK-REJECT] height=3138 round=0 reason=duplicate_proposal peer=12D3KooWPVKESWFG9sS8G6vjhfPn54kWuNFkkuHwG4yQXhYRcXjX proposer=A block=82abb11e
[LEADER-BLOCK-REJECT] height=3138 round=0 reason=duplicate_proposal peer= proposer=A block=82abb11e
Ã°Å¸â€œÂ¨ Consensus message from 12D3KooWD9ed8zJXbW8uUU6XHD2UYrsQQEvnuXReJWFeo52dvdf8: execution_result (size: 359 bytes)
Ã°Å¸â€Å’ Consensus stream EOF from 12D3KooWD9ed8zJXbW8uUU6XHD2UYrsQQEvnuXReJWFeo52dvdf8
Ã°Å¸â€Å’ Consensus stream closed with 12D3KooWD9ed8zJXbW8uUU6XHD2UYrsQQEvnuXReJWFeo52dvdf8
Validator D running in observer mode: participation gate is not ready yet.
[REGISTRY-COMMITMENT-CHECK] height=3138 required=true parent_unanchored=false source=chain_parent_commitment expected=9cd32df6 got=9cd32df6
[EXEC-HASH] hint=3138 from=B exec=7682f66f
Execution hash received: B @ epoch 3138
2026/05/20 23:22:04 [VOTE-ACCEPT] reason=recorded signer=B height=3138 round=0 vote_block=82abb11e current_block=82abb11e proposal=3138|0|82abb11ef7a2b639141810eb943fbf533872a4bdc999d8fce135cd7a650292d1||7682f66fdc33ceace75efe8beb1b95a004904e2ec11e7f67bc1b4b1c44e6c6b9 exec=7682f66f tx_merkle= votes=1 required=3
[EXEC-POOL] epoch=3138 hash=7682f66f voters=1/4
[EXEC-QUORUM] epoch=3138 required=3 total=4 votes=1
Ã°Å¸â€œÂ¨ Consensus message from 12D3KooWPVKESWFG9sS8G6vjhfPn54kWuNFkkuHwG4yQXhYRcXjX: leader_block (size: 1311 bytes)
Ã°Å¸â€œÂ¦ Leader block received from 12D3KooWPVKESWFG9sS8G6vjhfPn54kWuNFkkuHwG4yQXhYRcXjX | height=3138 proposer=A
Ã°Å¸â€Å’ Consensus stream EOF from 12D3KooWPVKESWFG9sS8G6vjhfPn54kWuNFkkuHwG4yQXhYRcXjX
Ã°Å¸â€Å’ Consensus stream closed with 12D3KooWPVKESWFG9sS8G6vjhfPn54kWuNFkkuHwG4yQXhYRcXjX
[REGISTRY-COMMITMENT-CHECK] height=3138 required=true parent_unanchored=false source=chain_parent_commitment expected=9cd32df6 got=9cd32df6
2026/05/20 23:22:04 [VOTE-DROP] reason=replay_cache signer=B height=3138 round=0 vote_block=82abb11e current_block=82abb11e proposal=3138|0|82abb11ef7a2b639141810eb943fbf533872a4bdc999d8fce135cd7a650292d1||7682f66fdc33ceace75efe8beb1b95a004904e2ec11e7f67bc1b4b1c44e6c6b9 exec=7682f66f tx_merkle=
[REGISTRY-COMMITMENT-CHECK] height=3138 required=true parent_unanchored=false source=chain_parent_commitment expected=9cd32df6 got=9cd32df6
Consensus started for node D | mode=observer vote=false propose=false
Validator heartbeat: C | reported_height=3138 | finalized_height=3138 | local_exec_epoch=3139
Validator heartbeat: C | reported_height=3138 | finalized_height=3138 | local_exec_epoch=3139
[EXEC-HASH] hint=3138 from=A exec=7682f66f
Execution hash received: A @ epoch 3138
2026/05/20 23:22:04 [VOTE-ACCEPT] reason=recorded signer=A height=3138 round=0 vote_block=82abb11e current_block=82abb11e proposal=3138|0|82abb11ef7a2b639141810eb943fbf533872a4bdc999d8fce135cd7a650292d1||7682f66fdc33ceace75efe8beb1b95a004904e2ec11e7f67bc1b4b1c44e6c6b9 exec=7682f66f tx_merkle= votes=2 required=3
[EXEC-POOL] epoch=3138 hash=7682f66f voters=2/4
[EXEC-QUORUM] epoch=3138 required=3 total=4 votes=2
[REGISTRY-COMMITMENT-CHECK] height=3138 required=true parent_unanchored=false source=chain_parent_commitment expected=9cd32df6 got=9cd32df6
2026/05/20 23:22:04 [VOTE-DROP] reason=replay_cache signer=A height=3138 round=0 vote_block=82abb11e current_block=82abb11e proposal=3138|0|82abb11ef7a2b639141810eb943fbf533872a4bdc999d8fce135cd7a650292d1||7682f66fdc33ceace75efe8beb1b95a004904e2ec11e7f67bc1b4b1c44e6c6b9 exec=7682f66f tx_merkle=
Validator heartbeat received: C | reported_height=3138 | finalized_height=3138 | local_exec_epoch=3139
Validator heartbeat received: C | reported_height=3138 | finalized_height=3138 | local_exec_epoch=3139
Validator heartbeat: B | reported_height=3138 | finalized_height=3138 | local_exec_epoch=3139
Validator heartbeat: B | reported_height=3138 | finalized_height=3138 | local_exec_epoch=3139
[REGISTRY-COMMITMENT-CHECK] height=3138 required=true parent_unanchored=false source=chain_parent_commitment expected=9cd32df6 got=9cd32df6
[EXEC-HASH] hint=3138 from=C exec=7682f66f
Execution hash received: C @ epoch 3138
2026/05/20 23:22:05 [VOTE-ACCEPT] reason=recorded signer=C height=3138 round=0 vote_block=82abb11e current_block=82abb11e proposal=3138|0|82abb11ef7a2b639141810eb943fbf533872a4bdc999d8fce135cd7a650292d1||7682f66fdc33ceace75efe8beb1b95a004904e2ec11e7f67bc1b4b1c44e6c6b9 exec=7682f66f tx_merkle= votes=3 required=3
[EXEC-POOL] epoch=3138 hash=7682f66f voters=3/4
[EXEC-QUORUM] epoch=3138 required=3 total=4 votes=3
Execution quorum reached (hash=7682f66f votes=3/4)
2026/05/20 23:22:05 [EXEC-PRECOMMIT] height=3138 reason=stored_results_quorum prev_round=0 prev_block= round=0 block=82abb11e votes=3 required=3
Ã°Å¸â€œÂ¨ Consensus message from 12D3KooWD9ed8zJXbW8uUU6XHD2UYrsQQEvnuXReJWFeo52dvdf8: leader_block (size: 1311 bytes)
Ã°Å¸â€œÂ¦ Leader block received from 12D3KooWD9ed8zJXbW8uUU6XHD2UYrsQQEvnuXReJWFeo52dvdf8 | height=3139 proposer=C
Ã°Å¸â€Å’ Consensus stream EOF from 12D3KooWD9ed8zJXbW8uUU6XHD2UYrsQQEvnuXReJWFeo52dvdf8
Ã°Å¸â€Å’ Consensus stream closed with 12D3KooWD9ed8zJXbW8uUU6XHD2UYrsQQEvnuXReJWFeo52dvdf8
Heartbeat sent: D finalized=3137 epoch=3138
[REGISTRY-COMMITMENT-CHECK] height=3138 required=true parent_unanchored=false source=chain_parent_commitment expected=9cd32df6 got=9cd32df6
[REGISTRY-COMMITMENT-CHECK] height=3138 required=true parent_unanchored=false source=chain_parent_commitment expected=9cd32df6 got=9cd32df6
Ã°Å¸â€œÂ¨ Consensus message from 12D3KooWD9ed8zJXbW8uUU6XHD2UYrsQQEvnuXReJWFeo52dvdf8: execution_result (size: 359 bytes)
Ã°Å¸â€Å’ Consensus stream EOF from 12D3KooWD9ed8zJXbW8uUU6XHD2UYrsQQEvnuXReJWFeo52dvdf8
Ã°Å¸â€Å’ Consensus stream closed with 12D3KooWD9ed8zJXbW8uUU6XHD2UYrsQQEvnuXReJWFeo52dvdf8
[REGISTRY-COMMITMENT-CHECK] height=3138 required=true parent_unanchored=false source=chain_parent_commitment expected=9cd32df6 got=9cd32df6
[CONSENSUS] height=3137 vhash=d75b74ab validators=4
Ã°Å¸â€œÂ¨ Consensus message from 12D3KooWHdmUKc1bYKY3scg6TqGhK3SutwH9hu1aAez4VmvwkEyk: execution_result (size: 359 bytes)
Ã°Å¸â€Å’ Consensus stream EOF from 12D3KooWHdmUKc1bYKY3scg6TqGhK3SutwH9hu1aAez4VmvwkEyk
Ã°Å¸â€Å’ Consensus stream closed with 12D3KooWHdmUKc1bYKY3scg6TqGhK3SutwH9hu1aAez4VmvwkEyk
Ã°Å¸â€œÂ¨ Consensus message from 12D3KooWD9ed8zJXbW8uUU6XHD2UYrsQQEvnuXReJWFeo52dvdf8: leader_block (size: 1311 bytes)
Ã°Å¸â€œÂ¦ Leader block received from 12D3KooWD9ed8zJXbW8uUU6XHD2UYrsQQEvnuXReJWFeo52dvdf8 | height=3139 proposer=C
Ã°Å¸â€Å’ Consensus stream EOF from 12D3KooWD9ed8zJXbW8uUU6XHD2UYrsQQEvnuXReJWFeo52dvdf8
Ã°Å¸â€Å’ Consensus stream closed with 12D3KooWD9ed8zJXbW8uUU6XHD2UYrsQQEvnuXReJWFeo52dvdf8
2026/05/20 23:22:06 [EXEC-COMMIT] height=3138 reason=precommit_quorum round=0 block=d118a250 votes=3 required=3 precommits=3
[PARTICIPATION-GATE] validator=D height=3138 reason=activation_pending_not_in_frozen_set
[REGISTRY-COMMITMENT-CHECK] height=3138 required=true parent_unanchored=false source=chain_parent_commitment expected=9cd32df6 got=9cd32df6
[REGISTRY-PRECOMMIT] height=3138 source=committed_carry_forward header=9cd32df6 resolved=9cd32df6 validators=4
[SYNC-COMMIT-PHASE] node=D stage=idle provider= height=3138 local=3137 phase=process_block_begin
[SYNC-COMMIT-PHASE] node=D stage=idle provider= height=3138 local=3138 phase=process_block_committed
[SYNC-COMMIT-PHASE] node=D stage=idle provider= height=3138 local=3138 phase=post_block_effects_begin
âœ… Height finalized â†’ 3139
Validator heartbeat received: B | reported_height=3138 | finalized_height=3138 | local_exec_epoch=3139
[SNAPSHOT-PUBLISH] deferred height=3138 reason=auto_publish_interval_10
[EMISSION] h=3138 reward=4 treasury=1 validators=2 burn=1 applied_burn=0 chance_bps=10000
[SYNC-COMMIT-PHASE] node=D stage=idle provider= height=3138 local=3138 phase=post_block_effects_done
[SYNC-COMMIT-PHASE] node=D stage=idle provider= height=3138 local=3138 phase=persist_registry_begin
Validator heartbeat: A | reported_height=3138 | finalized_height=3137 | local_exec_epoch=3139
[SYNC-COMMIT-PHASE] node=D stage=idle provider= height=3138 local=3138 phase=persist_registry_done
[SYNC-COMMIT-PHASE] node=D stage=idle provider= height=3138 local=3138 phase=apply_validator_updates_begin
[SYNC-COMMIT-PHASE] node=D stage=idle provider= height=3138 local=3138 phase=apply_validator_updates_done
[SYNC-COMMIT-PHASE] node=D stage=idle provider= height=3138 local=3138 phase=observe_candidates_begin
[EMISSION] h=3138 reward=4 treasury=1 validators=2 burn=1 applied_burn=0 chance_bps=10000
2026/05/20 23:22:06 [LEDGER-REBUILD] reason=finalize_execution_result_apply_inflight_committed height=3138 source=execution_cache_post_effects runtime_ledger=0f864631 execution_ledger=0f864631 authoritative_ledger=0f864631 restored_ledger=0f864631
[SYNC-COMMIT-PHASE] node=D stage=idle provider= height=3138 local=3138 phase=observe_candidates_done
[SYNC-COMMIT-PHASE] node=D stage=idle provider= height=3138 local=3138 phase=apply_validator_update_txs_begin
[SYNC-COMMIT-PHASE] node=D stage=idle provider= height=3138 local=3138 phase=apply_validator_update_txs_done
[SYNC-COMMIT-PHASE] node=D stage=idle provider= height=3138 local=3138 phase=apply_scheduled_updates_begin
[SYNC-SCHEDULED-UPDATES] stage=idle provider= current_height=3138 step=queue_inactive_removals_begin update_height=3138 due_transition=false defer_for_sync=false update_blocked=false planned_only=false updated=false processed_adds=0 processed_removes=0 next_transition_height=0 transition_validators=0 next_validators=0
[SYNC-SCHEDULED-UPDATES] stage=idle provider= current_height=3138 step=queue_inactive_removals_done update_height=3138 due_transition=false defer_for_sync=false update_blocked=false planned_only=false updated=false processed_adds=0 processed_removes=0 next_transition_height=0 transition_validators=0 next_validators=0
[SYNC-SCHEDULED-UPDATES] stage=idle provider= current_height=3138 step=sync_gate_snapshot_state_begin update_height=3138 due_transition=false defer_for_sync=false update_blocked=false planned_only=false updated=false processed_adds=0 processed_removes=0 next_transition_height=0 transition_validators=0 next_validators=0
[SYNC-SCHEDULED-UPDATES] stage=idle provider= current_height=3138 step=sync_gate_snapshot_state_done update_height=3138 due_transition=false defer_for_sync=false update_blocked=false planned_only=false updated=false processed_adds=0 processed_removes=0 next_transition_height=0 transition_validators=0 next_validators=0
[SYNC-SCHEDULED-UPDATES] stage=idle provider= current_height=3138 step=apply_queued_set_update_begin update_height=3138 due_transition=false defer_for_sync=false update_blocked=false planned_only=false updated=false processed_adds=0 processed_removes=0 next_transition_height=0 transition_validators=0 next_validators=0
[SYNC-SCHEDULED-UPDATES] stage=idle provider= current_height=3138 step=apply_queued_set_update_done update_height=3138 due_transition=false defer_for_sync=false update_blocked=false planned_only=false updated=false processed_adds=0 processed_removes=0 next_transition_height=0 transition_validators=0 next_validators=0
[SYNC-SCHEDULED-UPDATES] stage=idle provider= current_height=3138 step=validator_set_lock_begin update_height=3138 due_transition=false defer_for_sync=false update_blocked=false planned_only=false updated=false processed_adds=0 processed_removes=0 next_transition_height=0 transition_validators=0 next_validators=0
[SYNC-SCHEDULED-UPDATES] stage=idle provider= current_height=3138 step=validator_set_lock_acquired update_height=3138 due_transition=false defer_for_sync=false update_blocked=false planned_only=false updated=false processed_adds=0 processed_removes=0 next_transition_height=0 transition_validators=0 next_validators=0
[SYNC-SCHEDULED-UPDATES] stage=idle provider= current_height=3138 step=compute_next_transition_height_begin update_height=3138 due_transition=false defer_for_sync=false update_blocked=false planned_only=false updated=false processed_adds=0 processed_removes=0 next_transition_height=0 transition_validators=0 next_validators=0
[SYNC-SCHEDULED-UPDATES] stage=idle provider= current_height=3138 step=compute_next_transition_height_done update_height=3138 due_transition=false defer_for_sync=false update_blocked=false planned_only=false updated=false processed_adds=0 processed_removes=0 next_transition_height=0 transition_validators=0 next_validators=0
[SYNC-SCHEDULED-UPDATES] stage=idle provider= current_height=3138 step=due_transition_eval_begin update_height=3138 due_transition=false defer_for_sync=false update_blocked=false planned_only=false updated=false processed_adds=0 processed_removes=0 next_transition_height=0 transition_validators=0 next_validators=0
[SYNC-SCHEDULED-UPDATES] stage=idle provider= current_height=3138 step=due_transition_eval_done update_height=3138 due_transition=false defer_for_sync=false update_blocked=false planned_only=false updated=false processed_adds=0 processed_removes=0 next_transition_height=0 transition_validators=0 next_validators=0
[SYNC-SCHEDULED-UPDATES] stage=idle provider= current_height=3138 step=defer_for_sync_eval_begin update_height=3138 due_transition=false defer_for_sync=false update_blocked=false planned_only=false updated=false processed_adds=0 processed_removes=0 next_transition_height=0 transition_validators=0 next_validators=0
[SYNC-SCHEDULED-UPDATES] stage=idle provider= current_height=3138 step=defer_for_sync_eval_done update_height=3138 due_transition=false defer_for_sync=false update_blocked=false planned_only=false updated=false processed_adds=0 processed_removes=0 next_transition_height=0 transition_validators=0 next_validators=0
[SYNC-SCHEDULED-UPDATES] stage=idle provider= current_height=3138 step=scheduled_transition_validators_begin update_height=3138 due_transition=false defer_for_sync=false update_blocked=false planned_only=false updated=false processed_adds=0 processed_removes=0 next_transition_height=0 transition_validators=0 next_validators=0
[SYNC-SCHEDULED-UPDATES] stage=idle provider= current_height=3138 step=scheduled_transition_validators_done update_height=3138 due_transition=false defer_for_sync=false update_blocked=false planned_only=false updated=false processed_adds=0 processed_removes=0 next_transition_height=0 transition_validators=4 next_validators=0
[SYNC-SCHEDULED-UPDATES] stage=idle provider= current_height=3138 step=build_next_validators_begin update_height=3138 due_transition=false defer_for_sync=false update_blocked=false planned_only=false updated=false processed_adds=0 processed_removes=0 next_transition_height=0 transition_validators=4 next_validators=0
[SYNC-SCHEDULED-UPDATES] stage=idle provider= current_height=3138 step=build_next_validators_done update_height=3138 due_transition=false defer_for_sync=false update_blocked=false planned_only=false updated=false processed_adds=0 processed_removes=0 next_transition_height=0 transition_validators=4 next_validators=4
[SYNC-SCHEDULED-UPDATES] stage=idle provider= current_height=3138 step=transition_quorum_begin update_height=3138 due_transition=false defer_for_sync=false update_blocked=false planned_only=false updated=false processed_adds=0 processed_removes=0 next_transition_height=0 transition_validators=4 next_validators=4
[SYNC-SCHEDULED-UPDATES] stage=idle provider= current_height=3138 step=transition_quorum_done update_height=3138 due_transition=false defer_for_sync=false update_blocked=false planned_only=false updated=false processed_adds=0 processed_removes=0 next_transition_height=0 transition_validators=4 next_validators=4
[SYNC-SCHEDULED-UPDATES] stage=idle provider= current_height=3138 step=transition_plan_write_begin update_height=3138 due_transition=false defer_for_sync=false update_blocked=false planned_only=false updated=false processed_adds=0 processed_removes=0 next_transition_height=0 transition_validators=4 next_validators=4
[SYNC-SCHEDULED-UPDATES] stage=idle provider= current_height=3138 step=transition_plan_write_done update_height=3138 due_transition=false defer_for_sync=false update_blocked=false planned_only=false updated=false processed_adds=0 processed_removes=0 next_transition_height=0 transition_validators=4 next_validators=4
[SYNC-SCHEDULED-UPDATES] stage=idle provider= current_height=3138 step=finalize_pending_maps_begin update_height=3138 due_transition=false defer_for_sync=false update_blocked=false planned_only=false updated=false processed_adds=0 processed_removes=0 next_transition_height=0 transition_validators=4 next_validators=4
[SYNC-SCHEDULED-UPDATES] stage=idle provider= current_height=3138 step=finalize_pending_maps_done update_height=3138 due_transition=false defer_for_sync=false update_blocked=false planned_only=false updated=false processed_adds=0 processed_removes=0 next_transition_height=0 transition_validators=4 next_validators=4
[SYNC-SCHEDULED-UPDATES] stage=idle provider= current_height=3138 step=active_transition_heights_begin update_height=3138 due_transition=false defer_for_sync=false update_blocked=false planned_only=false updated=false processed_adds=0 processed_removes=0 next_transition_height=0 transition_validators=4 next_validators=4
[SYNC-SCHEDULED-UPDATES] stage=idle provider= current_height=3138 step=active_transition_heights_done update_height=3138 due_transition=false defer_for_sync=false update_blocked=false planned_only=false updated=false processed_adds=0 processed_removes=0 next_transition_height=0 transition_validators=4 next_validators=4
[SYNC-SCHEDULED-UPDATES] stage=idle provider= current_height=3138 step=validator_set_unlock update_height=3138 due_transition=false defer_for_sync=false update_blocked=false planned_only=false updated=false processed_adds=0 processed_removes=0 next_transition_height=0 transition_validators=4 next_validators=4
[SYNC-SCHEDULED-UPDATES] stage=idle provider= current_height=3138 step=retry_clear_begin update_height=3138 due_transition=false defer_for_sync=false update_blocked=false planned_only=false updated=false processed_adds=0 processed_removes=0 next_transition_height=0 transition_validators=4 next_validators=4
[SYNC-SCHEDULED-UPDATES] stage=idle provider= current_height=3138 step=retry_clear_done update_height=3138 due_transition=false defer_for_sync=false update_blocked=false planned_only=false updated=false processed_adds=0 processed_removes=0 next_transition_height=0 transition_validators=4 next_validators=4
[SYNC-SCHEDULED-UPDATES] stage=idle provider= current_height=3138 step=prune_retry_begin update_height=3138 due_transition=false defer_for_sync=false update_blocked=false planned_only=false updated=false processed_adds=0 processed_removes=0 next_transition_height=0 transition_validators=4 next_validators=4
[SYNC-SCHEDULED-UPDATES] stage=idle provider= current_height=3138 step=prune_retry_done update_height=3138 due_transition=false defer_for_sync=false update_blocked=false planned_only=false updated=false processed_adds=0 processed_removes=0 next_transition_height=0 transition_validators=4 next_validators=4
[SYNC-SCHEDULED-UPDATES] stage=idle provider= current_height=3138 step=onboarding_tracker_begin update_height=3138 due_transition=false defer_for_sync=false update_blocked=false planned_only=false updated=false processed_adds=0 processed_removes=0 next_transition_height=0 transition_validators=4 next_validators=4
[SYNC-SCHEDULED-UPDATES] stage=idle provider= current_height=3138 step=onboarding_tracker_done update_height=3138 due_transition=false defer_for_sync=false update_blocked=false planned_only=false updated=false processed_adds=0 processed_removes=0 next_transition_height=0 transition_validators=4 next_validators=4
[SYNC-SCHEDULED-UPDATES] stage=idle provider= current_height=3138 step=broadcast_validator_info_begin update_height=3138 due_transition=false defer_for_sync=false update_blocked=false planned_only=false updated=false processed_adds=0 processed_removes=0 next_transition_height=0 transition_validators=4 next_validators=4
[SYNC-SCHEDULED-UPDATES] stage=idle provider= current_height=3138 step=broadcast_validator_info_done update_height=3138 due_transition=false defer_for_sync=false update_blocked=false planned_only=false updated=false processed_adds=0 processed_removes=0 next_transition_height=0 transition_validators=4 next_validators=4
[SYNC-SCHEDULED-UPDATES] stage=idle provider= current_height=3138 step=final_update_log_begin update_height=3138 due_transition=false defer_for_sync=false update_blocked=false planned_only=false updated=false processed_adds=0 processed_removes=0 next_transition_height=0 transition_validators=4 next_validators=4
[SYNC-SCHEDULED-UPDATES] stage=idle provider= current_height=3138 step=final_update_log_done update_height=3138 due_transition=false defer_for_sync=false update_blocked=false planned_only=false updated=false processed_adds=0 processed_removes=0 next_transition_height=0 transition_validators=4 next_validators=4
[SYNC-SCHEDULED-UPDATES] stage=idle provider= current_height=3138 step=snapshot_epoch_validators_begin update_height=3138 due_transition=false defer_for_sync=false update_blocked=false planned_only=false updated=false processed_adds=0 processed_removes=0 next_transition_height=0 transition_validators=4 next_validators=4
[STATUS] height=3137 finalized=3137 peers=4 validators=3 strict_live=3 heartbeat_live=3 out_of_drift=0 drift_limit=8 syncing=false sync_complete=true execution_ready=true execution_reason=ready gossip=true gossip_pipeline=new_block_gossip_validate_apply consensus_running=true mode=observer vote=false propose=false role=full validator_state=activating warmup_seconds=0 ready=false reason=activation_pending_not_in_frozen_set snapshot_source=none expected_source=chain expected_hash=d75b74ab resolved_source=chain_parent_commitment resolved_hash=d75b74ab next_source=chain_parent_commitment next_hash=d75b74ab got_hash= authority=chain hash_mode=legacy
[SYNC-SCHEDULED-UPDATES] stage=idle provider= current_height=3138 step=snapshot_epoch_validators_done update_height=3138 due_transition=false defer_for_sync=false update_blocked=false planned_only=false updated=false processed_adds=0 processed_removes=0 next_transition_height=0 transition_validators=4 next_validators=4
[SYNC-COMMIT-PHASE] node=D stage=idle provider= height=3138 local=3138 phase=apply_scheduled_updates_done
[SYNC-COMMIT-PHASE] node=D stage=idle provider= height=3138 local=3138 phase=snapshot_epoch_validators_begin
[REGISTRY-PENDING] height=3139 chain_height=3138 reason=future_parent
[SET-PENDING] height=3140 chain_height=3138 reason=future_height
Heartbeat sent: D finalized=3138 epoch=3139
Validator heartbeat received: A | reported_height=3138 | finalized_height=3137 | local_exec_epoch=3139
Validator heartbeat: A | reported_height=3138 | finalized_height=3138 | local_exec_epoch=3139
[SYNC-COMMIT-PHASE] node=D stage=idle provider= height=3138 local=3138 phase=snapshot_epoch_validators_done
[SYNC-COMMIT-PHASE] node=D stage=idle provider= height=3138 local=3138 phase=start_next_round_begin
[SYNC-COMMIT-PHASE] node=D stage=idle provider= height=3138 local=3138 phase=start_next_round_done
[SYNC-COMMIT-PHASE] node=D stage=idle provider= height=3138 local=3138 phase=clear_exec_results_begin
[SYNC-COMMIT-PHASE] node=D stage=idle provider= height=3138 local=3138 phase=clear_exec_results_done
[SYNC-COMMIT-PHASE] node=D stage=idle provider= height=3138 local=3138 phase=update_validator_metrics_begin
[SYNC-COMMIT-PHASE] node=D stage=idle provider= height=3138 local=3138 phase=update_validator_metrics_done
[SYNC-COMMIT-PHASE] node=D stage=idle provider= height=3138 local=3138 phase=enter_safe_mode_begin
[SYNC-COMMIT-PHASE] node=D stage=idle provider= height=3138 local=3138 phase=enter_safe_mode_done
[SYNC-COMMIT-PHASE] node=D stage=idle provider= height=3138 local=3138 phase=ensure_tip_snapshot_begin
[SYNC-COMMIT-PHASE] node=D stage=idle provider= height=3138 local=3138 phase=ensure_tip_snapshot_done
ðŸ§¹ Pruning snapshot @ height 2137
Pruning validator registry snapshot @ height 2137
Heartbeat sent: D finalized=3138 epoch=3139
Pruning validator registry snapshot @ height 2137
Validator heartbeat received: A | reported_height=3138 | finalized_height=3138 | local_exec_epoch=3139
2026/05/20 23:22:07 [VOTE-STALE-ACCEPT] reason=committed_proposal_unresolved signer=C height=3138 round=0 vote_block=82abb11e exec=7682f66f tx_merkle=
[LEADER-BLOCK-REJECT] height=3138 reason=wrong_epoch local_epoch=3139 peer= proposer=A block=82abb11e
[LEADER-BLOCK-REJECT] height=3138 reason=wrong_epoch local_epoch=3139 peer=12D3KooWPVKESWFG9sS8G6vjhfPn54kWuNFkkuHwG4yQXhYRcXjX proposer=A block=82abb11e
[LEADER-BLOCK-REJECT] height=3138 reason=wrong_epoch local_epoch=3139 peer=12D3KooWPVKESWFG9sS8G6vjhfPn54kWuNFkkuHwG4yQXhYRcXjX proposer=A block=82abb11e
[SET-COMMITMENT-APPLY] height=3139 source=chain_parent_commitment mode=legacy hash=d75b74ab
[SYNC-COMMIT-PHASE] node=D stage=idle provider= height=3138 local=3138 phase=prune_snapshots_done
[SYNC-COMMIT-PHASE] node=D stage=idle provider= height=3138 local=3138 phase=publish_required_snapshot_begin
[SYNC-COMMIT-PHASE] node=D stage=idle provider= height=3138 local=3138 phase=publish_required_snapshot_done
[COMMIT] node=D h=3138 hash=d118a250 by=A type=TIME txs=0
[SYNC-COMMIT-PHASE] node=D stage=idle provider= height=3138 local=3138 phase=commit_log_done
[SYNC-COMMIT-PHASE] node=D stage=idle provider= height=3138 local=3138 phase=touch_signers_begin
[SYNC-COMMIT-PHASE] node=D stage=idle provider= height=3138 local=3138 phase=touch_signers_done
[SYNC-COMMIT-PHASE] node=D stage=idle provider= height=3138 local=3138 phase=maybe_exit_sync_begin
[SYNC-COMMIT-PHASE] node=D stage=idle provider= height=3138 local=3138 phase=done
Validator heartbeat received: B | reported_height=3138 | finalized_height=3138 | local_exec_epoch=3139
Validator heartbeat: A | reported_height=3138 | finalized_height=3137 | local_exec_epoch=3139
2026/05/20 23:22:07 [EXEC-PROPOSAL-SELECT] height=3139 reason=observed prev_round=0 prev_block= round=0 block=1fe6fd63 voters=0 force=false
Validator heartbeat received: A | reported_height=3138 | finalized_height=3137 | local_exec_epoch=3139
Validator heartbeat: A | reported_height=3138 | finalized_height=3138 | local_exec_epoch=3139
[PARTICIPATION-GATE] validator=D height=3139 reason=activation_pending_not_in_frozen_set
2026/05/20 23:22:08 [EXEC-BROADCAST-DEFER] validator=D height=3139 reason=activation_pending_not_in_frozen_set trigger=leader_block block=1fe6fd63 prev=d118a250
[LEADER-BLOCK-REJECT] height=3139 round=0 reason=duplicate_proposal peer=12D3KooWPVKESWFG9sS8G6vjhfPn54kWuNFkkuHwG4yQXhYRcXjX proposer=C block=1fe6fd63
Validator heartbeat received: A | reported_height=3138 | finalized_height=3138 | local_exec_epoch=3139
[REGISTRY-COMMITMENT-CHECK] height=3139 required=true parent_unanchored=false source=chain_parent_commitment expected=9cd32df6 got=9cd32df6
[EXEC-HASH] hint=3139 from=C exec=da497ead
Execution hash received: C @ epoch 3139
2026/05/20 23:22:09 [VOTE-ACCEPT] reason=recorded signer=C height=3139 round=0 vote_block=1fe6fd63 current_block=1fe6fd63 proposal=3139|0|1fe6fd638d7b228f2adb786bafb329ff43f7cd8fd43b95d315bd5ec3c0a21afd||da497eaded0fc74b1415def0220f5420c2fdb34ae23d9d1f4f9ba4c349013c77 exec=da497ead tx_merkle= votes=1 required=3
[EXEC-POOL] epoch=3139 hash=da497ead voters=1/4
[EXEC-QUORUM] epoch=3139 required=3 total=4 votes=1
Ã°Å¸â€œÂ¨ Consensus message from 12D3KooWPVKESWFG9sS8G6vjhfPn54kWuNFkkuHwG4yQXhYRcXjX: execution_result (size: 359 bytes)
Ã°Å¸â€Å’ Consensus stream EOF from 12D3KooWPVKESWFG9sS8G6vjhfPn54kWuNFkkuHwG4yQXhYRcXjX
Ã°Å¸â€Å’ Consensus stream closed with 12D3KooWPVKESWFG9sS8G6vjhfPn54kWuNFkkuHwG4yQXhYRcXjX
[REGISTRY-COMMITMENT-CHECK] height=3139 required=true parent_unanchored=false source=chain_parent_commitment expected=9cd32df6 got=9cd32df6
[EXEC-HASH] hint=3139 from=B exec=da497ead
Execution hash received: B @ epoch 3139
Heartbeat sent: D finalized=3138 epoch=3139
2026/05/20 23:22:09 [VOTE-ACCEPT] reason=recorded signer=B height=3139 round=0 vote_block=1fe6fd63 current_block=1fe6fd63 proposal=3139|0|1fe6fd638d7b228f2adb786bafb329ff43f7cd8fd43b95d315bd5ec3c0a21afd||da497eaded0fc74b1415def0220f5420c2fdb34ae23d9d1f4f9ba4c349013c77 exec=da497ead tx_merkle= votes=2 required=3
[EXEC-POOL] epoch=3139 hash=da497ead voters=2/4
[EXEC-QUORUM] epoch=3139 required=3 total=4 votes=2
[LEADER-BLOCK-REJECT] height=3139 round=0 reason=duplicate_proposal peer=12D3KooWHdmUKc1bYKY3scg6TqGhK3SutwH9hu1aAez4VmvwkEyk proposer=C block=1fe6fd63
[LEADER-BLOCK-REJECT] height=3139 round=0 reason=duplicate_proposal peer=12D3KooWD9ed8zJXbW8uUU6XHD2UYrsQQEvnuXReJWFeo52dvdf8 proposer=C block=1fe6fd63
[LEADER-BLOCK-REJECT] height=3139 round=0 reason=duplicate_proposal peer= proposer=C block=1fe6fd63
Validator heartbeat: B | reported_height=3139 | finalized_height=3139 | local_exec_epoch=3140
Validator heartbeat: B | reported_height=3139 | finalized_height=3139 | local_exec_epoch=3140
[REGISTRY-COMMITMENT-CHECK] height=3139 required=true parent_unanchored=false source=chain_parent_commitment expected=9cd32df6 got=9cd32df6
2026/05/20 23:22:09 [VOTE-DROP] reason=replay_cache signer=C height=3139 round=0 vote_block=1fe6fd63 current_block=1fe6fd63 proposal=3139|0|1fe6fd638d7b228f2adb786bafb329ff43f7cd8fd43b95d315bd5ec3c0a21afd||da497eaded0fc74b1415def0220f5420c2fdb34ae23d9d1f4f9ba4c349013c77 exec=da497ead tx_merkle=
[REGISTRY-COMMITMENT-CHECK] height=3139 required=true parent_unanchored=false source=chain_parent_commitment expected=9cd32df6 got=9cd32df6
2026/05/20 23:22:10 [VOTE-DROP] reason=replay_cache signer=B height=3139 round=0 vote_block=1fe6fd63 current_block=1fe6fd63 proposal=3139|0|1fe6fd638d7b228f2adb786bafb329ff43f7cd8fd43b95d315bd5ec3c0a21afd||da497eaded0fc74b1415def0220f5420c2fdb34ae23d9d1f4f9ba4c349013c77 exec=da497ead tx_merkle=
[LEADER-BLOCK-REJECT] height=3139 round=0 reason=duplicate_proposal peer= proposer=C block=1fe6fd63
Validator heartbeat received: B | reported_height=3139 | finalized_height=3139 | local_exec_epoch=3140
Validator heartbeat: C | reported_height=3139 | finalized_height=3139 | local_exec_epoch=3140
Validator heartbeat received: B | reported_height=3139 | finalized_height=3139 | local_exec_epoch=3140
Ã°Å¸â€œÂ¨ Consensus message from 12D3KooWD9ed8zJXbW8uUU6XHD2UYrsQQEvnuXReJWFeo52dvdf8: leader_block (size: 1311 bytes)
Ã°Å¸â€œÂ¦ Leader block received from 12D3KooWD9ed8zJXbW8uUU6XHD2UYrsQQEvnuXReJWFeo52dvdf8 | height=3140 proposer=C
Ã°Å¸â€Å’ Consensus stream EOF from 12D3KooWD9ed8zJXbW8uUU6XHD2UYrsQQEvnuXReJWFeo52dvdf8
Ã°Å¸â€Å’ Consensus stream closed with 12D3KooWD9ed8zJXbW8uUU6XHD2UYrsQQEvnuXReJWFeo52dvdf8
[REGISTRY-COMMITMENT-CHECK] height=3139 required=true parent_unanchored=false source=chain_parent_commitment expected=9cd32df6 got=9cd32df6
Validator heartbeat: C | reported_height=3139 | finalized_height=3139 | local_exec_epoch=3140
Ã°Å¸â€œÂ¨ Consensus message from 12D3KooWD9ed8zJXbW8uUU6XHD2UYrsQQEvnuXReJWFeo52dvdf8: execution_result (size: 359 bytes)
Ã°Å¸â€Å’ Consensus stream EOF from 12D3KooWD9ed8zJXbW8uUU6XHD2UYrsQQEvnuXReJWFeo52dvdf8
Ã°Å¸â€Å’ Consensus stream closed with 12D3KooWD9ed8zJXbW8uUU6XHD2UYrsQQEvnuXReJWFeo52dvdf8
[EXEC-HASH] hint=3139 from=A exec=da497ead
Execution hash received: A @ epoch 3139
Ã°Å¸â€œÂ¨ Consensus message from 12D3KooWHdmUKc1bYKY3scg6TqGhK3SutwH9hu1aAez4VmvwkEyk: execution_result (size: 359 bytes)
[SNAPSHOT-PUBLISH] deferred height=3138 reason=auto_publish_interval_10
Ã°Å¸â€Å’ Consensus stream EOF from 12D3KooWHdmUKc1bYKY3scg6TqGhK3SutwH9hu1aAez4VmvwkEyk
Ã°Å¸â€Å’ Consensus stream closed with 12D3KooWHdmUKc1bYKY3scg6TqGhK3SutwH9hu1aAez4VmvwkEyk
2026/05/20 23:22:11 [VOTE-ACCEPT] reason=recorded signer=A height=3139 round=0 vote_block=1fe6fd63 current_block=1fe6fd63 proposal=3139|0|1fe6fd638d7b228f2adb786bafb329ff43f7cd8fd43b95d315bd5ec3c0a21afd||da497eaded0fc74b1415def0220f5420c2fdb34ae23d9d1f4f9ba4c349013c77 exec=da497ead tx_merkle= votes=3 required=3
[EXEC-POOL] epoch=3139 hash=da497ead voters=3/4
[EXEC-QUORUM] epoch=3139 required=3 total=4 votes=3
Execution quorum reached (hash=da497ead votes=3/4)
2026/05/20 23:22:11 [EXEC-PRECOMMIT] height=3139 reason=quorum_precommit prev_round=0 prev_block= round=0 block=1fe6fd63 votes=3 required=3
Heartbeat sent: D finalized=3138 epoch=3139
Ã°Å¸â€œÂ¨ Consensus message from 12D3KooWD9ed8zJXbW8uUU6XHD2UYrsQQEvnuXReJWFeo52dvdf8: leader_block (size: 1311 bytes)
Ã°Å¸â€œÂ¦ Leader block received from 12D3KooWD9ed8zJXbW8uUU6XHD2UYrsQQEvnuXReJWFeo52dvdf8 | height=3140 proposer=C
Ã°Å¸â€Å’ Consensus stream EOF from 12D3KooWD9ed8zJXbW8uUU6XHD2UYrsQQEvnuXReJWFeo52dvdf8
Ã°Å¸â€Å’ Consensus stream closed with 12D3KooWD9ed8zJXbW8uUU6XHD2UYrsQQEvnuXReJWFeo52dvdf8
[REGISTRY-COMMITMENT-CHECK] height=3139 required=true parent_unanchored=false source=chain_parent_commitment expected=9cd32df6 got=9cd32df6
[REGISTRY-PENDING] height=3139 chain_height=3138 reason=future_parent
[SET-PENDING] height=3140 chain_height=3138 reason=future_height
[REGISTRY-COMMITMENT-CHECK] height=3139 required=true parent_unanchored=false source=chain_parent_commitment expected=9cd32df6 got=9cd32df6
[REGISTRY-COMMITMENT-CHECK] height=3139 required=true parent_unanchored=false source=chain_parent_commitment expected=9cd32df6 got=9cd32df6
2026/05/20 23:22:13 [EXEC-COMMIT] height=3139 reason=precommit_quorum round=0 block=756dae2a votes=3 required=3 precommits=3
[REGISTRY-COMMITMENT-CHECK] height=3139 required=true parent_unanchored=false source=chain_parent_commitment expected=9cd32df6 got=9cd32df6
[REGISTRY-PRECOMMIT] height=3139 source=committed_carry_forward header=9cd32df6 resolved=9cd32df6 validators=4
[SYNC-COMMIT-PHASE] node=D stage=idle provider= height=3139 local=3138 phase=process_block_begin
Validator heartbeat received: C | reported_height=3139 | finalized_height=3139 | local_exec_epoch=3140
[SNAPSHOT-PUBLISH] deferred height=3139 reason=auto_publish_interval_10
[SYNC-COMMIT-PHASE] node=D stage=idle provider= height=3139 local=3139 phase=process_block_committed
[SYNC-COMMIT-PHASE] node=D stage=idle provider= height=3139 local=3139 phase=post_block_effects_begin
âœ… Height finalized â†’ 3140
[EMISSION] h=3139 reward=3 treasury=1 validators=2 burn=0 applied_burn=0 chance_bps=10000
[SYNC-COMMIT-PHASE] node=D stage=idle provider= height=3139 local=3139 phase=post_block_effects_done
[SYNC-COMMIT-PHASE] node=D stage=idle provider= height=3139 local=3139 phase=persist_registry_begin
Validator heartbeat received: C | reported_height=3139 | finalized_height=3139 | local_exec_epoch=3140
[SYNC-COMMIT-PHASE] node=D stage=idle provider= height=3139 local=3139 phase=persist_registry_done
[SYNC-COMMIT-PHASE] node=D stage=idle provider= height=3139 local=3139 phase=apply_validator_updates_begin
[SYNC-COMMIT-PHASE] node=D stage=idle provider= height=3139 local=3139 phase=apply_validator_updates_done
[SYNC-COMMIT-PHASE] node=D stage=idle provider= height=3139 local=3139 phase=observe_candidates_begin
[SYNC-COMMIT-PHASE] node=D stage=idle provider= height=3139 local=3139 phase=observe_candidates_done
[SYNC-COMMIT-PHASE] node=D stage=idle provider= height=3139 local=3139 phase=apply_validator_update_txs_begin
[SYNC-COMMIT-PHASE] node=D stage=idle provider= height=3139 local=3139 phase=apply_validator_update_txs_done
[SYNC-COMMIT-PHASE] node=D stage=idle provider= height=3139 local=3139 phase=apply_scheduled_updates_begin
[SYNC-SCHEDULED-UPDATES] stage=idle provider= current_height=3139 step=queue_inactive_removals_begin update_height=3139 due_transition=false defer_for_sync=false update_blocked=false planned_only=false updated=false processed_adds=0 processed_removes=0 next_transition_height=0 transition_validators=0 next_validators=0
[SYNC-CLEAR] reason=up_to_date local=3139 target=0
[SYNC-SCHEDULED-UPDATES] stage=idle provider= current_height=3139 step=queue_inactive_removals_done update_height=3139 due_transition=false defer_for_sync=false update_blocked=false planned_only=false updated=false processed_adds=0 processed_removes=0 next_transition_height=0 transition_validators=0 next_validators=0
[SYNC-SCHEDULED-UPDATES] stage=idle provider= current_height=3139 step=sync_gate_snapshot_state_begin update_height=3139 due_transition=false defer_for_sync=false update_blocked=false planned_only=false updated=false processed_adds=0 processed_removes=0 next_transition_height=0 transition_validators=0 next_validators=0
[SYNC-SCHEDULED-UPDATES] stage=idle provider= current_height=3139 step=sync_gate_snapshot_state_done update_height=3139 due_transition=false defer_for_sync=false update_blocked=false planned_only=false updated=false processed_adds=0 processed_removes=0 next_transition_height=0 transition_validators=0 next_validators=0
[SYNC-SCHEDULED-UPDATES] stage=idle provider= current_height=3139 step=apply_queued_set_update_begin update_height=3139 due_transition=false defer_for_sync=false update_blocked=false planned_only=false updated=false processed_adds=0 processed_removes=0 next_transition_height=0 transition_validators=0 next_validators=0
[SYNC-SCHEDULED-UPDATES] stage=idle provider= current_height=3139 step=apply_queued_set_update_done update_height=3139 due_transition=false defer_for_sync=false update_blocked=false planned_only=false updated=false processed_adds=0 processed_removes=0 next_transition_height=0 transition_validators=0 next_validators=0
[SYNC-SCHEDULED-UPDATES] stage=idle provider= current_height=3139 step=validator_set_lock_begin update_height=3139 due_transition=false defer_for_sync=false update_blocked=false planned_only=false updated=false processed_adds=0 processed_removes=0 next_transition_height=0 transition_validators=0 next_validators=0
[SYNC-SCHEDULED-UPDATES] stage=idle provider= current_height=3139 step=validator_set_lock_acquired update_height=3139 due_transition=false defer_for_sync=false update_blocked=false planned_only=false updated=false processed_adds=0 processed_removes=0 next_transition_height=0 transition_validators=0 next_validators=0
[SYNC-SCHEDULED-UPDATES] stage=idle provider= current_height=3139 step=compute_next_transition_height_begin update_height=3139 due_transition=false defer_for_sync=false update_blocked=false planned_only=false updated=false processed_adds=0 processed_removes=0 next_transition_height=0 transition_validators=0 next_validators=0
[SYNC-SCHEDULED-UPDATES] stage=idle provider= current_height=3139 step=compute_next_transition_height_done update_height=3139 due_transition=false defer_for_sync=false update_blocked=false planned_only=false updated=false processed_adds=0 processed_removes=0 next_transition_height=0 transition_validators=0 next_validators=0
[SYNC-SCHEDULED-UPDATES] stage=idle provider= current_height=3139 step=due_transition_eval_begin update_height=3139 due_transition=false defer_for_sync=false update_blocked=false planned_only=false updated=false processed_adds=0 processed_removes=0 next_transition_height=0 transition_validators=0 next_validators=0
[SYNC-SCHEDULED-UPDATES] stage=idle provider= current_height=3139 step=due_transition_eval_done update_height=3139 due_transition=false defer_for_sync=false update_blocked=false planned_only=false updated=false processed_adds=0 processed_removes=0 next_transition_height=0 transition_validators=0 next_validators=0
[SYNC-SCHEDULED-UPDATES] stage=idle provider= current_height=3139 step=defer_for_sync_eval_begin update_height=3139 due_transition=false defer_for_sync=false update_blocked=false planned_only=false updated=false processed_adds=0 processed_removes=0 next_transition_height=0 transition_validators=0 next_validators=0
[SYNC-SCHEDULED-UPDATES] stage=idle provider= current_height=3139 step=defer_for_sync_eval_done update_height=3139 due_transition=false defer_for_sync=false update_blocked=false planned_only=false updated=false processed_adds=0 processed_removes=0 next_transition_height=0 transition_validators=0 next_validators=0
[SYNC-SCHEDULED-UPDATES] stage=idle provider= current_height=3139 step=scheduled_transition_validators_begin update_height=3139 due_transition=false defer_for_sync=false update_blocked=false planned_only=false updated=false processed_adds=0 processed_removes=0 next_transition_height=0 transition_validators=0 next_validators=0
[SYNC-SCHEDULED-UPDATES] stage=idle provider= current_height=3139 step=scheduled_transition_validators_done update_height=3139 due_transition=false defer_for_sync=false update_blocked=false planned_only=false updated=false processed_adds=0 processed_removes=0 next_transition_height=0 transition_validators=4 next_validators=0
[SYNC-SCHEDULED-UPDATES] stage=idle provider= current_height=3139 step=build_next_validators_begin update_height=3139 due_transition=false defer_for_sync=false update_blocked=false planned_only=false updated=false processed_adds=0 processed_removes=0 next_transition_height=0 transition_validators=4 next_validators=0
[SYNC-SCHEDULED-UPDATES] stage=idle provider= current_height=3139 step=build_next_validators_done update_height=3139 due_transition=false defer_for_sync=false update_blocked=false planned_only=false updated=false processed_adds=0 processed_removes=0 next_transition_height=0 transition_validators=4 next_validators=4
[SYNC-SCHEDULED-UPDATES] stage=idle provider= current_height=3139 step=transition_quorum_begin update_height=3139 due_transition=false defer_for_sync=false update_blocked=false planned_only=false updated=false processed_adds=0 processed_removes=0 next_transition_height=0 transition_validators=4 next_validators=4
[SYNC-SCHEDULED-UPDATES] stage=idle provider= current_height=3139 step=transition_quorum_done update_height=3139 due_transition=false defer_for_sync=false update_blocked=false planned_only=false updated=false processed_adds=0 processed_removes=0 next_transition_height=0 transition_validators=4 next_validators=4
[SYNC-SCHEDULED-UPDATES] stage=idle provider= current_height=3139 step=transition_plan_write_begin update_height=3139 due_transition=false defer_for_sync=false update_blocked=false planned_only=false updated=false processed_adds=0 processed_removes=0 next_transition_height=0 transition_validators=4 next_validators=4
[SYNC-SCHEDULED-UPDATES] stage=idle provider= current_height=3139 step=transition_plan_write_done update_height=3139 due_transition=false defer_for_sync=false update_blocked=false planned_only=false updated=false processed_adds=0 processed_removes=0 next_transition_height=0 transition_validators=4 next_validators=4
[SYNC-SCHEDULED-UPDATES] stage=idle provider= current_height=3139 step=finalize_pending_maps_begin update_height=3139 due_transition=false defer_for_sync=false update_blocked=false planned_only=false updated=false processed_adds=0 processed_removes=0 next_transition_height=0 transition_validators=4 next_validators=4
[SYNC-SCHEDULED-UPDATES] stage=idle provider= current_height=3139 step=finalize_pending_maps_done update_height=3139 due_transition=false defer_for_sync=false update_blocked=false planned_only=false updated=false processed_adds=0 processed_removes=0 next_transition_height=0 transition_validators=4 next_validators=4
[SYNC-SCHEDULED-UPDATES] stage=idle provider= current_height=3139 step=active_transition_heights_begin update_height=3139 due_transition=false defer_for_sync=false update_blocked=false planned_only=false updated=false processed_adds=0 processed_removes=0 next_transition_height=0 transition_validators=4 next_validators=4
[SYNC-SCHEDULED-UPDATES] stage=idle provider= current_height=3139 step=active_transition_heights_done update_height=3139 due_transition=false defer_for_sync=false update_blocked=false planned_only=false updated=false processed_adds=0 processed_removes=0 next_transition_height=0 transition_validators=4 next_validators=4
[SYNC-SCHEDULED-UPDATES] stage=idle provider= current_height=3139 step=validator_set_unlock update_height=3139 due_transition=false defer_for_sync=false update_blocked=false planned_only=false updated=false processed_adds=0 processed_removes=0 next_transition_height=0 transition_validators=4 next_validators=4
[SYNC-SCHEDULED-UPDATES] stage=idle provider= current_height=3139 step=retry_clear_begin update_height=3139 due_transition=false defer_for_sync=false update_blocked=false planned_only=false updated=false processed_adds=0 processed_removes=0 next_transition_height=0 transition_validators=4 next_validators=4
[SYNC-SCHEDULED-UPDATES] stage=idle provider= current_height=3139 step=retry_clear_done update_height=3139 due_transition=false defer_for_sync=false update_blocked=false planned_only=false updated=false processed_adds=0 processed_removes=0 next_transition_height=0 transition_validators=4 next_validators=4
[SYNC-SCHEDULED-UPDATES] stage=idle provider= current_height=3139 step=prune_retry_begin update_height=3139 due_transition=false defer_for_sync=false update_blocked=false planned_only=false updated=false processed_adds=0 processed_removes=0 next_transition_height=0 transition_validators=4 next_validators=4
[SYNC-SCHEDULED-UPDATES] stage=idle provider= current_height=3139 step=prune_retry_done update_height=3139 due_transition=false defer_for_sync=false update_blocked=false planned_only=false updated=false processed_adds=0 processed_removes=0 next_transition_height=0 transition_validators=4 next_validators=4
[SYNC-SCHEDULED-UPDATES] stage=idle provider= current_height=3139 step=onboarding_tracker_begin update_height=3139 due_transition=false defer_for_sync=false update_blocked=false planned_only=false updated=false processed_adds=0 processed_removes=0 next_transition_height=0 transition_validators=4 next_validators=4
[SYNC-SCHEDULED-UPDATES] stage=idle provider= current_height=3139 step=onboarding_tracker_done update_height=3139 due_transition=false defer_for_sync=false update_blocked=false planned_only=false updated=false processed_adds=0 processed_removes=0 next_transition_height=0 transition_validators=4 next_validators=4
[SYNC-SCHEDULED-UPDATES] stage=idle provider= current_height=3139 step=broadcast_validator_info_begin update_height=3139 due_transition=false defer_for_sync=false update_blocked=false planned_only=false updated=false processed_adds=0 processed_removes=0 next_transition_height=0 transition_validators=4 next_validators=4
[SYNC-SCHEDULED-UPDATES] stage=idle provider= current_height=3139 step=broadcast_validator_info_done update_height=3139 due_transition=false defer_for_sync=false update_blocked=false planned_only=false updated=false processed_adds=0 processed_removes=0 next_transition_height=0 transition_validators=4 next_validators=4
[SYNC-SCHEDULED-UPDATES] stage=idle provider= current_height=3139 step=final_update_log_begin update_height=3139 due_transition=false defer_for_sync=false update_blocked=false planned_only=false updated=false processed_adds=0 processed_removes=0 next_transition_height=0 transition_validators=4 next_validators=4
[SYNC-SCHEDULED-UPDATES] stage=idle provider= current_height=3139 step=final_update_log_done update_height=3139 due_transition=false defer_for_sync=false update_blocked=false planned_only=false updated=false processed_adds=0 processed_removes=0 next_transition_height=0 transition_validators=4 next_validators=4
[SYNC-SCHEDULED-UPDATES] stage=idle provider= current_height=3139 step=snapshot_epoch_validators_begin update_height=3139 due_transition=false defer_for_sync=false update_blocked=false planned_only=false updated=false processed_adds=0 processed_removes=0 next_transition_height=0 transition_validators=4 next_validators=4
[SYNC-SCHEDULED-UPDATES] stage=idle provider= current_height=3139 step=snapshot_epoch_validators_done update_height=3139 due_transition=false defer_for_sync=false update_blocked=false planned_only=false updated=false processed_adds=0 processed_removes=0 next_transition_height=0 transition_validators=4 next_validators=4
[SYNC-COMMIT-PHASE] node=D stage=idle provider= height=3139 local=3139 phase=apply_scheduled_updates_done
[SYNC-COMMIT-PHASE] node=D stage=idle provider= height=3139 local=3139 phase=snapshot_epoch_validators_begin
[SYNC-COMMIT-PHASE] node=D stage=idle provider= height=3139 local=3139 phase=snapshot_epoch_validators_done
[SYNC-COMMIT-PHASE] node=D stage=idle provider= height=3139 local=3139 phase=start_next_round_begin
[SYNC-COMMIT-PHASE] node=D stage=idle provider= height=3139 local=3139 phase=start_next_round_done
[SYNC-COMMIT-PHASE] node=D stage=idle provider= height=3139 local=3139 phase=clear_exec_results_begin
[SYNC-COMMIT-PHASE] node=D stage=idle provider= height=3139 local=3139 phase=clear_exec_results_done
[REGISTRY-PENDING] height=3140 chain_height=3139 reason=future_parent
[SET-PENDING] height=3141 chain_height=3139 reason=future_height
[SYNC-COMMIT-PHASE] node=D stage=idle provider= height=3139 local=3139 phase=update_validator_metrics_begin
[SYNC-COMMIT-PHASE] node=D stage=idle provider= height=3139 local=3139 phase=update_validator_metrics_done
[SYNC-COMMIT-PHASE] node=D stage=idle provider= height=3139 local=3139 phase=enter_safe_mode_begin
Heartbeat sent: D finalized=3139 epoch=3140
Validator heartbeat: A | reported_height=3139 | finalized_height=3138 | local_exec_epoch=3140
[PARTICIPATION-GATE] validator=D height=3140 reason=activation_pending_not_in_frozen_set
Validator heartbeat: A | reported_height=3139 | finalized_height=3138 | local_exec_epoch=3140
[SYNC-COMMIT-PHASE] node=D stage=idle provider= height=3139 local=3139 phase=enter_safe_mode_done
[SYNC-COMMIT-PHASE] node=D stage=idle provider= height=3139 local=3139 phase=ensure_tip_snapshot_begin
[SYNC-COMMIT-PHASE] node=D stage=idle provider= height=3139 local=3139 phase=ensure_tip_snapshot_done
ðŸ§¹ Pruning snapshot @ height 2138
Pruning validator registry snapshot @ height 2138
Pruning validator registry snapshot @ height 2138
Validator heartbeat received: A | reported_height=3139 | finalized_height=3138 | local_exec_epoch=3140
[SYNC-COMMIT-PHASE] node=D stage=idle provider= height=3139 local=3139 phase=prune_snapshots_done
[SYNC-COMMIT-PHASE] node=D stage=idle provider= height=3139 local=3139 phase=publish_required_snapshot_begin
[SYNC-COMMIT-PHASE] node=D stage=idle provider= height=3139 local=3139 phase=publish_required_snapshot_done
[COMMIT] node=D h=3139 hash=756dae2a by=C type=TIME txs=0
[SYNC-COMMIT-PHASE] node=D stage=idle provider= height=3139 local=3139 phase=commit_log_done
[SYNC-COMMIT-PHASE] node=D stage=idle provider= height=3139 local=3139 phase=touch_signers_begin
[SYNC-COMMIT-PHASE] node=D stage=idle provider= height=3139 local=3139 phase=touch_signers_done
[SYNC-COMMIT-PHASE] node=D stage=idle provider= height=3139 local=3139 phase=maybe_exit_sync_begin
[SYNC-COMMIT-PHASE] node=D stage=idle provider= height=3139 local=3139 phase=done
Validator heartbeat: A | reported_height=3139 | finalized_height=3139 | local_exec_epoch=3140
Validator heartbeat received: A | reported_height=3139 | finalized_height=3138 | local_exec_epoch=3140
Validator heartbeat: A | reported_height=3139 | finalized_height=3139 | local_exec_epoch=3140
