CHAIN config loaded: chain_id=91938 moniker=Mainnet-Node-1 genesis_path=genesis.json genesis_hash=bcfca8ea5bca4a07d4a32b1f8fe1770316615962bb3487c1fcf3c2dca6a17405
P2P config loaded: listen= external= seeds=4 persistent=4 persist_peer_id_refresh=false
P2P config loaded: persist_peer_id_refresh=false (explicit)
P2P config loaded: prune_localhost_on_refused=true (explicit)
P2P config loaded: prune_localhost_refused_failures=3 (explicit)
CONSENSUS config loaded: propose=3s prevote=1s precommit=1s commit=5s min_block_interval=4s recompute_pause=4s weak_subjectivity_depth=2048 max_future_gap=256 validator_set_commitment_v2_height=1 validator_set_hash_v3_height=0 deterministic_tx_order=true round_timeout=2s round_max=0 round_skew=1 barrier_relax=1m0s barrier_drop=1 barrier_retry_mode=per_block exec_quorum_emergency=true penalty_mode=converged_only invalid_proposer_q=4 exec_mismatch_q=3 exec_mismatch_slash=5 propose_requires_sync_ready=true post_block_safe_mode=true safe_mode_min=2s safe_mode_max=8s safe_mode_history=32 safe_mode_live_quorum_bps=6700
CONSENSUS config loaded: weak_subjectivity_depth=2048 (explicit)
CONSENSUS config loaded: max_future_block_gap=256 (explicit)
CONSENSUS config loaded: validator_set_commitment_v2_height=1 (explicit)
CONSENSUS config loaded: enforce_deterministic_tx_order=true (explicit)
CONSENSUS config loaded: proposer_round_timeout_seconds=2 (explicit)
CONSENSUS config loaded: proposer_round_max_skew=1 (explicit)
CONSENSUS config loaded: transition_barrier_relax_seconds=60 (explicit)
CONSENSUS config loaded: transition_barrier_max_drop=1 (explicit)
CONSENSUS config loaded: transition_barrier_retry_mode=per_block (explicit)
CONSENSUS config loaded: exec_quorum_emergency_enabled=true (explicit)
CONSENSUS config loaded: penalty_enforce_mode=converged_only (explicit)
CONSENSUS config loaded: invalid_proposer_quarantine_after=4 (explicit)
CONSENSUS config loaded: exec_mismatch_quarantine_after=3 (explicit)
CONSENSUS config loaded: exec_mismatch_slash_after=5 (explicit)
CONSENSUS config loaded: propose_requires_sync_ready=true (explicit)
CONSENSUS config loaded: core_pending_excluded_from_proposer=true (explicit)
CONSENSUS config loaded: core_activation_effective_height_buffer=64 (explicit)
CONSENSUS config loaded: post_block_safe_mode_enabled=true (explicit)
CONSENSUS config loaded: post_block_safe_mode_min_seconds=2 (explicit)
CONSENSUS config loaded: post_block_safe_mode_max_seconds=8 (explicit)
CONSENSUS config loaded: post_block_safe_mode_history_blocks=32 (explicit)
CONSENSUS config loaded: post_block_safe_mode_live_quorum_bps=6700 (explicit)
RPC config loaded: addr=127.0.0.1:26657 cors=[*] tls_cert=false tls_key=false auth_read=false auth_submit=false token_full=false token_read=false token_submit=false
VALIDATOR config loaded: dynamic=true deterministic=true equal_chance=true active_set=5 min_active=4 min_stake=100 cap=0.0500 uptime_window=1000 recovery=0.30 long_uptime=0.95 require_stake=true core_stake_exempt=true onboarding_grace_blocks=64 onboarding_max_new_slots=1 onboarding_strict_activation=true activation_delay=5 activation_model_v2_height=0 inactive_remove_blocks=8 rotation_window=50 banned=0 inactivity_penalty=true burn_bps=100 jail=500 cooldown=50 inactive_permanent=false heartbeat_ttl=25s grace=10s drift_blocks=8 rejoin_heartbeats=3 rejoin_signed=1 rejoin_window=16 fail_on_key_unavailable=true allow_identity_rotation=false active_set_mode=adaptive_committee max_active_committee=512 adaptive_log_mult=16 committee_rotation=32 activity_window=64 min_signed=1 heartbeat_scope=committee_only required_key_fingerprint= backup_required=true backup_dir=secure-backups backup_max_age_h=24 restore_on_missing=true allow_env_password_in_production=true password_mode=file_or_prompt
VALIDATOR config loaded: equal_chance_selection=true (explicit)
VALIDATOR config loaded: require_stake=true (explicit)
VALIDATOR config loaded: core_stake_exempt=true (explicit)
VALIDATOR config loaded: inactivity_penalty_enabled=true (explicit)
VALIDATOR config loaded: inactivity_penalty_burn_bps=100 (explicit)
VALIDATOR config loaded: inactivity_penalty_jail_blocks=500 (explicit)
VALIDATOR config loaded: inactivity_penalty_cooldown_blocks=50 (explicit)
VALIDATOR config loaded: permanent_remove_on_inactive=false (explicit)
VALIDATOR config loaded: liveness_heartbeat_ttl_seconds=25 (explicit)
VALIDATOR config loaded: liveness_grace_seconds=10 (explicit)
VALIDATOR config loaded: liveness_max_height_drift_blocks=8 (explicit)
VALIDATOR config loaded: rejoin_required_heartbeats=3 (explicit)
VALIDATOR config loaded: rejoin_required_signed_blocks=1 (explicit)
VALIDATOR config loaded: rejoin_window_blocks=16 (explicit)
VALIDATOR config loaded: fail_on_key_unavailable=true (explicit)
VALIDATOR config loaded: allow_identity_rotation_on_existing_chain=false (explicit)
VALIDATOR config loaded: active_set_mode=adaptive_committee (explicit)
VALIDATOR config loaded: max_active_committee=512 (explicit)
VALIDATOR config loaded: adaptive_committee_log_multiplier=16 (explicit)
VALIDATOR config loaded: committee_rotation_blocks=32 (explicit)
VALIDATOR config loaded: selection_activity_window_blocks=64 (explicit)
VALIDATOR config loaded: selection_min_signed_blocks=1 (explicit)
VALIDATOR config loaded: onboarding_grace_blocks=64 (explicit)
VALIDATOR config loaded: onboarding_max_new_slots=1 (explicit)
VALIDATOR config loaded: onboarding_strict_activation=true (explicit)
VALIDATOR config loaded: validator_set_activation_model_v2_height=0 (explicit)
VALIDATOR config loaded: validator_set_autoheal_mode=validator_quorum (explicit)
VALIDATOR config loaded: validator_set_autoheal_trusted_only_on_mismatch=true (explicit)
VALIDATOR config loaded: validator_set_autoheal_near_tip_force_after=2 (explicit)
VALIDATOR config loaded: validator_set_autoheal_pause_seconds=6 (explicit)
VALIDATOR config loaded: onboarding_bootstrap_lane_enabled=true (explicit)
VALIDATOR config loaded: onboarding_bootstrap_max_new_slots=1 (explicit)
VALIDATOR config loaded: onboarding_bootstrap_require_stake=true (explicit)
VALIDATOR config loaded: onboarding_bootstrap_require_not_jailed=true (explicit)
VALIDATOR config loaded: heartbeat_scope=committee_only (explicit)
VALIDATOR config loaded: required_key_fingerprint= (explicit)
VALIDATOR config loaded: key_backup_required=true (explicit)
VALIDATOR config loaded: key_backup_dir=secure-backups (explicit)
VALIDATOR config loaded: key_backup_max_age_hours=24 (explicit)
VALIDATOR config loaded: key_restore_allowed_on_missing=true (explicit)
VALIDATOR config loaded: allow_env_password_in_production=true (explicit)
VALIDATOR config loaded: core_env_password_allowed=true (explicit)
VALIDATOR config loaded: core_password_file= (explicit)
VALIDATOR config loaded: password_mode=file_or_prompt (explicit)
PROMO config loaded: obs=50 dcs=0.8500 uptime=98.00% div=70.00% div_epochs=20 srp=0.9000 srp_alpha=0.15 rate=1/100 test=false
NET config loaded: disable_dht=false block_public_peers=false diversity=true max_subnet=8 v4=24 v6=64 self_heal=true interval=5s min_peers=3 stall=20s autonat=false relay=false hole_punch=false
NET config loaded: mdns=true
NET config loaded: peer_diversity_enabled=true (explicit)
NET config loaded: peer_diversity_max_per_subnet=8 (explicit)
NET config loaded: peer_diversity_ipv4_prefix=24 (explicit)
NET config loaded: peer_diversity_ipv6_prefix=64 (explicit)
SYNC config loaded: snapshot_threshold_blocks=2000 (explicit)
SYNC config loaded: fresh_join_fallback_block_replay_enabled=true (explicit)
SYNC config loaded: snapshot_publish_new_node_threshold_blocks=50 (explicit)
SYNC config loaded: snapshot_publish_lag_threshold_blocks=20 (explicit)
SYNC config loaded: snapshot_publish_reannounce_cooldown_seconds=12 (explicit)
SYNC config loaded: snapshot_warmup_seconds=10 (explicit)
SYNC config loaded: fast_block_sync_max_blocks=256 (explicit)
SYNC config loaded: restart_snapshot_grace_blocks=256 (explicit)
SYNC config loaded: delta_replay_max_blocks=50000 (explicit)
SYNC config loaded: delta_replay_batch_blocks=1024 (explicit)
SYNC config loaded: delta_replay_verify_workers=8 (explicit)
SYNC config loaded: direct_gossip_max_blocks=128 (explicit)
SYNC config loaded: range_fetch_max_blocks=50000 (explicit)
SYNC config loaded: snapshot_delta_max_blocks=10000000 (explicit)
SYNC config loaded: snapshot_chunk_size_bytes=1048576 (explicit)
SYNC config loaded: snapshot_parallel_chunks=8 (explicit)
SYNC config loaded: sync_stall_seconds=180 (explicit)
SYNC config loaded: sync_peer_timeout_seconds=15 (explicit)
SYNC config loaded: snapshot_anchor_timeout_seconds=10 (explicit)
SYNC config loaded: snapshot_anchor_max_retries=6 (explicit)
SYNC config loaded: checkpoint_interval_blocks=32 (explicit)
SYNC config loaded: snapshot_checkpoint_domain=MSC_SNAPSHOT_V1 (explicit)
SYNC config loaded: snapshot_checkpoint_v2_height=0 (explicit)
SYNC config loaded: snapshot_session_ttl_seconds=0 (explicit)
SYNC config loaded: snapshot_quorum_apply_watchdog_seconds=15 (explicit)
SYNC config loaded: snapshot_session_reset_watchdog_seconds=60 (explicit)
SYNC config loaded: snapshot_invalid_proof_quarantine_after=3 (explicit)
SYNC config loaded: history_mode=background (explicit)
SYNC config loaded: trusted_snapshot_require_checkpoint_proof=true (explicit)
EVM config ignored: stack hard-disabled in this build
DTL config loaded: contract_runtime_removed=true contracts_v2=false compat_rpc_subset=false v2_activation_height=0 logs_index_enabled=true oracle_min_signers=3 oracle_staleness=120 lending_accrual_interval=1 beacon_delay=8 router_enabled=true router_max_hops=4 router_deadline_max_blocks=30 router_max_price_impact_bps=3000 router_quote_max_paths=16 defi_farm_enabled=true gamefi_season_enabled=true gamefi_reward_token=MSC
WARN dtl.solidity_like_runtime_enabled ignored: contract runtime removed
DTL config loaded: contracts_v2_enabled=false (explicit)
DTL config loaded: compat_rpc_subset_enabled=false (explicit)
DTL config loaded: v2_activation_height=0 (explicit)
DTL config loaded: logs_index_enabled=true (explicit)
DTL config loaded: oracle_min_signers=3 (explicit)
DTL config loaded: oracle_max_staleness_blocks=120 (explicit)
DTL config loaded: lending_accrual_interval_blocks=1 (explicit)
DTL config loaded: game_beacon_delay_blocks=8 (explicit)
WARN dtl.max_contract_call_depth ignored: contract runtime removed
WARN dtl.bytecode_runtime_enabled ignored: contract runtime removed
WARN dtl.bytecode_activation_height ignored: contract runtime removed
WARN dtl.bytecode_max_size ignored: contract runtime removed
WARN dtl.bytecode_require_canonical ignored: contract runtime removed
DTL config loaded: router_enabled=true (explicit)
DTL config loaded: router_max_hops=4 (explicit)
DTL config loaded: router_deadline_max_blocks=30 (explicit)
DTL config loaded: router_max_price_impact_bps=3000 (explicit)
DTL config loaded: router_quote_max_paths=16 (explicit)
DTL config loaded: defi_farm_enabled=true (explicit)
DTL config loaded: gamefi_season_enabled=true (explicit)
DTL config loaded: gamefi_reward_token=MSC (explicit)
DTL config loaded: gamefi_season_length_blocks=43200 (explicit)
DTL config loaded: gamefi_claim_grace_blocks=21600 (explicit)
DTL config loaded: gamefi_fee_share_from_pool_bps=2500 (explicit)
DTL config loaded: gamefi_fee_share_from_lending_bps=2000 (explicit)
DTL config loaded: gamefi_duel_win_points=100 (explicit)
DTL config loaded: gamefi_tournament_win_points=600 (explicit)
DTL config loaded: gamefi_tournament_participation_points=80 (explicit)
DTL config loaded: farm_min_stake_blocks=50 (explicit)
DTL config loaded: farm_lp_points_per_block=1 (explicit)
DTL config loaded: farm_max_multiplier_bps=30000 (explicit)
DTL config loaded: gamefi_max_reward_per_account_per_season=1000000 (explicit)
[DTL-CONTRACT-RUNTIME] removed=true
TOKENOMICS config loaded: allow_treasury_ops=false
TOKENOMICS config loaded: random_user_reward_enabled=true
TOKENOMICS config loaded: random_user_reward_chance_bps=2500
TOKENOMICS config loaded: emission_enabled=true
TOKENOMICS config loaded: emission_min_reward=2
TOKENOMICS config loaded: emission_max_reward=4
TOKENOMICS config loaded: work_block_reward_enabled=true
TOKENOMICS config loaded: work_block_base_reward=2
TOKENOMICS config loaded: emission_jackpot_chance_bps=100
TOKENOMICS config loaded: emission_base_chance_bps=10000
TOKENOMICS config loaded: emission_high_chance_after_blocks=1105840
TOKENOMICS config loaded: emission_high_chance_bps=10000
TOKENOMICS config loaded: emission_halving_interval_blocks=1105840
TOKENOMICS config loaded: emission_treasury_bps=2000
TOKENOMICS config loaded: emission_validator_bps=7200
TOKENOMICS config loaded: emission_burn_bps=800
TOKENOMICS config loaded: emission_interval_mode=false
TOKENOMICS config loaded: emission_gap_min_blocks=4
TOKENOMICS config loaded: emission_gap_max_blocks=6
TOKENOMICS config loaded: emission_validator_to_proposer=false
TOKENOMICS config loaded: supply_burn_floor=62000000
TOKENOMICS config loaded: unified_team_reward_enabled=true
TOKENOMICS config loaded: unified_team_reward_treasury_bps=2000
TOKENOMICS config loaded: unified_team_reward_proposer_bps=3500
TOKENOMICS config loaded: unified_team_reward_validator_bps=4500
AUTH config loaded: require_wallet=true open_browser=true timeout=600s challenge_ttl=180s token_ttl=86400s core=[A B C D]
CORE config loaded: registry_path=core_validators.json (explicit)
CORE config loaded: registry_enforcement=warn (explicit)
CORE config loaded: registry_min_signatures=0 (explicit)
CORE config loaded: registry_reload_seconds=10 (explicit)
STORAGE config loaded: key_env=MSC_DB_ENCRYPTION_KEY key_file= key_hex=false key_b64=false
STORAGE runtime: db_encryption=false
2026/05/18 14:41:49 RPC address resolved: 127.0.0.1:26661 (source=cli)
===============================================
===============================================
Node ID     : F
Mode        : full
Role        : validator
Data Dir    : data/F
Listen Port : 7005
===============================================
2026/05/18 14:41:49 [PEER-BOOTSTRAP-RECONCILE] base=/ip4/127.0.0.1/tcp/7001 old=12D3KooWGpHi5kd7qv2bb4kt8mj82B5qZKPvfyTxEcg5XvbxaTXg new=12D3KooWPVKESWFG9sS8G6vjhfPn54kWuNFkkuHwG4yQXhYRcXjX source=peers.json
2026/05/18 14:41:49 [PEER-BOOTSTRAP-RECONCILE] base=/ip4/127.0.0.1/tcp/7002 old=12D3KooWNV3HvPD8CJkhRRdvgv5mvshg49kE4cbQnbkhZq1G7msh new=12D3KooWHdmUKc1bYKY3scg6TqGhK3SutwH9hu1aAez4VmvwkEyk source=peers.json
2026/05/18 14:41:49 [PEER-BOOTSTRAP-RECONCILE] base=/ip4/127.0.0.1/tcp/7003 old=12D3KooWETqJcDdusDVo7kZnu5KC56eowZXtQmLkpbpBVME5ijEN new=12D3KooWD9ed8zJXbW8uUU6XHD2UYrsQQEvnuXReJWFeo52dvdf8 source=peers.json
2026/05/18 14:41:49 [PEER-BOOTSTRAP-RECONCILE] base=/ip4/127.0.0.1/tcp/7004 old=12D3KooWGMgUyWLAv69e7RP2BHtN5PJyVfwFo8ZM95mzKNsJSZ5V new=12D3KooWE7bMkbbpLoSHKB43JdTZm9zkgqvf1iCQdGAqFFBDa42W source=peers.json
2026/05/18 14:41:49 validator key unlocked
2026/05/18 14:41:49 [KEY-AUDIT] validator=F backup_present=true backup_age_s=0 integrity=true
2026/05/18 14:41:49 [IDENTITY] key_loaded=true validator=F fingerprint=5e844a088bc20e50 expected= match=true source=existing mode=strict
2026/05/18 14:41:49 SECURITY: storage DB encryption is disabled. Configure [storage] encryption key and OS disk encryption (BitLocker/LUKS/FileVault).
2026/05/18 14:41:49 [JOB 1] WAL file C:\Users\Mohammad Talha\OneDrive\Desktop\msc-chain\data\F\node_F\state.db\000433.log with log number 000433 stopped reading at offset: 0; replayed 0 keys in 0 batches
2026/05/18 14:41:50 [JOB 1] WAL file C:\Users\Mohammad Talha\OneDrive\Desktop\msc-chain\data\F\node_F\blocks.db\000226.log with log number 000226 stopped reading at offset: 0; replayed 0 keys in 0 batches
2026/05/18 14:41:50 [JOB 1] WAL file C:\Users\Mohammad Talha\OneDrive\Desktop\msc-chain\data\F\node_F\tx.db\000188.log with log number 000188 stopped reading at offset: 0; replayed 0 keys in 0 batches
2026/05/18 14:41:50 [JOB 1] WAL file C:\Users\Mohammad Talha\OneDrive\Desktop\msc-chain\data\F\node_F\meta.db\000233.log with log number 000233 stopped reading at offset: 0; replayed 0 keys in 0 batches
[REGISTRY-BOOTSTRAP] height=0 chain_height=2515 reason=early_height
[WARN] consensus validator set unresolved height=1 chain_height=2515 expected_hash= local_hash= local_source=none snapshot_missing=false
2026/05/18 14:41:50 [REGISTRY-MISSING] height=1 chain_tip=2515
[REGISTRY-MISSING] height=1 chain_height=2515 db_state=true
[REGISTRY-BOOTSTRAP] height=1 chain_height=2515 reason=early_height
2026/05/18 14:41:50 [REGISTRY-HISTORY-REBUILD] height=1024 status=scheduled reason=consensus_set_unresolved
[WARN] consensus validator set unresolved height=2 chain_height=2515 expected_hash=34a93d19 local_hash= local_source=none snapshot_missing=false
2026/05/18 14:41:50 [REGISTRY-HISTORY-REBUILD] height=1024 status=started reason=consensus_set_unresolved
2026/05/18 14:41:50 [REGISTRY-HISTORY-REBUILD] height=1024 status=ok reason=consensus_set_unresolved
[WARN] consensus validator set unresolved height=3 chain_height=2515 expected_hash=34a93d19 local_hash= local_source=none snapshot_missing=false
[WARN] consensus validator set unresolved height=4 chain_height=2515 expected_hash=34a93d19 local_hash= local_source=none snapshot_missing=false
[WARN] consensus validator set unresolved height=5 chain_height=2515 expected_hash=34a93d19 local_hash= local_source=none snapshot_missing=false
[WARN] consensus validator set unresolved height=6 chain_height=2515 expected_hash=34a93d19 local_hash= local_source=none snapshot_missing=false
[WARN] consensus validator set unresolved height=7 chain_height=2515 expected_hash=34a93d19 local_hash= local_source=none snapshot_missing=false
[WARN] consensus validator set unresolved height=8 chain_height=2515 expected_hash=34a93d19 local_hash= local_source=none snapshot_missing=false
[WARN] consensus validator set unresolved height=9 chain_height=2515 expected_hash=34a93d19 local_hash= local_source=none snapshot_missing=false
[WARN] consensus validator set unresolved height=10 chain_height=2515 expected_hash=34a93d19 local_hash= local_source=none snapshot_missing=false
[WARN] consensus validator set unresolved height=11 chain_height=2515 expected_hash=34a93d19 local_hash= local_source=none snapshot_missing=false
[WARN] consensus validator set unresolved height=12 chain_height=2515 expected_hash=34a93d19 local_hash= local_source=none snapshot_missing=false
[WARN] consensus validator set unresolved height=13 chain_height=2515 expected_hash=34a93d19 local_hash= local_source=none snapshot_missing=false
[WARN] consensus validator set unresolved height=14 chain_height=2515 expected_hash=34a93d19 local_hash= local_source=none snapshot_missing=false
[WARN] consensus validator set unresolved height=15 chain_height=2515 expected_hash=34a93d19 local_hash= local_source=none snapshot_missing=false
[WARN] consensus validator set unresolved height=16 chain_height=2515 expected_hash=34a93d19 local_hash= local_source=none snapshot_missing=false
[WARN] consensus validator set unresolved height=17 chain_height=2515 expected_hash=34a93d19 local_hash= local_source=none snapshot_missing=false
[WARN] consensus validator set unresolved height=18 chain_height=2515 expected_hash=34a93d19 local_hash= local_source=none snapshot_missing=false
[WARN] consensus validator set unresolved height=19 chain_height=2515 expected_hash=34a93d19 local_hash= local_source=none snapshot_missing=false
[WARN] consensus validator set unresolved height=20 chain_height=2515 expected_hash=34a93d19 local_hash= local_source=none snapshot_missing=false
[WARN] consensus validator set unresolved height=21 chain_height=2515 expected_hash=34a93d19 local_hash= local_source=none snapshot_missing=false
[WARN] consensus validator set unresolved height=22 chain_height=2515 expected_hash=34a93d19 local_hash= local_source=none snapshot_missing=false
[WARN] consensus validator set unresolved height=23 chain_height=2515 expected_hash=34a93d19 local_hash= local_source=none snapshot_missing=false
[WARN] consensus validator set unresolved height=24 chain_height=2515 expected_hash=34a93d19 local_hash= local_source=none snapshot_missing=false
[WARN] consensus validator set unresolved height=25 chain_height=2515 expected_hash=34a93d19 local_hash= local_source=none snapshot_missing=false
[WARN] consensus validator set unresolved height=26 chain_height=2515 expected_hash=34a93d19 local_hash= local_source=none snapshot_missing=false
[WARN] consensus validator set unresolved height=27 chain_height=2515 expected_hash=34a93d19 local_hash= local_source=none snapshot_missing=false
[WARN] consensus validator set unresolved height=28 chain_height=2515 expected_hash=34a93d19 local_hash= local_source=none snapshot_missing=false
[WARN] consensus validator set unresolved height=29 chain_height=2515 expected_hash=34a93d19 local_hash= local_source=none snapshot_missing=false
[WARN] consensus validator set unresolved height=30 chain_height=2515 expected_hash=34a93d19 local_hash= local_source=none snapshot_missing=false
[WARN] consensus validator set unresolved height=31 chain_height=2515 expected_hash=34a93d19 local_hash= local_source=none snapshot_missing=false
[WARN] consensus validator set unresolved height=32 chain_height=2515 expected_hash=34a93d19 local_hash= local_source=none snapshot_missing=false
[WARN] consensus validator set unresolved height=33 chain_height=2515 expected_hash=34a93d19 local_hash= local_source=none snapshot_missing=false
[WARN] consensus validator set unresolved height=34 chain_height=2515 expected_hash=34a93d19 local_hash= local_source=none snapshot_missing=false
[WARN] consensus validator set unresolved height=35 chain_height=2515 expected_hash=34a93d19 local_hash= local_source=none snapshot_missing=false
[WARN] consensus validator set unresolved height=36 chain_height=2515 expected_hash=34a93d19 local_hash= local_source=none snapshot_missing=false
[WARN] consensus validator set unresolved height=37 chain_height=2515 expected_hash=34a93d19 local_hash= local_source=none snapshot_missing=false
[WARN] consensus validator set unresolved height=38 chain_height=2515 expected_hash=34a93d19 local_hash= local_source=none snapshot_missing=false
[WARN] consensus validator set unresolved height=39 chain_height=2515 expected_hash=34a93d19 local_hash= local_source=none snapshot_missing=false
[WARN] consensus validator set unresolved height=40 chain_height=2515 expected_hash=34a93d19 local_hash= local_source=none snapshot_missing=false
[WARN] consensus validator set unresolved height=41 chain_height=2515 expected_hash=34a93d19 local_hash= local_source=none snapshot_missing=false
[WARN] consensus validator set unresolved height=42 chain_height=2515 expected_hash=34a93d19 local_hash= local_source=none snapshot_missing=false
[WARN] consensus validator set unresolved height=43 chain_height=2515 expected_hash=34a93d19 local_hash= local_source=none snapshot_missing=false
[WARN] consensus validator set unresolved height=44 chain_height=2515 expected_hash=34a93d19 local_hash= local_source=none snapshot_missing=false
[WARN] consensus validator set unresolved height=45 chain_height=2515 expected_hash=34a93d19 local_hash= local_source=none snapshot_missing=false
[WARN] consensus validator set unresolved height=46 chain_height=2515 expected_hash=34a93d19 local_hash= local_source=none snapshot_missing=false
[WARN] consensus validator set unresolved height=47 chain_height=2515 expected_hash=34a93d19 local_hash= local_source=none snapshot_missing=false
[WARN] consensus validator set unresolved height=48 chain_height=2515 expected_hash=34a93d19 local_hash= local_source=none snapshot_missing=false
[WARN] consensus validator set unresolved height=49 chain_height=2515 expected_hash=34a93d19 local_hash= local_source=none snapshot_missing=false
[WARN] consensus validator set unresolved height=50 chain_height=2515 expected_hash=34a93d19 local_hash= local_source=none snapshot_missing=false
[WARN] consensus validator set unresolved height=51 chain_height=2515 expected_hash=34a93d19 local_hash= local_source=none snapshot_missing=false
[WARN] consensus validator set unresolved height=52 chain_height=2515 expected_hash=34a93d19 local_hash= local_source=none snapshot_missing=false
[WARN] consensus validator set unresolved height=53 chain_height=2515 expected_hash=34a93d19 local_hash= local_source=none snapshot_missing=false
[WARN] consensus validator set unresolved height=54 chain_height=2515 expected_hash=34a93d19 local_hash= local_source=none snapshot_missing=false
[WARN] consensus validator set unresolved height=55 chain_height=2515 expected_hash=34a93d19 local_hash= local_source=none snapshot_missing=false
[WARN] consensus validator set unresolved height=56 chain_height=2515 expected_hash=34a93d19 local_hash= local_source=none snapshot_missing=false
[WARN] consensus validator set unresolved height=57 chain_height=2515 expected_hash=34a93d19 local_hash= local_source=none snapshot_missing=false
[WARN] consensus validator set unresolved height=58 chain_height=2515 expected_hash=34a93d19 local_hash= local_source=none snapshot_missing=false
[WARN] consensus validator set unresolved height=59 chain_height=2515 expected_hash=34a93d19 local_hash= local_source=none snapshot_missing=false
[WARN] consensus validator set unresolved height=60 chain_height=2515 expected_hash=34a93d19 local_hash= local_source=none snapshot_missing=false
[WARN] consensus validator set unresolved height=61 chain_height=2515 expected_hash=34a93d19 local_hash= local_source=none snapshot_missing=false
[WARN] consensus validator set unresolved height=62 chain_height=2515 expected_hash=34a93d19 local_hash= local_source=none snapshot_missing=false
[WARN] consensus validator set unresolved height=63 chain_height=2515 expected_hash=34a93d19 local_hash= local_source=none snapshot_missing=false
[WARN] consensus validator set unresolved height=64 chain_height=2515 expected_hash=34a93d19 local_hash= local_source=none snapshot_missing=false
[WARN] consensus validator set unresolved height=65 chain_height=2515 expected_hash=34a93d19 local_hash= local_source=none snapshot_missing=false
[WARN] consensus validator set unresolved height=66 chain_height=2515 expected_hash=34a93d19 local_hash= local_source=none snapshot_missing=false
[WARN] consensus validator set unresolved height=67 chain_height=2515 expected_hash=34a93d19 local_hash= local_source=none snapshot_missing=false
[WARN] consensus validator set unresolved height=68 chain_height=2515 expected_hash=34a93d19 local_hash= local_source=none snapshot_missing=false
[WARN] consensus validator set unresolved height=69 chain_height=2515 expected_hash=34a93d19 local_hash= local_source=none snapshot_missing=false
[WARN] consensus validator set unresolved height=70 chain_height=2515 expected_hash=34a93d19 local_hash= local_source=none snapshot_missing=false
[WARN] consensus validator set unresolved height=71 chain_height=2515 expected_hash=34a93d19 local_hash= local_source=none snapshot_missing=false
[WARN] consensus validator set unresolved height=72 chain_height=2515 expected_hash=34a93d19 local_hash= local_source=none snapshot_missing=false
[WARN] consensus validator set unresolved height=73 chain_height=2515 expected_hash=34a93d19 local_hash= local_source=none snapshot_missing=false
[WARN] consensus validator set unresolved height=74 chain_height=2515 expected_hash=34a93d19 local_hash= local_source=none snapshot_missing=false
[WARN] consensus validator set unresolved height=75 chain_height=2515 expected_hash=34a93d19 local_hash= local_source=none snapshot_missing=false
[WARN] consensus validator set unresolved height=76 chain_height=2515 expected_hash=34a93d19 local_hash= local_source=none snapshot_missing=false
[WARN] consensus validator set unresolved height=77 chain_height=2515 expected_hash=34a93d19 local_hash= local_source=none snapshot_missing=false
[WARN] consensus validator set unresolved height=78 chain_height=2515 expected_hash=34a93d19 local_hash= local_source=none snapshot_missing=false
[WARN] consensus validator set unresolved height=79 chain_height=2515 expected_hash=34a93d19 local_hash= local_source=none snapshot_missing=false
[WARN] consensus validator set unresolved height=80 chain_height=2515 expected_hash=34a93d19 local_hash= local_source=none snapshot_missing=false
[WARN] consensus validator set unresolved height=81 chain_height=2515 expected_hash=34a93d19 local_hash= local_source=none snapshot_missing=false
[WARN] consensus validator set unresolved height=82 chain_height=2515 expected_hash=34a93d19 local_hash= local_source=none snapshot_missing=false
[WARN] consensus validator set unresolved height=83 chain_height=2515 expected_hash=34a93d19 local_hash= local_source=none snapshot_missing=false
[WARN] consensus validator set unresolved height=84 chain_height=2515 expected_hash=34a93d19 local_hash= local_source=none snapshot_missing=false
[WARN] consensus validator set unresolved height=85 chain_height=2515 expected_hash=34a93d19 local_hash= local_source=none snapshot_missing=false
[WARN] consensus validator set unresolved height=86 chain_height=2515 expected_hash=34a93d19 local_hash= local_source=none snapshot_missing=false
[WARN] consensus validator set unresolved height=87 chain_height=2515 expected_hash=34a93d19 local_hash= local_source=none snapshot_missing=false
[WARN] consensus validator set unresolved height=88 chain_height=2515 expected_hash=34a93d19 local_hash= local_source=none snapshot_missing=false
[WARN] consensus validator set unresolved height=89 chain_height=2515 expected_hash=34a93d19 local_hash= local_source=none snapshot_missing=false
[WARN] consensus validator set unresolved height=90 chain_height=2515 expected_hash=34a93d19 local_hash= local_source=none snapshot_missing=false
[WARN] consensus validator set unresolved height=91 chain_height=2515 expected_hash=34a93d19 local_hash= local_source=none snapshot_missing=false
[WARN] consensus validator set unresolved height=92 chain_height=2515 expected_hash=34a93d19 local_hash= local_source=none snapshot_missing=false
[WARN] consensus validator set unresolved height=93 chain_height=2515 expected_hash=34a93d19 local_hash= local_source=none snapshot_missing=false
[WARN] consensus validator set unresolved height=94 chain_height=2515 expected_hash=34a93d19 local_hash= local_source=none snapshot_missing=false
[WARN] consensus validator set unresolved height=95 chain_height=2515 expected_hash=34a93d19 local_hash= local_source=none snapshot_missing=false
[WARN] consensus validator set unresolved height=96 chain_height=2515 expected_hash=34a93d19 local_hash= local_source=none snapshot_missing=false
[WARN] consensus validator set unresolved height=97 chain_height=2515 expected_hash=34a93d19 local_hash= local_source=none snapshot_missing=false
[WARN] consensus validator set unresolved height=98 chain_height=2515 expected_hash=34a93d19 local_hash= local_source=none snapshot_missing=false
[WARN] consensus validator set unresolved height=99 chain_height=2515 expected_hash=34a93d19 local_hash= local_source=none snapshot_missing=false
[WARN] consensus validator set unresolved height=100 chain_height=2515 expected_hash=34a93d19 local_hash= local_source=none snapshot_missing=false
[WARN] consensus validator set unresolved height=101 chain_height=2515 expected_hash=34a93d19 local_hash= local_source=none snapshot_missing=false
[WARN] consensus validator set unresolved height=102 chain_height=2515 expected_hash=34a93d19 local_hash= local_source=none snapshot_missing=false
[WARN] consensus validator set unresolved height=103 chain_height=2515 expected_hash=34a93d19 local_hash= local_source=none snapshot_missing=false
[WARN] consensus validator set unresolved height=104 chain_height=2515 expected_hash=34a93d19 local_hash= local_source=none snapshot_missing=false
[WARN] consensus validator set unresolved height=105 chain_height=2515 expected_hash=34a93d19 local_hash= local_source=none snapshot_missing=false
[WARN] consensus validator set unresolved height=106 chain_height=2515 expected_hash=34a93d19 local_hash= local_source=none snapshot_missing=false
[WARN] consensus validator set unresolved height=107 chain_height=2515 expected_hash=34a93d19 local_hash= local_source=none snapshot_missing=false
[WARN] consensus validator set unresolved height=108 chain_height=2515 expected_hash=34a93d19 local_hash= local_source=none snapshot_missing=false
[WARN] consensus validator set unresolved height=109 chain_height=2515 expected_hash=34a93d19 local_hash= local_source=none snapshot_missing=false
[WARN] consensus validator set unresolved height=110 chain_height=2515 expected_hash=34a93d19 local_hash= local_source=none snapshot_missing=false
[WARN] consensus validator set unresolved height=111 chain_height=2515 expected_hash=34a93d19 local_hash= local_source=none snapshot_missing=false
[WARN] consensus validator set unresolved height=112 chain_height=2515 expected_hash=34a93d19 local_hash= local_source=none snapshot_missing=false
[WARN] consensus validator set unresolved height=113 chain_height=2515 expected_hash=34a93d19 local_hash= local_source=none snapshot_missing=false
[WARN] consensus validator set unresolved height=114 chain_height=2515 expected_hash=34a93d19 local_hash= local_source=none snapshot_missing=false
[WARN] consensus validator set unresolved height=115 chain_height=2515 expected_hash=34a93d19 local_hash= local_source=none snapshot_missing=false
[WARN] consensus validator set unresolved height=116 chain_height=2515 expected_hash=34a93d19 local_hash= local_source=none snapshot_missing=false
[WARN] consensus validator set unresolved height=117 chain_height=2515 expected_hash=34a93d19 local_hash= local_source=none snapshot_missing=false
[WARN] consensus validator set unresolved height=118 chain_height=2515 expected_hash=34a93d19 local_hash= local_source=none snapshot_missing=false
[WARN] consensus validator set unresolved height=119 chain_height=2515 expected_hash=34a93d19 local_hash= local_source=none snapshot_missing=false
[WARN] consensus validator set unresolved height=120 chain_height=2515 expected_hash=34a93d19 local_hash= local_source=none snapshot_missing=false
[WARN] consensus validator set unresolved height=121 chain_height=2515 expected_hash=34a93d19 local_hash= local_source=none snapshot_missing=false
[WARN] consensus validator set unresolved height=122 chain_height=2515 expected_hash=34a93d19 local_hash= local_source=none snapshot_missing=false
[WARN] consensus validator set unresolved height=123 chain_height=2515 expected_hash=34a93d19 local_hash= local_source=none snapshot_missing=false
[WARN] consensus validator set unresolved height=124 chain_height=2515 expected_hash=34a93d19 local_hash= local_source=none snapshot_missing=false
[WARN] consensus validator set unresolved height=125 chain_height=2515 expected_hash=34a93d19 local_hash= local_source=none snapshot_missing=false
[WARN] consensus validator set unresolved height=126 chain_height=2515 expected_hash=34a93d19 local_hash= local_source=none snapshot_missing=false
[WARN] consensus validator set unresolved height=127 chain_height=2515 expected_hash=34a93d19 local_hash= local_source=none snapshot_missing=false
[WARN] consensus validator set unresolved height=128 chain_height=2515 expected_hash=34a93d19 local_hash= local_source=none snapshot_missing=false
[WARN] consensus validator set unresolved height=129 chain_height=2515 expected_hash=34a93d19 local_hash= local_source=none snapshot_missing=false
[WARN] consensus validator set unresolved height=130 chain_height=2515 expected_hash=34a93d19 local_hash= local_source=none snapshot_missing=false
[WARN] consensus validator set unresolved height=131 chain_height=2515 expected_hash=34a93d19 local_hash= local_source=none snapshot_missing=false
[WARN] consensus validator set unresolved height=132 chain_height=2515 expected_hash=34a93d19 local_hash= local_source=none snapshot_missing=false
[WARN] consensus validator set unresolved height=133 chain_height=2515 expected_hash=34a93d19 local_hash= local_source=none snapshot_missing=false
[WARN] consensus validator set unresolved height=134 chain_height=2515 expected_hash=34a93d19 local_hash= local_source=none snapshot_missing=false
[WARN] consensus validator set unresolved height=135 chain_height=2515 expected_hash=34a93d19 local_hash= local_source=none snapshot_missing=false
[WARN] consensus validator set unresolved height=136 chain_height=2515 expected_hash=34a93d19 local_hash= local_source=none snapshot_missing=false
[WARN] consensus validator set unresolved height=137 chain_height=2515 expected_hash=34a93d19 local_hash= local_source=none snapshot_missing=false
[WARN] consensus validator set unresolved height=138 chain_height=2515 expected_hash=34a93d19 local_hash= local_source=none snapshot_missing=false
[WARN] consensus validator set unresolved height=139 chain_height=2515 expected_hash=34a93d19 local_hash= local_source=none snapshot_missing=false
[WARN] consensus validator set unresolved height=140 chain_height=2515 expected_hash=34a93d19 local_hash= local_source=none snapshot_missing=false
[WARN] consensus validator set unresolved height=141 chain_height=2515 expected_hash=34a93d19 local_hash= local_source=none snapshot_missing=false
[WARN] consensus validator set unresolved height=142 chain_height=2515 expected_hash=34a93d19 local_hash= local_source=none snapshot_missing=false
[WARN] consensus validator set unresolved height=143 chain_height=2515 expected_hash=34a93d19 local_hash= local_source=none snapshot_missing=false
[WARN] consensus validator set unresolved height=144 chain_height=2515 expected_hash=34a93d19 local_hash= local_source=none snapshot_missing=false
[WARN] consensus validator set unresolved height=145 chain_height=2515 expected_hash=34a93d19 local_hash= local_source=none snapshot_missing=false
[WARN] consensus validator set unresolved height=146 chain_height=2515 expected_hash=34a93d19 local_hash= local_source=none snapshot_missing=false
[WARN] consensus validator set unresolved height=147 chain_height=2515 expected_hash=34a93d19 local_hash= local_source=none snapshot_missing=false
[WARN] consensus validator set unresolved height=148 chain_height=2515 expected_hash=34a93d19 local_hash= local_source=none snapshot_missing=false
[WARN] consensus validator set unresolved height=149 chain_height=2515 expected_hash=34a93d19 local_hash= local_source=none snapshot_missing=false
[WARN] consensus validator set unresolved height=150 chain_height=2515 expected_hash=34a93d19 local_hash= local_source=none snapshot_missing=false
[WARN] consensus validator set unresolved height=151 chain_height=2515 expected_hash=34a93d19 local_hash= local_source=none snapshot_missing=false
[WARN] consensus validator set unresolved height=152 chain_height=2515 expected_hash=34a93d19 local_hash= local_source=none snapshot_missing=false
[WARN] consensus validator set unresolved height=153 chain_height=2515 expected_hash=34a93d19 local_hash= local_source=none snapshot_missing=false
[WARN] consensus validator set unresolved height=154 chain_height=2515 expected_hash=34a93d19 local_hash= local_source=none snapshot_missing=false
[WARN] consensus validator set unresolved height=155 chain_height=2515 expected_hash=34a93d19 local_hash= local_source=none snapshot_missing=false
[WARN] consensus validator set unresolved height=156 chain_height=2515 expected_hash=34a93d19 local_hash= local_source=none snapshot_missing=false
[WARN] consensus validator set unresolved height=157 chain_height=2515 expected_hash=34a93d19 local_hash= local_source=none snapshot_missing=false
[WARN] consensus validator set unresolved height=158 chain_height=2515 expected_hash=34a93d19 local_hash= local_source=none snapshot_missing=false
[WARN] consensus validator set unresolved height=159 chain_height=2515 expected_hash=34a93d19 local_hash= local_source=none snapshot_missing=false
[WARN] consensus validator set unresolved height=160 chain_height=2515 expected_hash=34a93d19 local_hash= local_source=none snapshot_missing=false
[WARN] consensus validator set unresolved height=161 chain_height=2515 expected_hash=34a93d19 local_hash= local_source=none snapshot_missing=false
[WARN] consensus validator set unresolved height=162 chain_height=2515 expected_hash=34a93d19 local_hash= local_source=none snapshot_missing=false
[WARN] consensus validator set unresolved height=163 chain_height=2515 expected_hash=34a93d19 local_hash= local_source=none snapshot_missing=false
[WARN] consensus validator set unresolved height=164 chain_height=2515 expected_hash=34a93d19 local_hash= local_source=none snapshot_missing=false
[WARN] consensus validator set unresolved height=165 chain_height=2515 expected_hash=34a93d19 local_hash= local_source=none snapshot_missing=false
[WARN] consensus validator set unresolved height=166 chain_height=2515 expected_hash=34a93d19 local_hash= local_source=none snapshot_missing=false
[WARN] consensus validator set unresolved height=167 chain_height=2515 expected_hash=34a93d19 local_hash= local_source=none snapshot_missing=false
[WARN] consensus validator set unresolved height=168 chain_height=2515 expected_hash=34a93d19 local_hash= local_source=none snapshot_missing=false
[WARN] consensus validator set unresolved height=169 chain_height=2515 expected_hash=34a93d19 local_hash= local_source=none snapshot_missing=false
[WARN] consensus validator set unresolved height=170 chain_height=2515 expected_hash=34a93d19 local_hash= local_source=none snapshot_missing=false
[WARN] consensus validator set unresolved height=171 chain_height=2515 expected_hash=34a93d19 local_hash= local_source=none snapshot_missing=false
[WARN] consensus validator set unresolved height=172 chain_height=2515 expected_hash=34a93d19 local_hash= local_source=none snapshot_missing=false
[WARN] consensus validator set unresolved height=173 chain_height=2515 expected_hash=34a93d19 local_hash= local_source=none snapshot_missing=false
[WARN] consensus validator set unresolved height=174 chain_height=2515 expected_hash=34a93d19 local_hash= local_source=none snapshot_missing=false
[WARN] consensus validator set unresolved height=175 chain_height=2515 expected_hash=34a93d19 local_hash= local_source=none snapshot_missing=false
[WARN] consensus validator set unresolved height=176 chain_height=2515 expected_hash=34a93d19 local_hash= local_source=none snapshot_missing=false
[WARN] consensus validator set unresolved height=177 chain_height=2515 expected_hash=34a93d19 local_hash= local_source=none snapshot_missing=false
[WARN] consensus validator set unresolved height=178 chain_height=2515 expected_hash=34a93d19 local_hash= local_source=none snapshot_missing=false
[WARN] consensus validator set unresolved height=179 chain_height=2515 expected_hash=34a93d19 local_hash= local_source=none snapshot_missing=false
[WARN] consensus validator set unresolved height=180 chain_height=2515 expected_hash=34a93d19 local_hash= local_source=none snapshot_missing=false
[WARN] consensus validator set unresolved height=181 chain_height=2515 expected_hash=34a93d19 local_hash= local_source=none snapshot_missing=false
[WARN] consensus validator set unresolved height=182 chain_height=2515 expected_hash=34a93d19 local_hash= local_source=none snapshot_missing=false
[WARN] consensus validator set unresolved height=183 chain_height=2515 expected_hash=34a93d19 local_hash= local_source=none snapshot_missing=false
[WARN] consensus validator set unresolved height=184 chain_height=2515 expected_hash=34a93d19 local_hash= local_source=none snapshot_missing=false
[WARN] consensus validator set unresolved height=185 chain_height=2515 expected_hash=34a93d19 local_hash= local_source=none snapshot_missing=false
[WARN] consensus validator set unresolved height=186 chain_height=2515 expected_hash=34a93d19 local_hash= local_source=none snapshot_missing=false
[WARN] consensus validator set unresolved height=187 chain_height=2515 expected_hash=34a93d19 local_hash= local_source=none snapshot_missing=false
[WARN] consensus validator set unresolved height=188 chain_height=2515 expected_hash=34a93d19 local_hash= local_source=none snapshot_missing=false
[WARN] consensus validator set unresolved height=189 chain_height=2515 expected_hash=34a93d19 local_hash= local_source=none snapshot_missing=false
[WARN] consensus validator set unresolved height=190 chain_height=2515 expected_hash=34a93d19 local_hash= local_source=none snapshot_missing=false
[WARN] consensus validator set unresolved height=191 chain_height=2515 expected_hash=34a93d19 local_hash= local_source=none snapshot_missing=false
[WARN] consensus validator set unresolved height=192 chain_height=2515 expected_hash=34a93d19 local_hash= local_source=none snapshot_missing=false
[WARN] consensus validator set unresolved height=193 chain_height=2515 expected_hash=34a93d19 local_hash= local_source=none snapshot_missing=false
[WARN] consensus validator set unresolved height=194 chain_height=2515 expected_hash=34a93d19 local_hash= local_source=none snapshot_missing=false
[WARN] consensus validator set unresolved height=195 chain_height=2515 expected_hash=34a93d19 local_hash= local_source=none snapshot_missing=false
[WARN] consensus validator set unresolved height=196 chain_height=2515 expected_hash=34a93d19 local_hash= local_source=none snapshot_missing=false
[WARN] consensus validator set unresolved height=197 chain_height=2515 expected_hash=34a93d19 local_hash= local_source=none snapshot_missing=false
[WARN] consensus validator set unresolved height=198 chain_height=2515 expected_hash=34a93d19 local_hash= local_source=none snapshot_missing=false
[WARN] consensus validator set unresolved height=199 chain_height=2515 expected_hash=34a93d19 local_hash= local_source=none snapshot_missing=false
[WARN] consensus validator set unresolved height=200 chain_height=2515 expected_hash=34a93d19 local_hash= local_source=none snapshot_missing=false
[WARN] consensus validator set unresolved height=201 chain_height=2515 expected_hash=34a93d19 local_hash= local_source=none snapshot_missing=false
[WARN] consensus validator set unresolved height=202 chain_height=2515 expected_hash=34a93d19 local_hash= local_source=none snapshot_missing=false
[WARN] consensus validator set unresolved height=203 chain_height=2515 expected_hash=34a93d19 local_hash= local_source=none snapshot_missing=false
[WARN] consensus validator set unresolved height=204 chain_height=2515 expected_hash=34a93d19 local_hash= local_source=none snapshot_missing=false
[WARN] consensus validator set unresolved height=205 chain_height=2515 expected_hash=34a93d19 local_hash= local_source=none snapshot_missing=false
[WARN] consensus validator set unresolved height=206 chain_height=2515 expected_hash=34a93d19 local_hash= local_source=none snapshot_missing=false
[WARN] consensus validator set unresolved height=207 chain_height=2515 expected_hash=34a93d19 local_hash= local_source=none snapshot_missing=false
[WARN] consensus validator set unresolved height=208 chain_height=2515 expected_hash=34a93d19 local_hash= local_source=none snapshot_missing=false
[WARN] consensus validator set unresolved height=209 chain_height=2515 expected_hash=34a93d19 local_hash= local_source=none snapshot_missing=false
[WARN] consensus validator set unresolved height=210 chain_height=2515 expected_hash=34a93d19 local_hash= local_source=none snapshot_missing=false
[WARN] consensus validator set unresolved height=211 chain_height=2515 expected_hash=34a93d19 local_hash= local_source=none snapshot_missing=false
[WARN] consensus validator set unresolved height=212 chain_height=2515 expected_hash=34a93d19 local_hash= local_source=none snapshot_missing=false
[WARN] consensus validator set unresolved height=213 chain_height=2515 expected_hash=34a93d19 local_hash= local_source=none snapshot_missing=false
[WARN] consensus validator set unresolved height=214 chain_height=2515 expected_hash=34a93d19 local_hash= local_source=none snapshot_missing=false
[WARN] consensus validator set unresolved height=215 chain_height=2515 expected_hash=34a93d19 local_hash= local_source=none snapshot_missing=false
[WARN] consensus validator set unresolved height=216 chain_height=2515 expected_hash=34a93d19 local_hash= local_source=none snapshot_missing=false
[WARN] consensus validator set unresolved height=217 chain_height=2515 expected_hash=34a93d19 local_hash= local_source=none snapshot_missing=false
[WARN] consensus validator set unresolved height=218 chain_height=2515 expected_hash=34a93d19 local_hash= local_source=none snapshot_missing=false
[WARN] consensus validator set unresolved height=219 chain_height=2515 expected_hash=34a93d19 local_hash= local_source=none snapshot_missing=false
[WARN] consensus validator set unresolved height=220 chain_height=2515 expected_hash=34a93d19 local_hash= local_source=none snapshot_missing=false
[WARN] consensus validator set unresolved height=221 chain_height=2515 expected_hash=34a93d19 local_hash= local_source=none snapshot_missing=false
[WARN] consensus validator set unresolved height=222 chain_height=2515 expected_hash=34a93d19 local_hash= local_source=none snapshot_missing=false
[WARN] consensus validator set unresolved height=223 chain_height=2515 expected_hash=34a93d19 local_hash= local_source=none snapshot_missing=false
[WARN] consensus validator set unresolved height=224 chain_height=2515 expected_hash=34a93d19 local_hash= local_source=none snapshot_missing=false
[WARN] consensus validator set unresolved height=225 chain_height=2515 expected_hash=34a93d19 local_hash= local_source=none snapshot_missing=false
[WARN] consensus validator set unresolved height=226 chain_height=2515 expected_hash=34a93d19 local_hash= local_source=none snapshot_missing=false
[WARN] consensus validator set unresolved height=227 chain_height=2515 expected_hash=34a93d19 local_hash= local_source=none snapshot_missing=false
[WARN] consensus validator set unresolved height=228 chain_height=2515 expected_hash=34a93d19 local_hash= local_source=none snapshot_missing=false
[WARN] consensus validator set unresolved height=229 chain_height=2515 expected_hash=34a93d19 local_hash= local_source=none snapshot_missing=false
[WARN] consensus validator set unresolved height=230 chain_height=2515 expected_hash=34a93d19 local_hash= local_source=none snapshot_missing=false
[WARN] consensus validator set unresolved height=231 chain_height=2515 expected_hash=34a93d19 local_hash= local_source=none snapshot_missing=false
[WARN] consensus validator set unresolved height=232 chain_height=2515 expected_hash=34a93d19 local_hash= local_source=none snapshot_missing=false
[WARN] consensus validator set unresolved height=233 chain_height=2515 expected_hash=34a93d19 local_hash= local_source=none snapshot_missing=false
[WARN] consensus validator set unresolved height=234 chain_height=2515 expected_hash=34a93d19 local_hash= local_source=none snapshot_missing=false
[WARN] consensus validator set unresolved height=235 chain_height=2515 expected_hash=34a93d19 local_hash= local_source=none snapshot_missing=false
[WARN] consensus validator set unresolved height=236 chain_height=2515 expected_hash=34a93d19 local_hash= local_source=none snapshot_missing=false
[WARN] consensus validator set unresolved height=237 chain_height=2515 expected_hash=34a93d19 local_hash= local_source=none snapshot_missing=false
[WARN] consensus validator set unresolved height=238 chain_height=2515 expected_hash=34a93d19 local_hash= local_source=none snapshot_missing=false
[WARN] consensus validator set unresolved height=239 chain_height=2515 expected_hash=34a93d19 local_hash= local_source=none snapshot_missing=false
[WARN] consensus validator set unresolved height=240 chain_height=2515 expected_hash=34a93d19 local_hash= local_source=none snapshot_missing=false
[WARN] consensus validator set unresolved height=241 chain_height=2515 expected_hash=34a93d19 local_hash= local_source=none snapshot_missing=false
[WARN] consensus validator set unresolved height=242 chain_height=2515 expected_hash=34a93d19 local_hash= local_source=none snapshot_missing=false
[WARN] consensus validator set unresolved height=243 chain_height=2515 expected_hash=34a93d19 local_hash= local_source=none snapshot_missing=false
[WARN] consensus validator set unresolved height=244 chain_height=2515 expected_hash=34a93d19 local_hash= local_source=none snapshot_missing=false
[WARN] consensus validator set unresolved height=245 chain_height=2515 expected_hash=34a93d19 local_hash= local_source=none snapshot_missing=false
[WARN] consensus validator set unresolved height=246 chain_height=2515 expected_hash=34a93d19 local_hash= local_source=none snapshot_missing=false
[WARN] consensus validator set unresolved height=247 chain_height=2515 expected_hash=34a93d19 local_hash= local_source=none snapshot_missing=false
[WARN] consensus validator set unresolved height=248 chain_height=2515 expected_hash=34a93d19 local_hash= local_source=none snapshot_missing=false
[WARN] consensus validator set unresolved height=249 chain_height=2515 expected_hash=34a93d19 local_hash= local_source=none snapshot_missing=false
[WARN] consensus validator set unresolved height=250 chain_height=2515 expected_hash=34a93d19 local_hash= local_source=none snapshot_missing=false
[WARN] consensus validator set unresolved height=251 chain_height=2515 expected_hash=34a93d19 local_hash= local_source=none snapshot_missing=false
[WARN] consensus validator set unresolved height=252 chain_height=2515 expected_hash=34a93d19 local_hash= local_source=none snapshot_missing=false
[WARN] consensus validator set unresolved height=253 chain_height=2515 expected_hash=34a93d19 local_hash= local_source=none snapshot_missing=false
[WARN] consensus validator set unresolved height=254 chain_height=2515 expected_hash=34a93d19 local_hash= local_source=none snapshot_missing=false
[WARN] consensus validator set unresolved height=255 chain_height=2515 expected_hash=34a93d19 local_hash= local_source=none snapshot_missing=false
[WARN] consensus validator set unresolved height=256 chain_height=2515 expected_hash=34a93d19 local_hash= local_source=none snapshot_missing=false
[WARN] consensus validator set unresolved height=257 chain_height=2515 expected_hash=34a93d19 local_hash= local_source=none snapshot_missing=false
[WARN] consensus validator set unresolved height=258 chain_height=2515 expected_hash=34a93d19 local_hash= local_source=none snapshot_missing=false
[WARN] consensus validator set unresolved height=259 chain_height=2515 expected_hash=34a93d19 local_hash= local_source=none snapshot_missing=false
[WARN] consensus validator set unresolved height=260 chain_height=2515 expected_hash=34a93d19 local_hash= local_source=none snapshot_missing=false
[WARN] consensus validator set unresolved height=261 chain_height=2515 expected_hash=34a93d19 local_hash= local_source=none snapshot_missing=false
[WARN] consensus validator set unresolved height=262 chain_height=2515 expected_hash=34a93d19 local_hash= local_source=none snapshot_missing=false
[WARN] consensus validator set unresolved height=263 chain_height=2515 expected_hash=34a93d19 local_hash= local_source=none snapshot_missing=false
[WARN] consensus validator set unresolved height=264 chain_height=2515 expected_hash=34a93d19 local_hash= local_source=none snapshot_missing=false
[WARN] consensus validator set unresolved height=265 chain_height=2515 expected_hash=34a93d19 local_hash= local_source=none snapshot_missing=false
[WARN] consensus validator set unresolved height=266 chain_height=2515 expected_hash=34a93d19 local_hash= local_source=none snapshot_missing=false
[WARN] consensus validator set unresolved height=267 chain_height=2515 expected_hash=34a93d19 local_hash= local_source=none snapshot_missing=false
[WARN] consensus validator set unresolved height=268 chain_height=2515 expected_hash=34a93d19 local_hash= local_source=none snapshot_missing=false
[WARN] consensus validator set unresolved height=269 chain_height=2515 expected_hash=34a93d19 local_hash= local_source=none snapshot_missing=false
[WARN] consensus validator set unresolved height=270 chain_height=2515 expected_hash=34a93d19 local_hash= local_source=none snapshot_missing=false
[WARN] consensus validator set unresolved height=271 chain_height=2515 expected_hash=34a93d19 local_hash= local_source=none snapshot_missing=false
[WARN] consensus validator set unresolved height=272 chain_height=2515 expected_hash=34a93d19 local_hash= local_source=none snapshot_missing=false
[WARN] consensus validator set unresolved height=273 chain_height=2515 expected_hash=34a93d19 local_hash= local_source=none snapshot_missing=false
[WARN] consensus validator set unresolved height=274 chain_height=2515 expected_hash=34a93d19 local_hash= local_source=none snapshot_missing=false
[WARN] consensus validator set unresolved height=275 chain_height=2515 expected_hash=34a93d19 local_hash= local_source=none snapshot_missing=false
[WARN] consensus validator set unresolved height=276 chain_height=2515 expected_hash=34a93d19 local_hash= local_source=none snapshot_missing=false
[WARN] consensus validator set unresolved height=277 chain_height=2515 expected_hash=34a93d19 local_hash= local_source=none snapshot_missing=false
[WARN] consensus validator set unresolved height=278 chain_height=2515 expected_hash=34a93d19 local_hash= local_source=none snapshot_missing=false
[WARN] consensus validator set unresolved height=279 chain_height=2515 expected_hash=34a93d19 local_hash= local_source=none snapshot_missing=false
[WARN] consensus validator set unresolved height=280 chain_height=2515 expected_hash=34a93d19 local_hash= local_source=none snapshot_missing=false
[WARN] consensus validator set unresolved height=281 chain_height=2515 expected_hash=34a93d19 local_hash= local_source=none snapshot_missing=false
[WARN] consensus validator set unresolved height=282 chain_height=2515 expected_hash=34a93d19 local_hash= local_source=none snapshot_missing=false
[WARN] consensus validator set unresolved height=283 chain_height=2515 expected_hash=34a93d19 local_hash= local_source=none snapshot_missing=false
[WARN] consensus validator set unresolved height=284 chain_height=2515 expected_hash=34a93d19 local_hash= local_source=none snapshot_missing=false
[WARN] consensus validator set unresolved height=285 chain_height=2515 expected_hash=34a93d19 local_hash= local_source=none snapshot_missing=false
[WARN] consensus validator set unresolved height=286 chain_height=2515 expected_hash=34a93d19 local_hash= local_source=none snapshot_missing=false
[WARN] consensus validator set unresolved height=287 chain_height=2515 expected_hash=34a93d19 local_hash= local_source=none snapshot_missing=false
[WARN] consensus validator set unresolved height=288 chain_height=2515 expected_hash=34a93d19 local_hash= local_source=none snapshot_missing=false
[WARN] consensus validator set unresolved height=289 chain_height=2515 expected_hash=34a93d19 local_hash= local_source=none snapshot_missing=false
[WARN] consensus validator set unresolved height=290 chain_height=2515 expected_hash=34a93d19 local_hash= local_source=none snapshot_missing=false
[WARN] consensus validator set unresolved height=291 chain_height=2515 expected_hash=34a93d19 local_hash= local_source=none snapshot_missing=false
[WARN] consensus validator set unresolved height=292 chain_height=2515 expected_hash=34a93d19 local_hash= local_source=none snapshot_missing=false
[WARN] consensus validator set unresolved height=293 chain_height=2515 expected_hash=34a93d19 local_hash= local_source=none snapshot_missing=false
[WARN] consensus validator set unresolved height=294 chain_height=2515 expected_hash=34a93d19 local_hash= local_source=none snapshot_missing=false
[WARN] consensus validator set unresolved height=295 chain_height=2515 expected_hash=34a93d19 local_hash= local_source=none snapshot_missing=false
[WARN] consensus validator set unresolved height=296 chain_height=2515 expected_hash=34a93d19 local_hash= local_source=none snapshot_missing=false
[WARN] consensus validator set unresolved height=297 chain_height=2515 expected_hash=34a93d19 local_hash= local_source=none snapshot_missing=false
[WARN] consensus validator set unresolved height=298 chain_height=2515 expected_hash=34a93d19 local_hash= local_source=none snapshot_missing=false
[WARN] consensus validator set unresolved height=299 chain_height=2515 expected_hash=34a93d19 local_hash= local_source=none snapshot_missing=false
[WARN] consensus validator set unresolved height=300 chain_height=2515 expected_hash=34a93d19 local_hash= local_source=none snapshot_missing=false
[WARN] consensus validator set unresolved height=301 chain_height=2515 expected_hash=34a93d19 local_hash= local_source=none snapshot_missing=false
[WARN] consensus validator set unresolved height=302 chain_height=2515 expected_hash=34a93d19 local_hash= local_source=none snapshot_missing=false
[WARN] consensus validator set unresolved height=303 chain_height=2515 expected_hash=34a93d19 local_hash= local_source=none snapshot_missing=false
[WARN] consensus validator set unresolved height=304 chain_height=2515 expected_hash=34a93d19 local_hash= local_source=none snapshot_missing=false
[WARN] consensus validator set unresolved height=305 chain_height=2515 expected_hash=34a93d19 local_hash= local_source=none snapshot_missing=false
[WARN] consensus validator set unresolved height=306 chain_height=2515 expected_hash=34a93d19 local_hash= local_source=none snapshot_missing=false
[WARN] consensus validator set unresolved height=307 chain_height=2515 expected_hash=34a93d19 local_hash= local_source=none snapshot_missing=false
[WARN] consensus validator set unresolved height=308 chain_height=2515 expected_hash=34a93d19 local_hash= local_source=none snapshot_missing=false
[WARN] consensus validator set unresolved height=309 chain_height=2515 expected_hash=34a93d19 local_hash= local_source=none snapshot_missing=false
[WARN] consensus validator set unresolved height=310 chain_height=2515 expected_hash=34a93d19 local_hash= local_source=none snapshot_missing=false
[WARN] consensus validator set unresolved height=311 chain_height=2515 expected_hash=34a93d19 local_hash= local_source=none snapshot_missing=false
[WARN] consensus validator set unresolved height=312 chain_height=2515 expected_hash=34a93d19 local_hash= local_source=none snapshot_missing=false
[WARN] consensus validator set unresolved height=313 chain_height=2515 expected_hash=34a93d19 local_hash= local_source=none snapshot_missing=false
[WARN] consensus validator set unresolved height=314 chain_height=2515 expected_hash=34a93d19 local_hash= local_source=none snapshot_missing=false
[WARN] consensus validator set unresolved height=315 chain_height=2515 expected_hash=34a93d19 local_hash= local_source=none snapshot_missing=false
[WARN] consensus validator set unresolved height=316 chain_height=2515 expected_hash=34a93d19 local_hash= local_source=none snapshot_missing=false
[WARN] consensus validator set unresolved height=317 chain_height=2515 expected_hash=34a93d19 local_hash= local_source=none snapshot_missing=false
[WARN] consensus validator set unresolved height=318 chain_height=2515 expected_hash=34a93d19 local_hash= local_source=none snapshot_missing=false
[WARN] consensus validator set unresolved height=319 chain_height=2515 expected_hash=34a93d19 local_hash= local_source=none snapshot_missing=false
[WARN] consensus validator set unresolved height=320 chain_height=2515 expected_hash=34a93d19 local_hash= local_source=none snapshot_missing=false
[WARN] consensus validator set unresolved height=321 chain_height=2515 expected_hash=34a93d19 local_hash= local_source=none snapshot_missing=false
[WARN] consensus validator set unresolved height=322 chain_height=2515 expected_hash=34a93d19 local_hash= local_source=none snapshot_missing=false
[WARN] consensus validator set unresolved height=323 chain_height=2515 expected_hash=34a93d19 local_hash= local_source=none snapshot_missing=false
[WARN] consensus validator set unresolved height=324 chain_height=2515 expected_hash=34a93d19 local_hash= local_source=none snapshot_missing=false
[WARN] consensus validator set unresolved height=325 chain_height=2515 expected_hash=34a93d19 local_hash= local_source=none snapshot_missing=false
[WARN] consensus validator set unresolved height=326 chain_height=2515 expected_hash=34a93d19 local_hash= local_source=none snapshot_missing=false
[WARN] consensus validator set unresolved height=327 chain_height=2515 expected_hash=34a93d19 local_hash= local_source=none snapshot_missing=false
[WARN] consensus validator set unresolved height=328 chain_height=2515 expected_hash=34a93d19 local_hash= local_source=none snapshot_missing=false
[WARN] consensus validator set unresolved height=329 chain_height=2515 expected_hash=34a93d19 local_hash= local_source=none snapshot_missing=false
[WARN] consensus validator set unresolved height=330 chain_height=2515 expected_hash=34a93d19 local_hash= local_source=none snapshot_missing=false
[WARN] consensus validator set unresolved height=331 chain_height=2515 expected_hash=34a93d19 local_hash= local_source=none snapshot_missing=false
[WARN] consensus validator set unresolved height=332 chain_height=2515 expected_hash=34a93d19 local_hash= local_source=none snapshot_missing=false
[WARN] consensus validator set unresolved height=333 chain_height=2515 expected_hash=34a93d19 local_hash= local_source=none snapshot_missing=false
[WARN] consensus validator set unresolved height=334 chain_height=2515 expected_hash=34a93d19 local_hash= local_source=none snapshot_missing=false
[WARN] consensus validator set unresolved height=335 chain_height=2515 expected_hash=34a93d19 local_hash= local_source=none snapshot_missing=false
[WARN] consensus validator set unresolved height=336 chain_height=2515 expected_hash=34a93d19 local_hash= local_source=none snapshot_missing=false
[WARN] consensus validator set unresolved height=337 chain_height=2515 expected_hash=34a93d19 local_hash= local_source=none snapshot_missing=false
[WARN] consensus validator set unresolved height=338 chain_height=2515 expected_hash=34a93d19 local_hash= local_source=none snapshot_missing=false
[WARN] consensus validator set unresolved height=339 chain_height=2515 expected_hash=34a93d19 local_hash= local_source=none snapshot_missing=false
[WARN] consensus validator set unresolved height=340 chain_height=2515 expected_hash=34a93d19 local_hash= local_source=none snapshot_missing=false
[WARN] consensus validator set unresolved height=341 chain_height=2515 expected_hash=34a93d19 local_hash= local_source=none snapshot_missing=false
[WARN] consensus validator set unresolved height=342 chain_height=2515 expected_hash=34a93d19 local_hash= local_source=none snapshot_missing=false
[WARN] consensus validator set unresolved height=343 chain_height=2515 expected_hash=34a93d19 local_hash= local_source=none snapshot_missing=false
[WARN] consensus validator set unresolved height=344 chain_height=2515 expected_hash=34a93d19 local_hash= local_source=none snapshot_missing=false
[WARN] consensus validator set unresolved height=345 chain_height=2515 expected_hash=34a93d19 local_hash= local_source=none snapshot_missing=false
[WARN] consensus validator set unresolved height=346 chain_height=2515 expected_hash=34a93d19 local_hash= local_source=none snapshot_missing=false
[WARN] consensus validator set unresolved height=347 chain_height=2515 expected_hash=34a93d19 local_hash= local_source=none snapshot_missing=false
[WARN] consensus validator set unresolved height=348 chain_height=2515 expected_hash=34a93d19 local_hash= local_source=none snapshot_missing=false
[WARN] consensus validator set unresolved height=349 chain_height=2515 expected_hash=34a93d19 local_hash= local_source=none snapshot_missing=false
[WARN] consensus validator set unresolved height=350 chain_height=2515 expected_hash=34a93d19 local_hash= local_source=none snapshot_missing=false
[WARN] consensus validator set unresolved height=351 chain_height=2515 expected_hash=34a93d19 local_hash= local_source=none snapshot_missing=false
[WARN] consensus validator set unresolved height=352 chain_height=2515 expected_hash=34a93d19 local_hash= local_source=none snapshot_missing=false
[WARN] consensus validator set unresolved height=353 chain_height=2515 expected_hash=34a93d19 local_hash= local_source=none snapshot_missing=false
[WARN] consensus validator set unresolved height=354 chain_height=2515 expected_hash=34a93d19 local_hash= local_source=none snapshot_missing=false
[WARN] consensus validator set unresolved height=355 chain_height=2515 expected_hash=34a93d19 local_hash= local_source=none snapshot_missing=false
[WARN] consensus validator set unresolved height=356 chain_height=2515 expected_hash=34a93d19 local_hash= local_source=none snapshot_missing=false
[WARN] consensus validator set unresolved height=357 chain_height=2515 expected_hash=34a93d19 local_hash= local_source=none snapshot_missing=false
[WARN] consensus validator set unresolved height=358 chain_height=2515 expected_hash=34a93d19 local_hash= local_source=none snapshot_missing=false
[WARN] consensus validator set unresolved height=359 chain_height=2515 expected_hash=34a93d19 local_hash= local_source=none snapshot_missing=false
[WARN] consensus validator set unresolved height=360 chain_height=2515 expected_hash=34a93d19 local_hash= local_source=none snapshot_missing=false
[WARN] consensus validator set unresolved height=361 chain_height=2515 expected_hash=34a93d19 local_hash= local_source=none snapshot_missing=false
[WARN] consensus validator set unresolved height=362 chain_height=2515 expected_hash=34a93d19 local_hash= local_source=none snapshot_missing=false
[WARN] consensus validator set unresolved height=363 chain_height=2515 expected_hash=34a93d19 local_hash= local_source=none snapshot_missing=false
[WARN] consensus validator set unresolved height=364 chain_height=2515 expected_hash=34a93d19 local_hash= local_source=none snapshot_missing=false
[WARN] consensus validator set unresolved height=365 chain_height=2515 expected_hash=34a93d19 local_hash= local_source=none snapshot_missing=false
[WARN] consensus validator set unresolved height=366 chain_height=2515 expected_hash=34a93d19 local_hash= local_source=none snapshot_missing=false
[WARN] consensus validator set unresolved height=367 chain_height=2515 expected_hash=34a93d19 local_hash= local_source=none snapshot_missing=false
[WARN] consensus validator set unresolved height=368 chain_height=2515 expected_hash=34a93d19 local_hash= local_source=none snapshot_missing=false
[WARN] consensus validator set unresolved height=369 chain_height=2515 expected_hash=34a93d19 local_hash= local_source=none snapshot_missing=false
[WARN] consensus validator set unresolved height=370 chain_height=2515 expected_hash=34a93d19 local_hash= local_source=none snapshot_missing=false
[WARN] consensus validator set unresolved height=371 chain_height=2515 expected_hash=34a93d19 local_hash= local_source=none snapshot_missing=false
[WARN] consensus validator set unresolved height=372 chain_height=2515 expected_hash=34a93d19 local_hash= local_source=none snapshot_missing=false
[WARN] consensus validator set unresolved height=373 chain_height=2515 expected_hash=34a93d19 local_hash= local_source=none snapshot_missing=false
[WARN] consensus validator set unresolved height=374 chain_height=2515 expected_hash=34a93d19 local_hash= local_source=none snapshot_missing=false
[WARN] consensus validator set unresolved height=375 chain_height=2515 expected_hash=34a93d19 local_hash= local_source=none snapshot_missing=false
[WARN] consensus validator set unresolved height=376 chain_height=2515 expected_hash=34a93d19 local_hash= local_source=none snapshot_missing=false
[WARN] consensus validator set unresolved height=377 chain_height=2515 expected_hash=34a93d19 local_hash= local_source=none snapshot_missing=false
[WARN] consensus validator set unresolved height=378 chain_height=2515 expected_hash=34a93d19 local_hash= local_source=none snapshot_missing=false
[WARN] consensus validator set unresolved height=379 chain_height=2515 expected_hash=34a93d19 local_hash= local_source=none snapshot_missing=false
[WARN] consensus validator set unresolved height=380 chain_height=2515 expected_hash=34a93d19 local_hash= local_source=none snapshot_missing=false
[WARN] consensus validator set unresolved height=381 chain_height=2515 expected_hash=34a93d19 local_hash= local_source=none snapshot_missing=false
[WARN] consensus validator set unresolved height=382 chain_height=2515 expected_hash=34a93d19 local_hash= local_source=none snapshot_missing=false
[WARN] consensus validator set unresolved height=383 chain_height=2515 expected_hash=34a93d19 local_hash= local_source=none snapshot_missing=false
[WARN] consensus validator set unresolved height=384 chain_height=2515 expected_hash=34a93d19 local_hash= local_source=none snapshot_missing=false
[WARN] consensus validator set unresolved height=385 chain_height=2515 expected_hash=34a93d19 local_hash= local_source=none snapshot_missing=false
[WARN] consensus validator set unresolved height=386 chain_height=2515 expected_hash=34a93d19 local_hash= local_source=none snapshot_missing=false
[WARN] consensus validator set unresolved height=387 chain_height=2515 expected_hash=34a93d19 local_hash= local_source=none snapshot_missing=false
[WARN] consensus validator set unresolved height=388 chain_height=2515 expected_hash=34a93d19 local_hash= local_source=none snapshot_missing=false
[WARN] consensus validator set unresolved height=389 chain_height=2515 expected_hash=34a93d19 local_hash= local_source=none snapshot_missing=false
[WARN] consensus validator set unresolved height=390 chain_height=2515 expected_hash=34a93d19 local_hash= local_source=none snapshot_missing=false
[WARN] consensus validator set unresolved height=391 chain_height=2515 expected_hash=34a93d19 local_hash= local_source=none snapshot_missing=false
[WARN] consensus validator set unresolved height=392 chain_height=2515 expected_hash=34a93d19 local_hash= local_source=none snapshot_missing=false
[WARN] consensus validator set unresolved height=393 chain_height=2515 expected_hash=34a93d19 local_hash= local_source=none snapshot_missing=false
[WARN] consensus validator set unresolved height=394 chain_height=2515 expected_hash=34a93d19 local_hash= local_source=none snapshot_missing=false
[WARN] consensus validator set unresolved height=395 chain_height=2515 expected_hash=34a93d19 local_hash= local_source=none snapshot_missing=false
[WARN] consensus validator set unresolved height=396 chain_height=2515 expected_hash=34a93d19 local_hash= local_source=none snapshot_missing=false
[WARN] consensus validator set unresolved height=397 chain_height=2515 expected_hash=34a93d19 local_hash= local_source=none snapshot_missing=false
[WARN] consensus validator set unresolved height=398 chain_height=2515 expected_hash=34a93d19 local_hash= local_source=none snapshot_missing=false
[WARN] consensus validator set unresolved height=399 chain_height=2515 expected_hash=34a93d19 local_hash= local_source=none snapshot_missing=false
[WARN] consensus validator set unresolved height=400 chain_height=2515 expected_hash=34a93d19 local_hash= local_source=none snapshot_missing=false
[WARN] consensus validator set unresolved height=401 chain_height=2515 expected_hash=34a93d19 local_hash= local_source=none snapshot_missing=false
[WARN] consensus validator set unresolved height=402 chain_height=2515 expected_hash=34a93d19 local_hash= local_source=none snapshot_missing=false
[WARN] consensus validator set unresolved height=403 chain_height=2515 expected_hash=34a93d19 local_hash= local_source=none snapshot_missing=false
[WARN] consensus validator set unresolved height=404 chain_height=2515 expected_hash=34a93d19 local_hash= local_source=none snapshot_missing=false
[WARN] consensus validator set unresolved height=405 chain_height=2515 expected_hash=34a93d19 local_hash= local_source=none snapshot_missing=false
[WARN] consensus validator set unresolved height=406 chain_height=2515 expected_hash=34a93d19 local_hash= local_source=none snapshot_missing=false
[WARN] consensus validator set unresolved height=407 chain_height=2515 expected_hash=34a93d19 local_hash= local_source=none snapshot_missing=false
[WARN] consensus validator set unresolved height=408 chain_height=2515 expected_hash=34a93d19 local_hash= local_source=none snapshot_missing=false
[WARN] consensus validator set unresolved height=409 chain_height=2515 expected_hash=34a93d19 local_hash= local_source=none snapshot_missing=false
[WARN] consensus validator set unresolved height=410 chain_height=2515 expected_hash=34a93d19 local_hash= local_source=none snapshot_missing=false
[WARN] consensus validator set unresolved height=411 chain_height=2515 expected_hash=34a93d19 local_hash= local_source=none snapshot_missing=false
[WARN] consensus validator set unresolved height=412 chain_height=2515 expected_hash=34a93d19 local_hash= local_source=none snapshot_missing=false
[WARN] consensus validator set unresolved height=413 chain_height=2515 expected_hash=34a93d19 local_hash= local_source=none snapshot_missing=false
[WARN] consensus validator set unresolved height=414 chain_height=2515 expected_hash=34a93d19 local_hash= local_source=none snapshot_missing=false
[WARN] consensus validator set unresolved height=415 chain_height=2515 expected_hash=34a93d19 local_hash= local_source=none snapshot_missing=false
[WARN] consensus validator set unresolved height=416 chain_height=2515 expected_hash=34a93d19 local_hash= local_source=none snapshot_missing=false
[WARN] consensus validator set unresolved height=417 chain_height=2515 expected_hash=34a93d19 local_hash= local_source=none snapshot_missing=false
[WARN] consensus validator set unresolved height=418 chain_height=2515 expected_hash=34a93d19 local_hash= local_source=none snapshot_missing=false
[WARN] consensus validator set unresolved height=419 chain_height=2515 expected_hash=34a93d19 local_hash= local_source=none snapshot_missing=false
[WARN] consensus validator set unresolved height=420 chain_height=2515 expected_hash=34a93d19 local_hash= local_source=none snapshot_missing=false
[WARN] consensus validator set unresolved height=421 chain_height=2515 expected_hash=34a93d19 local_hash= local_source=none snapshot_missing=false
[WARN] consensus validator set unresolved height=422 chain_height=2515 expected_hash=34a93d19 local_hash= local_source=none snapshot_missing=false
[WARN] consensus validator set unresolved height=423 chain_height=2515 expected_hash=34a93d19 local_hash= local_source=none snapshot_missing=false
[WARN] consensus validator set unresolved height=424 chain_height=2515 expected_hash=34a93d19 local_hash= local_source=none snapshot_missing=false
[WARN] consensus validator set unresolved height=425 chain_height=2515 expected_hash=34a93d19 local_hash= local_source=none snapshot_missing=false
[WARN] consensus validator set unresolved height=426 chain_height=2515 expected_hash=34a93d19 local_hash= local_source=none snapshot_missing=false
[WARN] consensus validator set unresolved height=427 chain_height=2515 expected_hash=34a93d19 local_hash= local_source=none snapshot_missing=false
[WARN] consensus validator set unresolved height=428 chain_height=2515 expected_hash=34a93d19 local_hash= local_source=none snapshot_missing=false
[WARN] consensus validator set unresolved height=429 chain_height=2515 expected_hash=34a93d19 local_hash= local_source=none snapshot_missing=false
[WARN] consensus validator set unresolved height=430 chain_height=2515 expected_hash=34a93d19 local_hash= local_source=none snapshot_missing=false
[WARN] consensus validator set unresolved height=431 chain_height=2515 expected_hash=34a93d19 local_hash= local_source=none snapshot_missing=false
[WARN] consensus validator set unresolved height=432 chain_height=2515 expected_hash=34a93d19 local_hash= local_source=none snapshot_missing=false
[WARN] consensus validator set unresolved height=433 chain_height=2515 expected_hash=34a93d19 local_hash= local_source=none snapshot_missing=false
[WARN] consensus validator set unresolved height=434 chain_height=2515 expected_hash=34a93d19 local_hash= local_source=none snapshot_missing=false
[WARN] consensus validator set unresolved height=435 chain_height=2515 expected_hash=34a93d19 local_hash= local_source=none snapshot_missing=false
[WARN] consensus validator set unresolved height=436 chain_height=2515 expected_hash=34a93d19 local_hash= local_source=none snapshot_missing=false
[WARN] consensus validator set unresolved height=437 chain_height=2515 expected_hash=34a93d19 local_hash= local_source=none snapshot_missing=false
[WARN] consensus validator set unresolved height=438 chain_height=2515 expected_hash=34a93d19 local_hash= local_source=none snapshot_missing=false
[WARN] consensus validator set unresolved height=439 chain_height=2515 expected_hash=34a93d19 local_hash= local_source=none snapshot_missing=false
[WARN] consensus validator set unresolved height=440 chain_height=2515 expected_hash=34a93d19 local_hash= local_source=none snapshot_missing=false
[WARN] consensus validator set unresolved height=441 chain_height=2515 expected_hash=34a93d19 local_hash= local_source=none snapshot_missing=false
[WARN] consensus validator set unresolved height=442 chain_height=2515 expected_hash=34a93d19 local_hash= local_source=none snapshot_missing=false
[WARN] consensus validator set unresolved height=443 chain_height=2515 expected_hash=34a93d19 local_hash= local_source=none snapshot_missing=false
[WARN] consensus validator set unresolved height=444 chain_height=2515 expected_hash=34a93d19 local_hash= local_source=none snapshot_missing=false
[WARN] consensus validator set unresolved height=445 chain_height=2515 expected_hash=34a93d19 local_hash= local_source=none snapshot_missing=false
2026/05/18 14:41:55 [REGISTRY-HISTORY-REBUILD] height=1467 status=scheduled reason=consensus_set_unresolved
2026/05/18 14:41:55 [REGISTRY-HISTORY-REBUILD] height=1467 status=started reason=consensus_set_unresolved
2026/05/18 14:41:55 [REGISTRY-HISTORY-REBUILD] height=1467 status=ok reason=consensus_set_unresolved
[WARN] consensus validator set unresolved height=446 chain_height=2515 expected_hash=34a93d19 local_hash= local_source=none snapshot_missing=false
[WARN] consensus validator set unresolved height=447 chain_height=2515 expected_hash=34a93d19 local_hash= local_source=none snapshot_missing=false
[WARN] consensus validator set unresolved height=448 chain_height=2515 expected_hash=34a93d19 local_hash= local_source=none snapshot_missing=false
[WARN] consensus validator set unresolved height=449 chain_height=2515 expected_hash=34a93d19 local_hash= local_source=none snapshot_missing=false
[WARN] consensus validator set unresolved height=450 chain_height=2515 expected_hash=34a93d19 local_hash= local_source=none snapshot_missing=false
[WARN] consensus validator set unresolved height=451 chain_height=2515 expected_hash=34a93d19 local_hash= local_source=none snapshot_missing=false
[WARN] consensus validator set unresolved height=452 chain_height=2515 expected_hash=34a93d19 local_hash= local_source=none snapshot_missing=false
[WARN] consensus validator set unresolved height=453 chain_height=2515 expected_hash=34a93d19 local_hash= local_source=none snapshot_missing=false
[WARN] consensus validator set unresolved height=454 chain_height=2515 expected_hash=34a93d19 local_hash= local_source=none snapshot_missing=false
[WARN] consensus validator set unresolved height=455 chain_height=2515 expected_hash=34a93d19 local_hash= local_source=none snapshot_missing=false
[WARN] consensus validator set unresolved height=456 chain_height=2515 expected_hash=34a93d19 local_hash= local_source=none snapshot_missing=false
[WARN] consensus validator set unresolved height=457 chain_height=2515 expected_hash=34a93d19 local_hash= local_source=none snapshot_missing=false
[WARN] consensus validator set unresolved height=458 chain_height=2515 expected_hash=34a93d19 local_hash= local_source=none snapshot_missing=false
[WARN] consensus validator set unresolved height=459 chain_height=2515 expected_hash=34a93d19 local_hash= local_source=none snapshot_missing=false
[WARN] consensus validator set unresolved height=460 chain_height=2515 expected_hash=34a93d19 local_hash= local_source=none snapshot_missing=false
[WARN] consensus validator set unresolved height=461 chain_height=2515 expected_hash=34a93d19 local_hash= local_source=none snapshot_missing=false
[WARN] consensus validator set unresolved height=462 chain_height=2515 expected_hash=34a93d19 local_hash= local_source=none snapshot_missing=false
[WARN] consensus validator set unresolved height=463 chain_height=2515 expected_hash=34a93d19 local_hash= local_source=none snapshot_missing=false
[WARN] consensus validator set unresolved height=464 chain_height=2515 expected_hash=34a93d19 local_hash= local_source=none snapshot_missing=false
[WARN] consensus validator set unresolved height=465 chain_height=2515 expected_hash=34a93d19 local_hash= local_source=none snapshot_missing=false
[WARN] consensus validator set unresolved height=466 chain_height=2515 expected_hash=34a93d19 local_hash= local_source=none snapshot_missing=false
[WARN] consensus validator set unresolved height=467 chain_height=2515 expected_hash=34a93d19 local_hash= local_source=none snapshot_missing=false
[WARN] consensus validator set unresolved height=468 chain_height=2515 expected_hash=34a93d19 local_hash= local_source=none snapshot_missing=false
[WARN] consensus validator set unresolved height=469 chain_height=2515 expected_hash=34a93d19 local_hash= local_source=none snapshot_missing=false
[WARN] consensus validator set unresolved height=470 chain_height=2515 expected_hash=34a93d19 local_hash= local_source=none snapshot_missing=false
[WARN] consensus validator set unresolved height=471 chain_height=2515 expected_hash=34a93d19 local_hash= local_source=none snapshot_missing=false
[WARN] consensus validator set unresolved height=472 chain_height=2515 expected_hash=34a93d19 local_hash= local_source=none snapshot_missing=false
[WARN] consensus validator set unresolved height=473 chain_height=2515 expected_hash=34a93d19 local_hash= local_source=none snapshot_missing=false
[WARN] consensus validator set unresolved height=474 chain_height=2515 expected_hash=34a93d19 local_hash= local_source=none snapshot_missing=false
[WARN] consensus validator set unresolved height=475 chain_height=2515 expected_hash=34a93d19 local_hash= local_source=none snapshot_missing=false
[WARN] consensus validator set unresolved height=476 chain_height=2515 expected_hash=34a93d19 local_hash= local_source=none snapshot_missing=false
[WARN] consensus validator set unresolved height=477 chain_height=2515 expected_hash=34a93d19 local_hash= local_source=none snapshot_missing=false
[WARN] consensus validator set unresolved height=478 chain_height=2515 expected_hash=34a93d19 local_hash= local_source=none snapshot_missing=false
[WARN] consensus validator set unresolved height=479 chain_height=2515 expected_hash=34a93d19 local_hash= local_source=none snapshot_missing=false
[WARN] consensus validator set unresolved height=480 chain_height=2515 expected_hash=34a93d19 local_hash= local_source=none snapshot_missing=false
[WARN] consensus validator set unresolved height=481 chain_height=2515 expected_hash=34a93d19 local_hash= local_source=none snapshot_missing=false
[WARN] consensus validator set unresolved height=482 chain_height=2515 expected_hash=34a93d19 local_hash= local_source=none snapshot_missing=false
[WARN] consensus validator set unresolved height=483 chain_height=2515 expected_hash=34a93d19 local_hash= local_source=none snapshot_missing=false
[WARN] consensus validator set unresolved height=484 chain_height=2515 expected_hash=34a93d19 local_hash= local_source=none snapshot_missing=false
[WARN] consensus validator set unresolved height=485 chain_height=2515 expected_hash=34a93d19 local_hash= local_source=none snapshot_missing=false
[WARN] consensus validator set unresolved height=486 chain_height=2515 expected_hash=34a93d19 local_hash= local_source=none snapshot_missing=false
[WARN] consensus validator set unresolved height=487 chain_height=2515 expected_hash=34a93d19 local_hash= local_source=none snapshot_missing=false
[WARN] consensus validator set unresolved height=488 chain_height=2515 expected_hash=34a93d19 local_hash= local_source=none snapshot_missing=false
[WARN] consensus validator set unresolved height=489 chain_height=2515 expected_hash=34a93d19 local_hash= local_source=none snapshot_missing=false
[WARN] consensus validator set unresolved height=490 chain_height=2515 expected_hash=34a93d19 local_hash= local_source=none snapshot_missing=false
[WARN] consensus validator set unresolved height=491 chain_height=2515 expected_hash=34a93d19 local_hash= local_source=none snapshot_missing=false
[WARN] consensus validator set unresolved height=492 chain_height=2515 expected_hash=34a93d19 local_hash= local_source=none snapshot_missing=false
[WARN] consensus validator set unresolved height=493 chain_height=2515 expected_hash=34a93d19 local_hash= local_source=none snapshot_missing=false
[WARN] consensus validator set unresolved height=494 chain_height=2515 expected_hash=34a93d19 local_hash= local_source=none snapshot_missing=false
[WARN] consensus validator set unresolved height=495 chain_height=2515 expected_hash=34a93d19 local_hash= local_source=none snapshot_missing=false
[WARN] consensus validator set unresolved height=496 chain_height=2515 expected_hash=34a93d19 local_hash= local_source=none snapshot_missing=false
[WARN] consensus validator set unresolved height=497 chain_height=2515 expected_hash=34a93d19 local_hash= local_source=none snapshot_missing=false
[WARN] consensus validator set unresolved height=498 chain_height=2515 expected_hash=34a93d19 local_hash= local_source=none snapshot_missing=false
[WARN] consensus validator set unresolved height=499 chain_height=2515 expected_hash=34a93d19 local_hash= local_source=none snapshot_missing=false
[WARN] consensus validator set unresolved height=500 chain_height=2515 expected_hash=34a93d19 local_hash= local_source=none snapshot_missing=false
[WARN] consensus validator set unresolved height=501 chain_height=2515 expected_hash=34a93d19 local_hash= local_source=none snapshot_missing=false
[WARN] consensus validator set unresolved height=502 chain_height=2515 expected_hash=34a93d19 local_hash= local_source=none snapshot_missing=false
[WARN] consensus validator set unresolved height=503 chain_height=2515 expected_hash=34a93d19 local_hash= local_source=none snapshot_missing=false
[WARN] consensus validator set unresolved height=504 chain_height=2515 expected_hash=34a93d19 local_hash= local_source=none snapshot_missing=false
[WARN] consensus validator set unresolved height=505 chain_height=2515 expected_hash=34a93d19 local_hash= local_source=none snapshot_missing=false
[WARN] consensus validator set unresolved height=506 chain_height=2515 expected_hash=34a93d19 local_hash= local_source=none snapshot_missing=false
[WARN] consensus validator set unresolved height=507 chain_height=2515 expected_hash=34a93d19 local_hash= local_source=none snapshot_missing=false
[WARN] consensus validator set unresolved height=508 chain_height=2515 expected_hash=34a93d19 local_hash= local_source=none snapshot_missing=false
[WARN] consensus validator set unresolved height=509 chain_height=2515 expected_hash=34a93d19 local_hash= local_source=none snapshot_missing=false
[WARN] consensus validator set unresolved height=510 chain_height=2515 expected_hash=34a93d19 local_hash= local_source=none snapshot_missing=false
[WARN] consensus validator set unresolved height=511 chain_height=2515 expected_hash=34a93d19 local_hash= local_source=none snapshot_missing=false
[WARN] consensus validator set unresolved height=512 chain_height=2515 expected_hash=34a93d19 local_hash= local_source=none snapshot_missing=false
[WARN] consensus validator set unresolved height=513 chain_height=2515 expected_hash=34a93d19 local_hash= local_source=none snapshot_missing=false
[WARN] consensus validator set unresolved height=514 chain_height=2515 expected_hash=34a93d19 local_hash= local_source=none snapshot_missing=false
[WARN] consensus validator set unresolved height=515 chain_height=2515 expected_hash=34a93d19 local_hash= local_source=none snapshot_missing=false
[WARN] consensus validator set unresolved height=516 chain_height=2515 expected_hash=34a93d19 local_hash= local_source=none snapshot_missing=false
[WARN] consensus validator set unresolved height=517 chain_height=2515 expected_hash=34a93d19 local_hash= local_source=none snapshot_missing=false
[WARN] consensus validator set unresolved height=518 chain_height=2515 expected_hash=34a93d19 local_hash= local_source=none snapshot_missing=false
[WARN] consensus validator set unresolved height=519 chain_height=2515 expected_hash=34a93d19 local_hash= local_source=none snapshot_missing=false
[WARN] consensus validator set unresolved height=520 chain_height=2515 expected_hash=34a93d19 local_hash= local_source=none snapshot_missing=false
[WARN] consensus validator set unresolved height=521 chain_height=2515 expected_hash=34a93d19 local_hash= local_source=none snapshot_missing=false
[WARN] consensus validator set unresolved height=522 chain_height=2515 expected_hash=34a93d19 local_hash= local_source=none snapshot_missing=false
[WARN] consensus validator set unresolved height=523 chain_height=2515 expected_hash=34a93d19 local_hash= local_source=none snapshot_missing=false
[WARN] consensus validator set unresolved height=524 chain_height=2515 expected_hash=34a93d19 local_hash= local_source=none snapshot_missing=false
[WARN] consensus validator set unresolved height=525 chain_height=2515 expected_hash=34a93d19 local_hash= local_source=none snapshot_missing=false
[WARN] consensus validator set unresolved height=526 chain_height=2515 expected_hash=34a93d19 local_hash= local_source=none snapshot_missing=false
[WARN] consensus validator set unresolved height=527 chain_height=2515 expected_hash=34a93d19 local_hash= local_source=none snapshot_missing=false
[WARN] consensus validator set unresolved height=528 chain_height=2515 expected_hash=34a93d19 local_hash= local_source=none snapshot_missing=false
[WARN] consensus validator set unresolved height=529 chain_height=2515 expected_hash=34a93d19 local_hash= local_source=none snapshot_missing=false
[WARN] consensus validator set unresolved height=530 chain_height=2515 expected_hash=34a93d19 local_hash= local_source=none snapshot_missing=false
[WARN] consensus validator set unresolved height=531 chain_height=2515 expected_hash=34a93d19 local_hash= local_source=none snapshot_missing=false
[WARN] consensus validator set unresolved height=532 chain_height=2515 expected_hash=34a93d19 local_hash= local_source=none snapshot_missing=false
[WARN] consensus validator set unresolved height=533 chain_height=2515 expected_hash=34a93d19 local_hash= local_source=none snapshot_missing=false
[WARN] consensus validator set unresolved height=534 chain_height=2515 expected_hash=34a93d19 local_hash= local_source=none snapshot_missing=false
[WARN] consensus validator set unresolved height=535 chain_height=2515 expected_hash=34a93d19 local_hash= local_source=none snapshot_missing=false
[WARN] consensus validator set unresolved height=536 chain_height=2515 expected_hash=34a93d19 local_hash= local_source=none snapshot_missing=false
[WARN] consensus validator set unresolved height=537 chain_height=2515 expected_hash=34a93d19 local_hash= local_source=none snapshot_missing=false
[WARN] consensus validator set unresolved height=538 chain_height=2515 expected_hash=34a93d19 local_hash= local_source=none snapshot_missing=false
[WARN] consensus validator set unresolved height=539 chain_height=2515 expected_hash=34a93d19 local_hash= local_source=none snapshot_missing=false
[WARN] consensus validator set unresolved height=540 chain_height=2515 expected_hash=34a93d19 local_hash= local_source=none snapshot_missing=false
[WARN] consensus validator set unresolved height=541 chain_height=2515 expected_hash=34a93d19 local_hash= local_source=none snapshot_missing=false
[WARN] consensus validator set unresolved height=542 chain_height=2515 expected_hash=34a93d19 local_hash= local_source=none snapshot_missing=false
[WARN] consensus validator set unresolved height=543 chain_height=2515 expected_hash=34a93d19 local_hash= local_source=none snapshot_missing=false
[WARN] consensus validator set unresolved height=544 chain_height=2515 expected_hash=34a93d19 local_hash= local_source=none snapshot_missing=false
[WARN] consensus validator set unresolved height=545 chain_height=2515 expected_hash=34a93d19 local_hash= local_source=none snapshot_missing=false
[WARN] consensus validator set unresolved height=546 chain_height=2515 expected_hash=34a93d19 local_hash= local_source=none snapshot_missing=false
[WARN] consensus validator set unresolved height=547 chain_height=2515 expected_hash=34a93d19 local_hash= local_source=none snapshot_missing=false
[WARN] consensus validator set unresolved height=548 chain_height=2515 expected_hash=34a93d19 local_hash= local_source=none snapshot_missing=false
[WARN] consensus validator set unresolved height=549 chain_height=2515 expected_hash=34a93d19 local_hash= local_source=none snapshot_missing=false
[WARN] consensus validator set unresolved height=550 chain_height=2515 expected_hash=34a93d19 local_hash= local_source=none snapshot_missing=false
[WARN] consensus validator set unresolved height=551 chain_height=2515 expected_hash=34a93d19 local_hash= local_source=none snapshot_missing=false
[WARN] consensus validator set unresolved height=552 chain_height=2515 expected_hash=34a93d19 local_hash= local_source=none snapshot_missing=false
[WARN] consensus validator set unresolved height=553 chain_height=2515 expected_hash=34a93d19 local_hash= local_source=none snapshot_missing=false
[WARN] consensus validator set unresolved height=554 chain_height=2515 expected_hash=34a93d19 local_hash= local_source=none snapshot_missing=false
[WARN] consensus validator set unresolved height=555 chain_height=2515 expected_hash=34a93d19 local_hash= local_source=none snapshot_missing=false
[WARN] consensus validator set unresolved height=556 chain_height=2515 expected_hash=34a93d19 local_hash= local_source=none snapshot_missing=false
[WARN] consensus validator set unresolved height=557 chain_height=2515 expected_hash=34a93d19 local_hash= local_source=none snapshot_missing=false
[WARN] consensus validator set unresolved height=558 chain_height=2515 expected_hash=34a93d19 local_hash= local_source=none snapshot_missing=false
[WARN] consensus validator set unresolved height=559 chain_height=2515 expected_hash=34a93d19 local_hash= local_source=none snapshot_missing=false
[WARN] consensus validator set unresolved height=560 chain_height=2515 expected_hash=34a93d19 local_hash= local_source=none snapshot_missing=false
[WARN] consensus validator set unresolved height=561 chain_height=2515 expected_hash=34a93d19 local_hash= local_source=none snapshot_missing=false
[WARN] consensus validator set unresolved height=562 chain_height=2515 expected_hash=34a93d19 local_hash= local_source=none snapshot_missing=false
[WARN] consensus validator set unresolved height=563 chain_height=2515 expected_hash=34a93d19 local_hash= local_source=none snapshot_missing=false
[WARN] consensus validator set unresolved height=564 chain_height=2515 expected_hash=34a93d19 local_hash= local_source=none snapshot_missing=false
[WARN] consensus validator set unresolved height=565 chain_height=2515 expected_hash=34a93d19 local_hash= local_source=none snapshot_missing=false
[WARN] consensus validator set unresolved height=566 chain_height=2515 expected_hash=34a93d19 local_hash= local_source=none snapshot_missing=false
[WARN] consensus validator set unresolved height=567 chain_height=2515 expected_hash=34a93d19 local_hash= local_source=none snapshot_missing=false
[WARN] consensus validator set unresolved height=568 chain_height=2515 expected_hash=34a93d19 local_hash= local_source=none snapshot_missing=false
[WARN] consensus validator set unresolved height=569 chain_height=2515 expected_hash=34a93d19 local_hash= local_source=none snapshot_missing=false
[WARN] consensus validator set unresolved height=570 chain_height=2515 expected_hash=34a93d19 local_hash= local_source=none snapshot_missing=false
[WARN] consensus validator set unresolved height=571 chain_height=2515 expected_hash=34a93d19 local_hash= local_source=none snapshot_missing=false
[WARN] consensus validator set unresolved height=572 chain_height=2515 expected_hash=34a93d19 local_hash= local_source=none snapshot_missing=false
[WARN] consensus validator set unresolved height=573 chain_height=2515 expected_hash=34a93d19 local_hash= local_source=none snapshot_missing=false
[WARN] consensus validator set unresolved height=574 chain_height=2515 expected_hash=34a93d19 local_hash= local_source=none snapshot_missing=false
[WARN] consensus validator set unresolved height=575 chain_height=2515 expected_hash=34a93d19 local_hash= local_source=none snapshot_missing=false
[WARN] consensus validator set unresolved height=576 chain_height=2515 expected_hash=34a93d19 local_hash= local_source=none snapshot_missing=false
[WARN] consensus validator set unresolved height=577 chain_height=2515 expected_hash=34a93d19 local_hash= local_source=none snapshot_missing=false
[WARN] consensus validator set unresolved height=578 chain_height=2515 expected_hash=34a93d19 local_hash= local_source=none snapshot_missing=false
[WARN] consensus validator set unresolved height=579 chain_height=2515 expected_hash=34a93d19 local_hash= local_source=none snapshot_missing=false
[WARN] consensus validator set unresolved height=580 chain_height=2515 expected_hash=34a93d19 local_hash= local_source=none snapshot_missing=false
[WARN] consensus validator set unresolved height=581 chain_height=2515 expected_hash=34a93d19 local_hash= local_source=none snapshot_missing=false
[WARN] consensus validator set unresolved height=582 chain_height=2515 expected_hash=34a93d19 local_hash= local_source=none snapshot_missing=false
[WARN] consensus validator set unresolved height=583 chain_height=2515 expected_hash=34a93d19 local_hash= local_source=none snapshot_missing=false
[WARN] consensus validator set unresolved height=584 chain_height=2515 expected_hash=34a93d19 local_hash= local_source=none snapshot_missing=false
[WARN] consensus validator set unresolved height=585 chain_height=2515 expected_hash=34a93d19 local_hash= local_source=none snapshot_missing=false
[WARN] consensus validator set unresolved height=586 chain_height=2515 expected_hash=34a93d19 local_hash= local_source=none snapshot_missing=false
[WARN] consensus validator set unresolved height=587 chain_height=2515 expected_hash=34a93d19 local_hash= local_source=none snapshot_missing=false
[WARN] consensus validator set unresolved height=588 chain_height=2515 expected_hash=34a93d19 local_hash= local_source=none snapshot_missing=false
[WARN] consensus validator set unresolved height=589 chain_height=2515 expected_hash=34a93d19 local_hash= local_source=none snapshot_missing=false
[WARN] consensus validator set unresolved height=590 chain_height=2515 expected_hash=34a93d19 local_hash= local_source=none snapshot_missing=false
[WARN] consensus validator set unresolved height=591 chain_height=2515 expected_hash=34a93d19 local_hash= local_source=none snapshot_missing=false
[WARN] consensus validator set unresolved height=592 chain_height=2515 expected_hash=34a93d19 local_hash= local_source=none snapshot_missing=false
[WARN] consensus validator set unresolved height=593 chain_height=2515 expected_hash=34a93d19 local_hash= local_source=none snapshot_missing=false
[WARN] consensus validator set unresolved height=594 chain_height=2515 expected_hash=34a93d19 local_hash= local_source=none snapshot_missing=false
[WARN] consensus validator set unresolved height=595 chain_height=2515 expected_hash=34a93d19 local_hash= local_source=none snapshot_missing=false
[WARN] consensus validator set unresolved height=596 chain_height=2515 expected_hash=34a93d19 local_hash= local_source=none snapshot_missing=false
[WARN] consensus validator set unresolved height=597 chain_height=2515 expected_hash=34a93d19 local_hash= local_source=none snapshot_missing=false
[WARN] consensus validator set unresolved height=598 chain_height=2515 expected_hash=34a93d19 local_hash= local_source=none snapshot_missing=false
[WARN] consensus validator set unresolved height=599 chain_height=2515 expected_hash=34a93d19 local_hash= local_source=none snapshot_missing=false
[WARN] consensus validator set unresolved height=600 chain_height=2515 expected_hash=34a93d19 local_hash= local_source=none snapshot_missing=false
[WARN] consensus validator set unresolved height=601 chain_height=2515 expected_hash=34a93d19 local_hash= local_source=none snapshot_missing=false
[WARN] consensus validator set unresolved height=602 chain_height=2515 expected_hash=34a93d19 local_hash= local_source=none snapshot_missing=false
[WARN] consensus validator set unresolved height=603 chain_height=2515 expected_hash=34a93d19 local_hash= local_source=none snapshot_missing=false
[WARN] consensus validator set unresolved height=604 chain_height=2515 expected_hash=34a93d19 local_hash= local_source=none snapshot_missing=false
[WARN] consensus validator set unresolved height=605 chain_height=2515 expected_hash=34a93d19 local_hash= local_source=none snapshot_missing=false
[WARN] consensus validator set unresolved height=606 chain_height=2515 expected_hash=34a93d19 local_hash= local_source=none snapshot_missing=false
[WARN] consensus validator set unresolved height=607 chain_height=2515 expected_hash=34a93d19 local_hash= local_source=none snapshot_missing=false
[WARN] consensus validator set unresolved height=608 chain_height=2515 expected_hash=34a93d19 local_hash= local_source=none snapshot_missing=false
[WARN] consensus validator set unresolved height=609 chain_height=2515 expected_hash=34a93d19 local_hash= local_source=none snapshot_missing=false
[WARN] consensus validator set unresolved height=610 chain_height=2515 expected_hash=34a93d19 local_hash= local_source=none snapshot_missing=false
[WARN] consensus validator set unresolved height=611 chain_height=2515 expected_hash=34a93d19 local_hash= local_source=none snapshot_missing=false
[WARN] consensus validator set unresolved height=612 chain_height=2515 expected_hash=34a93d19 local_hash= local_source=none snapshot_missing=false
[WARN] consensus validator set unresolved height=613 chain_height=2515 expected_hash=34a93d19 local_hash= local_source=none snapshot_missing=false
[WARN] consensus validator set unresolved height=614 chain_height=2515 expected_hash=34a93d19 local_hash= local_source=none snapshot_missing=false
[WARN] consensus validator set unresolved height=615 chain_height=2515 expected_hash=34a93d19 local_hash= local_source=none snapshot_missing=false
[WARN] consensus validator set unresolved height=616 chain_height=2515 expected_hash=34a93d19 local_hash= local_source=none snapshot_missing=false
[WARN] consensus validator set unresolved height=617 chain_height=2515 expected_hash=34a93d19 local_hash= local_source=none snapshot_missing=false
[WARN] consensus validator set unresolved height=618 chain_height=2515 expected_hash=34a93d19 local_hash= local_source=none snapshot_missing=false
[WARN] consensus validator set unresolved height=619 chain_height=2515 expected_hash=34a93d19 local_hash= local_source=none snapshot_missing=false
[WARN] consensus validator set unresolved height=620 chain_height=2515 expected_hash=34a93d19 local_hash= local_source=none snapshot_missing=false
[WARN] consensus validator set unresolved height=621 chain_height=2515 expected_hash=34a93d19 local_hash= local_source=none snapshot_missing=false
[WARN] consensus validator set unresolved height=622 chain_height=2515 expected_hash=34a93d19 local_hash= local_source=none snapshot_missing=false
[WARN] consensus validator set unresolved height=623 chain_height=2515 expected_hash=34a93d19 local_hash= local_source=none snapshot_missing=false
[WARN] consensus validator set unresolved height=624 chain_height=2515 expected_hash=34a93d19 local_hash= local_source=none snapshot_missing=false
[WARN] consensus validator set unresolved height=625 chain_height=2515 expected_hash=34a93d19 local_hash= local_source=none snapshot_missing=false
[WARN] consensus validator set unresolved height=626 chain_height=2515 expected_hash=34a93d19 local_hash= local_source=none snapshot_missing=false
[WARN] consensus validator set unresolved height=627 chain_height=2515 expected_hash=34a93d19 local_hash= local_source=none snapshot_missing=false
[WARN] consensus validator set unresolved height=628 chain_height=2515 expected_hash=34a93d19 local_hash= local_source=none snapshot_missing=false
[WARN] consensus validator set unresolved height=629 chain_height=2515 expected_hash=34a93d19 local_hash= local_source=none snapshot_missing=false
[WARN] consensus validator set unresolved height=630 chain_height=2515 expected_hash=34a93d19 local_hash= local_source=none snapshot_missing=false
[WARN] consensus validator set unresolved height=631 chain_height=2515 expected_hash=34a93d19 local_hash= local_source=none snapshot_missing=false
[WARN] consensus validator set unresolved height=632 chain_height=2515 expected_hash=34a93d19 local_hash= local_source=none snapshot_missing=false
[WARN] consensus validator set unresolved height=633 chain_height=2515 expected_hash=34a93d19 local_hash= local_source=none snapshot_missing=false
[WARN] consensus validator set unresolved height=634 chain_height=2515 expected_hash=34a93d19 local_hash= local_source=none snapshot_missing=false
[WARN] consensus validator set unresolved height=635 chain_height=2515 expected_hash=34a93d19 local_hash= local_source=none snapshot_missing=false
[WARN] consensus validator set unresolved height=636 chain_height=2515 expected_hash=34a93d19 local_hash= local_source=none snapshot_missing=false
[WARN] consensus validator set unresolved height=637 chain_height=2515 expected_hash=34a93d19 local_hash= local_source=none snapshot_missing=false
[WARN] consensus validator set unresolved height=638 chain_height=2515 expected_hash=34a93d19 local_hash= local_source=none snapshot_missing=false
[WARN] consensus validator set unresolved height=639 chain_height=2515 expected_hash=34a93d19 local_hash= local_source=none snapshot_missing=false
[WARN] consensus validator set unresolved height=640 chain_height=2515 expected_hash=34a93d19 local_hash= local_source=none snapshot_missing=false
[WARN] consensus validator set unresolved height=641 chain_height=2515 expected_hash=34a93d19 local_hash= local_source=none snapshot_missing=false
[WARN] consensus validator set unresolved height=642 chain_height=2515 expected_hash=34a93d19 local_hash= local_source=none snapshot_missing=false
[WARN] consensus validator set unresolved height=643 chain_height=2515 expected_hash=34a93d19 local_hash= local_source=none snapshot_missing=false
[WARN] consensus validator set unresolved height=644 chain_height=2515 expected_hash=34a93d19 local_hash= local_source=none snapshot_missing=false
[WARN] consensus validator set unresolved height=645 chain_height=2515 expected_hash=34a93d19 local_hash= local_source=none snapshot_missing=false
[WARN] consensus validator set unresolved height=646 chain_height=2515 expected_hash=34a93d19 local_hash= local_source=none snapshot_missing=false
[WARN] consensus validator set unresolved height=647 chain_height=2515 expected_hash=34a93d19 local_hash= local_source=none snapshot_missing=false
[WARN] consensus validator set unresolved height=648 chain_height=2515 expected_hash=34a93d19 local_hash= local_source=none snapshot_missing=false
[WARN] consensus validator set unresolved height=649 chain_height=2515 expected_hash=34a93d19 local_hash= local_source=none snapshot_missing=false
[WARN] consensus validator set unresolved height=650 chain_height=2515 expected_hash=34a93d19 local_hash= local_source=none snapshot_missing=false
[WARN] consensus validator set unresolved height=651 chain_height=2515 expected_hash=34a93d19 local_hash= local_source=none snapshot_missing=false
[WARN] consensus validator set unresolved height=652 chain_height=2515 expected_hash=34a93d19 local_hash= local_source=none snapshot_missing=false
[WARN] consensus validator set unresolved height=653 chain_height=2515 expected_hash=34a93d19 local_hash= local_source=none snapshot_missing=false
[WARN] consensus validator set unresolved height=654 chain_height=2515 expected_hash=34a93d19 local_hash= local_source=none snapshot_missing=false
[WARN] consensus validator set unresolved height=655 chain_height=2515 expected_hash=34a93d19 local_hash= local_source=none snapshot_missing=false
[WARN] consensus validator set unresolved height=656 chain_height=2515 expected_hash=34a93d19 local_hash= local_source=none snapshot_missing=false
[WARN] consensus validator set unresolved height=657 chain_height=2515 expected_hash=34a93d19 local_hash= local_source=none snapshot_missing=false
[WARN] consensus validator set unresolved height=658 chain_height=2515 expected_hash=34a93d19 local_hash= local_source=none snapshot_missing=false
[WARN] consensus validator set unresolved height=659 chain_height=2515 expected_hash=34a93d19 local_hash= local_source=none snapshot_missing=false
[WARN] consensus validator set unresolved height=660 chain_height=2515 expected_hash=34a93d19 local_hash= local_source=none snapshot_missing=false
[WARN] consensus validator set unresolved height=661 chain_height=2515 expected_hash=34a93d19 local_hash= local_source=none snapshot_missing=false
[WARN] consensus validator set unresolved height=662 chain_height=2515 expected_hash=34a93d19 local_hash= local_source=none snapshot_missing=false
[WARN] consensus validator set unresolved height=663 chain_height=2515 expected_hash=34a93d19 local_hash= local_source=none snapshot_missing=false
[WARN] consensus validator set unresolved height=664 chain_height=2515 expected_hash=34a93d19 local_hash= local_source=none snapshot_missing=false
[WARN] consensus validator set unresolved height=665 chain_height=2515 expected_hash=34a93d19 local_hash= local_source=none snapshot_missing=false
[WARN] consensus validator set unresolved height=666 chain_height=2515 expected_hash=34a93d19 local_hash= local_source=none snapshot_missing=false
[WARN] consensus validator set unresolved height=667 chain_height=2515 expected_hash=34a93d19 local_hash= local_source=none snapshot_missing=false
2026/05/18 14:42:00 [REGISTRY-HISTORY-REBUILD] height=1689 status=scheduled reason=consensus_set_unresolved
2026/05/18 14:42:00 [REGISTRY-HISTORY-REBUILD] height=1689 status=started reason=consensus_set_unresolved
2026/05/18 14:42:00 [REGISTRY-HISTORY-REBUILD] height=1689 status=ok reason=consensus_set_unresolved
[WARN] consensus validator set unresolved height=668 chain_height=2515 expected_hash=34a93d19 local_hash= local_source=none snapshot_missing=false
[WARN] consensus validator set unresolved height=669 chain_height=2515 expected_hash=34a93d19 local_hash= local_source=none snapshot_missing=false
[WARN] consensus validator set unresolved height=670 chain_height=2515 expected_hash=34a93d19 local_hash= local_source=none snapshot_missing=false
[WARN] consensus validator set unresolved height=671 chain_height=2515 expected_hash=34a93d19 local_hash= local_source=none snapshot_missing=false
[WARN] consensus validator set unresolved height=672 chain_height=2515 expected_hash=34a93d19 local_hash= local_source=none snapshot_missing=false
[WARN] consensus validator set unresolved height=673 chain_height=2515 expected_hash=34a93d19 local_hash= local_source=none snapshot_missing=false
[WARN] consensus validator set unresolved height=674 chain_height=2515 expected_hash=34a93d19 local_hash= local_source=none snapshot_missing=false
[WARN] consensus validator set unresolved height=675 chain_height=2515 expected_hash=34a93d19 local_hash= local_source=none snapshot_missing=false
[WARN] consensus validator set unresolved height=676 chain_height=2515 expected_hash=34a93d19 local_hash= local_source=none snapshot_missing=false
[WARN] consensus validator set unresolved height=677 chain_height=2515 expected_hash=34a93d19 local_hash= local_source=none snapshot_missing=false
[WARN] consensus validator set unresolved height=678 chain_height=2515 expected_hash=34a93d19 local_hash= local_source=none snapshot_missing=false
[WARN] consensus validator set unresolved height=679 chain_height=2515 expected_hash=34a93d19 local_hash= local_source=none snapshot_missing=false
[WARN] consensus validator set unresolved height=680 chain_height=2515 expected_hash=34a93d19 local_hash= local_source=none snapshot_missing=false
[WARN] consensus validator set unresolved height=681 chain_height=2515 expected_hash=34a93d19 local_hash= local_source=none snapshot_missing=false
[WARN] consensus validator set unresolved height=682 chain_height=2515 expected_hash=34a93d19 local_hash= local_source=none snapshot_missing=false
[WARN] consensus validator set unresolved height=683 chain_height=2515 expected_hash=34a93d19 local_hash= local_source=none snapshot_missing=false
[WARN] consensus validator set unresolved height=684 chain_height=2515 expected_hash=34a93d19 local_hash= local_source=none snapshot_missing=false
[WARN] consensus validator set unresolved height=685 chain_height=2515 expected_hash=34a93d19 local_hash= local_source=none snapshot_missing=false
[WARN] consensus validator set unresolved height=686 chain_height=2515 expected_hash=34a93d19 local_hash= local_source=none snapshot_missing=false
[WARN] consensus validator set unresolved height=687 chain_height=2515 expected_hash=34a93d19 local_hash= local_source=none snapshot_missing=false
[WARN] consensus validator set unresolved height=688 chain_height=2515 expected_hash=34a93d19 local_hash= local_source=none snapshot_missing=false
[WARN] consensus validator set unresolved height=689 chain_height=2515 expected_hash=34a93d19 local_hash= local_source=none snapshot_missing=false
[WARN] consensus validator set unresolved height=690 chain_height=2515 expected_hash=34a93d19 local_hash= local_source=none snapshot_missing=false
[WARN] consensus validator set unresolved height=691 chain_height=2515 expected_hash=34a93d19 local_hash= local_source=none snapshot_missing=false
[WARN] consensus validator set unresolved height=692 chain_height=2515 expected_hash=34a93d19 local_hash= local_source=none snapshot_missing=false
[WARN] consensus validator set unresolved height=693 chain_height=2515 expected_hash=34a93d19 local_hash= local_source=none snapshot_missing=false
[WARN] consensus validator set unresolved height=694 chain_height=2515 expected_hash=34a93d19 local_hash= local_source=none snapshot_missing=false
[WARN] consensus validator set unresolved height=695 chain_height=2515 expected_hash=34a93d19 local_hash= local_source=none snapshot_missing=false
[WARN] consensus validator set unresolved height=696 chain_height=2515 expected_hash=34a93d19 local_hash= local_source=none snapshot_missing=false
[WARN] consensus validator set unresolved height=697 chain_height=2515 expected_hash=34a93d19 local_hash= local_source=none snapshot_missing=false
[WARN] consensus validator set unresolved height=698 chain_height=2515 expected_hash=34a93d19 local_hash= local_source=none snapshot_missing=false
[WARN] consensus validator set unresolved height=699 chain_height=2515 expected_hash=34a93d19 local_hash= local_source=none snapshot_missing=false
[WARN] consensus validator set unresolved height=700 chain_height=2515 expected_hash=34a93d19 local_hash= local_source=none snapshot_missing=false
[WARN] consensus validator set unresolved height=701 chain_height=2515 expected_hash=34a93d19 local_hash= local_source=none snapshot_missing=false
[WARN] consensus validator set unresolved height=702 chain_height=2515 expected_hash=34a93d19 local_hash= local_source=none snapshot_missing=false
[WARN] consensus validator set unresolved height=703 chain_height=2515 expected_hash=34a93d19 local_hash= local_source=none snapshot_missing=false
[WARN] consensus validator set unresolved height=704 chain_height=2515 expected_hash=34a93d19 local_hash= local_source=none snapshot_missing=false
[WARN] consensus validator set unresolved height=705 chain_height=2515 expected_hash=34a93d19 local_hash= local_source=none snapshot_missing=false
[WARN] consensus validator set unresolved height=706 chain_height=2515 expected_hash=34a93d19 local_hash= local_source=none snapshot_missing=false
[WARN] consensus validator set unresolved height=707 chain_height=2515 expected_hash=34a93d19 local_hash= local_source=none snapshot_missing=false
[WARN] consensus validator set unresolved height=708 chain_height=2515 expected_hash=34a93d19 local_hash= local_source=none snapshot_missing=false
[WARN] consensus validator set unresolved height=709 chain_height=2515 expected_hash=34a93d19 local_hash= local_source=none snapshot_missing=false
[WARN] consensus validator set unresolved height=710 chain_height=2515 expected_hash=34a93d19 local_hash= local_source=none snapshot_missing=false
[WARN] consensus validator set unresolved height=711 chain_height=2515 expected_hash=34a93d19 local_hash= local_source=none snapshot_missing=false
[WARN] consensus validator set unresolved height=712 chain_height=2515 expected_hash=34a93d19 local_hash= local_source=none snapshot_missing=false
[WARN] consensus validator set unresolved height=713 chain_height=2515 expected_hash=34a93d19 local_hash= local_source=none snapshot_missing=false
[WARN] consensus validator set unresolved height=714 chain_height=2515 expected_hash=34a93d19 local_hash= local_source=none snapshot_missing=false
[WARN] consensus validator set unresolved height=715 chain_height=2515 expected_hash=34a93d19 local_hash= local_source=none snapshot_missing=false
[WARN] consensus validator set unresolved height=716 chain_height=2515 expected_hash=34a93d19 local_hash= local_source=none snapshot_missing=false
[WARN] consensus validator set unresolved height=717 chain_height=2515 expected_hash=34a93d19 local_hash= local_source=none snapshot_missing=false
[WARN] consensus validator set unresolved height=718 chain_height=2515 expected_hash=34a93d19 local_hash= local_source=none snapshot_missing=false
[WARN] consensus validator set unresolved height=719 chain_height=2515 expected_hash=34a93d19 local_hash= local_source=none snapshot_missing=false
[WARN] consensus validator set unresolved height=720 chain_height=2515 expected_hash=34a93d19 local_hash= local_source=none snapshot_missing=false
[WARN] consensus validator set unresolved height=721 chain_height=2515 expected_hash=34a93d19 local_hash= local_source=none snapshot_missing=false
[WARN] consensus validator set unresolved height=722 chain_height=2515 expected_hash=34a93d19 local_hash= local_source=none snapshot_missing=false
[WARN] consensus validator set unresolved height=723 chain_height=2515 expected_hash=34a93d19 local_hash= local_source=none snapshot_missing=false
[WARN] consensus validator set unresolved height=724 chain_height=2515 expected_hash=34a93d19 local_hash= local_source=none snapshot_missing=false
[WARN] consensus validator set unresolved height=725 chain_height=2515 expected_hash=34a93d19 local_hash= local_source=none snapshot_missing=false
[WARN] consensus validator set unresolved height=726 chain_height=2515 expected_hash=34a93d19 local_hash= local_source=none snapshot_missing=false
[WARN] consensus validator set unresolved height=727 chain_height=2515 expected_hash=34a93d19 local_hash= local_source=none snapshot_missing=false
[WARN] consensus validator set unresolved height=728 chain_height=2515 expected_hash=34a93d19 local_hash= local_source=none snapshot_missing=false
[WARN] consensus validator set unresolved height=729 chain_height=2515 expected_hash=34a93d19 local_hash= local_source=none snapshot_missing=false
[WARN] consensus validator set unresolved height=730 chain_height=2515 expected_hash=34a93d19 local_hash= local_source=none snapshot_missing=false
[WARN] consensus validator set unresolved height=731 chain_height=2515 expected_hash=34a93d19 local_hash= local_source=none snapshot_missing=false
[WARN] consensus validator set unresolved height=732 chain_height=2515 expected_hash=34a93d19 local_hash= local_source=none snapshot_missing=false
[WARN] consensus validator set unresolved height=733 chain_height=2515 expected_hash=34a93d19 local_hash= local_source=none snapshot_missing=false
[WARN] consensus validator set unresolved height=734 chain_height=2515 expected_hash=34a93d19 local_hash= local_source=none snapshot_missing=false
[WARN] consensus validator set unresolved height=735 chain_height=2515 expected_hash=34a93d19 local_hash= local_source=none snapshot_missing=false
[WARN] consensus validator set unresolved height=736 chain_height=2515 expected_hash=34a93d19 local_hash= local_source=none snapshot_missing=false
[WARN] consensus validator set unresolved height=737 chain_height=2515 expected_hash=34a93d19 local_hash= local_source=none snapshot_missing=false
[WARN] consensus validator set unresolved height=738 chain_height=2515 expected_hash=34a93d19 local_hash= local_source=none snapshot_missing=false
[WARN] consensus validator set unresolved height=739 chain_height=2515 expected_hash=34a93d19 local_hash= local_source=none snapshot_missing=false
[WARN] consensus validator set unresolved height=740 chain_height=2515 expected_hash=34a93d19 local_hash= local_source=none snapshot_missing=false
[WARN] consensus validator set unresolved height=741 chain_height=2515 expected_hash=34a93d19 local_hash= local_source=none snapshot_missing=false
[WARN] consensus validator set unresolved height=742 chain_height=2515 expected_hash=34a93d19 local_hash= local_source=none snapshot_missing=false
[WARN] consensus validator set unresolved height=743 chain_height=2515 expected_hash=34a93d19 local_hash= local_source=none snapshot_missing=false
[WARN] consensus validator set unresolved height=744 chain_height=2515 expected_hash=34a93d19 local_hash= local_source=none snapshot_missing=false
[WARN] consensus validator set unresolved height=745 chain_height=2515 expected_hash=34a93d19 local_hash= local_source=none snapshot_missing=false
[WARN] consensus validator set unresolved height=746 chain_height=2515 expected_hash=34a93d19 local_hash= local_source=none snapshot_missing=false
[WARN] consensus validator set unresolved height=747 chain_height=2515 expected_hash=34a93d19 local_hash= local_source=none snapshot_missing=false
[WARN] consensus validator set unresolved height=748 chain_height=2515 expected_hash=34a93d19 local_hash= local_source=none snapshot_missing=false
[WARN] consensus validator set unresolved height=749 chain_height=2515 expected_hash=34a93d19 local_hash= local_source=none snapshot_missing=false
[WARN] consensus validator set unresolved height=750 chain_height=2515 expected_hash=34a93d19 local_hash= local_source=none snapshot_missing=false
[WARN] consensus validator set unresolved height=751 chain_height=2515 expected_hash=34a93d19 local_hash= local_source=none snapshot_missing=false
[WARN] consensus validator set unresolved height=752 chain_height=2515 expected_hash=34a93d19 local_hash= local_source=none snapshot_missing=false
[WARN] consensus validator set unresolved height=753 chain_height=2515 expected_hash=34a93d19 local_hash= local_source=none snapshot_missing=false
[WARN] consensus validator set unresolved height=754 chain_height=2515 expected_hash=34a93d19 local_hash= local_source=none snapshot_missing=false
[WARN] consensus validator set unresolved height=755 chain_height=2515 expected_hash=34a93d19 local_hash= local_source=none snapshot_missing=false
[WARN] consensus validator set unresolved height=756 chain_height=2515 expected_hash=34a93d19 local_hash= local_source=none snapshot_missing=false
[WARN] consensus validator set unresolved height=757 chain_height=2515 expected_hash=34a93d19 local_hash= local_source=none snapshot_missing=false
[WARN] consensus validator set unresolved height=758 chain_height=2515 expected_hash=34a93d19 local_hash= local_source=none snapshot_missing=false
[WARN] consensus validator set unresolved height=759 chain_height=2515 expected_hash=34a93d19 local_hash= local_source=none snapshot_missing=false
[WARN] consensus validator set unresolved height=760 chain_height=2515 expected_hash=34a93d19 local_hash= local_source=none snapshot_missing=false
[WARN] consensus validator set unresolved height=761 chain_height=2515 expected_hash=34a93d19 local_hash= local_source=none snapshot_missing=false
[WARN] consensus validator set unresolved height=762 chain_height=2515 expected_hash=34a93d19 local_hash= local_source=none snapshot_missing=false
[WARN] consensus validator set unresolved height=763 chain_height=2515 expected_hash=34a93d19 local_hash= local_source=none snapshot_missing=false
[WARN] consensus validator set unresolved height=764 chain_height=2515 expected_hash=34a93d19 local_hash= local_source=none snapshot_missing=false
[WARN] consensus validator set unresolved height=765 chain_height=2515 expected_hash=34a93d19 local_hash= local_source=none snapshot_missing=false
[WARN] consensus validator set unresolved height=766 chain_height=2515 expected_hash=34a93d19 local_hash= local_source=none snapshot_missing=false
[WARN] consensus validator set unresolved height=767 chain_height=2515 expected_hash=34a93d19 local_hash= local_source=none snapshot_missing=false
[WARN] consensus validator set unresolved height=768 chain_height=2515 expected_hash=34a93d19 local_hash= local_source=none snapshot_missing=false
[WARN] consensus validator set unresolved height=769 chain_height=2515 expected_hash=34a93d19 local_hash= local_source=none snapshot_missing=false
[WARN] consensus validator set unresolved height=770 chain_height=2515 expected_hash=34a93d19 local_hash= local_source=none snapshot_missing=false
[WARN] consensus validator set unresolved height=771 chain_height=2515 expected_hash=34a93d19 local_hash= local_source=none snapshot_missing=false
[WARN] consensus validator set unresolved height=772 chain_height=2515 expected_hash=34a93d19 local_hash= local_source=none snapshot_missing=false
[WARN] consensus validator set unresolved height=773 chain_height=2515 expected_hash=34a93d19 local_hash= local_source=none snapshot_missing=false
[WARN] consensus validator set unresolved height=774 chain_height=2515 expected_hash=34a93d19 local_hash= local_source=none snapshot_missing=false
[WARN] consensus validator set unresolved height=775 chain_height=2515 expected_hash=34a93d19 local_hash= local_source=none snapshot_missing=false
[WARN] consensus validator set unresolved height=776 chain_height=2515 expected_hash=34a93d19 local_hash= local_source=none snapshot_missing=false
[WARN] consensus validator set unresolved height=777 chain_height=2515 expected_hash=34a93d19 local_hash= local_source=none snapshot_missing=false
[WARN] consensus validator set unresolved height=778 chain_height=2515 expected_hash=34a93d19 local_hash= local_source=none snapshot_missing=false
[WARN] consensus validator set unresolved height=779 chain_height=2515 expected_hash=34a93d19 local_hash= local_source=none snapshot_missing=false
[WARN] consensus validator set unresolved height=780 chain_height=2515 expected_hash=34a93d19 local_hash= local_source=none snapshot_missing=false
[WARN] consensus validator set unresolved height=781 chain_height=2515 expected_hash=34a93d19 local_hash= local_source=none snapshot_missing=false
[WARN] consensus validator set unresolved height=782 chain_height=2515 expected_hash=34a93d19 local_hash= local_source=none snapshot_missing=false
[WARN] consensus validator set unresolved height=783 chain_height=2515 expected_hash=34a93d19 local_hash= local_source=none snapshot_missing=false
[WARN] consensus validator set unresolved height=784 chain_height=2515 expected_hash=34a93d19 local_hash= local_source=none snapshot_missing=false
[WARN] consensus validator set unresolved height=785 chain_height=2515 expected_hash=34a93d19 local_hash= local_source=none snapshot_missing=false
[WARN] consensus validator set unresolved height=786 chain_height=2515 expected_hash=34a93d19 local_hash= local_source=none snapshot_missing=false
[WARN] consensus validator set unresolved height=787 chain_height=2515 expected_hash=34a93d19 local_hash= local_source=none snapshot_missing=false
[WARN] consensus validator set unresolved height=788 chain_height=2515 expected_hash=34a93d19 local_hash= local_source=none snapshot_missing=false
[WARN] consensus validator set unresolved height=789 chain_height=2515 expected_hash=34a93d19 local_hash= local_source=none snapshot_missing=false
[WARN] consensus validator set unresolved height=790 chain_height=2515 expected_hash=34a93d19 local_hash= local_source=none snapshot_missing=false
[WARN] consensus validator set unresolved height=791 chain_height=2515 expected_hash=34a93d19 local_hash= local_source=none snapshot_missing=false
[WARN] consensus validator set unresolved height=792 chain_height=2515 expected_hash=34a93d19 local_hash= local_source=none snapshot_missing=false
[WARN] consensus validator set unresolved height=793 chain_height=2515 expected_hash=34a93d19 local_hash= local_source=none snapshot_missing=false
[WARN] consensus validator set unresolved height=794 chain_height=2515 expected_hash=34a93d19 local_hash= local_source=none snapshot_missing=false
[WARN] consensus validator set unresolved height=795 chain_height=2515 expected_hash=34a93d19 local_hash= local_source=none snapshot_missing=false
[WARN] consensus validator set unresolved height=796 chain_height=2515 expected_hash=34a93d19 local_hash= local_source=none snapshot_missing=false
[WARN] consensus validator set unresolved height=797 chain_height=2515 expected_hash=34a93d19 local_hash= local_source=none snapshot_missing=false
[WARN] consensus validator set unresolved height=798 chain_height=2515 expected_hash=34a93d19 local_hash= local_source=none snapshot_missing=false
[WARN] consensus validator set unresolved height=799 chain_height=2515 expected_hash=34a93d19 local_hash= local_source=none snapshot_missing=false
[WARN] consensus validator set unresolved height=800 chain_height=2515 expected_hash=34a93d19 local_hash= local_source=none snapshot_missing=false
[WARN] consensus validator set unresolved height=801 chain_height=2515 expected_hash=34a93d19 local_hash= local_source=none snapshot_missing=false
[WARN] consensus validator set unresolved height=802 chain_height=2515 expected_hash=34a93d19 local_hash= local_source=none snapshot_missing=false
[WARN] consensus validator set unresolved height=803 chain_height=2515 expected_hash=34a93d19 local_hash= local_source=none snapshot_missing=false
[WARN] consensus validator set unresolved height=804 chain_height=2515 expected_hash=34a93d19 local_hash= local_source=none snapshot_missing=false
[WARN] consensus validator set unresolved height=805 chain_height=2515 expected_hash=34a93d19 local_hash= local_source=none snapshot_missing=false
[WARN] consensus validator set unresolved height=806 chain_height=2515 expected_hash=34a93d19 local_hash= local_source=none snapshot_missing=false
[WARN] consensus validator set unresolved height=807 chain_height=2515 expected_hash=34a93d19 local_hash= local_source=none snapshot_missing=false
[WARN] consensus validator set unresolved height=808 chain_height=2515 expected_hash=34a93d19 local_hash= local_source=none snapshot_missing=false
[WARN] consensus validator set unresolved height=809 chain_height=2515 expected_hash=34a93d19 local_hash= local_source=none snapshot_missing=false
[WARN] consensus validator set unresolved height=810 chain_height=2515 expected_hash=34a93d19 local_hash= local_source=none snapshot_missing=false
[WARN] consensus validator set unresolved height=811 chain_height=2515 expected_hash=34a93d19 local_hash= local_source=none snapshot_missing=false
[WARN] consensus validator set unresolved height=812 chain_height=2515 expected_hash=34a93d19 local_hash= local_source=none snapshot_missing=false
[WARN] consensus validator set unresolved height=813 chain_height=2515 expected_hash=34a93d19 local_hash= local_source=none snapshot_missing=false
[WARN] consensus validator set unresolved height=814 chain_height=2515 expected_hash=34a93d19 local_hash= local_source=none snapshot_missing=false
[WARN] consensus validator set unresolved height=815 chain_height=2515 expected_hash=34a93d19 local_hash= local_source=none snapshot_missing=false
[WARN] consensus validator set unresolved height=816 chain_height=2515 expected_hash=34a93d19 local_hash= local_source=none snapshot_missing=false
[WARN] consensus validator set unresolved height=817 chain_height=2515 expected_hash=34a93d19 local_hash= local_source=none snapshot_missing=false
[WARN] consensus validator set unresolved height=818 chain_height=2515 expected_hash=34a93d19 local_hash= local_source=none snapshot_missing=false
[WARN] consensus validator set unresolved height=819 chain_height=2515 expected_hash=34a93d19 local_hash= local_source=none snapshot_missing=false
[WARN] consensus validator set unresolved height=820 chain_height=2515 expected_hash=34a93d19 local_hash= local_source=none snapshot_missing=false
[WARN] consensus validator set unresolved height=821 chain_height=2515 expected_hash=34a93d19 local_hash= local_source=none snapshot_missing=false
[WARN] consensus validator set unresolved height=822 chain_height=2515 expected_hash=34a93d19 local_hash= local_source=none snapshot_missing=false
[WARN] consensus validator set unresolved height=823 chain_height=2515 expected_hash=34a93d19 local_hash= local_source=none snapshot_missing=false
[WARN] consensus validator set unresolved height=824 chain_height=2515 expected_hash=34a93d19 local_hash= local_source=none snapshot_missing=false
[WARN] consensus validator set unresolved height=825 chain_height=2515 expected_hash=34a93d19 local_hash= local_source=none snapshot_missing=false
[WARN] consensus validator set unresolved height=826 chain_height=2515 expected_hash=34a93d19 local_hash= local_source=none snapshot_missing=false
[WARN] consensus validator set unresolved height=827 chain_height=2515 expected_hash=34a93d19 local_hash= local_source=none snapshot_missing=false
[WARN] consensus validator set unresolved height=828 chain_height=2515 expected_hash=34a93d19 local_hash= local_source=none snapshot_missing=false
[WARN] consensus validator set unresolved height=829 chain_height=2515 expected_hash=34a93d19 local_hash= local_source=none snapshot_missing=false
[WARN] consensus validator set unresolved height=830 chain_height=2515 expected_hash=34a93d19 local_hash= local_source=none snapshot_missing=false
[WARN] consensus validator set unresolved height=831 chain_height=2515 expected_hash=34a93d19 local_hash= local_source=none snapshot_missing=false
[WARN] consensus validator set unresolved height=832 chain_height=2515 expected_hash=34a93d19 local_hash= local_source=none snapshot_missing=false
[WARN] consensus validator set unresolved height=833 chain_height=2515 expected_hash=34a93d19 local_hash= local_source=none snapshot_missing=false
[WARN] consensus validator set unresolved height=834 chain_height=2515 expected_hash=34a93d19 local_hash= local_source=none snapshot_missing=false
[WARN] consensus validator set unresolved height=835 chain_height=2515 expected_hash=34a93d19 local_hash= local_source=none snapshot_missing=false
[WARN] consensus validator set unresolved height=836 chain_height=2515 expected_hash=34a93d19 local_hash= local_source=none snapshot_missing=false
[WARN] consensus validator set unresolved height=837 chain_height=2515 expected_hash=34a93d19 local_hash= local_source=none snapshot_missing=false
[WARN] consensus validator set unresolved height=838 chain_height=2515 expected_hash=34a93d19 local_hash= local_source=none snapshot_missing=false
[WARN] consensus validator set unresolved height=839 chain_height=2515 expected_hash=34a93d19 local_hash= local_source=none snapshot_missing=false
[WARN] consensus validator set unresolved height=840 chain_height=2515 expected_hash=34a93d19 local_hash= local_source=none snapshot_missing=false
[WARN] consensus validator set unresolved height=841 chain_height=2515 expected_hash=34a93d19 local_hash= local_source=none snapshot_missing=false
[WARN] consensus validator set unresolved height=842 chain_height=2515 expected_hash=34a93d19 local_hash= local_source=none snapshot_missing=false
[WARN] consensus validator set unresolved height=843 chain_height=2515 expected_hash=34a93d19 local_hash= local_source=none snapshot_missing=false
[WARN] consensus validator set unresolved height=844 chain_height=2515 expected_hash=34a93d19 local_hash= local_source=none snapshot_missing=false
[WARN] consensus validator set unresolved height=845 chain_height=2515 expected_hash=34a93d19 local_hash= local_source=none snapshot_missing=false
[WARN] consensus validator set unresolved height=846 chain_height=2515 expected_hash=34a93d19 local_hash= local_source=none snapshot_missing=false
[WARN] consensus validator set unresolved height=847 chain_height=2515 expected_hash=34a93d19 local_hash= local_source=none snapshot_missing=false
[WARN] consensus validator set unresolved height=848 chain_height=2515 expected_hash=34a93d19 local_hash= local_source=none snapshot_missing=false
[WARN] consensus validator set unresolved height=849 chain_height=2515 expected_hash=34a93d19 local_hash= local_source=none snapshot_missing=false
[WARN] consensus validator set unresolved height=850 chain_height=2515 expected_hash=34a93d19 local_hash= local_source=none snapshot_missing=false
[WARN] consensus validator set unresolved height=851 chain_height=2515 expected_hash=34a93d19 local_hash= local_source=none snapshot_missing=false
[WARN] consensus validator set unresolved height=852 chain_height=2515 expected_hash=34a93d19 local_hash= local_source=none snapshot_missing=false
[WARN] consensus validator set unresolved height=853 chain_height=2515 expected_hash=34a93d19 local_hash= local_source=none snapshot_missing=false
[WARN] consensus validator set unresolved height=854 chain_height=2515 expected_hash=34a93d19 local_hash= local_source=none snapshot_missing=false
[WARN] consensus validator set unresolved height=855 chain_height=2515 expected_hash=34a93d19 local_hash= local_source=none snapshot_missing=false
[WARN] consensus validator set unresolved height=856 chain_height=2515 expected_hash=34a93d19 local_hash= local_source=none snapshot_missing=false
[WARN] consensus validator set unresolved height=857 chain_height=2515 expected_hash=34a93d19 local_hash= local_source=none snapshot_missing=false
[WARN] consensus validator set unresolved height=858 chain_height=2515 expected_hash=34a93d19 local_hash= local_source=none snapshot_missing=false
[WARN] consensus validator set unresolved height=859 chain_height=2515 expected_hash=34a93d19 local_hash= local_source=none snapshot_missing=false
[WARN] consensus validator set unresolved height=860 chain_height=2515 expected_hash=34a93d19 local_hash= local_source=none snapshot_missing=false
[WARN] consensus validator set unresolved height=861 chain_height=2515 expected_hash=34a93d19 local_hash= local_source=none snapshot_missing=false
[WARN] consensus validator set unresolved height=862 chain_height=2515 expected_hash=34a93d19 local_hash= local_source=none snapshot_missing=false
[WARN] consensus validator set unresolved height=863 chain_height=2515 expected_hash=34a93d19 local_hash= local_source=none snapshot_missing=false
[WARN] consensus validator set unresolved height=864 chain_height=2515 expected_hash=34a93d19 local_hash= local_source=none snapshot_missing=false
[WARN] consensus validator set unresolved height=865 chain_height=2515 expected_hash=34a93d19 local_hash= local_source=none snapshot_missing=false
[WARN] consensus validator set unresolved height=866 chain_height=2515 expected_hash=34a93d19 local_hash= local_source=none snapshot_missing=false
[WARN] consensus validator set unresolved height=867 chain_height=2515 expected_hash=34a93d19 local_hash= local_source=none snapshot_missing=false
[WARN] consensus validator set unresolved height=868 chain_height=2515 expected_hash=34a93d19 local_hash= local_source=none snapshot_missing=false
[WARN] consensus validator set unresolved height=869 chain_height=2515 expected_hash=34a93d19 local_hash= local_source=none snapshot_missing=false
[WARN] consensus validator set unresolved height=870 chain_height=2515 expected_hash=34a93d19 local_hash= local_source=none snapshot_missing=false
[WARN] consensus validator set unresolved height=871 chain_height=2515 expected_hash=34a93d19 local_hash= local_source=none snapshot_missing=false
[WARN] consensus validator set unresolved height=872 chain_height=2515 expected_hash=34a93d19 local_hash= local_source=none snapshot_missing=false
[WARN] consensus validator set unresolved height=873 chain_height=2515 expected_hash=34a93d19 local_hash= local_source=none snapshot_missing=false
[WARN] consensus validator set unresolved height=874 chain_height=2515 expected_hash=34a93d19 local_hash= local_source=none snapshot_missing=false
[WARN] consensus validator set unresolved height=875 chain_height=2515 expected_hash=34a93d19 local_hash= local_source=none snapshot_missing=false
[WARN] consensus validator set unresolved height=876 chain_height=2515 expected_hash=34a93d19 local_hash= local_source=none snapshot_missing=false
[WARN] consensus validator set unresolved height=877 chain_height=2515 expected_hash=34a93d19 local_hash= local_source=none snapshot_missing=false
[WARN] consensus validator set unresolved height=878 chain_height=2515 expected_hash=34a93d19 local_hash= local_source=none snapshot_missing=false
[WARN] consensus validator set unresolved height=879 chain_height=2515 expected_hash=34a93d19 local_hash= local_source=none snapshot_missing=false
[WARN] consensus validator set unresolved height=880 chain_height=2515 expected_hash=34a93d19 local_hash= local_source=none snapshot_missing=false
[WARN] consensus validator set unresolved height=881 chain_height=2515 expected_hash=34a93d19 local_hash= local_source=none snapshot_missing=false
[WARN] consensus validator set unresolved height=882 chain_height=2515 expected_hash=34a93d19 local_hash= local_source=none snapshot_missing=false
[WARN] consensus validator set unresolved height=883 chain_height=2515 expected_hash=34a93d19 local_hash= local_source=none snapshot_missing=false
[WARN] consensus validator set unresolved height=884 chain_height=2515 expected_hash=34a93d19 local_hash= local_source=none snapshot_missing=false
[WARN] consensus validator set unresolved height=885 chain_height=2515 expected_hash=34a93d19 local_hash= local_source=none snapshot_missing=false
[WARN] consensus validator set unresolved height=886 chain_height=2515 expected_hash=34a93d19 local_hash= local_source=none snapshot_missing=false
[WARN] consensus validator set unresolved height=887 chain_height=2515 expected_hash=34a93d19 local_hash= local_source=none snapshot_missing=false
[WARN] consensus validator set unresolved height=888 chain_height=2515 expected_hash=34a93d19 local_hash= local_source=none snapshot_missing=false
[WARN] consensus validator set unresolved height=889 chain_height=2515 expected_hash=34a93d19 local_hash= local_source=none snapshot_missing=false
[WARN] consensus validator set unresolved height=890 chain_height=2515 expected_hash=34a93d19 local_hash= local_source=none snapshot_missing=false
[WARN] consensus validator set unresolved height=891 chain_height=2515 expected_hash=34a93d19 local_hash= local_source=none snapshot_missing=false
[WARN] consensus validator set unresolved height=892 chain_height=2515 expected_hash=34a93d19 local_hash= local_source=none snapshot_missing=false
[WARN] consensus validator set unresolved height=893 chain_height=2515 expected_hash=34a93d19 local_hash= local_source=none snapshot_missing=false
[WARN] consensus validator set unresolved height=894 chain_height=2515 expected_hash=34a93d19 local_hash= local_source=none snapshot_missing=false
[WARN] consensus validator set unresolved height=895 chain_height=2515 expected_hash=34a93d19 local_hash= local_source=none snapshot_missing=false
[WARN] consensus validator set unresolved height=896 chain_height=2515 expected_hash=34a93d19 local_hash= local_source=none snapshot_missing=false
[WARN] consensus validator set unresolved height=897 chain_height=2515 expected_hash=34a93d19 local_hash= local_source=none snapshot_missing=false
[WARN] consensus validator set unresolved height=898 chain_height=2515 expected_hash=34a93d19 local_hash= local_source=none snapshot_missing=false
[WARN] consensus validator set unresolved height=899 chain_height=2515 expected_hash=34a93d19 local_hash= local_source=none snapshot_missing=false
[WARN] consensus validator set unresolved height=900 chain_height=2515 expected_hash=34a93d19 local_hash= local_source=none snapshot_missing=false
[WARN] consensus validator set unresolved height=901 chain_height=2515 expected_hash=34a93d19 local_hash= local_source=none snapshot_missing=false
[WARN] consensus validator set unresolved height=902 chain_height=2515 expected_hash=34a93d19 local_hash= local_source=none snapshot_missing=false
[WARN] consensus validator set unresolved height=903 chain_height=2515 expected_hash=34a93d19 local_hash= local_source=none snapshot_missing=false
[WARN] consensus validator set unresolved height=904 chain_height=2515 expected_hash=34a93d19 local_hash= local_source=none snapshot_missing=false
[WARN] consensus validator set unresolved height=905 chain_height=2515 expected_hash=34a93d19 local_hash= local_source=none snapshot_missing=false
[WARN] consensus validator set unresolved height=906 chain_height=2515 expected_hash=34a93d19 local_hash= local_source=none snapshot_missing=false
[WARN] consensus validator set unresolved height=907 chain_height=2515 expected_hash=34a93d19 local_hash= local_source=none snapshot_missing=false
[WARN] consensus validator set unresolved height=908 chain_height=2515 expected_hash=34a93d19 local_hash= local_source=none snapshot_missing=false
[WARN] consensus validator set unresolved height=909 chain_height=2515 expected_hash=34a93d19 local_hash= local_source=none snapshot_missing=false
[WARN] consensus validator set unresolved height=910 chain_height=2515 expected_hash=34a93d19 local_hash= local_source=none snapshot_missing=false
[WARN] consensus validator set unresolved height=911 chain_height=2515 expected_hash=34a93d19 local_hash= local_source=none snapshot_missing=false
[WARN] consensus validator set unresolved height=912 chain_height=2515 expected_hash=34a93d19 local_hash= local_source=none snapshot_missing=false
[WARN] consensus validator set unresolved height=913 chain_height=2515 expected_hash=34a93d19 local_hash= local_source=none snapshot_missing=false
[WARN] consensus validator set unresolved height=914 chain_height=2515 expected_hash=34a93d19 local_hash= local_source=none snapshot_missing=false
[WARN] consensus validator set unresolved height=915 chain_height=2515 expected_hash=34a93d19 local_hash= local_source=none snapshot_missing=false
[WARN] consensus validator set unresolved height=916 chain_height=2515 expected_hash=34a93d19 local_hash= local_source=none snapshot_missing=false
[WARN] consensus validator set unresolved height=917 chain_height=2515 expected_hash=34a93d19 local_hash= local_source=none snapshot_missing=false
[WARN] consensus validator set unresolved height=918 chain_height=2515 expected_hash=34a93d19 local_hash= local_source=none snapshot_missing=false
[WARN] consensus validator set unresolved height=919 chain_height=2515 expected_hash=34a93d19 local_hash= local_source=none snapshot_missing=false
[WARN] consensus validator set unresolved height=920 chain_height=2515 expected_hash=34a93d19 local_hash= local_source=none snapshot_missing=false
[WARN] consensus validator set unresolved height=921 chain_height=2515 expected_hash=34a93d19 local_hash= local_source=none snapshot_missing=false
[WARN] consensus validator set unresolved height=922 chain_height=2515 expected_hash=34a93d19 local_hash= local_source=none snapshot_missing=false
[WARN] consensus validator set unresolved height=923 chain_height=2515 expected_hash=34a93d19 local_hash= local_source=none snapshot_missing=false
[WARN] consensus validator set unresolved height=924 chain_height=2515 expected_hash=34a93d19 local_hash= local_source=none snapshot_missing=false
[WARN] consensus validator set unresolved height=925 chain_height=2515 expected_hash=34a93d19 local_hash= local_source=none snapshot_missing=false
[WARN] consensus validator set unresolved height=926 chain_height=2515 expected_hash=34a93d19 local_hash= local_source=none snapshot_missing=false
[WARN] consensus validator set unresolved height=927 chain_height=2515 expected_hash=34a93d19 local_hash= local_source=none snapshot_missing=false
[WARN] consensus validator set unresolved height=928 chain_height=2515 expected_hash=34a93d19 local_hash= local_source=none snapshot_missing=false
[WARN] consensus validator set unresolved height=929 chain_height=2515 expected_hash=34a93d19 local_hash= local_source=none snapshot_missing=false
[WARN] consensus validator set unresolved height=930 chain_height=2515 expected_hash=34a93d19 local_hash= local_source=none snapshot_missing=false
[WARN] consensus validator set unresolved height=931 chain_height=2515 expected_hash=34a93d19 local_hash= local_source=none snapshot_missing=false
[WARN] consensus validator set unresolved height=932 chain_height=2515 expected_hash=34a93d19 local_hash= local_source=none snapshot_missing=false
[WARN] consensus validator set unresolved height=933 chain_height=2515 expected_hash=34a93d19 local_hash= local_source=none snapshot_missing=false
[WARN] consensus validator set unresolved height=934 chain_height=2515 expected_hash=34a93d19 local_hash= local_source=none snapshot_missing=false
[WARN] consensus validator set unresolved height=935 chain_height=2515 expected_hash=34a93d19 local_hash= local_source=none snapshot_missing=false
[WARN] consensus validator set unresolved height=936 chain_height=2515 expected_hash=34a93d19 local_hash= local_source=none snapshot_missing=false
[WARN] consensus validator set unresolved height=937 chain_height=2515 expected_hash=34a93d19 local_hash= local_source=none snapshot_missing=false
[WARN] consensus validator set unresolved height=938 chain_height=2515 expected_hash=34a93d19 local_hash= local_source=none snapshot_missing=false
[WARN] consensus validator set unresolved height=939 chain_height=2515 expected_hash=34a93d19 local_hash= local_source=none snapshot_missing=false
[WARN] consensus validator set unresolved height=940 chain_height=2515 expected_hash=34a93d19 local_hash= local_source=none snapshot_missing=false
[WARN] consensus validator set unresolved height=941 chain_height=2515 expected_hash=34a93d19 local_hash= local_source=none snapshot_missing=false
[WARN] consensus validator set unresolved height=942 chain_height=2515 expected_hash=34a93d19 local_hash= local_source=none snapshot_missing=false
2026/05/18 14:42:05 [REGISTRY-HISTORY-REBUILD] height=1965 status=scheduled reason=consensus_set_unresolved
[WARN] consensus validator set unresolved height=943 chain_height=2515 expected_hash=34a93d19 local_hash= local_source=none snapshot_missing=false
2026/05/18 14:42:05 [REGISTRY-HISTORY-REBUILD] height=1965 status=started reason=consensus_set_unresolved
2026/05/18 14:42:05 [REGISTRY-HISTORY-REBUILD] height=1965 status=ok reason=consensus_set_unresolved
[WARN] consensus validator set unresolved height=944 chain_height=2515 expected_hash=34a93d19 local_hash= local_source=none snapshot_missing=false
[WARN] consensus validator set unresolved height=945 chain_height=2515 expected_hash=34a93d19 local_hash= local_source=none snapshot_missing=false
[WARN] consensus validator set unresolved height=946 chain_height=2515 expected_hash=34a93d19 local_hash= local_source=none snapshot_missing=false
[WARN] consensus validator set unresolved height=947 chain_height=2515 expected_hash=34a93d19 local_hash= local_source=none snapshot_missing=false
[WARN] consensus validator set unresolved height=948 chain_height=2515 expected_hash=34a93d19 local_hash= local_source=none snapshot_missing=false
[WARN] consensus validator set unresolved height=949 chain_height=2515 expected_hash=34a93d19 local_hash= local_source=none snapshot_missing=false
[WARN] consensus validator set unresolved height=950 chain_height=2515 expected_hash=34a93d19 local_hash= local_source=none snapshot_missing=false
[WARN] consensus validator set unresolved height=951 chain_height=2515 expected_hash=34a93d19 local_hash= local_source=none snapshot_missing=false
[WARN] consensus validator set unresolved height=952 chain_height=2515 expected_hash=34a93d19 local_hash= local_source=none snapshot_missing=false
[WARN] consensus validator set unresolved height=953 chain_height=2515 expected_hash=34a93d19 local_hash= local_source=none snapshot_missing=false
[WARN] consensus validator set unresolved height=954 chain_height=2515 expected_hash=34a93d19 local_hash= local_source=none snapshot_missing=false
[WARN] consensus validator set unresolved height=955 chain_height=2515 expected_hash=34a93d19 local_hash= local_source=none snapshot_missing=false
[WARN] consensus validator set unresolved height=956 chain_height=2515 expected_hash=34a93d19 local_hash= local_source=none snapshot_missing=false
[WARN] consensus validator set unresolved height=957 chain_height=2515 expected_hash=34a93d19 local_hash= local_source=none snapshot_missing=false
[WARN] consensus validator set unresolved height=958 chain_height=2515 expected_hash=34a93d19 local_hash= local_source=none snapshot_missing=false
[WARN] consensus validator set unresolved height=959 chain_height=2515 expected_hash=34a93d19 local_hash= local_source=none snapshot_missing=false
[WARN] consensus validator set unresolved height=960 chain_height=2515 expected_hash=34a93d19 local_hash= local_source=none snapshot_missing=false
[WARN] consensus validator set unresolved height=961 chain_height=2515 expected_hash=34a93d19 local_hash= local_source=none snapshot_missing=false
[WARN] consensus validator set unresolved height=962 chain_height=2515 expected_hash=34a93d19 local_hash= local_source=none snapshot_missing=false
[WARN] consensus validator set unresolved height=963 chain_height=2515 expected_hash=34a93d19 local_hash= local_source=none snapshot_missing=false
[WARN] consensus validator set unresolved height=964 chain_height=2515 expected_hash=34a93d19 local_hash= local_source=none snapshot_missing=false
[WARN] consensus validator set unresolved height=965 chain_height=2515 expected_hash=34a93d19 local_hash= local_source=none snapshot_missing=false
[WARN] consensus validator set unresolved height=966 chain_height=2515 expected_hash=34a93d19 local_hash= local_source=none snapshot_missing=false
[WARN] consensus validator set unresolved height=967 chain_height=2515 expected_hash=34a93d19 local_hash= local_source=none snapshot_missing=false
[WARN] consensus validator set unresolved height=968 chain_height=2515 expected_hash=34a93d19 local_hash= local_source=none snapshot_missing=false
[WARN] consensus validator set unresolved height=969 chain_height=2515 expected_hash=34a93d19 local_hash= local_source=none snapshot_missing=false
[WARN] consensus validator set unresolved height=970 chain_height=2515 expected_hash=34a93d19 local_hash= local_source=none snapshot_missing=false
[WARN] consensus validator set unresolved height=971 chain_height=2515 expected_hash=34a93d19 local_hash= local_source=none snapshot_missing=false
[WARN] consensus validator set unresolved height=972 chain_height=2515 expected_hash=34a93d19 local_hash= local_source=none snapshot_missing=false
[WARN] consensus validator set unresolved height=973 chain_height=2515 expected_hash=34a93d19 local_hash= local_source=none snapshot_missing=false
[WARN] consensus validator set unresolved height=974 chain_height=2515 expected_hash=34a93d19 local_hash= local_source=none snapshot_missing=false
[WARN] consensus validator set unresolved height=975 chain_height=2515 expected_hash=34a93d19 local_hash= local_source=none snapshot_missing=false
[WARN] consensus validator set unresolved height=976 chain_height=2515 expected_hash=34a93d19 local_hash= local_source=none snapshot_missing=false
[WARN] consensus validator set unresolved height=977 chain_height=2515 expected_hash=34a93d19 local_hash= local_source=none snapshot_missing=false
[WARN] consensus validator set unresolved height=978 chain_height=2515 expected_hash=34a93d19 local_hash= local_source=none snapshot_missing=false
[WARN] consensus validator set unresolved height=979 chain_height=2515 expected_hash=34a93d19 local_hash= local_source=none snapshot_missing=false
[WARN] consensus validator set unresolved height=980 chain_height=2515 expected_hash=34a93d19 local_hash= local_source=none snapshot_missing=false
[WARN] consensus validator set unresolved height=981 chain_height=2515 expected_hash=34a93d19 local_hash= local_source=none snapshot_missing=false
[WARN] consensus validator set unresolved height=982 chain_height=2515 expected_hash=34a93d19 local_hash= local_source=none snapshot_missing=false
[WARN] consensus validator set unresolved height=983 chain_height=2515 expected_hash=34a93d19 local_hash= local_source=none snapshot_missing=false
[WARN] consensus validator set unresolved height=984 chain_height=2515 expected_hash=34a93d19 local_hash= local_source=none snapshot_missing=false
[WARN] consensus validator set unresolved height=985 chain_height=2515 expected_hash=34a93d19 local_hash= local_source=none snapshot_missing=false
[WARN] consensus validator set unresolved height=986 chain_height=2515 expected_hash=34a93d19 local_hash= local_source=none snapshot_missing=false
[WARN] consensus validator set unresolved height=987 chain_height=2515 expected_hash=34a93d19 local_hash= local_source=none snapshot_missing=false
[WARN] consensus validator set unresolved height=988 chain_height=2515 expected_hash=34a93d19 local_hash= local_source=none snapshot_missing=false
[WARN] consensus validator set unresolved height=989 chain_height=2515 expected_hash=34a93d19 local_hash= local_source=none snapshot_missing=false
[WARN] consensus validator set unresolved height=990 chain_height=2515 expected_hash=34a93d19 local_hash= local_source=none snapshot_missing=false
[WARN] consensus validator set unresolved height=991 chain_height=2515 expected_hash=34a93d19 local_hash= local_source=none snapshot_missing=false
[WARN] consensus validator set unresolved height=992 chain_height=2515 expected_hash=34a93d19 local_hash= local_source=none snapshot_missing=false
[WARN] consensus validator set unresolved height=993 chain_height=2515 expected_hash=34a93d19 local_hash= local_source=none snapshot_missing=false
[WARN] consensus validator set unresolved height=994 chain_height=2515 expected_hash=34a93d19 local_hash= local_source=none snapshot_missing=false
[WARN] consensus validator set unresolved height=995 chain_height=2515 expected_hash=34a93d19 local_hash= local_source=none snapshot_missing=false
[WARN] consensus validator set unresolved height=996 chain_height=2515 expected_hash=34a93d19 local_hash= local_source=none snapshot_missing=false
[WARN] consensus validator set unresolved height=997 chain_height=2515 expected_hash=34a93d19 local_hash= local_source=none snapshot_missing=false
[WARN] consensus validator set unresolved height=998 chain_height=2515 expected_hash=34a93d19 local_hash= local_source=none snapshot_missing=false
[WARN] consensus validator set unresolved height=999 chain_height=2515 expected_hash=34a93d19 local_hash= local_source=none snapshot_missing=false
[WARN] consensus validator set unresolved height=1000 chain_height=2515 expected_hash=34a93d19 local_hash= local_source=none snapshot_missing=false
[WARN] consensus validator set unresolved height=1001 chain_height=2515 expected_hash=34a93d19 local_hash= local_source=none snapshot_missing=false
[WARN] consensus validator set unresolved height=1002 chain_height=2515 expected_hash=34a93d19 local_hash= local_source=none snapshot_missing=false
[WARN] consensus validator set unresolved height=1003 chain_height=2515 expected_hash=34a93d19 local_hash= local_source=none snapshot_missing=false
[WARN] consensus validator set unresolved height=1004 chain_height=2515 expected_hash=34a93d19 local_hash= local_source=none snapshot_missing=false
[WARN] consensus validator set unresolved height=1005 chain_height=2515 expected_hash=34a93d19 local_hash= local_source=none snapshot_missing=false
[WARN] consensus validator set unresolved height=1006 chain_height=2515 expected_hash=34a93d19 local_hash= local_source=none snapshot_missing=false
[WARN] consensus validator set unresolved height=1007 chain_height=2515 expected_hash=34a93d19 local_hash= local_source=none snapshot_missing=false
[WARN] consensus validator set unresolved height=1008 chain_height=2515 expected_hash=34a93d19 local_hash= local_source=none snapshot_missing=false
[WARN] consensus validator set unresolved height=1009 chain_height=2515 expected_hash=34a93d19 local_hash= local_source=none snapshot_missing=false
[WARN] consensus validator set unresolved height=1010 chain_height=2515 expected_hash=34a93d19 local_hash= local_source=none snapshot_missing=false
[WARN] consensus validator set unresolved height=1011 chain_height=2515 expected_hash=34a93d19 local_hash= local_source=none snapshot_missing=false
[WARN] consensus validator set unresolved height=1012 chain_height=2515 expected_hash=34a93d19 local_hash= local_source=none snapshot_missing=false
[WARN] consensus validator set unresolved height=1013 chain_height=2515 expected_hash=34a93d19 local_hash= local_source=none snapshot_missing=false
[WARN] consensus validator set unresolved height=1014 chain_height=2515 expected_hash=34a93d19 local_hash= local_source=none snapshot_missing=false
[WARN] consensus validator set unresolved height=1015 chain_height=2515 expected_hash=34a93d19 local_hash= local_source=none snapshot_missing=false
[WARN] consensus validator set unresolved height=1016 chain_height=2515 expected_hash=34a93d19 local_hash= local_source=none snapshot_missing=false
[WARN] consensus validator set unresolved height=1017 chain_height=2515 expected_hash=34a93d19 local_hash= local_source=none snapshot_missing=false
[WARN] consensus validator set unresolved height=1018 chain_height=2515 expected_hash=34a93d19 local_hash= local_source=none snapshot_missing=false
[WARN] consensus validator set unresolved height=1019 chain_height=2515 expected_hash=34a93d19 local_hash= local_source=none snapshot_missing=false
[WARN] consensus validator set unresolved height=1020 chain_height=2515 expected_hash=34a93d19 local_hash= local_source=none snapshot_missing=false
[WARN] consensus validator set unresolved height=1021 chain_height=2515 expected_hash=34a93d19 local_hash= local_source=none snapshot_missing=false
[WARN] consensus validator set unresolved height=1022 chain_height=2515 expected_hash=34a93d19 local_hash= local_source=none snapshot_missing=false
[WARN] consensus validator set unresolved height=1023 chain_height=2515 expected_hash=34a93d19 local_hash= local_source=none snapshot_missing=false
[WARN] consensus validator set unresolved height=1024 chain_height=2515 expected_hash=34a93d19 local_hash= local_source=none snapshot_missing=false
[WARN] consensus validator set unresolved height=1025 chain_height=2515 expected_hash=34a93d19 local_hash= local_source=none snapshot_missing=false
[WARN] consensus validator set unresolved height=1026 chain_height=2515 expected_hash=34a93d19 local_hash= local_source=none snapshot_missing=false
[WARN] consensus validator set unresolved height=1027 chain_height=2515 expected_hash=34a93d19 local_hash= local_source=none snapshot_missing=false
[WARN] consensus validator set unresolved height=1028 chain_height=2515 expected_hash=34a93d19 local_hash= local_source=none snapshot_missing=false
[WARN] consensus validator set unresolved height=1029 chain_height=2515 expected_hash=34a93d19 local_hash= local_source=none snapshot_missing=false
[WARN] consensus validator set unresolved height=1030 chain_height=2515 expected_hash=34a93d19 local_hash= local_source=none snapshot_missing=false
[WARN] consensus validator set unresolved height=1031 chain_height=2515 expected_hash=34a93d19 local_hash= local_source=none snapshot_missing=false
[WARN] consensus validator set unresolved height=1032 chain_height=2515 expected_hash=34a93d19 local_hash= local_source=none snapshot_missing=false
[WARN] consensus validator set unresolved height=1033 chain_height=2515 expected_hash=34a93d19 local_hash= local_source=none snapshot_missing=false
[WARN] consensus validator set unresolved height=1034 chain_height=2515 expected_hash=34a93d19 local_hash= local_source=none snapshot_missing=false
[WARN] consensus validator set unresolved height=1035 chain_height=2515 expected_hash=34a93d19 local_hash= local_source=none snapshot_missing=false
[WARN] consensus validator set unresolved height=1036 chain_height=2515 expected_hash=34a93d19 local_hash= local_source=none snapshot_missing=false
[WARN] consensus validator set unresolved height=1037 chain_height=2515 expected_hash=34a93d19 local_hash= local_source=none snapshot_missing=false
[WARN] consensus validator set unresolved height=1038 chain_height=2515 expected_hash=34a93d19 local_hash= local_source=none snapshot_missing=false
[WARN] consensus validator set unresolved height=1039 chain_height=2515 expected_hash=34a93d19 local_hash= local_source=none snapshot_missing=false
[WARN] consensus validator set unresolved height=1040 chain_height=2515 expected_hash=34a93d19 local_hash= local_source=none snapshot_missing=false
[WARN] consensus validator set unresolved height=1041 chain_height=2515 expected_hash=34a93d19 local_hash= local_source=none snapshot_missing=false
[WARN] consensus validator set unresolved height=1042 chain_height=2515 expected_hash=34a93d19 local_hash= local_source=none snapshot_missing=false
[WARN] consensus validator set unresolved height=1043 chain_height=2515 expected_hash=34a93d19 local_hash= local_source=none snapshot_missing=false
[WARN] consensus validator set unresolved height=1044 chain_height=2515 expected_hash=34a93d19 local_hash= local_source=none snapshot_missing=false
[WARN] consensus validator set unresolved height=1045 chain_height=2515 expected_hash=34a93d19 local_hash= local_source=none snapshot_missing=false
[WARN] consensus validator set unresolved height=1046 chain_height=2515 expected_hash=34a93d19 local_hash= local_source=none snapshot_missing=false
[WARN] consensus validator set unresolved height=1047 chain_height=2515 expected_hash=34a93d19 local_hash= local_source=none snapshot_missing=false
[WARN] consensus validator set unresolved height=1048 chain_height=2515 expected_hash=34a93d19 local_hash= local_source=none snapshot_missing=false
[WARN] consensus validator set unresolved height=1049 chain_height=2515 expected_hash=34a93d19 local_hash= local_source=none snapshot_missing=false
[WARN] consensus validator set unresolved height=1050 chain_height=2515 expected_hash=34a93d19 local_hash= local_source=none snapshot_missing=false
[WARN] consensus validator set unresolved height=1051 chain_height=2515 expected_hash=34a93d19 local_hash= local_source=none snapshot_missing=false
[WARN] consensus validator set unresolved height=1052 chain_height=2515 expected_hash=34a93d19 local_hash= local_source=none snapshot_missing=false
[WARN] consensus validator set unresolved height=1053 chain_height=2515 expected_hash=34a93d19 local_hash= local_source=none snapshot_missing=false
[WARN] consensus validator set unresolved height=1054 chain_height=2515 expected_hash=34a93d19 local_hash= local_source=none snapshot_missing=false
[WARN] consensus validator set unresolved height=1055 chain_height=2515 expected_hash=34a93d19 local_hash= local_source=none snapshot_missing=false
[WARN] consensus validator set unresolved height=1056 chain_height=2515 expected_hash=34a93d19 local_hash= local_source=none snapshot_missing=false
[WARN] consensus validator set unresolved height=1057 chain_height=2515 expected_hash=34a93d19 local_hash= local_source=none snapshot_missing=false
[WARN] consensus validator set unresolved height=1058 chain_height=2515 expected_hash=34a93d19 local_hash= local_source=none snapshot_missing=false
[WARN] consensus validator set unresolved height=1059 chain_height=2515 expected_hash=34a93d19 local_hash= local_source=none snapshot_missing=false
[WARN] consensus validator set unresolved height=1060 chain_height=2515 expected_hash=34a93d19 local_hash= local_source=none snapshot_missing=false
[WARN] consensus validator set unresolved height=1061 chain_height=2515 expected_hash=34a93d19 local_hash= local_source=none snapshot_missing=false
[WARN] consensus validator set unresolved height=1062 chain_height=2515 expected_hash=34a93d19 local_hash= local_source=none snapshot_missing=false
[WARN] consensus validator set unresolved height=1063 chain_height=2515 expected_hash=34a93d19 local_hash= local_source=none snapshot_missing=false
[WARN] consensus validator set unresolved height=1064 chain_height=2515 expected_hash=34a93d19 local_hash= local_source=none snapshot_missing=false
[WARN] consensus validator set unresolved height=1065 chain_height=2515 expected_hash=34a93d19 local_hash= local_source=none snapshot_missing=false
[WARN] consensus validator set unresolved height=1066 chain_height=2515 expected_hash=34a93d19 local_hash= local_source=none snapshot_missing=false
[WARN] consensus validator set unresolved height=1067 chain_height=2515 expected_hash=34a93d19 local_hash= local_source=none snapshot_missing=false
[WARN] consensus validator set unresolved height=1068 chain_height=2515 expected_hash=34a93d19 local_hash= local_source=none snapshot_missing=false
[WARN] consensus validator set unresolved height=1069 chain_height=2515 expected_hash=34a93d19 local_hash= local_source=none snapshot_missing=false
[WARN] consensus validator set unresolved height=1070 chain_height=2515 expected_hash=34a93d19 local_hash= local_source=none snapshot_missing=false
[WARN] consensus validator set unresolved height=1071 chain_height=2515 expected_hash=34a93d19 local_hash= local_source=none snapshot_missing=false
[WARN] consensus validator set unresolved height=1072 chain_height=2515 expected_hash=34a93d19 local_hash= local_source=none snapshot_missing=false
[WARN] consensus validator set unresolved height=1073 chain_height=2515 expected_hash=34a93d19 local_hash= local_source=none snapshot_missing=false
[WARN] consensus validator set unresolved height=1074 chain_height=2515 expected_hash=34a93d19 local_hash= local_source=none snapshot_missing=false
[WARN] consensus validator set unresolved height=1075 chain_height=2515 expected_hash=34a93d19 local_hash= local_source=none snapshot_missing=false
[WARN] consensus validator set unresolved height=1076 chain_height=2515 expected_hash=34a93d19 local_hash= local_source=none snapshot_missing=false
[WARN] consensus validator set unresolved height=1077 chain_height=2515 expected_hash=34a93d19 local_hash= local_source=none snapshot_missing=false
[WARN] consensus validator set unresolved height=1078 chain_height=2515 expected_hash=34a93d19 local_hash= local_source=none snapshot_missing=false
[WARN] consensus validator set unresolved height=1079 chain_height=2515 expected_hash=34a93d19 local_hash= local_source=none snapshot_missing=false
[WARN] consensus validator set unresolved height=1080 chain_height=2515 expected_hash=34a93d19 local_hash= local_source=none snapshot_missing=false
[WARN] consensus validator set unresolved height=1081 chain_height=2515 expected_hash=34a93d19 local_hash= local_source=none snapshot_missing=false
[WARN] consensus validator set unresolved height=1082 chain_height=2515 expected_hash=34a93d19 local_hash= local_source=none snapshot_missing=false
[WARN] consensus validator set unresolved height=1083 chain_height=2515 expected_hash=34a93d19 local_hash= local_source=none snapshot_missing=false
[WARN] consensus validator set unresolved height=1084 chain_height=2515 expected_hash=34a93d19 local_hash= local_source=none snapshot_missing=false
[WARN] consensus validator set unresolved height=1085 chain_height=2515 expected_hash=34a93d19 local_hash= local_source=none snapshot_missing=false
[WARN] consensus validator set unresolved height=1086 chain_height=2515 expected_hash=34a93d19 local_hash= local_source=none snapshot_missing=false
[WARN] consensus validator set unresolved height=1087 chain_height=2515 expected_hash=34a93d19 local_hash= local_source=none snapshot_missing=false
[WARN] consensus validator set unresolved height=1088 chain_height=2515 expected_hash=34a93d19 local_hash= local_source=none snapshot_missing=false
[WARN] consensus validator set unresolved height=1089 chain_height=2515 expected_hash=34a93d19 local_hash= local_source=none snapshot_missing=false
[WARN] consensus validator set unresolved height=1090 chain_height=2515 expected_hash=34a93d19 local_hash= local_source=none snapshot_missing=false
[WARN] consensus validator set unresolved height=1091 chain_height=2515 expected_hash=34a93d19 local_hash= local_source=none snapshot_missing=false
[WARN] consensus validator set unresolved height=1092 chain_height=2515 expected_hash=34a93d19 local_hash= local_source=none snapshot_missing=false
[WARN] consensus validator set unresolved height=1093 chain_height=2515 expected_hash=34a93d19 local_hash= local_source=none snapshot_missing=false
[WARN] consensus validator set unresolved height=1094 chain_height=2515 expected_hash=34a93d19 local_hash= local_source=none snapshot_missing=false
[WARN] consensus validator set unresolved height=1095 chain_height=2515 expected_hash=34a93d19 local_hash= local_source=none snapshot_missing=false
[WARN] consensus validator set unresolved height=1096 chain_height=2515 expected_hash=34a93d19 local_hash= local_source=none snapshot_missing=false
[WARN] consensus validator set unresolved height=1097 chain_height=2515 expected_hash=34a93d19 local_hash= local_source=none snapshot_missing=false
[WARN] consensus validator set unresolved height=1098 chain_height=2515 expected_hash=34a93d19 local_hash= local_source=none snapshot_missing=false
[WARN] consensus validator set unresolved height=1099 chain_height=2515 expected_hash=34a93d19 local_hash= local_source=none snapshot_missing=false
[WARN] consensus validator set unresolved height=1100 chain_height=2515 expected_hash=34a93d19 local_hash= local_source=none snapshot_missing=false
[WARN] consensus validator set unresolved height=1101 chain_height=2515 expected_hash=34a93d19 local_hash= local_source=none snapshot_missing=false
[WARN] consensus validator set unresolved height=1102 chain_height=2515 expected_hash=34a93d19 local_hash= local_source=none snapshot_missing=false
[WARN] consensus validator set unresolved height=1103 chain_height=2515 expected_hash=34a93d19 local_hash= local_source=none snapshot_missing=false
[WARN] consensus validator set unresolved height=1104 chain_height=2515 expected_hash=34a93d19 local_hash= local_source=none snapshot_missing=false
[WARN] consensus validator set unresolved height=1105 chain_height=2515 expected_hash=34a93d19 local_hash= local_source=none snapshot_missing=false
[WARN] consensus validator set unresolved height=1106 chain_height=2515 expected_hash=34a93d19 local_hash= local_source=none snapshot_missing=false
[WARN] consensus validator set unresolved height=1107 chain_height=2515 expected_hash=34a93d19 local_hash= local_source=none snapshot_missing=false
[WARN] consensus validator set unresolved height=1108 chain_height=2515 expected_hash=34a93d19 local_hash= local_source=none snapshot_missing=false
[WARN] consensus validator set unresolved height=1109 chain_height=2515 expected_hash=34a93d19 local_hash= local_source=none snapshot_missing=false
[WARN] consensus validator set unresolved height=1110 chain_height=2515 expected_hash=34a93d19 local_hash= local_source=none snapshot_missing=false
[WARN] consensus validator set unresolved height=1111 chain_height=2515 expected_hash=34a93d19 local_hash= local_source=none snapshot_missing=false
[WARN] consensus validator set unresolved height=1112 chain_height=2515 expected_hash=34a93d19 local_hash= local_source=none snapshot_missing=false
[WARN] consensus validator set unresolved height=1113 chain_height=2515 expected_hash=34a93d19 local_hash= local_source=none snapshot_missing=false
[WARN] consensus validator set unresolved height=1114 chain_height=2515 expected_hash=34a93d19 local_hash= local_source=none snapshot_missing=false
[WARN] consensus validator set unresolved height=1115 chain_height=2515 expected_hash=34a93d19 local_hash= local_source=none snapshot_missing=false
[WARN] consensus validator set unresolved height=1116 chain_height=2515 expected_hash=34a93d19 local_hash= local_source=none snapshot_missing=false
[WARN] consensus validator set unresolved height=1117 chain_height=2515 expected_hash=34a93d19 local_hash= local_source=none snapshot_missing=false
[WARN] consensus validator set unresolved height=1118 chain_height=2515 expected_hash=34a93d19 local_hash= local_source=none snapshot_missing=false
[WARN] consensus validator set unresolved height=1119 chain_height=2515 expected_hash=34a93d19 local_hash= local_source=none snapshot_missing=false
[WARN] consensus validator set unresolved height=1120 chain_height=2515 expected_hash=34a93d19 local_hash= local_source=none snapshot_missing=false
[WARN] consensus validator set unresolved height=1121 chain_height=2515 expected_hash=34a93d19 local_hash= local_source=none snapshot_missing=false
[WARN] consensus validator set unresolved height=1122 chain_height=2515 expected_hash=34a93d19 local_hash= local_source=none snapshot_missing=false
[WARN] consensus validator set unresolved height=1123 chain_height=2515 expected_hash=34a93d19 local_hash= local_source=none snapshot_missing=false
[WARN] consensus validator set unresolved height=1124 chain_height=2515 expected_hash=34a93d19 local_hash= local_source=none snapshot_missing=false
[WARN] consensus validator set unresolved height=1125 chain_height=2515 expected_hash=34a93d19 local_hash= local_source=none snapshot_missing=false
[WARN] consensus validator set unresolved height=1126 chain_height=2515 expected_hash=34a93d19 local_hash= local_source=none snapshot_missing=false
[WARN] consensus validator set unresolved height=1127 chain_height=2515 expected_hash=34a93d19 local_hash= local_source=none snapshot_missing=false
[WARN] consensus validator set unresolved height=1128 chain_height=2515 expected_hash=34a93d19 local_hash= local_source=none snapshot_missing=false
[WARN] consensus validator set unresolved height=1129 chain_height=2515 expected_hash=34a93d19 local_hash= local_source=none snapshot_missing=false
[WARN] consensus validator set unresolved height=1130 chain_height=2515 expected_hash=34a93d19 local_hash= local_source=none snapshot_missing=false
[WARN] consensus validator set unresolved height=1131 chain_height=2515 expected_hash=34a93d19 local_hash= local_source=none snapshot_missing=false
[WARN] consensus validator set unresolved height=1132 chain_height=2515 expected_hash=34a93d19 local_hash= local_source=none snapshot_missing=false
[WARN] consensus validator set unresolved height=1133 chain_height=2515 expected_hash=34a93d19 local_hash= local_source=none snapshot_missing=false
[WARN] consensus validator set unresolved height=1134 chain_height=2515 expected_hash=34a93d19 local_hash= local_source=none snapshot_missing=false
[WARN] consensus validator set unresolved height=1135 chain_height=2515 expected_hash=34a93d19 local_hash= local_source=none snapshot_missing=false
[WARN] consensus validator set unresolved height=1136 chain_height=2515 expected_hash=34a93d19 local_hash= local_source=none snapshot_missing=false
[WARN] consensus validator set unresolved height=1137 chain_height=2515 expected_hash=34a93d19 local_hash= local_source=none snapshot_missing=false
[WARN] consensus validator set unresolved height=1138 chain_height=2515 expected_hash=34a93d19 local_hash= local_source=none snapshot_missing=false
[WARN] consensus validator set unresolved height=1139 chain_height=2515 expected_hash=34a93d19 local_hash= local_source=none snapshot_missing=false
[WARN] consensus validator set unresolved height=1140 chain_height=2515 expected_hash=34a93d19 local_hash= local_source=none snapshot_missing=false
[WARN] consensus validator set unresolved height=1141 chain_height=2515 expected_hash=34a93d19 local_hash= local_source=none snapshot_missing=false
[WARN] consensus validator set unresolved height=1142 chain_height=2515 expected_hash=34a93d19 local_hash= local_source=none snapshot_missing=false
[WARN] consensus validator set unresolved height=1143 chain_height=2515 expected_hash=34a93d19 local_hash= local_source=none snapshot_missing=false
[WARN] consensus validator set unresolved height=1144 chain_height=2515 expected_hash=34a93d19 local_hash= local_source=none snapshot_missing=false
[WARN] consensus validator set unresolved height=1145 chain_height=2515 expected_hash=34a93d19 local_hash= local_source=none snapshot_missing=false
[WARN] consensus validator set unresolved height=1146 chain_height=2515 expected_hash=34a93d19 local_hash= local_source=none snapshot_missing=false
[WARN] consensus validator set unresolved height=1147 chain_height=2515 expected_hash=34a93d19 local_hash= local_source=none snapshot_missing=false
[WARN] consensus validator set unresolved height=1148 chain_height=2515 expected_hash=34a93d19 local_hash= local_source=none snapshot_missing=false
[WARN] consensus validator set unresolved height=1149 chain_height=2515 expected_hash=34a93d19 local_hash= local_source=none snapshot_missing=false
[WARN] consensus validator set unresolved height=1150 chain_height=2515 expected_hash=34a93d19 local_hash= local_source=none snapshot_missing=false
[WARN] consensus validator set unresolved height=1151 chain_height=2515 expected_hash=34a93d19 local_hash= local_source=none snapshot_missing=false
[WARN] consensus validator set unresolved height=1152 chain_height=2515 expected_hash=34a93d19 local_hash= local_source=none snapshot_missing=false
[WARN] consensus validator set unresolved height=1153 chain_height=2515 expected_hash=34a93d19 local_hash= local_source=none snapshot_missing=false
[WARN] consensus validator set unresolved height=1154 chain_height=2515 expected_hash=34a93d19 local_hash= local_source=none snapshot_missing=false
[WARN] consensus validator set unresolved height=1155 chain_height=2515 expected_hash=34a93d19 local_hash= local_source=none snapshot_missing=false
[WARN] consensus validator set unresolved height=1156 chain_height=2515 expected_hash=34a93d19 local_hash= local_source=none snapshot_missing=false
[WARN] consensus validator set unresolved height=1157 chain_height=2515 expected_hash=34a93d19 local_hash= local_source=none snapshot_missing=false
[WARN] consensus validator set unresolved height=1158 chain_height=2515 expected_hash=34a93d19 local_hash= local_source=none snapshot_missing=false
[WARN] consensus validator set unresolved height=1159 chain_height=2515 expected_hash=34a93d19 local_hash= local_source=none snapshot_missing=false
[WARN] consensus validator set unresolved height=1160 chain_height=2515 expected_hash=34a93d19 local_hash= local_source=none snapshot_missing=false
[WARN] consensus validator set unresolved height=1161 chain_height=2515 expected_hash=34a93d19 local_hash= local_source=none snapshot_missing=false
[WARN] consensus validator set unresolved height=1162 chain_height=2515 expected_hash=34a93d19 local_hash= local_source=none snapshot_missing=false
[WARN] consensus validator set unresolved height=1163 chain_height=2515 expected_hash=34a93d19 local_hash= local_source=none snapshot_missing=false
[WARN] consensus validator set unresolved height=1164 chain_height=2515 expected_hash=34a93d19 local_hash= local_source=none snapshot_missing=false
[WARN] consensus validator set unresolved height=1165 chain_height=2515 expected_hash=34a93d19 local_hash= local_source=none snapshot_missing=false
[WARN] consensus validator set unresolved height=1166 chain_height=2515 expected_hash=34a93d19 local_hash= local_source=none snapshot_missing=false
[WARN] consensus validator set unresolved height=1167 chain_height=2515 expected_hash=34a93d19 local_hash= local_source=none snapshot_missing=false
[WARN] consensus validator set unresolved height=1168 chain_height=2515 expected_hash=34a93d19 local_hash= local_source=none snapshot_missing=false
[WARN] consensus validator set unresolved height=1169 chain_height=2515 expected_hash=34a93d19 local_hash= local_source=none snapshot_missing=false
[WARN] consensus validator set unresolved height=1170 chain_height=2515 expected_hash=34a93d19 local_hash= local_source=none snapshot_missing=false
[WARN] consensus validator set unresolved height=1171 chain_height=2515 expected_hash=34a93d19 local_hash= local_source=none snapshot_missing=false
[WARN] consensus validator set unresolved height=1172 chain_height=2515 expected_hash=34a93d19 local_hash= local_source=none snapshot_missing=false
[WARN] consensus validator set unresolved height=1173 chain_height=2515 expected_hash=34a93d19 local_hash= local_source=none snapshot_missing=false
[WARN] consensus validator set unresolved height=1174 chain_height=2515 expected_hash=34a93d19 local_hash= local_source=none snapshot_missing=false
[WARN] consensus validator set unresolved height=1175 chain_height=2515 expected_hash=34a93d19 local_hash= local_source=none snapshot_missing=false
[WARN] consensus validator set unresolved height=1176 chain_height=2515 expected_hash=34a93d19 local_hash= local_source=none snapshot_missing=false
[WARN] consensus validator set unresolved height=1177 chain_height=2515 expected_hash=34a93d19 local_hash= local_source=none snapshot_missing=false
[WARN] consensus validator set unresolved height=1178 chain_height=2515 expected_hash=34a93d19 local_hash= local_source=none snapshot_missing=false
[WARN] consensus validator set unresolved height=1179 chain_height=2515 expected_hash=34a93d19 local_hash= local_source=none snapshot_missing=false
[WARN] consensus validator set unresolved height=1180 chain_height=2515 expected_hash=34a93d19 local_hash= local_source=none snapshot_missing=false
[WARN] consensus validator set unresolved height=1181 chain_height=2515 expected_hash=34a93d19 local_hash= local_source=none snapshot_missing=false
[WARN] consensus validator set unresolved height=1182 chain_height=2515 expected_hash=34a93d19 local_hash= local_source=none snapshot_missing=false
[WARN] consensus validator set unresolved height=1183 chain_height=2515 expected_hash=34a93d19 local_hash= local_source=none snapshot_missing=false
[WARN] consensus validator set unresolved height=1184 chain_height=2515 expected_hash=34a93d19 local_hash= local_source=none snapshot_missing=false
[WARN] consensus validator set unresolved height=1185 chain_height=2515 expected_hash=34a93d19 local_hash= local_source=none snapshot_missing=false
[WARN] consensus validator set unresolved height=1186 chain_height=2515 expected_hash=34a93d19 local_hash= local_source=none snapshot_missing=false
[WARN] consensus validator set unresolved height=1187 chain_height=2515 expected_hash=34a93d19 local_hash= local_source=none snapshot_missing=false
[WARN] consensus validator set unresolved height=1188 chain_height=2515 expected_hash=34a93d19 local_hash= local_source=none snapshot_missing=false
[WARN] consensus validator set unresolved height=1189 chain_height=2515 expected_hash=34a93d19 local_hash= local_source=none snapshot_missing=false
[WARN] consensus validator set unresolved height=1190 chain_height=2515 expected_hash=34a93d19 local_hash= local_source=none snapshot_missing=false
[WARN] consensus validator set unresolved height=1191 chain_height=2515 expected_hash=34a93d19 local_hash= local_source=none snapshot_missing=false
[WARN] consensus validator set unresolved height=1192 chain_height=2515 expected_hash=34a93d19 local_hash= local_source=none snapshot_missing=false
[WARN] consensus validator set unresolved height=1193 chain_height=2515 expected_hash=34a93d19 local_hash= local_source=none snapshot_missing=false
[WARN] consensus validator set unresolved height=1194 chain_height=2515 expected_hash=34a93d19 local_hash= local_source=none snapshot_missing=false
[WARN] consensus validator set unresolved height=1195 chain_height=2515 expected_hash=34a93d19 local_hash= local_source=none snapshot_missing=false
[WARN] consensus validator set unresolved height=1196 chain_height=2515 expected_hash=34a93d19 local_hash= local_source=none snapshot_missing=false
[WARN] consensus validator set unresolved height=1197 chain_height=2515 expected_hash=34a93d19 local_hash= local_source=none snapshot_missing=false
[WARN] consensus validator set unresolved height=1198 chain_height=2515 expected_hash=34a93d19 local_hash= local_source=none snapshot_missing=false
[WARN] consensus validator set unresolved height=1199 chain_height=2515 expected_hash=34a93d19 local_hash= local_source=none snapshot_missing=false
[WARN] consensus validator set unresolved height=1200 chain_height=2515 expected_hash=34a93d19 local_hash= local_source=none snapshot_missing=false
[WARN] consensus validator set unresolved height=1201 chain_height=2515 expected_hash=34a93d19 local_hash= local_source=none snapshot_missing=false
[WARN] consensus validator set unresolved height=1202 chain_height=2515 expected_hash=34a93d19 local_hash= local_source=none snapshot_missing=false
[WARN] consensus validator set unresolved height=1203 chain_height=2515 expected_hash=34a93d19 local_hash= local_source=none snapshot_missing=false
[WARN] consensus validator set unresolved height=1204 chain_height=2515 expected_hash=34a93d19 local_hash= local_source=none snapshot_missing=false
[WARN] consensus validator set unresolved height=1205 chain_height=2515 expected_hash=34a93d19 local_hash= local_source=none snapshot_missing=false
[WARN] consensus validator set unresolved height=1206 chain_height=2515 expected_hash=34a93d19 local_hash= local_source=none snapshot_missing=false
[WARN] consensus validator set unresolved height=1207 chain_height=2515 expected_hash=34a93d19 local_hash= local_source=none snapshot_missing=false
[WARN] consensus validator set unresolved height=1208 chain_height=2515 expected_hash=34a93d19 local_hash= local_source=none snapshot_missing=false
[WARN] consensus validator set unresolved height=1209 chain_height=2515 expected_hash=34a93d19 local_hash= local_source=none snapshot_missing=false
[WARN] consensus validator set unresolved height=1210 chain_height=2515 expected_hash=34a93d19 local_hash= local_source=none snapshot_missing=false
[WARN] consensus validator set unresolved height=1211 chain_height=2515 expected_hash=34a93d19 local_hash= local_source=none snapshot_missing=false
[WARN] consensus validator set unresolved height=1212 chain_height=2515 expected_hash=34a93d19 local_hash= local_source=none snapshot_missing=false
[WARN] consensus validator set unresolved height=1213 chain_height=2515 expected_hash=34a93d19 local_hash= local_source=none snapshot_missing=false
[WARN] consensus validator set unresolved height=1214 chain_height=2515 expected_hash=34a93d19 local_hash= local_source=none snapshot_missing=false
[WARN] consensus validator set unresolved height=1215 chain_height=2515 expected_hash=34a93d19 local_hash= local_source=none snapshot_missing=false
[WARN] consensus validator set unresolved height=1216 chain_height=2515 expected_hash=34a93d19 local_hash= local_source=none snapshot_missing=false
[WARN] consensus validator set unresolved height=1217 chain_height=2515 expected_hash=34a93d19 local_hash= local_source=none snapshot_missing=false
[WARN] consensus validator set unresolved height=1218 chain_height=2515 expected_hash=34a93d19 local_hash= local_source=none snapshot_missing=false
[WARN] consensus validator set unresolved height=1219 chain_height=2515 expected_hash=34a93d19 local_hash= local_source=none snapshot_missing=false
[WARN] consensus validator set unresolved height=1220 chain_height=2515 expected_hash=34a93d19 local_hash= local_source=none snapshot_missing=false
[WARN] consensus validator set unresolved height=1221 chain_height=2515 expected_hash=34a93d19 local_hash= local_source=none snapshot_missing=false
[WARN] consensus validator set unresolved height=1222 chain_height=2515 expected_hash=34a93d19 local_hash= local_source=none snapshot_missing=false
[WARN] consensus validator set unresolved height=1223 chain_height=2515 expected_hash=34a93d19 local_hash= local_source=none snapshot_missing=false
[WARN] consensus validator set unresolved height=1224 chain_height=2515 expected_hash=34a93d19 local_hash= local_source=none snapshot_missing=false
[WARN] consensus validator set unresolved height=1225 chain_height=2515 expected_hash=34a93d19 local_hash= local_source=none snapshot_missing=false
[WARN] consensus validator set unresolved height=1226 chain_height=2515 expected_hash=34a93d19 local_hash= local_source=none snapshot_missing=false
[WARN] consensus validator set unresolved height=1227 chain_height=2515 expected_hash=34a93d19 local_hash= local_source=none snapshot_missing=false
[WARN] consensus validator set unresolved height=1228 chain_height=2515 expected_hash=34a93d19 local_hash= local_source=none snapshot_missing=false
[WARN] consensus validator set unresolved height=1229 chain_height=2515 expected_hash=34a93d19 local_hash= local_source=none snapshot_missing=false
[WARN] consensus validator set unresolved height=1230 chain_height=2515 expected_hash=34a93d19 local_hash= local_source=none snapshot_missing=false
[WARN] consensus validator set unresolved height=1231 chain_height=2515 expected_hash=34a93d19 local_hash= local_source=none snapshot_missing=false
[WARN] consensus validator set unresolved height=1232 chain_height=2515 expected_hash=34a93d19 local_hash= local_source=none snapshot_missing=false
[WARN] consensus validator set unresolved height=1233 chain_height=2515 expected_hash=34a93d19 local_hash= local_source=none snapshot_missing=false
[WARN] consensus validator set unresolved height=1234 chain_height=2515 expected_hash=34a93d19 local_hash= local_source=none snapshot_missing=false
[WARN] consensus validator set unresolved height=1235 chain_height=2515 expected_hash=34a93d19 local_hash= local_source=none snapshot_missing=false
[WARN] consensus validator set unresolved height=1236 chain_height=2515 expected_hash=34a93d19 local_hash= local_source=none snapshot_missing=false
[WARN] consensus validator set unresolved height=1237 chain_height=2515 expected_hash=34a93d19 local_hash= local_source=none snapshot_missing=false
[WARN] consensus validator set unresolved height=1238 chain_height=2515 expected_hash=34a93d19 local_hash= local_source=none snapshot_missing=false
[WARN] consensus validator set unresolved height=1239 chain_height=2515 expected_hash=34a93d19 local_hash= local_source=none snapshot_missing=false
[WARN] consensus validator set unresolved height=1240 chain_height=2515 expected_hash=34a93d19 local_hash= local_source=none snapshot_missing=false
[WARN] consensus validator set unresolved height=1241 chain_height=2515 expected_hash=34a93d19 local_hash= local_source=none snapshot_missing=false
[WARN] consensus validator set unresolved height=1242 chain_height=2515 expected_hash=34a93d19 local_hash= local_source=none snapshot_missing=false
[WARN] consensus validator set unresolved height=1243 chain_height=2515 expected_hash=34a93d19 local_hash= local_source=none snapshot_missing=false
[WARN] consensus validator set unresolved height=1244 chain_height=2515 expected_hash=34a93d19 local_hash= local_source=none snapshot_missing=false
[WARN] consensus validator set unresolved height=1245 chain_height=2515 expected_hash=34a93d19 local_hash= local_source=none snapshot_missing=false
[WARN] consensus validator set unresolved height=1246 chain_height=2515 expected_hash=34a93d19 local_hash= local_source=none snapshot_missing=false
[WARN] consensus validator set unresolved height=1247 chain_height=2515 expected_hash=34a93d19 local_hash= local_source=none snapshot_missing=false
[WARN] consensus validator set unresolved height=1248 chain_height=2515 expected_hash=34a93d19 local_hash= local_source=none snapshot_missing=false
[WARN] consensus validator set unresolved height=1249 chain_height=2515 expected_hash=34a93d19 local_hash= local_source=none snapshot_missing=false
[WARN] consensus validator set unresolved height=1250 chain_height=2515 expected_hash=34a93d19 local_hash= local_source=none snapshot_missing=false
[WARN] consensus validator set unresolved height=1251 chain_height=2515 expected_hash=34a93d19 local_hash= local_source=none snapshot_missing=false
[WARN] consensus validator set unresolved height=1252 chain_height=2515 expected_hash=34a93d19 local_hash= local_source=none snapshot_missing=false
[WARN] consensus validator set unresolved height=1253 chain_height=2515 expected_hash=34a93d19 local_hash= local_source=none snapshot_missing=false
[WARN] consensus validator set unresolved height=1254 chain_height=2515 expected_hash=34a93d19 local_hash= local_source=none snapshot_missing=false
[WARN] consensus validator set unresolved height=1255 chain_height=2515 expected_hash=34a93d19 local_hash= local_source=none snapshot_missing=false
[WARN] consensus validator set unresolved height=1256 chain_height=2515 expected_hash=34a93d19 local_hash= local_source=none snapshot_missing=false
[WARN] consensus validator set unresolved height=1257 chain_height=2515 expected_hash=34a93d19 local_hash= local_source=none snapshot_missing=false
[WARN] consensus validator set unresolved height=1258 chain_height=2515 expected_hash=34a93d19 local_hash= local_source=none snapshot_missing=false
[WARN] consensus validator set unresolved height=1259 chain_height=2515 expected_hash=34a93d19 local_hash= local_source=none snapshot_missing=false
[WARN] consensus validator set unresolved height=1260 chain_height=2515 expected_hash=34a93d19 local_hash= local_source=none snapshot_missing=false
[WARN] consensus validator set unresolved height=1261 chain_height=2515 expected_hash=34a93d19 local_hash= local_source=none snapshot_missing=false
[WARN] consensus validator set unresolved height=1262 chain_height=2515 expected_hash=34a93d19 local_hash= local_source=none snapshot_missing=false
[WARN] consensus validator set unresolved height=1263 chain_height=2515 expected_hash=34a93d19 local_hash= local_source=none snapshot_missing=false
[WARN] consensus validator set unresolved height=1264 chain_height=2515 expected_hash=34a93d19 local_hash= local_source=none snapshot_missing=false
[WARN] consensus validator set unresolved height=1265 chain_height=2515 expected_hash=34a93d19 local_hash= local_source=none snapshot_missing=false
[WARN] consensus validator set unresolved height=1266 chain_height=2515 expected_hash=34a93d19 local_hash= local_source=none snapshot_missing=false
[WARN] consensus validator set unresolved height=1267 chain_height=2515 expected_hash=34a93d19 local_hash= local_source=none snapshot_missing=false
[WARN] consensus validator set unresolved height=1268 chain_height=2515 expected_hash=34a93d19 local_hash= local_source=none snapshot_missing=false
[WARN] consensus validator set unresolved height=1269 chain_height=2515 expected_hash=34a93d19 local_hash= local_source=none snapshot_missing=false
[WARN] consensus validator set unresolved height=1270 chain_height=2515 expected_hash=34a93d19 local_hash= local_source=none snapshot_missing=false
[WARN] consensus validator set unresolved height=1271 chain_height=2515 expected_hash=34a93d19 local_hash= local_source=none snapshot_missing=false
[WARN] consensus validator set unresolved height=1272 chain_height=2515 expected_hash=34a93d19 local_hash= local_source=none snapshot_missing=false
[WARN] consensus validator set unresolved height=1273 chain_height=2515 expected_hash=34a93d19 local_hash= local_source=none snapshot_missing=false
[WARN] consensus validator set unresolved height=1274 chain_height=2515 expected_hash=34a93d19 local_hash= local_source=none snapshot_missing=false
[WARN] consensus validator set unresolved height=1275 chain_height=2515 expected_hash=34a93d19 local_hash= local_source=none snapshot_missing=false
[WARN] consensus validator set unresolved height=1276 chain_height=2515 expected_hash=34a93d19 local_hash= local_source=none snapshot_missing=false
[WARN] consensus validator set unresolved height=1277 chain_height=2515 expected_hash=34a93d19 local_hash= local_source=none snapshot_missing=false
[WARN] consensus validator set unresolved height=1278 chain_height=2515 expected_hash=34a93d19 local_hash= local_source=none snapshot_missing=false
[WARN] consensus validator set unresolved height=1279 chain_height=2515 expected_hash=34a93d19 local_hash= local_source=none snapshot_missing=false
[WARN] consensus validator set unresolved height=1280 chain_height=2515 expected_hash=34a93d19 local_hash= local_source=none snapshot_missing=false
[WARN] consensus validator set unresolved height=1281 chain_height=2515 expected_hash=34a93d19 local_hash= local_source=none snapshot_missing=false
[WARN] consensus validator set unresolved height=1282 chain_height=2515 expected_hash=34a93d19 local_hash= local_source=none snapshot_missing=false
[WARN] consensus validator set unresolved height=1283 chain_height=2515 expected_hash=34a93d19 local_hash= local_source=none snapshot_missing=false
[WARN] consensus validator set unresolved height=1284 chain_height=2515 expected_hash=34a93d19 local_hash= local_source=none snapshot_missing=false
[WARN] consensus validator set unresolved height=1285 chain_height=2515 expected_hash=34a93d19 local_hash= local_source=none snapshot_missing=false
[WARN] consensus validator set unresolved height=1286 chain_height=2515 expected_hash=34a93d19 local_hash= local_source=none snapshot_missing=false
[WARN] consensus validator set unresolved height=1287 chain_height=2515 expected_hash=34a93d19 local_hash= local_source=none snapshot_missing=false
[WARN] consensus validator set unresolved height=1288 chain_height=2515 expected_hash=34a93d19 local_hash= local_source=none snapshot_missing=false
[WARN] consensus validator set unresolved height=1289 chain_height=2515 expected_hash=34a93d19 local_hash= local_source=none snapshot_missing=false
[WARN] consensus validator set unresolved height=1290 chain_height=2515 expected_hash=34a93d19 local_hash= local_source=none snapshot_missing=false
[WARN] consensus validator set unresolved height=1291 chain_height=2515 expected_hash=34a93d19 local_hash= local_source=none snapshot_missing=false
[WARN] consensus validator set unresolved height=1292 chain_height=2515 expected_hash=34a93d19 local_hash= local_source=none snapshot_missing=false
[WARN] consensus validator set unresolved height=1293 chain_height=2515 expected_hash=34a93d19 local_hash= local_source=none snapshot_missing=false
[WARN] consensus validator set unresolved height=1294 chain_height=2515 expected_hash=34a93d19 local_hash= local_source=none snapshot_missing=false
[WARN] consensus validator set unresolved height=1295 chain_height=2515 expected_hash=34a93d19 local_hash= local_source=none snapshot_missing=false
[WARN] consensus validator set unresolved height=1296 chain_height=2515 expected_hash=34a93d19 local_hash= local_source=none snapshot_missing=false
[WARN] consensus validator set unresolved height=1297 chain_height=2515 expected_hash=34a93d19 local_hash= local_source=none snapshot_missing=false
[WARN] consensus validator set unresolved height=1298 chain_height=2515 expected_hash=34a93d19 local_hash= local_source=none snapshot_missing=false
[WARN] consensus validator set unresolved height=1299 chain_height=2515 expected_hash=34a93d19 local_hash= local_source=none snapshot_missing=false
[WARN] consensus validator set unresolved height=1300 chain_height=2515 expected_hash=34a93d19 local_hash= local_source=none snapshot_missing=false
[WARN] consensus validator set unresolved height=1301 chain_height=2515 expected_hash=34a93d19 local_hash= local_source=none snapshot_missing=false
[WARN] consensus validator set unresolved height=1302 chain_height=2515 expected_hash=34a93d19 local_hash= local_source=none snapshot_missing=false
[WARN] consensus validator set unresolved height=1303 chain_height=2515 expected_hash=34a93d19 local_hash= local_source=none snapshot_missing=false
[WARN] consensus validator set unresolved height=1304 chain_height=2515 expected_hash=34a93d19 local_hash= local_source=none snapshot_missing=false
[WARN] consensus validator set unresolved height=1305 chain_height=2515 expected_hash=34a93d19 local_hash= local_source=none snapshot_missing=false
[WARN] consensus validator set unresolved height=1306 chain_height=2515 expected_hash=34a93d19 local_hash= local_source=none snapshot_missing=false
[WARN] consensus validator set unresolved height=1307 chain_height=2515 expected_hash=34a93d19 local_hash= local_source=none snapshot_missing=false
[WARN] consensus validator set unresolved height=1308 chain_height=2515 expected_hash=34a93d19 local_hash= local_source=none snapshot_missing=false
[WARN] consensus validator set unresolved height=1309 chain_height=2515 expected_hash=34a93d19 local_hash= local_source=none snapshot_missing=false
[WARN] consensus validator set unresolved height=1310 chain_height=2515 expected_hash=34a93d19 local_hash= local_source=none snapshot_missing=false
[WARN] consensus validator set unresolved height=1311 chain_height=2515 expected_hash=34a93d19 local_hash= local_source=none snapshot_missing=false
[WARN] consensus validator set unresolved height=1312 chain_height=2515 expected_hash=34a93d19 local_hash= local_source=none snapshot_missing=false
[WARN] consensus validator set unresolved height=1313 chain_height=2515 expected_hash=34a93d19 local_hash= local_source=none snapshot_missing=false
[WARN] consensus validator set unresolved height=1314 chain_height=2515 expected_hash=34a93d19 local_hash= local_source=none snapshot_missing=false
[WARN] consensus validator set unresolved height=1315 chain_height=2515 expected_hash=34a93d19 local_hash= local_source=none snapshot_missing=false
[WARN] consensus validator set unresolved height=1316 chain_height=2515 expected_hash=34a93d19 local_hash= local_source=none snapshot_missing=false
[WARN] consensus validator set unresolved height=1317 chain_height=2515 expected_hash=34a93d19 local_hash= local_source=none snapshot_missing=false
[WARN] consensus validator set unresolved height=1318 chain_height=2515 expected_hash=34a93d19 local_hash= local_source=none snapshot_missing=false
[WARN] consensus validator set unresolved height=1319 chain_height=2515 expected_hash=34a93d19 local_hash= local_source=none snapshot_missing=false
[WARN] consensus validator set unresolved height=1320 chain_height=2515 expected_hash=34a93d19 local_hash= local_source=none snapshot_missing=false
[WARN] consensus validator set unresolved height=1321 chain_height=2515 expected_hash=34a93d19 local_hash= local_source=none snapshot_missing=false
[WARN] consensus validator set unresolved height=1322 chain_height=2515 expected_hash=34a93d19 local_hash= local_source=none snapshot_missing=false
[WARN] consensus validator set unresolved height=1323 chain_height=2515 expected_hash=34a93d19 local_hash= local_source=none snapshot_missing=false
[WARN] consensus validator set unresolved height=1324 chain_height=2515 expected_hash=34a93d19 local_hash= local_source=none snapshot_missing=false
[WARN] consensus validator set unresolved height=1325 chain_height=2515 expected_hash=34a93d19 local_hash= local_source=none snapshot_missing=false
[WARN] consensus validator set unresolved height=1326 chain_height=2515 expected_hash=34a93d19 local_hash= local_source=none snapshot_missing=false
[WARN] consensus validator set unresolved height=1327 chain_height=2515 expected_hash=34a93d19 local_hash= local_source=none snapshot_missing=false
[WARN] consensus validator set unresolved height=1328 chain_height=2515 expected_hash=34a93d19 local_hash= local_source=none snapshot_missing=false
[WARN] consensus validator set unresolved height=1329 chain_height=2515 expected_hash=34a93d19 local_hash= local_source=none snapshot_missing=false
[WARN] consensus validator set unresolved height=1330 chain_height=2515 expected_hash=34a93d19 local_hash= local_source=none snapshot_missing=false
[WARN] consensus validator set unresolved height=1331 chain_height=2515 expected_hash=34a93d19 local_hash= local_source=none snapshot_missing=false
[WARN] consensus validator set unresolved height=1332 chain_height=2515 expected_hash=34a93d19 local_hash= local_source=none snapshot_missing=false
[WARN] consensus validator set unresolved height=1333 chain_height=2515 expected_hash=34a93d19 local_hash= local_source=none snapshot_missing=false
[WARN] consensus validator set unresolved height=1334 chain_height=2515 expected_hash=34a93d19 local_hash= local_source=none snapshot_missing=false
[WARN] consensus validator set unresolved height=1335 chain_height=2515 expected_hash=34a93d19 local_hash= local_source=none snapshot_missing=false
[WARN] consensus validator set unresolved height=1336 chain_height=2515 expected_hash=34a93d19 local_hash= local_source=none snapshot_missing=false
[WARN] consensus validator set unresolved height=1337 chain_height=2515 expected_hash=34a93d19 local_hash= local_source=none snapshot_missing=false
[WARN] consensus validator set unresolved height=1338 chain_height=2515 expected_hash=34a93d19 local_hash= local_source=none snapshot_missing=false
[WARN] consensus validator set unresolved height=1339 chain_height=2515 expected_hash=34a93d19 local_hash= local_source=none snapshot_missing=false
[WARN] consensus validator set unresolved height=1340 chain_height=2515 expected_hash=34a93d19 local_hash= local_source=none snapshot_missing=false
[WARN] consensus validator set unresolved height=1341 chain_height=2515 expected_hash=34a93d19 local_hash= local_source=none snapshot_missing=false
[WARN] consensus validator set unresolved height=1342 chain_height=2515 expected_hash=34a93d19 local_hash= local_source=none snapshot_missing=false
[WARN] consensus validator set unresolved height=1343 chain_height=2515 expected_hash=34a93d19 local_hash= local_source=none snapshot_missing=false
[WARN] consensus validator set unresolved height=1344 chain_height=2515 expected_hash=34a93d19 local_hash= local_source=none snapshot_missing=false
[WARN] consensus validator set unresolved height=1345 chain_height=2515 expected_hash=34a93d19 local_hash= local_source=none snapshot_missing=false
[WARN] consensus validator set unresolved height=1346 chain_height=2515 expected_hash=34a93d19 local_hash= local_source=none snapshot_missing=false
[WARN] consensus validator set unresolved height=1347 chain_height=2515 expected_hash=34a93d19 local_hash= local_source=none snapshot_missing=false
[WARN] consensus validator set unresolved height=1348 chain_height=2515 expected_hash=34a93d19 local_hash= local_source=none snapshot_missing=false
[WARN] consensus validator set unresolved height=1349 chain_height=2515 expected_hash=34a93d19 local_hash= local_source=none snapshot_missing=false
[WARN] consensus validator set unresolved height=1350 chain_height=2515 expected_hash=34a93d19 local_hash= local_source=none snapshot_missing=false
[WARN] consensus validator set unresolved height=1351 chain_height=2515 expected_hash=34a93d19 local_hash= local_source=none snapshot_missing=false
[WARN] consensus validator set unresolved height=1352 chain_height=2515 expected_hash=34a93d19 local_hash= local_source=none snapshot_missing=false
[WARN] consensus validator set unresolved height=1353 chain_height=2515 expected_hash=34a93d19 local_hash= local_source=none snapshot_missing=false
[WARN] consensus validator set unresolved height=1354 chain_height=2515 expected_hash=34a93d19 local_hash= local_source=none snapshot_missing=false
[WARN] consensus validator set unresolved height=1355 chain_height=2515 expected_hash=34a93d19 local_hash= local_source=none snapshot_missing=false
[WARN] consensus validator set unresolved height=1356 chain_height=2515 expected_hash=34a93d19 local_hash= local_source=none snapshot_missing=false
[WARN] consensus validator set unresolved height=1357 chain_height=2515 expected_hash=34a93d19 local_hash= local_source=none snapshot_missing=false
[WARN] consensus validator set unresolved height=1358 chain_height=2515 expected_hash=34a93d19 local_hash= local_source=none snapshot_missing=false
[WARN] consensus validator set unresolved height=1359 chain_height=2515 expected_hash=34a93d19 local_hash= local_source=none snapshot_missing=false
[WARN] consensus validator set unresolved height=1360 chain_height=2515 expected_hash=34a93d19 local_hash= local_source=none snapshot_missing=false
[WARN] consensus validator set unresolved height=1361 chain_height=2515 expected_hash=34a93d19 local_hash= local_source=none snapshot_missing=false
[WARN] consensus validator set unresolved height=1362 chain_height=2515 expected_hash=34a93d19 local_hash= local_source=none snapshot_missing=false
[WARN] consensus validator set unresolved height=1363 chain_height=2515 expected_hash=34a93d19 local_hash= local_source=none snapshot_missing=false
[WARN] consensus validator set unresolved height=1364 chain_height=2515 expected_hash=34a93d19 local_hash= local_source=none snapshot_missing=false
[WARN] consensus validator set unresolved height=1365 chain_height=2515 expected_hash=34a93d19 local_hash= local_source=none snapshot_missing=false
[WARN] consensus validator set unresolved height=1366 chain_height=2515 expected_hash=34a93d19 local_hash= local_source=none snapshot_missing=false
[WARN] consensus validator set unresolved height=1367 chain_height=2515 expected_hash=34a93d19 local_hash= local_source=none snapshot_missing=false
[WARN] consensus validator set unresolved height=1368 chain_height=2515 expected_hash=34a93d19 local_hash= local_source=none snapshot_missing=false
[WARN] consensus validator set unresolved height=1369 chain_height=2515 expected_hash=34a93d19 local_hash= local_source=none snapshot_missing=false
[WARN] consensus validator set unresolved height=1370 chain_height=2515 expected_hash=34a93d19 local_hash= local_source=none snapshot_missing=false
[WARN] consensus validator set unresolved height=1371 chain_height=2515 expected_hash=34a93d19 local_hash= local_source=none snapshot_missing=false
[WARN] consensus validator set unresolved height=1372 chain_height=2515 expected_hash=34a93d19 local_hash= local_source=none snapshot_missing=false
[WARN] consensus validator set unresolved height=1373 chain_height=2515 expected_hash=34a93d19 local_hash= local_source=none snapshot_missing=false
[WARN] consensus validator set unresolved height=1374 chain_height=2515 expected_hash=34a93d19 local_hash= local_source=none snapshot_missing=false
[WARN] consensus validator set unresolved height=1375 chain_height=2515 expected_hash=34a93d19 local_hash= local_source=none snapshot_missing=false
[WARN] consensus validator set unresolved height=1376 chain_height=2515 expected_hash=34a93d19 local_hash= local_source=none snapshot_missing=false
[WARN] consensus validator set unresolved height=1377 chain_height=2515 expected_hash=34a93d19 local_hash= local_source=none snapshot_missing=false
[WARN] consensus validator set unresolved height=1378 chain_height=2515 expected_hash=34a93d19 local_hash= local_source=none snapshot_missing=false
[WARN] consensus validator set unresolved height=1379 chain_height=2515 expected_hash=34a93d19 local_hash= local_source=none snapshot_missing=false
[WARN] consensus validator set unresolved height=1380 chain_height=2515 expected_hash=34a93d19 local_hash= local_source=none snapshot_missing=false
[WARN] consensus validator set unresolved height=1381 chain_height=2515 expected_hash=34a93d19 local_hash= local_source=none snapshot_missing=false
[WARN] consensus validator set unresolved height=1382 chain_height=2515 expected_hash=34a93d19 local_hash= local_source=none snapshot_missing=false
[WARN] consensus validator set unresolved height=1383 chain_height=2515 expected_hash=34a93d19 local_hash= local_source=none snapshot_missing=false
[WARN] consensus validator set unresolved height=1384 chain_height=2515 expected_hash=34a93d19 local_hash= local_source=none snapshot_missing=false
[WARN] consensus validator set unresolved height=1385 chain_height=2515 expected_hash=34a93d19 local_hash= local_source=none snapshot_missing=false
[WARN] consensus validator set unresolved height=1386 chain_height=2515 expected_hash=34a93d19 local_hash= local_source=none snapshot_missing=false
[WARN] consensus validator set unresolved height=1387 chain_height=2515 expected_hash=34a93d19 local_hash= local_source=none snapshot_missing=false
[WARN] consensus validator set unresolved height=1388 chain_height=2515 expected_hash=34a93d19 local_hash= local_source=none snapshot_missing=false
[WARN] consensus validator set unresolved height=1389 chain_height=2515 expected_hash=34a93d19 local_hash= local_source=none snapshot_missing=false
[WARN] consensus validator set unresolved height=1390 chain_height=2515 expected_hash=34a93d19 local_hash= local_source=none snapshot_missing=false
[WARN] consensus validator set unresolved height=1391 chain_height=2515 expected_hash=34a93d19 local_hash= local_source=none snapshot_missing=false
[WARN] consensus validator set unresolved height=1392 chain_height=2515 expected_hash=34a93d19 local_hash= local_source=none snapshot_missing=false
[WARN] consensus validator set unresolved height=1393 chain_height=2515 expected_hash=34a93d19 local_hash= local_source=none snapshot_missing=false
[WARN] consensus validator set unresolved height=1394 chain_height=2515 expected_hash=34a93d19 local_hash= local_source=none snapshot_missing=false
[WARN] consensus validator set unresolved height=1395 chain_height=2515 expected_hash=34a93d19 local_hash= local_source=none snapshot_missing=false
[WARN] consensus validator set unresolved height=1396 chain_height=2515 expected_hash=34a93d19 local_hash= local_source=none snapshot_missing=false
[WARN] consensus validator set unresolved height=1397 chain_height=2515 expected_hash=34a93d19 local_hash= local_source=none snapshot_missing=false
[WARN] consensus validator set unresolved height=1398 chain_height=2515 expected_hash=34a93d19 local_hash= local_source=none snapshot_missing=false
[WARN] consensus validator set unresolved height=1399 chain_height=2515 expected_hash=34a93d19 local_hash= local_source=none snapshot_missing=false
[WARN] consensus validator set unresolved height=1400 chain_height=2515 expected_hash=34a93d19 local_hash= local_source=none snapshot_missing=false
[WARN] consensus validator set unresolved height=1401 chain_height=2515 expected_hash=34a93d19 local_hash= local_source=none snapshot_missing=false
[WARN] consensus validator set unresolved height=1402 chain_height=2515 expected_hash=34a93d19 local_hash= local_source=none snapshot_missing=false
[WARN] consensus validator set unresolved height=1403 chain_height=2515 expected_hash=34a93d19 local_hash= local_source=none snapshot_missing=false
[WARN] consensus validator set unresolved height=1404 chain_height=2515 expected_hash=34a93d19 local_hash= local_source=none snapshot_missing=false
[WARN] consensus validator set unresolved height=1405 chain_height=2515 expected_hash=34a93d19 local_hash= local_source=none snapshot_missing=false
[WARN] consensus validator set unresolved height=1406 chain_height=2515 expected_hash=34a93d19 local_hash= local_source=none snapshot_missing=false
[WARN] consensus validator set unresolved height=1407 chain_height=2515 expected_hash=34a93d19 local_hash= local_source=none snapshot_missing=false
[WARN] consensus validator set unresolved height=1408 chain_height=2515 expected_hash=34a93d19 local_hash= local_source=none snapshot_missing=false
[WARN] consensus validator set unresolved height=1409 chain_height=2515 expected_hash=34a93d19 local_hash= local_source=none snapshot_missing=false
[WARN] consensus validator set unresolved height=1410 chain_height=2515 expected_hash=34a93d19 local_hash= local_source=none snapshot_missing=false
[WARN] consensus validator set unresolved height=1411 chain_height=2515 expected_hash=34a93d19 local_hash= local_source=none snapshot_missing=false
[WARN] consensus validator set unresolved height=1412 chain_height=2515 expected_hash=34a93d19 local_hash= local_source=none snapshot_missing=false
[WARN] consensus validator set unresolved height=1413 chain_height=2515 expected_hash=34a93d19 local_hash= local_source=none snapshot_missing=false
[WARN] consensus validator set unresolved height=1414 chain_height=2515 expected_hash=34a93d19 local_hash= local_source=none snapshot_missing=false
[WARN] consensus validator set unresolved height=1415 chain_height=2515 expected_hash=34a93d19 local_hash= local_source=none snapshot_missing=false
[WARN] consensus validator set unresolved height=1416 chain_height=2515 expected_hash=34a93d19 local_hash= local_source=none snapshot_missing=false
[WARN] consensus validator set unresolved height=1417 chain_height=2515 expected_hash=34a93d19 local_hash= local_source=none snapshot_missing=false
[WARN] consensus validator set unresolved height=1418 chain_height=2515 expected_hash=34a93d19 local_hash= local_source=none snapshot_missing=false
[WARN] consensus validator set unresolved height=1419 chain_height=2515 expected_hash=34a93d19 local_hash= local_source=none snapshot_missing=false
[WARN] consensus validator set unresolved height=1420 chain_height=2515 expected_hash=34a93d19 local_hash= local_source=none snapshot_missing=false
[WARN] consensus validator set unresolved height=1421 chain_height=2515 expected_hash=34a93d19 local_hash= local_source=none snapshot_missing=false
[WARN] consensus validator set unresolved height=1422 chain_height=2515 expected_hash=34a93d19 local_hash= local_source=none snapshot_missing=false
[WARN] consensus validator set unresolved height=1423 chain_height=2515 expected_hash=34a93d19 local_hash= local_source=none snapshot_missing=false
[WARN] consensus validator set unresolved height=1424 chain_height=2515 expected_hash=34a93d19 local_hash= local_source=none snapshot_missing=false
[WARN] consensus validator set unresolved height=1425 chain_height=2515 expected_hash=34a93d19 local_hash= local_source=none snapshot_missing=false
[WARN] consensus validator set unresolved height=1426 chain_height=2515 expected_hash=34a93d19 local_hash= local_source=none snapshot_missing=false
[WARN] consensus validator set unresolved height=1427 chain_height=2515 expected_hash=34a93d19 local_hash= local_source=none snapshot_missing=false
[WARN] consensus validator set unresolved height=1428 chain_height=2515 expected_hash=34a93d19 local_hash= local_source=none snapshot_missing=false
[WARN] consensus validator set unresolved height=1429 chain_height=2515 expected_hash=34a93d19 local_hash= local_source=none snapshot_missing=false
[WARN] consensus validator set unresolved height=1430 chain_height=2515 expected_hash=34a93d19 local_hash= local_source=none snapshot_missing=false
[WARN] consensus validator set unresolved height=1431 chain_height=2515 expected_hash=34a93d19 local_hash= local_source=none snapshot_missing=false
[WARN] consensus validator set unresolved height=1432 chain_height=2515 expected_hash=34a93d19 local_hash= local_source=none snapshot_missing=false
[WARN] consensus validator set unresolved height=1433 chain_height=2515 expected_hash=34a93d19 local_hash= local_source=none snapshot_missing=false
[WARN] consensus validator set unresolved height=1434 chain_height=2515 expected_hash=34a93d19 local_hash= local_source=none snapshot_missing=false
[WARN] consensus validator set unresolved height=1435 chain_height=2515 expected_hash=34a93d19 local_hash= local_source=none snapshot_missing=false
[WARN] consensus validator set unresolved height=1436 chain_height=2515 expected_hash=34a93d19 local_hash= local_source=none snapshot_missing=false
[WARN] consensus validator set unresolved height=1437 chain_height=2515 expected_hash=34a93d19 local_hash= local_source=none snapshot_missing=false
[WARN] consensus validator set unresolved height=1438 chain_height=2515 expected_hash=34a93d19 local_hash= local_source=none snapshot_missing=false
[WARN] consensus validator set unresolved height=1439 chain_height=2515 expected_hash=34a93d19 local_hash= local_source=none snapshot_missing=false
[WARN] consensus validator set unresolved height=1440 chain_height=2515 expected_hash=34a93d19 local_hash= local_source=none snapshot_missing=false
[WARN] consensus validator set unresolved height=1441 chain_height=2515 expected_hash=34a93d19 local_hash= local_source=none snapshot_missing=false
[WARN] consensus validator set unresolved height=1442 chain_height=2515 expected_hash=34a93d19 local_hash= local_source=none snapshot_missing=false
[WARN] consensus validator set unresolved height=1443 chain_height=2515 expected_hash=34a93d19 local_hash= local_source=none snapshot_missing=false
[WARN] consensus validator set unresolved height=1444 chain_height=2515 expected_hash=34a93d19 local_hash= local_source=none snapshot_missing=false
[WARN] consensus validator set unresolved height=1445 chain_height=2515 expected_hash=34a93d19 local_hash= local_source=none snapshot_missing=false
[WARN] consensus validator set unresolved height=1446 chain_height=2515 expected_hash=34a93d19 local_hash= local_source=none snapshot_missing=false
[WARN] consensus validator set unresolved height=1447 chain_height=2515 expected_hash=34a93d19 local_hash= local_source=none snapshot_missing=false
[WARN] consensus validator set unresolved height=1448 chain_height=2515 expected_hash=34a93d19 local_hash= local_source=none snapshot_missing=false
[WARN] consensus validator set unresolved height=1449 chain_height=2515 expected_hash=34a93d19 local_hash= local_source=none snapshot_missing=false
[WARN] consensus validator set unresolved height=1450 chain_height=2515 expected_hash=34a93d19 local_hash= local_source=none snapshot_missing=false
[WARN] consensus validator set unresolved height=1451 chain_height=2515 expected_hash=34a93d19 local_hash= local_source=none snapshot_missing=false
[WARN] consensus validator set unresolved height=1452 chain_height=2515 expected_hash=34a93d19 local_hash= local_source=none snapshot_missing=false
[WARN] consensus validator set unresolved height=1453 chain_height=2515 expected_hash=34a93d19 local_hash= local_source=none snapshot_missing=false
[WARN] consensus validator set unresolved height=1454 chain_height=2515 expected_hash=34a93d19 local_hash= local_source=none snapshot_missing=false
[WARN] consensus validator set unresolved height=1455 chain_height=2515 expected_hash=34a93d19 local_hash= local_source=none snapshot_missing=false
[WARN] consensus validator set unresolved height=1456 chain_height=2515 expected_hash=34a93d19 local_hash= local_source=none snapshot_missing=false
[WARN] consensus validator set unresolved height=1457 chain_height=2515 expected_hash=34a93d19 local_hash= local_source=none snapshot_missing=false
[WARN] consensus validator set unresolved height=1458 chain_height=2515 expected_hash=34a93d19 local_hash= local_source=none snapshot_missing=false
[WARN] consensus validator set unresolved height=1459 chain_height=2515 expected_hash=34a93d19 local_hash= local_source=none snapshot_missing=false
[WARN] consensus validator set unresolved height=1460 chain_height=2515 expected_hash=34a93d19 local_hash= local_source=none snapshot_missing=false
[WARN] consensus validator set unresolved height=1461 chain_height=2515 expected_hash=34a93d19 local_hash= local_source=none snapshot_missing=false
[WARN] consensus validator set unresolved height=1462 chain_height=2515 expected_hash=34a93d19 local_hash= local_source=none snapshot_missing=false
[WARN] consensus validator set unresolved height=1463 chain_height=2515 expected_hash=34a93d19 local_hash= local_source=none snapshot_missing=false
[WARN] consensus validator set unresolved height=1464 chain_height=2515 expected_hash=34a93d19 local_hash= local_source=none snapshot_missing=false
[WARN] consensus validator set unresolved height=1465 chain_height=2515 expected_hash=34a93d19 local_hash= local_source=none snapshot_missing=false
[WARN] consensus validator set unresolved height=1466 chain_height=2515 expected_hash=34a93d19 local_hash= local_source=none snapshot_missing=false
[WARN] consensus validator set unresolved height=1467 chain_height=2515 expected_hash=34a93d19 local_hash= local_source=none snapshot_missing=false
[WARN] consensus validator set unresolved height=1468 chain_height=2515 expected_hash=34a93d19 local_hash= local_source=none snapshot_missing=false
[WARN] consensus validator set unresolved height=1469 chain_height=2515 expected_hash=34a93d19 local_hash= local_source=none snapshot_missing=false
[WARN] consensus validator set unresolved height=1470 chain_height=2515 expected_hash=34a93d19 local_hash= local_source=none snapshot_missing=false
[WARN] consensus validator set unresolved height=1471 chain_height=2515 expected_hash=34a93d19 local_hash= local_source=none snapshot_missing=false
[WARN] consensus validator set unresolved height=1472 chain_height=2515 expected_hash=34a93d19 local_hash= local_source=none snapshot_missing=false
[WARN] consensus validator set unresolved height=1473 chain_height=2515 expected_hash=34a93d19 local_hash= local_source=none snapshot_missing=false
[WARN] consensus validator set unresolved height=1474 chain_height=2515 expected_hash=34a93d19 local_hash= local_source=none snapshot_missing=false
[WARN] consensus validator set unresolved height=1475 chain_height=2515 expected_hash=34a93d19 local_hash= local_source=none snapshot_missing=false
[WARN] consensus validator set unresolved height=1476 chain_height=2515 expected_hash=34a93d19 local_hash= local_source=none snapshot_missing=false
[WARN] consensus validator set unresolved height=1477 chain_height=2515 expected_hash=34a93d19 local_hash= local_source=none snapshot_missing=false
[WARN] consensus validator set unresolved height=1478 chain_height=2515 expected_hash=34a93d19 local_hash= local_source=none snapshot_missing=false
[WARN] consensus validator set unresolved height=1479 chain_height=2515 expected_hash=34a93d19 local_hash= local_source=none snapshot_missing=false
[WARN] consensus validator set unresolved height=1480 chain_height=2515 expected_hash=34a93d19 local_hash= local_source=none snapshot_missing=false
[WARN] consensus validator set unresolved height=1481 chain_height=2515 expected_hash=34a93d19 local_hash= local_source=none snapshot_missing=false
[WARN] consensus validator set unresolved height=1482 chain_height=2515 expected_hash=34a93d19 local_hash= local_source=none snapshot_missing=false
[WARN] consensus validator set unresolved height=1483 chain_height=2515 expected_hash=34a93d19 local_hash= local_source=none snapshot_missing=false
[WARN] consensus validator set unresolved height=1484 chain_height=2515 expected_hash=34a93d19 local_hash= local_source=none snapshot_missing=false
[WARN] consensus validator set unresolved height=1485 chain_height=2515 expected_hash=34a93d19 local_hash= local_source=none snapshot_missing=false
[WARN] consensus validator set unresolved height=1486 chain_height=2515 expected_hash=34a93d19 local_hash= local_source=none snapshot_missing=false
[WARN] consensus validator set unresolved height=1487 chain_height=2515 expected_hash=34a93d19 local_hash= local_source=none snapshot_missing=false
[WARN] consensus validator set unresolved height=1488 chain_height=2515 expected_hash=34a93d19 local_hash= local_source=none snapshot_missing=false
[WARN] consensus validator set unresolved height=1489 chain_height=2515 expected_hash=34a93d19 local_hash= local_source=none snapshot_missing=false
[WARN] consensus validator set unresolved height=1490 chain_height=2515 expected_hash=34a93d19 local_hash= local_source=none snapshot_missing=false
[WARN] consensus validator set unresolved height=1491 chain_height=2515 expected_hash=34a93d19 local_hash= local_source=none snapshot_missing=false
[WARN] consensus validator set unresolved height=1492 chain_height=2515 expected_hash=34a93d19 local_hash= local_source=none snapshot_missing=false
[WARN] consensus validator set unresolved height=1493 chain_height=2515 expected_hash=34a93d19 local_hash= local_source=none snapshot_missing=false
[WARN] consensus validator set unresolved height=1494 chain_height=2515 expected_hash=34a93d19 local_hash= local_source=none snapshot_missing=false
[WARN] consensus validator set unresolved height=1495 chain_height=2515 expected_hash=34a93d19 local_hash= local_source=none snapshot_missing=false
[WARN] consensus validator set unresolved height=1496 chain_height=2515 expected_hash=34a93d19 local_hash= local_source=none snapshot_missing=false
[WARN] consensus validator set unresolved height=1497 chain_height=2515 expected_hash=34a93d19 local_hash= local_source=none snapshot_missing=false
[WARN] consensus validator set unresolved height=1498 chain_height=2515 expected_hash=34a93d19 local_hash= local_source=none snapshot_missing=false
[WARN] consensus validator set unresolved height=1499 chain_height=2515 expected_hash=34a93d19 local_hash= local_source=none snapshot_missing=false
[WARN] consensus validator set unresolved height=1500 chain_height=2515 expected_hash=34a93d19 local_hash= local_source=none snapshot_missing=false
[WARN] consensus validator set unresolved height=1501 chain_height=2515 expected_hash=34a93d19 local_hash= local_source=none snapshot_missing=false
[WARN] consensus validator set unresolved height=1502 chain_height=2515 expected_hash=34a93d19 local_hash= local_source=none snapshot_missing=false
[WARN] consensus validator set unresolved height=1503 chain_height=2515 expected_hash=34a93d19 local_hash= local_source=none snapshot_missing=false
[WARN] consensus validator set unresolved height=1504 chain_height=2515 expected_hash=34a93d19 local_hash= local_source=none snapshot_missing=false
[WARN] consensus validator set unresolved height=1505 chain_height=2515 expected_hash=34a93d19 local_hash= local_source=none snapshot_missing=false
[WARN] consensus validator set unresolved height=1506 chain_height=2515 expected_hash=34a93d19 local_hash= local_source=none snapshot_missing=false
[WARN] consensus validator set unresolved height=1507 chain_height=2515 expected_hash=34a93d19 local_hash= local_source=none snapshot_missing=false
[WARN] consensus validator set unresolved height=1508 chain_height=2515 expected_hash=34a93d19 local_hash= local_source=none snapshot_missing=false
[WARN] consensus validator set unresolved height=1509 chain_height=2515 expected_hash=34a93d19 local_hash= local_source=none snapshot_missing=false
[WARN] consensus validator set unresolved height=1510 chain_height=2515 expected_hash=34a93d19 local_hash= local_source=none snapshot_missing=false
[WARN] consensus validator set unresolved height=1511 chain_height=2515 expected_hash=34a93d19 local_hash= local_source=none snapshot_missing=false
[WARN] consensus validator set unresolved height=1512 chain_height=2515 expected_hash=34a93d19 local_hash= local_source=none snapshot_missing=false
[WARN] consensus validator set unresolved height=1513 chain_height=2515 expected_hash=34a93d19 local_hash= local_source=none snapshot_missing=false
[WARN] consensus validator set unresolved height=1514 chain_height=2515 expected_hash=34a93d19 local_hash= local_source=none snapshot_missing=false
[WARN] consensus validator set unresolved height=1515 chain_height=2515 expected_hash=34a93d19 local_hash= local_source=none snapshot_missing=false
[COMMITTEE] height=1516 size=4 target=4 hash=04f4a87c
[SET-FREEZE] height=1516 vhash=04f4a87c size=4
[WARN] consensus validator set unresolved height=1518 chain_height=2515 expected_hash=34a93d19 local_hash= local_source=none snapshot_missing=false
[COMMITTEE] height=1519 size=4 target=4 hash=04f4a87c
[SET-FREEZE] height=1519 vhash=04f4a87c size=4
[WARN] consensus validator set unresolved height=1533 chain_height=2515 expected_hash=34a93d19 local_hash= local_source=none snapshot_missing=false
[COMMITTEE] height=1534 size=4 target=4 hash=04f4a87c
[SET-FREEZE] height=1534 vhash=04f4a87c size=4
[WARN] consensus validator set unresolved height=1560 chain_height=2515 expected_hash=34a93d19 local_hash= local_source=none snapshot_missing=false
[COMMITTEE] height=1561 size=4 target=4 hash=04f4a87c
[SET-FREEZE] height=1561 vhash=04f4a87c size=4
[WARN] consensus validator set unresolved height=1562 chain_height=2515 expected_hash=34a93d19 local_hash= local_source=none snapshot_missing=false
[COMMITTEE] height=1563 size=4 target=4 hash=04f4a87c
[SET-FREEZE] height=1563 vhash=04f4a87c size=4
[WARN] consensus validator set unresolved height=1592 chain_height=2515 expected_hash=34a93d19 local_hash= local_source=none snapshot_missing=false
[COMMITTEE] height=1593 size=4 target=4 hash=04f4a87c
[SET-FREEZE] height=1593 vhash=04f4a87c size=4
[WARN] consensus validator set unresolved height=1602 chain_height=2515 expected_hash=34a93d19 local_hash= local_source=none snapshot_missing=false
[COMMITTEE] height=1603 size=4 target=4 hash=04f4a87c
[SET-FREEZE] height=1603 vhash=04f4a87c size=4
[COMMITTEE] height=1637 size=4 target=4 hash=d75b74ab
[SET-FREEZE] height=1637 vhash=d75b74ab size=4
[COMMITTEE] height=2388 size=4 target=4 hash=34a93d19
[SET-FREEZE] height=2388 vhash=34a93d19 size=4
2026/05/18 14:42:14 [REGISTRY-HISTORY-REBUILD] height=2515 status=scheduled reason=consensus_set_unresolved
[WARN] consensus validator set unresolved height=2413 chain_height=2515 expected_hash=d75b74ab local_hash= local_source=none snapshot_missing=false
2026/05/18 14:42:14 [REGISTRY-HISTORY-REBUILD] height=2515 status=started reason=consensus_set_unresolved
2026/05/18 14:42:14 [REGISTRY-HISTORY-REBUILD] height=2515 status=ok reason=consensus_set_unresolved
[COMMITTEE] height=2414 size=4 target=4 hash=34a93d19
[SET-FREEZE] height=2414 vhash=34a93d19 size=4
[SET-FREEZE-REPLAY] entries=3471 applied=16 last_h=2414 hash=34a93d19
[SET-FREEZE-CHAIN] applied=1764 materialized=1 tip_h=2515 hash=d75b74ab
2026/05/18 14:42:15 [AUTOHEAL] startup_recovery_applied height=2515 frozen_sets=881
[STARTUP-COMMITMENT] mode=v2 commitment_height=1 check_h=2516 expected=d75b74ab source=snapshot_parent
2026/05/18 14:42:15 [AUTH] restored wallet auth binding for node F (same datadir/key identity)
2026/05/18 14:42:15 Wallet auth required for validator activation; network starts immediately for node F
2026/05/18 14:42:15 EVM/VM routes removed permanently. DTL JSON-RPC available at /rpc
Ã°Å¸â€Â Wallet authentication required. Open: http://127.0.0.1:26661/msc_wallet.html?auth=1&keep_origin=1&node=F&rpc=http%3A%2F%2F127.0.0.1%3A26661&session=87854cece700f861821a6d03c08ffb16&stake=1&stake_coin=MSC&stake_validator=F
[EMISSION] h=2515 reward=3 treasury=1 validators=2 burn=0 applied_burn=0 chance_bps=10000
2026/05/18 14:42:15 [SYNC-PIPELINE] stage=live_consensus
===============================================
===============================================
Peer ID  : n/a
Height   : 2515
Peers    : 0
===============================================
msc[F]> 2026/05/18 14:42:15 [WARN] interactive CLI input closed; node keeps running: EOF
Ã¢ÂÂ³ Waiting for sync completion before consensus start (height=2515 finalized=2515)
2026/05/18 14:42:15 [P2P-ID] identity key=data\F\node_F\p2p_identity.key peer_id=12D3KooWETqM63k4eBQTHnBZ2jzRd4SCLBX7fMSz6BcnGFUohp9U
Ã°Å¸Å’Â LibP2P host initialized
Ã°Å¸â€ â€ PeerID: 12D3KooWETqM63k4eBQTHnBZ2jzRd4SCLBX7fMSz6BcnGFUohp9U
Ã°Å¸â€œÂ Listening addresses:
  /ip4/127.0.0.1/tcp/7005/p2p/12D3KooWETqM63k4eBQTHnBZ2jzRd4SCLBX7fMSz6BcnGFUohp9U
P2P stack: discovery=DNS seeds + DHT + mDNS, transport=QUIC, security=Noise, messaging=GossipSub, NAT=UPnP + Relay
Ã°Å¸â€œÅ  Host info: Addrs=1 DHT=true
mDNS auto-disabled on Windows (set MSC_FORCE_MDNS=1 to force-enable)
ÃƒÂ°Ã…Â¸Ã¢â‚¬Å“Ã‚Â¡ PubSub topics initialized (MSC)
   msc-block        block propagation
   msc-tx           mempool ingress
   msc-consensus    exec/commit/snapshot
   msc-validator    validator gossip
   msc-snapshot-meta snapshot manifest metadata
   msc-snapshot-chunk snapshot chunk availability
   msc-snapshot-proof snapshot anchor proofs
Ã°Å¸â€Â§ Network protocols configured
Ã¢Å“â€¦ Listening for blocks...
Ã¢Å“â€¦ Listening for transactions...
2026/05/18 14:42:15 [SNAPSHOT-PUBLISH-REQUIRED] validator=F policy=strict_snapshot_only
[SNAPSHOT-PUBLISH] deferred height=2515 reason=auto_publish_interval_10
Ã°Å¸â€â€” Peer connected: 12D3KooWPVKESWFG9sS8G6vjhfPn54kWuNFkkuHwG4yQXhYRcXjX
Pubkey override (peer-hello testnet) for validator A
Peer info from 12D3KooWPVKESWFG9sS8G6vjhfPn54kWuNFkkuHwG4yQXhYRcXjX | validator=A role=validator
Validator registered | id=A addr=/ip4/127.0.0.1/tcp/7001/p2p/12D3KooWPVKESWFG9sS8G6vjhfPn54kWuNFkkuHwG4yQXhYRcXjX
Peer info from 12D3KooWPVKESWFG9sS8G6vjhfPn54kWuNFkkuHwG4yQXhYRcXjX | validator=A role=validator
Ã°Å¸â€â€” Peer connected: 12D3KooWE7bMkbbpLoSHKB43JdTZm9zkgqvf1iCQdGAqFFBDa42W
Ã°Å¸â€œÂ¨ Consensus message from 12D3KooWPVKESWFG9sS8G6vjhfPn54kWuNFkkuHwG4yQXhYRcXjX: peers (size: 333 bytes)
Ã°Å¸â€â€” Received 4 peers from 12D3KooWPVKESWFG9sS8G6vjhfPn54kWuNFkkuHwG4yQXhYRcXjX
Ã°Å¸â€Å’ Consensus stream EOF from 12D3KooWPVKESWFG9sS8G6vjhfPn54kWuNFkkuHwG4yQXhYRcXjX
Ã°Å¸â€Å’ Consensus stream closed with 12D3KooWPVKESWFG9sS8G6vjhfPn54kWuNFkkuHwG4yQXhYRcXjX
Attempting to connect to 4 peers
Peer info from 12D3KooWE7bMkbbpLoSHKB43JdTZm9zkgqvf1iCQdGAqFFBDa42W | role=full
Ã°Å¸â€œÂ¨ Consensus message from 12D3KooWE7bMkbbpLoSHKB43JdTZm9zkgqvf1iCQdGAqFFBDa42W: peers (size: 333 bytes)
Ã°Å¸â€â€” Received 4 peers from 12D3KooWE7bMkbbpLoSHKB43JdTZm9zkgqvf1iCQdGAqFFBDa42W
Ã°Å¸â€Å’ Consensus stream EOF from 12D3KooWE7bMkbbpLoSHKB43JdTZm9zkgqvf1iCQdGAqFFBDa42W
Ã°Å¸â€Å’ Consensus stream closed with 12D3KooWE7bMkbbpLoSHKB43JdTZm9zkgqvf1iCQdGAqFFBDa42W
Peer info from 12D3KooWE7bMkbbpLoSHKB43JdTZm9zkgqvf1iCQdGAqFFBDa42W | role=full
Pubkey override (testnet) for validator D
Validator registered | id=D addr=/ip4/127.0.0.1/tcp/7004/p2p/12D3KooWE7bMkbbpLoSHKB43JdTZm9zkgqvf1iCQdGAqFFBDa42W
Pubkey override (testnet) for validator D
Candidate heartbeat received: D | reported_height=2184 | finalized_height=2184 | local_exec_epoch=2185
Candidate heartbeat received: D | reported_height=2184 | finalized_height=2184 | local_exec_epoch=2185
Validator heartbeat: A | reported_height=2515 | finalized_height=2515 | local_exec_epoch=2516
Validator heartbeat: A | reported_height=2515 | finalized_height=2515 | local_exec_epoch=2516
Validator heartbeat received: A | reported_height=2515 | finalized_height=2515 | local_exec_epoch=2516
Validator heartbeat received: A | reported_height=2515 | finalized_height=2515 | local_exec_epoch=2516
Validator heartbeat: A | reported_height=2515 | finalized_height=2515 | local_exec_epoch=2516
Validator heartbeat: A | reported_height=2515 | finalized_height=2515 | local_exec_epoch=2516
Validator heartbeat received: A | reported_height=2515 | finalized_height=2515 | local_exec_epoch=2516
Pubkey override (testnet) for validator C
Validator registered | id=C addr=/ip4/127.0.0.1/tcp/7003/p2p/12D3KooWD9ed8zJXbW8uUU6XHD2UYrsQQEvnuXReJWFeo52dvdf8
Validator heartbeat: C | reported_height=2515 | finalized_height=2515 | local_exec_epoch=2516
Validator heartbeat received: A | reported_height=2515 | finalized_height=2515 | local_exec_epoch=2516
Validator heartbeat: C | reported_height=2515 | finalized_height=2515 | local_exec_epoch=2516
Validator heartbeat received: C | reported_height=2515 | finalized_height=2515 | local_exec_epoch=2516
Validator heartbeat received: C | reported_height=2515 | finalized_height=2515 | local_exec_epoch=2516
Candidate heartbeat received: D | reported_height=2184 | finalized_height=2184 | local_exec_epoch=2185
Candidate heartbeat received: D | reported_height=2184 | finalized_height=2184 | local_exec_epoch=2185
Validator heartbeat: C | reported_height=2515 | finalized_height=2515 | local_exec_epoch=2516
Validator heartbeat: C | reported_height=2515 | finalized_height=2515 | local_exec_epoch=2516
Validator heartbeat received: C | reported_height=2515 | finalized_height=2515 | local_exec_epoch=2516
Validator heartbeat received: C | reported_height=2515 | finalized_height=2515 | local_exec_epoch=2516
Pubkey override (testnet) for validator B
Validator registered | id=B addr=/ip4/127.0.0.1/tcp/7002/p2p/12D3KooWHdmUKc1bYKY3scg6TqGhK3SutwH9hu1aAez4VmvwkEyk
Pubkey override (testnet) for validator B
Validator heartbeat: B | reported_height=2515 | finalized_height=2515 | local_exec_epoch=2516
Validator heartbeat: B | reported_height=2515 | finalized_height=2515 | local_exec_epoch=2516
Validator heartbeat received: B | reported_height=2515 | finalized_height=2515 | local_exec_epoch=2516
Validator heartbeat received: B | reported_height=2515 | finalized_height=2515 | local_exec_epoch=2516
Candidate heartbeat received: D | reported_height=2184 | finalized_height=2184 | local_exec_epoch=2185
Validator heartbeat: A | reported_height=2515 | finalized_height=2515 | local_exec_epoch=2516
Validator heartbeat: A | reported_height=2515 | finalized_height=2515 | local_exec_epoch=2516
Failed to connect to peer /ip4/127.0.0.1/tcp/7003/p2p/12D3KooWD9ed8zJXbW8uUU6XHD2UYrsQQEvnuXReJWFeo52dvdf8: connection failed: failed to dial: failed to dial 12D3KooWD9ed8zJXbW8uUU6XHD2UYrsQQEvnuXReJWFeo52dvdf8: all dials failed
  * [/ip4/127.0.0.1/tcp/7003] dial backoff
Validator heartbeat received: A | reported_height=2515 | finalized_height=2515 | local_exec_epoch=2516
Validator heartbeat: B | reported_height=2515 | finalized_height=2515 | local_exec_epoch=2516
Validator heartbeat received: A | reported_height=2515 | finalized_height=2515 | local_exec_epoch=2516
Candidate heartbeat received: D | reported_height=2184 | finalized_height=2184 | local_exec_epoch=2185
Validator heartbeat received: B | reported_height=2515 | finalized_height=2515 | local_exec_epoch=2516
Validator heartbeat: B | reported_height=2515 | finalized_height=2515 | local_exec_epoch=2516
Validator heartbeat received: B | reported_height=2515 | finalized_height=2515 | local_exec_epoch=2516
Validator heartbeat: B | reported_height=2515 | finalized_height=2515 | local_exec_epoch=2516
Validator heartbeat: B | reported_height=2515 | finalized_height=2515 | local_exec_epoch=2516
Validator heartbeat received: B | reported_height=2515 | finalized_height=2515 | local_exec_epoch=2516
Validator heartbeat received: B | reported_height=2515 | finalized_height=2515 | local_exec_epoch=2516
Ã°Å¸â€â€” Peer connected: 12D3KooWD9ed8zJXbW8uUU6XHD2UYrsQQEvnuXReJWFeo52dvdf8
Validator heartbeat: C | reported_height=2515 | finalized_height=2515 | local_exec_epoch=2516
Validator heartbeat: C | reported_height=2515 | finalized_height=2515 | local_exec_epoch=2516
Validator heartbeat received: C | reported_height=2515 | finalized_height=2515 | local_exec_epoch=2516
Validator heartbeat received: C | reported_height=2515 | finalized_height=2515 | local_exec_epoch=2516
Peer info from 12D3KooWD9ed8zJXbW8uUU6XHD2UYrsQQEvnuXReJWFeo52dvdf8 | validator=C role=validator
Peer info from 12D3KooWD9ed8zJXbW8uUU6XHD2UYrsQQEvnuXReJWFeo52dvdf8 | validator=C role=validator
Ã°Å¸â€œÂ¨ Consensus message from 12D3KooWD9ed8zJXbW8uUU6XHD2UYrsQQEvnuXReJWFeo52dvdf8: peers (size: 333 bytes)
Ã°Å¸â€â€” Received 4 peers from 12D3KooWD9ed8zJXbW8uUU6XHD2UYrsQQEvnuXReJWFeo52dvdf8
[SYNC-SERVE-REQUEST] peer=12D3KooW requested=2285-2384 snapshot=false snapshot_height=0
Ã°Å¸â€Å’ Consensus stream EOF from 12D3KooWD9ed8zJXbW8uUU6XHD2UYrsQQEvnuXReJWFeo52dvdf8
Ã°Å¸â€Å’ Consensus stream closed with 12D3KooWD9ed8zJXbW8uUU6XHD2UYrsQQEvnuXReJWFeo52dvdf8
[SYNC-SERVE-REQUEST] peer=12D3KooW requested=2185-2284 snapshot=false snapshot_height=0
[SYNC-SERVE-RESPONSE] peer=12D3KooW requested=2285-2384 served=2285-2384 count=100 snapshot=false tip_gap=false historical_gap=false duration_ms=13
Ã°Å¸â€œÂ¦ Sent blocks 2285-2384 (100 blocks) to 12D3KooWE7bMkbbpLoSHKB43JdTZm9zkgqvf1iCQdGAqFFBDa42W
[SYNC-SERVE-RESPONSE] peer=12D3KooW requested=2185-2284 served=2185-2284 count=100 snapshot=false tip_gap=false historical_gap=false duration_ms=8
Ã°Å¸â€œÂ¦ Sent blocks 2185-2284 (100 blocks) to 12D3KooWE7bMkbbpLoSHKB43JdTZm9zkgqvf1iCQdGAqFFBDa42W
[STARTUP-GATE] ready reason=network_validator_set_sample local=2515 finalized=2515 network=2515 sample=d75b74ab
Validator F running in observer mode: propose/vote disabled until stake requirement is met.
[EMISSION] h=2515 reward=3 treasury=1 validators=2 burn=0 applied_burn=0 chance_bps=10000
Consensus started for node F | mode=observer vote=false propose=false
Candidate heartbeat received: D | reported_height=2184 | finalized_height=2184 | local_exec_epoch=2185
Candidate heartbeat received: D | reported_height=2184 | finalized_height=2184 | local_exec_epoch=2185
Validator heartbeat: C | reported_height=2515 | finalized_height=2515 | local_exec_epoch=2516
Validator heartbeat: C | reported_height=2515 | finalized_height=2515 | local_exec_epoch=2516
Validator heartbeat received: C | reported_height=2515 | finalized_height=2515 | local_exec_epoch=2516
Validator heartbeat received: C | reported_height=2515 | finalized_height=2515 | local_exec_epoch=2516
Candidate heartbeat received: D | reported_height=2184 | finalized_height=2184 | local_exec_epoch=2185
Candidate heartbeat received: D | reported_height=2184 | finalized_height=2184 | local_exec_epoch=2185
Failed to connect to peer /ip4/127.0.0.1/tcp/7002/p2p/12D3KooWHdmUKc1bYKY3scg6TqGhK3SutwH9hu1aAez4VmvwkEyk: connection failed: failed to dial: failed to dial 12D3KooWHdmUKc1bYKY3scg6TqGhK3SutwH9hu1aAez4VmvwkEyk: all dials failed
  * [/ip4/127.0.0.1/tcp/7002] dial backoff
Ã°Å¸â€â€ž Bootstrapping DHT...
Ã¢Å“â€¦ DHT bootstrap complete
Ã°Å¸â€Â Starting DHT peer discovery...
Ã°Å¸â€â€” PubSub mesh check against 3 peers
Validator heartbeat: B | reported_height=2515 | finalized_height=2515 | local_exec_epoch=2516
Validator heartbeat: B | reported_height=2515 | finalized_height=2515 | local_exec_epoch=2516
Validator heartbeat received: B | reported_height=2515 | finalized_height=2515 | local_exec_epoch=2516
Validator heartbeat: A | reported_height=2515 | finalized_height=2515 | local_exec_epoch=2516
Validator heartbeat received: B | reported_height=2515 | finalized_height=2515 | local_exec_epoch=2516
Validator heartbeat: A | reported_height=2515 | finalized_height=2515 | local_exec_epoch=2516
Validator heartbeat received: A | reported_height=2515 | finalized_height=2515 | local_exec_epoch=2516
Validator heartbeat received: A | reported_height=2515 | finalized_height=2515 | local_exec_epoch=2516
[SYNC-SERVE-REQUEST] peer=12D3KooW requested=2385-2484 snapshot=false snapshot_height=0
[SYNC-SERVE-RESPONSE] peer=12D3KooW requested=2385-2484 served=2385-2484 count=100 snapshot=false tip_gap=false historical_gap=false duration_ms=5
Ã°Å¸â€œÂ¦ Sent blocks 2385-2484 (100 blocks) to 12D3KooWE7bMkbbpLoSHKB43JdTZm9zkgqvf1iCQdGAqFFBDa42W
[SYNC-SERVE-REQUEST] peer=12D3KooW requested=2285-2384 snapshot=false snapshot_height=0
[SYNC-SERVE-RESPONSE] peer=12D3KooW requested=2285-2384 served=2285-2384 count=100 snapshot=false tip_gap=false historical_gap=false duration_ms=5
[PARTICIPATION-GATE] validator=F height=2516 reason=validator_stake_required
Ã°Å¸â€â€” Peer connected: 12D3KooWHdmUKc1bYKY3scg6TqGhK3SutwH9hu1aAez4VmvwkEyk
Peer info from 12D3KooWHdmUKc1bYKY3scg6TqGhK3SutwH9hu1aAez4VmvwkEyk | validator=B role=validator
Peer info from 12D3KooWHdmUKc1bYKY3scg6TqGhK3SutwH9hu1aAez4VmvwkEyk | validator=B role=validator
Validator heartbeat: B | reported_height=2515 | finalized_height=2515 | local_exec_epoch=2516
Validator heartbeat: B | reported_height=2515 | finalized_height=2515 | local_exec_epoch=2516
Validator heartbeat received: B | reported_height=2515 | finalized_height=2515 | local_exec_epoch=2516
Validator heartbeat received: B | reported_height=2515 | finalized_height=2515 | local_exec_epoch=2516
Ã°Å¸â€œÂ¨ Consensus message from 12D3KooWHdmUKc1bYKY3scg6TqGhK3SutwH9hu1aAez4VmvwkEyk: peers (size: 333 bytes)
Ã°Å¸â€â€” Received 4 peers from 12D3KooWHdmUKc1bYKY3scg6TqGhK3SutwH9hu1aAez4VmvwkEyk
Ã°Å¸â€Å’ Consensus stream EOF from 12D3KooWHdmUKc1bYKY3scg6TqGhK3SutwH9hu1aAez4VmvwkEyk
Ã°Å¸â€Å’ Consensus stream closed with 12D3KooWHdmUKc1bYKY3scg6TqGhK3SutwH9hu1aAez4VmvwkEyk
Candidate heartbeat received: D | reported_height=2184 | finalized_height=2184 | local_exec_epoch=2185
Candidate heartbeat received: D | reported_height=2184 | finalized_height=2184 | local_exec_epoch=2185
[SYNC-SERVE-REQUEST] peer=12D3KooW requested=2385-2484 snapshot=false snapshot_height=0
[SYNC-SERVE-REQUEST] peer=12D3KooW requested=2285-2384 snapshot=false snapshot_height=0
[SYNC-SERVE-RESPONSE] peer=12D3KooW requested=2285-2384 served=2285-2384 count=100 snapshot=false tip_gap=false historical_gap=false duration_ms=6
[SYNC-SERVE-RESPONSE] peer=12D3KooW requested=2385-2484 served=2385-2484 count=100 snapshot=false tip_gap=false historical_gap=false duration_ms=8
Candidate heartbeat received: D | reported_height=2184 | finalized_height=2184 | local_exec_epoch=2185
Candidate heartbeat received: D | reported_height=2184 | finalized_height=2184 | local_exec_epoch=2185
[SYNC-SERVE-REQUEST] peer=12D3KooW requested=2485-2515 snapshot=false snapshot_height=0
[SYNC-SERVE-RESPONSE] peer=12D3KooW requested=2485-2515 served=2485-2515 count=31 snapshot=false tip_gap=false historical_gap=false duration_ms=2
Ã°Å¸â€œÂ¦ Sent blocks 2485-2515 (31 blocks) to 12D3KooWE7bMkbbpLoSHKB43JdTZm9zkgqvf1iCQdGAqFFBDa42W
[SYNC-SERVE-REQUEST] peer=12D3KooW requested=2385-2484 snapshot=false snapshot_height=0
[SYNC-SERVE-RESPONSE] peer=12D3KooW requested=2385-2484 served=2385-2484 count=100 snapshot=false tip_gap=false historical_gap=false duration_ms=11
Candidate heartbeat received: D | reported_height=2184 | finalized_height=2184 | local_exec_epoch=2185
Candidate heartbeat received: D | reported_height=2184 | finalized_height=2184 | local_exec_epoch=2185
2026/05/18 14:42:25 [OK] goroutine pressure normalized: 180 (degrade mode off)
Candidate heartbeat received: D | reported_height=2184 | finalized_height=2184 | local_exec_epoch=2185
Candidate heartbeat received: D | reported_height=2184 | finalized_height=2184 | local_exec_epoch=2185
[SNAPSHOT-PUBLISH] deferred height=2515 reason=auto_publish_interval_10
Candidate heartbeat received: D | reported_height=2184 | finalized_height=2184 | local_exec_epoch=2185
Candidate heartbeat received: D | reported_height=2184 | finalized_height=2184 | local_exec_epoch=2185
[CONSENSUS] height=2515 vhash=d75b74ab validators=4
[STATUS] height=2515 finalized=2515 peers=4 validators=2 strict_live=2 heartbeat_live=2 out_of_drift=0 drift_limit=8 syncing=false sync_complete=true execution_ready=true execution_reason=ready gossip=true gossip_pipeline=new_block_gossip_validate_apply consensus_running=true mode=observer vote=false propose=false role=full validator_state=observer warmup_seconds=0 ready=false reason=validator_stake_required snapshot_source=snapshot_committed expected_source=snapshot_parent expected_hash=d75b74ab resolved_source=snapshot_committed resolved_hash=d75b74ab next_source=carry_forward next_hash=d75b74ab got_hash= authority=snapshot_parent hash_mode=legacy
Validator heartbeat: C | reported_height=2515 | finalized_height=2515 | local_exec_epoch=2516
Validator heartbeat: C | reported_height=2515 | finalized_height=2515 | local_exec_epoch=2516
Validator heartbeat received: C | reported_height=2515 | finalized_height=2515 | local_exec_epoch=2516
Validator heartbeat received: C | reported_height=2515 | finalized_height=2515 | local_exec_epoch=2516
Candidate heartbeat received: D | reported_height=2184 | finalized_height=2184 | local_exec_epoch=2185
Candidate heartbeat received: D | reported_height=2184 | finalized_height=2184 | local_exec_epoch=2185
Validator heartbeat: A | reported_height=2515 | finalized_height=2515 | local_exec_epoch=2516
Validator heartbeat: A | reported_height=2515 | finalized_height=2515 | local_exec_epoch=2516
Validator heartbeat received: A | reported_height=2515 | finalized_height=2515 | local_exec_epoch=2516
Validator heartbeat received: A | reported_height=2515 | finalized_height=2515 | local_exec_epoch=2516
Validator heartbeat: B | reported_height=2515 | finalized_height=2515 | local_exec_epoch=2516
Validator heartbeat: B | reported_height=2515 | finalized_height=2515 | local_exec_epoch=2516
Validator heartbeat received: B | reported_height=2515 | finalized_height=2515 | local_exec_epoch=2516
Validator heartbeat received: B | reported_height=2515 | finalized_height=2515 | local_exec_epoch=2516
Candidate heartbeat received: D | reported_height=2184 | finalized_height=2184 | local_exec_epoch=2185
Candidate heartbeat received: D | reported_height=2184 | finalized_height=2184 | local_exec_epoch=2185
[EXEC-QUORUM] height=2516 strict=3 relaxed=2 total=4 live=2 stall=20s
[EXEC-QUORUM] height=2516 strict=3 relaxed=2 total=4 live=2 stall=20s
[SYNC-SERVE-REQUEST] peer=12D3KooW requested=2185-2284 snapshot=false snapshot_height=0
[SYNC-SERVE-REQUEST] peer=12D3KooW requested=2285-2384 snapshot=false snapshot_height=0
[SYNC-SERVE-RESPONSE] peer=12D3KooW requested=2185-2284 served=2185-2284 count=100 snapshot=false tip_gap=false historical_gap=false duration_ms=6
Ã°Å¸â€œÂ¦ Sent blocks 2185-2284 (100 blocks) to 12D3KooWE7bMkbbpLoSHKB43JdTZm9zkgqvf1iCQdGAqFFBDa42W
[SYNC-SERVE-RESPONSE] peer=12D3KooW requested=2285-2384 served=2285-2384 count=100 snapshot=false tip_gap=false historical_gap=false duration_ms=6
Ã°Å¸â€œÂ¦ Sent blocks 2285-2384 (100 blocks) to 12D3KooWE7bMkbbpLoSHKB43JdTZm9zkgqvf1iCQdGAqFFBDa42W
[EXEC-QUORUM] height=2516 strict=3 relaxed=2 total=4 live=2 stall=21s
[EXEC-QUORUM] height=2516 strict=3 relaxed=2 total=4 live=2 stall=21s
[EXEC-QUORUM] height=2516 strict=3 relaxed=2 total=4 live=2 stall=21s
[EXEC-QUORUM] height=2516 strict=3 relaxed=2 total=4 live=2 stall=21s
Candidate heartbeat received: D | reported_height=2184 | finalized_height=2184 | local_exec_epoch=2185
Candidate heartbeat received: D | reported_height=2184 | finalized_height=2184 | local_exec_epoch=2185
[EXEC-QUORUM] height=2516 strict=3 relaxed=2 total=4 live=2 stall=21s
[EXEC-QUORUM] height=2516 strict=3 relaxed=2 total=4 live=2 stall=22s
[EXEC-QUORUM] height=2516 strict=3 relaxed=2 total=4 live=2 stall=22s
[EXEC-QUORUM] height=2516 strict=3 relaxed=2 total=4 live=2 stall=22s
[EXEC-QUORUM] height=2516 strict=3 relaxed=2 total=4 live=2 stall=22s
Ã°Å¸â€œÂ¨ Consensus message from 12D3KooWPVKESWFG9sS8G6vjhfPn54kWuNFkkuHwG4yQXhYRcXjX: leader_block (size: 1315 bytes)
Ã°Å¸â€œÂ¦ Leader block received from 12D3KooWPVKESWFG9sS8G6vjhfPn54kWuNFkkuHwG4yQXhYRcXjX | height=2516 proposer=A
Ã°Å¸â€Å’ Consensus stream EOF from 12D3KooWPVKESWFG9sS8G6vjhfPn54kWuNFkkuHwG4yQXhYRcXjX
Ã°Å¸â€Å’ Consensus stream closed with 12D3KooWPVKESWFG9sS8G6vjhfPn54kWuNFkkuHwG4yQXhYRcXjX
[SET-COMMITMENT-APPLY] height=2516 source=snapshot_parent mode=legacy hash=d75b74ab
2026/05/18 14:42:37 [EXEC-PROPOSAL-SELECT] height=2516 reason=observed prev_round=0 prev_block= round=3 block=7ea11224 voters=0 force=false
[EXEC-QUORUM] height=2516 strict=3 relaxed=2 total=4 live=2 stall=23s
Ã°Å¸â€œÂ¨ Consensus message from 12D3KooWPVKESWFG9sS8G6vjhfPn54kWuNFkkuHwG4yQXhYRcXjX: execution_result (size: 374 bytes)
Ã°Å¸â€Å’ Consensus stream EOF from 12D3KooWPVKESWFG9sS8G6vjhfPn54kWuNFkkuHwG4yQXhYRcXjX
Ã°Å¸â€Å’ Consensus stream closed with 12D3KooWPVKESWFG9sS8G6vjhfPn54kWuNFkkuHwG4yQXhYRcXjX
[EXEC-QUORUM] height=2516 strict=3 relaxed=2 total=4 live=2 stall=23s
[EXEC-QUORUM] height=2516 strict=3 relaxed=2 total=4 live=2 stall=23s
2026/05/18 14:42:37 [EXEC-BROADCAST-DEFER] validator=F height=2516 reason=validator_stake_required trigger=leader_block block=7ea11224 prev=39d61e69
Ã°Å¸â€œÂ¨ Consensus message from 12D3KooWHdmUKc1bYKY3scg6TqGhK3SutwH9hu1aAez4VmvwkEyk: execution_result (size: 374 bytes)
Ã°Å¸â€Å’ Consensus stream EOF from 12D3KooWHdmUKc1bYKY3scg6TqGhK3SutwH9hu1aAez4VmvwkEyk
Ã°Å¸â€Å’ Consensus stream closed with 12D3KooWHdmUKc1bYKY3scg6TqGhK3SutwH9hu1aAez4VmvwkEyk
[LEADER-BLOCK-REJECT] height=2516 round=3 reason=duplicate_proposal peer=12D3KooWHdmUKc1bYKY3scg6TqGhK3SutwH9hu1aAez4VmvwkEyk proposer=A block=7ea11224
[LEADER-BLOCK-REJECT] height=2516 round=3 reason=duplicate_proposal peer=12D3KooWPVKESWFG9sS8G6vjhfPn54kWuNFkkuHwG4yQXhYRcXjX proposer=A block=7ea11224
Ã°Å¸â€œÂ¨ Consensus message from 12D3KooWPVKESWFG9sS8G6vjhfPn54kWuNFkkuHwG4yQXhYRcXjX: leader_block (size: 1315 bytes)
Ã°Å¸â€œÂ¦ Leader block received from 12D3KooWPVKESWFG9sS8G6vjhfPn54kWuNFkkuHwG4yQXhYRcXjX | height=2516 proposer=A
Ã°Å¸â€Å’ Consensus stream EOF from 12D3KooWPVKESWFG9sS8G6vjhfPn54kWuNFkkuHwG4yQXhYRcXjX
Ã°Å¸â€Å’ Consensus stream closed with 12D3KooWPVKESWFG9sS8G6vjhfPn54kWuNFkkuHwG4yQXhYRcXjX
[REGISTRY-COMMITMENT-CHECK] height=2516 required=true parent_unanchored=false source=chain_parent_commitment expected=9cd32df6 got=9cd32df6
[EXEC-HASH] hint=2516 from=A exec=9ea3a9aa
Execution hash received: A @ epoch 2516
[EXEC-QUORUM] height=2516 strict=3 relaxed=2 total=4 live=2 stall=23s
2026/05/18 14:42:37 [VOTE-ACCEPT] reason=recorded signer=A height=2516 round=3 vote_block=7ea11224 current_block=7ea11224 proposal=2516|3|7ea11224be8ab73f57284375859be385963259f3c36ea4947a56b0992f886666||9ea3a9aafbef3f5b89a070eecc3a699ffaf70fc3fbaf523f3ef580c42dc66a4b exec=9ea3a9aa tx_merkle= votes=1 required=2
[EXEC-POOL] epoch=2516 hash=9ea3a9aa voters=1/4
[EXEC-QUORUM] epoch=2516 required=2 total=4 votes=1
[REGISTRY-COMMITMENT-CHECK] height=2516 required=true parent_unanchored=false source=chain_parent_commitment expected=9cd32df6 got=9cd32df6
[EXEC-HASH] hint=2516 from=B exec=9ea3a9aa
Execution hash received: B @ epoch 2516
[EXEC-QUORUM] height=2516 strict=3 relaxed=2 total=4 live=2 stall=23s
2026/05/18 14:42:37 [VOTE-ACCEPT] reason=recorded signer=B height=2516 round=3 vote_block=7ea11224 current_block=7ea11224 proposal=2516|3|7ea11224be8ab73f57284375859be385963259f3c36ea4947a56b0992f886666||9ea3a9aafbef3f5b89a070eecc3a699ffaf70fc3fbaf523f3ef580c42dc66a4b exec=9ea3a9aa tx_merkle= votes=2 required=2
[EXEC-POOL] epoch=2516 hash=9ea3a9aa voters=2/4
[EXEC-QUORUM] epoch=2516 required=2 total=4 votes=2
Execution quorum reached (hash=9ea3a9aa votes=2/4)
2026/05/18 14:42:37 [EXEC-PRECOMMIT] height=2516 reason=quorum_precommit prev_round=0 prev_block= round=3 block=7ea11224 votes=2 required=2
[EXEC-QUORUM] height=2516 strict=3 relaxed=2 total=4 live=2 stall=23s
[REGISTRY-COMMITMENT-CHECK] height=2516 required=true parent_unanchored=false source=chain_parent_commitment expected=9cd32df6 got=9cd32df6
[EXEC-QUORUM] height=2516 strict=3 relaxed=2 total=4 live=2 stall=23s
[EXEC-QUORUM] height=2516 strict=3 relaxed=2 total=4 live=2 stall=23s
[EXEC-QUORUM] height=2516 strict=3 relaxed=2 total=4 live=2 stall=23s
[EXEC-QUORUM] height=2516 strict=3 relaxed=2 total=4 live=2 stall=23s
[EXEC-QUORUM] height=2516 strict=3 relaxed=2 total=4 live=2 stall=23s
2026/05/18 14:42:37 [EXEC-COMMIT] height=2516 reason=precommit_quorum round=3 block=e1dc66d6 votes=2 required=2 precommits=2
[REGISTRY-COMMITMENT-CHECK] height=2516 required=true parent_unanchored=false source=chain_parent_commitment expected=9cd32df6 got=9cd32df6
[REGISTRY-PRECOMMIT] height=2516 source=committed_carry_forward header=9cd32df6 resolved=9cd32df6 validators=4
[SYNC-COMMIT-PHASE] node=F stage=idle provider= height=2516 local=2515 phase=process_block_begin
[EMISSION] h=2515 reward=3 treasury=1 validators=2 burn=0 applied_burn=0 chance_bps=10000
[SYNC-COMMIT-PHASE] node=F stage=idle provider= height=2516 local=2516 phase=process_block_committed
[SYNC-COMMIT-PHASE] node=F stage=idle provider= height=2516 local=2516 phase=post_block_effects_begin
âœ… Height finalized â†’ 2517
[EMISSION] h=2516 reward=4 treasury=1 validators=2 burn=1 applied_burn=0 chance_bps=10000
[EMISSION] h=2516 reward=4 treasury=1 validators=2 burn=1 applied_burn=0 chance_bps=10000
[SYNC-COMMIT-PHASE] node=F stage=idle provider= height=2516 local=2516 phase=post_block_effects_done
[SYNC-COMMIT-PHASE] node=F stage=idle provider= height=2516 local=2516 phase=persist_registry_begin
[SYNC-COMMIT-PHASE] node=F stage=idle provider= height=2516 local=2516 phase=persist_registry_done
[SYNC-COMMIT-PHASE] node=F stage=idle provider= height=2516 local=2516 phase=apply_validator_updates_begin
[SYNC-COMMIT-PHASE] node=F stage=idle provider= height=2516 local=2516 phase=apply_validator_updates_done
[SYNC-COMMIT-PHASE] node=F stage=idle provider= height=2516 local=2516 phase=observe_candidates_begin
[SYNC-COMMIT-PHASE] node=F stage=idle provider= height=2516 local=2516 phase=observe_candidates_done
[SYNC-COMMIT-PHASE] node=F stage=idle provider= height=2516 local=2516 phase=apply_validator_update_txs_begin
[SYNC-COMMIT-PHASE] node=F stage=idle provider= height=2516 local=2516 phase=apply_validator_update_txs_done
[SYNC-COMMIT-PHASE] node=F stage=idle provider= height=2516 local=2516 phase=apply_scheduled_updates_begin
[SYNC-SCHEDULED-UPDATES] stage=idle provider= current_height=2516 step=queue_inactive_removals_begin update_height=2516 due_transition=false defer_for_sync=false update_blocked=false planned_only=false updated=false processed_adds=0 processed_removes=0 next_transition_height=0 transition_validators=0 next_validators=0
[SYNC-SCHEDULED-UPDATES] stage=idle provider= current_height=2516 step=queue_inactive_removals_done update_height=2516 due_transition=false defer_for_sync=false update_blocked=false planned_only=false updated=false processed_adds=0 processed_removes=0 next_transition_height=0 transition_validators=0 next_validators=0
[SYNC-SCHEDULED-UPDATES] stage=idle provider= current_height=2516 step=sync_gate_snapshot_state_begin update_height=2516 due_transition=false defer_for_sync=false update_blocked=false planned_only=false updated=false processed_adds=0 processed_removes=0 next_transition_height=0 transition_validators=0 next_validators=0
[SYNC-SCHEDULED-UPDATES] stage=idle provider= current_height=2516 step=sync_gate_snapshot_state_done update_height=2516 due_transition=false defer_for_sync=false update_blocked=false planned_only=false updated=false processed_adds=0 processed_removes=0 next_transition_height=0 transition_validators=0 next_validators=0
[SYNC-SCHEDULED-UPDATES] stage=idle provider= current_height=2516 step=apply_queued_set_update_begin update_height=2516 due_transition=false defer_for_sync=false update_blocked=false planned_only=false updated=false processed_adds=0 processed_removes=0 next_transition_height=0 transition_validators=0 next_validators=0
[SYNC-SCHEDULED-UPDATES] stage=idle provider= current_height=2516 step=apply_queued_set_update_done update_height=2516 due_transition=false defer_for_sync=false update_blocked=false planned_only=false updated=false processed_adds=0 processed_removes=0 next_transition_height=0 transition_validators=0 next_validators=0
[SYNC-SCHEDULED-UPDATES] stage=idle provider= current_height=2516 step=validator_set_lock_begin update_height=2516 due_transition=false defer_for_sync=false update_blocked=false planned_only=false updated=false processed_adds=0 processed_removes=0 next_transition_height=0 transition_validators=0 next_validators=0
[SYNC-SCHEDULED-UPDATES] stage=idle provider= current_height=2516 step=validator_set_lock_acquired update_height=2516 due_transition=false defer_for_sync=false update_blocked=false planned_only=false updated=false processed_adds=0 processed_removes=0 next_transition_height=0 transition_validators=0 next_validators=0
[SYNC-SCHEDULED-UPDATES] stage=idle provider= current_height=2516 step=compute_next_transition_height_begin update_height=2516 due_transition=false defer_for_sync=false update_blocked=false planned_only=false updated=false processed_adds=0 processed_removes=0 next_transition_height=0 transition_validators=0 next_validators=0
[SYNC-SCHEDULED-UPDATES] stage=idle provider= current_height=2516 step=compute_next_transition_height_done update_height=2516 due_transition=false defer_for_sync=false update_blocked=false planned_only=false updated=false processed_adds=0 processed_removes=0 next_transition_height=0 transition_validators=0 next_validators=0
[SYNC-SCHEDULED-UPDATES] stage=idle provider= current_height=2516 step=due_transition_eval_begin update_height=2516 due_transition=false defer_for_sync=false update_blocked=false planned_only=false updated=false processed_adds=0 processed_removes=0 next_transition_height=0 transition_validators=0 next_validators=0
[SYNC-SCHEDULED-UPDATES] stage=idle provider= current_height=2516 step=due_transition_eval_done update_height=2516 due_transition=false defer_for_sync=false update_blocked=false planned_only=false updated=false processed_adds=0 processed_removes=0 next_transition_height=0 transition_validators=0 next_validators=0
[SYNC-SCHEDULED-UPDATES] stage=idle provider= current_height=2516 step=defer_for_sync_eval_begin update_height=2516 due_transition=false defer_for_sync=false update_blocked=false planned_only=false updated=false processed_adds=0 processed_removes=0 next_transition_height=0 transition_validators=0 next_validators=0
[SYNC-SCHEDULED-UPDATES] stage=idle provider= current_height=2516 step=defer_for_sync_eval_done update_height=2516 due_transition=false defer_for_sync=false update_blocked=false planned_only=false updated=false processed_adds=0 processed_removes=0 next_transition_height=0 transition_validators=0 next_validators=0
[SYNC-SCHEDULED-UPDATES] stage=idle provider= current_height=2516 step=scheduled_transition_validators_begin update_height=2516 due_transition=false defer_for_sync=false update_blocked=false planned_only=false updated=false processed_adds=0 processed_removes=0 next_transition_height=0 transition_validators=0 next_validators=0
[SYNC-SCHEDULED-UPDATES] stage=idle provider= current_height=2516 step=scheduled_transition_validators_done update_height=2516 due_transition=false defer_for_sync=false update_blocked=false planned_only=false updated=false processed_adds=0 processed_removes=0 next_transition_height=0 transition_validators=4 next_validators=0
[SYNC-SCHEDULED-UPDATES] stage=idle provider= current_height=2516 step=build_next_validators_begin update_height=2516 due_transition=false defer_for_sync=false update_blocked=false planned_only=false updated=false processed_adds=0 processed_removes=0 next_transition_height=0 transition_validators=4 next_validators=0
[SYNC-SCHEDULED-UPDATES] stage=idle provider= current_height=2516 step=build_next_validators_done update_height=2516 due_transition=false defer_for_sync=false update_blocked=false planned_only=false updated=false processed_adds=0 processed_removes=0 next_transition_height=0 transition_validators=4 next_validators=4
[SYNC-SCHEDULED-UPDATES] stage=idle provider= current_height=2516 step=transition_quorum_begin update_height=2516 due_transition=false defer_for_sync=false update_blocked=false planned_only=false updated=false processed_adds=0 processed_removes=0 next_transition_height=0 transition_validators=4 next_validators=4
[SYNC-SCHEDULED-UPDATES] stage=idle provider= current_height=2516 step=transition_quorum_done update_height=2516 due_transition=false defer_for_sync=false update_blocked=false planned_only=false updated=false processed_adds=0 processed_removes=0 next_transition_height=0 transition_validators=4 next_validators=4
[SYNC-SCHEDULED-UPDATES] stage=idle provider= current_height=2516 step=transition_plan_write_begin update_height=2516 due_transition=false defer_for_sync=false update_blocked=false planned_only=false updated=false processed_adds=0 processed_removes=0 next_transition_height=0 transition_validators=4 next_validators=4
[SYNC-SCHEDULED-UPDATES] stage=idle provider= current_height=2516 step=transition_plan_write_done update_height=2516 due_transition=false defer_for_sync=false update_blocked=false planned_only=false updated=false processed_adds=0 processed_removes=0 next_transition_height=0 transition_validators=4 next_validators=4
[SYNC-SCHEDULED-UPDATES] stage=idle provider= current_height=2516 step=finalize_pending_maps_begin update_height=2516 due_transition=false defer_for_sync=false update_blocked=false planned_only=false updated=false processed_adds=0 processed_removes=0 next_transition_height=0 transition_validators=4 next_validators=4
[SYNC-SCHEDULED-UPDATES] stage=idle provider= current_height=2516 step=finalize_pending_maps_done update_height=2516 due_transition=false defer_for_sync=false update_blocked=false planned_only=false updated=false processed_adds=0 processed_removes=0 next_transition_height=0 transition_validators=4 next_validators=4
[SYNC-SCHEDULED-UPDATES] stage=idle provider= current_height=2516 step=active_transition_heights_begin update_height=2516 due_transition=false defer_for_sync=false update_blocked=false planned_only=false updated=false processed_adds=0 processed_removes=0 next_transition_height=0 transition_validators=4 next_validators=4
[SYNC-SCHEDULED-UPDATES] stage=idle provider= current_height=2516 step=active_transition_heights_done update_height=2516 due_transition=false defer_for_sync=false update_blocked=false planned_only=false updated=false processed_adds=0 processed_removes=0 next_transition_height=0 transition_validators=4 next_validators=4
[SYNC-SCHEDULED-UPDATES] stage=idle provider= current_height=2516 step=validator_set_unlock update_height=2516 due_transition=false defer_for_sync=false update_blocked=false planned_only=false updated=false processed_adds=0 processed_removes=0 next_transition_height=0 transition_validators=4 next_validators=4
[SYNC-SCHEDULED-UPDATES] stage=idle provider= current_height=2516 step=retry_clear_begin update_height=2516 due_transition=false defer_for_sync=false update_blocked=false planned_only=false updated=false processed_adds=0 processed_removes=0 next_transition_height=0 transition_validators=4 next_validators=4
[SYNC-SCHEDULED-UPDATES] stage=idle provider= current_height=2516 step=retry_clear_done update_height=2516 due_transition=false defer_for_sync=false update_blocked=false planned_only=false updated=false processed_adds=0 processed_removes=0 next_transition_height=0 transition_validators=4 next_validators=4
[SYNC-SCHEDULED-UPDATES] stage=idle provider= current_height=2516 step=prune_retry_begin update_height=2516 due_transition=false defer_for_sync=false update_blocked=false planned_only=false updated=false processed_adds=0 processed_removes=0 next_transition_height=0 transition_validators=4 next_validators=4
[SYNC-SCHEDULED-UPDATES] stage=idle provider= current_height=2516 step=prune_retry_done update_height=2516 due_transition=false defer_for_sync=false update_blocked=false planned_only=false updated=false processed_adds=0 processed_removes=0 next_transition_height=0 transition_validators=4 next_validators=4
[SYNC-SCHEDULED-UPDATES] stage=idle provider= current_height=2516 step=onboarding_tracker_begin update_height=2516 due_transition=false defer_for_sync=false update_blocked=false planned_only=false updated=false processed_adds=0 processed_removes=0 next_transition_height=0 transition_validators=4 next_validators=4
[SYNC-SCHEDULED-UPDATES] stage=idle provider= current_height=2516 step=onboarding_tracker_done update_height=2516 due_transition=false defer_for_sync=false update_blocked=false planned_only=false updated=false processed_adds=0 processed_removes=0 next_transition_height=0 transition_validators=4 next_validators=4
[SYNC-SCHEDULED-UPDATES] stage=idle provider= current_height=2516 step=broadcast_validator_info_begin update_height=2516 due_transition=false defer_for_sync=false update_blocked=false planned_only=false updated=false processed_adds=0 processed_removes=0 next_transition_height=0 transition_validators=4 next_validators=4
[SYNC-SCHEDULED-UPDATES] stage=idle provider= current_height=2516 step=broadcast_validator_info_done update_height=2516 due_transition=false defer_for_sync=false update_blocked=false planned_only=false updated=false processed_adds=0 processed_removes=0 next_transition_height=0 transition_validators=4 next_validators=4
[SYNC-SCHEDULED-UPDATES] stage=idle provider= current_height=2516 step=final_update_log_begin update_height=2516 due_transition=false defer_for_sync=false update_blocked=false planned_only=false updated=false processed_adds=0 processed_removes=0 next_transition_height=0 transition_validators=4 next_validators=4
[SYNC-SCHEDULED-UPDATES] stage=idle provider= current_height=2516 step=final_update_log_done update_height=2516 due_transition=false defer_for_sync=false update_blocked=false planned_only=false updated=false processed_adds=0 processed_removes=0 next_transition_height=0 transition_validators=4 next_validators=4
[SYNC-SCHEDULED-UPDATES] stage=idle provider= current_height=2516 step=snapshot_epoch_validators_begin update_height=2516 due_transition=false defer_for_sync=false update_blocked=false planned_only=false updated=false processed_adds=0 processed_removes=0 next_transition_height=0 transition_validators=4 next_validators=4
Validator heartbeat: B | reported_height=2516 | finalized_height=2516 | local_exec_epoch=2517
[SYNC-SCHEDULED-UPDATES] stage=idle provider= current_height=2516 step=snapshot_epoch_validators_done update_height=2516 due_transition=false defer_for_sync=false update_blocked=false planned_only=false updated=false processed_adds=0 processed_removes=0 next_transition_height=0 transition_validators=4 next_validators=4
[SYNC-COMMIT-PHASE] node=F stage=idle provider= height=2516 local=2516 phase=apply_scheduled_updates_done
[SYNC-COMMIT-PHASE] node=F stage=idle provider= height=2516 local=2516 phase=snapshot_epoch_validators_begin
[SYNC-COMMIT-PHASE] node=F stage=idle provider= height=2516 local=2516 phase=snapshot_epoch_validators_done
[SYNC-COMMIT-PHASE] node=F stage=idle provider= height=2516 local=2516 phase=start_next_round_begin
[SYNC-COMMIT-PHASE] node=F stage=idle provider= height=2516 local=2516 phase=start_next_round_done
[SYNC-COMMIT-PHASE] node=F stage=idle provider= height=2516 local=2516 phase=clear_exec_results_begin
[SYNC-COMMIT-PHASE] node=F stage=idle provider= height=2516 local=2516 phase=clear_exec_results_done
[SYNC-COMMIT-PHASE] node=F stage=idle provider= height=2516 local=2516 phase=update_validator_metrics_begin
[STARTUP-COMMITMENT] mode=v2 commitment_height=1 check_h=2517 expected=d75b74ab source=snapshot_parent
[SYNC-COMMIT-PHASE] node=F stage=idle provider= height=2516 local=2516 phase=update_validator_metrics_done
[SYNC-COMMIT-PHASE] node=F stage=idle provider= height=2516 local=2516 phase=enter_safe_mode_begin
Validator heartbeat: B | reported_height=2516 | finalized_height=2516 | local_exec_epoch=2517
Attempting to connect to 4 peers
[SYNC-COMMIT-PHASE] node=F stage=idle provider= height=2516 local=2516 phase=enter_safe_mode_done
[SYNC-COMMIT-PHASE] node=F stage=idle provider= height=2516 local=2516 phase=ensure_tip_snapshot_begin
[SYNC-COMMIT-PHASE] node=F stage=idle provider= height=2516 local=2516 phase=ensure_tip_snapshot_done
ðŸ§¹ Pruning snapshot @ height 1515
[PARTICIPATION-GATE] validator=F height=2517 reason=syncing
Pruning validator registry snapshot @ height 1515
[SYNC-CLEAR] reason=up_to_date local=2516 target=0
[SAFE-MODE] height=2517 window=2s live=2 required=3 heartbeat_live=2 out_of_drift=0 committee=4 ended=started
Validator heartbeat received: B | reported_height=2516 | finalized_height=2516 | local_exec_epoch=2517
[SNAPSHOT-PUBLISH] deferred height=2516 reason=auto_publish_interval_10
Validator heartbeat: A | reported_height=2516 | finalized_height=2516 | local_exec_epoch=2517
Validator heartbeat received: B | reported_height=2516 | finalized_height=2516 | local_exec_epoch=2517
Validator heartbeat: A | reported_height=2516 | finalized_height=2516 | local_exec_epoch=2517
[LIVENESS] scope=safe_mode height=2517 live=2 required=3 heartbeat_live=2 out_of_drift=0 committee=4 reasons={consensus_not_ready=1,inactive=1} sample=[C:consensus_not_ready,G:inactive]
Pruning validator registry snapshot @ height 1515
[SYNC-COMMIT-PHASE] node=F stage=idle provider= height=2516 local=2516 phase=prune_snapshots_done
[SYNC-COMMIT-PHASE] node=F stage=idle provider= height=2516 local=2516 phase=publish_required_snapshot_begin
[SYNC-COMMIT-PHASE] node=F stage=idle provider= height=2516 local=2516 phase=publish_required_snapshot_done
[COMMIT] node=F h=2516 hash=e1dc66d6 by=A type=TIME txs=0
[SYNC-COMMIT-PHASE] node=F stage=idle provider= height=2516 local=2516 phase=commit_log_done
[SYNC-COMMIT-PHASE] node=F stage=idle provider= height=2516 local=2516 phase=touch_signers_begin
[SYNC-COMMIT-PHASE] node=F stage=idle provider= height=2516 local=2516 phase=touch_signers_done
[SYNC-COMMIT-PHASE] node=F stage=idle provider= height=2516 local=2516 phase=maybe_exit_sync_begin
[SYNC-COMMIT-PHASE] node=F stage=idle provider= height=2516 local=2516 phase=done
Validator heartbeat received: A | reported_height=2516 | finalized_height=2516 | local_exec_epoch=2517
Validator heartbeat received: A | reported_height=2516 | finalized_height=2516 | local_exec_epoch=2517
2026/05/18 14:42:38 [VOTE-STALE-ACCEPT] reason=committed_proposal_unresolved signer=A height=2516 round=3 vote_block=7ea11224 exec=9ea3a9aa tx_merkle=
[LEADER-BLOCK-REJECT] height=2516 reason=wrong_epoch local_epoch=2517 peer=12D3KooWPVKESWFG9sS8G6vjhfPn54kWuNFkkuHwG4yQXhYRcXjX proposer=A block=7ea11224
[LEADER-BLOCK-REJECT] height=2516 reason=wrong_epoch local_epoch=2517 peer= proposer=A block=7ea11224
[LEADER-BLOCK-REJECT] height=2516 reason=wrong_epoch local_epoch=2517 peer=12D3KooWPVKESWFG9sS8G6vjhfPn54kWuNFkkuHwG4yQXhYRcXjX proposer=A block=7ea11224
2026/05/18 14:42:38 [VOTE-STALE-ACCEPT] reason=committed_proposal_unresolved signer=B height=2516 round=3 vote_block=7ea11224 exec=9ea3a9aa tx_merkle=
[SYNC-SERVE-REQUEST] peer=12D3KooW requested=2185-2284 snapshot=false snapshot_height=0
[SYNC-SERVE-RESPONSE] peer=12D3KooW requested=2185-2284 served=2185-2284 count=100 snapshot=false tip_gap=false historical_gap=false duration_ms=6
[SYNC-SERVE-REQUEST] peer=12D3KooW requested=2285-2384 snapshot=false snapshot_height=0
[SYNC-SERVE-RESPONSE] peer=12D3KooW requested=2285-2384 served=2285-2384 count=100 snapshot=false tip_gap=false historical_gap=false duration_ms=13
Candidate heartbeat received: D | reported_height=2184 | finalized_height=2184 | local_exec_epoch=2185
Candidate heartbeat received: D | reported_height=2184 | finalized_height=2184 | local_exec_epoch=2185
[PARTICIPATION-GATE] validator=F height=2517 reason=validator_stake_required
Validator heartbeat: C | reported_height=2516 | finalized_height=2516 | local_exec_epoch=2517
Validator heartbeat: C | reported_height=2516 | finalized_height=2516 | local_exec_epoch=2517
[SAFE-MODE] height=2517 window=2s live=2 required=3 ended=timeout
Validator heartbeat received: C | reported_height=2516 | finalized_height=2516 | local_exec_epoch=2517
Validator heartbeat received: C | reported_height=2516 | finalized_height=2516 | local_exec_epoch=2517
Candidate heartbeat received: D | reported_height=2184 | finalized_height=2184 | local_exec_epoch=2185
Candidate heartbeat received: D | reported_height=2184 | finalized_height=2184 | local_exec_epoch=2185
[SYNC-SERVE-REQUEST] peer=12D3KooW requested=2285-2384 snapshot=false snapshot_height=0
[SYNC-SERVE-RESPONSE] peer=12D3KooW requested=2285-2384 served=2285-2384 count=100 snapshot=false tip_gap=false historical_gap=false duration_ms=11
[SYNC-SERVE-REQUEST] peer=12D3KooW requested=2385-2484 snapshot=false snapshot_height=0
[SYNC-SERVE-RESPONSE] peer=12D3KooW requested=2385-2484 served=2385-2484 count=100 snapshot=false tip_gap=false historical_gap=false duration_ms=7
Ã°Å¸â€œÂ¦ Sent blocks 2385-2484 (100 blocks) to 12D3KooWE7bMkbbpLoSHKB43JdTZm9zkgqvf1iCQdGAqFFBDa42W
Candidate heartbeat received: D | reported_height=2184 | finalized_height=2184 | local_exec_epoch=2185
Candidate heartbeat received: D | reported_height=2184 | finalized_height=2184 | local_exec_epoch=2185
[CONSENSUS] height=2516 vhash=d75b74ab validators=4
[STATUS] height=2516 finalized=2516 peers=4 validators=2 strict_live=2 heartbeat_live=2 out_of_drift=0 drift_limit=8 syncing=false sync_complete=true execution_ready=true execution_reason=ready gossip=true gossip_pipeline=new_block_gossip_validate_apply consensus_running=true mode=observer vote=false propose=false role=full validator_state=observer warmup_seconds=0 ready=false reason=validator_stake_required snapshot_source=snapshot_committed expected_source=snapshot_parent expected_hash=d75b74ab resolved_source=snapshot_committed resolved_hash=d75b74ab next_source=carry_forward next_hash=d75b74ab got_hash= authority=snapshot_parent hash_mode=legacy
2026/05/18 14:42:45 [OK] goroutine pressure normalized: 180 (degrade mode off)
Candidate heartbeat received: D | reported_height=2184 | finalized_height=2184 | local_exec_epoch=2185
Candidate heartbeat received: D | reported_height=2184 | finalized_height=2184 | local_exec_epoch=2185
Candidate heartbeat received: D | reported_height=2184 | finalized_height=2184 | local_exec_epoch=2185
Candidate heartbeat received: D | reported_height=2184 | finalized_height=2184 | local_exec_epoch=2185
Validator heartbeat: A | reported_height=2516 | finalized_height=2516 | local_exec_epoch=2517
Validator heartbeat: A | reported_height=2516 | finalized_height=2516 | local_exec_epoch=2517
Validator heartbeat received: A | reported_height=2516 | finalized_height=2516 | local_exec_epoch=2517
[SNAPSHOT-PUBLISH] deferred height=2516 reason=auto_publish_interval_10
Validator heartbeat received: A | reported_height=2516 | finalized_height=2516 | local_exec_epoch=2517
Validator heartbeat: B | reported_height=2516 | finalized_height=2516 | local_exec_epoch=2517
Validator heartbeat: B | reported_height=2516 | finalized_height=2516 | local_exec_epoch=2517
Validator heartbeat received: B | reported_height=2516 | finalized_height=2516 | local_exec_epoch=2517
Validator heartbeat received: B | reported_height=2516 | finalized_height=2516 | local_exec_epoch=2517
Candidate heartbeat received: D | reported_height=2184 | finalized_height=2184 | local_exec_epoch=2185
Candidate heartbeat received: D | reported_height=2184 | finalized_height=2184 | local_exec_epoch=2185
[SYNC-SERVE-REQUEST] peer=12D3KooW requested=2385-2484 snapshot=false snapshot_height=0
[SYNC-SERVE-RESPONSE] peer=12D3KooW requested=2385-2484 served=2385-2484 count=100 snapshot=false tip_gap=false historical_gap=false duration_ms=7
[SYNC-SERVE-REQUEST] peer=12D3KooW requested=2485-2516 snapshot=false snapshot_height=0
[SYNC-SERVE-RESPONSE] peer=12D3KooW requested=2485-2516 served=2485-2516 count=32 snapshot=false tip_gap=false historical_gap=false duration_ms=2
Ã°Å¸â€œÂ¦ Sent blocks 2485-2516 (32 blocks) to 12D3KooWE7bMkbbpLoSHKB43JdTZm9zkgqvf1iCQdGAqFFBDa42W
[SYNC-SERVE-REQUEST] peer=12D3KooW requested=2485-2516 snapshot=false snapshot_height=0
[SYNC-SERVE-RESPONSE] peer=12D3KooW requested=2485-2516 served=2485-2516 count=32 snapshot=false tip_gap=false historical_gap=false duration_ms=1
[SYNC-SERVE-REQUEST] peer=12D3KooW requested=2385-2484 snapshot=false snapshot_height=0
[SYNC-SERVE-RESPONSE] peer=12D3KooW requested=2385-2484 served=2385-2484 count=100 snapshot=false tip_gap=false historical_gap=false duration_ms=4
Ã°Å¸â€œÂ¦ Sent blocks 2385-2484 (100 blocks) to 12D3KooWE7bMkbbpLoSHKB43JdTZm9zkgqvf1iCQdGAqFFBDa42W
Candidate heartbeat received: D | reported_height=2184 | finalized_height=2184 | local_exec_epoch=2185
Candidate heartbeat received: D | reported_height=2184 | finalized_height=2184 | local_exec_epoch=2185
Validator heartbeat: C | reported_height=2516 | finalized_height=2516 | local_exec_epoch=2517
Validator heartbeat: C | reported_height=2516 | finalized_height=2516 | local_exec_epoch=2517
Validator heartbeat received: C | reported_height=2516 | finalized_height=2516 | local_exec_epoch=2517
Validator heartbeat received: C | reported_height=2516 | finalized_height=2516 | local_exec_epoch=2517
Candidate heartbeat received: D | reported_height=2184 | finalized_height=2184 | local_exec_epoch=2185
Candidate heartbeat received: D | reported_height=2184 | finalized_height=2184 | local_exec_epoch=2185
[SYNC-SERVE-REQUEST] peer=12D3KooW requested=2385-2484 snapshot=false snapshot_height=0
[SYNC-SERVE-REQUEST] peer=12D3KooW requested=2485-2516 snapshot=false snapshot_height=0
[SYNC-SERVE-RESPONSE] peer=12D3KooW requested=2485-2516 served=2485-2516 count=32 snapshot=false tip_gap=false historical_gap=false duration_ms=1
[SYNC-SERVE-RESPONSE] peer=12D3KooW requested=2385-2484 served=2385-2484 count=100 snapshot=false tip_gap=false historical_gap=false duration_ms=5
Candidate heartbeat received: D | reported_height=2184 | finalized_height=2184 | local_exec_epoch=2185
Candidate heartbeat received: D | reported_height=2184 | finalized_height=2184 | local_exec_epoch=2185
[EXEC-QUORUM] height=2517 strict=3 relaxed=2 total=4 live=2 stall=20s
[EXEC-QUORUM] height=2517 strict=3 relaxed=2 total=4 live=2 stall=20s
[EXEC-QUORUM] height=2517 strict=3 relaxed=2 total=4 live=2 stall=21s
[EXEC-QUORUM] height=2517 strict=3 relaxed=2 total=4 live=2 stall=21s
[EXEC-QUORUM] height=2517 strict=3 relaxed=2 total=4 live=2 stall=21s
[EXEC-QUORUM] height=2517 strict=3 relaxed=2 total=4 live=2 stall=22s
[EXEC-QUORUM] height=2517 strict=3 relaxed=2 total=4 live=2 stall=22s
[EXEC-QUORUM] height=2517 strict=3 relaxed=2 total=4 live=2 stall=22s
Candidate heartbeat received: D | reported_height=2184 | finalized_height=2184 | local_exec_epoch=2185
Candidate heartbeat received: D | reported_height=2184 | finalized_height=2184 | local_exec_epoch=2185
[EXEC-QUORUM] height=2517 strict=3 relaxed=2 total=4 live=2 stall=22s
[EXEC-QUORUM] height=2517 strict=3 relaxed=2 total=4 live=2 stall=22s
[EXEC-QUORUM] height=2517 strict=3 relaxed=2 total=4 live=2 stall=23s
[EXEC-QUORUM] height=2517 strict=3 relaxed=2 total=4 live=2 stall=23s
[CONSENSUS] height=2516 vhash=d75b74ab validators=4
[EXEC-QUORUM] height=2517 strict=3 relaxed=2 total=4 live=2 stall=23s
[STATUS] height=2516 finalized=2516 peers=4 validators=2 strict_live=2 heartbeat_live=2 out_of_drift=0 drift_limit=8 syncing=false sync_complete=true execution_ready=true execution_reason=ready gossip=true gossip_pipeline=new_block_gossip_validate_apply consensus_running=true mode=observer vote=false propose=false role=full validator_state=observer warmup_seconds=0 ready=false reason=validator_stake_required snapshot_source=snapshot_committed expected_source=snapshot_parent expected_hash=d75b74ab resolved_source=snapshot_committed resolved_hash=d75b74ab next_source=carry_forward next_hash=d75b74ab got_hash= authority=snapshot_parent hash_mode=legacy
[EXEC-QUORUM] height=2517 strict=3 relaxed=2 total=4 live=2 stall=23s
[EXEC-QUORUM] height=2517 strict=3 relaxed=2 total=4 live=2 stall=24s
[EXEC-QUORUM] height=2517 strict=3 relaxed=2 total=4 live=2 stall=24s
Attempting to connect to 4 peers
[EXEC-QUORUM] height=2517 strict=3 relaxed=2 total=4 live=2 stall=24s
Candidate heartbeat received: D | reported_height=2184 | finalized_height=2184 | local_exec_epoch=2185
Candidate heartbeat received: D | reported_height=2184 | finalized_height=2184 | local_exec_epoch=2185
[EXEC-QUORUM] height=2517 strict=3 relaxed=2 total=4 live=2 stall=24s
[EXEC-QUORUM] height=2517 strict=3 relaxed=2 total=4 live=2 stall=25s
[EXEC-QUORUM] height=2517 strict=3 relaxed=2 total=4 live=2 stall=25s
[EXEC-QUORUM] height=2517 strict=3 relaxed=2 total=4 live=2 stall=25s
[EXEC-QUORUM] height=2517 strict=3 relaxed=2 total=4 live=2 stall=25s
Ã°Å¸â€œÂ¨ Consensus message from 12D3KooWHdmUKc1bYKY3scg6TqGhK3SutwH9hu1aAez4VmvwkEyk: leader_block (size: 1315 bytes)
Ã°Å¸â€œÂ¦ Leader block received from 12D3KooWHdmUKc1bYKY3scg6TqGhK3SutwH9hu1aAez4VmvwkEyk | height=2517 proposer=B
[SET-COMMITMENT-APPLY] height=2517 source=snapshot_parent mode=legacy hash=d75b74ab
Ã°Å¸â€Å’ Consensus stream EOF from 12D3KooWHdmUKc1bYKY3scg6TqGhK3SutwH9hu1aAez4VmvwkEyk
Ã°Å¸â€Å’ Consensus stream closed with 12D3KooWHdmUKc1bYKY3scg6TqGhK3SutwH9hu1aAez4VmvwkEyk
2026/05/18 14:43:03 [EXEC-PROPOSAL-SELECT] height=2517 reason=observed prev_round=0 prev_block= round=5 block=0adffd79 voters=0 force=false
[EXEC-QUORUM] height=2517 strict=3 relaxed=2 total=4 live=2 stall=25s
Ã°Å¸â€œÂ¨ Consensus message from 12D3KooWHdmUKc1bYKY3scg6TqGhK3SutwH9hu1aAez4VmvwkEyk: execution_result (size: 374 bytes)
Ã°Å¸â€Å’ Consensus stream EOF from 12D3KooWHdmUKc1bYKY3scg6TqGhK3SutwH9hu1aAez4VmvwkEyk
Ã°Å¸â€Å’ Consensus stream closed with 12D3KooWHdmUKc1bYKY3scg6TqGhK3SutwH9hu1aAez4VmvwkEyk
[EXEC-QUORUM] height=2517 strict=3 relaxed=2 total=4 live=2 stall=25s
[EXEC-QUORUM] height=2517 strict=3 relaxed=2 total=4 live=2 stall=25s
2026/05/18 14:43:03 [EXEC-BROADCAST-DEFER] validator=F height=2517 reason=validator_stake_required trigger=leader_block block=0adffd79 prev=e1dc66d6
[LEADER-BLOCK-REJECT] height=2517 round=5 reason=duplicate_proposal peer=12D3KooWHdmUKc1bYKY3scg6TqGhK3SutwH9hu1aAez4VmvwkEyk proposer=B block=0adffd79
[LEADER-BLOCK-REJECT] height=2517 round=5 reason=duplicate_proposal peer=12D3KooWHdmUKc1bYKY3scg6TqGhK3SutwH9hu1aAez4VmvwkEyk proposer=B block=0adffd79
Ã°Å¸â€œÂ¨ Consensus message from 12D3KooWPVKESWFG9sS8G6vjhfPn54kWuNFkkuHwG4yQXhYRcXjX: execution_result (size: 374 bytes)
Ã°Å¸â€Å’ Consensus stream EOF from 12D3KooWPVKESWFG9sS8G6vjhfPn54kWuNFkkuHwG4yQXhYRcXjX
Ã°Å¸â€Å’ Consensus stream closed with 12D3KooWPVKESWFG9sS8G6vjhfPn54kWuNFkkuHwG4yQXhYRcXjX
[REGISTRY-COMMITMENT-CHECK] height=2517 required=true parent_unanchored=false source=chain_parent_commitment expected=9cd32df6 got=9cd32df6
[EXEC-HASH] hint=2517 from=B exec=a8855a81
Execution hash received: B @ epoch 2517
[EXEC-QUORUM] height=2517 strict=3 relaxed=2 total=4 live=2 stall=26s
2026/05/18 14:43:03 [VOTE-ACCEPT] reason=recorded signer=B height=2517 round=5 vote_block=0adffd79 current_block=0adffd79 proposal=2517|5|0adffd790c3e30ffef717abe5d8911b93198bbda96dbe4746b29d1b96e995f26||a8855a818ef8c8cbf3735103b2856030431a4e5486d59d91d1a08080720f74bf exec=a8855a81 tx_merkle= votes=1 required=2
[EXEC-POOL] epoch=2517 hash=a8855a81 voters=1/4
[EXEC-QUORUM] epoch=2517 required=2 total=4 votes=1
[REGISTRY-COMMITMENT-CHECK] height=2517 required=true parent_unanchored=false source=chain_parent_commitment expected=9cd32df6 got=9cd32df6
[EXEC-HASH] hint=2517 from=A exec=a8855a81
Execution hash received: A @ epoch 2517
Ã°Å¸â€œÂ¨ Consensus message from 12D3KooWHdmUKc1bYKY3scg6TqGhK3SutwH9hu1aAez4VmvwkEyk: leader_block (size: 1315 bytes)
Ã°Å¸â€œÂ¦ Leader block received from 12D3KooWHdmUKc1bYKY3scg6TqGhK3SutwH9hu1aAez4VmvwkEyk | height=2517 proposer=B
[EXEC-QUORUM] height=2517 strict=3 relaxed=2 total=4 live=2 stall=26s
2026/05/18 14:43:03 [VOTE-ACCEPT] reason=recorded signer=A height=2517 round=5 vote_block=0adffd79 current_block=0adffd79 proposal=2517|5|0adffd790c3e30ffef717abe5d8911b93198bbda96dbe4746b29d1b96e995f26||a8855a818ef8c8cbf3735103b2856030431a4e5486d59d91d1a08080720f74bf exec=a8855a81 tx_merkle= votes=2 required=2
[EXEC-POOL] epoch=2517 hash=a8855a81 voters=2/4
[EXEC-QUORUM] epoch=2517 required=2 total=4 votes=2
Execution quorum reached (hash=a8855a81 votes=2/4)
2026/05/18 14:43:03 [EXEC-PRECOMMIT] height=2517 reason=quorum_precommit prev_round=0 prev_block= round=5 block=0adffd79 votes=2 required=2
Ã°Å¸â€Å’ Consensus stream EOF from 12D3KooWHdmUKc1bYKY3scg6TqGhK3SutwH9hu1aAez4VmvwkEyk
Ã°Å¸â€Å’ Consensus stream closed with 12D3KooWHdmUKc1bYKY3scg6TqGhK3SutwH9hu1aAez4VmvwkEyk
[EXEC-QUORUM] height=2517 strict=3 relaxed=2 total=4 live=2 stall=26s
[REGISTRY-COMMITMENT-CHECK] height=2517 required=true parent_unanchored=false source=chain_parent_commitment expected=9cd32df6 got=9cd32df6
[EXEC-QUORUM] height=2517 strict=3 relaxed=2 total=4 live=2 stall=26s
[EXEC-QUORUM] height=2517 strict=3 relaxed=2 total=4 live=2 stall=26s
[EXEC-QUORUM] height=2517 strict=3 relaxed=2 total=4 live=2 stall=26s
[EXEC-QUORUM] height=2517 strict=3 relaxed=2 total=4 live=2 stall=26s
[EXEC-QUORUM] height=2517 strict=3 relaxed=2 total=4 live=2 stall=26s
2026/05/18 14:43:03 [EXEC-COMMIT] height=2517 reason=precommit_quorum round=5 block=90490fb9 votes=2 required=2 precommits=2
[REGISTRY-COMMITMENT-CHECK] height=2517 required=true parent_unanchored=false source=chain_parent_commitment expected=9cd32df6 got=9cd32df6
[REGISTRY-PRECOMMIT] height=2517 source=committed_carry_forward header=9cd32df6 resolved=9cd32df6 validators=4
[SYNC-COMMIT-PHASE] node=F stage=idle provider= height=2517 local=2516 phase=process_block_begin
[EMISSION] h=2516 reward=4 treasury=1 validators=2 burn=1 applied_burn=0 chance_bps=10000
[SYNC-COMMIT-PHASE] node=F stage=idle provider= height=2517 local=2517 phase=process_block_committed
[SYNC-COMMIT-PHASE] node=F stage=idle provider= height=2517 local=2517 phase=post_block_effects_begin
âœ… Height finalized â†’ 2518
[EMISSION] h=2517 reward=4 treasury=1 validators=2 burn=1 applied_burn=0 chance_bps=10000
[EMISSION] h=2517 reward=4 treasury=1 validators=2 burn=1 applied_burn=0 chance_bps=10000
[SYNC-COMMIT-PHASE] node=F stage=idle provider= height=2517 local=2517 phase=post_block_effects_done
[SYNC-COMMIT-PHASE] node=F stage=idle provider= height=2517 local=2517 phase=persist_registry_begin
[SYNC-COMMIT-PHASE] node=F stage=idle provider= height=2517 local=2517 phase=persist_registry_done
[SYNC-COMMIT-PHASE] node=F stage=idle provider= height=2517 local=2517 phase=apply_validator_updates_begin
[SYNC-COMMIT-PHASE] node=F stage=idle provider= height=2517 local=2517 phase=apply_validator_updates_done
[SYNC-COMMIT-PHASE] node=F stage=idle provider= height=2517 local=2517 phase=observe_candidates_begin
[SYNC-COMMIT-PHASE] node=F stage=idle provider= height=2517 local=2517 phase=observe_candidates_done
[SYNC-COMMIT-PHASE] node=F stage=idle provider= height=2517 local=2517 phase=apply_validator_update_txs_begin
[SYNC-COMMIT-PHASE] node=F stage=idle provider= height=2517 local=2517 phase=apply_validator_update_txs_done
[SYNC-COMMIT-PHASE] node=F stage=idle provider= height=2517 local=2517 phase=apply_scheduled_updates_begin
[SYNC-SCHEDULED-UPDATES] stage=idle provider= current_height=2517 step=queue_inactive_removals_begin update_height=2517 due_transition=false defer_for_sync=false update_blocked=false planned_only=false updated=false processed_adds=0 processed_removes=0 next_transition_height=0 transition_validators=0 next_validators=0
[SYNC-SCHEDULED-UPDATES] stage=idle provider= current_height=2517 step=queue_inactive_removals_done update_height=2517 due_transition=false defer_for_sync=false update_blocked=false planned_only=false updated=false processed_adds=0 processed_removes=0 next_transition_height=0 transition_validators=0 next_validators=0
[SYNC-SCHEDULED-UPDATES] stage=idle provider= current_height=2517 step=sync_gate_snapshot_state_begin update_height=2517 due_transition=false defer_for_sync=false update_blocked=false planned_only=false updated=false processed_adds=0 processed_removes=0 next_transition_height=0 transition_validators=0 next_validators=0
[SYNC-SCHEDULED-UPDATES] stage=idle provider= current_height=2517 step=sync_gate_snapshot_state_done update_height=2517 due_transition=false defer_for_sync=false update_blocked=false planned_only=false updated=false processed_adds=0 processed_removes=0 next_transition_height=0 transition_validators=0 next_validators=0
[SYNC-SCHEDULED-UPDATES] stage=idle provider= current_height=2517 step=apply_queued_set_update_begin update_height=2517 due_transition=false defer_for_sync=false update_blocked=false planned_only=false updated=false processed_adds=0 processed_removes=0 next_transition_height=0 transition_validators=0 next_validators=0
[SYNC-SCHEDULED-UPDATES] stage=idle provider= current_height=2517 step=apply_queued_set_update_done update_height=2517 due_transition=false defer_for_sync=false update_blocked=false planned_only=false updated=false processed_adds=0 processed_removes=0 next_transition_height=0 transition_validators=0 next_validators=0
[SYNC-SCHEDULED-UPDATES] stage=idle provider= current_height=2517 step=validator_set_lock_begin update_height=2517 due_transition=false defer_for_sync=false update_blocked=false planned_only=false updated=false processed_adds=0 processed_removes=0 next_transition_height=0 transition_validators=0 next_validators=0
[SYNC-SCHEDULED-UPDATES] stage=idle provider= current_height=2517 step=validator_set_lock_acquired update_height=2517 due_transition=false defer_for_sync=false update_blocked=false planned_only=false updated=false processed_adds=0 processed_removes=0 next_transition_height=0 transition_validators=0 next_validators=0
[SYNC-SCHEDULED-UPDATES] stage=idle provider= current_height=2517 step=compute_next_transition_height_begin update_height=2517 due_transition=false defer_for_sync=false update_blocked=false planned_only=false updated=false processed_adds=0 processed_removes=0 next_transition_height=0 transition_validators=0 next_validators=0
[SYNC-SCHEDULED-UPDATES] stage=idle provider= current_height=2517 step=compute_next_transition_height_done update_height=2517 due_transition=false defer_for_sync=false update_blocked=false planned_only=false updated=false processed_adds=0 processed_removes=0 next_transition_height=0 transition_validators=0 next_validators=0
[SYNC-SCHEDULED-UPDATES] stage=idle provider= current_height=2517 step=due_transition_eval_begin update_height=2517 due_transition=false defer_for_sync=false update_blocked=false planned_only=false updated=false processed_adds=0 processed_removes=0 next_transition_height=0 transition_validators=0 next_validators=0
[SYNC-SCHEDULED-UPDATES] stage=idle provider= current_height=2517 step=due_transition_eval_done update_height=2517 due_transition=false defer_for_sync=false update_blocked=false planned_only=false updated=false processed_adds=0 processed_removes=0 next_transition_height=0 transition_validators=0 next_validators=0
[SYNC-SCHEDULED-UPDATES] stage=idle provider= current_height=2517 step=defer_for_sync_eval_begin update_height=2517 due_transition=false defer_for_sync=false update_blocked=false planned_only=false updated=false processed_adds=0 processed_removes=0 next_transition_height=0 transition_validators=0 next_validators=0
[SYNC-SCHEDULED-UPDATES] stage=idle provider= current_height=2517 step=defer_for_sync_eval_done update_height=2517 due_transition=false defer_for_sync=false update_blocked=false planned_only=false updated=false processed_adds=0 processed_removes=0 next_transition_height=0 transition_validators=0 next_validators=0
[SYNC-SCHEDULED-UPDATES] stage=idle provider= current_height=2517 step=scheduled_transition_validators_begin update_height=2517 due_transition=false defer_for_sync=false update_blocked=false planned_only=false updated=false processed_adds=0 processed_removes=0 next_transition_height=0 transition_validators=0 next_validators=0
[SYNC-SCHEDULED-UPDATES] stage=idle provider= current_height=2517 step=scheduled_transition_validators_done update_height=2517 due_transition=false defer_for_sync=false update_blocked=false planned_only=false updated=false processed_adds=0 processed_removes=0 next_transition_height=0 transition_validators=4 next_validators=0
[SYNC-SCHEDULED-UPDATES] stage=idle provider= current_height=2517 step=build_next_validators_begin update_height=2517 due_transition=false defer_for_sync=false update_blocked=false planned_only=false updated=false processed_adds=0 processed_removes=0 next_transition_height=0 transition_validators=4 next_validators=0
[SYNC-SCHEDULED-UPDATES] stage=idle provider= current_height=2517 step=build_next_validators_done update_height=2517 due_transition=false defer_for_sync=false update_blocked=false planned_only=false updated=false processed_adds=0 processed_removes=0 next_transition_height=0 transition_validators=4 next_validators=4
[SYNC-SCHEDULED-UPDATES] stage=idle provider= current_height=2517 step=transition_quorum_begin update_height=2517 due_transition=false defer_for_sync=false update_blocked=false planned_only=false updated=false processed_adds=0 processed_removes=0 next_transition_height=0 transition_validators=4 next_validators=4
[SYNC-SCHEDULED-UPDATES] stage=idle provider= current_height=2517 step=transition_quorum_done update_height=2517 due_transition=false defer_for_sync=false update_blocked=false planned_only=false updated=false processed_adds=0 processed_removes=0 next_transition_height=0 transition_validators=4 next_validators=4
[SYNC-SCHEDULED-UPDATES] stage=idle provider= current_height=2517 step=transition_plan_write_begin update_height=2517 due_transition=false defer_for_sync=false update_blocked=false planned_only=false updated=false processed_adds=0 processed_removes=0 next_transition_height=0 transition_validators=4 next_validators=4
[SYNC-SCHEDULED-UPDATES] stage=idle provider= current_height=2517 step=transition_plan_write_done update_height=2517 due_transition=false defer_for_sync=false update_blocked=false planned_only=false updated=false processed_adds=0 processed_removes=0 next_transition_height=0 transition_validators=4 next_validators=4
[SYNC-SCHEDULED-UPDATES] stage=idle provider= current_height=2517 step=finalize_pending_maps_begin update_height=2517 due_transition=false defer_for_sync=false update_blocked=false planned_only=false updated=false processed_adds=0 processed_removes=0 next_transition_height=0 transition_validators=4 next_validators=4
[SYNC-SCHEDULED-UPDATES] stage=idle provider= current_height=2517 step=finalize_pending_maps_done update_height=2517 due_transition=false defer_for_sync=false update_blocked=false planned_only=false updated=false processed_adds=0 processed_removes=0 next_transition_height=0 transition_validators=4 next_validators=4
[SYNC-SCHEDULED-UPDATES] stage=idle provider= current_height=2517 step=active_transition_heights_begin update_height=2517 due_transition=false defer_for_sync=false update_blocked=false planned_only=false updated=false processed_adds=0 processed_removes=0 next_transition_height=0 transition_validators=4 next_validators=4
[SYNC-SCHEDULED-UPDATES] stage=idle provider= current_height=2517 step=active_transition_heights_done update_height=2517 due_transition=false defer_for_sync=false update_blocked=false planned_only=false updated=false processed_adds=0 processed_removes=0 next_transition_height=0 transition_validators=4 next_validators=4
[SYNC-SCHEDULED-UPDATES] stage=idle provider= current_height=2517 step=validator_set_unlock update_height=2517 due_transition=false defer_for_sync=false update_blocked=false planned_only=false updated=false processed_adds=0 processed_removes=0 next_transition_height=0 transition_validators=4 next_validators=4
[SYNC-SCHEDULED-UPDATES] stage=idle provider= current_height=2517 step=retry_clear_begin update_height=2517 due_transition=false defer_for_sync=false update_blocked=false planned_only=false updated=false processed_adds=0 processed_removes=0 next_transition_height=0 transition_validators=4 next_validators=4
[SYNC-SCHEDULED-UPDATES] stage=idle provider= current_height=2517 step=retry_clear_done update_height=2517 due_transition=false defer_for_sync=false update_blocked=false planned_only=false updated=false processed_adds=0 processed_removes=0 next_transition_height=0 transition_validators=4 next_validators=4
[SYNC-SCHEDULED-UPDATES] stage=idle provider= current_height=2517 step=prune_retry_begin update_height=2517 due_transition=false defer_for_sync=false update_blocked=false planned_only=false updated=false processed_adds=0 processed_removes=0 next_transition_height=0 transition_validators=4 next_validators=4
[SYNC-SCHEDULED-UPDATES] stage=idle provider= current_height=2517 step=prune_retry_done update_height=2517 due_transition=false defer_for_sync=false update_blocked=false planned_only=false updated=false processed_adds=0 processed_removes=0 next_transition_height=0 transition_validators=4 next_validators=4
[SYNC-SCHEDULED-UPDATES] stage=idle provider= current_height=2517 step=onboarding_tracker_begin update_height=2517 due_transition=false defer_for_sync=false update_blocked=false planned_only=false updated=false processed_adds=0 processed_removes=0 next_transition_height=0 transition_validators=4 next_validators=4
[SYNC-SCHEDULED-UPDATES] stage=idle provider= current_height=2517 step=onboarding_tracker_done update_height=2517 due_transition=false defer_for_sync=false update_blocked=false planned_only=false updated=false processed_adds=0 processed_removes=0 next_transition_height=0 transition_validators=4 next_validators=4
[SYNC-SCHEDULED-UPDATES] stage=idle provider= current_height=2517 step=broadcast_validator_info_begin update_height=2517 due_transition=false defer_for_sync=false update_blocked=false planned_only=false updated=false processed_adds=0 processed_removes=0 next_transition_height=0 transition_validators=4 next_validators=4
[SYNC-SCHEDULED-UPDATES] stage=idle provider= current_height=2517 step=broadcast_validator_info_done update_height=2517 due_transition=false defer_for_sync=false update_blocked=false planned_only=false updated=false processed_adds=0 processed_removes=0 next_transition_height=0 transition_validators=4 next_validators=4
[SYNC-SCHEDULED-UPDATES] stage=idle provider= current_height=2517 step=final_update_log_begin update_height=2517 due_transition=false defer_for_sync=false update_blocked=false planned_only=false updated=false processed_adds=0 processed_removes=0 next_transition_height=0 transition_validators=4 next_validators=4
[SYNC-SCHEDULED-UPDATES] stage=idle provider= current_height=2517 step=final_update_log_done update_height=2517 due_transition=false defer_for_sync=false update_blocked=false planned_only=false updated=false processed_adds=0 processed_removes=0 next_transition_height=0 transition_validators=4 next_validators=4
[SYNC-SCHEDULED-UPDATES] stage=idle provider= current_height=2517 step=snapshot_epoch_validators_begin update_height=2517 due_transition=false defer_for_sync=false update_blocked=false planned_only=false updated=false processed_adds=0 processed_removes=0 next_transition_height=0 transition_validators=4 next_validators=4
[STARTUP-COMMITMENT] mode=v2 commitment_height=1 check_h=2518 expected=d75b74ab source=snapshot_parent
[SYNC-SCHEDULED-UPDATES] stage=idle provider= current_height=2517 step=snapshot_epoch_validators_done update_height=2517 due_transition=false defer_for_sync=false update_blocked=false planned_only=false updated=false processed_adds=0 processed_removes=0 next_transition_height=0 transition_validators=4 next_validators=4
[SYNC-COMMIT-PHASE] node=F stage=idle provider= height=2517 local=2517 phase=apply_scheduled_updates_done
[SYNC-COMMIT-PHASE] node=F stage=idle provider= height=2517 local=2517 phase=snapshot_epoch_validators_begin
[SYNC-COMMIT-PHASE] node=F stage=idle provider= height=2517 local=2517 phase=snapshot_epoch_validators_done
[SYNC-COMMIT-PHASE] node=F stage=idle provider= height=2517 local=2517 phase=start_next_round_begin
[SYNC-COMMIT-PHASE] node=F stage=idle provider= height=2517 local=2517 phase=start_next_round_done
[SYNC-COMMIT-PHASE] node=F stage=idle provider= height=2517 local=2517 phase=clear_exec_results_begin
[SYNC-COMMIT-PHASE] node=F stage=idle provider= height=2517 local=2517 phase=clear_exec_results_done
[SYNC-COMMIT-PHASE] node=F stage=idle provider= height=2517 local=2517 phase=update_validator_metrics_begin
[SYNC-COMMIT-PHASE] node=F stage=idle provider= height=2517 local=2517 phase=update_validator_metrics_done
[SYNC-COMMIT-PHASE] node=F stage=idle provider= height=2517 local=2517 phase=enter_safe_mode_begin
Validator heartbeat: B | reported_height=2517 | finalized_height=2517 | local_exec_epoch=2518
Validator heartbeat: B | reported_height=2517 | finalized_height=2517 | local_exec_epoch=2518
[SYNC-COMMIT-PHASE] node=F stage=idle provider= height=2517 local=2517 phase=enter_safe_mode_done
[SYNC-COMMIT-PHASE] node=F stage=idle provider= height=2517 local=2517 phase=ensure_tip_snapshot_begin
[SYNC-COMMIT-PHASE] node=F stage=idle provider= height=2517 local=2517 phase=ensure_tip_snapshot_done
ðŸ§¹ Pruning snapshot @ height 1516
[SAFE-MODE] height=2518 window=3.5064147s live=2 required=3 heartbeat_live=2 out_of_drift=0 committee=4 ended=started
[LIVENESS] scope=safe_mode height=2518 live=2 required=3 heartbeat_live=2 out_of_drift=0 committee=4 reasons={consensus_not_ready=1,inactive=1} sample=[C:consensus_not_ready,G:inactive]
[SYNC-CLEAR] reason=up_to_date local=2517 target=0
Validator heartbeat received: B | reported_height=2517 | finalized_height=2517 | local_exec_epoch=2518
[SNAPSHOT-PUBLISH] deferred height=2517 reason=auto_publish_interval_10
Pruning validator registry snapshot @ height 1516
Validator heartbeat received: B | reported_height=2517 | finalized_height=2517 | local_exec_epoch=2518
Pruning validator registry snapshot @ height 1516
Validator heartbeat: A | reported_height=2517 | finalized_height=2517 | local_exec_epoch=2518
Validator heartbeat: A | reported_height=2517 | finalized_height=2517 | local_exec_epoch=2518
[SYNC-COMMIT-PHASE] node=F stage=idle provider= height=2517 local=2517 phase=prune_snapshots_done
[SYNC-COMMIT-PHASE] node=F stage=idle provider= height=2517 local=2517 phase=publish_required_snapshot_begin
[SYNC-COMMIT-PHASE] node=F stage=idle provider= height=2517 local=2517 phase=publish_required_snapshot_done
[COMMIT] node=F h=2517 hash=90490fb9 by=B type=TIME txs=0
[SYNC-COMMIT-PHASE] node=F stage=idle provider= height=2517 local=2517 phase=commit_log_done
[SYNC-COMMIT-PHASE] node=F stage=idle provider= height=2517 local=2517 phase=touch_signers_begin
[SYNC-COMMIT-PHASE] node=F stage=idle provider= height=2517 local=2517 phase=touch_signers_done
[SYNC-COMMIT-PHASE] node=F stage=idle provider= height=2517 local=2517 phase=maybe_exit_sync_begin
[SYNC-COMMIT-PHASE] node=F stage=idle provider= height=2517 local=2517 phase=done
2026/05/18 14:43:03 [VOTE-STALE-ACCEPT] reason=committed_proposal_unresolved signer=B height=2517 round=5 vote_block=0adffd79 exec=a8855a81 tx_merkle=
Validator heartbeat received: A | reported_height=2517 | finalized_height=2517 | local_exec_epoch=2518
2026/05/18 14:43:03 [VOTE-STALE-ACCEPT] reason=committed_proposal_unresolved signer=A height=2517 round=5 vote_block=0adffd79 exec=a8855a81 tx_merkle=
[LEADER-BLOCK-REJECT] height=2517 reason=wrong_epoch local_epoch=2518 peer=12D3KooWHdmUKc1bYKY3scg6TqGhK3SutwH9hu1aAez4VmvwkEyk proposer=B block=0adffd79
[LEADER-BLOCK-REJECT] height=2517 reason=wrong_epoch local_epoch=2518 peer= proposer=B block=0adffd79
[LEADER-BLOCK-REJECT] height=2517 reason=wrong_epoch local_epoch=2518 peer=12D3KooWHdmUKc1bYKY3scg6TqGhK3SutwH9hu1aAez4VmvwkEyk proposer=B block=0adffd79
Validator heartbeat received: A | reported_height=2517 | finalized_height=2517 | local_exec_epoch=2518
[PARTICIPATION-GATE] validator=F height=2518 reason=validator_stake_required
Candidate heartbeat received: D | reported_height=2184 | finalized_height=2184 | local_exec_epoch=2185
Candidate heartbeat received: D | reported_height=2184 | finalized_height=2184 | local_exec_epoch=2185
Validator heartbeat: C | reported_height=2517 | finalized_height=2517 | local_exec_epoch=2518
Validator heartbeat: C | reported_height=2517 | finalized_height=2517 | local_exec_epoch=2518
Validator heartbeat received: C | reported_height=2517 | finalized_height=2517 | local_exec_epoch=2518
Validator heartbeat received: C | reported_height=2517 | finalized_height=2517 | local_exec_epoch=2518
2026/05/18 14:43:05 [OK] goroutine pressure normalized: 180 (degrade mode off)
Candidate heartbeat received: D | reported_height=2184 | finalized_height=2184 | local_exec_epoch=2185
Candidate heartbeat received: D | reported_height=2184 | finalized_height=2184 | local_exec_epoch=2185
[SYNC-SERVE-REQUEST] peer=12D3KooW requested=2485-2516 snapshot=false snapshot_height=0
[SYNC-SERVE-RESPONSE] peer=12D3KooW requested=2485-2516 served=2485-2516 count=32 snapshot=false tip_gap=false historical_gap=false duration_ms=1
Ã°Å¸â€œÂ¦ Sent blocks 2485-2516 (32 blocks) to 12D3KooWE7bMkbbpLoSHKB43JdTZm9zkgqvf1iCQdGAqFFBDa42W
[SYNC-SERVE-REQUEST] peer=12D3KooW requested=2385-2484 snapshot=false snapshot_height=0
[SYNC-SERVE-RESPONSE] peer=12D3KooW requested=2385-2484 served=2385-2484 count=100 snapshot=false tip_gap=false historical_gap=false duration_ms=6
Ã°Å¸â€œÂ¦ Sent blocks 2385-2484 (100 blocks) to 12D3KooWE7bMkbbpLoSHKB43JdTZm9zkgqvf1iCQdGAqFFBDa42W
Candidate heartbeat received: D | reported_height=2184 | finalized_height=2184 | local_exec_epoch=2185
Candidate heartbeat received: D | reported_height=2184 | finalized_height=2184 | local_exec_epoch=2185
[SYNC-SERVE-REQUEST] peer=12D3KooW requested=2485-2516 snapshot=false snapshot_height=0
[SYNC-SERVE-RESPONSE] peer=12D3KooW requested=2485-2516 served=2485-2516 count=32 snapshot=false tip_gap=false historical_gap=false duration_ms=1
[SYNC-SERVE-REQUEST] peer=12D3KooW requested=2385-2484 snapshot=false snapshot_height=0
[SYNC-SERVE-RESPONSE] peer=12D3KooW requested=2385-2484 served=2385-2484 count=100 snapshot=false tip_gap=false historical_gap=false duration_ms=6
Candidate heartbeat received: D | reported_height=2184 | finalized_height=2184 | local_exec_epoch=2185
Candidate heartbeat received: D | reported_height=2184 | finalized_height=2184 | local_exec_epoch=2185
Candidate heartbeat received: D | reported_height=2184 | finalized_height=2184 | local_exec_epoch=2185
Candidate heartbeat received: D | reported_height=2184 | finalized_height=2184 | local_exec_epoch=2185
Candidate heartbeat received: D | reported_height=2184 | finalized_height=2184 | local_exec_epoch=2185
Candidate heartbeat received: D | reported_height=2184 | finalized_height=2184 | local_exec_epoch=2185
[CONSENSUS] height=2517 vhash=d75b74ab validators=4
[STATUS] height=2517 finalized=2517 peers=4 validators=2 strict_live=2 heartbeat_live=2 out_of_drift=0 drift_limit=8 syncing=false sync_complete=true execution_ready=true execution_reason=ready gossip=true gossip_pipeline=new_block_gossip_validate_apply consensus_running=true mode=observer vote=false propose=false role=full validator_state=observer warmup_seconds=0 ready=false reason=validator_stake_required snapshot_source=snapshot_committed expected_source=snapshot_parent expected_hash=d75b74ab resolved_source=snapshot_committed resolved_hash=d75b74ab next_source=carry_forward next_hash=d75b74ab got_hash= authority=snapshot_parent hash_mode=legacy
2026/05/18 14:43:15 map stats: seen_blocks=2 seen_txs=0 fork_heights=0 fork_blocks=0 exec_results_keys=0 exec_results_total=0 pending_blocks=0 queued_exec_votes_keys=0 queued_exec_votes_total=0 accepted_proposal=0 exec_broadcasted_epochs=0 exec_broadcasted_keys=0 exec_signer_seen_epochs=0 exec_signer_seen_total=0 exec_broadcasted_by_val_epochs=0 exec_broadcasted_by_val_total=0 exec_rebroadcast_epochs=0 validator_status=6 candidates=1 peer_state=20 peers_connected=4 peers_connecting=0 peer_suspect=0 allowed_peers=4 pending_validators=0 pending_removals=0 queued_validator_updates=0 height_report_epochs=1 height_report_total=3 misbehavior_validators=0 misbehavior_total=0 exec_mismatch_tracked=0 exec_vote_replay_cache=2
[SNAPSHOT-PUBLISH] deferred height=2517 reason=auto_publish_interval_10
[SYNC-SERVE-REQUEST] peer=12D3KooW requested=2485-2517 snapshot=false snapshot_height=0
[SYNC-SERVE-RESPONSE] peer=12D3KooW requested=2485-2517 served=2485-2517 count=33 snapshot=false tip_gap=false historical_gap=false duration_ms=1
Ã°Å¸â€œÂ¦ Sent blocks 2485-2517 (33 blocks) to 12D3KooWE7bMkbbpLoSHKB43JdTZm9zkgqvf1iCQdGAqFFBDa42W
[SYNC-SERVE-REQUEST] peer=12D3KooW requested=2385-2484 snapshot=false snapshot_height=0
[SYNC-SERVE-RESPONSE] peer=12D3KooW requested=2385-2484 served=2385-2484 count=100 snapshot=false tip_gap=false historical_gap=false duration_ms=6
Validator heartbeat: B | reported_height=2517 | finalized_height=2517 | local_exec_epoch=2518
Validator heartbeat: B | reported_height=2517 | finalized_height=2517 | local_exec_epoch=2518
[SAFE-MODE] height=2518 window=3.5064147s live=2 required=3 ended=timeout
Validator heartbeat received: B | reported_height=2517 | finalized_height=2517 | local_exec_epoch=2518
Validator heartbeat received: B | reported_height=2517 | finalized_height=2517 | local_exec_epoch=2518
Validator heartbeat: A | reported_height=2517 | finalized_height=2517 | local_exec_epoch=2518
Validator heartbeat: A | reported_height=2517 | finalized_height=2517 | local_exec_epoch=2518
Validator heartbeat received: A | reported_height=2517 | finalized_height=2517 | local_exec_epoch=2518
Validator heartbeat received: A | reported_height=2517 | finalized_height=2517 | local_exec_epoch=2518
Candidate heartbeat received: D | reported_height=2184 | finalized_height=2184 | local_exec_epoch=2185
Candidate heartbeat received: D | reported_height=2184 | finalized_height=2184 | local_exec_epoch=2185
Validator heartbeat: C | reported_height=2517 | finalized_height=2517 | local_exec_epoch=2518
Validator heartbeat: C | reported_height=2517 | finalized_height=2517 | local_exec_epoch=2518
Validator heartbeat received: C | reported_height=2517 | finalized_height=2517 | local_exec_epoch=2518
Validator heartbeat received: C | reported_height=2517 | finalized_height=2517 | local_exec_epoch=2518
Candidate heartbeat received: D | reported_height=2184 | finalized_height=2184 | local_exec_epoch=2185
Candidate heartbeat received: D | reported_height=2184 | finalized_height=2184 | local_exec_epoch=2185
Candidate heartbeat received: D | reported_height=2184 | finalized_height=2184 | local_exec_epoch=2185
Candidate heartbeat received: D | reported_height=2184 | finalized_height=2184 | local_exec_epoch=2185
[EXEC-QUORUM] height=2518 strict=3 relaxed=2 total=4 live=2 stall=20s
[EXEC-QUORUM] height=2518 strict=3 relaxed=2 total=4 live=2 stall=21s
[EXEC-QUORUM] height=2518 strict=3 relaxed=2 total=4 live=2 stall=21s
[EXEC-QUORUM] height=2518 strict=3 relaxed=2 total=4 live=2 stall=21s
Candidate heartbeat received: D | reported_height=2184 | finalized_height=2184 | local_exec_epoch=2185
Candidate heartbeat received: D | reported_height=2184 | finalized_height=2184 | local_exec_epoch=2185
[EXEC-QUORUM] height=2518 strict=3 relaxed=2 total=4 live=2 stall=21s
[EXEC-QUORUM] height=2518 strict=3 relaxed=2 total=4 live=2 stall=22s
[EXEC-QUORUM] height=2518 strict=3 relaxed=2 total=4 live=2 stall=22s
[EXEC-QUORUM] height=2518 strict=3 relaxed=2 total=4 live=2 stall=22s
2026/05/18 14:43:25 [OK] goroutine pressure normalized: 180 (degrade mode off)
Attempting to connect to 4 peers
[EXEC-QUORUM] height=2518 strict=3 relaxed=2 total=4 live=2 stall=23s
[SYNC-SERVE-REQUEST] peer=12D3KooW requested=2485-2517 snapshot=false snapshot_height=0
[SYNC-SERVE-RESPONSE] peer=12D3KooW requested=2485-2517 served=2485-2517 count=33 snapshot=false tip_gap=false historical_gap=false duration_ms=3
[SYNC-SERVE-REQUEST] peer=12D3KooW requested=2385-2484 snapshot=false snapshot_height=0
[SYNC-SERVE-RESPONSE] peer=12D3KooW requested=2385-2484 served=2385-2484 count=100 snapshot=false tip_gap=false historical_gap=false duration_ms=6
Ã°Å¸â€œÂ¦ Sent blocks 2385-2484 (100 blocks) to 12D3KooWE7bMkbbpLoSHKB43JdTZm9zkgqvf1iCQdGAqFFBDa42W
[EXEC-QUORUM] height=2518 strict=3 relaxed=2 total=4 live=2 stall=23s
[EXEC-QUORUM] height=2518 strict=3 relaxed=2 total=4 live=2 stall=23s
[EXEC-QUORUM] height=2518 strict=3 relaxed=2 total=4 live=2 stall=23s
Candidate heartbeat received: D | reported_height=2184 | finalized_height=2184 | local_exec_epoch=2185
Candidate heartbeat received: D | reported_height=2184 | finalized_height=2184 | local_exec_epoch=2185
[EXEC-QUORUM] height=2518 strict=3 relaxed=2 total=4 live=2 stall=24s
[EXEC-QUORUM] height=2518 strict=3 relaxed=2 total=4 live=2 stall=24s
[EXEC-QUORUM] height=2518 strict=3 relaxed=2 total=4 live=2 stall=24s
[SNAPSHOT-PUBLISH] deferred height=2517 reason=auto_publish_interval_10
[EXEC-QUORUM] height=2518 strict=3 relaxed=2 total=4 live=2 stall=25s
[EXEC-QUORUM] height=2518 strict=3 relaxed=2 total=4 live=2 stall=25s
[EXEC-QUORUM] height=2518 strict=3 relaxed=2 total=4 live=2 stall=25s
[EXEC-QUORUM] height=2518 strict=3 relaxed=2 total=4 live=2 stall=25s
[EXEC-QUORUM] height=2518 strict=3 relaxed=2 total=4 live=2 stall=25s
[EXEC-QUORUM] height=2518 strict=3 relaxed=2 total=4 live=2 stall=26s
Validator heartbeat: B | reported_height=2517 | finalized_height=2517 | local_exec_epoch=2518
Validator heartbeat: B | reported_height=2517 | finalized_height=2517 | local_exec_epoch=2518
Ã°Å¸â€œÂ¨ Consensus message from 12D3KooWHdmUKc1bYKY3scg6TqGhK3SutwH9hu1aAez4VmvwkEyk: leader_block (size: 1315 bytes)
Ã°Å¸â€œÂ¦ Leader block received from 12D3KooWHdmUKc1bYKY3scg6TqGhK3SutwH9hu1aAez4VmvwkEyk | height=2518 proposer=B
[SET-COMMITMENT-APPLY] height=2518 source=snapshot_parent mode=legacy hash=d75b74ab
Ã°Å¸â€Å’ Consensus stream EOF from 12D3KooWHdmUKc1bYKY3scg6TqGhK3SutwH9hu1aAez4VmvwkEyk
Ã°Å¸â€Å’ Consensus stream closed with 12D3KooWHdmUKc1bYKY3scg6TqGhK3SutwH9hu1aAez4VmvwkEyk
[EXEC-QUORUM] height=2518 strict=3 relaxed=2 total=4 live=2 stall=26s
2026/05/18 14:43:29 [EXEC-PROPOSAL-SELECT] height=2518 reason=observed prev_round=0 prev_block= round=4 block=73b7b1d4 voters=0 force=false
[EXEC-QUORUM] height=2518 strict=3 relaxed=2 total=4 live=2 stall=26s
[EXEC-QUORUM] height=2518 strict=3 relaxed=2 total=4 live=2 stall=26s
[EXEC-QUORUM] height=2518 strict=3 relaxed=2 total=4 live=2 stall=26s
[EXEC-QUORUM] height=2518 strict=3 relaxed=2 total=4 live=2 stall=26s
Ã°Å¸â€œÂ¨ Consensus message from 12D3KooWHdmUKc1bYKY3scg6TqGhK3SutwH9hu1aAez4VmvwkEyk: leader_block (size: 1315 bytes)
Ã°Å¸â€œÂ¦ Leader block received from 12D3KooWHdmUKc1bYKY3scg6TqGhK3SutwH9hu1aAez4VmvwkEyk | height=2518 proposer=B
Ã°Å¸â€œÂ¨ Consensus message from 12D3KooWHdmUKc1bYKY3scg6TqGhK3SutwH9hu1aAez4VmvwkEyk: execution_result (size: 374 bytes)
Ã°Å¸â€Å’ Consensus stream EOF from 12D3KooWHdmUKc1bYKY3scg6TqGhK3SutwH9hu1aAez4VmvwkEyk
Ã°Å¸â€Å’ Consensus stream closed with 12D3KooWHdmUKc1bYKY3scg6TqGhK3SutwH9hu1aAez4VmvwkEyk
[EXEC-QUORUM] height=2518 strict=3 relaxed=2 total=4 live=2 stall=26s
Ã°Å¸â€Å’ Consensus stream EOF from 12D3KooWHdmUKc1bYKY3scg6TqGhK3SutwH9hu1aAez4VmvwkEyk
Ã°Å¸â€Å’ Consensus stream closed with 12D3KooWHdmUKc1bYKY3scg6TqGhK3SutwH9hu1aAez4VmvwkEyk
Ã°Å¸â€œÂ¨ Consensus message from 12D3KooWHdmUKc1bYKY3scg6TqGhK3SutwH9hu1aAez4VmvwkEyk: execution_result (size: 374 bytes)
Ã°Å¸â€Å’ Consensus stream EOF from 12D3KooWHdmUKc1bYKY3scg6TqGhK3SutwH9hu1aAez4VmvwkEyk
Ã°Å¸â€Å’ Consensus stream closed with 12D3KooWHdmUKc1bYKY3scg6TqGhK3SutwH9hu1aAez4VmvwkEyk
[EXEC-QUORUM] height=2518 strict=3 relaxed=2 total=4 live=2 stall=26s
Validator heartbeat received: B | reported_height=2517 | finalized_height=2517 | local_exec_epoch=2518
Validator heartbeat received: B | reported_height=2517 | finalized_height=2517 | local_exec_epoch=2518
2026/05/18 14:43:29 [EXEC-BROADCAST-DEFER] validator=F height=2518 reason=validator_stake_required trigger=leader_block block=73b7b1d4 prev=90490fb9
[LEADER-BLOCK-REJECT] height=2518 round=4 reason=duplicate_proposal peer=12D3KooWHdmUKc1bYKY3scg6TqGhK3SutwH9hu1aAez4VmvwkEyk proposer=B block=73b7b1d4
[LEADER-BLOCK-REJECT] height=2518 round=4 reason=duplicate_proposal peer=12D3KooWE7bMkbbpLoSHKB43JdTZm9zkgqvf1iCQdGAqFFBDa42W proposer=B block=73b7b1d4
[LEADER-BLOCK-REJECT] height=2518 round=4 reason=duplicate_proposal peer=12D3KooWHdmUKc1bYKY3scg6TqGhK3SutwH9hu1aAez4VmvwkEyk proposer=B block=73b7b1d4
[REGISTRY-COMMITMENT-CHECK] height=2518 required=true parent_unanchored=false source=chain_parent_commitment expected=9cd32df6 got=9cd32df6
[EXEC-HASH] hint=2518 from=B exec=a28b4aa7
Execution hash received: B @ epoch 2518
[EXEC-QUORUM] height=2518 strict=3 relaxed=2 total=4 live=2 stall=26s
2026/05/18 14:43:29 [VOTE-ACCEPT] reason=recorded signer=B height=2518 round=4 vote_block=73b7b1d4 current_block=73b7b1d4 proposal=2518|4|73b7b1d4911e73e7fbe07ae01d0f20f202392c386262a17f4e8631c4ecf6e285||a28b4aa7b53751c35a564b20195ba1a5ae08239e11daac16d3f3def4ea6443a8 exec=a28b4aa7 tx_merkle= votes=1 required=2
[EXEC-POOL] epoch=2518 hash=a28b4aa7 voters=1/4
[EXEC-QUORUM] epoch=2518 required=2 total=4 votes=1
Ã°Å¸â€œÂ¨ Consensus message from 12D3KooWHdmUKc1bYKY3scg6TqGhK3SutwH9hu1aAez4VmvwkEyk: leader_block (size: 1315 bytes)
Ã°Å¸â€œÂ¦ Leader block received from 12D3KooWHdmUKc1bYKY3scg6TqGhK3SutwH9hu1aAez4VmvwkEyk | height=2518 proposer=B
Ã°Å¸â€Å’ Consensus stream EOF from 12D3KooWHdmUKc1bYKY3scg6TqGhK3SutwH9hu1aAez4VmvwkEyk
Ã°Å¸â€Å’ Consensus stream closed with 12D3KooWHdmUKc1bYKY3scg6TqGhK3SutwH9hu1aAez4VmvwkEyk
[REGISTRY-COMMITMENT-CHECK] height=2518 required=true parent_unanchored=false source=chain_parent_commitment expected=9cd32df6 got=9cd32df6
Ã°Å¸â€œÂ¨ Consensus message from 12D3KooWPVKESWFG9sS8G6vjhfPn54kWuNFkkuHwG4yQXhYRcXjX: execution_result (size: 374 bytes)
Ã°Å¸â€Å’ Consensus stream EOF from 12D3KooWPVKESWFG9sS8G6vjhfPn54kWuNFkkuHwG4yQXhYRcXjX
Ã°Å¸â€Å’ Consensus stream closed with 12D3KooWPVKESWFG9sS8G6vjhfPn54kWuNFkkuHwG4yQXhYRcXjX
2026/05/18 14:43:29 [VOTE-DROP] reason=replay_cache signer=B height=2518 round=4 vote_block=73b7b1d4 current_block=73b7b1d4 proposal=2518|4|73b7b1d4911e73e7fbe07ae01d0f20f202392c386262a17f4e8631c4ecf6e285||a28b4aa7b53751c35a564b20195ba1a5ae08239e11daac16d3f3def4ea6443a8 exec=a28b4aa7 tx_merkle=
[LEADER-BLOCK-REJECT] height=2518 round=4 reason=duplicate_proposal peer= proposer=B block=73b7b1d4
[LEADER-BLOCK-REJECT] height=2518 round=4 reason=duplicate_proposal peer= proposer=B block=73b7b1d4
[REGISTRY-COMMITMENT-CHECK] height=2518 required=true parent_unanchored=false source=chain_parent_commitment expected=9cd32df6 got=9cd32df6
2026/05/18 14:43:29 [VOTE-DROP] reason=replay_cache signer=B height=2518 round=4 vote_block=73b7b1d4 current_block=73b7b1d4 proposal=2518|4|73b7b1d4911e73e7fbe07ae01d0f20f202392c386262a17f4e8631c4ecf6e285||a28b4aa7b53751c35a564b20195ba1a5ae08239e11daac16d3f3def4ea6443a8 exec=a28b4aa7 tx_merkle=
[REGISTRY-COMMITMENT-CHECK] height=2518 required=true parent_unanchored=false source=chain_parent_commitment expected=9cd32df6 got=9cd32df6
2026/05/18 14:43:29 [VOTE-DROP] reason=replay_cache signer=B height=2518 round=4 vote_block=73b7b1d4 current_block=73b7b1d4 proposal=2518|4|73b7b1d4911e73e7fbe07ae01d0f20f202392c386262a17f4e8631c4ecf6e285||a28b4aa7b53751c35a564b20195ba1a5ae08239e11daac16d3f3def4ea6443a8 exec=a28b4aa7 tx_merkle=
[LEADER-BLOCK-REJECT] height=2518 round=4 reason=duplicate_proposal peer= proposer=B block=73b7b1d4
[LEADER-BLOCK-REJECT] height=2518 round=4 reason=duplicate_proposal peer=12D3KooWHdmUKc1bYKY3scg6TqGhK3SutwH9hu1aAez4VmvwkEyk proposer=B block=73b7b1d4
[LEADER-BLOCK-REJECT] height=2518 round=4 reason=duplicate_proposal peer=12D3KooWHdmUKc1bYKY3scg6TqGhK3SutwH9hu1aAez4VmvwkEyk proposer=B block=73b7b1d4
[REGISTRY-COMMITMENT-CHECK] height=2518 required=true parent_unanchored=false source=chain_parent_commitment expected=9cd32df6 got=9cd32df6
[EXEC-HASH] hint=2518 from=A exec=a28b4aa7
Execution hash received: A @ epoch 2518
[EXEC-QUORUM] height=2518 strict=3 relaxed=2 total=4 live=2 stall=26s
2026/05/18 14:43:29 [VOTE-ACCEPT] reason=recorded signer=A height=2518 round=4 vote_block=73b7b1d4 current_block=73b7b1d4 proposal=2518|4|73b7b1d4911e73e7fbe07ae01d0f20f202392c386262a17f4e8631c4ecf6e285||a28b4aa7b53751c35a564b20195ba1a5ae08239e11daac16d3f3def4ea6443a8 exec=a28b4aa7 tx_merkle= votes=2 required=2
[EXEC-POOL] epoch=2518 hash=a28b4aa7 voters=2/4
[EXEC-QUORUM] epoch=2518 required=2 total=4 votes=2
Execution quorum reached (hash=a28b4aa7 votes=2/4)
2026/05/18 14:43:29 [EXEC-PRECOMMIT] height=2518 reason=quorum_precommit prev_round=0 prev_block= round=4 block=73b7b1d4 votes=2 required=2
[EXEC-QUORUM] height=2518 strict=3 relaxed=2 total=4 live=2 stall=26s
[REGISTRY-COMMITMENT-CHECK] height=2518 required=true parent_unanchored=false source=chain_parent_commitment expected=9cd32df6 got=9cd32df6
[EXEC-QUORUM] height=2518 strict=3 relaxed=2 total=4 live=2 stall=26s
[EXEC-QUORUM] height=2518 strict=3 relaxed=2 total=4 live=2 stall=26s
[EXEC-QUORUM] height=2518 strict=3 relaxed=2 total=4 live=2 stall=26s
[EXEC-QUORUM] height=2518 strict=3 relaxed=2 total=4 live=2 stall=26s
[EXEC-QUORUM] height=2518 strict=3 relaxed=2 total=4 live=2 stall=26s
[EXEC-QUORUM] height=2518 strict=3 relaxed=2 total=4 live=2 stall=26s
2026/05/18 14:43:29 [EXEC-COMMIT] height=2518 reason=precommit_quorum round=4 block=251b1325 votes=2 required=2 precommits=2
[REGISTRY-COMMITMENT-CHECK] height=2518 required=true parent_unanchored=false source=chain_parent_commitment expected=9cd32df6 got=9cd32df6
[REGISTRY-PRECOMMIT] height=2518 source=committed_carry_forward header=9cd32df6 resolved=9cd32df6 validators=4
[SYNC-COMMIT-PHASE] node=F stage=idle provider= height=2518 local=2517 phase=process_block_begin
[EMISSION] h=2517 reward=4 treasury=1 validators=2 burn=1 applied_burn=0 chance_bps=10000
[SYNC-COMMIT-PHASE] node=F stage=idle provider= height=2518 local=2518 phase=process_block_committed
[SYNC-COMMIT-PHASE] node=F stage=idle provider= height=2518 local=2518 phase=post_block_effects_begin
âœ… Height finalized â†’ 2519
[EMISSION] h=2518 reward=4 treasury=1 validators=2 burn=1 applied_burn=0 chance_bps=10000
[EMISSION] h=2518 reward=4 treasury=1 validators=2 burn=1 applied_burn=0 chance_bps=10000
[SYNC-COMMIT-PHASE] node=F stage=idle provider= height=2518 local=2518 phase=post_block_effects_done
[SYNC-COMMIT-PHASE] node=F stage=idle provider= height=2518 local=2518 phase=persist_registry_begin
[SYNC-COMMIT-PHASE] node=F stage=idle provider= height=2518 local=2518 phase=persist_registry_done
[SYNC-COMMIT-PHASE] node=F stage=idle provider= height=2518 local=2518 phase=apply_validator_updates_begin
[SYNC-COMMIT-PHASE] node=F stage=idle provider= height=2518 local=2518 phase=apply_validator_updates_done
[SYNC-COMMIT-PHASE] node=F stage=idle provider= height=2518 local=2518 phase=observe_candidates_begin
[SYNC-COMMIT-PHASE] node=F stage=idle provider= height=2518 local=2518 phase=observe_candidates_done
[SYNC-COMMIT-PHASE] node=F stage=idle provider= height=2518 local=2518 phase=apply_validator_update_txs_begin
[SYNC-COMMIT-PHASE] node=F stage=idle provider= height=2518 local=2518 phase=apply_validator_update_txs_done
[SYNC-COMMIT-PHASE] node=F stage=idle provider= height=2518 local=2518 phase=apply_scheduled_updates_begin
[SYNC-SCHEDULED-UPDATES] stage=idle provider= current_height=2518 step=queue_inactive_removals_begin update_height=2518 due_transition=false defer_for_sync=false update_blocked=false planned_only=false updated=false processed_adds=0 processed_removes=0 next_transition_height=0 transition_validators=0 next_validators=0
Validator heartbeat: B | reported_height=2518 | finalized_height=2518 | local_exec_epoch=2519
Validator heartbeat: B | reported_height=2518 | finalized_height=2518 | local_exec_epoch=2519
[SYNC-SCHEDULED-UPDATES] stage=idle provider= current_height=2518 step=queue_inactive_removals_done update_height=2518 due_transition=false defer_for_sync=false update_blocked=false planned_only=false updated=false processed_adds=0 processed_removes=0 next_transition_height=0 transition_validators=0 next_validators=0
[SYNC-SCHEDULED-UPDATES] stage=idle provider= current_height=2518 step=sync_gate_snapshot_state_begin update_height=2518 due_transition=false defer_for_sync=false update_blocked=false planned_only=false updated=false processed_adds=0 processed_removes=0 next_transition_height=0 transition_validators=0 next_validators=0
[SYNC-SCHEDULED-UPDATES] stage=idle provider= current_height=2518 step=sync_gate_snapshot_state_done update_height=2518 due_transition=false defer_for_sync=false update_blocked=false planned_only=false updated=false processed_adds=0 processed_removes=0 next_transition_height=0 transition_validators=0 next_validators=0
[SYNC-SCHEDULED-UPDATES] stage=idle provider= current_height=2518 step=apply_queued_set_update_begin update_height=2518 due_transition=false defer_for_sync=false update_blocked=false planned_only=false updated=false processed_adds=0 processed_removes=0 next_transition_height=0 transition_validators=0 next_validators=0
[SYNC-SCHEDULED-UPDATES] stage=idle provider= current_height=2518 step=apply_queued_set_update_done update_height=2518 due_transition=false defer_for_sync=false update_blocked=false planned_only=false updated=false processed_adds=0 processed_removes=0 next_transition_height=0 transition_validators=0 next_validators=0
[SYNC-SCHEDULED-UPDATES] stage=idle provider= current_height=2518 step=validator_set_lock_begin update_height=2518 due_transition=false defer_for_sync=false update_blocked=false planned_only=false updated=false processed_adds=0 processed_removes=0 next_transition_height=0 transition_validators=0 next_validators=0
[SYNC-SCHEDULED-UPDATES] stage=idle provider= current_height=2518 step=validator_set_lock_acquired update_height=2518 due_transition=false defer_for_sync=false update_blocked=false planned_only=false updated=false processed_adds=0 processed_removes=0 next_transition_height=0 transition_validators=0 next_validators=0
[SYNC-SCHEDULED-UPDATES] stage=idle provider= current_height=2518 step=compute_next_transition_height_begin update_height=2518 due_transition=false defer_for_sync=false update_blocked=false planned_only=false updated=false processed_adds=0 processed_removes=0 next_transition_height=0 transition_validators=0 next_validators=0
[SYNC-SCHEDULED-UPDATES] stage=idle provider= current_height=2518 step=compute_next_transition_height_done update_height=2518 due_transition=false defer_for_sync=false update_blocked=false planned_only=false updated=false processed_adds=0 processed_removes=0 next_transition_height=0 transition_validators=0 next_validators=0
[SYNC-SCHEDULED-UPDATES] stage=idle provider= current_height=2518 step=due_transition_eval_begin update_height=2518 due_transition=false defer_for_sync=false update_blocked=false planned_only=false updated=false processed_adds=0 processed_removes=0 next_transition_height=0 transition_validators=0 next_validators=0
[SYNC-SCHEDULED-UPDATES] stage=idle provider= current_height=2518 step=due_transition_eval_done update_height=2518 due_transition=false defer_for_sync=false update_blocked=false planned_only=false updated=false processed_adds=0 processed_removes=0 next_transition_height=0 transition_validators=0 next_validators=0
[SYNC-SCHEDULED-UPDATES] stage=idle provider= current_height=2518 step=defer_for_sync_eval_begin update_height=2518 due_transition=false defer_for_sync=false update_blocked=false planned_only=false updated=false processed_adds=0 processed_removes=0 next_transition_height=0 transition_validators=0 next_validators=0
[SYNC-SCHEDULED-UPDATES] stage=idle provider= current_height=2518 step=defer_for_sync_eval_done update_height=2518 due_transition=false defer_for_sync=false update_blocked=false planned_only=false updated=false processed_adds=0 processed_removes=0 next_transition_height=0 transition_validators=0 next_validators=0
[SYNC-SCHEDULED-UPDATES] stage=idle provider= current_height=2518 step=scheduled_transition_validators_begin update_height=2518 due_transition=false defer_for_sync=false update_blocked=false planned_only=false updated=false processed_adds=0 processed_removes=0 next_transition_height=0 transition_validators=0 next_validators=0
[SYNC-CLEAR] reason=up_to_date local=2518 target=0
[SYNC-SCHEDULED-UPDATES] stage=idle provider= current_height=2518 step=scheduled_transition_validators_done update_height=2518 due_transition=false defer_for_sync=false update_blocked=false planned_only=false updated=false processed_adds=0 processed_removes=0 next_transition_height=0 transition_validators=4 next_validators=0
[SYNC-SCHEDULED-UPDATES] stage=idle provider= current_height=2518 step=build_next_validators_begin update_height=2518 due_transition=false defer_for_sync=false update_blocked=false planned_only=false updated=false processed_adds=0 processed_removes=0 next_transition_height=0 transition_validators=4 next_validators=0
[SYNC-SCHEDULED-UPDATES] stage=idle provider= current_height=2518 step=build_next_validators_done update_height=2518 due_transition=false defer_for_sync=false update_blocked=false planned_only=false updated=false processed_adds=0 processed_removes=0 next_transition_height=0 transition_validators=4 next_validators=4
[SYNC-SCHEDULED-UPDATES] stage=idle provider= current_height=2518 step=transition_quorum_begin update_height=2518 due_transition=false defer_for_sync=false update_blocked=false planned_only=false updated=false processed_adds=0 processed_removes=0 next_transition_height=0 transition_validators=4 next_validators=4
[SYNC-SCHEDULED-UPDATES] stage=idle provider= current_height=2518 step=transition_quorum_done update_height=2518 due_transition=false defer_for_sync=false update_blocked=false planned_only=false updated=false processed_adds=0 processed_removes=0 next_transition_height=0 transition_validators=4 next_validators=4
[SYNC-SCHEDULED-UPDATES] stage=idle provider= current_height=2518 step=transition_plan_write_begin update_height=2518 due_transition=false defer_for_sync=false update_blocked=false planned_only=false updated=false processed_adds=0 processed_removes=0 next_transition_height=0 transition_validators=4 next_validators=4
[SYNC-SCHEDULED-UPDATES] stage=idle provider= current_height=2518 step=transition_plan_write_done update_height=2518 due_transition=false defer_for_sync=false update_blocked=false planned_only=false updated=false processed_adds=0 processed_removes=0 next_transition_height=0 transition_validators=4 next_validators=4
[SYNC-SCHEDULED-UPDATES] stage=idle provider= current_height=2518 step=finalize_pending_maps_begin update_height=2518 due_transition=false defer_for_sync=false update_blocked=false planned_only=false updated=false processed_adds=0 processed_removes=0 next_transition_height=0 transition_validators=4 next_validators=4
[SYNC-SCHEDULED-UPDATES] stage=idle provider= current_height=2518 step=finalize_pending_maps_done update_height=2518 due_transition=false defer_for_sync=false update_blocked=false planned_only=false updated=false processed_adds=0 processed_removes=0 next_transition_height=0 transition_validators=4 next_validators=4
[SYNC-SCHEDULED-UPDATES] stage=idle provider= current_height=2518 step=active_transition_heights_begin update_height=2518 due_transition=false defer_for_sync=false update_blocked=false planned_only=false updated=false processed_adds=0 processed_removes=0 next_transition_height=0 transition_validators=4 next_validators=4
[SYNC-SCHEDULED-UPDATES] stage=idle provider= current_height=2518 step=active_transition_heights_done update_height=2518 due_transition=false defer_for_sync=false update_blocked=false planned_only=false updated=false processed_adds=0 processed_removes=0 next_transition_height=0 transition_validators=4 next_validators=4
[SYNC-SCHEDULED-UPDATES] stage=idle provider= current_height=2518 step=validator_set_unlock update_height=2518 due_transition=false defer_for_sync=false update_blocked=false planned_only=false updated=false processed_adds=0 processed_removes=0 next_transition_height=0 transition_validators=4 next_validators=4
[SYNC-SCHEDULED-UPDATES] stage=idle provider= current_height=2518 step=retry_clear_begin update_height=2518 due_transition=false defer_for_sync=false update_blocked=false planned_only=false updated=false processed_adds=0 processed_removes=0 next_transition_height=0 transition_validators=4 next_validators=4
[SYNC-SCHEDULED-UPDATES] stage=idle provider= current_height=2518 step=retry_clear_done update_height=2518 due_transition=false defer_for_sync=false update_blocked=false planned_only=false updated=false processed_adds=0 processed_removes=0 next_transition_height=0 transition_validators=4 next_validators=4
[SYNC-SCHEDULED-UPDATES] stage=idle provider= current_height=2518 step=prune_retry_begin update_height=2518 due_transition=false defer_for_sync=false update_blocked=false planned_only=false updated=false processed_adds=0 processed_removes=0 next_transition_height=0 transition_validators=4 next_validators=4
[SYNC-SCHEDULED-UPDATES] stage=idle provider= current_height=2518 step=prune_retry_done update_height=2518 due_transition=false defer_for_sync=false update_blocked=false planned_only=false updated=false processed_adds=0 processed_removes=0 next_transition_height=0 transition_validators=4 next_validators=4
[SYNC-SCHEDULED-UPDATES] stage=idle provider= current_height=2518 step=onboarding_tracker_begin update_height=2518 due_transition=false defer_for_sync=false update_blocked=false planned_only=false updated=false processed_adds=0 processed_removes=0 next_transition_height=0 transition_validators=4 next_validators=4
[SYNC-SCHEDULED-UPDATES] stage=idle provider= current_height=2518 step=onboarding_tracker_done update_height=2518 due_transition=false defer_for_sync=false update_blocked=false planned_only=false updated=false processed_adds=0 processed_removes=0 next_transition_height=0 transition_validators=4 next_validators=4
[SYNC-SCHEDULED-UPDATES] stage=idle provider= current_height=2518 step=broadcast_validator_info_begin update_height=2518 due_transition=false defer_for_sync=false update_blocked=false planned_only=false updated=false processed_adds=0 processed_removes=0 next_transition_height=0 transition_validators=4 next_validators=4
[SYNC-SCHEDULED-UPDATES] stage=idle provider= current_height=2518 step=broadcast_validator_info_done update_height=2518 due_transition=false defer_for_sync=false update_blocked=false planned_only=false updated=false processed_adds=0 processed_removes=0 next_transition_height=0 transition_validators=4 next_validators=4
[SYNC-SCHEDULED-UPDATES] stage=idle provider= current_height=2518 step=final_update_log_begin update_height=2518 due_transition=false defer_for_sync=false update_blocked=false planned_only=false updated=false processed_adds=0 processed_removes=0 next_transition_height=0 transition_validators=4 next_validators=4
[SYNC-SCHEDULED-UPDATES] stage=idle provider= current_height=2518 step=final_update_log_done update_height=2518 due_transition=false defer_for_sync=false update_blocked=false planned_only=false updated=false processed_adds=0 processed_removes=0 next_transition_height=0 transition_validators=4 next_validators=4
[SYNC-SCHEDULED-UPDATES] stage=idle provider= current_height=2518 step=snapshot_epoch_validators_begin update_height=2518 due_transition=false defer_for_sync=false update_blocked=false planned_only=false updated=false processed_adds=0 processed_removes=0 next_transition_height=0 transition_validators=4 next_validators=4
[SYNC-SCHEDULED-UPDATES] stage=idle provider= current_height=2518 step=snapshot_epoch_validators_done update_height=2518 due_transition=false defer_for_sync=false update_blocked=false planned_only=false updated=false processed_adds=0 processed_removes=0 next_transition_height=0 transition_validators=4 next_validators=4
[SYNC-COMMIT-PHASE] node=F stage=idle provider= height=2518 local=2518 phase=apply_scheduled_updates_done
[SYNC-COMMIT-PHASE] node=F stage=idle provider= height=2518 local=2518 phase=snapshot_epoch_validators_begin
[SYNC-COMMIT-PHASE] node=F stage=idle provider= height=2518 local=2518 phase=snapshot_epoch_validators_done
[SYNC-COMMIT-PHASE] node=F stage=idle provider= height=2518 local=2518 phase=start_next_round_begin
[SYNC-COMMIT-PHASE] node=F stage=idle provider= height=2518 local=2518 phase=start_next_round_done
[SYNC-COMMIT-PHASE] node=F stage=idle provider= height=2518 local=2518 phase=clear_exec_results_begin
[SYNC-COMMIT-PHASE] node=F stage=idle provider= height=2518 local=2518 phase=clear_exec_results_done
[SYNC-COMMIT-PHASE] node=F stage=idle provider= height=2518 local=2518 phase=update_validator_metrics_begin
[SYNC-COMMIT-PHASE] node=F stage=idle provider= height=2518 local=2518 phase=update_validator_metrics_done
[SYNC-COMMIT-PHASE] node=F stage=idle provider= height=2518 local=2518 phase=enter_safe_mode_begin
Validator heartbeat received: B | reported_height=2518 | finalized_height=2518 | local_exec_epoch=2519
Validator heartbeat received: B | reported_height=2518 | finalized_height=2518 | local_exec_epoch=2519
[SYNC-COMMIT-PHASE] node=F stage=idle provider= height=2518 local=2518 phase=enter_safe_mode_done
[SYNC-COMMIT-PHASE] node=F stage=idle provider= height=2518 local=2518 phase=ensure_tip_snapshot_begin
[SYNC-COMMIT-PHASE] node=F stage=idle provider= height=2518 local=2518 phase=ensure_tip_snapshot_done
Validator heartbeat: A | reported_height=2518 | finalized_height=2518 | local_exec_epoch=2519
[SNAPSHOT-PUBLISH] deferred height=2518 reason=auto_publish_interval_10
[SAFE-MODE] height=2519 window=8s live=2 required=3 heartbeat_live=2 out_of_drift=0 committee=4 ended=started
Validator heartbeat: A | reported_height=2518 | finalized_height=2518 | local_exec_epoch=2519
Pruning validator registry snapshot @ height 1517
[STARTUP-COMMITMENT] mode=v2 commitment_height=1 check_h=2519 expected=d75b74ab source=snapshot_parent
[LIVENESS] scope=safe_mode height=2519 live=2 required=3 heartbeat_live=2 out_of_drift=0 committee=4 reasons={consensus_not_ready=1,inactive=1} sample=[C:consensus_not_ready,G:inactive]
Pruning validator registry snapshot @ height 1517
Validator heartbeat received: A | reported_height=2518 | finalized_height=2518 | local_exec_epoch=2519
Validator heartbeat received: A | reported_height=2518 | finalized_height=2518 | local_exec_epoch=2519
[SYNC-COMMIT-PHASE] node=F stage=idle provider= height=2518 local=2518 phase=prune_snapshots_done
[SYNC-COMMIT-PHASE] node=F stage=idle provider= height=2518 local=2518 phase=publish_required_snapshot_begin
[SYNC-COMMIT-PHASE] node=F stage=idle provider= height=2518 local=2518 phase=publish_required_snapshot_done
[COMMIT] node=F h=2518 hash=251b1325 by=B type=TIME txs=0
[SYNC-COMMIT-PHASE] node=F stage=idle provider= height=2518 local=2518 phase=commit_log_done
[SYNC-COMMIT-PHASE] node=F stage=idle provider= height=2518 local=2518 phase=touch_signers_begin
[SYNC-COMMIT-PHASE] node=F stage=idle provider= height=2518 local=2518 phase=touch_signers_done
[SYNC-COMMIT-PHASE] node=F stage=idle provider= height=2518 local=2518 phase=maybe_exit_sync_begin
[SYNC-COMMIT-PHASE] node=F stage=idle provider= height=2518 local=2518 phase=done
[PARTICIPATION-GATE] validator=F height=2519 reason=validator_stake_required
[SYNC-SERVE-REQUEST] peer=12D3KooW requested=2485-2517 snapshot=false snapshot_height=0
2026/05/18 14:43:29 [VOTE-STALE-ACCEPT] reason=committed_proposal_unresolved signer=A height=2518 round=4 vote_block=73b7b1d4 exec=a28b4aa7 tx_merkle=
[SYNC-SERVE-RESPONSE] peer=12D3KooW requested=2485-2517 served=2485-2517 count=33 snapshot=false tip_gap=false historical_gap=false duration_ms=2
Ã°Å¸â€œÂ¦ Sent blocks 2485-2517 (33 blocks) to 12D3KooWE7bMkbbpLoSHKB43JdTZm9zkgqvf1iCQdGAqFFBDa42W
[SYNC-SERVE-REQUEST] peer=12D3KooW requested=2385-2484 snapshot=false snapshot_height=0
[SYNC-SERVE-RESPONSE] peer=12D3KooW requested=2385-2484 served=2385-2484 count=100 snapshot=false tip_gap=false historical_gap=false duration_ms=8
[CONSENSUS] height=2518 vhash=d75b74ab validators=4
[STATUS] height=2518 finalized=2518 peers=4 validators=2 strict_live=2 heartbeat_live=2 out_of_drift=0 drift_limit=8 syncing=false sync_complete=true execution_ready=true execution_reason=ready gossip=true gossip_pipeline=new_block_gossip_validate_apply consensus_running=true mode=observer vote=false propose=false role=full validator_state=observer warmup_seconds=0 ready=false reason=validator_stake_required snapshot_source=snapshot_committed expected_source=snapshot_parent expected_hash=d75b74ab resolved_source=snapshot_committed resolved_hash=d75b74ab next_source=carry_forward next_hash=d75b74ab got_hash= authority=snapshot_parent hash_mode=legacy
Validator heartbeat: C | reported_height=2517 | finalized_height=2517 | local_exec_epoch=2518
Validator heartbeat: C | reported_height=2517 | finalized_height=2517 | local_exec_epoch=2518
[SAFE-MODE] height=2519 window=8s live=3 required=3 ended=live_quorum
Validator heartbeat received: C | reported_height=2517 | finalized_height=2517 | local_exec_epoch=2518
Validator heartbeat received: C | reported_height=2517 | finalized_height=2517 | local_exec_epoch=2518
Candidate heartbeat received: D | reported_height=2184 | finalized_height=2184 | local_exec_epoch=2185
Candidate heartbeat received: D | reported_height=2184 | finalized_height=2184 | local_exec_epoch=2185
Ã°Å¸â€œÂ¨ Consensus message from 12D3KooWPVKESWFG9sS8G6vjhfPn54kWuNFkkuHwG4yQXhYRcXjX: leader_block (size: 1288 bytes)
Ã°Å¸â€œÂ¦ Leader block received from 12D3KooWPVKESWFG9sS8G6vjhfPn54kWuNFkkuHwG4yQXhYRcXjX | height=2519 proposer=A
[SET-COMMITMENT-APPLY] height=2519 source=snapshot_parent mode=legacy hash=d75b74ab
2026/05/18 14:43:31 [EXEC-PROPOSAL-SELECT] height=2519 reason=observed prev_round=0 prev_block= round=0 block=0d0afbfd voters=0 force=false
Ã°Å¸â€Å’ Consensus stream EOF from 12D3KooWPVKESWFG9sS8G6vjhfPn54kWuNFkkuHwG4yQXhYRcXjX
Ã°Å¸â€Å’ Consensus stream closed with 12D3KooWPVKESWFG9sS8G6vjhfPn54kWuNFkkuHwG4yQXhYRcXjX
Ã°Å¸â€œÂ¨ Consensus message from 12D3KooWPVKESWFG9sS8G6vjhfPn54kWuNFkkuHwG4yQXhYRcXjX: execution_result (size: 359 bytes)
Ã°Å¸â€Å’ Consensus stream EOF from 12D3KooWPVKESWFG9sS8G6vjhfPn54kWuNFkkuHwG4yQXhYRcXjX
Ã°Å¸â€Å’ Consensus stream closed with 12D3KooWPVKESWFG9sS8G6vjhfPn54kWuNFkkuHwG4yQXhYRcXjX
2026/05/18 14:43:31 [EXEC-BROADCAST-DEFER] validator=F height=2519 reason=validator_stake_required trigger=leader_block block=0d0afbfd prev=251b1325
[LEADER-BLOCK-REJECT] height=2519 round=0 reason=duplicate_proposal peer=12D3KooWPVKESWFG9sS8G6vjhfPn54kWuNFkkuHwG4yQXhYRcXjX proposer=A block=0d0afbfd
[LEADER-BLOCK-REJECT] height=2519 round=0 reason=duplicate_proposal peer= proposer=A block=0d0afbfd
[REGISTRY-COMMITMENT-CHECK] height=2519 required=true parent_unanchored=false source=chain_parent_commitment expected=9cd32df6 got=9cd32df6
[EXEC-HASH] hint=2519 from=A exec=d0937434
Execution hash received: A @ epoch 2519
2026/05/18 14:43:31 [VOTE-ACCEPT] reason=recorded signer=A height=2519 round=0 vote_block=0d0afbfd current_block=0d0afbfd proposal=2519|0|0d0afbfd2e0dcedf0bd821645566228e3d3a68aba897f8f162a488559d82a988||d0937434b96898b2fd5f26e3b9668625b1f37b88fa2271e7e01b93456ece0ad4 exec=d0937434 tx_merkle= votes=1 required=3
[EXEC-POOL] epoch=2519 hash=d0937434 voters=1/4
[EXEC-QUORUM] epoch=2519 required=3 total=4 votes=1
[REGISTRY-COMMITMENT-CHECK] height=2519 required=true parent_unanchored=false source=chain_parent_commitment expected=9cd32df6 got=9cd32df6
2026/05/18 14:43:31 [VOTE-DROP] reason=replay_cache signer=A height=2519 round=0 vote_block=0d0afbfd current_block=0d0afbfd proposal=2519|0|0d0afbfd2e0dcedf0bd821645566228e3d3a68aba897f8f162a488559d82a988||d0937434b96898b2fd5f26e3b9668625b1f37b88fa2271e7e01b93456ece0ad4 exec=d0937434 tx_merkle=
[SYNC-SERVE-REQUEST] peer=12D3KooW requested=2385-2484 snapshot=false snapshot_height=0
[SYNC-SERVE-RESPONSE] peer=12D3KooW requested=2385-2484 served=2385-2484 count=100 snapshot=false tip_gap=false historical_gap=false duration_ms=9
[SYNC-SERVE-REQUEST] peer=12D3KooW requested=2485-2517 snapshot=false snapshot_height=0
[SYNC-SERVE-RESPONSE] peer=12D3KooW requested=2485-2517 served=2485-2517 count=33 snapshot=false tip_gap=false historical_gap=false duration_ms=6
Validator heartbeat: C | reported_height=2518 | finalized_height=2518 | local_exec_epoch=2519
Validator heartbeat: C | reported_height=2518 | finalized_height=2518 | local_exec_epoch=2519
Validator heartbeat received: C | reported_height=2518 | finalized_height=2518 | local_exec_epoch=2519
Validator heartbeat received: C | reported_height=2518 | finalized_height=2518 | local_exec_epoch=2519
Ã°Å¸â€œÂ¨ Consensus message from 12D3KooWHdmUKc1bYKY3scg6TqGhK3SutwH9hu1aAez4VmvwkEyk: execution_result (size: 359 bytes)
Ã°Å¸â€Å’ Consensus stream EOF from 12D3KooWHdmUKc1bYKY3scg6TqGhK3SutwH9hu1aAez4VmvwkEyk
Ã°Å¸â€Å’ Consensus stream closed with 12D3KooWHdmUKc1bYKY3scg6TqGhK3SutwH9hu1aAez4VmvwkEyk
[REGISTRY-COMMITMENT-CHECK] height=2519 required=true parent_unanchored=false source=chain_parent_commitment expected=9cd32df6 got=9cd32df6
[EXEC-HASH] hint=2519 from=B exec=d0937434
Execution hash received: B @ epoch 2519
2026/05/18 14:43:32 [VOTE-ACCEPT] reason=recorded signer=B height=2519 round=0 vote_block=0d0afbfd current_block=0d0afbfd proposal=2519|0|0d0afbfd2e0dcedf0bd821645566228e3d3a68aba897f8f162a488559d82a988||d0937434b96898b2fd5f26e3b9668625b1f37b88fa2271e7e01b93456ece0ad4 exec=d0937434 tx_merkle= votes=2 required=3
[EXEC-POOL] epoch=2519 hash=d0937434 voters=2/4
[EXEC-QUORUM] epoch=2519 required=3 total=4 votes=2
[REGISTRY-COMMITMENT-CHECK] height=2519 required=true parent_unanchored=false source=chain_parent_commitment expected=9cd32df6 got=9cd32df6
2026/05/18 14:43:32 [VOTE-DROP] reason=replay_cache signer=B height=2519 round=0 vote_block=0d0afbfd current_block=0d0afbfd proposal=2519|0|0d0afbfd2e0dcedf0bd821645566228e3d3a68aba897f8f162a488559d82a988||d0937434b96898b2fd5f26e3b9668625b1f37b88fa2271e7e01b93456ece0ad4 exec=d0937434 tx_merkle=
Candidate heartbeat received: D | reported_height=2184 | finalized_height=2184 | local_exec_epoch=2185
Candidate heartbeat received: D | reported_height=2184 | finalized_height=2184 | local_exec_epoch=2185
Candidate heartbeat received: D | reported_height=2184 | finalized_height=2184 | local_exec_epoch=2185
Candidate heartbeat received: D | reported_height=2184 | finalized_height=2184 | local_exec_epoch=2185
[SYNC-SERVE-REQUEST] peer=12D3KooW requested=2485-2517 snapshot=false snapshot_height=0
[SYNC-SERVE-RESPONSE] peer=12D3KooW requested=2485-2517 served=2485-2517 count=33 snapshot=false tip_gap=false historical_gap=false duration_ms=2
[SYNC-SERVE-REQUEST] peer=12D3KooW requested=2385-2484 snapshot=false snapshot_height=0
[SYNC-SERVE-RESPONSE] peer=12D3KooW requested=2385-2484 served=2385-2484 count=100 snapshot=false tip_gap=false historical_gap=false duration_ms=11
Candidate heartbeat received: D | reported_height=2184 | finalized_height=2184 | local_exec_epoch=2185
Candidate heartbeat received: D | reported_height=2184 | finalized_height=2184 | local_exec_epoch=2185
[SNAPSHOT-PUBLISH] deferred height=2518 reason=auto_publish_interval_10
Candidate heartbeat received: D | reported_height=2184 | finalized_height=2184 | local_exec_epoch=2185
Candidate heartbeat received: D | reported_height=2184 | finalized_height=2184 | local_exec_epoch=2185
Validator heartbeat: B | reported_height=2518 | finalized_height=2518 | local_exec_epoch=2519
Validator heartbeat: B | reported_height=2518 | finalized_height=2518 | local_exec_epoch=2519
Validator heartbeat received: B | reported_height=2518 | finalized_height=2518 | local_exec_epoch=2519
Validator heartbeat received: B | reported_height=2518 | finalized_height=2518 | local_exec_epoch=2519
Validator heartbeat: A | reported_height=2518 | finalized_height=2518 | local_exec_epoch=2519
Validator heartbeat: A | reported_height=2518 | finalized_height=2518 | local_exec_epoch=2519
Validator heartbeat received: A | reported_height=2518 | finalized_height=2518 | local_exec_epoch=2519
Validator heartbeat received: A | reported_height=2518 | finalized_height=2518 | local_exec_epoch=2519
Candidate heartbeat received: D | reported_height=2184 | finalized_height=2184 | local_exec_epoch=2185
Candidate heartbeat received: D | reported_height=2184 | finalized_height=2184 | local_exec_epoch=2185
[CONSENSUS] height=2518 vhash=d75b74ab validators=4
[STATUS] height=2518 finalized=2518 peers=4 validators=3 strict_live=3 heartbeat_live=3 out_of_drift=0 drift_limit=8 syncing=false sync_complete=true execution_ready=true execution_reason=ready gossip=true gossip_pipeline=new_block_gossip_validate_apply consensus_running=true mode=observer vote=false propose=false role=full validator_state=observer warmup_seconds=0 ready=false reason=validator_stake_required snapshot_source=snapshot_committed expected_source=snapshot_parent expected_hash=d75b74ab resolved_source=snapshot_committed resolved_hash=d75b74ab next_source=carry_forward next_hash=d75b74ab got_hash= authority=snapshot_parent hash_mode=legacy
Validator heartbeat: C | reported_height=2518 | finalized_height=2518 | local_exec_epoch=2519
2026/05/18 14:43:45 [OK] goroutine pressure normalized: 180 (degrade mode off)
Validator heartbeat: C | reported_height=2518 | finalized_height=2518 | local_exec_epoch=2519
Validator heartbeat received: C | reported_height=2518 | finalized_height=2518 | local_exec_epoch=2519
[SNAPSHOT-PUBLISH] deferred height=2518 reason=auto_publish_interval_10
Validator heartbeat received: C | reported_height=2518 | finalized_height=2518 | local_exec_epoch=2519
[SET-COMMITMENT-APPLY] height=2519 source=snapshot_parent mode=legacy hash=d75b74ab
Ã°Å¸â€œÂ¨ Consensus message from 12D3KooWHdmUKc1bYKY3scg6TqGhK3SutwH9hu1aAez4VmvwkEyk: leader_block (size: 1290 bytes)
Ã°Å¸â€œÂ¦ Leader block received from 12D3KooWHdmUKc1bYKY3scg6TqGhK3SutwH9hu1aAez4VmvwkEyk | height=2519 proposer=B
Ã°Å¸â€Å’ Consensus stream EOF from 12D3KooWHdmUKc1bYKY3scg6TqGhK3SutwH9hu1aAez4VmvwkEyk
Ã°Å¸â€Å’ Consensus stream closed with 12D3KooWHdmUKc1bYKY3scg6TqGhK3SutwH9hu1aAez4VmvwkEyk
[ROUND-FAILOVER] replacing leader block height=2519 round=0->3 have=0d0afbfd got=aa1d1934
[EMISSION] h=2518 reward=4 treasury=1 validators=2 burn=1 applied_burn=0 chance_bps=10000
2026/05/18 14:43:47 [EXEC-PROPOSAL-SELECT] height=2519 reason=observed prev_round=0 prev_block=0d0afbfd round=3 block=aa1d1934 voters=2 force=false
[EXEC-PROPOSAL] epoch=2519 round=3 block=aa1d1934 state=a974bacc
2026/05/18 14:43:47 [EXEC-BROADCAST-DEFER] validator=F height=2519 reason=validator_stake_required trigger=leader_block block=aa1d1934 prev=251b1325
[LEADER-BLOCK-REJECT] height=2519 round=3 reason=duplicate_proposal peer=12D3KooWHdmUKc1bYKY3scg6TqGhK3SutwH9hu1aAez4VmvwkEyk proposer=B block=aa1d1934
[LEADER-BLOCK-REJECT] height=2519 round=3 reason=duplicate_proposal peer= proposer=B block=aa1d1934
Ã°Å¸â€œÂ¨ Consensus message from 12D3KooWHdmUKc1bYKY3scg6TqGhK3SutwH9hu1aAez4VmvwkEyk: execution_result (size: 374 bytes)
Ã°Å¸â€Å’ Consensus stream EOF from 12D3KooWHdmUKc1bYKY3scg6TqGhK3SutwH9hu1aAez4VmvwkEyk
Ã°Å¸â€Å’ Consensus stream closed with 12D3KooWHdmUKc1bYKY3scg6TqGhK3SutwH9hu1aAez4VmvwkEyk
Ã°Å¸â€œÂ¨ Consensus message from 12D3KooWPVKESWFG9sS8G6vjhfPn54kWuNFkkuHwG4yQXhYRcXjX: execution_result (size: 374 bytes)
Ã°Å¸â€Å’ Consensus stream EOF from 12D3KooWPVKESWFG9sS8G6vjhfPn54kWuNFkkuHwG4yQXhYRcXjX
Ã°Å¸â€Å’ Consensus stream closed with 12D3KooWPVKESWFG9sS8G6vjhfPn54kWuNFkkuHwG4yQXhYRcXjX
[REGISTRY-COMMITMENT-CHECK] height=2519 required=true parent_unanchored=false source=chain_parent_commitment expected=9cd32df6 got=9cd32df6
[EXEC-HASH] hint=2519 from=B exec=a974bacc
Execution hash received: B @ epoch 2519
2026/05/18 14:43:47 [VOTE-ACCEPT] reason=recorded signer=B height=2519 round=3 vote_block=aa1d1934 current_block=aa1d1934 proposal=2519|3|aa1d1934e4a68ce2fef370e7a60736ea70e4f492f421393d0bc44e21e5e86ebd||a974bacca5c070f9fd050e0b24c8dc41b107c253542ddf43b4e30f836f8a24e2 exec=a974bacc tx_merkle= votes=1 required=3
[EXEC-POOL] epoch=2519 hash=a974bacc voters=1/4
[EXEC-QUORUM] epoch=2519 required=3 total=4 votes=1
[REGISTRY-COMMITMENT-CHECK] height=2519 required=true parent_unanchored=false source=chain_parent_commitment expected=9cd32df6 got=9cd32df6
[EXEC-HASH] hint=2519 from=A exec=a974bacc
Execution hash received: A @ epoch 2519
2026/05/18 14:43:47 [VOTE-ACCEPT] reason=recorded signer=A height=2519 round=3 vote_block=aa1d1934 current_block=aa1d1934 proposal=2519|3|aa1d1934e4a68ce2fef370e7a60736ea70e4f492f421393d0bc44e21e5e86ebd||a974bacca5c070f9fd050e0b24c8dc41b107c253542ddf43b4e30f836f8a24e2 exec=a974bacc tx_merkle= votes=2 required=3
[EXEC-POOL] epoch=2519 hash=a974bacc voters=2/4
[EXEC-QUORUM] epoch=2519 required=3 total=4 votes=2
Ã°Å¸â€œÂ¨ Consensus message from 12D3KooWHdmUKc1bYKY3scg6TqGhK3SutwH9hu1aAez4VmvwkEyk: leader_block (size: 1290 bytes)
Ã°Å¸â€œÂ¦ Leader block received from 12D3KooWHdmUKc1bYKY3scg6TqGhK3SutwH9hu1aAez4VmvwkEyk | height=2519 proposer=B
Ã°Å¸â€Å’ Consensus stream EOF from 12D3KooWHdmUKc1bYKY3scg6TqGhK3SutwH9hu1aAez4VmvwkEyk
Ã°Å¸â€Å’ Consensus stream closed with 12D3KooWHdmUKc1bYKY3scg6TqGhK3SutwH9hu1aAez4VmvwkEyk
[REGISTRY-COMMITMENT-CHECK] height=2519 required=true parent_unanchored=false source=chain_parent_commitment expected=9cd32df6 got=9cd32df6
2026/05/18 14:43:47 [VOTE-DROP] reason=replay_cache signer=B height=2519 round=3 vote_block=aa1d1934 current_block=aa1d1934 proposal=2519|3|aa1d1934e4a68ce2fef370e7a60736ea70e4f492f421393d0bc44e21e5e86ebd||a974bacca5c070f9fd050e0b24c8dc41b107c253542ddf43b4e30f836f8a24e2 exec=a974bacc tx_merkle=
[REGISTRY-COMMITMENT-CHECK] height=2519 required=true parent_unanchored=false source=chain_parent_commitment expected=9cd32df6 got=9cd32df6
2026/05/18 14:43:47 [VOTE-DROP] reason=replay_cache signer=A height=2519 round=3 vote_block=aa1d1934 current_block=aa1d1934 proposal=2519|3|aa1d1934e4a68ce2fef370e7a60736ea70e4f492f421393d0bc44e21e5e86ebd||a974bacca5c070f9fd050e0b24c8dc41b107c253542ddf43b4e30f836f8a24e2 exec=a974bacc tx_merkle=
[LEADER-BLOCK-REJECT] height=2519 round=3 reason=duplicate_proposal peer=12D3KooWHdmUKc1bYKY3scg6TqGhK3SutwH9hu1aAez4VmvwkEyk proposer=B block=aa1d1934
[LEADER-BLOCK-REJECT] height=2519 round=3 reason=duplicate_proposal peer=12D3KooWHdmUKc1bYKY3scg6TqGhK3SutwH9hu1aAez4VmvwkEyk proposer=B block=aa1d1934
[LEADER-BLOCK-REJECT] height=2519 round=3 reason=duplicate_proposal peer= proposer=B block=aa1d1934
[SYNC-SERVE-REQUEST] peer=12D3KooW requested=2485-2518 snapshot=false snapshot_height=0
[SYNC-SERVE-RESPONSE] peer=12D3KooW requested=2485-2518 served=2485-2518 count=34 snapshot=false tip_gap=false historical_gap=false duration_ms=2
Ã°Å¸â€œÂ¦ Sent blocks 2485-2518 (34 blocks) to 12D3KooWE7bMkbbpLoSHKB43JdTZm9zkgqvf1iCQdGAqFFBDa42W
[SYNC-SERVE-REQUEST] peer=12D3KooW requested=2385-2484 snapshot=false snapshot_height=0
[SYNC-SERVE-RESPONSE] peer=12D3KooW requested=2385-2484 served=2385-2484 count=100 snapshot=false tip_gap=false historical_gap=false duration_ms=5
Ã°Å¸â€œÂ¦ Sent blocks 2385-2484 (100 blocks) to 12D3KooWE7bMkbbpLoSHKB43JdTZm9zkgqvf1iCQdGAqFFBDa42W
Candidate heartbeat received: D | reported_height=2184 | finalized_height=2184 | local_exec_epoch=2185
Candidate heartbeat received: D | reported_height=2184 | finalized_height=2184 | local_exec_epoch=2185
[EXEC-QUORUM] height=2519 strict=3 relaxed=2 total=4 live=3 stall=20s
[EXEC-QUORUM] height=2519 strict=3 relaxed=2 total=4 live=3 stall=20s
Attempting to connect to 4 peers
[EXEC-QUORUM] height=2519 strict=3 relaxed=2 total=4 live=3 stall=21s
[EXEC-QUORUM] height=2519 strict=3 relaxed=2 total=4 live=3 stall=21s
[SYNC-SERVE-REQUEST] peer=12D3KooW requested=2485-2518 snapshot=false snapshot_height=0
[SYNC-SERVE-RESPONSE] peer=12D3KooW requested=2485-2518 served=2485-2518 count=34 snapshot=false tip_gap=false historical_gap=false duration_ms=1
[SYNC-SERVE-REQUEST] peer=12D3KooW requested=2385-2484 snapshot=false snapshot_height=0
[SYNC-SERVE-RESPONSE] peer=12D3KooW requested=2385-2484 served=2385-2484 count=100 snapshot=false tip_gap=false historical_gap=false duration_ms=6
[EXEC-QUORUM] height=2519 strict=3 relaxed=2 total=4 live=3 stall=21s
[EXEC-QUORUM] height=2519 strict=3 relaxed=2 total=4 live=3 stall=21s
Candidate heartbeat received: D | reported_height=2184 | finalized_height=2184 | local_exec_epoch=2185
Candidate heartbeat received: D | reported_height=2184 | finalized_height=2184 | local_exec_epoch=2185
[EXEC-QUORUM] height=2519 strict=3 relaxed=2 total=4 live=3 stall=22s
[EXEC-QUORUM] height=2519 strict=3 relaxed=2 total=4 live=3 stall=22s
[EXEC-QUORUM] height=2519 strict=3 relaxed=2 total=4 live=3 stall=22s
[SNAPSHOT-PUBLISH] deferred height=2518 reason=auto_publish_interval_10
[EXEC-QUORUM] height=2519 strict=3 relaxed=2 total=4 live=3 stall=23s
[EXEC-QUORUM] height=2519 strict=3 relaxed=2 total=4 live=3 stall=23s
Candidate heartbeat received: D | reported_height=2184 | finalized_height=2184 | local_exec_epoch=2185
Candidate heartbeat received: D | reported_height=2184 | finalized_height=2184 | local_exec_epoch=2185
[SYNC-SERVE-REQUEST] peer=12D3KooW requested=2485-2518 snapshot=false snapshot_height=0
[SYNC-SERVE-RESPONSE] peer=12D3KooW requested=2485-2518 served=2485-2518 count=34 snapshot=false tip_gap=false historical_gap=false duration_ms=1
[SYNC-SERVE-REQUEST] peer=12D3KooW requested=2385-2484 snapshot=false snapshot_height=0
[SYNC-SERVE-RESPONSE] peer=12D3KooW requested=2385-2484 served=2385-2484 count=100 snapshot=false tip_gap=false historical_gap=false duration_ms=6
[EXEC-QUORUM] height=2519 strict=3 relaxed=2 total=4 live=3 stall=23s
[EXEC-QUORUM] height=2519 strict=3 relaxed=2 total=4 live=3 stall=23s
[EXEC-QUORUM] height=2519 strict=3 relaxed=2 total=4 live=3 stall=24s
[EXEC-QUORUM] height=2519 strict=3 relaxed=2 total=4 live=3 stall=24s
[EXEC-QUORUM] height=2519 strict=3 relaxed=2 total=4 live=3 stall=24s
[EXEC-QUORUM] height=2519 strict=3 relaxed=2 total=4 live=3 stall=25s
[EXEC-QUORUM] height=2519 strict=3 relaxed=2 total=4 live=3 stall=25s
[EXEC-QUORUM] height=2519 strict=3 relaxed=2 total=4 live=3 stall=25s
[EXEC-QUORUM] height=2519 strict=3 relaxed=2 total=4 live=3 stall=26s
[EXEC-QUORUM] height=2519 strict=3 relaxed=2 total=4 live=3 stall=26s
[EXEC-QUORUM] height=2519 strict=3 relaxed=2 total=4 live=3 stall=26s
Validator heartbeat: B | reported_height=2518 | finalized_height=2518 | local_exec_epoch=2519
Validator heartbeat: B | reported_height=2518 | finalized_height=2518 | local_exec_epoch=2519
[EXEC-QUORUM] height=2519 strict=3 relaxed=2 total=4 live=3 stall=26s
[EXEC-QUORUM] height=2519 strict=3 relaxed=2 total=4 live=3 stall=26s
[EXEC-QUORUM] height=2519 strict=3 relaxed=2 total=4 live=3 stall=26s
2026/05/18 14:43:55 [EXEC-PRECOMMIT] height=2519 reason=stored_results_quorum prev_round=0 prev_block= round=3 block=aa1d1934 votes=2 required=2
[EXEC-QUORUM] height=2519 strict=3 relaxed=2 total=4 live=3 stall=26s
[EXEC-QUORUM] height=2519 strict=3 relaxed=2 total=4 live=3 stall=26s
[REGISTRY-COMMITMENT-CHECK] height=2519 required=true parent_unanchored=false source=chain_parent_commitment expected=9cd32df6 got=9cd32df6
[EXEC-QUORUM] height=2519 strict=3 relaxed=2 total=4 live=3 stall=26s
[EXEC-QUORUM] height=2519 strict=3 relaxed=2 total=4 live=3 stall=26s
[EXEC-QUORUM] height=2519 strict=3 relaxed=2 total=4 live=3 stall=26s
[REGISTRY-COMMITMENT-CHECK] height=2519 required=true parent_unanchored=false source=chain_parent_commitment expected=9cd32df6 got=9cd32df6
[EXEC-QUORUM] height=2519 strict=3 relaxed=2 total=4 live=3 stall=26s
[EXEC-QUORUM] height=2519 strict=3 relaxed=2 total=4 live=3 stall=26s
[EXEC-QUORUM] height=2519 strict=3 relaxed=2 total=4 live=3 stall=26s
[EXEC-QUORUM] height=2519 strict=3 relaxed=2 total=4 live=3 stall=26s
2026/05/18 14:43:55 [EXEC-COMMIT] height=2519 reason=precommit_quorum round=3 block=790ca18f votes=2 required=2 precommits=2
âŒ Block signature verification failed | proposer=B height=2519 hash=790ca18f candidates=2 runtime_norm=true runtime_raw=true genesis_norm=true genesis_raw=true
[EXEC-QUORUM] height=2519 strict=3 relaxed=2 total=4 live=3 stall=26s
[EXEC-QUORUM] height=2519 strict=3 relaxed=2 total=4 live=3 stall=26s
[EXEC-QUORUM] height=2519 strict=3 relaxed=2 total=4 live=3 stall=26s
[EXEC-QUORUM] height=2519 strict=3 relaxed=2 total=4 live=3 stall=26s
[EXEC-QUORUM] height=2519 strict=3 relaxed=2 total=4 live=3 stall=26s
2026/05/18 14:43:55 [EXEC-COMMIT] height=2519 reason=precommit_quorum round=3 block=790ca18f votes=2 required=2 precommits=2
Validator heartbeat received: B | reported_height=2518 | finalized_height=2518 | local_exec_epoch=2519
âŒ Block signature verification failed | proposer=B height=2519 hash=790ca18f candidates=2 runtime_norm=true runtime_raw=true genesis_norm=true genesis_raw=true
Validator heartbeat: A | reported_height=2518 | finalized_height=2518 | local_exec_epoch=2519
[EXEC-QUORUM] height=2519 strict=3 relaxed=2 total=4 live=3 stall=26s
[EXEC-QUORUM] height=2519 strict=3 relaxed=2 total=4 live=3 stall=26s
[EXEC-QUORUM] height=2519 strict=3 relaxed=2 total=4 live=3 stall=26s
[EXEC-QUORUM] height=2519 strict=3 relaxed=2 total=4 live=3 stall=26s
[REGISTRY-COMMITMENT-CHECK] height=2519 required=true parent_unanchored=false source=chain_parent_commitment expected=9cd32df6 got=9cd32df6
[EXEC-QUORUM] height=2519 strict=3 relaxed=2 total=4 live=3 stall=26s
[EXEC-QUORUM] height=2519 strict=3 relaxed=2 total=4 live=3 stall=26s
[EXEC-QUORUM] height=2519 strict=3 relaxed=2 total=4 live=3 stall=26s
[EXEC-QUORUM] height=2519 strict=3 relaxed=2 total=4 live=3 stall=26s
[EXEC-QUORUM] height=2519 strict=3 relaxed=2 total=4 live=3 stall=26s
2026/05/18 14:43:55 [EXEC-COMMIT] height=2519 reason=precommit_quorum round=3 block=790ca18f votes=2 required=2 precommits=2
Validator heartbeat received: A | reported_height=2518 | finalized_height=2518 | local_exec_epoch=2519
âŒ Block signature verification failed | proposer=B height=2519 hash=790ca18f candidates=2 runtime_norm=true runtime_raw=true genesis_norm=true genesis_raw=true
[EXEC-QUORUM] height=2519 strict=3 relaxed=2 total=4 live=3 stall=26s
âŒ Block signature verification failed | proposer=B height=2519 hash=790ca18f candidates=2 runtime_norm=true runtime_raw=true genesis_norm=true genesis_raw=true
âŒ Block signature verification failed | proposer=B height=2519 hash=790ca18f candidates=2 runtime_norm=true runtime_raw=true genesis_norm=true genesis_raw=true
[EXEC-QUORUM] height=2519 strict=3 relaxed=2 total=4 live=3 stall=26s
âŒ Block signature verification failed | proposer=B height=2519 hash=790ca18f candidates=2 runtime_norm=true runtime_raw=true genesis_norm=true genesis_raw=true
[EXEC-QUORUM] height=2519 strict=3 relaxed=2 total=4 live=3 stall=27s
âŒ Block signature verification failed | proposer=B height=2519 hash=790ca18f candidates=2 runtime_norm=true runtime_raw=true genesis_norm=true genesis_raw=true
Candidate heartbeat received: D | reported_height=2184 | finalized_height=2184 | local_exec_epoch=2185
âŒ Block signature verification failed | proposer=B height=2519 hash=790ca18f candidates=2 runtime_norm=true runtime_raw=true genesis_norm=true genesis_raw=true
[EXEC-QUORUM] height=2519 strict=3 relaxed=2 total=4 live=3 stall=27s
âŒ Block signature verification failed | proposer=B height=2519 hash=790ca18f candidates=2 runtime_norm=true runtime_raw=true genesis_norm=true genesis_raw=true
âŒ Block signature verification failed | proposer=B height=2519 hash=790ca18f candidates=2 runtime_norm=true runtime_raw=true genesis_norm=true genesis_raw=true
[SYNC-SERVE-REQUEST] peer=12D3KooW requested=2519-2519 snapshot=false snapshot_height=0
[SYNC-SERVE-RESPONSE] peer=12D3KooW requested=2519-2519 served=0-0 count=0 snapshot=false tip_gap=true historical_gap=false duration_ms=0
âŒ Block signature verification failed | proposer=B height=2519 hash=790ca18f candidates=2 runtime_norm=true runtime_raw=true genesis_norm=true genesis_raw=true
[SYNC-BLOCK-REJECT] stage=idle provider= local=2518 next=2519 got=2519 reason=validation_failed queue_tip=0 proposer=B hash=790ca18f prev=251b1325
[APPLY-FAIL] h=2519 hash=790ca18f reason=validation_failed fail_count=1
[SYNC-QUEUE-ADD] stage=idle provider= local=2518 next=2519 queued_height=2519 queued_at_height=1 queue_tip=2519 proposer=B hash=790ca18f prev=251b1325
Queued signature-failed block for retry | local=2518 got=2519 proposer=B hash=790ca18f
[SYNC-QUEUE] reason=invalid_block_signature local=2518 target=2519
[SYNC] reason=invalid_block_signature local=2518 target=2519 votes=3 required=3 stage=direct_gossip action=block_range_fetch
[SYNC-REQUEST-START] peer=12D3KooW range=2519-2519 snapshot=false snapshot_height=0 timeout_ms=15000
[SYNC-REQUEST-OPEN] peer=12D3KooW range=2519-2519
Validator heartbeat received: B | reported_height=2518 | finalized_height=2518 | local_exec_epoch=2519
[SYNC-REQUEST-OPEN-OK] peer=12D3KooW range=2519-2519 duration_ms=1
[SYNC-REQUEST-ENCODE] peer=12D3KooW range=2519-2519
[SYNC-REQUEST-ENCODE-OK] peer=12D3KooW range=2519-2519 duration_ms=1
[SYNC-REQUEST-DECODE] peer=12D3KooW range=2519-2519
[SYNC-REQUEST-RESULT] peer=12D3KooW range=2519-2519 count=0 snapshot=false duration_ms=0
Validator heartbeat: A | reported_height=2518 | finalized_height=2518 | local_exec_epoch=2519
[SYNC-REQUEST-START] peer=12D3KooW range=2519-2519 snapshot=false snapshot_height=0 timeout_ms=15000
[SYNC-REQUEST-OPEN] peer=12D3KooW range=2519-2519
[SYNC-REQUEST-OPEN-OK] peer=12D3KooW range=2519-2519 duration_ms=5
[SYNC-REQUEST-ENCODE] peer=12D3KooW range=2519-2519
[EXEC-QUORUM] height=2519 strict=3 relaxed=2 total=4 live=3 stall=27s
[SYNC-REQUEST-ENCODE-OK] peer=12D3KooW range=2519-2519 duration_ms=0
[SYNC-REQUEST-DECODE] peer=12D3KooW range=2519-2519
[EXEC-QUORUM] height=2519 strict=3 relaxed=2 total=4 live=3 stall=27s
[SYNC-REQUEST-RESULT] peer=12D3KooW range=2519-2519 count=0 snapshot=false duration_ms=1
[SYNC-SINGLE] stage=range_fetch requested=2519 result=failed err=single_block_fetch_failed
[SYNC-REQUEST-START] peer=12D3KooW range=2519-2519 snapshot=false snapshot_height=0 timeout_ms=15000
[SYNC-REQUEST-OPEN] peer=12D3KooW range=2519-2519
[SYNC-REQUEST-START] peer=12D3KooW range=2519-2519 snapshot=false snapshot_height=0 timeout_ms=15000
[SYNC-REQUEST-OPEN] peer=12D3KooW range=2519-2519
[SYNC-REQUEST-OPEN-OK] peer=12D3KooW range=2519-2519 duration_ms=0
[SYNC-REQUEST-ENCODE] peer=12D3KooW range=2519-2519
[SYNC-REQUEST-ENCODE-OK] peer=12D3KooW range=2519-2519 duration_ms=0
[SYNC-REQUEST-DECODE] peer=12D3KooW range=2519-2519
[SYNC-REQUEST-RESULT] peer=12D3KooW range=2519-2519 count=0 snapshot=false duration_ms=0
[SYNC-REQUEST-OPEN-OK] peer=12D3KooW range=2519-2519 duration_ms=0
[SYNC-REQUEST-ENCODE] peer=12D3KooW range=2519-2519
[EXEC-QUORUM] height=2519 strict=3 relaxed=2 total=4 live=3 stall=27s
[SYNC-REQUEST-ENCODE-OK] peer=12D3KooW range=2519-2519 duration_ms=1
[SYNC-REQUEST-DECODE] peer=12D3KooW range=2519-2519
[SYNC-REQUEST-RESULT] peer=12D3KooW range=2519-2519 count=0 snapshot=false duration_ms=1
[SYNC-SINGLE] stage=range_fetch requested=2519 result=failed err=single_block_fetch_failed
[SYNC-BATCH-STOP] stage=range_fetch local=2518 target=2519 reason=no_sync_peer exclude=4
[EXEC-QUORUM] height=2519 strict=3 relaxed=2 total=4 live=3 stall=27s
[EXEC-QUORUM] height=2519 strict=3 relaxed=2 total=4 live=3 stall=27s
[REGISTRY-COMMITMENT-CHECK] height=2519 required=true parent_unanchored=false source=chain_parent_commitment expected=9cd32df6 got=9cd32df6
[EXEC-QUORUM] height=2519 strict=3 relaxed=2 total=4 live=3 stall=27s
[EXEC-QUORUM] height=2519 strict=3 relaxed=2 total=4 live=3 stall=27s
[EXEC-QUORUM] height=2519 strict=3 relaxed=2 total=4 live=3 stall=27s
[EXEC-QUORUM] height=2519 strict=3 relaxed=2 total=4 live=3 stall=27s
[EXEC-QUORUM] height=2519 strict=3 relaxed=2 total=4 live=3 stall=27s
2026/05/18 14:43:56 [EXEC-COMMIT] height=2519 reason=precommit_quorum round=3 block=790ca18f votes=2 required=2 precommits=2
âŒ Block signature verification failed | proposer=B height=2519 hash=790ca18f candidates=2 runtime_norm=true runtime_raw=true genesis_norm=true genesis_raw=true
âŒ Block signature verification failed | proposer=B height=2519 hash=790ca18f candidates=2 runtime_norm=true runtime_raw=true genesis_norm=true genesis_raw=true
[SYNC-SERVE-REQUEST] peer=12D3KooW requested=2519-2519 snapshot=false snapshot_height=0
[SYNC-SERVE-RESPONSE] peer=12D3KooW requested=2519-2519 served=0-0 count=0 snapshot=false tip_gap=true historical_gap=false duration_ms=1
[EXEC-QUORUM] height=2519 strict=3 relaxed=2 total=4 live=3 stall=28s
âŒ Block signature verification failed | proposer=B height=2519 hash=790ca18f candidates=2 runtime_norm=true runtime_raw=true genesis_norm=true genesis_raw=true
âŒ Block signature verification failed | proposer=B height=2519 hash=790ca18f candidates=2 runtime_norm=true runtime_raw=true genesis_norm=true genesis_raw=true
âŒ Block signature verification failed | proposer=B height=2519 hash=790ca18f candidates=2 runtime_norm=true runtime_raw=true genesis_norm=true genesis_raw=true
[EXEC-QUORUM] height=2519 strict=3 relaxed=2 total=4 live=3 stall=28s
âŒ Block signature verification failed | proposer=B height=2519 hash=790ca18f candidates=2 runtime_norm=true runtime_raw=true genesis_norm=true genesis_raw=true
âŒ Block signature verification failed | proposer=B height=2519 hash=790ca18f candidates=2 runtime_norm=true runtime_raw=true genesis_norm=true genesis_raw=true
[EXEC-QUORUM] height=2519 strict=3 relaxed=2 total=4 live=3 stall=28s
âŒ Block signature verification failed | proposer=B height=2519 hash=790ca18f candidates=2 runtime_norm=true runtime_raw=true genesis_norm=true genesis_raw=true
âŒ Block signature verification failed | proposer=B height=2519 hash=790ca18f candidates=2 runtime_norm=true runtime_raw=true genesis_norm=true genesis_raw=true
âŒ Block signature verification failed | proposer=B height=2519 hash=790ca18f candidates=2 runtime_norm=true runtime_raw=true genesis_norm=true genesis_raw=true
[EXEC-QUORUM] height=2519 strict=3 relaxed=2 total=4 live=3 stall=28s
âŒ Block signature verification failed | proposer=B height=2519 hash=790ca18f candidates=2 runtime_norm=true runtime_raw=true genesis_norm=true genesis_raw=true
[SYNC-BLOCK-REJECT] stage=direct_gossip provider=12D3KooW local=2518 next=2519 got=2519 reason=validation_failed queue_tip=2519 proposer=B hash=790ca18f prev=251b1325
[APPLY-FAIL] h=2519 hash=790ca18f reason=validation_failed fail_count=2
Validator heartbeat received: A | reported_height=2518 | finalized_height=2518 | local_exec_epoch=2519
[SNAPSHOT-PUBLISH] deferred height=2518 reason=auto_publish_interval_10
Candidate heartbeat received: D | reported_height=2184 | finalized_height=2184 | local_exec_epoch=2185
[EXEC-QUORUM] height=2519 strict=3 relaxed=2 total=4 live=3 stall=29s
Validator heartbeat: C | reported_height=2518 | finalized_height=2518 | local_exec_epoch=2519
Validator heartbeat: C | reported_height=2518 | finalized_height=2518 | local_exec_epoch=2519
[EXEC-QUORUM] height=2519 strict=3 relaxed=2 total=4 live=3 stall=29s
[EXEC-QUORUM] height=2519 strict=3 relaxed=2 total=4 live=3 stall=29s
[EXEC-QUORUM] height=2519 strict=3 relaxed=2 total=4 live=3 stall=29s
[EXEC-QUORUM] height=2519 strict=3 relaxed=2 total=4 live=3 stall=29s
[EXEC-QUORUM] height=2519 strict=3 relaxed=2 total=4 live=3 stall=29s
[EXEC-QUORUM] height=2519 strict=3 relaxed=2 total=4 live=3 stall=29s
[EXEC-QUORUM] height=2519 strict=3 relaxed=2 total=4 live=3 stall=29s
[REGISTRY-COMMITMENT-CHECK] height=2519 required=true parent_unanchored=false source=chain_parent_commitment expected=9cd32df6 got=9cd32df6
[EXEC-QUORUM] height=2519 strict=3 relaxed=2 total=4 live=3 stall=29s
[REGISTRY-COMMITMENT-CHECK] height=2519 required=true parent_unanchored=false source=chain_parent_commitment expected=9cd32df6 got=9cd32df6
[EXEC-QUORUM] height=2519 strict=3 relaxed=2 total=4 live=3 stall=29s
[EXEC-QUORUM] height=2519 strict=3 relaxed=2 total=4 live=3 stall=29s
[EXEC-QUORUM] height=2519 strict=3 relaxed=2 total=4 live=3 stall=29s
[EXEC-QUORUM] height=2519 strict=3 relaxed=2 total=4 live=3 stall=29s
[EXEC-QUORUM] height=2519 strict=3 relaxed=2 total=4 live=3 stall=29s
[EXEC-QUORUM] height=2519 strict=3 relaxed=2 total=4 live=3 stall=29s
[EXEC-QUORUM] height=2519 strict=3 relaxed=2 total=4 live=3 stall=29s
[EXEC-QUORUM] height=2519 strict=3 relaxed=2 total=4 live=3 stall=29s
[EXEC-QUORUM] height=2519 strict=3 relaxed=2 total=4 live=3 stall=29s
[EXEC-QUORUM] height=2519 strict=3 relaxed=2 total=4 live=3 stall=29s
2026/05/18 14:43:58 [EXEC-COMMIT] height=2519 reason=precommit_quorum round=3 block=790ca18f votes=2 required=2 precommits=2
[EXEC-QUORUM] height=2519 strict=3 relaxed=2 total=4 live=3 stall=29s
2026/05/18 14:43:58 [EXEC-COMMIT] height=2519 reason=precommit_quorum round=3 block=790ca18f votes=2 required=2 precommits=2
âŒ Block signature verification failed | proposer=B height=2519 hash=790ca18f candidates=2 runtime_norm=true runtime_raw=true genesis_norm=true genesis_raw=true
Validator heartbeat received: C | reported_height=2518 | finalized_height=2518 | local_exec_epoch=2519
[SYNC] reason=heartbeat local=2518 target=2519 votes=3 required=3 stage=direct_gossip action=block_range_fetch
[SYNC-REQUEST-START] peer=12D3KooW range=2519-2519 snapshot=false snapshot_height=0 timeout_ms=15000
[SYNC-REQUEST-OPEN] peer=12D3KooW range=2519-2519
[SYNC-REQUEST-OPEN-OK] peer=12D3KooW range=2519-2519 duration_ms=1
[SYNC-REQUEST-ENCODE] peer=12D3KooW range=2519-2519
[SYNC-REQUEST-ENCODE-OK] peer=12D3KooW range=2519-2519 duration_ms=0
[SYNC-REQUEST-DECODE] peer=12D3KooW range=2519-2519
[SYNC-REQUEST-START] peer=12D3KooW range=2519-2519 snapshot=false snapshot_height=0 timeout_ms=15000
[SYNC-REQUEST-OPEN] peer=12D3KooW range=2519-2519
[SYNC-REQUEST-OPEN-OK] peer=12D3KooW range=2519-2519 duration_ms=7
[SYNC-REQUEST-ENCODE] peer=12D3KooW range=2519-2519
[SYNC-SERVE-REQUEST] peer=12D3KooW requested=2385-2484 snapshot=false snapshot_height=0
Candidate heartbeat received: D | reported_height=2184 | finalized_height=2184 | local_exec_epoch=2185
[SYNC-REQUEST-RESULT] peer=12D3KooW range=2519-2519 count=0 snapshot=false duration_ms=9
[SYNC-REQUEST-ENCODE-OK] peer=12D3KooW range=2519-2519 duration_ms=3
[SYNC-REQUEST-DECODE] peer=12D3KooW range=2519-2519
[SYNC-REQUEST-RESULT] peer=12D3KooW range=2519-2519 count=0 snapshot=false duration_ms=2
[SYNC-SINGLE] stage=range_fetch requested=2519 result=failed err=single_block_fetch_failed
[SYNC-REQUEST-START] peer=12D3KooW range=2519-2519 snapshot=false snapshot_height=0 timeout_ms=15000
[SYNC-REQUEST-OPEN] peer=12D3KooW range=2519-2519
[SYNC-REQUEST-OPEN-OK] peer=12D3KooW range=2519-2519 duration_ms=4
[SYNC-REQUEST-ENCODE] peer=12D3KooW range=2519-2519
[SYNC-REQUEST-ENCODE-OK] peer=12D3KooW range=2519-2519 duration_ms=0
[SYNC-REQUEST-DECODE] peer=12D3KooW range=2519-2519
[SYNC-SERVE-RESPONSE] peer=12D3KooW requested=2385-2484 served=2385-2484 count=100 snapshot=false tip_gap=false historical_gap=false duration_ms=22
Ã°Å¸â€œÂ¦ Sent blocks 2385-2484 (100 blocks) to 12D3KooWE7bMkbbpLoSHKB43JdTZm9zkgqvf1iCQdGAqFFBDa42W
[SYNC-REQUEST-START] peer=12D3KooW range=2519-2519 snapshot=false snapshot_height=0 timeout_ms=15000
[SYNC-REQUEST-OPEN] peer=12D3KooW range=2519-2519
[SYNC-REQUEST-OPEN-OK] peer=12D3KooW range=2519-2519 duration_ms=0
[SYNC-REQUEST-ENCODE] peer=12D3KooW range=2519-2519
[SYNC-REQUEST-ENCODE-OK] peer=12D3KooW range=2519-2519 duration_ms=0
[SYNC-REQUEST-DECODE] peer=12D3KooW range=2519-2519
[SYNC-REQUEST-RESULT] peer=12D3KooW range=2519-2519 count=0 snapshot=false duration_ms=2
[SYNC-REQUEST-RESULT] peer=12D3KooW range=2519-2519 count=0 snapshot=false duration_ms=13
[SYNC-SINGLE] stage=range_fetch requested=2519 result=failed err=single_block_fetch_failed
[SYNC-BATCH-STOP] stage=range_fetch local=2518 target=2519 reason=no_sync_peer exclude=4
[SYNC-SERVE-REQUEST] peer=12D3KooW requested=2485-2518 snapshot=false snapshot_height=0
[SYNC-SERVE-RESPONSE] peer=12D3KooW requested=2485-2518 served=2485-2518 count=34 snapshot=false tip_gap=false historical_gap=false duration_ms=5
Ã°Å¸â€œÂ¦ Sent blocks 2485-2518 (34 blocks) to 12D3KooWE7bMkbbpLoSHKB43JdTZm9zkgqvf1iCQdGAqFFBDa42W
âŒ Block signature verification failed | proposer=B height=2519 hash=790ca18f candidates=2 runtime_norm=true runtime_raw=true genesis_norm=true genesis_raw=true
âŒ Block signature verification failed | proposer=B height=2519 hash=790ca18f candidates=2 runtime_norm=true runtime_raw=true genesis_norm=true genesis_raw=true
[EXEC-QUORUM] height=2519 strict=3 relaxed=2 total=4 live=3 stall=29s
âŒ Block signature verification failed | proposer=B height=2519 hash=790ca18f candidates=2 runtime_norm=true runtime_raw=true genesis_norm=true genesis_raw=true
âŒ Block signature verification failed | proposer=B height=2519 hash=790ca18f candidates=2 runtime_norm=true runtime_raw=true genesis_norm=true genesis_raw=true
[EXEC-QUORUM] height=2519 strict=3 relaxed=2 total=4 live=3 stall=30s
âŒ Block signature verification failed | proposer=B height=2519 hash=790ca18f candidates=2 runtime_norm=true runtime_raw=true genesis_norm=true genesis_raw=true
âŒ Block signature verification failed | proposer=B height=2519 hash=790ca18f candidates=2 runtime_norm=true runtime_raw=true genesis_norm=true genesis_raw=true
âŒ Block signature verification failed | proposer=B height=2519 hash=790ca18f candidates=2 runtime_norm=true runtime_raw=true genesis_norm=true genesis_raw=true
[EXEC-QUORUM] height=2519 strict=3 relaxed=2 total=4 live=3 stall=30s
âŒ Block signature verification failed | proposer=B height=2519 hash=790ca18f candidates=2 runtime_norm=true runtime_raw=true genesis_norm=true genesis_raw=true
âŒ Block signature verification failed | proposer=B height=2519 hash=790ca18f candidates=2 runtime_norm=true runtime_raw=true genesis_norm=true genesis_raw=true
[SYNC-SERVE-REQUEST] peer=12D3KooW requested=2519-2519 snapshot=false snapshot_height=0
[SYNC-SERVE-RESPONSE] peer=12D3KooW requested=2519-2519 served=0-0 count=0 snapshot=false tip_gap=true historical_gap=false duration_ms=0
[EXEC-QUORUM] height=2519 strict=3 relaxed=2 total=4 live=3 stall=30s
âŒ Block signature verification failed | proposer=B height=2519 hash=790ca18f candidates=2 runtime_norm=true runtime_raw=true genesis_norm=true genesis_raw=true
[SYNC-BLOCK-REJECT] stage=direct_gossip provider=12D3KooW local=2518 next=2519 got=2519 reason=validation_failed queue_tip=2519 proposer=B hash=790ca18f prev=251b1325
[APPLY-FAIL] h=2519 hash=790ca18f reason=validation_failed fail_count=3
[SYNC-QUEUE] reason=invalid_block_signature local=2518 target=2519
Validator heartbeat received: C | reported_height=2518 | finalized_height=2518 | local_exec_epoch=2519
[SYNC-SERVE-REQUEST] peer=12D3KooW requested=2519-2519 snapshot=false snapshot_height=0
[SYNC-SERVE-RESPONSE] peer=12D3KooW requested=2519-2519 served=0-0 count=0 snapshot=false tip_gap=true historical_gap=false duration_ms=0
Candidate heartbeat received: D | reported_height=2184 | finalized_height=2184 | local_exec_epoch=2185
[EXEC-QUORUM] height=2519 strict=3 relaxed=2 total=4 live=3 stall=31s
[EXEC-QUORUM] height=2519 strict=3 relaxed=2 total=4 live=3 stall=31s
[SYNC-SERVE-REQUEST] peer=12D3KooW requested=2519-2519 snapshot=false snapshot_height=0
[SYNC-SERVE-RESPONSE] peer=12D3KooW requested=2519-2519 served=0-0 count=0 snapshot=false tip_gap=true historical_gap=false duration_ms=0
[EXEC-QUORUM] height=2519 strict=3 relaxed=2 total=4 live=3 stall=31s
[CONSENSUS] height=2518 vhash=d75b74ab validators=4
[SYNC] reason=status_tick local=2518 target=2519 votes=3 required=3 stage=direct_gossip action=block_range_fetch
[SYNC-REQUEST-START] peer=12D3KooW range=2519-2519 snapshot=false snapshot_height=0 timeout_ms=15000
[SYNC-REQUEST-OPEN] peer=12D3KooW range=2519-2519
[SYNC-REQUEST-START] peer=12D3KooW range=2519-2519 snapshot=false snapshot_height=0 timeout_ms=15000
[SYNC-REQUEST-OPEN] peer=12D3KooW range=2519-2519
[SYNC-REQUEST-OPEN-OK] peer=12D3KooW range=2519-2519 duration_ms=0
[SYNC-REQUEST-ENCODE] peer=12D3KooW range=2519-2519
[SYNC-REQUEST-ENCODE-OK] peer=12D3KooW range=2519-2519 duration_ms=0
[SYNC-REQUEST-DECODE] peer=12D3KooW range=2519-2519
[SYNC-REQUEST-OPEN-OK] peer=12D3KooW range=2519-2519 duration_ms=1
[SYNC-REQUEST-ENCODE] peer=12D3KooW range=2519-2519
[SYNC-REQUEST-ENCODE-OK] peer=12D3KooW range=2519-2519 duration_ms=0
[SYNC-REQUEST-DECODE] peer=12D3KooW range=2519-2519
[SYNC-REQUEST-RESULT] peer=12D3KooW range=2519-2519 count=0 snapshot=false duration_ms=1
[SYNC-REQUEST-RESULT] peer=12D3KooW range=2519-2519 count=0 snapshot=false duration_ms=6
[SYNC-SINGLE] stage=range_fetch requested=2519 result=failed err=single_block_fetch_failed
[SYNC-REQUEST-START] peer=12D3KooW range=2519-2519 snapshot=false snapshot_height=0 timeout_ms=15000
[SYNC-REQUEST-OPEN] peer=12D3KooW range=2519-2519
[SYNC-REQUEST-START] peer=12D3KooW range=2519-2519 snapshot=false snapshot_height=0 timeout_ms=15000
[SYNC-REQUEST-OPEN] peer=12D3KooW range=2519-2519
[SYNC-REQUEST-OPEN-OK] peer=12D3KooW range=2519-2519 duration_ms=1
[SYNC-REQUEST-ENCODE] peer=12D3KooW range=2519-2519
[SYNC-REQUEST-ENCODE-OK] peer=12D3KooW range=2519-2519 duration_ms=0
2026/05/18 14:44:00 [SYNC-PIPELINE] stage=block_catchup
[SYNC-REQUEST-DECODE] peer=12D3KooW range=2519-2519
[SYNC-REQUEST-OPEN-OK] peer=12D3KooW range=2519-2519 duration_ms=0
[SYNC-REQUEST-ENCODE] peer=12D3KooW range=2519-2519
[SYNC-REQUEST-ENCODE-OK] peer=12D3KooW range=2519-2519 duration_ms=0
[SYNC-REQUEST-DECODE] peer=12D3KooW range=2519-2519
[SYNC-REQUEST-RESULT] peer=12D3KooW range=2519-2519 count=0 snapshot=false duration_ms=1
[SYNC-REQUEST-RESULT] peer=12D3KooW range=2519-2519 count=0 snapshot=false duration_ms=0
[SYNC-SINGLE] stage=range_fetch requested=2519 result=failed err=single_block_fetch_failed
[SYNC-BATCH-STOP] stage=range_fetch local=2518 target=2519 reason=no_sync_peer exclude=4
[EXEC-QUORUM] height=2519 strict=3 relaxed=2 total=4 live=3 stall=31s
[STATUS] height=2518 finalized=2518 peers=4 validators=3 strict_live=3 heartbeat_live=3 out_of_drift=0 drift_limit=8 syncing=true sync_complete=false execution_ready=true execution_reason=ready gossip=false gossip_pipeline= consensus_running=true mode=observer vote=false propose=false role=full validator_state=syncing warmup_seconds=0 ready=false reason=syncing snapshot_source=snapshot_committed expected_source=snapshot_parent expected_hash=d75b74ab resolved_source=snapshot_committed resolved_hash=d75b74ab next_source=carry_forward next_hash=d75b74ab got_hash= authority=snapshot_parent hash_mode=legacy
[EXEC-QUORUM] height=2519 strict=3 relaxed=2 total=4 live=3 stall=32s
Candidate heartbeat received: D | reported_height=2184 | finalized_height=2184 | local_exec_epoch=2185
Candidate heartbeat received: D | reported_height=2184 | finalized_height=2184 | local_exec_epoch=2185
[EXEC-QUORUM] height=2519 strict=3 relaxed=2 total=4 live=3 stall=32s
[EXEC-QUORUM] height=2519 strict=3 relaxed=2 total=4 live=3 stall=32s
[EXEC-QUORUM] height=2519 strict=3 relaxed=2 total=4 live=3 stall=32s
[EXEC-QUORUM] height=2519 strict=3 relaxed=2 total=4 live=3 stall=33s
[SYNC-SERVE-REQUEST] peer=12D3KooW requested=2519-2519 snapshot=false snapshot_height=0
[SYNC-SERVE-RESPONSE] peer=12D3KooW requested=2519-2519 served=0-0 count=0 snapshot=false tip_gap=true historical_gap=false duration_ms=0
[EXEC-QUORUM] height=2519 strict=3 relaxed=2 total=4 live=3 stall=33s
[EXEC-QUORUM] height=2519 strict=3 relaxed=2 total=4 live=3 stall=33s
[SYNC-SERVE-REQUEST] peer=12D3KooW requested=2519-2519 snapshot=false snapshot_height=0
[SYNC-SERVE-RESPONSE] peer=12D3KooW requested=2519-2519 served=0-0 count=0 snapshot=false tip_gap=true historical_gap=false duration_ms=1
[EXEC-QUORUM] height=2519 strict=3 relaxed=2 total=4 live=3 stall=34s
[EXEC-QUORUM] height=2519 strict=3 relaxed=2 total=4 live=3 stall=34s
[EXEC-QUORUM] height=2519 strict=3 relaxed=2 total=4 live=3 stall=34s
[EXEC-QUORUM] height=2519 strict=3 relaxed=2 total=4 live=3 stall=34s
[SNAPSHOT-PUBLISH] deferred height=2518 reason=auto_publish_interval_10
[EXEC-QUORUM] height=2519 strict=3 relaxed=2 total=4 live=3 stall=35s
[EXEC-QUORUM] height=2519 strict=3 relaxed=2 total=4 live=3 stall=35s
[EXEC-QUORUM] height=2519 strict=3 relaxed=2 total=4 live=3 stall=35s
[EXEC-QUORUM] height=2519 strict=3 relaxed=2 total=4 live=3 stall=35s
[EXEC-QUORUM] height=2519 strict=3 relaxed=2 total=4 live=3 stall=36s
[EXEC-QUORUM] height=2519 strict=3 relaxed=2 total=4 live=3 stall=36s
[SYNC-SERVE-REQUEST] peer=12D3KooW requested=2519-2519 snapshot=false snapshot_height=0
[SYNC-SERVE-RESPONSE] peer=12D3KooW requested=2519-2519 served=0-0 count=0 snapshot=false tip_gap=true historical_gap=false duration_ms=4
2026/05/18 14:44:05 [OK] goroutine pressure normalized: 180 (degrade mode off)
[SYNC-QUEUE] reason=late_join local=2518 target=2519
[SYNC] reason=late_join local=2518 target=2519 votes=3 required=3 stage=direct_gossip action=block_range_fetch
[SYNC-REQUEST-START] peer=12D3KooW range=2519-2519 snapshot=false snapshot_height=0 timeout_ms=15000
[SYNC-REQUEST-OPEN] peer=12D3KooW range=2519-2519
[SYNC-REQUEST-START] peer=12D3KooW range=2519-2519 snapshot=false snapshot_height=0 timeout_ms=15000
[SYNC-REQUEST-OPEN] peer=12D3KooW range=2519-2519
[PARTICIPATION-GATE] validator=F height=2519 reason=syncing
2026/05/18 14:44:06 [SYNC-PIPELINE] stage=block_catchup
[SYNC-REQUEST-OPEN-OK] peer=12D3KooW range=2519-2519 duration_ms=45
[SYNC-REQUEST-ENCODE] peer=12D3KooW range=2519-2519
[SYNC-REQUEST-ENCODE-OK] peer=12D3KooW range=2519-2519 duration_ms=3
[SYNC-REQUEST-DECODE] peer=12D3KooW range=2519-2519
[SYNC-REQUEST-OPEN-OK] peer=12D3KooW range=2519-2519 duration_ms=34
[SYNC-REQUEST-ENCODE] peer=12D3KooW range=2519-2519
[SYNC-REQUEST-ENCODE-OK] peer=12D3KooW range=2519-2519 duration_ms=0
[SYNC-REQUEST-DECODE] peer=12D3KooW range=2519-2519
[SYNC-REQUEST-RESULT] peer=12D3KooW range=2519-2519 count=0 snapshot=false duration_ms=4
[EXEC-QUORUM] height=2519 strict=3 relaxed=2 total=4 live=3 stall=37s
[SYNC-REQUEST-RESULT] peer=12D3KooW range=2519-2519 count=0 snapshot=false duration_ms=20
[SYNC-SINGLE] stage=range_fetch requested=2519 result=failed err=single_block_fetch_failed
[SYNC-REQUEST-START] peer=12D3KooW range=2519-2519 snapshot=false snapshot_height=0 timeout_ms=15000
[SYNC-REQUEST-OPEN] peer=12D3KooW range=2519-2519
[SYNC-REQUEST-OPEN-OK] peer=12D3KooW range=2519-2519 duration_ms=4
[SYNC-REQUEST-ENCODE] peer=12D3KooW range=2519-2519
[SYNC-REQUEST-ENCODE-OK] peer=12D3KooW range=2519-2519 duration_ms=1
[SYNC-REQUEST-DECODE] peer=12D3KooW range=2519-2519
[SYNC-REQUEST-START] peer=12D3KooW range=2519-2519 snapshot=false snapshot_height=0 timeout_ms=15000
[SYNC-REQUEST-OPEN] peer=12D3KooW range=2519-2519
[SYNC-REQUEST-OPEN-OK] peer=12D3KooW range=2519-2519 duration_ms=14
[SYNC-REQUEST-ENCODE] peer=12D3KooW range=2519-2519
[SYNC-REQUEST-ENCODE-OK] peer=12D3KooW range=2519-2519 duration_ms=0
[SYNC-REQUEST-DECODE] peer=12D3KooW range=2519-2519
[SYNC-REQUEST-RESULT] peer=12D3KooW range=2519-2519 count=0 snapshot=false duration_ms=6
[SYNC-REQUEST-RESULT] peer=12D3KooW range=2519-2519 count=0 snapshot=false duration_ms=28
[SYNC-SINGLE] stage=range_fetch requested=2519 result=failed err=single_block_fetch_failed
[SYNC-BATCH-STOP] stage=range_fetch local=2518 target=2519 reason=no_sync_peer exclude=4
[EXEC-QUORUM] height=2519 strict=3 relaxed=2 total=4 live=3 stall=37s
[EXEC-QUORUM] height=2519 strict=3 relaxed=2 total=4 live=3 stall=37s
[EXEC-QUORUM] height=2519 strict=3 relaxed=2 total=4 live=3 stall=38s
[SYNC-SERVE-REQUEST] peer=12D3KooW requested=2519-2519 snapshot=false snapshot_height=0
[SYNC-SERVE-RESPONSE] peer=12D3KooW requested=2519-2519 served=0-0 count=0 snapshot=false tip_gap=true historical_gap=false duration_ms=0
[SYNC-SERVE-REQUEST] peer=12D3KooW requested=2519-2519 snapshot=false snapshot_height=0
[SYNC-SERVE-RESPONSE] peer=12D3KooW requested=2519-2519 served=0-0 count=0 snapshot=false tip_gap=true historical_gap=false duration_ms=1
[EXEC-QUORUM] height=2519 strict=3 relaxed=2 total=4 live=3 stall=38s
[EXEC-QUORUM] height=2519 strict=3 relaxed=2 total=4 live=3 stall=38s
Candidate heartbeat received: D | reported_height=2184 | finalized_height=2184 | local_exec_epoch=2185
Validator heartbeat: B | reported_height=2518 | finalized_height=2518 | local_exec_epoch=2519
[EXEC-QUORUM] height=2519 strict=3 relaxed=2 total=4 live=3 stall=38s
[EXEC-QUORUM] height=2519 strict=3 relaxed=2 total=4 live=3 stall=38s
Candidate heartbeat received: D | reported_height=2184 | finalized_height=2184 | local_exec_epoch=2185
Ã°Å¸â€œÂ¨ Consensus message from 12D3KooWHdmUKc1bYKY3scg6TqGhK3SutwH9hu1aAez4VmvwkEyk: leader_block (size: 1290 bytes)
Ã°Å¸â€œÂ¦ Leader block received from 12D3KooWHdmUKc1bYKY3scg6TqGhK3SutwH9hu1aAez4VmvwkEyk | height=2519 proposer=B
Validator heartbeat: B | reported_height=2518 | finalized_height=2518 | local_exec_epoch=2519
[LEADER-BLOCK-REJECT] height=2519 round=3 reason=duplicate_proposal peer=12D3KooWHdmUKc1bYKY3scg6TqGhK3SutwH9hu1aAez4VmvwkEyk proposer=B block=aa1d1934
[LEADER-BLOCK-REJECT] height=2519 round=3 reason=duplicate_proposal peer=12D3KooWHdmUKc1bYKY3scg6TqGhK3SutwH9hu1aAez4VmvwkEyk proposer=B block=aa1d1934
[EXEC-QUORUM] height=2519 strict=3 relaxed=2 total=4 live=3 stall=39s
[PARTICIPATION-GATE] validator=F height=2519 reason=validator_stake_required
[EXEC-QUORUM] height=2519 strict=3 relaxed=2 total=4 live=3 stall=39s
Ã°Å¸â€Å’ Consensus stream EOF from 12D3KooWHdmUKc1bYKY3scg6TqGhK3SutwH9hu1aAez4VmvwkEyk
Ã°Å¸â€Å’ Consensus stream closed with 12D3KooWHdmUKc1bYKY3scg6TqGhK3SutwH9hu1aAez4VmvwkEyk
[EXEC-QUORUM] height=2519 strict=3 relaxed=2 total=4 live=3 stall=39s
[REGISTRY-COMMITMENT-CHECK] height=2519 required=true parent_unanchored=false source=chain_parent_commitment expected=9cd32df6 got=9cd32df6
Ã°Å¸â€œÂ¨ Consensus message from 12D3KooWHdmUKc1bYKY3scg6TqGhK3SutwH9hu1aAez4VmvwkEyk: execution_result (size: 374 bytes)
Ã°Å¸â€Å’ Consensus stream EOF from 12D3KooWHdmUKc1bYKY3scg6TqGhK3SutwH9hu1aAez4VmvwkEyk
Ã°Å¸â€Å’ Consensus stream closed with 12D3KooWHdmUKc1bYKY3scg6TqGhK3SutwH9hu1aAez4VmvwkEyk
[EXEC-QUORUM] height=2519 strict=3 relaxed=2 total=4 live=3 stall=39s
[EXEC-QUORUM] height=2519 strict=3 relaxed=2 total=4 live=3 stall=39s
[EXEC-QUORUM] height=2519 strict=3 relaxed=2 total=4 live=3 stall=39s
[EXEC-QUORUM] height=2519 strict=3 relaxed=2 total=4 live=3 stall=39s
[REGISTRY-COMMITMENT-CHECK] height=2519 required=true parent_unanchored=false source=chain_parent_commitment expected=9cd32df6 got=9cd32df6
[EXEC-QUORUM] height=2519 strict=3 relaxed=2 total=4 live=3 stall=39s
[EXEC-QUORUM] height=2519 strict=3 relaxed=2 total=4 live=3 stall=39s
[EXEC-QUORUM] height=2519 strict=3 relaxed=2 total=4 live=3 stall=39s
[EXEC-QUORUM] height=2519 strict=3 relaxed=2 total=4 live=3 stall=39s
[EXEC-QUORUM] height=2519 strict=3 relaxed=2 total=4 live=3 stall=39s
[EXEC-QUORUM] height=2519 strict=3 relaxed=2 total=4 live=3 stall=39s
2026/05/18 14:44:08 [EXEC-COMMIT] height=2519 reason=precommit_quorum round=3 block=790ca18f votes=2 required=2 precommits=2
âŒ Block signature verification failed | proposer=B height=2519 hash=790ca18f candidates=2 runtime_norm=true runtime_raw=true genesis_norm=true genesis_raw=true
[EXEC-QUORUM] height=2519 strict=3 relaxed=2 total=4 live=3 stall=39s
2026/05/18 14:44:08 [VOTE-DROP] reason=replay_cache signer=B height=2519 round=3 vote_block=aa1d1934 current_block=aa1d1934 proposal=2519|3|aa1d1934e4a68ce2fef370e7a60736ea70e4f492f421393d0bc44e21e5e86ebd||a974bacca5c070f9fd050e0b24c8dc41b107c253542ddf43b4e30f836f8a24e2 exec=a974bacc tx_merkle=
[REGISTRY-COMMITMENT-CHECK] height=2519 required=true parent_unanchored=false source=chain_parent_commitment expected=9cd32df6 got=9cd32df6
[EXEC-QUORUM] height=2519 strict=3 relaxed=2 total=4 live=3 stall=39s
[EXEC-QUORUM] height=2519 strict=3 relaxed=2 total=4 live=3 stall=39s
[EXEC-QUORUM] height=2519 strict=3 relaxed=2 total=4 live=3 stall=39s
[EXEC-QUORUM] height=2519 strict=3 relaxed=2 total=4 live=3 stall=39s
[EXEC-QUORUM] height=2519 strict=3 relaxed=2 total=4 live=3 stall=39s
2026/05/18 14:44:08 [EXEC-COMMIT] height=2519 reason=precommit_quorum round=3 block=790ca18f votes=2 required=2 precommits=2
Validator heartbeat received: B | reported_height=2518 | finalized_height=2518 | local_exec_epoch=2519
[SYNC] reason=heartbeat local=2518 target=2519 votes=3 required=3 stage=direct_gossip action=block_range_fetch
[SYNC-REQUEST-START] peer=12D3KooW range=2519-2519 snapshot=false snapshot_height=0 timeout_ms=15000
[SYNC-REQUEST-OPEN] peer=12D3KooW range=2519-2519
[SYNC-REQUEST-OPEN-OK] peer=12D3KooW range=2519-2519 duration_ms=3
[SYNC-REQUEST-ENCODE] peer=12D3KooW range=2519-2519
[SYNC-REQUEST-ENCODE-OK] peer=12D3KooW range=2519-2519 duration_ms=0
[SYNC-REQUEST-DECODE] peer=12D3KooW range=2519-2519
[SYNC-REQUEST-START] peer=12D3KooW range=2519-2519 snapshot=false snapshot_height=0 timeout_ms=15000
[SYNC-REQUEST-OPEN] peer=12D3KooW range=2519-2519
[SYNC-REQUEST-OPEN-OK] peer=12D3KooW range=2519-2519 duration_ms=0
[SYNC-REQUEST-ENCODE] peer=12D3KooW range=2519-2519
[SYNC-REQUEST-ENCODE-OK] peer=12D3KooW range=2519-2519 duration_ms=2
[SYNC-REQUEST-DECODE] peer=12D3KooW range=2519-2519
[SYNC-REQUEST-RESULT] peer=12D3KooW range=2519-2519 count=0 snapshot=false duration_ms=2
[SYNC-REQUEST-RESULT] peer=12D3KooW range=2519-2519 count=0 snapshot=false duration_ms=15
[SYNC-SINGLE] stage=range_fetch requested=2519 result=failed err=single_block_fetch_failed
[SYNC-REQUEST-START] peer=12D3KooW range=2519-2519 snapshot=false snapshot_height=0 timeout_ms=15000
[SYNC-REQUEST-OPEN] peer=12D3KooW range=2519-2519
[SYNC-REQUEST-OPEN-OK] peer=12D3KooW range=2519-2519 duration_ms=12
[SYNC-REQUEST-ENCODE] peer=12D3KooW range=2519-2519
[SYNC-REQUEST-ENCODE-OK] peer=12D3KooW range=2519-2519 duration_ms=6
[SYNC-REQUEST-DECODE] peer=12D3KooW range=2519-2519
[SYNC-REQUEST-START] peer=12D3KooW range=2519-2519 snapshot=false snapshot_height=0 timeout_ms=15000
[SYNC-REQUEST-OPEN] peer=12D3KooW range=2519-2519
[SYNC-REQUEST-RESULT] peer=12D3KooW range=2519-2519 count=0 snapshot=false duration_ms=15
âŒ Block signature verification failed | proposer=B height=2519 hash=790ca18f candidates=2 runtime_norm=true runtime_raw=true genesis_norm=true genesis_raw=true
[SYNC-REQUEST-OPEN-OK] peer=12D3KooW range=2519-2519 duration_ms=4
[SYNC-REQUEST-ENCODE] peer=12D3KooW range=2519-2519
[SYNC-REQUEST-ENCODE-OK] peer=12D3KooW range=2519-2519 duration_ms=5
[SYNC-REQUEST-DECODE] peer=12D3KooW range=2519-2519
[SYNC-REQUEST-RESULT] peer=12D3KooW range=2519-2519 count=0 snapshot=false duration_ms=16
[SYNC-SINGLE] stage=range_fetch requested=2519 result=failed err=single_block_fetch_failed
[SYNC-BATCH-STOP] stage=range_fetch local=2518 target=2519 reason=no_sync_peer exclude=4
[EXEC-QUORUM] height=2519 strict=3 relaxed=2 total=4 live=3 stall=39s
[SYNC-SERVE-REQUEST] peer=12D3KooW requested=2519-2519 snapshot=false snapshot_height=0
[SYNC-SERVE-RESPONSE] peer=12D3KooW requested=2519-2519 served=0-0 count=0 snapshot=false tip_gap=true historical_gap=false duration_ms=1
âŒ Block signature verification failed | proposer=B height=2519 hash=790ca18f candidates=2 runtime_norm=true runtime_raw=true genesis_norm=true genesis_raw=true
[EXEC-QUORUM] height=2519 strict=3 relaxed=2 total=4 live=3 stall=39s
Validator heartbeat: A | reported_height=2518 | finalized_height=2518 | local_exec_epoch=2519
âŒ Block signature verification failed | proposer=B height=2519 hash=790ca18f candidates=2 runtime_norm=true runtime_raw=true genesis_norm=true genesis_raw=true
[EXEC-QUORUM] height=2519 strict=3 relaxed=2 total=4 live=3 stall=39s
[EXEC-QUORUM] height=2519 strict=3 relaxed=2 total=4 live=3 stall=39s
[EXEC-QUORUM] height=2519 strict=3 relaxed=2 total=4 live=3 stall=39s
[EXEC-QUORUM] height=2519 strict=3 relaxed=2 total=4 live=3 stall=39s
[REGISTRY-COMMITMENT-CHECK] height=2519 required=true parent_unanchored=false source=chain_parent_commitment expected=9cd32df6 got=9cd32df6
[EXEC-QUORUM] height=2519 strict=3 relaxed=2 total=4 live=3 stall=39s
[EXEC-QUORUM] height=2519 strict=3 relaxed=2 total=4 live=3 stall=39s
[EXEC-QUORUM] height=2519 strict=3 relaxed=2 total=4 live=3 stall=39s
[LEADER-BLOCK-REJECT] height=2519 round=3 reason=duplicate_proposal peer=12D3KooWD9ed8zJXbW8uUU6XHD2UYrsQQEvnuXReJWFeo52dvdf8 proposer=B block=aa1d1934
Ã°Å¸â€œÂ¨ Consensus message from 12D3KooWPVKESWFG9sS8G6vjhfPn54kWuNFkkuHwG4yQXhYRcXjX: leader_block (size: 1290 bytes)
Ã°Å¸â€œÂ¦ Leader block received from 12D3KooWPVKESWFG9sS8G6vjhfPn54kWuNFkkuHwG4yQXhYRcXjX | height=2519 proposer=B
Ã°Å¸â€Å’ Consensus stream EOF from 12D3KooWPVKESWFG9sS8G6vjhfPn54kWuNFkkuHwG4yQXhYRcXjX
Ã°Å¸â€Å’ Consensus stream closed with 12D3KooWPVKESWFG9sS8G6vjhfPn54kWuNFkkuHwG4yQXhYRcXjX
[EXEC-QUORUM] height=2519 strict=3 relaxed=2 total=4 live=3 stall=39s
[LEADER-BLOCK-REJECT] height=2519 round=3 reason=duplicate_proposal peer=12D3KooWPVKESWFG9sS8G6vjhfPn54kWuNFkkuHwG4yQXhYRcXjX proposer=B block=aa1d1934
Ã°Å¸â€œÂ¨ Consensus message from 12D3KooWPVKESWFG9sS8G6vjhfPn54kWuNFkkuHwG4yQXhYRcXjX: execution_result (size: 374 bytes)
[EXEC-QUORUM] height=2519 strict=3 relaxed=2 total=4 live=3 stall=39s
Ã°Å¸â€Å’ Consensus stream EOF from 12D3KooWPVKESWFG9sS8G6vjhfPn54kWuNFkkuHwG4yQXhYRcXjX
Ã°Å¸â€Å’ Consensus stream closed with 12D3KooWPVKESWFG9sS8G6vjhfPn54kWuNFkkuHwG4yQXhYRcXjX
[EXEC-QUORUM] height=2519 strict=3 relaxed=2 total=4 live=3 stall=39s
2026/05/18 14:44:08 [EXEC-COMMIT] height=2519 reason=precommit_quorum round=3 block=790ca18f votes=2 required=2 precommits=2
Validator heartbeat received: A | reported_height=2518 | finalized_height=2518 | local_exec_epoch=2519
[EXEC-QUORUM] height=2519 strict=3 relaxed=2 total=4 live=3 stall=39s
[REGISTRY-COMMITMENT-CHECK] height=2519 required=true parent_unanchored=false source=chain_parent_commitment expected=9cd32df6 got=9cd32df6
âŒ Block signature verification failed | proposer=B height=2519 hash=790ca18f candidates=2 runtime_norm=true runtime_raw=true genesis_norm=true genesis_raw=true
[EXEC-QUORUM] height=2519 strict=3 relaxed=2 total=4 live=3 stall=39s
[EXEC-QUORUM] height=2519 strict=3 relaxed=2 total=4 live=3 stall=39s
2026/05/18 14:44:08 [VOTE-DROP] reason=replay_cache signer=A height=2519 round=3 vote_block=aa1d1934 current_block=aa1d1934 proposal=2519|3|aa1d1934e4a68ce2fef370e7a60736ea70e4f492f421393d0bc44e21e5e86ebd||a974bacca5c070f9fd050e0b24c8dc41b107c253542ddf43b4e30f836f8a24e2 exec=a974bacc tx_merkle=
âŒ Block signature verification failed | proposer=B height=2519 hash=790ca18f candidates=2 runtime_norm=true runtime_raw=true genesis_norm=true genesis_raw=true
âŒ Block signature verification failed | proposer=B height=2519 hash=790ca18f candidates=2 runtime_norm=true runtime_raw=true genesis_norm=true genesis_raw=true
[EXEC-QUORUM] height=2519 strict=3 relaxed=2 total=4 live=3 stall=40s
âŒ Block signature verification failed | proposer=B height=2519 hash=790ca18f candidates=2 runtime_norm=true runtime_raw=true genesis_norm=true genesis_raw=true
âŒ Block signature verification failed | proposer=B height=2519 hash=790ca18f candidates=2 runtime_norm=true runtime_raw=true genesis_norm=true genesis_raw=true
âŒ Block signature verification failed | proposer=B height=2519 hash=790ca18f candidates=2 runtime_norm=true runtime_raw=true genesis_norm=true genesis_raw=true
[SYNC-BLOCK-REJECT] stage=direct_gossip provider=12D3KooW local=2518 next=2519 got=2519 reason=validation_failed queue_tip=2519 proposer=B hash=790ca18f prev=251b1325
[APPLY-FAIL] h=2519 hash=790ca18f reason=validation_failed fail_count=4
Validator heartbeat received: B | reported_height=2518 | finalized_height=2518 | local_exec_epoch=2519
Validator heartbeat: A | reported_height=2518 | finalized_height=2518 | local_exec_epoch=2519
[SNAPSHOT-PUBLISH] deferred height=2518 reason=auto_publish_interval_10
[LEADER-BLOCK-REJECT] height=2519 round=3 reason=duplicate_proposal peer= proposer=B block=aa1d1934
[EXEC-QUORUM] height=2519 strict=3 relaxed=2 total=4 live=3 stall=40s
[EXEC-QUORUM] height=2519 strict=3 relaxed=2 total=4 live=3 stall=40s
[EXEC-QUORUM] height=2519 strict=3 relaxed=2 total=4 live=3 stall=40s
[REGISTRY-COMMITMENT-CHECK] height=2519 required=true parent_unanchored=false source=chain_parent_commitment expected=9cd32df6 got=9cd32df6
[EXEC-QUORUM] height=2519 strict=3 relaxed=2 total=4 live=3 stall=40s
[EXEC-QUORUM] height=2519 strict=3 relaxed=2 total=4 live=3 stall=40s
[EXEC-QUORUM] height=2519 strict=3 relaxed=2 total=4 live=3 stall=40s
[SYNC-QUEUE] reason=invalid_block_signature local=2518 target=2519
[EXEC-QUORUM] height=2519 strict=3 relaxed=2 total=4 live=3 stall=40s
2026/05/18 14:44:09 [VOTE-DROP] reason=replay_cache signer=B height=2519 round=3 vote_block=aa1d1934 current_block=aa1d1934 proposal=2519|3|aa1d1934e4a68ce2fef370e7a60736ea70e4f492f421393d0bc44e21e5e86ebd||a974bacca5c070f9fd050e0b24c8dc41b107c253542ddf43b4e30f836f8a24e2 exec=a974bacc tx_merkle=
[EXEC-QUORUM] height=2519 strict=3 relaxed=2 total=4 live=3 stall=40s
[REGISTRY-COMMITMENT-CHECK] height=2519 required=true parent_unanchored=false source=chain_parent_commitment expected=9cd32df6 got=9cd32df6
[EXEC-QUORUM] height=2519 strict=3 relaxed=2 total=4 live=3 stall=40s
[EXEC-QUORUM] height=2519 strict=3 relaxed=2 total=4 live=3 stall=40s
[EXEC-QUORUM] height=2519 strict=3 relaxed=2 total=4 live=3 stall=40s
[EXEC-QUORUM] height=2519 strict=3 relaxed=2 total=4 live=3 stall=40s
[EXEC-QUORUM] height=2519 strict=3 relaxed=2 total=4 live=3 stall=40s
2026/05/18 14:44:09 [EXEC-COMMIT] height=2519 reason=precommit_quorum round=3 block=790ca18f votes=2 required=2 precommits=2
âŒ Block signature verification failed | proposer=B height=2519 hash=790ca18f candidates=2 runtime_norm=true runtime_raw=true genesis_norm=true genesis_raw=true
âŒ Block signature verification failed | proposer=B height=2519 hash=790ca18f candidates=2 runtime_norm=true runtime_raw=true genesis_norm=true genesis_raw=true
âŒ Block signature verification failed | proposer=B height=2519 hash=790ca18f candidates=2 runtime_norm=true runtime_raw=true genesis_norm=true genesis_raw=true
âŒ Block signature verification failed | proposer=B height=2519 hash=790ca18f candidates=2 runtime_norm=true runtime_raw=true genesis_norm=true genesis_raw=true
âŒ Block signature verification failed | proposer=B height=2519 hash=790ca18f candidates=2 runtime_norm=true runtime_raw=true genesis_norm=true genesis_raw=true
[SYNC-SERVE-REQUEST] peer=12D3KooW requested=2519-2519 snapshot=false snapshot_height=0
[SYNC-SERVE-RESPONSE] peer=12D3KooW requested=2519-2519 served=0-0 count=0 snapshot=false tip_gap=true historical_gap=false duration_ms=0
[EXEC-QUORUM] height=2519 strict=3 relaxed=2 total=4 live=3 stall=41s
âŒ Block signature verification failed | proposer=B height=2519 hash=790ca18f candidates=2 runtime_norm=true runtime_raw=true genesis_norm=true genesis_raw=true
âŒ Block signature verification failed | proposer=B height=2519 hash=790ca18f candidates=2 runtime_norm=true runtime_raw=true genesis_norm=true genesis_raw=true
[SYNC-SERVE-REQUEST] peer=12D3KooW requested=2519-2519 snapshot=false snapshot_height=0
[SYNC-SERVE-RESPONSE] peer=12D3KooW requested=2519-2519 served=0-0 count=0 snapshot=false tip_gap=true historical_gap=false duration_ms=9
[EXEC-QUORUM] height=2519 strict=3 relaxed=2 total=4 live=3 stall=41s
âŒ Block signature verification failed | proposer=B height=2519 hash=790ca18f candidates=2 runtime_norm=true runtime_raw=true genesis_norm=true genesis_raw=true
âŒ Block signature verification failed | proposer=B height=2519 hash=790ca18f candidates=2 runtime_norm=true runtime_raw=true genesis_norm=true genesis_raw=true
âŒ Block signature verification failed | proposer=B height=2519 hash=790ca18f candidates=2 runtime_norm=true runtime_raw=true genesis_norm=true genesis_raw=true
[SYNC-BLOCK-REJECT] stage=direct_gossip provider=12D3KooW local=2518 next=2519 got=2519 reason=validation_failed queue_tip=2519 proposer=B hash=790ca18f prev=251b1325
[APPLY-FAIL] h=2519 hash=790ca18f reason=validation_failed fail_count=5
[SYNC] reason=invalid_block_signature local=2518 target=2519 votes=3 required=3 stage=direct_gossip action=block_range_fetch
[SYNC-REQUEST-START] peer=12D3KooW range=2519-2519 snapshot=false snapshot_height=0 timeout_ms=15000
[SYNC-REQUEST-OPEN] peer=12D3KooW range=2519-2519
[SYNC-REQUEST-START] peer=12D3KooW range=2519-2519 snapshot=false snapshot_height=0 timeout_ms=15000
[SYNC-REQUEST-OPEN] peer=12D3KooW range=2519-2519
[SYNC-REQUEST-OPEN-OK] peer=12D3KooW range=2519-2519 duration_ms=0
[SYNC-REQUEST-ENCODE] peer=12D3KooW range=2519-2519
[SYNC-REQUEST-ENCODE-OK] peer=12D3KooW range=2519-2519 duration_ms=0
[SYNC-REQUEST-DECODE] peer=12D3KooW range=2519-2519
[SYNC-REQUEST-OPEN-OK] peer=12D3KooW range=2519-2519 duration_ms=0
[SYNC-REQUEST-ENCODE] peer=12D3KooW range=2519-2519
[SYNC-REQUEST-ENCODE-OK] peer=12D3KooW range=2519-2519 duration_ms=0
[SYNC-REQUEST-DECODE] peer=12D3KooW range=2519-2519
Validator heartbeat received: A | reported_height=2518 | finalized_height=2518 | local_exec_epoch=2519
[SYNC-REQUEST-RESULT] peer=12D3KooW range=2519-2519 count=0 snapshot=false duration_ms=5
[LEADER-BLOCK-REJECT] height=2519 round=3 reason=duplicate_proposal peer= proposer=B block=aa1d1934
2026/05/18 14:44:10 [SYNC-PIPELINE] stage=block_catchup
[SYNC-SERVE-REQUEST] peer=12D3KooW requested=2385-2484 snapshot=false snapshot_height=0
[SYNC-REQUEST-RESULT] peer=12D3KooW range=2519-2519 count=0 snapshot=false duration_ms=20
[SYNC-SINGLE] stage=range_fetch requested=2519 result=failed err=single_block_fetch_failed
[SYNC-REQUEST-START] peer=12D3KooW range=2519-2519 snapshot=false snapshot_height=0 timeout_ms=15000
[SYNC-REQUEST-OPEN] peer=12D3KooW range=2519-2519
[SYNC-SERVE-REQUEST] peer=12D3KooW requested=2485-2518 snapshot=false snapshot_height=0
[SYNC-SERVE-RESPONSE] peer=12D3KooW requested=2485-2518 served=2485-2518 count=34 snapshot=false tip_gap=false historical_gap=false duration_ms=57
Ã°Å¸â€œÂ¦ Sent blocks 2485-2518 (34 blocks) to 12D3KooWE7bMkbbpLoSHKB43JdTZm9zkgqvf1iCQdGAqFFBDa42W
[SYNC-REQUEST-START] peer=12D3KooW range=2519-2519 snapshot=false snapshot_height=0 timeout_ms=15000
[SYNC-REQUEST-OPEN] peer=12D3KooW range=2519-2519
[SYNC-REQUEST-OPEN-OK] peer=12D3KooW range=2519-2519 duration_ms=5
[SYNC-REQUEST-ENCODE] peer=12D3KooW range=2519-2519
[SYNC-REQUEST-ENCODE-OK] peer=12D3KooW range=2519-2519 duration_ms=1
[SYNC-REQUEST-DECODE] peer=12D3KooW range=2519-2519
[EXEC-QUORUM] height=2519 strict=3 relaxed=2 total=4 live=3 stall=41s
[SYNC-SERVE-RESPONSE] peer=12D3KooW requested=2385-2484 served=2385-2484 count=100 snapshot=false tip_gap=false historical_gap=false duration_ms=38
Ã°Å¸â€œÂ¦ Sent blocks 2385-2484 (100 blocks) to 12D3KooWE7bMkbbpLoSHKB43JdTZm9zkgqvf1iCQdGAqFFBDa42W
[SYNC-REQUEST-RESULT] peer=12D3KooW range=2519-2519 count=0 snapshot=false duration_ms=2
[EXEC-QUORUM] height=2519 strict=3 relaxed=2 total=4 live=3 stall=41s
[REGISTRY-COMMITMENT-CHECK] height=2519 required=true parent_unanchored=false source=chain_parent_commitment expected=9cd32df6 got=9cd32df6
[SYNC-REQUEST-OPEN-OK] peer=12D3KooW range=2519-2519 duration_ms=0
[SYNC-REQUEST-ENCODE] peer=12D3KooW range=2519-2519
[SYNC-REQUEST-ENCODE-OK] peer=12D3KooW range=2519-2519 duration_ms=0
[SYNC-REQUEST-DECODE] peer=12D3KooW range=2519-2519
[EXEC-QUORUM] height=2519 strict=3 relaxed=2 total=4 live=3 stall=42s
[EXEC-QUORUM] height=2519 strict=3 relaxed=2 total=4 live=3 stall=42s
2026/05/18 14:44:11 [VOTE-DROP] reason=replay_cache signer=A height=2519 round=3 vote_block=aa1d1934 current_block=aa1d1934 proposal=2519|3|aa1d1934e4a68ce2fef370e7a60736ea70e4f492f421393d0bc44e21e5e86ebd||a974bacca5c070f9fd050e0b24c8dc41b107c253542ddf43b4e30f836f8a24e2 exec=a974bacc tx_merkle=
[SYNC-REQUEST-RESULT] peer=12D3KooW range=2519-2519 count=0 snapshot=false duration_ms=53
[SYNC-SINGLE] stage=range_fetch requested=2519 result=failed err=single_block_fetch_failed
[SYNC-BATCH-STOP] stage=range_fetch local=2518 target=2519 reason=no_sync_peer exclude=4
[EXEC-QUORUM] height=2519 strict=3 relaxed=2 total=4 live=3 stall=42s
Validator heartbeat: C | reported_height=2518 | finalized_height=2518 | local_exec_epoch=2519
Validator heartbeat: C | reported_height=2518 | finalized_height=2518 | local_exec_epoch=2519
[EXEC-QUORUM] height=2519 strict=3 relaxed=2 total=4 live=3 stall=42s
[EXEC-QUORUM] height=2519 strict=3 relaxed=2 total=4 live=3 stall=42s
[EXEC-QUORUM] height=2519 strict=3 relaxed=2 total=4 live=3 stall=42s
[EXEC-QUORUM] height=2519 strict=3 relaxed=2 total=4 live=3 stall=42s
[EXEC-QUORUM] height=2519 strict=3 relaxed=2 total=4 live=3 stall=42s
[EXEC-QUORUM] height=2519 strict=3 relaxed=2 total=4 live=3 stall=42s
[EXEC-QUORUM] height=2519 strict=3 relaxed=2 total=4 live=3 stall=42s
[REGISTRY-COMMITMENT-CHECK] height=2519 required=true parent_unanchored=false source=chain_parent_commitment expected=9cd32df6 got=9cd32df6
[EXEC-QUORUM] height=2519 strict=3 relaxed=2 total=4 live=3 stall=42s
[EXEC-QUORUM] height=2519 strict=3 relaxed=2 total=4 live=3 stall=42s
[REGISTRY-COMMITMENT-CHECK] height=2519 required=true parent_unanchored=false source=chain_parent_commitment expected=9cd32df6 got=9cd32df6
[EXEC-QUORUM] height=2519 strict=3 relaxed=2 total=4 live=3 stall=42s
[EXEC-QUORUM] height=2519 strict=3 relaxed=2 total=4 live=3 stall=42s
[EXEC-QUORUM] height=2519 strict=3 relaxed=2 total=4 live=3 stall=42s
[EXEC-QUORUM] height=2519 strict=3 relaxed=2 total=4 live=3 stall=42s
[EXEC-QUORUM] height=2519 strict=3 relaxed=2 total=4 live=3 stall=42s
[EXEC-QUORUM] height=2519 strict=3 relaxed=2 total=4 live=3 stall=42s
[EXEC-QUORUM] height=2519 strict=3 relaxed=2 total=4 live=3 stall=42s
2026/05/18 14:44:11 [EXEC-COMMIT] height=2519 reason=precommit_quorum round=3 block=790ca18f votes=2 required=2 precommits=2
âŒ Block signature verification failed | proposer=B height=2519 hash=790ca18f candidates=2 runtime_norm=true runtime_raw=true genesis_norm=true genesis_raw=true
[EXEC-QUORUM] height=2519 strict=3 relaxed=2 total=4 live=3 stall=42s
[EXEC-QUORUM] height=2519 strict=3 relaxed=2 total=4 live=3 stall=42s
2026/05/18 14:44:11 [EXEC-COMMIT] height=2519 reason=precommit_quorum round=3 block=790ca18f votes=2 required=2 precommits=2
Validator heartbeat received: C | reported_height=2518 | finalized_height=2518 | local_exec_epoch=2519
[EXEC-QUORUM] height=2519 strict=3 relaxed=2 total=4 live=3 stall=42s
âŒ Block signature verification failed | proposer=B height=2519 hash=790ca18f candidates=2 runtime_norm=true runtime_raw=true genesis_norm=true genesis_raw=true
âŒ Block signature verification failed | proposer=B height=2519 hash=790ca18f candidates=2 runtime_norm=true runtime_raw=true genesis_norm=true genesis_raw=true
âŒ Block signature verification failed | proposer=B height=2519 hash=790ca18f candidates=2 runtime_norm=true runtime_raw=true genesis_norm=true genesis_raw=true
[EXEC-QUORUM] height=2519 strict=3 relaxed=2 total=4 live=3 stall=43s
âŒ Block signature verification failed | proposer=B height=2519 hash=790ca18f candidates=2 runtime_norm=true runtime_raw=true genesis_norm=true genesis_raw=true
âŒ Block signature verification failed | proposer=B height=2519 hash=790ca18f candidates=2 runtime_norm=true runtime_raw=true genesis_norm=true genesis_raw=true
[SYNC-SERVE-REQUEST] peer=12D3KooW requested=2519-2519 snapshot=false snapshot_height=0
[SYNC-SERVE-RESPONSE] peer=12D3KooW requested=2519-2519 served=0-0 count=0 snapshot=false tip_gap=true historical_gap=false duration_ms=1
âŒ Block signature verification failed | proposer=B height=2519 hash=790ca18f candidates=2 runtime_norm=true runtime_raw=true genesis_norm=true genesis_raw=true
[SYNC-SERVE-REQUEST] peer=12D3KooW requested=2519-2519 snapshot=false snapshot_height=0
[SYNC-SERVE-RESPONSE] peer=12D3KooW requested=2519-2519 served=0-0 count=0 snapshot=false tip_gap=true historical_gap=false duration_ms=0
[EXEC-QUORUM] height=2519 strict=3 relaxed=2 total=4 live=3 stall=43s
âŒ Block signature verification failed | proposer=B height=2519 hash=790ca18f candidates=2 runtime_norm=true runtime_raw=true genesis_norm=true genesis_raw=true
âŒ Block signature verification failed | proposer=B height=2519 hash=790ca18f candidates=2 runtime_norm=true runtime_raw=true genesis_norm=true genesis_raw=true
âŒ Block signature verification failed | proposer=B height=2519 hash=790ca18f candidates=2 runtime_norm=true runtime_raw=true genesis_norm=true genesis_raw=true
[EXEC-QUORUM] height=2519 strict=3 relaxed=2 total=4 live=3 stall=43s
âŒ Block signature verification failed | proposer=B height=2519 hash=790ca18f candidates=2 runtime_norm=true runtime_raw=true genesis_norm=true genesis_raw=true
[SYNC-BLOCK-REJECT] stage=direct_gossip provider=12D3KooW local=2518 next=2519 got=2519 reason=validation_failed queue_tip=2519 proposer=B hash=790ca18f prev=251b1325
[APPLY-FAIL] h=2519 hash=790ca18f reason=validation_failed fail_count=6
[SYNC-QUEUE] reason=invalid_block_signature local=2518 target=2519
[SYNC] reason=invalid_block_signature local=2518 target=2519 votes=3 required=3 stage=direct_gossip action=block_range_fetch
[SYNC-REQUEST-START] peer=12D3KooW range=2519-2519 snapshot=false snapshot_height=0 timeout_ms=15000
[SYNC-REQUEST-OPEN] peer=12D3KooW range=2519-2519
[SYNC-REQUEST-OPEN-OK] peer=12D3KooW range=2519-2519 duration_ms=1
[SYNC-REQUEST-ENCODE] peer=12D3KooW range=2519-2519
[SYNC-REQUEST-ENCODE-OK] peer=12D3KooW range=2519-2519 duration_ms=0
[SYNC-REQUEST-DECODE] peer=12D3KooW range=2519-2519
[SYNC-REQUEST-START] peer=12D3KooW range=2519-2519 snapshot=false snapshot_height=0 timeout_ms=15000
[SYNC-REQUEST-OPEN] peer=12D3KooW range=2519-2519
[SYNC-REQUEST-OPEN-OK] peer=12D3KooW range=2519-2519 duration_ms=1
[SYNC-REQUEST-ENCODE] peer=12D3KooW range=2519-2519
[SYNC-REQUEST-ENCODE-OK] peer=12D3KooW range=2519-2519 duration_ms=8
[SYNC-REQUEST-DECODE] peer=12D3KooW range=2519-2519
[SYNC-REQUEST-RESULT] peer=12D3KooW range=2519-2519 count=0 snapshot=false duration_ms=25
Validator heartbeat received: C | reported_height=2518 | finalized_height=2518 | local_exec_epoch=2519
[SYNC-REQUEST-RESULT] peer=12D3KooW range=2519-2519 count=0 snapshot=false duration_ms=25
[SYNC-SINGLE] stage=range_fetch requested=2519 result=failed err=single_block_fetch_failed
[SYNC-REQUEST-START] peer=12D3KooW range=2519-2519 snapshot=false snapshot_height=0 timeout_ms=15000
[SYNC-REQUEST-OPEN] peer=12D3KooW range=2519-2519
[SYNC-REQUEST-OPEN-OK] peer=12D3KooW range=2519-2519 duration_ms=1
[SYNC-REQUEST-ENCODE] peer=12D3KooW range=2519-2519
[SYNC-REQUEST-ENCODE-OK] peer=12D3KooW range=2519-2519 duration_ms=0
[SYNC-REQUEST-DECODE] peer=12D3KooW range=2519-2519
[SYNC-REQUEST-START] peer=12D3KooW range=2519-2519 snapshot=false snapshot_height=0 timeout_ms=15000
[SYNC-REQUEST-OPEN] peer=12D3KooW range=2519-2519
[SYNC-REQUEST-OPEN-OK] peer=12D3KooW range=2519-2519 duration_ms=9
[SYNC-REQUEST-ENCODE] peer=12D3KooW range=2519-2519
[SYNC-REQUEST-ENCODE-OK] peer=12D3KooW range=2519-2519 duration_ms=0
[SYNC-REQUEST-DECODE] peer=12D3KooW range=2519-2519
[SYNC-REQUEST-RESULT] peer=12D3KooW range=2519-2519 count=0 snapshot=false duration_ms=14
[SYNC-REQUEST-RESULT] peer=12D3KooW range=2519-2519 count=0 snapshot=false duration_ms=23
[SYNC-SINGLE] stage=range_fetch requested=2519 result=failed err=single_block_fetch_failed
[SYNC-BATCH-STOP] stage=range_fetch local=2518 target=2519 reason=no_sync_peer exclude=4
[EXEC-QUORUM] height=2519 strict=3 relaxed=2 total=4 live=3 stall=44s
[EXEC-QUORUM] height=2519 strict=3 relaxed=2 total=4 live=3 stall=44s
[EXEC-QUORUM] height=2519 strict=3 relaxed=2 total=4 live=3 stall=44s
Attempting to connect to 4 peers
[EXEC-QUORUM] height=2519 strict=3 relaxed=2 total=4 live=3 stall=45s
[EXEC-QUORUM] height=2519 strict=3 relaxed=2 total=4 live=3 stall=45s
[EXEC-QUORUM] height=2519 strict=3 relaxed=2 total=4 live=3 stall=45s
[EXEC-QUORUM] height=2519 strict=3 relaxed=2 total=4 live=3 stall=45s
[EXEC-QUORUM] height=2519 strict=3 relaxed=2 total=4 live=3 stall=45s
Candidate heartbeat received: D | reported_height=2184 | finalized_height=2184 | local_exec_epoch=2185
Candidate heartbeat received: D | reported_height=2184 | finalized_height=2184 | local_exec_epoch=2185
[EXEC-QUORUM] height=2519 strict=3 relaxed=2 total=4 live=3 stall=46s
[EXEC-QUORUM] height=2519 strict=3 relaxed=2 total=4 live=3 stall=46s
[SYNC-SERVE-REQUEST] peer=12D3KooW requested=2519-2519 snapshot=false snapshot_height=0
[SYNC-SERVE-RESPONSE] peer=12D3KooW requested=2519-2519 served=0-0 count=0 snapshot=false tip_gap=true historical_gap=false duration_ms=0
[EXEC-QUORUM] height=2519 strict=3 relaxed=2 total=4 live=3 stall=46s
[CONSENSUS] height=2518 vhash=d75b74ab validators=4
[SYNC] reason=status_tick local=2518 target=2519 votes=3 required=3 stage=direct_gossip action=block_range_fetch
[SYNC-REQUEST-START] peer=12D3KooW range=2519-2519 snapshot=false snapshot_height=0 timeout_ms=15000
[SYNC-REQUEST-OPEN] peer=12D3KooW range=2519-2519
[SYNC-REQUEST-START] peer=12D3KooW range=2519-2519 snapshot=false snapshot_height=0 timeout_ms=15000
[SYNC-REQUEST-OPEN] peer=12D3KooW range=2519-2519
[SYNC-REQUEST-OPEN-OK] peer=12D3KooW range=2519-2519 duration_ms=1
[SYNC-REQUEST-ENCODE] peer=12D3KooW range=2519-2519
2026/05/18 14:44:15 [SYNC-PIPELINE] stage=block_catchup
[SYNC-REQUEST-ENCODE-OK] peer=12D3KooW range=2519-2519 duration_ms=0
[SYNC-REQUEST-OPEN-OK] peer=12D3KooW range=2519-2519 duration_ms=0
[SYNC-REQUEST-ENCODE] peer=12D3KooW range=2519-2519
[SYNC-REQUEST-ENCODE-OK] peer=12D3KooW range=2519-2519 duration_ms=0
[SYNC-REQUEST-DECODE] peer=12D3KooW range=2519-2519
[SYNC-REQUEST-DECODE] peer=12D3KooW range=2519-2519
[SYNC-REQUEST-RESULT] peer=12D3KooW range=2519-2519 count=0 snapshot=false duration_ms=1
[SYNC-REQUEST-RESULT] peer=12D3KooW range=2519-2519 count=0 snapshot=false duration_ms=6
[SYNC-SINGLE] stage=range_fetch requested=2519 result=failed err=single_block_fetch_failed
[SYNC-REQUEST-START] peer=12D3KooW range=2519-2519 snapshot=false snapshot_height=0 timeout_ms=15000
[SYNC-REQUEST-OPEN] peer=12D3KooW range=2519-2519
[SYNC-REQUEST-OPEN-OK] peer=12D3KooW range=2519-2519 duration_ms=1
[SYNC-REQUEST-ENCODE] peer=12D3KooW range=2519-2519
[SYNC-REQUEST-ENCODE-OK] peer=12D3KooW range=2519-2519 duration_ms=0
[SYNC-REQUEST-DECODE] peer=12D3KooW range=2519-2519
[EXEC-QUORUM] height=2519 strict=3 relaxed=2 total=4 live=3 stall=46s
[SYNC-REQUEST-START] peer=12D3KooW range=2519-2519 snapshot=false snapshot_height=0 timeout_ms=15000
[SYNC-REQUEST-OPEN] peer=12D3KooW range=2519-2519
[SYNC-REQUEST-OPEN-OK] peer=12D3KooW range=2519-2519 duration_ms=0
[SYNC-REQUEST-ENCODE] peer=12D3KooW range=2519-2519
[SYNC-REQUEST-ENCODE-OK] peer=12D3KooW range=2519-2519 duration_ms=1
[SYNC-REQUEST-DECODE] peer=12D3KooW range=2519-2519
[SYNC-REQUEST-RESULT] peer=12D3KooW range=2519-2519 count=0 snapshot=false duration_ms=4
[SYNC-REQUEST-RESULT] peer=12D3KooW range=2519-2519 count=0 snapshot=false duration_ms=4
[SYNC-SINGLE] stage=range_fetch requested=2519 result=failed err=single_block_fetch_failed
[SYNC-BATCH-STOP] stage=range_fetch local=2518 target=2519 reason=no_sync_peer exclude=4
[STATUS] height=2518 finalized=2518 peers=4 validators=3 strict_live=3 heartbeat_live=3 out_of_drift=0 drift_limit=8 syncing=true sync_complete=false execution_ready=true execution_reason=ready gossip=false gossip_pipeline= consensus_running=true mode=observer vote=false propose=false role=full validator_state=syncing warmup_seconds=0 ready=false reason=syncing snapshot_source=snapshot_committed expected_source=snapshot_parent expected_hash=d75b74ab resolved_source=snapshot_committed resolved_hash=d75b74ab next_source=carry_forward next_hash=d75b74ab got_hash= authority=snapshot_parent hash_mode=legacy
[SNAPSHOT-PUBLISH] deferred height=2518 reason=auto_publish_interval_10
[EXEC-QUORUM] height=2519 strict=3 relaxed=2 total=4 live=3 stall=46s
[SYNC-QUEUE] reason=late_join local=2518 target=2519
2026/05/18 14:44:15 map stats: seen_blocks=3 seen_txs=0 fork_heights=1 fork_blocks=1 exec_results_keys=0 exec_results_total=0 pending_blocks=0 queued_exec_votes_keys=0 queued_exec_votes_total=0 accepted_proposal=1 exec_broadcasted_epochs=0 exec_broadcasted_keys=0 exec_signer_seen_epochs=1 exec_signer_seen_total=4 exec_broadcasted_by_val_epochs=0 exec_broadcasted_by_val_total=0 exec_rebroadcast_epochs=0 validator_status=6 candidates=1 peer_state=20 peers_connected=4 peers_connecting=0 peer_suspect=0 allowed_peers=4 pending_validators=0 pending_removals=0 queued_validator_updates=0 height_report_epochs=1 height_report_total=3 misbehavior_validators=0 misbehavior_total=0 exec_mismatch_tracked=0 exec_vote_replay_cache=4
[EXEC-QUORUM] height=2519 strict=3 relaxed=2 total=4 live=3 stall=46s
[EXEC-QUORUM] height=2519 strict=3 relaxed=2 total=4 live=3 stall=47s
[EXEC-QUORUM] height=2519 strict=3 relaxed=2 total=4 live=3 stall=47s
[SYNC-SERVE-REQUEST] peer=12D3KooW requested=2519-2519 snapshot=false snapshot_height=0
[SYNC-SERVE-RESPONSE] peer=12D3KooW requested=2519-2519 served=0-0 count=0 snapshot=false tip_gap=true historical_gap=false duration_ms=0
[EXEC-QUORUM] height=2519 strict=3 relaxed=2 total=4 live=3 stall=47s
[SYNC-SERVE-REQUEST] peer=12D3KooW requested=2519-2519 snapshot=false snapshot_height=0
[SYNC-SERVE-RESPONSE] peer=12D3KooW requested=2519-2519 served=0-0 count=0 snapshot=false tip_gap=true historical_gap=false duration_ms=0
[EXEC-QUORUM] height=2519 strict=3 relaxed=2 total=4 live=3 stall=48s
[EXEC-QUORUM] height=2519 strict=3 relaxed=2 total=4 live=3 stall=48s
Candidate heartbeat received: D | reported_height=2184 | finalized_height=2184 | local_exec_epoch=2185
Candidate heartbeat received: D | reported_height=2184 | finalized_height=2184 | local_exec_epoch=2185
[EXEC-QUORUM] height=2519 strict=3 relaxed=2 total=4 live=3 stall=48s
[EXEC-QUORUM] height=2519 strict=3 relaxed=2 total=4 live=3 stall=49s
[EXEC-QUORUM] height=2519 strict=3 relaxed=2 total=4 live=3 stall=49s
[EXEC-QUORUM] height=2519 strict=3 relaxed=2 total=4 live=3 stall=49s
[EXEC-QUORUM] height=2519 strict=3 relaxed=2 total=4 live=3 stall=49s
[EXEC-QUORUM] height=2519 strict=3 relaxed=2 total=4 live=3 stall=50s
[SYNC-SERVE-REQUEST] peer=12D3KooW requested=2385-2484 snapshot=false snapshot_height=0
[SYNC-SERVE-RESPONSE] peer=12D3KooW requested=2385-2484 served=2385-2484 count=100 snapshot=false tip_gap=false historical_gap=false duration_ms=5
[SYNC-SERVE-REQUEST] peer=12D3KooW requested=2485-2518 snapshot=false snapshot_height=0
[SYNC-SERVE-RESPONSE] peer=12D3KooW requested=2485-2518 served=2485-2518 count=34 snapshot=false tip_gap=false historical_gap=false duration_ms=2
[EXEC-QUORUM] height=2519 strict=3 relaxed=2 total=4 live=3 stall=50s
[EXEC-QUORUM] height=2519 strict=3 relaxed=2 total=4 live=3 stall=50s
[EXEC-QUORUM] height=2519 strict=3 relaxed=2 total=4 live=3 stall=51s
Candidate heartbeat received: D | reported_height=2184 | finalized_height=2184 | local_exec_epoch=2185
Candidate heartbeat received: D | reported_height=2184 | finalized_height=2184 | local_exec_epoch=2185
[EXEC-QUORUM] height=2519 strict=3 relaxed=2 total=4 live=3 stall=51s
[EXEC-QUORUM] height=2519 strict=3 relaxed=2 total=4 live=3 stall=51s
[SYNC-SERVE-REQUEST] peer=12D3KooW requested=2519-2519 snapshot=false snapshot_height=0
[SYNC-SERVE-RESPONSE] peer=12D3KooW requested=2519-2519 served=0-0 count=0 snapshot=false tip_gap=true historical_gap=false duration_ms=0
[EXEC-QUORUM] height=2519 strict=3 relaxed=2 total=4 live=3 stall=51s
Validator heartbeat: B | reported_height=2518 | finalized_height=2518 | local_exec_epoch=2519
Validator heartbeat: B | reported_height=2518 | finalized_height=2518 | local_exec_epoch=2519
[EXEC-QUORUM] height=2519 strict=3 relaxed=2 total=4 live=3 stall=51s
[EXEC-QUORUM] height=2519 strict=3 relaxed=2 total=4 live=3 stall=51s
[EXEC-QUORUM] height=2519 strict=3 relaxed=2 total=4 live=3 stall=51s
[EXEC-QUORUM] height=2519 strict=3 relaxed=2 total=4 live=3 stall=51s
[EXEC-QUORUM] height=2519 strict=3 relaxed=2 total=4 live=3 stall=51s
[EXEC-QUORUM] height=2519 strict=3 relaxed=2 total=4 live=3 stall=51s
[EXEC-QUORUM] height=2519 strict=3 relaxed=2 total=4 live=3 stall=51s
[REGISTRY-COMMITMENT-CHECK] height=2519 required=true parent_unanchored=false source=chain_parent_commitment expected=9cd32df6 got=9cd32df6
[EXEC-QUORUM] height=2519 strict=3 relaxed=2 total=4 live=3 stall=51s
[EXEC-QUORUM] height=2519 strict=3 relaxed=2 total=4 live=3 stall=51s
[REGISTRY-COMMITMENT-CHECK] height=2519 required=true parent_unanchored=false source=chain_parent_commitment expected=9cd32df6 got=9cd32df6
[EXEC-QUORUM] height=2519 strict=3 relaxed=2 total=4 live=3 stall=51s
[EXEC-QUORUM] height=2519 strict=3 relaxed=2 total=4 live=3 stall=51s
[EXEC-QUORUM] height=2519 strict=3 relaxed=2 total=4 live=3 stall=51s
[EXEC-QUORUM] height=2519 strict=3 relaxed=2 total=4 live=3 stall=51s
[EXEC-QUORUM] height=2519 strict=3 relaxed=2 total=4 live=3 stall=51s
[EXEC-QUORUM] height=2519 strict=3 relaxed=2 total=4 live=3 stall=51s
[EXEC-QUORUM] height=2519 strict=3 relaxed=2 total=4 live=3 stall=51s
2026/05/18 14:44:20 [EXEC-COMMIT] height=2519 reason=precommit_quorum round=3 block=790ca18f votes=2 required=2 precommits=2
âŒ Block signature verification failed | proposer=B height=2519 hash=790ca18f candidates=2 runtime_norm=true runtime_raw=true genesis_norm=true genesis_raw=true
[EXEC-QUORUM] height=2519 strict=3 relaxed=2 total=4 live=3 stall=51s
[EXEC-QUORUM] height=2519 strict=3 relaxed=2 total=4 live=3 stall=51s
2026/05/18 14:44:20 [EXEC-COMMIT] height=2519 reason=precommit_quorum round=3 block=790ca18f votes=2 required=2 precommits=2
[SYNC-QUEUE] reason=heartbeat local=2518 target=2519
[SYNC] reason=heartbeat local=2518 target=2519 votes=3 required=3 stage=direct_gossip action=block_range_fetch
[SYNC-REQUEST-START] peer=12D3KooW range=2519-2519 snapshot=false snapshot_height=0 timeout_ms=15000
[SYNC-REQUEST-OPEN] peer=12D3KooW range=2519-2519
[SYNC-REQUEST-START] peer=12D3KooW range=2519-2519 snapshot=false snapshot_height=0 timeout_ms=15000
[SYNC-REQUEST-OPEN] peer=12D3KooW range=2519-2519
[SYNC-REQUEST-OPEN-OK] peer=12D3KooW range=2519-2519 duration_ms=0
[SYNC-REQUEST-ENCODE] peer=12D3KooW range=2519-2519
[SYNC-REQUEST-ENCODE-OK] peer=12D3KooW range=2519-2519 duration_ms=0
[SYNC-REQUEST-DECODE] peer=12D3KooW range=2519-2519
Validator heartbeat received: B | reported_height=2518 | finalized_height=2518 | local_exec_epoch=2519
[SYNC-REQUEST-OPEN-OK] peer=12D3KooW range=2519-2519 duration_ms=1
[SYNC-REQUEST-ENCODE] peer=12D3KooW range=2519-2519
[SYNC-REQUEST-ENCODE-OK] peer=12D3KooW range=2519-2519 duration_ms=0
[SYNC-REQUEST-DECODE] peer=12D3KooW range=2519-2519
[SYNC-REQUEST-RESULT] peer=12D3KooW range=2519-2519 count=0 snapshot=false duration_ms=3
[SYNC-REQUEST-RESULT] peer=12D3KooW range=2519-2519 count=0 snapshot=false duration_ms=6
[SYNC-SINGLE] stage=range_fetch requested=2519 result=failed err=single_block_fetch_failed
[SYNC-REQUEST-START] peer=12D3KooW range=2519-2519 snapshot=false snapshot_height=0 timeout_ms=15000
[SYNC-REQUEST-OPEN] peer=12D3KooW range=2519-2519
[SYNC-REQUEST-START] peer=12D3KooW range=2519-2519 snapshot=false snapshot_height=0 timeout_ms=15000
[SYNC-REQUEST-OPEN] peer=12D3KooW range=2519-2519
[SYNC-REQUEST-OPEN-OK] peer=12D3KooW range=2519-2519 duration_ms=0
[SYNC-REQUEST-ENCODE] peer=12D3KooW range=2519-2519
[SYNC-REQUEST-OPEN-OK] peer=12D3KooW range=2519-2519 duration_ms=0
[SYNC-REQUEST-ENCODE] peer=12D3KooW range=2519-2519
[SYNC-REQUEST-ENCODE-OK] peer=12D3KooW range=2519-2519 duration_ms=0
[SYNC-REQUEST-DECODE] peer=12D3KooW range=2519-2519
[SYNC-REQUEST-ENCODE-OK] peer=12D3KooW range=2519-2519 duration_ms=0
[SYNC-REQUEST-DECODE] peer=12D3KooW range=2519-2519
[SYNC-REQUEST-RESULT] peer=12D3KooW range=2519-2519 count=0 snapshot=false duration_ms=0
[SYNC-REQUEST-RESULT] peer=12D3KooW range=2519-2519 count=0 snapshot=false duration_ms=0
[SYNC-SINGLE] stage=range_fetch requested=2519 result=failed err=single_block_fetch_failed
[SYNC-BATCH-STOP] stage=range_fetch local=2518 target=2519 reason=no_sync_peer exclude=4
âŒ Block signature verification failed | proposer=B height=2519 hash=790ca18f candidates=2 runtime_norm=true runtime_raw=true genesis_norm=true genesis_raw=true
[EXEC-QUORUM] height=2519 strict=3 relaxed=2 total=4 live=3 stall=52s
âŒ Block signature verification failed | proposer=B height=2519 hash=790ca18f candidates=2 runtime_norm=true runtime_raw=true genesis_norm=true genesis_raw=true
[SYNC-SERVE-REQUEST] peer=12D3KooW requested=2519-2519 snapshot=false snapshot_height=0
[SYNC-SERVE-RESPONSE] peer=12D3KooW requested=2519-2519 served=0-0 count=0 snapshot=false tip_gap=true historical_gap=false duration_ms=1
âŒ Block signature verification failed | proposer=B height=2519 hash=790ca18f candidates=2 runtime_norm=true runtime_raw=true genesis_norm=true genesis_raw=true
[EXEC-QUORUM] height=2519 strict=3 relaxed=2 total=4 live=3 stall=52s
âŒ Block signature verification failed | proposer=B height=2519 hash=790ca18f candidates=2 runtime_norm=true runtime_raw=true genesis_norm=true genesis_raw=true
âŒ Block signature verification failed | proposer=B height=2519 hash=790ca18f candidates=2 runtime_norm=true runtime_raw=true genesis_norm=true genesis_raw=true
Validator heartbeat: A | reported_height=2518 | finalized_height=2518 | local_exec_epoch=2519
[EXEC-QUORUM] height=2519 strict=3 relaxed=2 total=4 live=3 stall=52s
[EXEC-QUORUM] height=2519 strict=3 relaxed=2 total=4 live=3 stall=52s
[EXEC-QUORUM] height=2519 strict=3 relaxed=2 total=4 live=3 stall=52s
[EXEC-QUORUM] height=2519 strict=3 relaxed=2 total=4 live=3 stall=52s
[REGISTRY-COMMITMENT-CHECK] height=2519 required=true parent_unanchored=false source=chain_parent_commitment expected=9cd32df6 got=9cd32df6
[EXEC-QUORUM] height=2519 strict=3 relaxed=2 total=4 live=3 stall=52s
[EXEC-QUORUM] height=2519 strict=3 relaxed=2 total=4 live=3 stall=52s
[EXEC-QUORUM] height=2519 strict=3 relaxed=2 total=4 live=3 stall=52s
[EXEC-QUORUM] height=2519 strict=3 relaxed=2 total=4 live=3 stall=52s
[EXEC-QUORUM] height=2519 strict=3 relaxed=2 total=4 live=3 stall=52s
2026/05/18 14:44:21 [EXEC-COMMIT] height=2519 reason=precommit_quorum round=3 block=790ca18f votes=2 required=2 precommits=2
Validator heartbeat received: A | reported_height=2518 | finalized_height=2518 | local_exec_epoch=2519
[SNAPSHOT-PUBLISH] deferred height=2518 reason=auto_publish_interval_10
âŒ Block signature verification failed | proposer=B height=2519 hash=790ca18f candidates=2 runtime_norm=true runtime_raw=true genesis_norm=true genesis_raw=true
[SYNC-SERVE-REQUEST] peer=12D3KooW requested=2519-2519 snapshot=false snapshot_height=0
[SYNC-SERVE-RESPONSE] peer=12D3KooW requested=2519-2519 served=0-0 count=0 snapshot=false tip_gap=true historical_gap=false duration_ms=1
[EXEC-QUORUM] height=2519 strict=3 relaxed=2 total=4 live=3 stall=52s
âŒ Block signature verification failed | proposer=B height=2519 hash=790ca18f candidates=2 runtime_norm=true runtime_raw=true genesis_norm=true genesis_raw=true
âŒ Block signature verification failed | proposer=B height=2519 hash=790ca18f candidates=2 runtime_norm=true runtime_raw=true genesis_norm=true genesis_raw=true
âŒ Block signature verification failed | proposer=B height=2519 hash=790ca18f candidates=2 runtime_norm=true runtime_raw=true genesis_norm=true genesis_raw=true
[EXEC-QUORUM] height=2519 strict=3 relaxed=2 total=4 live=3 stall=53s
âŒ Block signature verification failed | proposer=B height=2519 hash=790ca18f candidates=2 runtime_norm=true runtime_raw=true genesis_norm=true genesis_raw=true
[SYNC-BLOCK-REJECT] stage=direct_gossip provider=12D3KooW local=2518 next=2519 got=2519 reason=validation_failed queue_tip=2519 proposer=B hash=790ca18f prev=251b1325
[APPLY-FAIL] h=2519 hash=790ca18f reason=validation_failed fail_count=7
Validator heartbeat received: B | reported_height=2518 | finalized_height=2518 | local_exec_epoch=2519
Validator heartbeat: A | reported_height=2518 | finalized_height=2518 | local_exec_epoch=2519
[EXEC-QUORUM] height=2519 strict=3 relaxed=2 total=4 live=3 stall=53s
[EXEC-QUORUM] height=2519 strict=3 relaxed=2 total=4 live=3 stall=53s
[EXEC-QUORUM] height=2519 strict=3 relaxed=2 total=4 live=3 stall=53s
[EXEC-QUORUM] height=2519 strict=3 relaxed=2 total=4 live=3 stall=53s
[REGISTRY-COMMITMENT-CHECK] height=2519 required=true parent_unanchored=false source=chain_parent_commitment expected=9cd32df6 got=9cd32df6
[EXEC-QUORUM] height=2519 strict=3 relaxed=2 total=4 live=3 stall=53s
[EXEC-QUORUM] height=2519 strict=3 relaxed=2 total=4 live=3 stall=53s
[EXEC-QUORUM] height=2519 strict=3 relaxed=2 total=4 live=3 stall=53s
[EXEC-QUORUM] height=2519 strict=3 relaxed=2 total=4 live=3 stall=53s
[EXEC-QUORUM] height=2519 strict=3 relaxed=2 total=4 live=3 stall=53s
2026/05/18 14:44:22 [EXEC-COMMIT] height=2519 reason=precommit_quorum round=3 block=790ca18f votes=2 required=2 precommits=2
âŒ Block signature verification failed | proposer=B height=2519 hash=790ca18f candidates=2 runtime_norm=true runtime_raw=true genesis_norm=true genesis_raw=true
Candidate heartbeat received: D | reported_height=2184 | finalized_height=2184 | local_exec_epoch=2185
[EXEC-QUORUM] height=2519 strict=3 relaxed=2 total=4 live=3 stall=53s
âŒ Block signature verification failed | proposer=B height=2519 hash=790ca18f candidates=2 runtime_norm=true runtime_raw=true genesis_norm=true genesis_raw=true
âŒ Block signature verification failed | proposer=B height=2519 hash=790ca18f candidates=2 runtime_norm=true runtime_raw=true genesis_norm=true genesis_raw=true
âŒ Block signature verification failed | proposer=B height=2519 hash=790ca18f candidates=2 runtime_norm=true runtime_raw=true genesis_norm=true genesis_raw=true
[EXEC-QUORUM] height=2519 strict=3 relaxed=2 total=4 live=3 stall=53s
âŒ Block signature verification failed | proposer=B height=2519 hash=790ca18f candidates=2 runtime_norm=true runtime_raw=true genesis_norm=true genesis_raw=true
âŒ Block signature verification failed | proposer=B height=2519 hash=790ca18f candidates=2 runtime_norm=true runtime_raw=true genesis_norm=true genesis_raw=true
[EXEC-QUORUM] height=2519 strict=3 relaxed=2 total=4 live=3 stall=53s
âŒ Block signature verification failed | proposer=B height=2519 hash=790ca18f candidates=2 runtime_norm=true runtime_raw=true genesis_norm=true genesis_raw=true
âŒ Block signature verification failed | proposer=B height=2519 hash=790ca18f candidates=2 runtime_norm=true runtime_raw=true genesis_norm=true genesis_raw=true
âŒ Block signature verification failed | proposer=B height=2519 hash=790ca18f candidates=2 runtime_norm=true runtime_raw=true genesis_norm=true genesis_raw=true
[EXEC-QUORUM] height=2519 strict=3 relaxed=2 total=4 live=3 stall=54s
âŒ Block signature verification failed | proposer=B height=2519 hash=790ca18f candidates=2 runtime_norm=true runtime_raw=true genesis_norm=true genesis_raw=true
âŒ Block signature verification failed | proposer=B height=2519 hash=790ca18f candidates=2 runtime_norm=true runtime_raw=true genesis_norm=true genesis_raw=true
[SYNC-BLOCK-REJECT] stage=direct_gossip provider=12D3KooW local=2518 next=2519 got=2519 reason=validation_failed queue_tip=2519 proposer=B hash=790ca18f prev=251b1325
[APPLY-FAIL] h=2519 hash=790ca18f reason=validation_failed fail_count=8
[SYNC] reason=invalid_block_signature local=2518 target=2519 votes=3 required=3 stage=direct_gossip action=block_range_fetch
[SYNC-REQUEST-START] peer=12D3KooW range=2519-2519 snapshot=false snapshot_height=0 timeout_ms=15000
[SYNC-REQUEST-OPEN] peer=12D3KooW range=2519-2519
[SYNC-REQUEST-START] peer=12D3KooW range=2519-2519 snapshot=false snapshot_height=0 timeout_ms=15000
[SYNC-REQUEST-OPEN] peer=12D3KooW range=2519-2519
[SYNC-REQUEST-OPEN-OK] peer=12D3KooW range=2519-2519 duration_ms=0
[SYNC-REQUEST-ENCODE] peer=12D3KooW range=2519-2519
[SYNC-REQUEST-ENCODE-OK] peer=12D3KooW range=2519-2519 duration_ms=0
[SYNC-REQUEST-DECODE] peer=12D3KooW range=2519-2519
[SYNC-REQUEST-OPEN-OK] peer=12D3KooW range=2519-2519 duration_ms=0
[SYNC-REQUEST-ENCODE] peer=12D3KooW range=2519-2519
[SYNC-REQUEST-ENCODE-OK] peer=12D3KooW range=2519-2519 duration_ms=0
[SYNC-REQUEST-DECODE] peer=12D3KooW range=2519-2519
[SYNC-REQUEST-RESULT] peer=12D3KooW range=2519-2519 count=0 snapshot=false duration_ms=1
[SYNC-REQUEST-RESULT] peer=12D3KooW range=2519-2519 count=0 snapshot=false duration_ms=2
[SYNC-SINGLE] stage=range_fetch requested=2519 result=failed err=single_block_fetch_failed
[SYNC-REQUEST-START] peer=12D3KooW range=2519-2519 snapshot=false snapshot_height=0 timeout_ms=15000
[SYNC-REQUEST-OPEN] peer=12D3KooW range=2519-2519
[SYNC-REQUEST-START] peer=12D3KooW range=2519-2519 snapshot=false snapshot_height=0 timeout_ms=15000
[SYNC-REQUEST-OPEN] peer=12D3KooW range=2519-2519
[SYNC-REQUEST-OPEN-OK] peer=12D3KooW range=2519-2519 duration_ms=0
[SYNC-REQUEST-ENCODE] peer=12D3KooW range=2519-2519
[SYNC-REQUEST-OPEN-OK] peer=12D3KooW range=2519-2519 duration_ms=0
[SYNC-REQUEST-ENCODE] peer=12D3KooW range=2519-2519
[SYNC-REQUEST-ENCODE-OK] peer=12D3KooW range=2519-2519 duration_ms=0
[SYNC-REQUEST-DECODE] peer=12D3KooW range=2519-2519
[SYNC-REQUEST-ENCODE-OK] peer=12D3KooW range=2519-2519 duration_ms=0
[SYNC-REQUEST-DECODE] peer=12D3KooW range=2519-2519
Validator heartbeat received: A | reported_height=2518 | finalized_height=2518 | local_exec_epoch=2519
[SYNC-REQUEST-RESULT] peer=12D3KooW range=2519-2519 count=0 snapshot=false duration_ms=0
[SYNC-REQUEST-RESULT] peer=12D3KooW range=2519-2519 count=0 snapshot=false duration_ms=1
[SYNC-SINGLE] stage=range_fetch requested=2519 result=failed err=single_block_fetch_failed
[SYNC-BATCH-STOP] stage=range_fetch local=2518 target=2519 reason=no_sync_peer exclude=4
Candidate heartbeat received: D | reported_height=2184 | finalized_height=2184 | local_exec_epoch=2185
[EXEC-QUORUM] height=2519 strict=3 relaxed=2 total=4 live=3 stall=54s
[EXEC-QUORUM] height=2519 strict=3 relaxed=2 total=4 live=3 stall=54s
[EXEC-QUORUM] height=2519 strict=3 relaxed=2 total=4 live=3 stall=55s
Validator heartbeat: C | reported_height=2518 | finalized_height=2518 | local_exec_epoch=2519
Validator heartbeat: C | reported_height=2518 | finalized_height=2518 | local_exec_epoch=2519
[EXEC-QUORUM] height=2519 strict=3 relaxed=2 total=4 live=2 stall=55s
[EXEC-QUORUM] height=2519 strict=3 relaxed=2 total=4 live=2 stall=55s
[EXEC-QUORUM] height=2519 strict=3 relaxed=2 total=4 live=2 stall=55s
[EXEC-QUORUM] height=2519 strict=3 relaxed=2 total=4 live=2 stall=55s
[EXEC-QUORUM] height=2519 strict=3 relaxed=2 total=4 live=2 stall=55s
[EXEC-QUORUM] height=2519 strict=3 relaxed=2 total=4 live=2 stall=55s
[EXEC-QUORUM] height=2519 strict=3 relaxed=2 total=4 live=2 stall=55s
[EXEC-QUORUM] height=2519 strict=3 relaxed=2 total=4 live=2 stall=55s
[REGISTRY-COMMITMENT-CHECK] height=2519 required=true parent_unanchored=false source=chain_parent_commitment expected=9cd32df6 got=9cd32df6
[EXEC-QUORUM] height=2519 strict=3 relaxed=2 total=4 live=2 stall=55s
[REGISTRY-COMMITMENT-CHECK] height=2519 required=true parent_unanchored=false source=chain_parent_commitment expected=9cd32df6 got=9cd32df6
[EXEC-QUORUM] height=2519 strict=3 relaxed=2 total=4 live=2 stall=55s
[EXEC-QUORUM] height=2519 strict=3 relaxed=2 total=4 live=2 stall=55s
[EXEC-QUORUM] height=2519 strict=3 relaxed=2 total=4 live=2 stall=55s
[EXEC-QUORUM] height=2519 strict=3 relaxed=2 total=4 live=2 stall=55s
[EXEC-QUORUM] height=2519 strict=3 relaxed=2 total=4 live=2 stall=55s
[EXEC-QUORUM] height=2519 strict=3 relaxed=2 total=4 live=2 stall=55s
[EXEC-QUORUM] height=2519 strict=3 relaxed=2 total=4 live=2 stall=55s
[EXEC-QUORUM] height=2519 strict=3 relaxed=2 total=4 live=2 stall=55s
[EXEC-QUORUM] height=2519 strict=3 relaxed=2 total=4 live=2 stall=55s
[EXEC-QUORUM] height=2519 strict=3 relaxed=2 total=4 live=2 stall=55s
[EXEC-QUORUM] height=2519 strict=3 relaxed=2 total=4 live=2 stall=55s
[EXEC-QUORUM] height=2519 strict=3 relaxed=2 total=4 live=2 stall=55s
[EXEC-QUORUM] height=2519 strict=3 relaxed=2 total=4 live=2 stall=55s
[REGISTRY-COMMITMENT-CHECK] height=2519 required=true parent_unanchored=false source=chain_parent_commitment expected=9cd32df6 got=9cd32df6
[EXEC-QUORUM] height=2519 strict=3 relaxed=2 total=4 live=2 stall=55s
[EXEC-QUORUM] height=2519 strict=3 relaxed=2 total=4 live=2 stall=55s
[REGISTRY-COMMITMENT-CHECK] height=2519 required=true parent_unanchored=false source=chain_parent_commitment expected=9cd32df6 got=9cd32df6
[EXEC-QUORUM] height=2519 strict=3 relaxed=2 total=4 live=2 stall=55s
[EXEC-QUORUM] height=2519 strict=3 relaxed=2 total=4 live=2 stall=55s
[EXEC-QUORUM] height=2519 strict=3 relaxed=2 total=4 live=2 stall=55s
[EXEC-QUORUM] height=2519 strict=3 relaxed=2 total=4 live=2 stall=55s
[EXEC-QUORUM] height=2519 strict=3 relaxed=2 total=4 live=2 stall=55s
[EXEC-QUORUM] height=2519 strict=3 relaxed=2 total=4 live=2 stall=55s
[EXEC-QUORUM] height=2519 strict=3 relaxed=2 total=4 live=2 stall=55s
[EXEC-QUORUM] height=2519 strict=3 relaxed=2 total=4 live=2 stall=55s
[EXEC-QUORUM] height=2519 strict=3 relaxed=2 total=4 live=2 stall=55s
[EXEC-QUORUM] height=2519 strict=3 relaxed=2 total=4 live=2 stall=55s
[EXEC-QUORUM] height=2519 strict=3 relaxed=2 total=4 live=2 stall=55s
2026/05/18 14:44:24 [EXEC-PRECOMMIT] height=2519 reason=stored_results_quorum prev_round=3 prev_block=aa1d1934 round=0 block=0d0afbfd votes=2 required=2
[EXEC-QUORUM] height=2519 strict=3 relaxed=2 total=4 live=2 stall=55s
[EXEC-QUORUM] height=2519 strict=3 relaxed=2 total=4 live=2 stall=55s
[REGISTRY-COMMITMENT-CHECK] height=2519 required=true parent_unanchored=false source=chain_parent_commitment expected=9cd32df6 got=9cd32df6
[EXEC-QUORUM] height=2519 strict=3 relaxed=2 total=4 live=2 stall=55s
[EXEC-QUORUM] height=2519 strict=3 relaxed=2 total=4 live=2 stall=55s
[EXEC-QUORUM] height=2519 strict=3 relaxed=2 total=4 live=2 stall=55s
[REGISTRY-COMMITMENT-CHECK] height=2519 required=true parent_unanchored=false source=chain_parent_commitment expected=9cd32df6 got=9cd32df6
[EXEC-QUORUM] height=2519 strict=3 relaxed=2 total=4 live=2 stall=55s
[EXEC-QUORUM] height=2519 strict=3 relaxed=2 total=4 live=2 stall=55s
[EXEC-QUORUM] height=2519 strict=3 relaxed=2 total=4 live=2 stall=55s
[EXEC-QUORUM] height=2519 strict=3 relaxed=2 total=4 live=2 stall=55s
[EXEC-QUORUM] height=2519 strict=3 relaxed=2 total=4 live=2 stall=55s
[EXEC-QUORUM] height=2519 strict=3 relaxed=2 total=4 live=2 stall=55s
[SYNC-SERVE-REQUEST] peer=12D3KooW requested=2519-2519 snapshot=false snapshot_height=0
[SYNC-SERVE-RESPONSE] peer=12D3KooW requested=2519-2519 served=0-0 count=0 snapshot=false tip_gap=true historical_gap=false duration_ms=10
[EXEC-QUORUM] height=2519 strict=3 relaxed=2 total=4 live=2 stall=55s
[EXEC-QUORUM] height=2519 strict=3 relaxed=2 total=4 live=2 stall=55s
[SYNC-QUEUE] reason=heartbeat local=2518 target=2519
[EXEC-QUORUM] height=2519 strict=3 relaxed=2 total=4 live=2 stall=55s
Validator heartbeat received: C | reported_height=2518 | finalized_height=2518 | local_exec_epoch=2519
[SYNC-SERVE-REQUEST] peer=12D3KooW requested=2519-2519 snapshot=false snapshot_height=0
[SYNC-SERVE-RESPONSE] peer=12D3KooW requested=2519-2519 served=0-0 count=0 snapshot=false tip_gap=true historical_gap=false duration_ms=0
Validator heartbeat received: C | reported_height=2518 | finalized_height=2518 | local_exec_epoch=2519
Candidate heartbeat received: D | reported_height=2184 | finalized_height=2184 | local_exec_epoch=2185
Candidate heartbeat received: D | reported_height=2184 | finalized_height=2184 | local_exec_epoch=2185
[EXEC-QUORUM] height=2519 strict=3 relaxed=2 total=4 live=2 stall=55s
[EXEC-QUORUM] height=2519 strict=3 relaxed=2 total=4 live=2 stall=56s
[EXEC-QUORUM] height=2519 strict=3 relaxed=2 total=4 live=2 stall=56s
[EXEC-QUORUM] height=2519 strict=3 relaxed=2 total=4 live=2 stall=56s
[EXEC-QUORUM] height=2519 strict=3 relaxed=2 total=4 live=2 stall=56s
[SYNC-SERVE-REQUEST] peer=12D3KooW requested=2485-2518 snapshot=false snapshot_height=0
[SYNC-SERVE-RESPONSE] peer=12D3KooW requested=2485-2518 served=2485-2518 count=34 snapshot=false tip_gap=false historical_gap=false duration_ms=2
Ã°Å¸â€œÂ¦ Sent blocks 2485-2518 (34 blocks) to 12D3KooWE7bMkbbpLoSHKB43JdTZm9zkgqvf1iCQdGAqFFBDa42W
[SYNC-SERVE-REQUEST] peer=12D3KooW requested=2385-2484 snapshot=false snapshot_height=0
[SYNC-SERVE-RESPONSE] peer=12D3KooW requested=2385-2484 served=2385-2484 count=100 snapshot=false tip_gap=false historical_gap=false duration_ms=6
Ã°Å¸â€œÂ¦ Sent blocks 2385-2484 (100 blocks) to 12D3KooWE7bMkbbpLoSHKB43JdTZm9zkgqvf1iCQdGAqFFBDa42W
[SYNC-SERVE-REQUEST] peer=12D3KooW requested=2519-2519 snapshot=false snapshot_height=0
[SYNC-SERVE-RESPONSE] peer=12D3KooW requested=2519-2519 served=0-0 count=0 snapshot=false tip_gap=true historical_gap=false duration_ms=0
2026/05/18 14:44:25 [OK] goroutine pressure normalized: 180 (degrade mode off)
[SYNC] reason=late_join local=2518 target=2519 votes=3 required=3 stage=direct_gossip action=block_range_fetch
[SYNC-REQUEST-START] peer=12D3KooW range=2519-2519 snapshot=false snapshot_height=0 timeout_ms=15000
[SYNC-REQUEST-OPEN] peer=12D3KooW range=2519-2519
[SYNC-REQUEST-OPEN-OK] peer=12D3KooW range=2519-2519 duration_ms=2
[SYNC-REQUEST-ENCODE] peer=12D3KooW range=2519-2519
[SYNC-REQUEST-ENCODE-OK] peer=12D3KooW range=2519-2519 duration_ms=0
[SYNC-REQUEST-START] peer=12D3KooW range=2519-2519 snapshot=false snapshot_height=0 timeout_ms=15000
[SYNC-REQUEST-OPEN] peer=12D3KooW range=2519-2519
[SYNC-REQUEST-OPEN-OK] peer=12D3KooW range=2519-2519 duration_ms=1
[SYNC-REQUEST-ENCODE] peer=12D3KooW range=2519-2519
[SYNC-REQUEST-ENCODE-OK] peer=12D3KooW range=2519-2519 duration_ms=0
[SYNC-REQUEST-DECODE] peer=12D3KooW range=2519-2519
[SYNC-REQUEST-DECODE] peer=12D3KooW range=2519-2519
[SYNC-REQUEST-RESULT] peer=12D3KooW range=2519-2519 count=0 snapshot=false duration_ms=3
[SYNC-REQUEST-RESULT] peer=12D3KooW range=2519-2519 count=0 snapshot=false duration_ms=1
[SYNC-SINGLE] stage=range_fetch requested=2519 result=failed err=single_block_fetch_failed
[SYNC-REQUEST-START] peer=12D3KooW range=2519-2519 snapshot=false snapshot_height=0 timeout_ms=15000
[SYNC-REQUEST-OPEN] peer=12D3KooW range=2519-2519
[SYNC-REQUEST-OPEN-OK] peer=12D3KooW range=2519-2519 duration_ms=0
[SYNC-REQUEST-ENCODE] peer=12D3KooW range=2519-2519
[SYNC-REQUEST-ENCODE-OK] peer=12D3KooW range=2519-2519 duration_ms=0
[SYNC-REQUEST-DECODE] peer=12D3KooW range=2519-2519
[SYNC-REQUEST-RESULT] peer=12D3KooW range=2519-2519 count=0 snapshot=false duration_ms=1
[SYNC-REQUEST-START] peer=12D3KooW range=2519-2519 snapshot=false snapshot_height=0 timeout_ms=15000
[SYNC-REQUEST-OPEN] peer=12D3KooW range=2519-2519
[SYNC-REQUEST-OPEN-OK] peer=12D3KooW range=2519-2519 duration_ms=0
[SYNC-REQUEST-ENCODE] peer=12D3KooW range=2519-2519
[SYNC-REQUEST-ENCODE-OK] peer=12D3KooW range=2519-2519 duration_ms=0
[SYNC-REQUEST-DECODE] peer=12D3KooW range=2519-2519
[SYNC-REQUEST-RESULT] peer=12D3KooW range=2519-2519 count=0 snapshot=false duration_ms=2
2026/05/18 14:44:25 [SYNC-PIPELINE] stage=block_catchup
[SYNC-SINGLE] stage=range_fetch requested=2519 result=failed err=single_block_fetch_failed
[SYNC-BATCH-STOP] stage=range_fetch local=2518 target=2519 reason=no_sync_peer exclude=4
[EXEC-QUORUM] height=2519 strict=3 relaxed=2 total=4 live=2 stall=57s
Candidate heartbeat received: D | reported_height=2184 | finalized_height=2184 | local_exec_epoch=2185
Candidate heartbeat received: D | reported_height=2184 | finalized_height=2184 | local_exec_epoch=2185
[EXEC-QUORUM] height=2519 strict=3 relaxed=2 total=4 live=2 stall=57s
[EXEC-QUORUM] height=2519 strict=3 relaxed=2 total=4 live=2 stall=57s
[EXEC-QUORUM] height=2519 strict=3 relaxed=2 total=4 live=2 stall=57s
[EXEC-QUORUM] height=2519 strict=3 relaxed=2 total=4 live=2 stall=58s
[SYNC-SERVE-REQUEST] peer=12D3KooW requested=2519-2519 snapshot=false snapshot_height=0
[SYNC-SERVE-RESPONSE] peer=12D3KooW requested=2519-2519 served=0-0 count=0 snapshot=false tip_gap=true historical_gap=false duration_ms=0
[EXEC-QUORUM] height=2519 strict=3 relaxed=2 total=4 live=2 stall=58s
[EXEC-QUORUM] height=2519 strict=3 relaxed=2 total=4 live=2 stall=58s
[SNAPSHOT-PUBLISH] deferred height=2518 reason=auto_publish_interval_10
[EXEC-QUORUM] height=2519 strict=3 relaxed=2 total=4 live=2 stall=59s
[EXEC-QUORUM] height=2519 strict=3 relaxed=2 total=4 live=2 stall=59s
[EXEC-QUORUM] height=2519 strict=3 relaxed=2 total=4 live=2 stall=59s
[EXEC-QUORUM] height=2519 strict=3 relaxed=2 total=4 live=2 stall=1m0s
[EXEC-QUORUM] height=2519 strict=3 relaxed=2 total=4 live=2 stall=1m0s
Candidate heartbeat received: D | reported_height=2184 | finalized_height=2184 | local_exec_epoch=2185
Candidate heartbeat received: D | reported_height=2184 | finalized_height=2184 | local_exec_epoch=2185
[EXEC-QUORUM] height=2519 strict=3 relaxed=2 total=4 live=2 stall=1m0s
[SYNC-SERVE-REQUEST] peer=12D3KooW requested=2485-2518 snapshot=false snapshot_height=0
[SYNC-SERVE-RESPONSE] peer=12D3KooW requested=2485-2518 served=2485-2518 count=34 snapshot=false tip_gap=false historical_gap=false duration_ms=2
[SYNC-SERVE-REQUEST] peer=12D3KooW requested=2385-2484 snapshot=false snapshot_height=0
[SYNC-SERVE-RESPONSE] peer=12D3KooW requested=2385-2484 served=2385-2484 count=100 snapshot=false tip_gap=false historical_gap=false duration_ms=7
[SYNC-SERVE-REQUEST] peer=12D3KooW requested=2519-2519 snapshot=false snapshot_height=0
[SYNC-SERVE-RESPONSE] peer=12D3KooW requested=2519-2519 served=0-0 count=0 snapshot=false tip_gap=true historical_gap=false duration_ms=0
[EXEC-QUORUM] height=2519 strict=3 relaxed=2 total=4 live=2 stall=1m1s
[SYNC-SERVE-REQUEST] peer=12D3KooW requested=2519-2519 snapshot=false snapshot_height=0
[SYNC-SERVE-RESPONSE] peer=12D3KooW requested=2519-2519 served=0-0 count=0 snapshot=false tip_gap=true historical_gap=false duration_ms=0
[EXEC-QUORUM] height=2519 strict=3 relaxed=2 total=4 live=2 stall=1m1s
[EXEC-QUORUM] height=2519 strict=3 relaxed=2 total=4 live=2 stall=1m1s
[CONSENSUS] height=2518 vhash=d75b74ab validators=4
[SYNC-QUEUE] reason=status_tick local=2518 target=2519
[SYNC] reason=status_tick local=2518 target=2519 votes=3 required=3 stage=direct_gossip action=block_range_fetch
[SYNC-REQUEST-START] peer=12D3KooW range=2519-2519 snapshot=false snapshot_height=0 timeout_ms=15000
[SYNC-REQUEST-OPEN] peer=12D3KooW range=2519-2519
[SYNC-REQUEST-START] peer=12D3KooW range=2519-2519 snapshot=false snapshot_height=0 timeout_ms=15000
[SYNC-REQUEST-OPEN-OK] peer=12D3KooW range=2519-2519 duration_ms=0
[SYNC-REQUEST-ENCODE] peer=12D3KooW range=2519-2519
[SYNC-REQUEST-OPEN] peer=12D3KooW range=2519-2519
[SYNC-REQUEST-OPEN-OK] peer=12D3KooW range=2519-2519 duration_ms=0
[SYNC-REQUEST-ENCODE] peer=12D3KooW range=2519-2519
[SYNC-REQUEST-ENCODE-OK] peer=12D3KooW range=2519-2519 duration_ms=0
[SYNC-REQUEST-DECODE] peer=12D3KooW range=2519-2519
2026/05/18 14:44:30 [SYNC-PIPELINE] stage=block_catchup
[SYNC-REQUEST-ENCODE-OK] peer=12D3KooW range=2519-2519 duration_ms=0
[SYNC-REQUEST-DECODE] peer=12D3KooW range=2519-2519
[SYNC-REQUEST-RESULT] peer=12D3KooW range=2519-2519 count=0 snapshot=false duration_ms=0
[SYNC-REQUEST-RESULT] peer=12D3KooW range=2519-2519 count=0 snapshot=false duration_ms=0
[SYNC-SINGLE] stage=range_fetch requested=2519 result=failed err=single_block_fetch_failed
[SYNC-REQUEST-START] peer=12D3KooW range=2519-2519 snapshot=false snapshot_height=0 timeout_ms=15000
[SYNC-REQUEST-OPEN] peer=12D3KooW range=2519-2519
[SYNC-REQUEST-START] peer=12D3KooW range=2519-2519 snapshot=false snapshot_height=0 timeout_ms=15000
[SYNC-REQUEST-OPEN] peer=12D3KooW range=2519-2519
[SYNC-REQUEST-OPEN-OK] peer=12D3KooW range=2519-2519 duration_ms=1
[SYNC-REQUEST-ENCODE] peer=12D3KooW range=2519-2519
[SYNC-REQUEST-OPEN-OK] peer=12D3KooW range=2519-2519 duration_ms=0
[SYNC-REQUEST-ENCODE] peer=12D3KooW range=2519-2519
[SYNC-REQUEST-ENCODE-OK] peer=12D3KooW range=2519-2519 duration_ms=0
[SYNC-REQUEST-DECODE] peer=12D3KooW range=2519-2519
[EXEC-QUORUM] height=2519 strict=3 relaxed=2 total=4 live=2 stall=1m1s
[SYNC-REQUEST-ENCODE-OK] peer=12D3KooW range=2519-2519 duration_ms=0
[SYNC-REQUEST-DECODE] peer=12D3KooW range=2519-2519
[SYNC-REQUEST-RESULT] peer=12D3KooW range=2519-2519 count=0 snapshot=false duration_ms=0
[SYNC-REQUEST-RESULT] peer=12D3KooW range=2519-2519 count=0 snapshot=false duration_ms=0
[SYNC-SINGLE] stage=range_fetch requested=2519 result=failed err=single_block_fetch_failed
[SYNC-BATCH-STOP] stage=range_fetch local=2518 target=2519 reason=no_sync_peer exclude=4
[STATUS] height=2518 finalized=2518 peers=4 validators=2 strict_live=2 heartbeat_live=2 out_of_drift=0 drift_limit=8 syncing=true sync_complete=false execution_ready=true execution_reason=ready gossip=false gossip_pipeline= consensus_running=true mode=observer vote=false propose=false role=full validator_state=syncing warmup_seconds=0 ready=false reason=syncing snapshot_source=snapshot_committed expected_source=snapshot_parent expected_hash=d75b74ab resolved_source=snapshot_committed resolved_hash=d75b74ab next_source=carry_forward next_hash=d75b74ab got_hash= authority=snapshot_parent hash_mode=legacy
[EXEC-QUORUM] height=2519 strict=3 relaxed=2 total=4 live=2 stall=1m2s
[EXEC-QUORUM] height=2519 strict=3 relaxed=2 total=4 live=2 stall=1m2s
[EXEC-QUORUM] height=2519 strict=3 relaxed=2 total=4 live=2 stall=1m2s
[EXEC-QUORUM] height=2519 strict=3 relaxed=2 total=4 live=2 stall=1m2s
Candidate heartbeat received: D | reported_height=2184 | finalized_height=2184 | local_exec_epoch=2185
Candidate heartbeat received: D | reported_height=2184 | finalized_height=2184 | local_exec_epoch=2185
[EXEC-QUORUM] height=2519 strict=3 relaxed=2 total=4 live=2 stall=1m2s
[EXEC-QUORUM] height=2519 strict=3 relaxed=2 total=4 live=2 stall=1m3s
[SYNC-SERVE-REQUEST] peer=12D3KooW requested=2519-2519 snapshot=false snapshot_height=0
[SYNC-SERVE-RESPONSE] peer=12D3KooW requested=2519-2519 served=0-0 count=0 snapshot=false tip_gap=true historical_gap=false duration_ms=0
[EXEC-QUORUM] height=2519 strict=3 relaxed=2 total=4 live=2 stall=1m3s
[EXEC-QUORUM] height=2519 strict=3 relaxed=2 total=4 live=2 stall=1m3s
[EXEC-QUORUM] height=2519 strict=3 relaxed=2 total=4 live=2 stall=1m4s
[EXEC-QUORUM] height=2519 strict=3 relaxed=2 total=4 live=2 stall=1m4s
[EXEC-QUORUM] height=2519 strict=3 relaxed=2 total=4 live=2 stall=1m4s
Validator heartbeat: B | reported_height=2518 | finalized_height=2518 | local_exec_epoch=2519
Validator heartbeat: B | reported_height=2518 | finalized_height=2518 | local_exec_epoch=2519
[EXEC-QUORUM] height=2519 strict=3 relaxed=2 total=4 live=2 stall=1m4s
[EXEC-QUORUM] height=2519 strict=3 relaxed=2 total=4 live=2 stall=1m4s
[EXEC-QUORUM] height=2519 strict=3 relaxed=2 total=4 live=2 stall=1m4s
[EXEC-QUORUM] height=2519 strict=3 relaxed=2 total=4 live=2 stall=1m4s
[EXEC-QUORUM] height=2519 strict=3 relaxed=2 total=4 live=2 stall=1m4s
[EXEC-QUORUM] height=2519 strict=3 relaxed=2 total=4 live=2 stall=1m4s
Ã°Å¸â€œÂ¨ Consensus message from 12D3KooWHdmUKc1bYKY3scg6TqGhK3SutwH9hu1aAez4VmvwkEyk: leader_block (size: 1288 bytes)
Ã°Å¸â€œÂ¦ Leader block received from 12D3KooWHdmUKc1bYKY3scg6TqGhK3SutwH9hu1aAez4VmvwkEyk | height=2519 proposer=A
Ã°Å¸â€Å’ Consensus stream EOF from 12D3KooWHdmUKc1bYKY3scg6TqGhK3SutwH9hu1aAez4VmvwkEyk
Ã°Å¸â€Å’ Consensus stream closed with 12D3KooWHdmUKc1bYKY3scg6TqGhK3SutwH9hu1aAez4VmvwkEyk
[EXEC-QUORUM] height=2519 strict=3 relaxed=2 total=4 live=2 stall=1m4s
[SET-COMMITMENT-APPLY] height=2519 source=snapshot_parent mode=legacy hash=d75b74ab
Ã°Å¸â€œÂ¨ Consensus message from 12D3KooWHdmUKc1bYKY3scg6TqGhK3SutwH9hu1aAez4VmvwkEyk: execution_result (size: 359 bytes)
[EXEC-QUORUM] height=2519 strict=3 relaxed=2 total=4 live=2 stall=1m4s
Ã°Å¸â€Å’ Consensus stream EOF from 12D3KooWHdmUKc1bYKY3scg6TqGhK3SutwH9hu1aAez4VmvwkEyk
Ã°Å¸â€Å’ Consensus stream closed with 12D3KooWHdmUKc1bYKY3scg6TqGhK3SutwH9hu1aAez4VmvwkEyk
[EXEC-QUORUM] height=2519 strict=3 relaxed=2 total=4 live=2 stall=1m4s
[EXEC-PROPOSAL-KEEP] height=2519 round=0 block=0d0afbfd reason=proposal_seen
[EXEC-QUORUM] height=2519 strict=3 relaxed=2 total=4 live=2 stall=1m4s
[REGISTRY-COMMITMENT-CHECK] height=2519 required=true parent_unanchored=false source=chain_parent_commitment expected=9cd32df6 got=9cd32df6
[REGISTRY-COMMITMENT-CHECK] height=2519 required=true parent_unanchored=false source=chain_parent_commitment expected=9cd32df6 got=9cd32df6
[EXEC-QUORUM] height=2519 strict=3 relaxed=2 total=4 live=2 stall=1m4s
[EXEC-QUORUM] height=2519 strict=3 relaxed=2 total=4 live=2 stall=1m4s
[EXEC-QUORUM] height=2519 strict=3 relaxed=2 total=4 live=2 stall=1m4s
[EXEC-QUORUM] height=2519 strict=3 relaxed=2 total=4 live=2 stall=1m4s
[EXEC-QUORUM] height=2519 strict=3 relaxed=2 total=4 live=2 stall=1m4s
[EXEC-QUORUM] height=2519 strict=3 relaxed=2 total=4 live=2 stall=1m4s
[EXEC-QUORUM] height=2519 strict=3 relaxed=2 total=4 live=2 stall=1m4s
[EXEC-QUORUM] height=2519 strict=3 relaxed=2 total=4 live=2 stall=1m4s
[EXEC-QUORUM] height=2519 strict=3 relaxed=2 total=4 live=2 stall=1m4s
[EXEC-QUORUM] height=2519 strict=3 relaxed=2 total=4 live=2 stall=1m4s
[EXEC-QUORUM] height=2519 strict=3 relaxed=2 total=4 live=2 stall=1m4s
[EXEC-QUORUM] height=2519 strict=3 relaxed=2 total=4 live=2 stall=1m4s
[EXEC-QUORUM] height=2519 strict=3 relaxed=2 total=4 live=2 stall=1m4s
[EXEC-QUORUM] height=2519 strict=3 relaxed=2 total=4 live=2 stall=1m4s
[REGISTRY-COMMITMENT-CHECK] height=2519 required=true parent_unanchored=false source=chain_parent_commitment expected=9cd32df6 got=9cd32df6
[EXEC-QUORUM] height=2519 strict=3 relaxed=2 total=4 live=2 stall=1m4s
2026/05/18 14:44:33 [EXEC-PRECOMMIT] height=2519 reason=stored_results_quorum prev_round=0 prev_block=0d0afbfd round=3 block=aa1d1934 votes=2 required=2
[EXEC-QUORUM] height=2519 strict=3 relaxed=2 total=4 live=2 stall=1m4s
[EXEC-QUORUM] height=2519 strict=3 relaxed=2 total=4 live=2 stall=1m4s
[EXEC-QUORUM] height=2519 strict=3 relaxed=2 total=4 live=2 stall=1m4s
[EXEC-QUORUM] height=2519 strict=3 relaxed=2 total=4 live=2 stall=1m4s
[REGISTRY-COMMITMENT-CHECK] height=2519 required=true parent_unanchored=false source=chain_parent_commitment expected=9cd32df6 got=9cd32df6
[EXEC-QUORUM] height=2519 strict=3 relaxed=2 total=4 live=2 stall=1m4s
[EXEC-QUORUM] height=2519 strict=3 relaxed=2 total=4 live=2 stall=1m4s
[EXEC-QUORUM] height=2519 strict=3 relaxed=2 total=4 live=2 stall=1m4s
[EXEC-QUORUM] height=2519 strict=3 relaxed=2 total=4 live=2 stall=1m4s
[EXEC-QUORUM] height=2519 strict=3 relaxed=2 total=4 live=2 stall=1m4s
[EXEC-QUORUM] height=2519 strict=3 relaxed=2 total=4 live=2 stall=1m4s
[EXEC-QUORUM] height=2519 strict=3 relaxed=2 total=4 live=2 stall=1m4s
[REGISTRY-COMMITMENT-CHECK] height=2519 required=true parent_unanchored=false source=chain_parent_commitment expected=9cd32df6 got=9cd32df6
[EXEC-QUORUM] height=2519 strict=3 relaxed=2 total=4 live=2 stall=1m5s
[EXEC-QUORUM] height=2519 strict=3 relaxed=2 total=4 live=2 stall=1m5s
[EXEC-QUORUM] height=2519 strict=3 relaxed=2 total=4 live=2 stall=1m5s
[EXEC-QUORUM] height=2519 strict=3 relaxed=2 total=4 live=2 stall=1m5s
[REGISTRY-COMMITMENT-CHECK] height=2519 required=true parent_unanchored=false source=chain_parent_commitment expected=9cd32df6 got=9cd32df6
[EXEC-QUORUM] height=2519 strict=3 relaxed=2 total=4 live=2 stall=1m5s
[SYNC-QUEUE] reason=heartbeat local=2518 target=2519
[EXEC-QUORUM] height=2519 strict=3 relaxed=2 total=4 live=2 stall=1m5s
[EXEC-QUORUM] height=2519 strict=3 relaxed=2 total=4 live=2 stall=1m5s
[SYNC] reason=heartbeat local=2518 target=2519 votes=3 required=3 stage=direct_gossip action=block_range_fetch
[EXEC-QUORUM] height=2519 strict=3 relaxed=2 total=4 live=2 stall=1m5s
[SYNC-SERVE-REQUEST] peer=12D3KooW requested=2519-2519 snapshot=false snapshot_height=0
[SYNC-SERVE-RESPONSE] peer=12D3KooW requested=2519-2519 served=0-0 count=0 snapshot=false tip_gap=true historical_gap=false duration_ms=1
[SYNC-REQUEST-START] peer=12D3KooW range=2519-2519 snapshot=false snapshot_height=0 timeout_ms=15000
[SYNC-REQUEST-OPEN] peer=12D3KooW range=2519-2519
[SYNC-REQUEST-OPEN-OK] peer=12D3KooW range=2519-2519 duration_ms=0
[SYNC-REQUEST-ENCODE] peer=12D3KooW range=2519-2519
[SYNC-REQUEST-ENCODE-OK] peer=12D3KooW range=2519-2519 duration_ms=0
[SYNC-REQUEST-DECODE] peer=12D3KooW range=2519-2519
[SYNC-REQUEST-START] peer=12D3KooW range=2519-2519 snapshot=false snapshot_height=0 timeout_ms=15000
[SYNC-REQUEST-OPEN] peer=12D3KooW range=2519-2519
[EXEC-QUORUM] height=2519 strict=3 relaxed=2 total=4 live=2 stall=1m5s
[SYNC-REQUEST-OPEN-OK] peer=12D3KooW range=2519-2519 duration_ms=0
[SYNC-REQUEST-ENCODE] peer=12D3KooW range=2519-2519
[SYNC-REQUEST-RESULT] peer=12D3KooW range=2519-2519 count=0 snapshot=false duration_ms=2
[EXEC-QUORUM] height=2519 strict=3 relaxed=2 total=4 live=2 stall=1m5s
[EXEC-QUORUM] height=2519 strict=3 relaxed=2 total=4 live=2 stall=1m5s
[EXEC-QUORUM] height=2519 strict=3 relaxed=2 total=4 live=2 stall=1m5s
[SYNC-REQUEST-ENCODE-OK] peer=12D3KooW range=2519-2519 duration_ms=0
[SYNC-REQUEST-DECODE] peer=12D3KooW range=2519-2519
[SNAPSHOT-PUBLISH] deferred height=2518 reason=auto_publish_interval_10
Validator heartbeat received: B | reported_height=2518 | finalized_height=2518 | local_exec_epoch=2519
[SYNC-REQUEST-RESULT] peer=12D3KooW range=2519-2519 count=0 snapshot=false duration_ms=0
[SYNC-SINGLE] stage=range_fetch requested=2519 result=failed err=single_block_fetch_failed
[SYNC-REQUEST-START] peer=12D3KooW range=2519-2519 snapshot=false snapshot_height=0 timeout_ms=15000
[SYNC-REQUEST-OPEN] peer=12D3KooW range=2519-2519
[SYNC-REQUEST-OPEN-OK] peer=12D3KooW range=2519-2519 duration_ms=0
[SYNC-REQUEST-ENCODE] peer=12D3KooW range=2519-2519
[SYNC-REQUEST-START] peer=12D3KooW range=2519-2519 snapshot=false snapshot_height=0 timeout_ms=15000
[SYNC-REQUEST-OPEN] peer=12D3KooW range=2519-2519
[SYNC-REQUEST-OPEN-OK] peer=12D3KooW range=2519-2519 duration_ms=1
[SYNC-REQUEST-ENCODE] peer=12D3KooW range=2519-2519
[EXEC-QUORUM] height=2519 strict=3 relaxed=2 total=4 live=2 stall=1m5s
[SYNC-REQUEST-ENCODE-OK] peer=12D3KooW range=2519-2519 duration_ms=1
[SYNC-REQUEST-DECODE] peer=12D3KooW range=2519-2519
[SYNC-REQUEST-ENCODE-OK] peer=12D3KooW range=2519-2519 duration_ms=1
[SYNC-REQUEST-DECODE] peer=12D3KooW range=2519-2519
[SYNC-REQUEST-RESULT] peer=12D3KooW range=2519-2519 count=0 snapshot=false duration_ms=1
[EXEC-QUORUM] height=2519 strict=3 relaxed=2 total=4 live=2 stall=1m5s
[SYNC-REQUEST-RESULT] peer=12D3KooW range=2519-2519 count=0 snapshot=false duration_ms=2
[SYNC-SINGLE] stage=range_fetch requested=2519 result=failed err=single_block_fetch_failed
[SYNC-BATCH-STOP] stage=range_fetch local=2518 target=2519 reason=no_sync_peer exclude=4
[EXEC-QUORUM] height=2519 strict=3 relaxed=2 total=4 live=2 stall=1m5s
[EXEC-QUORUM] height=2519 strict=3 relaxed=2 total=4 live=2 stall=1m5s
2026/05/18 14:44:34 [EXEC-PRECOMMIT] height=2519 reason=proposal_existing_quorum prev_round=3 prev_block=aa1d1934 round=0 block=0d0afbfd votes=2 required=2
Validator heartbeat received: B | reported_height=2518 | finalized_height=2518 | local_exec_epoch=2519
[EXEC-QUORUM] height=2519 strict=3 relaxed=2 total=4 live=2 stall=1m5s
[REGISTRY-COMMITMENT-CHECK] height=2519 required=true parent_unanchored=false source=chain_parent_commitment expected=9cd32df6 got=9cd32df6
[EXEC-QUORUM] height=2519 strict=3 relaxed=2 total=4 live=2 stall=1m5s
[EXEC-QUORUM] height=2519 strict=3 relaxed=2 total=4 live=2 stall=1m5s
[EXEC-QUORUM] height=2519 strict=3 relaxed=2 total=4 live=2 stall=1m5s
[EXEC-QUORUM] height=2519 strict=3 relaxed=2 total=4 live=2 stall=1m5s
[EXEC-QUORUM] height=2519 strict=3 relaxed=2 total=4 live=2 stall=1m5s
[EXEC-QUORUM] height=2519 strict=3 relaxed=2 total=4 live=2 stall=1m5s
2026/05/18 14:44:34 [EXEC-BROADCAST-DEFER] validator=F height=2519 reason=validator_stake_required trigger=leader_block block=0d0afbfd prev=251b1325
[SET-COMMITMENT-APPLY] height=2519 source=snapshot_parent mode=legacy hash=d75b74ab
[EXEC-PROPOSAL-KEEP] height=2519 round=0 block=0d0afbfd reason=proposal_seen
[EXEC-QUORUM] height=2519 strict=3 relaxed=2 total=4 live=2 stall=1m5s
[EXEC-QUORUM] height=2519 strict=3 relaxed=2 total=4 live=2 stall=1m5s
[EXEC-QUORUM] height=2519 strict=3 relaxed=2 total=4 live=2 stall=1m5s
[EXEC-QUORUM] height=2519 strict=3 relaxed=2 total=4 live=2 stall=1m5s
[EXEC-QUORUM] height=2519 strict=3 relaxed=2 total=4 live=2 stall=1m5s
[REGISTRY-COMMITMENT-CHECK] height=2519 required=true parent_unanchored=false source=chain_parent_commitment expected=9cd32df6 got=9cd32df6
[EXEC-QUORUM] height=2519 strict=3 relaxed=2 total=4 live=2 stall=1m5s
[EXEC-QUORUM] height=2519 strict=3 relaxed=2 total=4 live=2 stall=1m5s
[EXEC-QUORUM] height=2519 strict=3 relaxed=2 total=4 live=2 stall=1m5s
[EXEC-QUORUM] height=2519 strict=3 relaxed=2 total=4 live=2 stall=1m5s
[EXEC-QUORUM] height=2519 strict=3 relaxed=2 total=4 live=2 stall=1m5s
[EXEC-QUORUM] height=2519 strict=3 relaxed=2 total=4 live=2 stall=1m5s
2026/05/18 14:44:34 [EXEC-PRECOMMIT] height=2519 reason=stored_results_quorum prev_round=0 prev_block=0d0afbfd round=3 block=aa1d1934 votes=2 required=2
[EXEC-QUORUM] height=2519 strict=3 relaxed=2 total=4 live=2 stall=1m5s
[REGISTRY-COMMITMENT-CHECK] height=2519 required=true parent_unanchored=false source=chain_parent_commitment expected=9cd32df6 got=9cd32df6
[EXEC-QUORUM] height=2519 strict=3 relaxed=2 total=4 live=2 stall=1m5s
[EXEC-QUORUM] height=2519 strict=3 relaxed=2 total=4 live=2 stall=1m5s
[EXEC-QUORUM] height=2519 strict=3 relaxed=2 total=4 live=2 stall=1m5s
[EXEC-QUORUM] height=2519 strict=3 relaxed=2 total=4 live=2 stall=1m5s
[EXEC-QUORUM] height=2519 strict=3 relaxed=2 total=4 live=2 stall=1m5s
[EXEC-QUORUM] height=2519 strict=3 relaxed=2 total=4 live=2 stall=1m5s
[EXEC-QUORUM] height=2519 strict=3 relaxed=2 total=4 live=2 stall=1m5s
2026/05/18 14:44:34 [EXEC-PRECOMMIT] height=2519 reason=proposal_existing_quorum prev_round=3 prev_block=aa1d1934 round=0 block=0d0afbfd votes=2 required=2
[EXEC-QUORUM] height=2519 strict=3 relaxed=2 total=4 live=2 stall=1m5s
[REGISTRY-COMMITMENT-CHECK] height=2519 required=true parent_unanchored=false source=chain_parent_commitment expected=9cd32df6 got=9cd32df6
[EXEC-QUORUM] height=2519 strict=3 relaxed=2 total=4 live=2 stall=1m5s
[EXEC-QUORUM] height=2519 strict=3 relaxed=2 total=4 live=2 stall=1m5s
[EXEC-QUORUM] height=2519 strict=3 relaxed=2 total=4 live=2 stall=1m5s
[EXEC-QUORUM] height=2519 strict=3 relaxed=2 total=4 live=2 stall=1m5s
[EXEC-QUORUM] height=2519 strict=3 relaxed=2 total=4 live=2 stall=1m5s
[EXEC-QUORUM] height=2519 strict=3 relaxed=2 total=4 live=2 stall=1m5s
2026/05/18 14:44:34 [EXEC-BROADCAST-DEFER] validator=F height=2519 reason=validator_stake_required trigger=leader_block block=0d0afbfd prev=251b1325
[EXEC-QUORUM] height=2519 strict=3 relaxed=2 total=4 live=2 stall=1m5s
[REGISTRY-COMMITMENT-CHECK] height=2519 required=true parent_unanchored=false source=chain_parent_commitment expected=9cd32df6 got=9cd32df6
[EXEC-QUORUM] height=2519 strict=3 relaxed=2 total=4 live=2 stall=1m5s
[EXEC-QUORUM] height=2519 strict=3 relaxed=2 total=4 live=2 stall=1m5s
2026/05/18 14:44:34 [VOTE-DROP] reason=replay_cache signer=B height=2519 round=0 vote_block=0d0afbfd current_block=0d0afbfd proposal=2519|0|0d0afbfd2e0dcedf0bd821645566228e3d3a68aba897f8f162a488559d82a988||d0937434b96898b2fd5f26e3b9668625b1f37b88fa2271e7e01b93456ece0ad4 exec=d0937434 tx_merkle=
[SET-COMMITMENT-APPLY] height=2519 source=snapshot_parent mode=legacy hash=d75b74ab
[EXEC-PROPOSAL-KEEP] height=2519 round=0 block=0d0afbfd reason=proposal_seen
[EXEC-QUORUM] height=2519 strict=3 relaxed=2 total=4 live=2 stall=1m5s
[EXEC-QUORUM] height=2519 strict=3 relaxed=2 total=4 live=2 stall=1m5s
[EXEC-QUORUM] height=2519 strict=3 relaxed=2 total=4 live=2 stall=1m5s
[EXEC-QUORUM] height=2519 strict=3 relaxed=2 total=4 live=2 stall=1m5s
[EXEC-QUORUM] height=2519 strict=3 relaxed=2 total=4 live=2 stall=1m5s
[REGISTRY-COMMITMENT-CHECK] height=2519 required=true parent_unanchored=false source=chain_parent_commitment expected=9cd32df6 got=9cd32df6
[EXEC-QUORUM] height=2519 strict=3 relaxed=2 total=4 live=2 stall=1m5s
[EXEC-QUORUM] height=2519 strict=3 relaxed=2 total=4 live=2 stall=1m5s
[EXEC-QUORUM] height=2519 strict=3 relaxed=2 total=4 live=2 stall=1m5s
[EXEC-QUORUM] height=2519 strict=3 relaxed=2 total=4 live=2 stall=1m5s
[EXEC-QUORUM] height=2519 strict=3 relaxed=2 total=4 live=2 stall=1m5s
[EXEC-QUORUM] height=2519 strict=3 relaxed=2 total=4 live=2 stall=1m5s
[EXEC-QUORUM] height=2519 strict=3 relaxed=2 total=4 live=2 stall=1m5s
2026/05/18 14:44:34 [EXEC-PRECOMMIT] height=2519 reason=stored_results_quorum prev_round=0 prev_block=0d0afbfd round=3 block=aa1d1934 votes=2 required=2
[EXEC-QUORUM] height=2519 strict=3 relaxed=2 total=4 live=2 stall=1m5s
[REGISTRY-COMMITMENT-CHECK] height=2519 required=true parent_unanchored=false source=chain_parent_commitment expected=9cd32df6 got=9cd32df6
[EXEC-QUORUM] height=2519 strict=3 relaxed=2 total=4 live=2 stall=1m5s
[EXEC-QUORUM] height=2519 strict=3 relaxed=2 total=4 live=2 stall=1m5s
[EXEC-QUORUM] height=2519 strict=3 relaxed=2 total=4 live=2 stall=1m5s
[EXEC-QUORUM] height=2519 strict=3 relaxed=2 total=4 live=2 stall=1m5s
[EXEC-QUORUM] height=2519 strict=3 relaxed=2 total=4 live=2 stall=1m5s
[EXEC-QUORUM] height=2519 strict=3 relaxed=2 total=4 live=2 stall=1m5s
[EXEC-QUORUM] height=2519 strict=3 relaxed=2 total=4 live=2 stall=1m5s
2026/05/18 14:44:34 [EXEC-PRECOMMIT] height=2519 reason=proposal_existing_quorum prev_round=3 prev_block=aa1d1934 round=0 block=0d0afbfd votes=2 required=2
[EXEC-QUORUM] height=2519 strict=3 relaxed=2 total=4 live=2 stall=1m5s
[REGISTRY-COMMITMENT-CHECK] height=2519 required=true parent_unanchored=false source=chain_parent_commitment expected=9cd32df6 got=9cd32df6
[EXEC-QUORUM] height=2519 strict=3 relaxed=2 total=4 live=2 stall=1m5s
[EXEC-QUORUM] height=2519 strict=3 relaxed=2 total=4 live=2 stall=1m5s
[EXEC-QUORUM] height=2519 strict=3 relaxed=2 total=4 live=2 stall=1m5s
[EXEC-QUORUM] height=2519 strict=3 relaxed=2 total=4 live=2 stall=1m5s
[EXEC-QUORUM] height=2519 strict=3 relaxed=2 total=4 live=2 stall=1m5s
[EXEC-QUORUM] height=2519 strict=3 relaxed=2 total=4 live=2 stall=1m5s
2026/05/18 14:44:34 [EXEC-BROADCAST-DEFER] validator=F height=2519 reason=validator_stake_required trigger=leader_block block=0d0afbfd prev=251b1325
[EXEC-QUORUM] height=2519 strict=3 relaxed=2 total=4 live=2 stall=1m5s
[REGISTRY-COMMITMENT-CHECK] height=2519 required=true parent_unanchored=false source=chain_parent_commitment expected=9cd32df6 got=9cd32df6
[EXEC-QUORUM] height=2519 strict=3 relaxed=2 total=4 live=2 stall=1m5s
[EXEC-QUORUM] height=2519 strict=3 relaxed=2 total=4 live=2 stall=1m5s
2026/05/18 14:44:34 [VOTE-DROP] reason=replay_cache signer=B height=2519 round=0 vote_block=0d0afbfd current_block=0d0afbfd proposal=2519|0|0d0afbfd2e0dcedf0bd821645566228e3d3a68aba897f8f162a488559d82a988||d0937434b96898b2fd5f26e3b9668625b1f37b88fa2271e7e01b93456ece0ad4 exec=d0937434 tx_merkle=
Validator heartbeat: A | reported_height=2518 | finalized_height=2518 | local_exec_epoch=2519
Validator heartbeat: A | reported_height=2518 | finalized_height=2518 | local_exec_epoch=2519
[SYNC-SERVE-REQUEST] peer=12D3KooW requested=2519-2519 snapshot=false snapshot_height=0
[SYNC-SERVE-RESPONSE] peer=12D3KooW requested=2519-2519 served=0-0 count=0 snapshot=false tip_gap=true historical_gap=false duration_ms=0
[EXEC-QUORUM] height=2519 strict=3 relaxed=2 total=4 live=2 stall=1m5s
[EXEC-QUORUM] height=2519 strict=3 relaxed=2 total=4 live=2 stall=1m5s
[EXEC-QUORUM] height=2519 strict=3 relaxed=2 total=4 live=2 stall=1m5s
[EXEC-QUORUM] height=2519 strict=3 relaxed=2 total=4 live=2 stall=1m5s
[EXEC-QUORUM] height=2519 strict=3 relaxed=2 total=4 live=2 stall=1m5s
[EXEC-QUORUM] height=2519 strict=3 relaxed=2 total=4 live=2 stall=1m5s
[EXEC-QUORUM] height=2519 strict=3 relaxed=2 total=4 live=2 stall=1m5s
Ã°Å¸â€œÂ¨ Consensus message from 12D3KooWPVKESWFG9sS8G6vjhfPn54kWuNFkkuHwG4yQXhYRcXjX: leader_block (size: 1288 bytes)
[SET-COMMITMENT-APPLY] height=2519 source=snapshot_parent mode=legacy hash=d75b74ab
Ã°Å¸â€œÂ¦ Leader block received from 12D3KooWPVKESWFG9sS8G6vjhfPn54kWuNFkkuHwG4yQXhYRcXjX | height=2519 proposer=A
[EXEC-QUORUM] height=2519 strict=3 relaxed=2 total=4 live=2 stall=1m5s
Ã°Å¸â€Å’ Consensus stream EOF from 12D3KooWPVKESWFG9sS8G6vjhfPn54kWuNFkkuHwG4yQXhYRcXjX
Ã°Å¸â€Å’ Consensus stream closed with 12D3KooWPVKESWFG9sS8G6vjhfPn54kWuNFkkuHwG4yQXhYRcXjX
Ã°Å¸â€œÂ¨ Consensus message from 12D3KooWPVKESWFG9sS8G6vjhfPn54kWuNFkkuHwG4yQXhYRcXjX: execution_result (size: 359 bytes)
Ã°Å¸â€Å’ Consensus stream EOF from 12D3KooWPVKESWFG9sS8G6vjhfPn54kWuNFkkuHwG4yQXhYRcXjX
Ã°Å¸â€Å’ Consensus stream closed with 12D3KooWPVKESWFG9sS8G6vjhfPn54kWuNFkkuHwG4yQXhYRcXjX
[EXEC-QUORUM] height=2519 strict=3 relaxed=2 total=4 live=2 stall=1m5s
[REGISTRY-COMMITMENT-CHECK] height=2519 required=true parent_unanchored=false source=chain_parent_commitment expected=9cd32df6 got=9cd32df6
[EXEC-QUORUM] height=2519 strict=3 relaxed=2 total=4 live=2 stall=1m5s
[EXEC-PROPOSAL-KEEP] height=2519 round=0 block=0d0afbfd reason=proposal_seen
[EXEC-QUORUM] height=2519 strict=3 relaxed=2 total=4 live=2 stall=1m5s
[REGISTRY-COMMITMENT-CHECK] height=2519 required=true parent_unanchored=false source=chain_parent_commitment expected=9cd32df6 got=9cd32df6
[EXEC-QUORUM] height=2519 strict=3 relaxed=2 total=4 live=2 stall=1m5s
[EXEC-QUORUM] height=2519 strict=3 relaxed=2 total=4 live=2 stall=1m5s
[EXEC-QUORUM] height=2519 strict=3 relaxed=2 total=4 live=2 stall=1m5s
[EXEC-QUORUM] height=2519 strict=3 relaxed=2 total=4 live=2 stall=1m5s
[EXEC-QUORUM] height=2519 strict=3 relaxed=2 total=4 live=2 stall=1m5s
[EXEC-QUORUM] height=2519 strict=3 relaxed=2 total=4 live=2 stall=1m5s
[EXEC-QUORUM] height=2519 strict=3 relaxed=2 total=4 live=2 stall=1m5s
[EXEC-QUORUM] height=2519 strict=3 relaxed=2 total=4 live=2 stall=1m5s
[EXEC-QUORUM] height=2519 strict=3 relaxed=2 total=4 live=2 stall=1m5s
[EXEC-QUORUM] height=2519 strict=3 relaxed=2 total=4 live=2 stall=1m5s
[EXEC-QUORUM] height=2519 strict=3 relaxed=2 total=4 live=2 stall=1m5s
[EXEC-QUORUM] height=2519 strict=3 relaxed=2 total=4 live=2 stall=1m5s
[EXEC-QUORUM] height=2519 strict=3 relaxed=2 total=4 live=2 stall=1m5s
[EXEC-QUORUM] height=2519 strict=3 relaxed=2 total=4 live=2 stall=1m5s
2026/05/18 14:44:34 [EXEC-PRECOMMIT] height=2519 reason=stored_results_quorum prev_round=0 prev_block=0d0afbfd round=3 block=aa1d1934 votes=2 required=2
[EXEC-QUORUM] height=2519 strict=3 relaxed=2 total=4 live=2 stall=1m5s
[REGISTRY-COMMITMENT-CHECK] height=2519 required=true parent_unanchored=false source=chain_parent_commitment expected=9cd32df6 got=9cd32df6
[EXEC-QUORUM] height=2519 strict=3 relaxed=2 total=4 live=2 stall=1m5s
[EXEC-QUORUM] height=2519 strict=3 relaxed=2 total=4 live=2 stall=1m5s
[EXEC-QUORUM] height=2519 strict=3 relaxed=2 total=4 live=2 stall=1m5s
[REGISTRY-COMMITMENT-CHECK] height=2519 required=true parent_unanchored=false source=chain_parent_commitment expected=9cd32df6 got=9cd32df6
[EXEC-QUORUM] height=2519 strict=3 relaxed=2 total=4 live=2 stall=1m5s
[EXEC-QUORUM] height=2519 strict=3 relaxed=2 total=4 live=2 stall=1m5s
[REGISTRY-COMMITMENT-CHECK] height=2519 required=true parent_unanchored=false source=chain_parent_commitment expected=9cd32df6 got=9cd32df6
[EXEC-QUORUM] height=2519 strict=3 relaxed=2 total=4 live=2 stall=1m5s
[EXEC-QUORUM] height=2519 strict=3 relaxed=2 total=4 live=2 stall=1m5s
[EXEC-QUORUM] height=2519 strict=3 relaxed=2 total=4 live=2 stall=1m5s
[EXEC-QUORUM] height=2519 strict=3 relaxed=2 total=4 live=2 stall=1m5s
[EXEC-QUORUM] height=2519 strict=3 relaxed=2 total=4 live=2 stall=1m5s
[EXEC-QUORUM] height=2519 strict=3 relaxed=2 total=4 live=2 stall=1m5s
[EXEC-QUORUM] height=2519 strict=3 relaxed=2 total=4 live=2 stall=1m5s
[EXEC-QUORUM] height=2519 strict=3 relaxed=2 total=4 live=2 stall=1m5s
[EXEC-QUORUM] height=2519 strict=3 relaxed=2 total=4 live=2 stall=1m5s
[REGISTRY-COMMITMENT-CHECK] height=2519 required=true parent_unanchored=false source=chain_parent_commitment expected=9cd32df6 got=9cd32df6
[EXEC-QUORUM] height=2519 strict=3 relaxed=2 total=4 live=2 stall=1m5s
[EXEC-QUORUM] height=2519 strict=3 relaxed=2 total=4 live=2 stall=1m5s
[EXEC-QUORUM] height=2519 strict=3 relaxed=2 total=4 live=2 stall=1m5s
[EXEC-QUORUM] height=2519 strict=3 relaxed=2 total=4 live=2 stall=1m5s
[EXEC-QUORUM] height=2519 strict=3 relaxed=2 total=4 live=2 stall=1m5s
[EXEC-QUORUM] height=2519 strict=3 relaxed=2 total=4 live=2 stall=1m5s
[EXEC-QUORUM] height=2519 strict=3 relaxed=2 total=4 live=2 stall=1m5s
[EXEC-QUORUM] height=2519 strict=3 relaxed=2 total=4 live=2 stall=1m5s
Validator heartbeat received: A | reported_height=2518 | finalized_height=2518 | local_exec_epoch=2519
Validator heartbeat received: A | reported_height=2518 | finalized_height=2518 | local_exec_epoch=2519
[EXEC-QUORUM] height=2519 strict=3 relaxed=2 total=4 live=2 stall=1m5s
[SYNC-SERVE-REQUEST] peer=12D3KooW requested=2519-2519 snapshot=false snapshot_height=0
[SYNC-SERVE-RESPONSE] peer=12D3KooW requested=2519-2519 served=0-0 count=0 snapshot=false tip_gap=true historical_gap=false duration_ms=0
[EXEC-QUORUM] height=2519 strict=3 relaxed=2 total=4 live=2 stall=1m5s
[EXEC-QUORUM] height=2519 strict=3 relaxed=2 total=4 live=2 stall=1m5s
2026/05/18 14:44:34 [EXEC-PRECOMMIT] height=2519 reason=proposal_existing_quorum prev_round=3 prev_block=aa1d1934 round=0 block=0d0afbfd votes=2 required=2
[EXEC-QUORUM] height=2519 strict=3 relaxed=2 total=4 live=2 stall=1m5s
[REGISTRY-COMMITMENT-CHECK] height=2519 required=true parent_unanchored=false source=chain_parent_commitment expected=9cd32df6 got=9cd32df6
[EXEC-QUORUM] height=2519 strict=3 relaxed=2 total=4 live=2 stall=1m5s
[EXEC-QUORUM] height=2519 strict=3 relaxed=2 total=4 live=2 stall=1m5s
[EXEC-QUORUM] height=2519 strict=3 relaxed=2 total=4 live=2 stall=1m5s
[EXEC-QUORUM] height=2519 strict=3 relaxed=2 total=4 live=2 stall=1m5s
[EXEC-QUORUM] height=2519 strict=3 relaxed=2 total=4 live=2 stall=1m5s
[EXEC-QUORUM] height=2519 strict=3 relaxed=2 total=4 live=2 stall=1m5s
2026/05/18 14:44:34 [EXEC-BROADCAST-DEFER] validator=F height=2519 reason=validator_stake_required trigger=leader_block block=0d0afbfd prev=251b1325
[SET-COMMITMENT-APPLY] height=2519 source=snapshot_parent mode=legacy hash=d75b74ab
[EXEC-PROPOSAL-KEEP] height=2519 round=0 block=0d0afbfd reason=proposal_seen
[EXEC-QUORUM] height=2519 strict=3 relaxed=2 total=4 live=2 stall=1m5s
[EXEC-QUORUM] height=2519 strict=3 relaxed=2 total=4 live=2 stall=1m5s
[EXEC-QUORUM] height=2519 strict=3 relaxed=2 total=4 live=2 stall=1m5s
[EXEC-QUORUM] height=2519 strict=3 relaxed=2 total=4 live=2 stall=1m5s
[EXEC-QUORUM] height=2519 strict=3 relaxed=2 total=4 live=2 stall=1m5s
[REGISTRY-COMMITMENT-CHECK] height=2519 required=true parent_unanchored=false source=chain_parent_commitment expected=9cd32df6 got=9cd32df6
[EXEC-QUORUM] height=2519 strict=3 relaxed=2 total=4 live=2 stall=1m5s
[EXEC-QUORUM] height=2519 strict=3 relaxed=2 total=4 live=2 stall=1m5s
[EXEC-QUORUM] height=2519 strict=3 relaxed=2 total=4 live=2 stall=1m5s
[EXEC-QUORUM] height=2519 strict=3 relaxed=2 total=4 live=2 stall=1m5s
[EXEC-QUORUM] height=2519 strict=3 relaxed=2 total=4 live=2 stall=1m5s
[EXEC-QUORUM] height=2519 strict=3 relaxed=2 total=4 live=2 stall=1m5s
2026/05/18 14:44:34 [EXEC-PRECOMMIT] height=2519 reason=stored_results_quorum prev_round=0 prev_block=0d0afbfd round=3 block=aa1d1934 votes=2 required=2
[EXEC-QUORUM] height=2519 strict=3 relaxed=2 total=4 live=2 stall=1m5s
[REGISTRY-COMMITMENT-CHECK] height=2519 required=true parent_unanchored=false source=chain_parent_commitment expected=9cd32df6 got=9cd32df6
[EXEC-QUORUM] height=2519 strict=3 relaxed=2 total=4 live=2 stall=1m5s
[EXEC-QUORUM] height=2519 strict=3 relaxed=2 total=4 live=2 stall=1m5s
[EXEC-QUORUM] height=2519 strict=3 relaxed=2 total=4 live=2 stall=1m5s
[EXEC-QUORUM] height=2519 strict=3 relaxed=2 total=4 live=2 stall=1m5s
[EXEC-QUORUM] height=2519 strict=3 relaxed=2 total=4 live=2 stall=1m5s
[EXEC-QUORUM] height=2519 strict=3 relaxed=2 total=4 live=2 stall=1m5s
[EXEC-QUORUM] height=2519 strict=3 relaxed=2 total=4 live=2 stall=1m5s
2026/05/18 14:44:34 [EXEC-PRECOMMIT] height=2519 reason=proposal_existing_quorum prev_round=3 prev_block=aa1d1934 round=0 block=0d0afbfd votes=2 required=2
[EXEC-QUORUM] height=2519 strict=3 relaxed=2 total=4 live=2 stall=1m5s
[REGISTRY-COMMITMENT-CHECK] height=2519 required=true parent_unanchored=false source=chain_parent_commitment expected=9cd32df6 got=9cd32df6
[EXEC-QUORUM] height=2519 strict=3 relaxed=2 total=4 live=2 stall=1m5s
[EXEC-QUORUM] height=2519 strict=3 relaxed=2 total=4 live=2 stall=1m5s
[EXEC-QUORUM] height=2519 strict=3 relaxed=2 total=4 live=2 stall=1m5s
[EXEC-QUORUM] height=2519 strict=3 relaxed=2 total=4 live=2 stall=1m5s
[EXEC-QUORUM] height=2519 strict=3 relaxed=2 total=4 live=2 stall=1m5s
[EXEC-QUORUM] height=2519 strict=3 relaxed=2 total=4 live=2 stall=1m5s
2026/05/18 14:44:34 [EXEC-BROADCAST-DEFER] validator=F height=2519 reason=validator_stake_required trigger=leader_block block=0d0afbfd prev=251b1325
[EXEC-QUORUM] height=2519 strict=3 relaxed=2 total=4 live=2 stall=1m5s
[REGISTRY-COMMITMENT-CHECK] height=2519 required=true parent_unanchored=false source=chain_parent_commitment expected=9cd32df6 got=9cd32df6
[EXEC-QUORUM] height=2519 strict=3 relaxed=2 total=4 live=2 stall=1m5s
[EXEC-QUORUM] height=2519 strict=3 relaxed=2 total=4 live=2 stall=1m5s
2026/05/18 14:44:34 [VOTE-DROP] reason=replay_cache signer=A height=2519 round=0 vote_block=0d0afbfd current_block=0d0afbfd proposal=2519|0|0d0afbfd2e0dcedf0bd821645566228e3d3a68aba897f8f162a488559d82a988||d0937434b96898b2fd5f26e3b9668625b1f37b88fa2271e7e01b93456ece0ad4 exec=d0937434 tx_merkle=
[SET-COMMITMENT-APPLY] height=2519 source=snapshot_parent mode=legacy hash=d75b74ab
[EXEC-PROPOSAL-KEEP] height=2519 round=0 block=0d0afbfd reason=proposal_seen
[EXEC-QUORUM] height=2519 strict=3 relaxed=2 total=4 live=2 stall=1m5s
[EXEC-QUORUM] height=2519 strict=3 relaxed=2 total=4 live=2 stall=1m5s
[EXEC-QUORUM] height=2519 strict=3 relaxed=2 total=4 live=2 stall=1m5s
[EXEC-QUORUM] height=2519 strict=3 relaxed=2 total=4 live=2 stall=1m5s
[EXEC-QUORUM] height=2519 strict=3 relaxed=2 total=4 live=2 stall=1m5s
[REGISTRY-COMMITMENT-CHECK] height=2519 required=true parent_unanchored=false source=chain_parent_commitment expected=9cd32df6 got=9cd32df6
[EXEC-QUORUM] height=2519 strict=3 relaxed=2 total=4 live=2 stall=1m5s
[EXEC-QUORUM] height=2519 strict=3 relaxed=2 total=4 live=2 stall=1m5s
[EXEC-QUORUM] height=2519 strict=3 relaxed=2 total=4 live=2 stall=1m5s
[EXEC-QUORUM] height=2519 strict=3 relaxed=2 total=4 live=2 stall=1m5s
[EXEC-QUORUM] height=2519 strict=3 relaxed=2 total=4 live=2 stall=1m5s
[EXEC-QUORUM] height=2519 strict=3 relaxed=2 total=4 live=2 stall=1m5s
2026/05/18 14:44:34 [EXEC-PRECOMMIT] height=2519 reason=stored_results_quorum prev_round=0 prev_block=0d0afbfd round=3 block=aa1d1934 votes=2 required=2
[EXEC-QUORUM] height=2519 strict=3 relaxed=2 total=4 live=2 stall=1m5s
[REGISTRY-COMMITMENT-CHECK] height=2519 required=true parent_unanchored=false source=chain_parent_commitment expected=9cd32df6 got=9cd32df6
[EXEC-QUORUM] height=2519 strict=3 relaxed=2 total=4 live=2 stall=1m5s
[EXEC-QUORUM] height=2519 strict=3 relaxed=2 total=4 live=2 stall=1m5s
[EXEC-QUORUM] height=2519 strict=3 relaxed=2 total=4 live=2 stall=1m6s
[EXEC-QUORUM] height=2519 strict=3 relaxed=2 total=4 live=2 stall=1m6s
[EXEC-QUORUM] height=2519 strict=3 relaxed=2 total=4 live=2 stall=1m6s
[EXEC-QUORUM] height=2519 strict=3 relaxed=2 total=4 live=2 stall=1m6s
[EXEC-QUORUM] height=2519 strict=3 relaxed=2 total=4 live=2 stall=1m6s
[EXEC-QUORUM] height=2519 strict=3 relaxed=2 total=4 live=2 stall=1m6s
2026/05/18 14:44:35 [EXEC-PRECOMMIT] height=2519 reason=proposal_existing_quorum prev_round=3 prev_block=aa1d1934 round=0 block=0d0afbfd votes=2 required=2
[EXEC-QUORUM] height=2519 strict=3 relaxed=2 total=4 live=2 stall=1m6s
[REGISTRY-COMMITMENT-CHECK] height=2519 required=true parent_unanchored=false source=chain_parent_commitment expected=9cd32df6 got=9cd32df6
[EXEC-QUORUM] height=2519 strict=3 relaxed=2 total=4 live=2 stall=1m6s
[EXEC-QUORUM] height=2519 strict=3 relaxed=2 total=4 live=2 stall=1m6s
[EXEC-QUORUM] height=2519 strict=3 relaxed=2 total=4 live=2 stall=1m6s
[EXEC-QUORUM] height=2519 strict=3 relaxed=2 total=4 live=2 stall=1m6s
[EXEC-QUORUM] height=2519 strict=3 relaxed=2 total=4 live=2 stall=1m6s
[EXEC-QUORUM] height=2519 strict=3 relaxed=2 total=4 live=2 stall=1m6s
2026/05/18 14:44:35 [EXEC-BROADCAST-DEFER] validator=F height=2519 reason=validator_stake_required trigger=leader_block block=0d0afbfd prev=251b1325
[EXEC-QUORUM] height=2519 strict=3 relaxed=2 total=4 live=2 stall=1m6s
[REGISTRY-COMMITMENT-CHECK] height=2519 required=true parent_unanchored=false source=chain_parent_commitment expected=9cd32df6 got=9cd32df6
[EXEC-QUORUM] height=2519 strict=3 relaxed=2 total=4 live=2 stall=1m6s
[EXEC-QUORUM] height=2519 strict=3 relaxed=2 total=4 live=2 stall=1m6s
2026/05/18 14:44:35 [VOTE-DROP] reason=replay_cache signer=A height=2519 round=0 vote_block=0d0afbfd current_block=0d0afbfd proposal=2519|0|0d0afbfd2e0dcedf0bd821645566228e3d3a68aba897f8f162a488559d82a988||d0937434b96898b2fd5f26e3b9668625b1f37b88fa2271e7e01b93456ece0ad4 exec=d0937434 tx_merkle=
[EXEC-QUORUM] height=2519 strict=3 relaxed=2 total=4 live=2 stall=1m6s
[EXEC-QUORUM] height=2519 strict=3 relaxed=2 total=4 live=2 stall=1m6s
Candidate heartbeat received: D | reported_height=2184 | finalized_height=2184 | local_exec_epoch=2185
Candidate heartbeat received: D | reported_height=2184 | finalized_height=2184 | local_exec_epoch=2185
[EXEC-QUORUM] height=2519 strict=3 relaxed=2 total=4 live=2 stall=1m6s
[SYNC-SERVE-REQUEST] peer=12D3KooW requested=2485-2518 snapshot=false snapshot_height=0
[SYNC-SERVE-RESPONSE] peer=12D3KooW requested=2485-2518 served=2485-2518 count=34 snapshot=false tip_gap=false historical_gap=false duration_ms=1
Ã°Å¸â€œÂ¦ Sent blocks 2485-2518 (34 blocks) to 12D3KooWE7bMkbbpLoSHKB43JdTZm9zkgqvf1iCQdGAqFFBDa42W
[SYNC-SERVE-REQUEST] peer=12D3KooW requested=2385-2484 snapshot=false snapshot_height=0
[SYNC-SERVE-RESPONSE] peer=12D3KooW requested=2385-2484 served=2385-2484 count=100 snapshot=false tip_gap=false historical_gap=false duration_ms=8
Ã°Å¸â€œÂ¦ Sent blocks 2385-2484 (100 blocks) to 12D3KooWE7bMkbbpLoSHKB43JdTZm9zkgqvf1iCQdGAqFFBDa42W
[EXEC-QUORUM] height=2519 strict=3 relaxed=2 total=4 live=2 stall=1m6s
[EXEC-QUORUM] height=2519 strict=3 relaxed=2 total=4 live=2 stall=1m7s
[EXEC-QUORUM] height=2519 strict=3 relaxed=2 total=4 live=2 stall=1m7s
[EXEC-QUORUM] height=2519 strict=3 relaxed=2 total=4 live=2 stall=1m7s
[SYNC-SERVE-REQUEST] peer=12D3KooW requested=2519-2519 snapshot=false snapshot_height=0
[SYNC-SERVE-RESPONSE] peer=12D3KooW requested=2519-2519 served=0-0 count=0 snapshot=false tip_gap=true historical_gap=false duration_ms=1
Validator heartbeat: C | reported_height=2518 | finalized_height=2518 | local_exec_epoch=2519
Validator heartbeat: C | reported_height=2518 | finalized_height=2518 | local_exec_epoch=2519
[EXEC-QUORUM] height=2519 strict=3 relaxed=2 total=4 live=3 stall=1m8s
[EXEC-QUORUM] height=2519 strict=3 relaxed=2 total=4 live=3 stall=1m8s
[EXEC-QUORUM] height=2519 strict=3 relaxed=2 total=4 live=3 stall=1m8s
[EXEC-QUORUM] height=2519 strict=3 relaxed=2 total=4 live=3 stall=1m8s
[EXEC-QUORUM] height=2519 strict=3 relaxed=2 total=4 live=3 stall=1m8s
[EXEC-QUORUM] height=2519 strict=3 relaxed=2 total=4 live=3 stall=1m8s
[EXEC-QUORUM] height=2519 strict=3 relaxed=2 total=4 live=3 stall=1m8s
[EXEC-QUORUM] height=2519 strict=3 relaxed=2 total=4 live=3 stall=1m8s
[REGISTRY-COMMITMENT-CHECK] height=2519 required=true parent_unanchored=false source=chain_parent_commitment expected=9cd32df6 got=9cd32df6
[EXEC-QUORUM] height=2519 strict=3 relaxed=2 total=4 live=3 stall=1m8s
[EXEC-QUORUM] height=2519 strict=3 relaxed=2 total=4 live=3 stall=1m8s
[REGISTRY-COMMITMENT-CHECK] height=2519 required=true parent_unanchored=false source=chain_parent_commitment expected=9cd32df6 got=9cd32df6
[EXEC-QUORUM] height=2519 strict=3 relaxed=2 total=4 live=3 stall=1m8s
[EXEC-QUORUM] height=2519 strict=3 relaxed=2 total=4 live=3 stall=1m8s
[EXEC-QUORUM] height=2519 strict=3 relaxed=2 total=4 live=3 stall=1m8s
[EXEC-QUORUM] height=2519 strict=3 relaxed=2 total=4 live=3 stall=1m8s
[EXEC-QUORUM] height=2519 strict=3 relaxed=2 total=4 live=3 stall=1m8s
[EXEC-QUORUM] height=2519 strict=3 relaxed=2 total=4 live=3 stall=1m8s
[EXEC-QUORUM] height=2519 strict=3 relaxed=2 total=4 live=3 stall=1m8s
[EXEC-QUORUM] height=2519 strict=3 relaxed=2 total=4 live=3 stall=1m8s
[EXEC-QUORUM] height=2519 strict=3 relaxed=2 total=4 live=3 stall=1m8s
[EXEC-QUORUM] height=2519 strict=3 relaxed=2 total=4 live=3 stall=1m8s
[EXEC-QUORUM] height=2519 strict=3 relaxed=2 total=4 live=3 stall=1m8s
2026/05/18 14:44:37 [EXEC-PRECOMMIT] height=2519 reason=stored_results_quorum prev_round=0 prev_block=0d0afbfd round=3 block=aa1d1934 votes=2 required=2
[EXEC-QUORUM] height=2519 strict=3 relaxed=2 total=4 live=3 stall=1m8s
[EXEC-QUORUM] height=2519 strict=3 relaxed=2 total=4 live=3 stall=1m8s
[REGISTRY-COMMITMENT-CHECK] height=2519 required=true parent_unanchored=false source=chain_parent_commitment expected=9cd32df6 got=9cd32df6
[EXEC-QUORUM] height=2519 strict=3 relaxed=2 total=4 live=3 stall=1m8s
[EXEC-QUORUM] height=2519 strict=3 relaxed=2 total=4 live=3 stall=1m8s
[REGISTRY-COMMITMENT-CHECK] height=2519 required=true parent_unanchored=false source=chain_parent_commitment expected=9cd32df6 got=9cd32df6
[EXEC-QUORUM] height=2519 strict=3 relaxed=2 total=4 live=3 stall=1m8s
[EXEC-QUORUM] height=2519 strict=3 relaxed=2 total=4 live=3 stall=1m8s
[EXEC-QUORUM] height=2519 strict=3 relaxed=2 total=4 live=3 stall=1m8s
[EXEC-QUORUM] height=2519 strict=3 relaxed=2 total=4 live=3 stall=1m8s
[EXEC-QUORUM] height=2519 strict=3 relaxed=2 total=4 live=3 stall=1m8s
[EXEC-QUORUM] height=2519 strict=3 relaxed=2 total=4 live=3 stall=1m8s
[EXEC-QUORUM] height=2519 strict=3 relaxed=2 total=4 live=3 stall=1m8s
[EXEC-QUORUM] height=2519 strict=3 relaxed=2 total=4 live=3 stall=1m8s
2026/05/18 14:44:37 [EXEC-COMMIT] height=2519 reason=precommit_quorum round=3 block=790ca18f votes=2 required=2 precommits=2
[EXEC-QUORUM] height=2519 strict=3 relaxed=2 total=4 live=3 stall=1m8s
âŒ Block signature verification failed | proposer=B height=2519 hash=790ca18f candidates=2 runtime_norm=true runtime_raw=true genesis_norm=true genesis_raw=true
[EXEC-QUORUM] height=2519 strict=3 relaxed=2 total=4 live=3 stall=1m8s
2026/05/18 14:44:37 [EXEC-COMMIT] height=2519 reason=precommit_quorum round=3 block=790ca18f votes=2 required=2 precommits=2
[SYNC-QUEUE] reason=heartbeat local=2518 target=2519
[SYNC] reason=heartbeat local=2518 target=2519 votes=3 required=3 stage=direct_gossip action=block_range_fetch
Validator heartbeat received: C | reported_height=2518 | finalized_height=2518 | local_exec_epoch=2519
[SYNC-REQUEST-START] peer=12D3KooW range=2519-2519 snapshot=false snapshot_height=0 timeout_ms=15000
[SYNC-REQUEST-OPEN] peer=12D3KooW range=2519-2519
[SYNC-REQUEST-OPEN-OK] peer=12D3KooW range=2519-2519 duration_ms=0
[SYNC-REQUEST-ENCODE] peer=12D3KooW range=2519-2519
[SYNC-REQUEST-ENCODE-OK] peer=12D3KooW range=2519-2519 duration_ms=0
[SYNC-REQUEST-DECODE] peer=12D3KooW range=2519-2519
[SYNC-REQUEST-START] peer=12D3KooW range=2519-2519 snapshot=false snapshot_height=0 timeout_ms=15000
[SYNC-REQUEST-OPEN] peer=12D3KooW range=2519-2519
[SYNC-REQUEST-OPEN-OK] peer=12D3KooW range=2519-2519 duration_ms=0
[SYNC-REQUEST-ENCODE] peer=12D3KooW range=2519-2519
[SYNC-REQUEST-ENCODE-OK] peer=12D3KooW range=2519-2519 duration_ms=0
[SYNC-REQUEST-DECODE] peer=12D3KooW range=2519-2519
[SYNC-REQUEST-RESULT] peer=12D3KooW range=2519-2519 count=0 snapshot=false duration_ms=10
[SYNC-SERVE-REQUEST] peer=12D3KooW requested=2519-2519 snapshot=false snapshot_height=0
[SYNC-SERVE-RESPONSE] peer=12D3KooW requested=2519-2519 served=0-0 count=0 snapshot=false tip_gap=true historical_gap=false duration_ms=0
[SYNC-REQUEST-RESULT] peer=12D3KooW range=2519-2519 count=0 snapshot=false duration_ms=13
[SYNC-SINGLE] stage=range_fetch requested=2519 result=failed err=single_block_fetch_failed
[SYNC-REQUEST-START] peer=12D3KooW range=2519-2519 snapshot=false snapshot_height=0 timeout_ms=15000
[SYNC-REQUEST-OPEN] peer=12D3KooW range=2519-2519
[SYNC-REQUEST-OPEN-OK] peer=12D3KooW range=2519-2519 duration_ms=0
[SYNC-REQUEST-ENCODE] peer=12D3KooW range=2519-2519
[SYNC-REQUEST-ENCODE-OK] peer=12D3KooW range=2519-2519 duration_ms=0
[SYNC-REQUEST-DECODE] peer=12D3KooW range=2519-2519
[SYNC-REQUEST-START] peer=12D3KooW range=2519-2519 snapshot=false snapshot_height=0 timeout_ms=15000
[SYNC-REQUEST-OPEN] peer=12D3KooW range=2519-2519
[SYNC-REQUEST-OPEN-OK] peer=12D3KooW range=2519-2519 duration_ms=0
[SYNC-REQUEST-ENCODE] peer=12D3KooW range=2519-2519
[SYNC-REQUEST-ENCODE-OK] peer=12D3KooW range=2519-2519 duration_ms=0
[SYNC-REQUEST-DECODE] peer=12D3KooW range=2519-2519
[SYNC-REQUEST-RESULT] peer=12D3KooW range=2519-2519 count=0 snapshot=false duration_ms=1
[SYNC-SERVE-REQUEST] peer=12D3KooW requested=2519-2519 snapshot=false snapshot_height=0
[SYNC-SERVE-RESPONSE] peer=12D3KooW requested=2519-2519 served=0-0 count=0 snapshot=false tip_gap=true historical_gap=false duration_ms=0
[SYNC-REQUEST-RESULT] peer=12D3KooW range=2519-2519 count=0 snapshot=false duration_ms=5
[SYNC-SINGLE] stage=range_fetch requested=2519 result=failed err=single_block_fetch_failed
[SYNC-BATCH-STOP] stage=range_fetch local=2518 target=2519 reason=no_sync_peer exclude=4
[EXEC-QUORUM] height=2519 strict=3 relaxed=2 total=4 live=3 stall=1m8s
âŒ Block signature verification failed | proposer=B height=2519 hash=790ca18f candidates=2 runtime_norm=true runtime_raw=true genesis_norm=true genesis_raw=true
âŒ Block signature verification failed | proposer=B height=2519 hash=790ca18f candidates=2 runtime_norm=true runtime_raw=true genesis_norm=true genesis_raw=true
[EXEC-QUORUM] height=2519 strict=3 relaxed=2 total=4 live=3 stall=1m8s
âŒ Block signature verification failed | proposer=B height=2519 hash=790ca18f candidates=2 runtime_norm=true runtime_raw=true genesis_norm=true genesis_raw=true
âŒ Block signature verification failed | proposer=B height=2519 hash=790ca18f candidates=2 runtime_norm=true runtime_raw=true genesis_norm=true genesis_raw=true
âŒ Block signature verification failed | proposer=B height=2519 hash=790ca18f candidates=2 runtime_norm=true runtime_raw=true genesis_norm=true genesis_raw=true
[EXEC-QUORUM] height=2519 strict=3 relaxed=2 total=4 live=3 stall=1m8s
Candidate heartbeat received: D | reported_height=2184 | finalized_height=2184 | local_exec_epoch=2185
âŒ Block signature verification failed | proposer=B height=2519 hash=790ca18f candidates=2 runtime_norm=true runtime_raw=true genesis_norm=true genesis_raw=true
Attempting to connect to 4 peers
âŒ Block signature verification failed | proposer=B height=2519 hash=790ca18f candidates=2 runtime_norm=true runtime_raw=true genesis_norm=true genesis_raw=true
[EXEC-QUORUM] height=2519 strict=3 relaxed=2 total=4 live=3 stall=1m9s
âŒ Block signature verification failed | proposer=B height=2519 hash=790ca18f candidates=2 runtime_norm=true runtime_raw=true genesis_norm=true genesis_raw=true
âŒ Block signature verification failed | proposer=B height=2519 hash=790ca18f candidates=2 runtime_norm=true runtime_raw=true genesis_norm=true genesis_raw=true
âŒ Block signature verification failed | proposer=B height=2519 hash=790ca18f candidates=2 runtime_norm=true runtime_raw=true genesis_norm=true genesis_raw=true
[SYNC-BLOCK-REJECT] stage=direct_gossip provider=12D3KooW local=2518 next=2519 got=2519 reason=validation_failed queue_tip=2519 proposer=B hash=790ca18f prev=251b1325
[APPLY-FAIL] h=2519 hash=790ca18f reason=validation_failed fail_count=9
[EXEC-QUORUM] height=2519 strict=3 relaxed=2 total=4 live=3 stall=1m9s
Validator heartbeat received: C | reported_height=2518 | finalized_height=2518 | local_exec_epoch=2519
Candidate heartbeat received: D | reported_height=2184 | finalized_height=2184 | local_exec_epoch=2185
[EXEC-QUORUM] height=2519 strict=3 relaxed=2 total=4 live=3 stall=1m9s
[EXEC-QUORUM] height=2519 strict=3 relaxed=2 total=4 live=3 stall=1m10s
[EXEC-QUORUM] height=2519 strict=3 relaxed=2 total=4 live=3 stall=1m10s
[EXEC-QUORUM] height=2519 strict=3 relaxed=2 total=4 live=3 stall=1m10s
[EXEC-QUORUM] height=2519 strict=3 relaxed=2 total=4 live=3 stall=1m10s
[SNAPSHOT-PUBLISH] deferred height=2518 reason=auto_publish_interval_10
[EXEC-QUORUM] height=2519 strict=3 relaxed=2 total=4 live=3 stall=1m11s
[SYNC-SERVE-REQUEST] peer=12D3KooW requested=2519-2519 snapshot=false snapshot_height=0
[SYNC-SERVE-RESPONSE] peer=12D3KooW requested=2519-2519 served=0-0 count=0 snapshot=false tip_gap=true historical_gap=false duration_ms=0
Candidate heartbeat received: D | reported_height=2184 | finalized_height=2184 | local_exec_epoch=2185
Candidate heartbeat received: D | reported_height=2184 | finalized_height=2184 | local_exec_epoch=2185
[EXEC-QUORUM] height=2519 strict=3 relaxed=2 total=4 live=3 stall=1m11s
[EXEC-QUORUM] height=2519 strict=3 relaxed=2 total=4 live=3 stall=1m11s
[SYNC-QUEUE] reason=late_join local=2518 target=2519
[SYNC] reason=late_join local=2518 target=2519 votes=3 required=3 stage=direct_gossip action=block_range_fetch
[SYNC-REQUEST-START] peer=12D3KooW range=2519-2519 snapshot=false snapshot_height=0 timeout_ms=15000
[SYNC-REQUEST-OPEN] peer=12D3KooW range=2519-2519
[SYNC-REQUEST-OPEN-OK] peer=12D3KooW range=2519-2519 duration_ms=4
[SYNC-REQUEST-ENCODE] peer=12D3KooW range=2519-2519
[SYNC-REQUEST-ENCODE-OK] peer=12D3KooW range=2519-2519 duration_ms=0
[SYNC-REQUEST-DECODE] peer=12D3KooW range=2519-2519
[SYNC-REQUEST-START] peer=12D3KooW range=2519-2519 snapshot=false snapshot_height=0 timeout_ms=15000
[SYNC-REQUEST-RESULT] peer=12D3KooW range=2519-2519 count=0 snapshot=false duration_ms=0
[SYNC-REQUEST-OPEN] peer=12D3KooW range=2519-2519
[SYNC-REQUEST-OPEN-OK] peer=12D3KooW range=2519-2519 duration_ms=0
[SYNC-REQUEST-ENCODE] peer=12D3KooW range=2519-2519
[SYNC-REQUEST-ENCODE-OK] peer=12D3KooW range=2519-2519 duration_ms=0
[SYNC-REQUEST-DECODE] peer=12D3KooW range=2519-2519
[SYNC-REQUEST-RESULT] peer=12D3KooW range=2519-2519 count=0 snapshot=false duration_ms=0
[SYNC-SINGLE] stage=range_fetch requested=2519 result=failed err=single_block_fetch_failed
[SYNC-REQUEST-START] peer=12D3KooW range=2519-2519 snapshot=false snapshot_height=0 timeout_ms=15000
[SYNC-REQUEST-OPEN] peer=12D3KooW range=2519-2519
[SYNC-REQUEST-OPEN-OK] peer=12D3KooW range=2519-2519 duration_ms=0
[SYNC-REQUEST-ENCODE] peer=12D3KooW range=2519-2519
[SYNC-REQUEST-ENCODE-OK] peer=12D3KooW range=2519-2519 duration_ms=0
[SYNC-REQUEST-DECODE] peer=12D3KooW range=2519-2519
[SYNC-REQUEST-START] peer=12D3KooW range=2519-2519 snapshot=false snapshot_height=0 timeout_ms=15000
[SYNC-REQUEST-OPEN] peer=12D3KooW range=2519-2519
[SYNC-REQUEST-RESULT] peer=12D3KooW range=2519-2519 count=0 snapshot=false duration_ms=1
[SYNC-REQUEST-OPEN-OK] peer=12D3KooW range=2519-2519 duration_ms=0
[SYNC-REQUEST-ENCODE] peer=12D3KooW range=2519-2519
[SYNC-REQUEST-ENCODE-OK] peer=12D3KooW range=2519-2519 duration_ms=0
[SYNC-REQUEST-DECODE] peer=12D3KooW range=2519-2519
[SYNC-REQUEST-RESULT] peer=12D3KooW range=2519-2519 count=0 snapshot=false duration_ms=0
[SYNC-SINGLE] stage=range_fetch requested=2519 result=failed err=single_block_fetch_failed
[SYNC-BATCH-STOP] stage=range_fetch local=2518 target=2519 reason=no_sync_peer exclude=4
[EXEC-QUORUM] height=2519 strict=3 relaxed=2 total=4 live=3 stall=1m12s
[EXEC-QUORUM] height=2519 strict=3 relaxed=2 total=4 live=3 stall=1m12s
[EXEC-QUORUM] height=2519 strict=3 relaxed=2 total=4 live=3 stall=1m12s
[SYNC-SERVE-REQUEST] peer=12D3KooW requested=2519-2519 snapshot=false snapshot_height=0
[SYNC-SERVE-RESPONSE] peer=12D3KooW requested=2519-2519 served=0-0 count=0 snapshot=false tip_gap=true historical_gap=false duration_ms=0
[EXEC-QUORUM] height=2519 strict=3 relaxed=2 total=4 live=3 stall=1m13s
[EXEC-QUORUM] height=2519 strict=3 relaxed=2 total=4 live=3 stall=1m13s
[SYNC-SERVE-REQUEST] peer=12D3KooW requested=2519-2519 snapshot=false snapshot_height=0
[SYNC-SERVE-RESPONSE] peer=12D3KooW requested=2519-2519 served=0-0 count=0 snapshot=false tip_gap=true historical_gap=false duration_ms=0
[EXEC-QUORUM] height=2519 strict=3 relaxed=2 total=4 live=3 stall=1m13s
[EXEC-QUORUM] height=2519 strict=3 relaxed=2 total=4 live=3 stall=1m13s
Candidate heartbeat received: D | reported_height=2184 | finalized_height=2184 | local_exec_epoch=2185
Candidate heartbeat received: D | reported_height=2184 | finalized_height=2184 | local_exec_epoch=2185
[EXEC-QUORUM] height=2519 strict=3 relaxed=2 total=4 live=3 stall=1m14s
[EXEC-QUORUM] height=2519 strict=3 relaxed=2 total=4 live=3 stall=1m14s
[EXEC-QUORUM] height=2519 strict=3 relaxed=2 total=4 live=3 stall=1m14s
[EXEC-QUORUM] height=2519 strict=3 relaxed=2 total=4 live=3 stall=1m14s
[EXEC-QUORUM] height=2519 strict=3 relaxed=2 total=4 live=3 stall=1m15s
[EXEC-QUORUM] height=2519 strict=3 relaxed=2 total=4 live=3 stall=1m15s
[SYNC-SERVE-REQUEST] peer=12D3KooW requested=2485-2518 snapshot=false snapshot_height=0
[SYNC-SERVE-RESPONSE] peer=12D3KooW requested=2485-2518 served=2485-2518 count=34 snapshot=false tip_gap=false historical_gap=false duration_ms=2
[SYNC-SERVE-REQUEST] peer=12D3KooW requested=2385-2484 snapshot=false snapshot_height=0
[SYNC-SERVE-RESPONSE] peer=12D3KooW requested=2385-2484 served=2385-2484 count=100 snapshot=false tip_gap=false historical_gap=false duration_ms=5
[EXEC-QUORUM] height=2519 strict=3 relaxed=2 total=4 live=3 stall=1m15s
[EXEC-QUORUM] height=2519 strict=3 relaxed=2 total=4 live=3 stall=1m16s
[SYNC-SERVE-REQUEST] peer=12D3KooW requested=2519-2519 snapshot=false snapshot_height=0
[SYNC-SERVE-RESPONSE] peer=12D3KooW requested=2519-2519 served=0-0 count=0 snapshot=false tip_gap=true historical_gap=false duration_ms=0
[EXEC-QUORUM] height=2519 strict=3 relaxed=2 total=4 live=3 stall=1m16s
[EXEC-QUORUM] height=2519 strict=3 relaxed=2 total=4 live=3 stall=1m16s
[CONSENSUS] height=2518 vhash=d75b74ab validators=4
Candidate heartbeat received: D | reported_height=2184 | finalized_height=2184 | local_exec_epoch=2185
Candidate heartbeat received: D | reported_height=2184 | finalized_height=2184 | local_exec_epoch=2185
[SYNC-QUEUE] reason=status_tick local=2518 target=2519
[SYNC] reason=status_tick local=2518 target=2519 votes=3 required=3 stage=direct_gossip action=block_range_fetch
[SYNC-REQUEST-START] peer=12D3KooW range=2519-2519 snapshot=false snapshot_height=0 timeout_ms=15000
[SYNC-REQUEST-OPEN] peer=12D3KooW range=2519-2519
[SYNC-REQUEST-START] peer=12D3KooW range=2519-2519 snapshot=false snapshot_height=0 timeout_ms=15000
[SYNC-REQUEST-OPEN] peer=12D3KooW range=2519-2519
[SYNC-REQUEST-OPEN-OK] peer=12D3KooW range=2519-2519 duration_ms=0
[SYNC-REQUEST-ENCODE] peer=12D3KooW range=2519-2519
[SYNC-REQUEST-OPEN-OK] peer=12D3KooW range=2519-2519 duration_ms=0
[SYNC-REQUEST-ENCODE] peer=12D3KooW range=2519-2519
[SYNC-REQUEST-ENCODE-OK] peer=12D3KooW range=2519-2519 duration_ms=0
[SYNC-REQUEST-DECODE] peer=12D3KooW range=2519-2519
[SYNC-REQUEST-ENCODE-OK] peer=12D3KooW range=2519-2519 duration_ms=0
[SYNC-REQUEST-DECODE] peer=12D3KooW range=2519-2519
[SYNC-REQUEST-RESULT] peer=12D3KooW range=2519-2519 count=0 snapshot=false duration_ms=1
[SYNC-REQUEST-RESULT] peer=12D3KooW range=2519-2519 count=0 snapshot=false duration_ms=2
[SYNC-SINGLE] stage=range_fetch requested=2519 result=failed err=single_block_fetch_failed
[SYNC-REQUEST-START] peer=12D3KooW range=2519-2519 snapshot=false snapshot_height=0 timeout_ms=15000
[SYNC-REQUEST-OPEN] peer=12D3KooW range=2519-2519
[SYNC-REQUEST-OPEN-OK] peer=12D3KooW range=2519-2519 duration_ms=0
[SYNC-REQUEST-ENCODE] peer=12D3KooW range=2519-2519
[SYNC-REQUEST-ENCODE-OK] peer=12D3KooW range=2519-2519 duration_ms=2
[SYNC-REQUEST-DECODE] peer=12D3KooW range=2519-2519
[SYNC-REQUEST-START] peer=12D3KooW range=2519-2519 snapshot=false snapshot_height=0 timeout_ms=15000
[SYNC-REQUEST-OPEN] peer=12D3KooW range=2519-2519
[SYNC-REQUEST-OPEN-OK] peer=12D3KooW range=2519-2519 duration_ms=0
[SYNC-REQUEST-ENCODE] peer=12D3KooW range=2519-2519
[SYNC-REQUEST-ENCODE-OK] peer=12D3KooW range=2519-2519 duration_ms=0
[SYNC-REQUEST-DECODE] peer=12D3KooW range=2519-2519
2026/05/18 14:44:45 [SYNC-PIPELINE] stage=block_catchup
[SYNC-REQUEST-RESULT] peer=12D3KooW range=2519-2519 count=0 snapshot=false duration_ms=3
[SYNC-REQUEST-RESULT] peer=12D3KooW range=2519-2519 count=0 snapshot=false duration_ms=2
[SYNC-SINGLE] stage=range_fetch requested=2519 result=failed err=single_block_fetch_failed
[SYNC-BATCH-STOP] stage=range_fetch local=2518 target=2519 reason=no_sync_peer exclude=4
[EXEC-QUORUM] height=2519 strict=3 relaxed=2 total=4 live=3 stall=1m16s
[STATUS] height=2518 finalized=2518 peers=4 validators=3 strict_live=3 heartbeat_live=3 out_of_drift=0 drift_limit=8 syncing=true sync_complete=false execution_ready=true execution_reason=ready gossip=false gossip_pipeline= consensus_running=true mode=observer vote=false propose=false role=full validator_state=syncing warmup_seconds=0 ready=false reason=syncing snapshot_source=snapshot_committed expected_source=snapshot_parent expected_hash=d75b74ab resolved_source=snapshot_committed resolved_hash=d75b74ab next_source=carry_forward next_hash=d75b74ab got_hash= authority=snapshot_parent hash_mode=legacy
2026/05/18 14:44:45 [OK] goroutine pressure normalized: 184 (degrade mode off)
[SYNC-SERVE-REQUEST] peer=12D3KooW requested=2485-2518 snapshot=false snapshot_height=0
[SYNC-SERVE-SKIP] peer=12D3KooW requested=2485-2518 adjusted=2485-2518 reason=duplicate_or_policy
[SYNC-SERVE-REQUEST] peer=12D3KooW requested=2385-2484 snapshot=false snapshot_height=0
[SYNC-SERVE-SKIP] peer=12D3KooW requested=2385-2484 adjusted=2385-2484 reason=duplicate_or_policy
[EXEC-QUORUM] height=2519 strict=3 relaxed=2 total=4 live=3 stall=1m17s
Validator heartbeat: B | reported_height=2518 | finalized_height=2518 | local_exec_epoch=2519
Validator heartbeat: B | reported_height=2518 | finalized_height=2518 | local_exec_epoch=2519
[EXEC-QUORUM] height=2519 strict=3 relaxed=2 total=4 live=3 stall=1m17s
[EXEC-QUORUM] height=2519 strict=3 relaxed=2 total=4 live=3 stall=1m17s
[EXEC-QUORUM] height=2519 strict=3 relaxed=2 total=4 live=3 stall=1m17s
[EXEC-QUORUM] height=2519 strict=3 relaxed=2 total=4 live=3 stall=1m17s
[EXEC-QUORUM] height=2519 strict=3 relaxed=2 total=4 live=3 stall=1m17s
[EXEC-QUORUM] height=2519 strict=3 relaxed=2 total=4 live=3 stall=1m17s
[EXEC-QUORUM] height=2519 strict=3 relaxed=2 total=4 live=3 stall=1m17s
[REGISTRY-COMMITMENT-CHECK] height=2519 required=true parent_unanchored=false source=chain_parent_commitment expected=9cd32df6 got=9cd32df6
[EXEC-QUORUM] height=2519 strict=3 relaxed=2 total=4 live=3 stall=1m17s
[REGISTRY-COMMITMENT-CHECK] height=2519 required=true parent_unanchored=false source=chain_parent_commitment expected=9cd32df6 got=9cd32df6
[EXEC-QUORUM] height=2519 strict=3 relaxed=2 total=4 live=3 stall=1m17s
[EXEC-QUORUM] height=2519 strict=3 relaxed=2 total=4 live=3 stall=1m17s
[EXEC-QUORUM] height=2519 strict=3 relaxed=2 total=4 live=3 stall=1m17s
[EXEC-QUORUM] height=2519 strict=3 relaxed=2 total=4 live=3 stall=1m17s
[EXEC-QUORUM] height=2519 strict=3 relaxed=2 total=4 live=3 stall=1m17s
[EXEC-QUORUM] height=2519 strict=3 relaxed=2 total=4 live=3 stall=1m17s
[EXEC-QUORUM] height=2519 strict=3 relaxed=2 total=4 live=3 stall=1m17s
[EXEC-QUORUM] height=2519 strict=3 relaxed=2 total=4 live=3 stall=1m17s
[EXEC-QUORUM] height=2519 strict=3 relaxed=2 total=4 live=3 stall=1m17s
2026/05/18 14:44:46 [EXEC-COMMIT] height=2519 reason=precommit_quorum round=3 block=790ca18f votes=2 required=2 precommits=2
[EXEC-QUORUM] height=2519 strict=3 relaxed=2 total=4 live=3 stall=1m17s
2026/05/18 14:44:46 [EXEC-COMMIT] height=2519 reason=precommit_quorum round=3 block=790ca18f votes=2 required=2 precommits=2
âŒ Block signature verification failed | proposer=B height=2519 hash=790ca18f candidates=2 runtime_norm=true runtime_raw=true genesis_norm=true genesis_raw=true
Validator heartbeat received: B | reported_height=2518 | finalized_height=2518 | local_exec_epoch=2519
[SNAPSHOT-PUBLISH] deferred height=2518 reason=auto_publish_interval_10
[EXEC-QUORUM] height=2519 strict=3 relaxed=2 total=4 live=3 stall=1m17s
âŒ Block signature verification failed | proposer=B height=2519 hash=790ca18f candidates=2 runtime_norm=true runtime_raw=true genesis_norm=true genesis_raw=true
âŒ Block signature verification failed | proposer=B height=2519 hash=790ca18f candidates=2 runtime_norm=true runtime_raw=true genesis_norm=true genesis_raw=true
âŒ Block signature verification failed | proposer=B height=2519 hash=790ca18f candidates=2 runtime_norm=true runtime_raw=true genesis_norm=true genesis_raw=true
[EXEC-QUORUM] height=2519 strict=3 relaxed=2 total=4 live=3 stall=1m17s
[SYNC-SERVE-REQUEST] peer=12D3KooW requested=2519-2519 snapshot=false snapshot_height=0
[SYNC-SERVE-RESPONSE] peer=12D3KooW requested=2519-2519 served=0-0 count=0 snapshot=false tip_gap=true historical_gap=false duration_ms=1
âŒ Block signature verification failed | proposer=B height=2519 hash=790ca18f candidates=2 runtime_norm=true runtime_raw=true genesis_norm=true genesis_raw=true
âŒ Block signature verification failed | proposer=B height=2519 hash=790ca18f candidates=2 runtime_norm=true runtime_raw=true genesis_norm=true genesis_raw=true
[EXEC-QUORUM] height=2519 strict=3 relaxed=2 total=4 live=3 stall=1m18s
âŒ Block signature verification failed | proposer=B height=2519 hash=790ca18f candidates=2 runtime_norm=true runtime_raw=true genesis_norm=true genesis_raw=true
[SYNC-SERVE-REQUEST] peer=12D3KooW requested=2519-2519 snapshot=false snapshot_height=0
[SYNC-SERVE-RESPONSE] peer=12D3KooW requested=2519-2519 served=0-0 count=0 snapshot=false tip_gap=true historical_gap=false duration_ms=0
âŒ Block signature verification failed | proposer=B height=2519 hash=790ca18f candidates=2 runtime_norm=true runtime_raw=true genesis_norm=true genesis_raw=true
âŒ Block signature verification failed | proposer=B height=2519 hash=790ca18f candidates=2 runtime_norm=true runtime_raw=true genesis_norm=true genesis_raw=true
[EXEC-QUORUM] height=2519 strict=3 relaxed=2 total=4 live=3 stall=1m18s
âŒ Block signature verification failed | proposer=B height=2519 hash=790ca18f candidates=2 runtime_norm=true runtime_raw=true genesis_norm=true genesis_raw=true
Validator heartbeat: A | reported_height=2518 | finalized_height=2518 | local_exec_epoch=2519
[EXEC-QUORUM] height=2519 strict=3 relaxed=2 total=4 live=3 stall=1m18s
[EXEC-QUORUM] height=2519 strict=3 relaxed=2 total=4 live=3 stall=1m18s
[EXEC-QUORUM] height=2519 strict=3 relaxed=2 total=4 live=3 stall=1m18s
[EXEC-QUORUM] height=2519 strict=3 relaxed=2 total=4 live=3 stall=1m18s
[REGISTRY-COMMITMENT-CHECK] height=2519 required=true parent_unanchored=false source=chain_parent_commitment expected=9cd32df6 got=9cd32df6
[EXEC-QUORUM] height=2519 strict=3 relaxed=2 total=4 live=3 stall=1m18s
[EXEC-QUORUM] height=2519 strict=3 relaxed=2 total=4 live=3 stall=1m18s
[EXEC-QUORUM] height=2519 strict=3 relaxed=2 total=4 live=3 stall=1m18s
[EXEC-QUORUM] height=2519 strict=3 relaxed=2 total=4 live=3 stall=1m18s
[EXEC-QUORUM] height=2519 strict=3 relaxed=2 total=4 live=3 stall=1m18s
2026/05/18 14:44:47 [EXEC-COMMIT] height=2519 reason=precommit_quorum round=3 block=790ca18f votes=2 required=2 precommits=2
âŒ Block signature verification failed | proposer=B height=2519 hash=790ca18f candidates=2 runtime_norm=true runtime_raw=true genesis_norm=true genesis_raw=true
[SYNC-BLOCK-REJECT] stage=direct_gossip provider=12D3KooW local=2518 next=2519 got=2519 reason=validation_failed queue_tip=2519 proposer=B hash=790ca18f prev=251b1325
[APPLY-FAIL] h=2519 hash=790ca18f reason=validation_failed fail_count=10
Validator heartbeat received: B | reported_height=2518 | finalized_height=2518 | local_exec_epoch=2519
Validator heartbeat: A | reported_height=2518 | finalized_height=2518 | local_exec_epoch=2519
Validator heartbeat received: A | reported_height=2518 | finalized_height=2518 | local_exec_epoch=2519
[EXEC-QUORUM] height=2519 strict=3 relaxed=2 total=4 live=3 stall=1m18s
[EXEC-QUORUM] height=2519 strict=3 relaxed=2 total=4 live=3 stall=1m18s
[EXEC-QUORUM] height=2519 strict=3 relaxed=2 total=4 live=3 stall=1m18s
[SYNC-SERVE-REQUEST] peer=12D3KooW requested=2519-2519 snapshot=false snapshot_height=0
[SYNC-SERVE-RESPONSE] peer=12D3KooW requested=2519-2519 served=0-0 count=0 snapshot=false tip_gap=true historical_gap=false duration_ms=0
[EXEC-QUORUM] height=2519 strict=3 relaxed=2 total=4 live=3 stall=1m18s
[REGISTRY-COMMITMENT-CHECK] height=2519 required=true parent_unanchored=false source=chain_parent_commitment expected=9cd32df6 got=9cd32df6
[EXEC-QUORUM] height=2519 strict=3 relaxed=2 total=4 live=3 stall=1m18s
[EXEC-QUORUM] height=2519 strict=3 relaxed=2 total=4 live=3 stall=1m18s
[EXEC-QUORUM] height=2519 strict=3 relaxed=2 total=4 live=3 stall=1m18s
[EXEC-QUORUM] height=2519 strict=3 relaxed=2 total=4 live=3 stall=1m18s
[EXEC-QUORUM] height=2519 strict=3 relaxed=2 total=4 live=3 stall=1m18s
2026/05/18 14:44:47 [EXEC-COMMIT] height=2519 reason=precommit_quorum round=3 block=790ca18f votes=2 required=2 precommits=2
âŒ Block signature verification failed | proposer=B height=2519 hash=790ca18f candidates=2 runtime_norm=true runtime_raw=true genesis_norm=true genesis_raw=true
[EXEC-QUORUM] height=2519 strict=3 relaxed=2 total=4 live=3 stall=1m18s
âŒ Block signature verification failed | proposer=B height=2519 hash=790ca18f candidates=2 runtime_norm=true runtime_raw=true genesis_norm=true genesis_raw=true
âŒ Block signature verification failed | proposer=B height=2519 hash=790ca18f candidates=2 runtime_norm=true runtime_raw=true genesis_norm=true genesis_raw=true
[EXEC-QUORUM] height=2519 strict=3 relaxed=2 total=4 live=3 stall=1m19s
âŒ Block signature verification failed | proposer=B height=2519 hash=790ca18f candidates=2 runtime_norm=true runtime_raw=true genesis_norm=true genesis_raw=true
[EXEC-QUORUM] height=2519 strict=3 relaxed=2 total=4 live=3 stall=1m19s
âŒ Block signature verification failed | proposer=B height=2519 hash=790ca18f candidates=2 runtime_norm=true runtime_raw=true genesis_norm=true genesis_raw=true
[EXEC-QUORUM] height=2519 strict=3 relaxed=2 total=4 live=3 stall=1m19s
âŒ Block signature verification failed | proposer=B height=2519 hash=790ca18f candidates=2 runtime_norm=true runtime_raw=true genesis_norm=true genesis_raw=true
[EXEC-QUORUM] height=2519 strict=3 relaxed=2 total=4 live=3 stall=1m19s
âŒ Block signature verification failed | proposer=B height=2519 hash=790ca18f candidates=2 runtime_norm=true runtime_raw=true genesis_norm=true genesis_raw=true
Candidate heartbeat received: D | reported_height=2184 | finalized_height=2184 | local_exec_epoch=2185
âŒ Block signature verification failed | proposer=B height=2519 hash=790ca18f candidates=2 runtime_norm=true runtime_raw=true genesis_norm=true genesis_raw=true
âŒ Block signature verification failed | proposer=B height=2519 hash=790ca18f candidates=2 runtime_norm=true runtime_raw=true genesis_norm=true genesis_raw=true
[EXEC-QUORUM] height=2519 strict=3 relaxed=2 total=4 live=3 stall=1m19s
âŒ Block signature verification failed | proposer=B height=2519 hash=790ca18f candidates=2 runtime_norm=true runtime_raw=true genesis_norm=true genesis_raw=true
âŒ Block signature verification failed | proposer=B height=2519 hash=790ca18f candidates=2 runtime_norm=true runtime_raw=true genesis_norm=true genesis_raw=true
[SYNC-BLOCK-REJECT] stage=direct_gossip provider=12D3KooW local=2518 next=2519 got=2519 reason=validation_failed queue_tip=2519 proposer=B hash=790ca18f prev=251b1325
[APPLY-FAIL] h=2519 hash=790ca18f reason=validation_failed fail_count=11
[SYNC-QUEUE] reason=invalid_block_signature local=2518 target=2519
[SYNC] reason=invalid_block_signature local=2518 target=2519 votes=3 required=3 stage=direct_gossip action=block_range_fetch
[SYNC-REQUEST-START] peer=12D3KooW range=2519-2519 snapshot=false snapshot_height=0 timeout_ms=15000
[SYNC-REQUEST-OPEN] peer=12D3KooW range=2519-2519
[SYNC-REQUEST-START] peer=12D3KooW range=2519-2519 snapshot=false snapshot_height=0 timeout_ms=15000
[SYNC-REQUEST-OPEN] peer=12D3KooW range=2519-2519
[SYNC-REQUEST-OPEN-OK] peer=12D3KooW range=2519-2519 duration_ms=0
[SYNC-REQUEST-ENCODE] peer=12D3KooW range=2519-2519
[SYNC-REQUEST-ENCODE-OK] peer=12D3KooW range=2519-2519 duration_ms=1
[SYNC-REQUEST-DECODE] peer=12D3KooW range=2519-2519
Validator heartbeat received: A | reported_height=2518 | finalized_height=2518 | local_exec_epoch=2519
[SYNC-REQUEST-OPEN-OK] peer=12D3KooW range=2519-2519 duration_ms=0
[SYNC-REQUEST-ENCODE] peer=12D3KooW range=2519-2519
[SYNC-REQUEST-ENCODE-OK] peer=12D3KooW range=2519-2519 duration_ms=0
[SYNC-REQUEST-DECODE] peer=12D3KooW range=2519-2519
[SYNC-REQUEST-RESULT] peer=12D3KooW range=2519-2519 count=0 snapshot=false duration_ms=1
[SYNC-REQUEST-RESULT] peer=12D3KooW range=2519-2519 count=0 snapshot=false duration_ms=0
[SYNC-SINGLE] stage=range_fetch requested=2519 result=failed err=single_block_fetch_failed
[SYNC-REQUEST-START] peer=12D3KooW range=2519-2519 snapshot=false snapshot_height=0 timeout_ms=15000
[SYNC-REQUEST-OPEN] peer=12D3KooW range=2519-2519
[SYNC-REQUEST-START] peer=12D3KooW range=2519-2519 snapshot=false snapshot_height=0 timeout_ms=15000
[SYNC-REQUEST-OPEN] peer=12D3KooW range=2519-2519
[SYNC-REQUEST-OPEN-OK] peer=12D3KooW range=2519-2519 duration_ms=0
[SYNC-REQUEST-ENCODE] peer=12D3KooW range=2519-2519
[SYNC-REQUEST-OPEN-OK] peer=12D3KooW range=2519-2519 duration_ms=0
[SYNC-REQUEST-ENCODE] peer=12D3KooW range=2519-2519
[SYNC-REQUEST-ENCODE-OK] peer=12D3KooW range=2519-2519 duration_ms=0
[SYNC-REQUEST-DECODE] peer=12D3KooW range=2519-2519
[SYNC-REQUEST-ENCODE-OK] peer=12D3KooW range=2519-2519 duration_ms=0
[SYNC-REQUEST-DECODE] peer=12D3KooW range=2519-2519
[SYNC-REQUEST-RESULT] peer=12D3KooW range=2519-2519 count=0 snapshot=false duration_ms=0
[SYNC-REQUEST-RESULT] peer=12D3KooW range=2519-2519 count=0 snapshot=false duration_ms=2
[SYNC-SINGLE] stage=range_fetch requested=2519 result=failed err=single_block_fetch_failed
[SYNC-BATCH-STOP] stage=range_fetch local=2518 target=2519 reason=no_sync_peer exclude=4
Candidate heartbeat received: D | reported_height=2184 | finalized_height=2184 | local_exec_epoch=2185
[EXEC-QUORUM] height=2519 strict=3 relaxed=2 total=4 live=3 stall=1m20s
[EXEC-QUORUM] height=2519 strict=3 relaxed=2 total=4 live=3 stall=1m20s
[EXEC-QUORUM] height=2519 strict=3 relaxed=2 total=4 live=3 stall=1m20s
[EXEC-QUORUM] height=2519 strict=3 relaxed=2 total=4 live=3 stall=1m20s
Validator heartbeat: C | reported_height=2518 | finalized_height=2518 | local_exec_epoch=2519
Validator heartbeat: C | reported_height=2518 | finalized_height=2518 | local_exec_epoch=2519
[EXEC-QUORUM] height=2519 strict=3 relaxed=2 total=4 live=3 stall=1m20s
[EXEC-QUORUM] height=2519 strict=3 relaxed=2 total=4 live=3 stall=1m20s
[EXEC-QUORUM] height=2519 strict=3 relaxed=2 total=4 live=3 stall=1m20s
[EXEC-QUORUM] height=2519 strict=3 relaxed=2 total=4 live=3 stall=1m20s
[EXEC-QUORUM] height=2519 strict=3 relaxed=2 total=4 live=3 stall=1m20s
[EXEC-QUORUM] height=2519 strict=3 relaxed=2 total=4 live=3 stall=1m20s
[EXEC-QUORUM] height=2519 strict=3 relaxed=2 total=4 live=3 stall=1m20s
[REGISTRY-COMMITMENT-CHECK] height=2519 required=true parent_unanchored=false source=chain_parent_commitment expected=9cd32df6 got=9cd32df6
[EXEC-QUORUM] height=2519 strict=3 relaxed=2 total=4 live=3 stall=1m20s
[REGISTRY-COMMITMENT-CHECK] height=2519 required=true parent_unanchored=false source=chain_parent_commitment expected=9cd32df6 got=9cd32df6
[EXEC-QUORUM] height=2519 strict=3 relaxed=2 total=4 live=3 stall=1m20s
[EXEC-QUORUM] height=2519 strict=3 relaxed=2 total=4 live=3 stall=1m20s
[EXEC-QUORUM] height=2519 strict=3 relaxed=2 total=4 live=3 stall=1m20s
[EXEC-QUORUM] height=2519 strict=3 relaxed=2 total=4 live=3 stall=1m20s
[EXEC-QUORUM] height=2519 strict=3 relaxed=2 total=4 live=3 stall=1m20s
[EXEC-QUORUM] height=2519 strict=3 relaxed=2 total=4 live=3 stall=1m20s
[EXEC-QUORUM] height=2519 strict=3 relaxed=2 total=4 live=3 stall=1m20s
[EXEC-QUORUM] height=2519 strict=3 relaxed=2 total=4 live=3 stall=1m20s
[EXEC-QUORUM] height=2519 strict=3 relaxed=2 total=4 live=3 stall=1m20s
2026/05/18 14:44:49 [EXEC-COMMIT] height=2519 reason=precommit_quorum round=3 block=790ca18f votes=2 required=2 precommits=2
âŒ Block signature verification failed | proposer=B height=2519 hash=790ca18f candidates=2 runtime_norm=true runtime_raw=true genesis_norm=true genesis_raw=true
[EXEC-QUORUM] height=2519 strict=3 relaxed=2 total=4 live=3 stall=1m20s
[EXEC-QUORUM] height=2519 strict=3 relaxed=2 total=4 live=3 stall=1m20s
2026/05/18 14:44:49 [EXEC-COMMIT] height=2519 reason=precommit_quorum round=3 block=790ca18f votes=2 required=2 precommits=2
Validator heartbeat received: C | reported_height=2518 | finalized_height=2518 | local_exec_epoch=2519
[SYNC-SERVE-REQUEST] peer=12D3KooW requested=2519-2519 snapshot=false snapshot_height=0
[SYNC-SERVE-RESPONSE] peer=12D3KooW requested=2519-2519 served=0-0 count=0 snapshot=false tip_gap=true historical_gap=false duration_ms=0
[SYNC-SERVE-REQUEST] peer=12D3KooW requested=2519-2519 snapshot=false snapshot_height=0
[SYNC-SERVE-RESPONSE] peer=12D3KooW requested=2519-2519 served=0-0 count=0 snapshot=false tip_gap=true historical_gap=false duration_ms=0
âŒ Block signature verification failed | proposer=B height=2519 hash=790ca18f candidates=2 runtime_norm=true runtime_raw=true genesis_norm=true genesis_raw=true
âŒ Block signature verification failed | proposer=B height=2519 hash=790ca18f candidates=2 runtime_norm=true runtime_raw=true genesis_norm=true genesis_raw=true
[EXEC-QUORUM] height=2519 strict=3 relaxed=2 total=4 live=3 stall=1m21s
âŒ Block signature verification failed | proposer=B height=2519 hash=790ca18f candidates=2 runtime_norm=true runtime_raw=true genesis_norm=true genesis_raw=true
âŒ Block signature verification failed | proposer=B height=2519 hash=790ca18f candidates=2 runtime_norm=true runtime_raw=true genesis_norm=true genesis_raw=true
[EXEC-QUORUM] height=2519 strict=3 relaxed=2 total=4 live=3 stall=1m21s
âŒ Block signature verification failed | proposer=B height=2519 hash=790ca18f candidates=2 runtime_norm=true runtime_raw=true genesis_norm=true genesis_raw=true
âŒ Block signature verification failed | proposer=B height=2519 hash=790ca18f candidates=2 runtime_norm=true runtime_raw=true genesis_norm=true genesis_raw=true
Candidate heartbeat received: D | reported_height=2184 | finalized_height=2184 | local_exec_epoch=2185
âŒ Block signature verification failed | proposer=B height=2519 hash=790ca18f candidates=2 runtime_norm=true runtime_raw=true genesis_norm=true genesis_raw=true
[EXEC-QUORUM] height=2519 strict=3 relaxed=2 total=4 live=3 stall=1m21s
âŒ Block signature verification failed | proposer=B height=2519 hash=790ca18f candidates=2 runtime_norm=true runtime_raw=true genesis_norm=true genesis_raw=true
[SYNC] reason=late_join local=2518 target=2519 votes=3 required=3 stage=direct_gossip action=block_range_fetch
[SYNC-REQUEST-START] peer=12D3KooW range=2519-2519 snapshot=false snapshot_height=0 timeout_ms=15000
[SYNC-REQUEST-OPEN] peer=12D3KooW range=2519-2519
[SYNC-REQUEST-START] peer=12D3KooW range=2519-2519 snapshot=false snapshot_height=0 timeout_ms=15000
[SYNC-REQUEST-OPEN] peer=12D3KooW range=2519-2519
[SYNC-REQUEST-OPEN-OK] peer=12D3KooW range=2519-2519 duration_ms=0
[SYNC-REQUEST-ENCODE] peer=12D3KooW range=2519-2519
[SYNC-REQUEST-ENCODE-OK] peer=12D3KooW range=2519-2519 duration_ms=0
[SYNC-REQUEST-DECODE] peer=12D3KooW range=2519-2519
[SYNC-REQUEST-OPEN-OK] peer=12D3KooW range=2519-2519 duration_ms=0
[SYNC-REQUEST-ENCODE] peer=12D3KooW range=2519-2519
[SYNC-REQUEST-ENCODE-OK] peer=12D3KooW range=2519-2519 duration_ms=0
[SYNC-REQUEST-DECODE] peer=12D3KooW range=2519-2519
[SYNC-REQUEST-RESULT] peer=12D3KooW range=2519-2519 count=0 snapshot=false duration_ms=1
[SYNC-REQUEST-RESULT] peer=12D3KooW range=2519-2519 count=0 snapshot=false duration_ms=2
[SYNC-SINGLE] stage=range_fetch requested=2519 result=failed err=single_block_fetch_failed
[SYNC-REQUEST-START] peer=12D3KooW range=2519-2519 snapshot=false snapshot_height=0 timeout_ms=15000
[SYNC-REQUEST-OPEN] peer=12D3KooW range=2519-2519
[SYNC-REQUEST-OPEN-OK] peer=12D3KooW range=2519-2519 duration_ms=0
[SYNC-REQUEST-ENCODE] peer=12D3KooW range=2519-2519
[SYNC-REQUEST-ENCODE-OK] peer=12D3KooW range=2519-2519 duration_ms=0
[SYNC-REQUEST-DECODE] peer=12D3KooW range=2519-2519
[SYNC-REQUEST-START] peer=12D3KooW range=2519-2519 snapshot=false snapshot_height=0 timeout_ms=15000
[SYNC-REQUEST-OPEN] peer=12D3KooW range=2519-2519
[SYNC-REQUEST-OPEN-OK] peer=12D3KooW range=2519-2519 duration_ms=0
[SYNC-REQUEST-ENCODE] peer=12D3KooW range=2519-2519
[SYNC-REQUEST-ENCODE-OK] peer=12D3KooW range=2519-2519 duration_ms=0
[SYNC-REQUEST-DECODE] peer=12D3KooW range=2519-2519
[SYNC-REQUEST-RESULT] peer=12D3KooW range=2519-2519 count=0 snapshot=false duration_ms=2
[SYNC-REQUEST-RESULT] peer=12D3KooW range=2519-2519 count=0 snapshot=false duration_ms=0
[SYNC-SINGLE] stage=range_fetch requested=2519 result=failed err=single_block_fetch_failed
[SYNC-BATCH-STOP] stage=range_fetch local=2518 target=2519 reason=no_sync_peer exclude=4
âŒ Block signature verification failed | proposer=B height=2519 hash=790ca18f candidates=2 runtime_norm=true runtime_raw=true genesis_norm=true genesis_raw=true
âŒ Block signature verification failed | proposer=B height=2519 hash=790ca18f candidates=2 runtime_norm=true runtime_raw=true genesis_norm=true genesis_raw=true
[SYNC-BLOCK-REJECT] stage=direct_gossip provider=12D3KooW local=2518 next=2519 got=2519 reason=validation_failed queue_tip=2519 proposer=B hash=790ca18f prev=251b1325
[APPLY-FAIL] h=2519 hash=790ca18f reason=validation_failed fail_count=12
[EXEC-QUORUM] height=2519 strict=3 relaxed=2 total=4 live=3 stall=1m22s
Validator heartbeat received: C | reported_height=2518 | finalized_height=2518 | local_exec_epoch=2519
Candidate heartbeat received: D | reported_height=2184 | finalized_height=2184 | local_exec_epoch=2185
[EXEC-QUORUM] height=2519 strict=3 relaxed=2 total=4 live=3 stall=1m22s
[EXEC-QUORUM] height=2519 strict=3 relaxed=2 total=4 live=3 stall=1m22s
[SYNC-SERVE-REQUEST] peer=12D3KooW requested=2519-2519 snapshot=false snapshot_height=0
[SYNC-SERVE-RESPONSE] peer=12D3KooW requested=2519-2519 served=0-0 count=0 snapshot=false tip_gap=true historical_gap=false duration_ms=0
[SNAPSHOT-PUBLISH] deferred height=2518 reason=auto_publish_interval_10
[SYNC-SERVE-REQUEST] peer=12D3KooW requested=2385-2484 snapshot=false snapshot_height=0
[SYNC-SERVE-REQUEST] peer=12D3KooW requested=2485-2518 snapshot=false snapshot_height=0
[SYNC-SERVE-RESPONSE] peer=12D3KooW requested=2485-2518 served=2485-2518 count=34 snapshot=false tip_gap=false historical_gap=false duration_ms=2
Ã°Å¸â€œÂ¦ Sent blocks 2485-2518 (34 blocks) to 12D3KooWE7bMkbbpLoSHKB43JdTZm9zkgqvf1iCQdGAqFFBDa42W
[SYNC-SERVE-RESPONSE] peer=12D3KooW requested=2385-2484 served=2385-2484 count=100 snapshot=false tip_gap=false historical_gap=false duration_ms=7
Ã°Å¸â€œÂ¦ Sent blocks 2385-2484 (100 blocks) to 12D3KooWE7bMkbbpLoSHKB43JdTZm9zkgqvf1iCQdGAqFFBDa42W
[EXEC-QUORUM] height=2519 strict=3 relaxed=2 total=4 live=3 stall=1m23s
[SYNC-SERVE-REQUEST] peer=12D3KooW requested=2519-2519 snapshot=false snapshot_height=0
[SYNC-SERVE-RESPONSE] peer=12D3KooW requested=2519-2519 served=0-0 count=0 snapshot=false tip_gap=true historical_gap=false duration_ms=0
[EXEC-QUORUM] height=2519 strict=3 relaxed=2 total=4 live=3 stall=1m23s
[EXEC-QUORUM] height=2519 strict=3 relaxed=2 total=4 live=3 stall=1m23s
[EXEC-QUORUM] height=2519 strict=3 relaxed=2 total=4 live=3 stall=1m24s
[EXEC-QUORUM] height=2519 strict=3 relaxed=2 total=4 live=3 stall=1m24s
[EXEC-QUORUM] height=2519 strict=3 relaxed=2 total=4 live=3 stall=1m24s
[EXEC-QUORUM] height=2519 strict=3 relaxed=2 total=4 live=3 stall=1m24s
[SYNC-SERVE-REQUEST] peer=12D3KooW requested=2519-2519 snapshot=false snapshot_height=0
[SYNC-SERVE-RESPONSE] peer=12D3KooW requested=2519-2519 served=0-0 count=0 snapshot=false tip_gap=true historical_gap=false duration_ms=0
[EXEC-QUORUM] height=2519 strict=3 relaxed=2 total=4 live=3 stall=1m25s
Candidate heartbeat received: D | reported_height=2184 | finalized_height=2184 | local_exec_epoch=2185
Candidate heartbeat received: D | reported_height=2184 | finalized_height=2184 | local_exec_epoch=2185
[EXEC-QUORUM] height=2519 strict=3 relaxed=2 total=4 live=3 stall=1m25s
[EXEC-QUORUM] height=2519 strict=3 relaxed=2 total=4 live=3 stall=1m25s
[EXEC-QUORUM] height=2519 strict=3 relaxed=2 total=4 live=3 stall=1m25s
[EXEC-QUORUM] height=2519 strict=3 relaxed=2 total=4 live=3 stall=1m26s
[EXEC-QUORUM] height=2519 strict=3 relaxed=2 total=4 live=3 stall=1m26s
[SYNC-SERVE-REQUEST] peer=12D3KooW requested=2519-2519 snapshot=false snapshot_height=0
[SYNC-SERVE-RESPONSE] peer=12D3KooW requested=2519-2519 served=0-0 count=0 snapshot=false tip_gap=true historical_gap=false duration_ms=0
[EXEC-QUORUM] height=2519 strict=3 relaxed=2 total=4 live=3 stall=1m26s
[SYNC-QUEUE] reason=late_join local=2518 target=2519
[SYNC] reason=late_join local=2518 target=2519 votes=3 required=3 stage=direct_gossip action=block_range_fetch
[SYNC-REQUEST-START] peer=12D3KooW range=2519-2519 snapshot=false snapshot_height=0 timeout_ms=15000
[SYNC-REQUEST-OPEN] peer=12D3KooW range=2519-2519
[SYNC-REQUEST-START] peer=12D3KooW range=2519-2519 snapshot=false snapshot_height=0 timeout_ms=15000
[SYNC-REQUEST-OPEN] peer=12D3KooW range=2519-2519
[SYNC-REQUEST-OPEN-OK] peer=12D3KooW range=2519-2519 duration_ms=0
[SYNC-REQUEST-ENCODE] peer=12D3KooW range=2519-2519
[SYNC-REQUEST-OPEN-OK] peer=12D3KooW range=2519-2519 duration_ms=0
[SYNC-REQUEST-ENCODE] peer=12D3KooW range=2519-2519
[SYNC-REQUEST-ENCODE-OK] peer=12D3KooW range=2519-2519 duration_ms=0
[SYNC-REQUEST-DECODE] peer=12D3KooW range=2519-2519
[SYNC-REQUEST-RESULT] peer=12D3KooW range=2519-2519 count=0 snapshot=false duration_ms=0
2026/05/18 14:44:55 [SYNC-PIPELINE] stage=block_catchup
[SYNC-REQUEST-ENCODE-OK] peer=12D3KooW range=2519-2519 duration_ms=0
[SYNC-REQUEST-DECODE] peer=12D3KooW range=2519-2519
[SYNC-REQUEST-RESULT] peer=12D3KooW range=2519-2519 count=0 snapshot=false duration_ms=0
[SYNC-SINGLE] stage=range_fetch requested=2519 result=failed err=single_block_fetch_failed
[SYNC-REQUEST-START] peer=12D3KooW range=2519-2519 snapshot=false snapshot_height=0 timeout_ms=15000
[SYNC-REQUEST-OPEN] peer=12D3KooW range=2519-2519
[SYNC-REQUEST-START] peer=12D3KooW range=2519-2519 snapshot=false snapshot_height=0 timeout_ms=15000
[SYNC-REQUEST-OPEN] peer=12D3KooW range=2519-2519
[SYNC-REQUEST-OPEN-OK] peer=12D3KooW range=2519-2519 duration_ms=0
[SYNC-REQUEST-ENCODE] peer=12D3KooW range=2519-2519
[SYNC-REQUEST-ENCODE-OK] peer=12D3KooW range=2519-2519 duration_ms=0
[SYNC-REQUEST-DECODE] peer=12D3KooW range=2519-2519
[SYNC-REQUEST-OPEN-OK] peer=12D3KooW range=2519-2519 duration_ms=0
[SYNC-REQUEST-RESULT] peer=12D3KooW range=2519-2519 count=0 snapshot=false duration_ms=2
[SYNC-REQUEST-ENCODE] peer=12D3KooW range=2519-2519
[SYNC-REQUEST-ENCODE-OK] peer=12D3KooW range=2519-2519 duration_ms=0
[SYNC-REQUEST-DECODE] peer=12D3KooW range=2519-2519
[PARTICIPATION-GATE] validator=F height=2519 reason=syncing
[SYNC-REQUEST-RESULT] peer=12D3KooW range=2519-2519 count=0 snapshot=false duration_ms=1
[EXEC-QUORUM] height=2519 strict=3 relaxed=2 total=4 live=3 stall=1m26s
[SYNC-SINGLE] stage=range_fetch requested=2519 result=failed err=single_block_fetch_failed
[SYNC-BATCH-STOP] stage=range_fetch local=2518 target=2519 reason=no_sync_peer exclude=4
Candidate heartbeat received: D | reported_height=2184 | finalized_height=2184 | local_exec_epoch=2185
Candidate heartbeat received: D | reported_height=2184 | finalized_height=2184 | local_exec_epoch=2185
[EXEC-QUORUM] height=2519 strict=3 relaxed=2 total=4 live=3 stall=1m27s
[EXEC-QUORUM] height=2519 strict=3 relaxed=2 total=4 live=3 stall=1m27s
[EXEC-QUORUM] height=2519 strict=3 relaxed=2 total=4 live=3 stall=1m27s
[SYNC-SERVE-REQUEST] peer=12D3KooW requested=2519-2519 snapshot=false snapshot_height=0
[SYNC-SERVE-RESPONSE] peer=12D3KooW requested=2519-2519 served=0-0 count=0 snapshot=false tip_gap=true historical_gap=false duration_ms=0
[EXEC-QUORUM] height=2519 strict=3 relaxed=2 total=4 live=3 stall=1m28s
[SYNC-SERVE-REQUEST] peer=12D3KooW requested=2519-2519 snapshot=false snapshot_height=0
[SYNC-SERVE-RESPONSE] peer=12D3KooW requested=2519-2519 served=0-0 count=0 snapshot=false tip_gap=true historical_gap=false duration_ms=0
[EXEC-QUORUM] height=2519 strict=3 relaxed=2 total=4 live=3 stall=1m28s
[EXEC-QUORUM] height=2519 strict=3 relaxed=2 total=4 live=3 stall=1m28s
[PARTICIPATION-GATE] validator=F height=2519 reason=validator_stake_required
[EXEC-QUORUM] height=2519 strict=3 relaxed=2 total=4 live=3 stall=1m28s
[EXEC-QUORUM] height=2519 strict=3 relaxed=2 total=4 live=3 stall=1m29s
[SYNC-SERVE-REQUEST] peer=12D3KooW requested=2485-2518 snapshot=false snapshot_height=0
[SYNC-SERVE-RESPONSE] peer=12D3KooW requested=2485-2518 served=2485-2518 count=34 snapshot=false tip_gap=false historical_gap=false duration_ms=2
[SYNC-SERVE-REQUEST] peer=12D3KooW requested=2385-2484 snapshot=false snapshot_height=0
[SYNC-SERVE-RESPONSE] peer=12D3KooW requested=2385-2484 served=2385-2484 count=100 snapshot=false tip_gap=false historical_gap=false duration_ms=5
[EXEC-QUORUM] height=2519 strict=3 relaxed=2 total=4 live=3 stall=1m29s
Validator heartbeat: B | reported_height=2518 | finalized_height=2518 | local_exec_epoch=2519
Validator heartbeat: B | reported_height=2518 | finalized_height=2518 | local_exec_epoch=2519
[EXEC-QUORUM] height=2519 strict=3 relaxed=2 total=4 live=3 stall=1m29s
[EXEC-QUORUM] height=2519 strict=3 relaxed=2 total=4 live=3 stall=1m29s
[EXEC-QUORUM] height=2519 strict=3 relaxed=2 total=4 live=3 stall=1m29s
Ã°Å¸â€œÂ¨ Consensus message from 12D3KooWHdmUKc1bYKY3scg6TqGhK3SutwH9hu1aAez4VmvwkEyk: leader_block (size: 1290 bytes)
Ã°Å¸â€œÂ¦ Leader block received from 12D3KooWHdmUKc1bYKY3scg6TqGhK3SutwH9hu1aAez4VmvwkEyk | height=2519 proposer=B
[LEADER-BLOCK-REJECT] height=2519 round=3 reason=duplicate_proposal peer=12D3KooWPVKESWFG9sS8G6vjhfPn54kWuNFkkuHwG4yQXhYRcXjX proposer=B block=aa1d1934
[LEADER-BLOCK-REJECT] height=2519 round=3 reason=duplicate_proposal peer=12D3KooWHdmUKc1bYKY3scg6TqGhK3SutwH9hu1aAez4VmvwkEyk proposer=B block=aa1d1934
[EXEC-QUORUM] height=2519 strict=3 relaxed=2 total=4 live=3 stall=1m29s
Ã°Å¸â€Å’ Consensus stream EOF from 12D3KooWHdmUKc1bYKY3scg6TqGhK3SutwH9hu1aAez4VmvwkEyk
Ã°Å¸â€œÂ¨ Consensus message from 12D3KooWHdmUKc1bYKY3scg6TqGhK3SutwH9hu1aAez4VmvwkEyk: execution_result (size: 374 bytes)
Ã°Å¸â€Å’ Consensus stream EOF from 12D3KooWHdmUKc1bYKY3scg6TqGhK3SutwH9hu1aAez4VmvwkEyk
Ã°Å¸â€Å’ Consensus stream closed with 12D3KooWHdmUKc1bYKY3scg6TqGhK3SutwH9hu1aAez4VmvwkEyk
[EXEC-QUORUM] height=2519 strict=3 relaxed=2 total=4 live=3 stall=1m29s
Ã°Å¸â€Å’ Consensus stream closed with 12D3KooWHdmUKc1bYKY3scg6TqGhK3SutwH9hu1aAez4VmvwkEyk
[EXEC-QUORUM] height=2519 strict=3 relaxed=2 total=4 live=3 stall=1m29s
[EXEC-QUORUM] height=2519 strict=3 relaxed=2 total=4 live=3 stall=1m29s
[REGISTRY-COMMITMENT-CHECK] height=2519 required=true parent_unanchored=false source=chain_parent_commitment expected=9cd32df6 got=9cd32df6
[EXEC-QUORUM] height=2519 strict=3 relaxed=2 total=4 live=3 stall=1m29s
[EXEC-QUORUM] height=2519 strict=3 relaxed=2 total=4 live=3 stall=1m29s
[REGISTRY-COMMITMENT-CHECK] height=2519 required=true parent_unanchored=false source=chain_parent_commitment expected=9cd32df6 got=9cd32df6
[EXEC-QUORUM] height=2519 strict=3 relaxed=2 total=4 live=3 stall=1m29s
[REGISTRY-COMMITMENT-CHECK] height=2519 required=true parent_unanchored=false source=chain_parent_commitment expected=9cd32df6 got=9cd32df6
[EXEC-QUORUM] height=2519 strict=3 relaxed=2 total=4 live=3 stall=1m29s
[EXEC-QUORUM] height=2519 strict=3 relaxed=2 total=4 live=3 stall=1m29s
[EXEC-QUORUM] height=2519 strict=3 relaxed=2 total=4 live=3 stall=1m29s
[EXEC-QUORUM] height=2519 strict=3 relaxed=2 total=4 live=3 stall=1m29s
[EXEC-QUORUM] height=2519 strict=3 relaxed=2 total=4 live=3 stall=1m29s
[EXEC-QUORUM] height=2519 strict=3 relaxed=2 total=4 live=3 stall=1m29s
2026/05/18 14:44:58 [VOTE-DROP] reason=replay_cache signer=B height=2519 round=3 vote_block=aa1d1934 current_block=aa1d1934 proposal=2519|3|aa1d1934e4a68ce2fef370e7a60736ea70e4f492f421393d0bc44e21e5e86ebd||a974bacca5c070f9fd050e0b24c8dc41b107c253542ddf43b4e30f836f8a24e2 exec=a974bacc tx_merkle=
[EXEC-QUORUM] height=2519 strict=3 relaxed=2 total=4 live=3 stall=1m29s
2026/05/18 14:44:58 [EXEC-COMMIT] height=2519 reason=precommit_quorum round=3 block=790ca18f votes=2 required=2 precommits=2
[EXEC-QUORUM] height=2519 strict=3 relaxed=2 total=4 live=3 stall=1m29s
âŒ Block signature verification failed | proposer=B height=2519 hash=790ca18f candidates=2 runtime_norm=true runtime_raw=true genesis_norm=true genesis_raw=true
[EXEC-QUORUM] height=2519 strict=3 relaxed=2 total=4 live=3 stall=1m29s
[EXEC-QUORUM] height=2519 strict=3 relaxed=2 total=4 live=3 stall=1m29s
[EXEC-QUORUM] height=2519 strict=3 relaxed=2 total=4 live=3 stall=1m29s
2026/05/18 14:44:58 [EXEC-COMMIT] height=2519 reason=precommit_quorum round=3 block=790ca18f votes=2 required=2 precommits=2
[SYNC] reason=heartbeat local=2518 target=2519 votes=3 required=3 stage=direct_gossip action=block_range_fetch
[SYNC-REQUEST-START] peer=12D3KooW range=2519-2519 snapshot=false snapshot_height=0 timeout_ms=15000
[SYNC-REQUEST-OPEN] peer=12D3KooW range=2519-2519
[SYNC-REQUEST-OPEN-OK] peer=12D3KooW range=2519-2519 duration_ms=1
[SYNC-REQUEST-ENCODE] peer=12D3KooW range=2519-2519
[SYNC-REQUEST-START] peer=12D3KooW range=2519-2519 snapshot=false snapshot_height=0 timeout_ms=15000
[SYNC-REQUEST-OPEN] peer=12D3KooW range=2519-2519
[SYNC-REQUEST-ENCODE-OK] peer=12D3KooW range=2519-2519 duration_ms=0
[SYNC-REQUEST-DECODE] peer=12D3KooW range=2519-2519
[SYNC-REQUEST-RESULT] peer=12D3KooW range=2519-2519 count=0 snapshot=false duration_ms=0
[SYNC-REQUEST-OPEN-OK] peer=12D3KooW range=2519-2519 duration_ms=2
[SYNC-REQUEST-ENCODE] peer=12D3KooW range=2519-2519
[SYNC-REQUEST-ENCODE-OK] peer=12D3KooW range=2519-2519 duration_ms=0
[SYNC-REQUEST-DECODE] peer=12D3KooW range=2519-2519
Validator heartbeat received: B | reported_height=2518 | finalized_height=2518 | local_exec_epoch=2519
[SNAPSHOT-PUBLISH] deferred height=2518 reason=auto_publish_interval_10
[LEADER-BLOCK-REJECT] height=2519 round=3 reason=duplicate_proposal peer= proposer=B block=aa1d1934
[SYNC-REQUEST-RESULT] peer=12D3KooW range=2519-2519 count=0 snapshot=false duration_ms=0
[SYNC-SINGLE] stage=range_fetch requested=2519 result=failed err=single_block_fetch_failed
[SYNC-REQUEST-START] peer=12D3KooW range=2519-2519 snapshot=false snapshot_height=0 timeout_ms=15000
[SYNC-REQUEST-OPEN] peer=12D3KooW range=2519-2519
[SYNC-REQUEST-START] peer=12D3KooW range=2519-2519 snapshot=false snapshot_height=0 timeout_ms=15000
[SYNC-REQUEST-OPEN] peer=12D3KooW range=2519-2519
[SYNC-REQUEST-OPEN-OK] peer=12D3KooW range=2519-2519 duration_ms=0
[SYNC-REQUEST-ENCODE] peer=12D3KooW range=2519-2519
[SYNC-REQUEST-OPEN-OK] peer=12D3KooW range=2519-2519 duration_ms=1
[SYNC-REQUEST-ENCODE] peer=12D3KooW range=2519-2519
[SYNC-REQUEST-ENCODE-OK] peer=12D3KooW range=2519-2519 duration_ms=0
[SYNC-REQUEST-DECODE] peer=12D3KooW range=2519-2519
[SYNC-SERVE-REQUEST] peer=12D3KooW requested=2519-2519 snapshot=false snapshot_height=0
[SYNC-SERVE-RESPONSE] peer=12D3KooW requested=2519-2519 served=0-0 count=0 snapshot=false tip_gap=true historical_gap=false duration_ms=0
[EXEC-QUORUM] height=2519 strict=3 relaxed=2 total=4 live=3 stall=1m29s
[SYNC-REQUEST-ENCODE-OK] peer=12D3KooW range=2519-2519 duration_ms=0
[SYNC-REQUEST-DECODE] peer=12D3KooW range=2519-2519
[SYNC-REQUEST-RESULT] peer=12D3KooW range=2519-2519 count=0 snapshot=false duration_ms=0
2026/05/18 14:44:58 [SYNC-PIPELINE] stage=block_catchup
[SYNC-REQUEST-RESULT] peer=12D3KooW range=2519-2519 count=0 snapshot=false duration_ms=0
[SYNC-SINGLE] stage=range_fetch requested=2519 result=failed err=single_block_fetch_failed
[SYNC-BATCH-STOP] stage=range_fetch local=2518 target=2519 reason=no_sync_peer exclude=4
[REGISTRY-COMMITMENT-CHECK] height=2519 required=true parent_unanchored=false source=chain_parent_commitment expected=9cd32df6 got=9cd32df6
[EXEC-QUORUM] height=2519 strict=3 relaxed=2 total=4 live=3 stall=1m29s
[EXEC-QUORUM] height=2519 strict=3 relaxed=2 total=4 live=3 stall=1m29s
[EXEC-QUORUM] height=2519 strict=3 relaxed=2 total=4 live=3 stall=1m29s
2026/05/18 14:44:58 [VOTE-DROP] reason=replay_cache signer=B height=2519 round=3 vote_block=aa1d1934 current_block=aa1d1934 proposal=2519|3|aa1d1934e4a68ce2fef370e7a60736ea70e4f492f421393d0bc44e21e5e86ebd||a974bacca5c070f9fd050e0b24c8dc41b107c253542ddf43b4e30f836f8a24e2 exec=a974bacc tx_merkle=
âŒ Block signature verification failed | proposer=B height=2519 hash=790ca18f candidates=2 runtime_norm=true runtime_raw=true genesis_norm=true genesis_raw=true
âŒ Block signature verification failed | proposer=B height=2519 hash=790ca18f candidates=2 runtime_norm=true runtime_raw=true genesis_norm=true genesis_raw=true
[EXEC-QUORUM] height=2519 strict=3 relaxed=2 total=4 live=3 stall=1m30s
âŒ Block signature verification failed | proposer=B height=2519 hash=790ca18f candidates=2 runtime_norm=true runtime_raw=true genesis_norm=true genesis_raw=true
[SYNC-SERVE-REQUEST] peer=12D3KooW requested=2519-2519 snapshot=false snapshot_height=0
[SYNC-SERVE-RESPONSE] peer=12D3KooW requested=2519-2519 served=0-0 count=0 snapshot=false tip_gap=true historical_gap=false duration_ms=0
âŒ Block signature verification failed | proposer=B height=2519 hash=790ca18f candidates=2 runtime_norm=true runtime_raw=true genesis_norm=true genesis_raw=true
âŒ Block signature verification failed | proposer=B height=2519 hash=790ca18f candidates=2 runtime_norm=true runtime_raw=true genesis_norm=true genesis_raw=true
[EXEC-QUORUM] height=2519 strict=3 relaxed=2 total=4 live=3 stall=1m30s
âŒ Block signature verification failed | proposer=B height=2519 hash=790ca18f candidates=2 runtime_norm=true runtime_raw=true genesis_norm=true genesis_raw=true
Candidate heartbeat received: D | reported_height=2184 | finalized_height=2184 | local_exec_epoch=2185
âŒ Block signature verification failed | proposer=B height=2519 hash=790ca18f candidates=2 runtime_norm=true runtime_raw=true genesis_norm=true genesis_raw=true
[EXEC-QUORUM] height=2519 strict=3 relaxed=2 total=4 live=3 stall=1m30s
âŒ Block signature verification failed | proposer=B height=2519 hash=790ca18f candidates=2 runtime_norm=true runtime_raw=true genesis_norm=true genesis_raw=true
âŒ Block signature verification failed | proposer=B height=2519 hash=790ca18f candidates=2 runtime_norm=true runtime_raw=true genesis_norm=true genesis_raw=true
âŒ Block signature verification failed | proposer=B height=2519 hash=790ca18f candidates=2 runtime_norm=true runtime_raw=true genesis_norm=true genesis_raw=true
[SYNC-BLOCK-REJECT] stage=direct_gossip provider=12D3KooW local=2518 next=2519 got=2519 reason=validation_failed queue_tip=2519 proposer=B hash=790ca18f prev=251b1325
[APPLY-FAIL] h=2519 hash=790ca18f reason=validation_failed fail_count=13
[SYNC-QUEUE] reason=invalid_block_signature local=2518 target=2519
Validator heartbeat received: B | reported_height=2518 | finalized_height=2518 | local_exec_epoch=2519
Candidate heartbeat received: D | reported_height=2184 | finalized_height=2184 | local_exec_epoch=2185
[EXEC-QUORUM] height=2519 strict=3 relaxed=2 total=4 live=3 stall=1m31s
[EXEC-QUORUM] height=2519 strict=3 relaxed=2 total=4 live=3 stall=1m31s
[EXEC-QUORUM] height=2519 strict=3 relaxed=2 total=4 live=3 stall=1m31s
Validator heartbeat: A | reported_height=2518 | finalized_height=2518 | local_exec_epoch=2519
Validator heartbeat: A | reported_height=2518 | finalized_height=2518 | local_exec_epoch=2519
[EXEC-QUORUM] height=2519 strict=3 relaxed=2 total=4 live=3 stall=1m31s
[EXEC-QUORUM] height=2519 strict=3 relaxed=2 total=4 live=3 stall=1m31s
[EXEC-QUORUM] height=2519 strict=3 relaxed=2 total=4 live=3 stall=1m31s
[EXEC-QUORUM] height=2519 strict=3 relaxed=2 total=4 live=3 stall=1m31s
[EXEC-QUORUM] height=2519 strict=3 relaxed=2 total=4 live=3 stall=1m31s
[EXEC-QUORUM] height=2519 strict=3 relaxed=2 total=4 live=3 stall=1m31s
[EXEC-QUORUM] height=2519 strict=3 relaxed=2 total=4 live=3 stall=1m31s
[REGISTRY-COMMITMENT-CHECK] height=2519 required=true parent_unanchored=false source=chain_parent_commitment expected=9cd32df6 got=9cd32df6
Ã°Å¸â€œÂ¨ Consensus message from 12D3KooWPVKESWFG9sS8G6vjhfPn54kWuNFkkuHwG4yQXhYRcXjX: leader_block (size: 1290 bytes)
Ã°Å¸â€œÂ¦ Leader block received from 12D3KooWPVKESWFG9sS8G6vjhfPn54kWuNFkkuHwG4yQXhYRcXjX | height=2519 proposer=B
[LEADER-BLOCK-REJECT] height=2519 round=3 reason=duplicate_proposal peer=12D3KooWD9ed8zJXbW8uUU6XHD2UYrsQQEvnuXReJWFeo52dvdf8 proposer=B block=aa1d1934
[LEADER-BLOCK-REJECT] height=2519 round=3 reason=duplicate_proposal peer=12D3KooWPVKESWFG9sS8G6vjhfPn54kWuNFkkuHwG4yQXhYRcXjX proposer=B block=aa1d1934
[EXEC-QUORUM] height=2519 strict=3 relaxed=2 total=4 live=3 stall=1m31s
Ã°Å¸â€œÂ¨ Consensus message from 12D3KooWPVKESWFG9sS8G6vjhfPn54kWuNFkkuHwG4yQXhYRcXjX: execution_result (size: 374 bytes)
Ã°Å¸â€Å’ Consensus stream EOF from 12D3KooWPVKESWFG9sS8G6vjhfPn54kWuNFkkuHwG4yQXhYRcXjX
Ã°Å¸â€Å’ Consensus stream closed with 12D3KooWPVKESWFG9sS8G6vjhfPn54kWuNFkkuHwG4yQXhYRcXjX
Ã°Å¸â€Å’ Consensus stream EOF from 12D3KooWPVKESWFG9sS8G6vjhfPn54kWuNFkkuHwG4yQXhYRcXjX
Ã°Å¸â€Å’ Consensus stream closed with 12D3KooWPVKESWFG9sS8G6vjhfPn54kWuNFkkuHwG4yQXhYRcXjX
[REGISTRY-COMMITMENT-CHECK] height=2519 required=true parent_unanchored=false source=chain_parent_commitment expected=9cd32df6 got=9cd32df6
[EXEC-QUORUM] height=2519 strict=3 relaxed=2 total=4 live=3 stall=1m31s
[EXEC-QUORUM] height=2519 strict=3 relaxed=2 total=4 live=3 stall=1m31s
[EXEC-QUORUM] height=2519 strict=3 relaxed=2 total=4 live=3 stall=1m31s
[EXEC-QUORUM] height=2519 strict=3 relaxed=2 total=4 live=3 stall=1m31s
[EXEC-QUORUM] height=2519 strict=3 relaxed=2 total=4 live=3 stall=1m31s
[REGISTRY-COMMITMENT-CHECK] height=2519 required=true parent_unanchored=false source=chain_parent_commitment expected=9cd32df6 got=9cd32df6
[EXEC-QUORUM] height=2519 strict=3 relaxed=2 total=4 live=3 stall=1m31s
[EXEC-QUORUM] height=2519 strict=3 relaxed=2 total=4 live=3 stall=1m31s
[EXEC-QUORUM] height=2519 strict=3 relaxed=2 total=4 live=3 stall=1m31s
2026/05/18 14:45:00 [EXEC-COMMIT] height=2519 reason=precommit_quorum round=3 block=790ca18f votes=2 required=2 precommits=2
[EXEC-QUORUM] height=2519 strict=3 relaxed=2 total=4 live=3 stall=1m31s
âŒ Block signature verification failed | proposer=B height=2519 hash=790ca18f candidates=2 runtime_norm=true runtime_raw=true genesis_norm=true genesis_raw=true
[EXEC-QUORUM] height=2519 strict=3 relaxed=2 total=4 live=3 stall=1m31s
[EXEC-QUORUM] height=2519 strict=3 relaxed=2 total=4 live=3 stall=1m31s
2026/05/18 14:45:00 [VOTE-DROP] reason=replay_cache signer=A height=2519 round=3 vote_block=aa1d1934 current_block=aa1d1934 proposal=2519|3|aa1d1934e4a68ce2fef370e7a60736ea70e4f492f421393d0bc44e21e5e86ebd||a974bacca5c070f9fd050e0b24c8dc41b107c253542ddf43b4e30f836f8a24e2 exec=a974bacc tx_merkle=
[EXEC-QUORUM] height=2519 strict=3 relaxed=2 total=4 live=3 stall=1m31s
[EXEC-QUORUM] height=2519 strict=3 relaxed=2 total=4 live=3 stall=1m31s
2026/05/18 14:45:00 [EXEC-COMMIT] height=2519 reason=precommit_quorum round=3 block=790ca18f votes=2 required=2 precommits=2
Validator heartbeat received: A | reported_height=2518 | finalized_height=2518 | local_exec_epoch=2519
[SYNC-SERVE-REQUEST] peer=12D3KooW requested=2519-2519 snapshot=false snapshot_height=0
[SYNC-SERVE-RESPONSE] peer=12D3KooW requested=2519-2519 served=0-0 count=0 snapshot=false tip_gap=true historical_gap=false duration_ms=0
âŒ Block signature verification failed | proposer=B height=2519 hash=790ca18f candidates=2 runtime_norm=true runtime_raw=true genesis_norm=true genesis_raw=true
[EXEC-QUORUM] height=2519 strict=3 relaxed=2 total=4 live=3 stall=1m31s
âŒ Block signature verification failed | proposer=B height=2519 hash=790ca18f candidates=2 runtime_norm=true runtime_raw=true genesis_norm=true genesis_raw=true
[CONSENSUS] height=2518 vhash=d75b74ab validators=4
[SYNC] reason=status_tick local=2518 target=2519 votes=3 required=3 stage=direct_gossip action=block_range_fetch
[SYNC-REQUEST-START] peer=12D3KooW range=2519-2519 snapshot=false snapshot_height=0 timeout_ms=15000
[SYNC-REQUEST-OPEN] peer=12D3KooW range=2519-2519
[SYNC-REQUEST-OPEN-OK] peer=12D3KooW range=2519-2519 duration_ms=0
[SYNC-REQUEST-ENCODE] peer=12D3KooW range=2519-2519
[SYNC-REQUEST-ENCODE-OK] peer=12D3KooW range=2519-2519 duration_ms=0
[SYNC-REQUEST-DECODE] peer=12D3KooW range=2519-2519
[SYNC-REQUEST-START] peer=12D3KooW range=2519-2519 snapshot=false snapshot_height=0 timeout_ms=15000
[SYNC-REQUEST-OPEN] peer=12D3KooW range=2519-2519
[SYNC-REQUEST-OPEN-OK] peer=12D3KooW range=2519-2519 duration_ms=0
[SYNC-REQUEST-ENCODE] peer=12D3KooW range=2519-2519
[SYNC-REQUEST-ENCODE-OK] peer=12D3KooW range=2519-2519 duration_ms=1
[SYNC-REQUEST-DECODE] peer=12D3KooW range=2519-2519
[SYNC-REQUEST-RESULT] peer=12D3KooW range=2519-2519 count=0 snapshot=false duration_ms=3
[SYNC-REQUEST-RESULT] peer=12D3KooW range=2519-2519 count=0 snapshot=false duration_ms=1
[SYNC-SINGLE] stage=range_fetch requested=2519 result=failed err=single_block_fetch_failed
[SYNC-REQUEST-START] peer=12D3KooW range=2519-2519 snapshot=false snapshot_height=0 timeout_ms=15000
[SYNC-REQUEST-OPEN] peer=12D3KooW range=2519-2519
[SYNC-REQUEST-START] peer=12D3KooW range=2519-2519 snapshot=false snapshot_height=0 timeout_ms=15000
[SYNC-REQUEST-OPEN] peer=12D3KooW range=2519-2519
[SYNC-REQUEST-OPEN-OK] peer=12D3KooW range=2519-2519 duration_ms=0
[SYNC-REQUEST-ENCODE] peer=12D3KooW range=2519-2519
[SYNC-REQUEST-ENCODE-OK] peer=12D3KooW range=2519-2519 duration_ms=0
[SYNC-REQUEST-DECODE] peer=12D3KooW range=2519-2519
[SYNC-REQUEST-OPEN-OK] peer=12D3KooW range=2519-2519 duration_ms=0
[SYNC-REQUEST-ENCODE] peer=12D3KooW range=2519-2519
[SYNC-REQUEST-ENCODE-OK] peer=12D3KooW range=2519-2519 duration_ms=0
[SYNC-REQUEST-DECODE] peer=12D3KooW range=2519-2519
[SYNC-REQUEST-RESULT] peer=12D3KooW range=2519-2519 count=0 snapshot=false duration_ms=2
[SYNC-REQUEST-RESULT] peer=12D3KooW range=2519-2519 count=0 snapshot=false duration_ms=1
[SYNC-SINGLE] stage=range_fetch requested=2519 result=failed err=single_block_fetch_failed
[SYNC-BATCH-STOP] stage=range_fetch local=2518 target=2519 reason=no_sync_peer exclude=4
[EXEC-QUORUM] height=2519 strict=3 relaxed=2 total=4 live=3 stall=1m31s
[STATUS] height=2518 finalized=2518 peers=4 validators=3 strict_live=3 heartbeat_live=3 out_of_drift=0 drift_limit=8 syncing=true sync_complete=false execution_ready=true execution_reason=ready gossip=false gossip_pipeline= consensus_running=true mode=observer vote=false propose=false role=full validator_state=syncing warmup_seconds=0 ready=false reason=syncing snapshot_source=snapshot_committed expected_source=snapshot_parent expected_hash=d75b74ab resolved_source=snapshot_committed resolved_hash=d75b74ab next_source=carry_forward next_hash=d75b74ab got_hash= authority=snapshot_parent hash_mode=legacy
âŒ Block signature verification failed | proposer=B height=2519 hash=790ca18f candidates=2 runtime_norm=true runtime_raw=true genesis_norm=true genesis_raw=true
[EXEC-QUORUM] height=2519 strict=3 relaxed=2 total=4 live=3 stall=1m32s
âŒ Block signature verification failed | proposer=B height=2519 hash=790ca18f candidates=2 runtime_norm=true runtime_raw=true genesis_norm=true genesis_raw=true
âŒ Block signature verification failed | proposer=B height=2519 hash=790ca18f candidates=2 runtime_norm=true runtime_raw=true genesis_norm=true genesis_raw=true
âŒ Block signature verification failed | proposer=B height=2519 hash=790ca18f candidates=2 runtime_norm=true runtime_raw=true genesis_norm=true genesis_raw=true
[EXEC-QUORUM] height=2519 strict=3 relaxed=2 total=4 live=3 stall=1m32s
[SYNC-SERVE-REQUEST] peer=12D3KooW requested=2519-2519 snapshot=false snapshot_height=0
[SYNC-SERVE-RESPONSE] peer=12D3KooW requested=2519-2519 served=0-0 count=0 snapshot=false tip_gap=true historical_gap=false duration_ms=0
âŒ Block signature verification failed | proposer=B height=2519 hash=790ca18f candidates=2 runtime_norm=true runtime_raw=true genesis_norm=true genesis_raw=true
âŒ Block signature verification failed | proposer=B height=2519 hash=790ca18f candidates=2 runtime_norm=true runtime_raw=true genesis_norm=true genesis_raw=true
[EXEC-QUORUM] height=2519 strict=3 relaxed=2 total=4 live=3 stall=1m32s
âŒ Block signature verification failed | proposer=B height=2519 hash=790ca18f candidates=2 runtime_norm=true runtime_raw=true genesis_norm=true genesis_raw=true
âŒ Block signature verification failed | proposer=B height=2519 hash=790ca18f candidates=2 runtime_norm=true runtime_raw=true genesis_norm=true genesis_raw=true
[SYNC-BLOCK-REJECT] stage=direct_gossip provider=12D3KooW local=2518 next=2519 got=2519 reason=validation_failed queue_tip=2519 proposer=B hash=790ca18f prev=251b1325
[APPLY-FAIL] h=2519 hash=790ca18f reason=validation_failed fail_count=14
[SYNC-SERVE-REQUEST] peer=12D3KooW requested=2519-2519 snapshot=false snapshot_height=0
[SYNC-SERVE-RESPONSE] peer=12D3KooW requested=2519-2519 served=0-0 count=0 snapshot=false tip_gap=true historical_gap=false duration_ms=3
Validator heartbeat received: A | reported_height=2518 | finalized_height=2518 | local_exec_epoch=2519
[LEADER-BLOCK-REJECT] height=2519 round=3 reason=duplicate_proposal peer= proposer=B block=aa1d1934
[EXEC-QUORUM] height=2519 strict=3 relaxed=2 total=4 live=3 stall=1m32s
[REGISTRY-COMMITMENT-CHECK] height=2519 required=true parent_unanchored=false source=chain_parent_commitment expected=9cd32df6 got=9cd32df6
[EXEC-QUORUM] height=2519 strict=3 relaxed=2 total=4 live=3 stall=1m32s
[EXEC-QUORUM] height=2519 strict=3 relaxed=2 total=4 live=3 stall=1m32s
2026/05/18 14:45:01 [VOTE-DROP] reason=replay_cache signer=A height=2519 round=3 vote_block=aa1d1934 current_block=aa1d1934 proposal=2519|3|aa1d1934e4a68ce2fef370e7a60736ea70e4f492f421393d0bc44e21e5e86ebd||a974bacca5c070f9fd050e0b24c8dc41b107c253542ddf43b4e30f836f8a24e2 exec=a974bacc tx_merkle=
Attempting to connect to 4 peers
[EXEC-QUORUM] height=2519 strict=3 relaxed=2 total=4 live=3 stall=1m33s
[EXEC-QUORUM] height=2519 strict=3 relaxed=2 total=4 live=3 stall=1m33s
Validator heartbeat: C | reported_height=2518 | finalized_height=2518 | local_exec_epoch=2519
Validator heartbeat: C | reported_height=2518 | finalized_height=2518 | local_exec_epoch=2519
[EXEC-QUORUM] height=2519 strict=3 relaxed=2 total=4 live=2 stall=1m33s
[EXEC-QUORUM] height=2519 strict=3 relaxed=2 total=4 live=2 stall=1m33s
[EXEC-QUORUM] height=2519 strict=3 relaxed=2 total=4 live=2 stall=1m33s
[EXEC-QUORUM] height=2519 strict=3 relaxed=2 total=4 live=2 stall=1m33s
[EXEC-QUORUM] height=2519 strict=3 relaxed=2 total=4 live=2 stall=1m33s
[EXEC-QUORUM] height=2519 strict=3 relaxed=2 total=4 live=2 stall=1m33s
[EXEC-QUORUM] height=2519 strict=3 relaxed=2 total=4 live=2 stall=1m33s
[REGISTRY-COMMITMENT-CHECK] height=2519 required=true parent_unanchored=false source=chain_parent_commitment expected=9cd32df6 got=9cd32df6
[EXEC-QUORUM] height=2519 strict=3 relaxed=2 total=4 live=2 stall=1m33s
[REGISTRY-COMMITMENT-CHECK] height=2519 required=true parent_unanchored=false source=chain_parent_commitment expected=9cd32df6 got=9cd32df6
[EXEC-QUORUM] height=2519 strict=3 relaxed=2 total=4 live=2 stall=1m33s
[EXEC-QUORUM] height=2519 strict=3 relaxed=2 total=4 live=2 stall=1m33s
[EXEC-QUORUM] height=2519 strict=3 relaxed=2 total=4 live=2 stall=1m33s
[EXEC-QUORUM] height=2519 strict=3 relaxed=2 total=4 live=2 stall=1m33s
[EXEC-QUORUM] height=2519 strict=3 relaxed=2 total=4 live=2 stall=1m33s
[EXEC-QUORUM] height=2519 strict=3 relaxed=2 total=4 live=2 stall=1m33s
[EXEC-QUORUM] height=2519 strict=3 relaxed=2 total=4 live=2 stall=1m33s
[EXEC-QUORUM] height=2519 strict=3 relaxed=2 total=4 live=2 stall=1m33s
[EXEC-QUORUM] height=2519 strict=3 relaxed=2 total=4 live=2 stall=1m33s
[EXEC-QUORUM] height=2519 strict=3 relaxed=2 total=4 live=2 stall=1m33s
[EXEC-QUORUM] height=2519 strict=3 relaxed=2 total=4 live=2 stall=1m33s
[EXEC-QUORUM] height=2519 strict=3 relaxed=2 total=4 live=2 stall=1m33s
[EXEC-QUORUM] height=2519 strict=3 relaxed=2 total=4 live=2 stall=1m33s
[EXEC-QUORUM] height=2519 strict=3 relaxed=2 total=4 live=2 stall=1m33s
[REGISTRY-COMMITMENT-CHECK] height=2519 required=true parent_unanchored=false source=chain_parent_commitment expected=9cd32df6 got=9cd32df6
[EXEC-QUORUM] height=2519 strict=3 relaxed=2 total=4 live=2 stall=1m33s
[REGISTRY-COMMITMENT-CHECK] height=2519 required=true parent_unanchored=false source=chain_parent_commitment expected=9cd32df6 got=9cd32df6
[EXEC-QUORUM] height=2519 strict=3 relaxed=2 total=4 live=2 stall=1m33s
[EXEC-QUORUM] height=2519 strict=3 relaxed=2 total=4 live=2 stall=1m33s
[EXEC-QUORUM] height=2519 strict=3 relaxed=2 total=4 live=2 stall=1m33s
[EXEC-QUORUM] height=2519 strict=3 relaxed=2 total=4 live=2 stall=1m33s
[EXEC-QUORUM] height=2519 strict=3 relaxed=2 total=4 live=2 stall=1m33s
[EXEC-QUORUM] height=2519 strict=3 relaxed=2 total=4 live=2 stall=1m33s
[EXEC-QUORUM] height=2519 strict=3 relaxed=2 total=4 live=2 stall=1m33s
[EXEC-QUORUM] height=2519 strict=3 relaxed=2 total=4 live=2 stall=1m33s
[EXEC-QUORUM] height=2519 strict=3 relaxed=2 total=4 live=2 stall=1m33s
[EXEC-QUORUM] height=2519 strict=3 relaxed=2 total=4 live=2 stall=1m33s
[EXEC-QUORUM] height=2519 strict=3 relaxed=2 total=4 live=2 stall=1m33s
[EXEC-QUORUM] height=2519 strict=3 relaxed=2 total=4 live=2 stall=1m33s
[EXEC-QUORUM] height=2519 strict=3 relaxed=2 total=4 live=2 stall=1m33s
2026/05/18 14:45:02 [EXEC-PRECOMMIT] height=2519 reason=stored_results_quorum prev_round=3 prev_block=aa1d1934 round=0 block=0d0afbfd votes=2 required=2
[EXEC-QUORUM] height=2519 strict=3 relaxed=2 total=4 live=2 stall=1m33s
[EXEC-QUORUM] height=2519 strict=3 relaxed=2 total=4 live=2 stall=1m33s
[EXEC-QUORUM] height=2519 strict=3 relaxed=2 total=4 live=2 stall=1m33s
[REGISTRY-COMMITMENT-CHECK] height=2519 required=true parent_unanchored=false source=chain_parent_commitment expected=9cd32df6 got=9cd32df6
[REGISTRY-COMMITMENT-CHECK] height=2519 required=true parent_unanchored=false source=chain_parent_commitment expected=9cd32df6 got=9cd32df6
[EXEC-QUORUM] height=2519 strict=3 relaxed=2 total=4 live=2 stall=1m33s
[EXEC-QUORUM] height=2519 strict=3 relaxed=2 total=4 live=2 stall=1m33s
[EXEC-QUORUM] height=2519 strict=3 relaxed=2 total=4 live=2 stall=1m33s
[EXEC-QUORUM] height=2519 strict=3 relaxed=2 total=4 live=2 stall=1m33s
[EXEC-QUORUM] height=2519 strict=3 relaxed=2 total=4 live=2 stall=1m33s
[EXEC-QUORUM] height=2519 strict=3 relaxed=2 total=4 live=2 stall=1m33s
[EXEC-QUORUM] height=2519 strict=3 relaxed=2 total=4 live=2 stall=1m33s
[EXEC-QUORUM] height=2519 strict=3 relaxed=2 total=4 live=2 stall=1m33s
[EXEC-QUORUM] height=2519 strict=3 relaxed=2 total=4 live=2 stall=1m33s
[EXEC-QUORUM] height=2519 strict=3 relaxed=2 total=4 live=2 stall=1m33s
Validator heartbeat received: C | reported_height=2518 | finalized_height=2518 | local_exec_epoch=2519
Validator heartbeat received: C | reported_height=2518 | finalized_height=2518 | local_exec_epoch=2519
[SYNC-SERVE-REQUEST] peer=12D3KooW requested=2519-2519 snapshot=false snapshot_height=0
[SYNC-SERVE-RESPONSE] peer=12D3KooW requested=2519-2519 served=0-0 count=0 snapshot=false tip_gap=true historical_gap=false duration_ms=0
[EXEC-QUORUM] height=2519 strict=3 relaxed=2 total=4 live=2 stall=1m33s
[EXEC-QUORUM] height=2519 strict=3 relaxed=2 total=4 live=2 stall=1m34s
[EXEC-QUORUM] height=2519 strict=3 relaxed=2 total=4 live=2 stall=1m34s
Candidate heartbeat received: D | reported_height=2184 | finalized_height=2184 | local_exec_epoch=2185
Candidate heartbeat received: D | reported_height=2184 | finalized_height=2184 | local_exec_epoch=2185
[EXEC-QUORUM] height=2519 strict=3 relaxed=2 total=4 live=2 stall=1m34s
[SNAPSHOT-PUBLISH] deferred height=2518 reason=auto_publish_interval_10
[EXEC-QUORUM] height=2519 strict=3 relaxed=2 total=4 live=2 stall=1m35s
[EXEC-QUORUM] height=2519 strict=3 relaxed=2 total=4 live=2 stall=1m35s
[EXEC-QUORUM] height=2519 strict=3 relaxed=2 total=4 live=2 stall=1m35s
[EXEC-QUORUM] height=2519 strict=3 relaxed=2 total=4 live=2 stall=1m35s
[SYNC-SERVE-REQUEST] peer=12D3KooW requested=2485-2518 snapshot=false snapshot_height=0
[SYNC-SERVE-RESPONSE] peer=12D3KooW requested=2485-2518 served=2485-2518 count=34 snapshot=false tip_gap=false historical_gap=false duration_ms=3
Ã°Å¸â€œÂ¦ Sent blocks 2485-2518 (34 blocks) to 12D3KooWE7bMkbbpLoSHKB43JdTZm9zkgqvf1iCQdGAqFFBDa42W
[SYNC-SERVE-REQUEST] peer=12D3KooW requested=2385-2484 snapshot=false snapshot_height=0
[SYNC-SERVE-RESPONSE] peer=12D3KooW requested=2385-2484 served=2385-2484 count=100 snapshot=false tip_gap=false historical_gap=false duration_ms=6
Ã°Å¸â€œÂ¦ Sent blocks 2385-2484 (100 blocks) to 12D3KooWE7bMkbbpLoSHKB43JdTZm9zkgqvf1iCQdGAqFFBDa42W
[EXEC-QUORUM] height=2519 strict=3 relaxed=2 total=4 live=2 stall=1m36s
[EXEC-QUORUM] height=2519 strict=3 relaxed=2 total=4 live=2 stall=1m36s
[SYNC-SERVE-REQUEST] peer=12D3KooW requested=2519-2519 snapshot=false snapshot_height=0
[SYNC-SERVE-RESPONSE] peer=12D3KooW requested=2519-2519 served=0-0 count=0 snapshot=false tip_gap=true historical_gap=false duration_ms=0
Candidate heartbeat received: D | reported_height=2184 | finalized_height=2184 | local_exec_epoch=2185
Candidate heartbeat received: D | reported_height=2184 | finalized_height=2184 | local_exec_epoch=2185
[EXEC-QUORUM] height=2519 strict=3 relaxed=2 total=4 live=2 stall=1m36s
2026/05/18 14:45:05 [OK] goroutine pressure normalized: 180 (degrade mode off)
[SYNC-QUEUE] reason=late_join local=2518 target=2519
[SYNC] reason=late_join local=2518 target=2519 votes=3 required=3 stage=direct_gossip action=block_range_fetch
[SYNC-REQUEST-START] peer=12D3KooW range=2519-2519 snapshot=false snapshot_height=0 timeout_ms=15000
[SYNC-REQUEST-OPEN] peer=12D3KooW range=2519-2519
[SYNC-REQUEST-START] peer=12D3KooW range=2519-2519 snapshot=false snapshot_height=0 timeout_ms=15000
[SYNC-REQUEST-OPEN] peer=12D3KooW range=2519-2519
[SYNC-REQUEST-OPEN-OK] peer=12D3KooW range=2519-2519 duration_ms=0
[SYNC-REQUEST-ENCODE] peer=12D3KooW range=2519-2519
[SYNC-REQUEST-OPEN-OK] peer=12D3KooW range=2519-2519 duration_ms=0
[SYNC-REQUEST-ENCODE] peer=12D3KooW range=2519-2519
[SYNC-REQUEST-ENCODE-OK] peer=12D3KooW range=2519-2519 duration_ms=0
[SYNC-REQUEST-DECODE] peer=12D3KooW range=2519-2519
[SYNC-REQUEST-ENCODE-OK] peer=12D3KooW range=2519-2519 duration_ms=0
[SYNC-REQUEST-DECODE] peer=12D3KooW range=2519-2519
[SYNC-REQUEST-RESULT] peer=12D3KooW range=2519-2519 count=0 snapshot=false duration_ms=0
[SYNC-REQUEST-RESULT] peer=12D3KooW range=2519-2519 count=0 snapshot=false duration_ms=0
[SYNC-SINGLE] stage=range_fetch requested=2519 result=failed err=single_block_fetch_failed
[SYNC-REQUEST-START] peer=12D3KooW range=2519-2519 snapshot=false snapshot_height=0 timeout_ms=15000
[SYNC-REQUEST-OPEN] peer=12D3KooW range=2519-2519
[SYNC-REQUEST-START] peer=12D3KooW range=2519-2519 snapshot=false snapshot_height=0 timeout_ms=15000
[SYNC-REQUEST-OPEN] peer=12D3KooW range=2519-2519
[SYNC-REQUEST-OPEN-OK] peer=12D3KooW range=2519-2519 duration_ms=0
[SYNC-REQUEST-ENCODE] peer=12D3KooW range=2519-2519
[SYNC-REQUEST-OPEN-OK] peer=12D3KooW range=2519-2519 duration_ms=0
[SYNC-REQUEST-ENCODE] peer=12D3KooW range=2519-2519
[SYNC-REQUEST-ENCODE-OK] peer=12D3KooW range=2519-2519 duration_ms=0
[SYNC-REQUEST-DECODE] peer=12D3KooW range=2519-2519
[SYNC-REQUEST-RESULT] peer=12D3KooW range=2519-2519 count=0 snapshot=false duration_ms=0
[SYNC-REQUEST-ENCODE-OK] peer=12D3KooW range=2519-2519 duration_ms=0
[SYNC-REQUEST-DECODE] peer=12D3KooW range=2519-2519
[SYNC-REQUEST-RESULT] peer=12D3KooW range=2519-2519 count=0 snapshot=false duration_ms=0
[SYNC-SINGLE] stage=range_fetch requested=2519 result=failed err=single_block_fetch_failed
[SYNC-BATCH-STOP] stage=range_fetch local=2518 target=2519 reason=no_sync_peer exclude=4
[PARTICIPATION-GATE] validator=F height=2519 reason=syncing
[EXEC-QUORUM] height=2519 strict=3 relaxed=2 total=4 live=2 stall=1m37s
[EXEC-QUORUM] height=2519 strict=3 relaxed=2 total=4 live=2 stall=1m37s
[EXEC-QUORUM] height=2519 strict=3 relaxed=2 total=4 live=2 stall=1m37s
[EXEC-QUORUM] height=2519 strict=3 relaxed=2 total=4 live=2 stall=1m37s
[EXEC-QUORUM] height=2519 strict=3 relaxed=2 total=4 live=2 stall=1m37s
[SYNC-SERVE-REQUEST] peer=12D3KooW requested=2519-2519 snapshot=false snapshot_height=0
[SYNC-SERVE-RESPONSE] peer=12D3KooW requested=2519-2519 served=0-0 count=0 snapshot=false tip_gap=true historical_gap=false duration_ms=0
[EXEC-QUORUM] height=2519 strict=3 relaxed=2 total=4 live=2 stall=1m37s
[EXEC-QUORUM] height=2519 strict=3 relaxed=2 total=4 live=2 stall=1m38s
[SYNC-SERVE-REQUEST] peer=12D3KooW requested=2519-2519 snapshot=false snapshot_height=0
[SYNC-SERVE-RESPONSE] peer=12D3KooW requested=2519-2519 served=0-0 count=0 snapshot=false tip_gap=true historical_gap=false duration_ms=0
[EXEC-QUORUM] height=2519 strict=3 relaxed=2 total=4 live=2 stall=1m38s
[EXEC-QUORUM] height=2519 strict=3 relaxed=2 total=4 live=2 stall=1m38s
[PARTICIPATION-GATE] validator=F height=2519 reason=validator_stake_required
[EXEC-QUORUM] height=2519 strict=3 relaxed=2 total=4 live=2 stall=1m39s
[SYNC-SERVE-REQUEST] peer=12D3KooW requested=2485-2518 snapshot=false snapshot_height=0
[SYNC-SERVE-RESPONSE] peer=12D3KooW requested=2485-2518 served=2485-2518 count=34 snapshot=false tip_gap=false historical_gap=false duration_ms=2
[SYNC-SERVE-REQUEST] peer=12D3KooW requested=2385-2484 snapshot=false snapshot_height=0
[SYNC-SERVE-RESPONSE] peer=12D3KooW requested=2385-2484 served=2385-2484 count=100 snapshot=false tip_gap=false historical_gap=false duration_ms=7
[EXEC-QUORUM] height=2519 strict=3 relaxed=2 total=4 live=2 stall=1m39s
[EXEC-QUORUM] height=2519 strict=3 relaxed=2 total=4 live=2 stall=1m39s
Candidate heartbeat received: D | reported_height=2184 | finalized_height=2184 | local_exec_epoch=2185
Candidate heartbeat received: D | reported_height=2184 | finalized_height=2184 | local_exec_epoch=2185
[EXEC-QUORUM] height=2519 strict=3 relaxed=2 total=4 live=2 stall=1m40s
[SYNC-SERVE-REQUEST] peer=12D3KooW requested=2519-2519 snapshot=false snapshot_height=0
[SYNC-SERVE-RESPONSE] peer=12D3KooW requested=2519-2519 served=0-0 count=0 snapshot=false tip_gap=true historical_gap=false duration_ms=1
[EXEC-QUORUM] height=2519 strict=3 relaxed=2 total=4 live=2 stall=1m40s
[EXEC-QUORUM] height=2519 strict=3 relaxed=2 total=4 live=2 stall=1m40s
[EXEC-QUORUM] height=2519 strict=3 relaxed=2 total=4 live=2 stall=1m41s
[SYNC-SERVE-REQUEST] peer=12D3KooW requested=2485-2518 snapshot=false snapshot_height=0
[SYNC-SERVE-REQUEST] peer=12D3KooW requested=2385-2484 snapshot=false snapshot_height=0
[SYNC-SERVE-RESPONSE] peer=12D3KooW requested=2485-2518 served=2485-2518 count=34 snapshot=false tip_gap=false historical_gap=false duration_ms=2
[SYNC-SERVE-RESPONSE] peer=12D3KooW requested=2385-2484 served=2385-2484 count=100 snapshot=false tip_gap=false historical_gap=false duration_ms=10
[EXEC-QUORUM] height=2519 strict=3 relaxed=2 total=4 live=2 stall=1m41s
[SYNC-SERVE-REQUEST] peer=12D3KooW requested=2519-2519 snapshot=false snapshot_height=0
[SYNC-SERVE-RESPONSE] peer=12D3KooW requested=2519-2519 served=0-0 count=0 snapshot=false tip_gap=true historical_gap=false duration_ms=0
[EXEC-QUORUM] height=2519 strict=3 relaxed=2 total=4 live=2 stall=1m41s
[SYNC-QUEUE] reason=late_join local=2518 target=2519
[SYNC] reason=late_join local=2518 target=2519 votes=3 required=3 stage=direct_gossip action=block_range_fetch
[SYNC-REQUEST-START] peer=12D3KooW range=2519-2519 snapshot=false snapshot_height=0 timeout_ms=15000
[SYNC-REQUEST-OPEN] peer=12D3KooW range=2519-2519
[SYNC-REQUEST-START] peer=12D3KooW range=2519-2519 snapshot=false snapshot_height=0 timeout_ms=15000
[SYNC-REQUEST-OPEN] peer=12D3KooW range=2519-2519
[SYNC-REQUEST-OPEN-OK] peer=12D3KooW range=2519-2519 duration_ms=1
[SYNC-REQUEST-ENCODE] peer=12D3KooW range=2519-2519
[SYNC-REQUEST-ENCODE-OK] peer=12D3KooW range=2519-2519 duration_ms=0
[SYNC-REQUEST-DECODE] peer=12D3KooW range=2519-2519
2026/05/18 14:45:10 [SYNC-PIPELINE] stage=block_catchup
[SYNC-REQUEST-OPEN-OK] peer=12D3KooW range=2519-2519 duration_ms=2
[SYNC-REQUEST-RESULT] peer=12D3KooW range=2519-2519 count=0 snapshot=false duration_ms=1
[SYNC-REQUEST-ENCODE] peer=12D3KooW range=2519-2519
[SYNC-REQUEST-ENCODE-OK] peer=12D3KooW range=2519-2519 duration_ms=0
[SYNC-REQUEST-DECODE] peer=12D3KooW range=2519-2519
[SYNC-REQUEST-RESULT] peer=12D3KooW range=2519-2519 count=0 snapshot=false duration_ms=1
[SYNC-SINGLE] stage=range_fetch requested=2519 result=failed err=single_block_fetch_failed
[SYNC-REQUEST-START] peer=12D3KooW range=2519-2519 snapshot=false snapshot_height=0 timeout_ms=15000
[SYNC-REQUEST-OPEN] peer=12D3KooW range=2519-2519
[SYNC-REQUEST-START] peer=12D3KooW range=2519-2519 snapshot=false snapshot_height=0 timeout_ms=15000
[SYNC-REQUEST-OPEN] peer=12D3KooW range=2519-2519
[SYNC-REQUEST-OPEN-OK] peer=12D3KooW range=2519-2519 duration_ms=0
[SYNC-REQUEST-ENCODE] peer=12D3KooW range=2519-2519
[SYNC-REQUEST-OPEN-OK] peer=12D3KooW range=2519-2519 duration_ms=0
[SYNC-REQUEST-ENCODE] peer=12D3KooW range=2519-2519
[SYNC-REQUEST-ENCODE-OK] peer=12D3KooW range=2519-2519 duration_ms=0
[SYNC-REQUEST-DECODE] peer=12D3KooW range=2519-2519
[EXEC-QUORUM] height=2519 strict=3 relaxed=2 total=4 live=2 stall=1m41s
[SYNC-REQUEST-ENCODE-OK] peer=12D3KooW range=2519-2519 duration_ms=0
[SYNC-REQUEST-DECODE] peer=12D3KooW range=2519-2519
[SYNC-REQUEST-RESULT] peer=12D3KooW range=2519-2519 count=0 snapshot=false duration_ms=1
[SYNC-REQUEST-RESULT] peer=12D3KooW range=2519-2519 count=0 snapshot=false duration_ms=0
[SYNC-SINGLE] stage=range_fetch requested=2519 result=failed err=single_block_fetch_failed
[SYNC-BATCH-STOP] stage=range_fetch local=2518 target=2519 reason=no_sync_peer exclude=4
[EXEC-QUORUM] height=2519 strict=3 relaxed=2 total=4 live=2 stall=1m42s
[EXEC-QUORUM] height=2519 strict=3 relaxed=2 total=4 live=2 stall=1m42s
[SYNC-SERVE-REQUEST] peer=12D3KooW requested=2519-2519 snapshot=false snapshot_height=0
[SYNC-SERVE-RESPONSE] peer=12D3KooW requested=2519-2519 served=0-0 count=0 snapshot=false tip_gap=true historical_gap=false duration_ms=0
Validator heartbeat: B | reported_height=2518 | finalized_height=2518 | local_exec_epoch=2519
Validator heartbeat: B | reported_height=2518 | finalized_height=2518 | local_exec_epoch=2519
[EXEC-QUORUM] height=2519 strict=3 relaxed=2 total=4 live=2 stall=1m42s
[EXEC-QUORUM] height=2519 strict=3 relaxed=2 total=4 live=2 stall=1m42s
[EXEC-QUORUM] height=2519 strict=3 relaxed=2 total=4 live=2 stall=1m42s
[EXEC-QUORUM] height=2519 strict=3 relaxed=2 total=4 live=2 stall=1m42s
[EXEC-QUORUM] height=2519 strict=3 relaxed=2 total=4 live=2 stall=1m42s
[EXEC-QUORUM] height=2519 strict=3 relaxed=2 total=4 live=2 stall=1m42s
[EXEC-QUORUM] height=2519 strict=3 relaxed=2 total=4 live=2 stall=1m42s
[EXEC-QUORUM] height=2519 strict=3 relaxed=2 total=4 live=2 stall=1m42s
[EXEC-QUORUM] height=2519 strict=3 relaxed=2 total=4 live=2 stall=1m42s
[EXEC-QUORUM] height=2519 strict=3 relaxed=2 total=4 live=2 stall=1m42s
[REGISTRY-COMMITMENT-CHECK] height=2519 required=true parent_unanchored=false source=chain_parent_commitment expected=9cd32df6 got=9cd32df6
[REGISTRY-COMMITMENT-CHECK] height=2519 required=true parent_unanchored=false source=chain_parent_commitment expected=9cd32df6 got=9cd32df6
[EXEC-QUORUM] height=2519 strict=3 relaxed=2 total=4 live=2 stall=1m42s
[EXEC-QUORUM] height=2519 strict=3 relaxed=2 total=4 live=2 stall=1m42s
[EXEC-QUORUM] height=2519 strict=3 relaxed=2 total=4 live=2 stall=1m42s
[EXEC-QUORUM] height=2519 strict=3 relaxed=2 total=4 live=2 stall=1m42s
[EXEC-QUORUM] height=2519 strict=3 relaxed=2 total=4 live=2 stall=1m42s
[EXEC-QUORUM] height=2519 strict=3 relaxed=2 total=4 live=2 stall=1m42s
[EXEC-QUORUM] height=2519 strict=3 relaxed=2 total=4 live=2 stall=1m42s
[EXEC-QUORUM] height=2519 strict=3 relaxed=2 total=4 live=2 stall=1m42s
[EXEC-QUORUM] height=2519 strict=3 relaxed=2 total=4 live=2 stall=1m42s
2026/05/18 14:45:11 [EXEC-PRECOMMIT] height=2519 reason=stored_results_quorum prev_round=0 prev_block=0d0afbfd round=3 block=aa1d1934 votes=2 required=2
[EXEC-QUORUM] height=2519 strict=3 relaxed=2 total=4 live=2 stall=1m42s
[EXEC-QUORUM] height=2519 strict=3 relaxed=2 total=4 live=2 stall=1m42s
[EXEC-QUORUM] height=2519 strict=3 relaxed=2 total=4 live=2 stall=1m42s
[EXEC-QUORUM] height=2519 strict=3 relaxed=2 total=4 live=2 stall=1m42s
[REGISTRY-COMMITMENT-CHECK] height=2519 required=true parent_unanchored=false source=chain_parent_commitment expected=9cd32df6 got=9cd32df6
[EXEC-QUORUM] height=2519 strict=3 relaxed=2 total=4 live=2 stall=1m42s
[EXEC-QUORUM] height=2519 strict=3 relaxed=2 total=4 live=2 stall=1m42s
[EXEC-QUORUM] height=2519 strict=3 relaxed=2 total=4 live=2 stall=1m42s
[REGISTRY-COMMITMENT-CHECK] height=2519 required=true parent_unanchored=false source=chain_parent_commitment expected=9cd32df6 got=9cd32df6
[EXEC-QUORUM] height=2519 strict=3 relaxed=2 total=4 live=2 stall=1m42s
[EXEC-QUORUM] height=2519 strict=3 relaxed=2 total=4 live=2 stall=1m42s
[EXEC-QUORUM] height=2519 strict=3 relaxed=2 total=4 live=2 stall=1m42s
[EXEC-QUORUM] height=2519 strict=3 relaxed=2 total=4 live=2 stall=1m42s
[EXEC-QUORUM] height=2519 strict=3 relaxed=2 total=4 live=2 stall=1m42s
[EXEC-QUORUM] height=2519 strict=3 relaxed=2 total=4 live=2 stall=1m42s
[EXEC-QUORUM] height=2519 strict=3 relaxed=2 total=4 live=2 stall=1m42s
[EXEC-QUORUM] height=2519 strict=3 relaxed=2 total=4 live=2 stall=1m42s
[EXEC-QUORUM] height=2519 strict=3 relaxed=2 total=4 live=2 stall=1m42s
Validator heartbeat received: B | reported_height=2518 | finalized_height=2518 | local_exec_epoch=2519
[SNAPSHOT-PUBLISH] deferred height=2518 reason=auto_publish_interval_10
Validator heartbeat received: B | reported_height=2518 | finalized_height=2518 | local_exec_epoch=2519
Candidate heartbeat received: D | reported_height=2184 | finalized_height=2184 | local_exec_epoch=2185
Candidate heartbeat received: D | reported_height=2184 | finalized_height=2184 | local_exec_epoch=2185
[EXEC-QUORUM] height=2519 strict=3 relaxed=2 total=4 live=2 stall=1m43s
[EXEC-QUORUM] height=2519 strict=3 relaxed=2 total=4 live=2 stall=1m43s
[SYNC-SERVE-REQUEST] peer=12D3KooW requested=2519-2519 snapshot=false snapshot_height=0
[SYNC-SERVE-RESPONSE] peer=12D3KooW requested=2519-2519 served=0-0 count=0 snapshot=false tip_gap=true historical_gap=false duration_ms=0
[EXEC-QUORUM] height=2519 strict=3 relaxed=2 total=4 live=2 stall=1m43s
[EXEC-QUORUM] height=2519 strict=3 relaxed=2 total=4 live=2 stall=1m43s
[SYNC-SERVE-REQUEST] peer=12D3KooW requested=2485-2518 snapshot=false snapshot_height=0
[SYNC-SERVE-RESPONSE] peer=12D3KooW requested=2485-2518 served=2485-2518 count=34 snapshot=false tip_gap=false historical_gap=false duration_ms=1
Validator heartbeat: A | reported_height=2518 | finalized_height=2518 | local_exec_epoch=2519
Validator heartbeat: A | reported_height=2518 | finalized_height=2518 | local_exec_epoch=2519
[SYNC-SERVE-REQUEST] peer=12D3KooW requested=2385-2484 snapshot=false snapshot_height=0
[EXEC-QUORUM] height=2519 strict=3 relaxed=2 total=4 live=2 stall=1m44s
[EXEC-QUORUM] height=2519 strict=3 relaxed=2 total=4 live=2 stall=1m44s
[SYNC-SERVE-RESPONSE] peer=12D3KooW requested=2385-2484 served=2385-2484 count=100 snapshot=false tip_gap=false historical_gap=false duration_ms=6
[EXEC-QUORUM] height=2519 strict=3 relaxed=2 total=4 live=2 stall=1m44s
[EXEC-QUORUM] height=2519 strict=3 relaxed=2 total=4 live=2 stall=1m44s
[EXEC-QUORUM] height=2519 strict=3 relaxed=2 total=4 live=2 stall=1m44s
[EXEC-QUORUM] height=2519 strict=3 relaxed=2 total=4 live=2 stall=1m44s
[EXEC-QUORUM] height=2519 strict=3 relaxed=2 total=4 live=2 stall=1m44s
[REGISTRY-COMMITMENT-CHECK] height=2519 required=true parent_unanchored=false source=chain_parent_commitment expected=9cd32df6 got=9cd32df6
[EXEC-QUORUM] height=2519 strict=3 relaxed=2 total=4 live=2 stall=1m44s
[REGISTRY-COMMITMENT-CHECK] height=2519 required=true parent_unanchored=false source=chain_parent_commitment expected=9cd32df6 got=9cd32df6
[EXEC-QUORUM] height=2519 strict=3 relaxed=2 total=4 live=2 stall=1m44s
[EXEC-QUORUM] height=2519 strict=3 relaxed=2 total=4 live=2 stall=1m44s
[EXEC-QUORUM] height=2519 strict=3 relaxed=2 total=4 live=2 stall=1m44s
[EXEC-QUORUM] height=2519 strict=3 relaxed=2 total=4 live=2 stall=1m44s
[EXEC-QUORUM] height=2519 strict=3 relaxed=2 total=4 live=2 stall=1m44s
[EXEC-QUORUM] height=2519 strict=3 relaxed=2 total=4 live=2 stall=1m44s
[EXEC-QUORUM] height=2519 strict=3 relaxed=2 total=4 live=2 stall=1m44s
[EXEC-QUORUM] height=2519 strict=3 relaxed=2 total=4 live=2 stall=1m44s
[EXEC-QUORUM] height=2519 strict=3 relaxed=2 total=4 live=2 stall=1m44s
[EXEC-QUORUM] height=2519 strict=3 relaxed=2 total=4 live=2 stall=1m44s
[EXEC-QUORUM] height=2519 strict=3 relaxed=2 total=4 live=2 stall=1m44s
[EXEC-QUORUM] height=2519 strict=3 relaxed=2 total=4 live=2 stall=1m44s
[EXEC-QUORUM] height=2519 strict=3 relaxed=2 total=4 live=2 stall=1m44s
[REGISTRY-COMMITMENT-CHECK] height=2519 required=true parent_unanchored=false source=chain_parent_commitment expected=9cd32df6 got=9cd32df6
[EXEC-QUORUM] height=2519 strict=3 relaxed=2 total=4 live=2 stall=1m44s
[EXEC-QUORUM] height=2519 strict=3 relaxed=2 total=4 live=2 stall=1m44s
[EXEC-QUORUM] height=2519 strict=3 relaxed=2 total=4 live=2 stall=1m44s
[EXEC-QUORUM] height=2519 strict=3 relaxed=2 total=4 live=2 stall=1m44s
[REGISTRY-COMMITMENT-CHECK] height=2519 required=true parent_unanchored=false source=chain_parent_commitment expected=9cd32df6 got=9cd32df6
[EXEC-QUORUM] height=2519 strict=3 relaxed=2 total=4 live=2 stall=1m44s
[EXEC-QUORUM] height=2519 strict=3 relaxed=2 total=4 live=2 stall=1m44s
[EXEC-QUORUM] height=2519 strict=3 relaxed=2 total=4 live=2 stall=1m44s
[EXEC-QUORUM] height=2519 strict=3 relaxed=2 total=4 live=2 stall=1m44s
[EXEC-QUORUM] height=2519 strict=3 relaxed=2 total=4 live=2 stall=1m44s
[EXEC-QUORUM] height=2519 strict=3 relaxed=2 total=4 live=2 stall=1m44s
[EXEC-QUORUM] height=2519 strict=3 relaxed=2 total=4 live=2 stall=1m44s
[EXEC-QUORUM] height=2519 strict=3 relaxed=2 total=4 live=2 stall=1m44s
[EXEC-QUORUM] height=2519 strict=3 relaxed=2 total=4 live=2 stall=1m44s
[EXEC-QUORUM] height=2519 strict=3 relaxed=2 total=4 live=2 stall=1m44s
2026/05/18 14:45:13 [EXEC-PRECOMMIT] height=2519 reason=stored_results_quorum prev_round=3 prev_block=aa1d1934 round=0 block=0d0afbfd votes=2 required=2
[EXEC-QUORUM] height=2519 strict=3 relaxed=2 total=4 live=2 stall=1m44s
[EXEC-QUORUM] height=2519 strict=3 relaxed=2 total=4 live=2 stall=1m44s
[REGISTRY-COMMITMENT-CHECK] height=2519 required=true parent_unanchored=false source=chain_parent_commitment expected=9cd32df6 got=9cd32df6
[EXEC-QUORUM] height=2519 strict=3 relaxed=2 total=4 live=2 stall=1m44s
[EXEC-QUORUM] height=2519 strict=3 relaxed=2 total=4 live=2 stall=1m44s
[EXEC-QUORUM] height=2519 strict=3 relaxed=2 total=4 live=2 stall=1m44s
[REGISTRY-COMMITMENT-CHECK] height=2519 required=true parent_unanchored=false source=chain_parent_commitment expected=9cd32df6 got=9cd32df6
[EXEC-QUORUM] height=2519 strict=3 relaxed=2 total=4 live=2 stall=1m44s
[EXEC-QUORUM] height=2519 strict=3 relaxed=2 total=4 live=2 stall=1m44s
[EXEC-QUORUM] height=2519 strict=3 relaxed=2 total=4 live=2 stall=1m44s
[EXEC-QUORUM] height=2519 strict=3 relaxed=2 total=4 live=2 stall=1m44s
[EXEC-QUORUM] height=2519 strict=3 relaxed=2 total=4 live=2 stall=1m44s
[EXEC-QUORUM] height=2519 strict=3 relaxed=2 total=4 live=2 stall=1m44s
[EXEC-QUORUM] height=2519 strict=3 relaxed=2 total=4 live=2 stall=1m44s
[EXEC-QUORUM] height=2519 strict=3 relaxed=2 total=4 live=2 stall=1m44s
[SYNC] reason=heartbeat local=2518 target=2519 votes=3 required=3 stage=direct_gossip action=block_range_fetch
[SYNC-REQUEST-START] peer=12D3KooW range=2519-2519 snapshot=false snapshot_height=0 timeout_ms=15000
[SYNC-REQUEST-OPEN] peer=12D3KooW range=2519-2519
[SYNC-REQUEST-OPEN-OK] peer=12D3KooW range=2519-2519 duration_ms=1
[SYNC-REQUEST-ENCODE] peer=12D3KooW range=2519-2519
[SYNC-REQUEST-START] peer=12D3KooW range=2519-2519 snapshot=false snapshot_height=0 timeout_ms=15000
[SYNC-REQUEST-OPEN] peer=12D3KooW range=2519-2519
[SYNC-REQUEST-OPEN-OK] peer=12D3KooW range=2519-2519 duration_ms=1
[SYNC-REQUEST-ENCODE-OK] peer=12D3KooW range=2519-2519 duration_ms=2
[SYNC-REQUEST-DECODE] peer=12D3KooW range=2519-2519
[EXEC-QUORUM] height=2519 strict=3 relaxed=2 total=4 live=2 stall=1m44s
[SYNC-REQUEST-ENCODE] peer=12D3KooW range=2519-2519
Validator heartbeat received: A | reported_height=2518 | finalized_height=2518 | local_exec_epoch=2519
[SYNC-REQUEST-RESULT] peer=12D3KooW range=2519-2519 count=0 snapshot=false duration_ms=1
[SYNC-REQUEST-ENCODE-OK] peer=12D3KooW range=2519-2519 duration_ms=5
[SYNC-REQUEST-DECODE] peer=12D3KooW range=2519-2519
[SYNC-REQUEST-RESULT] peer=12D3KooW range=2519-2519 count=0 snapshot=false duration_ms=0
[SYNC-SINGLE] stage=range_fetch requested=2519 result=failed err=single_block_fetch_failed
[SYNC-REQUEST-START] peer=12D3KooW range=2519-2519 snapshot=false snapshot_height=0 timeout_ms=15000
[SYNC-REQUEST-OPEN] peer=12D3KooW range=2519-2519
[SYNC-REQUEST-OPEN-OK] peer=12D3KooW range=2519-2519 duration_ms=1
[SYNC-REQUEST-ENCODE] peer=12D3KooW range=2519-2519
[SYNC-REQUEST-ENCODE-OK] peer=12D3KooW range=2519-2519 duration_ms=1
[SYNC-REQUEST-DECODE] peer=12D3KooW range=2519-2519
[SYNC-REQUEST-START] peer=12D3KooW range=2519-2519 snapshot=false snapshot_height=0 timeout_ms=15000
[SYNC-REQUEST-OPEN] peer=12D3KooW range=2519-2519
[SYNC-REQUEST-OPEN-OK] peer=12D3KooW range=2519-2519 duration_ms=0
[SYNC-REQUEST-ENCODE] peer=12D3KooW range=2519-2519
[SYNC-REQUEST-ENCODE-OK] peer=12D3KooW range=2519-2519 duration_ms=0
[SYNC-REQUEST-DECODE] peer=12D3KooW range=2519-2519
[SYNC-REQUEST-RESULT] peer=12D3KooW range=2519-2519 count=0 snapshot=false duration_ms=1
Validator heartbeat received: A | reported_height=2518 | finalized_height=2518 | local_exec_epoch=2519
[SYNC-REQUEST-RESULT] peer=12D3KooW range=2519-2519 count=0 snapshot=false duration_ms=3
[SYNC-SINGLE] stage=range_fetch requested=2519 result=failed err=single_block_fetch_failed
[SYNC-BATCH-STOP] stage=range_fetch local=2518 target=2519 reason=no_sync_peer exclude=4
[EXEC-QUORUM] height=2519 strict=3 relaxed=2 total=4 live=2 stall=1m44s
[EXEC-QUORUM] height=2519 strict=3 relaxed=2 total=4 live=2 stall=1m44s
[EXEC-QUORUM] height=2519 strict=3 relaxed=2 total=4 live=2 stall=1m45s
[EXEC-QUORUM] height=2519 strict=3 relaxed=2 total=4 live=2 stall=1m45s
[EXEC-QUORUM] height=2519 strict=3 relaxed=2 total=4 live=2 stall=1m45s
[EXEC-QUORUM] height=2519 strict=3 relaxed=2 total=4 live=2 stall=1m46s
Validator heartbeat: C | reported_height=2518 | finalized_height=2518 | local_exec_epoch=2519
Validator heartbeat: C | reported_height=2518 | finalized_height=2518 | local_exec_epoch=2519
[EXEC-QUORUM] height=2519 strict=3 relaxed=2 total=4 live=2 stall=1m46s
[EXEC-QUORUM] height=2519 strict=3 relaxed=2 total=4 live=2 stall=1m46s
[EXEC-QUORUM] height=2519 strict=3 relaxed=2 total=4 live=2 stall=1m46s
[EXEC-QUORUM] height=2519 strict=3 relaxed=2 total=4 live=2 stall=1m46s
[EXEC-QUORUM] height=2519 strict=3 relaxed=2 total=4 live=2 stall=1m46s
[EXEC-QUORUM] height=2519 strict=3 relaxed=2 total=4 live=2 stall=1m46s
[EXEC-QUORUM] height=2519 strict=3 relaxed=2 total=4 live=2 stall=1m46s
[EXEC-QUORUM] height=2519 strict=3 relaxed=2 total=4 live=2 stall=1m46s
[EXEC-QUORUM] height=2519 strict=3 relaxed=2 total=4 live=2 stall=1m46s
[EXEC-QUORUM] height=2519 strict=3 relaxed=2 total=4 live=2 stall=1m46s
[REGISTRY-COMMITMENT-CHECK] height=2519 required=true parent_unanchored=false source=chain_parent_commitment expected=9cd32df6 got=9cd32df6
[REGISTRY-COMMITMENT-CHECK] height=2519 required=true parent_unanchored=false source=chain_parent_commitment expected=9cd32df6 got=9cd32df6
[EXEC-QUORUM] height=2519 strict=3 relaxed=2 total=4 live=2 stall=1m46s
[EXEC-QUORUM] height=2519 strict=3 relaxed=2 total=4 live=2 stall=1m46s
[EXEC-QUORUM] height=2519 strict=3 relaxed=2 total=4 live=2 stall=1m46s
[EXEC-QUORUM] height=2519 strict=3 relaxed=2 total=4 live=2 stall=1m46s
[EXEC-QUORUM] height=2519 strict=3 relaxed=2 total=4 live=2 stall=1m46s
[EXEC-QUORUM] height=2519 strict=3 relaxed=2 total=4 live=2 stall=1m46s
[EXEC-QUORUM] height=2519 strict=3 relaxed=2 total=4 live=2 stall=1m46s
[EXEC-QUORUM] height=2519 strict=3 relaxed=2 total=4 live=2 stall=1m46s
[EXEC-QUORUM] height=2519 strict=3 relaxed=2 total=4 live=2 stall=1m46s
[EXEC-QUORUM] height=2519 strict=3 relaxed=2 total=4 live=2 stall=1m46s
[EXEC-QUORUM] height=2519 strict=3 relaxed=2 total=4 live=2 stall=1m46s
2026/05/18 14:45:15 [EXEC-PRECOMMIT] height=2519 reason=stored_results_quorum prev_round=0 prev_block=0d0afbfd round=3 block=aa1d1934 votes=2 required=2
[EXEC-QUORUM] height=2519 strict=3 relaxed=2 total=4 live=2 stall=1m46s
[EXEC-QUORUM] height=2519 strict=3 relaxed=2 total=4 live=2 stall=1m46s
[REGISTRY-COMMITMENT-CHECK] height=2519 required=true parent_unanchored=false source=chain_parent_commitment expected=9cd32df6 got=9cd32df6
[EXEC-QUORUM] height=2519 strict=3 relaxed=2 total=4 live=2 stall=1m46s
[EXEC-QUORUM] height=2519 strict=3 relaxed=2 total=4 live=2 stall=1m46s
[REGISTRY-COMMITMENT-CHECK] height=2519 required=true parent_unanchored=false source=chain_parent_commitment expected=9cd32df6 got=9cd32df6
[EXEC-QUORUM] height=2519 strict=3 relaxed=2 total=4 live=2 stall=1m46s
[EXEC-QUORUM] height=2519 strict=3 relaxed=2 total=4 live=2 stall=1m46s
[EXEC-QUORUM] height=2519 strict=3 relaxed=2 total=4 live=2 stall=1m46s
[EXEC-QUORUM] height=2519 strict=3 relaxed=2 total=4 live=2 stall=1m46s
[EXEC-QUORUM] height=2519 strict=3 relaxed=2 total=4 live=2 stall=1m46s
[EXEC-QUORUM] height=2519 strict=3 relaxed=2 total=4 live=2 stall=1m46s
[EXEC-QUORUM] height=2519 strict=3 relaxed=2 total=4 live=2 stall=1m46s
[EXEC-QUORUM] height=2519 strict=3 relaxed=2 total=4 live=2 stall=1m46s
[SYNC-QUEUE] reason=heartbeat local=2518 target=2519
[SYNC] reason=heartbeat local=2518 target=2519 votes=3 required=3 stage=direct_gossip action=block_range_fetch
[SYNC-REQUEST-START] peer=12D3KooW range=2519-2519 snapshot=false snapshot_height=0 timeout_ms=15000
[SYNC-REQUEST-OPEN] peer=12D3KooW range=2519-2519
[SYNC-REQUEST-OPEN-OK] peer=12D3KooW range=2519-2519 duration_ms=3
[SYNC-REQUEST-ENCODE] peer=12D3KooW range=2519-2519
[SYNC-REQUEST-ENCODE-OK] peer=12D3KooW range=2519-2519 duration_ms=8
[SYNC-REQUEST-DECODE] peer=12D3KooW range=2519-2519
[SYNC-REQUEST-START] peer=12D3KooW range=2519-2519 snapshot=false snapshot_height=0 timeout_ms=15000
[SYNC-REQUEST-OPEN] peer=12D3KooW range=2519-2519
[SYNC-REQUEST-OPEN-OK] peer=12D3KooW range=2519-2519 duration_ms=0
[SYNC-REQUEST-ENCODE] peer=12D3KooW range=2519-2519
[SYNC-REQUEST-ENCODE-OK] peer=12D3KooW range=2519-2519 duration_ms=2
[SYNC-REQUEST-DECODE] peer=12D3KooW range=2519-2519
Validator heartbeat received: C | reported_height=2518 | finalized_height=2518 | local_exec_epoch=2519
[EXEC-QUORUM] height=2519 strict=3 relaxed=2 total=4 live=2 stall=1m46s
[SYNC-REQUEST-RESULT] peer=12D3KooW range=2519-2519 count=0 snapshot=false duration_ms=6
2026/05/18 14:45:15 [SYNC-PIPELINE] stage=block_catchup
Validator heartbeat received: C | reported_height=2518 | finalized_height=2518 | local_exec_epoch=2519
[EXEC-QUORUM] height=2519 strict=3 relaxed=2 total=4 live=2 stall=1m46s
[SYNC-REQUEST-RESULT] peer=12D3KooW range=2519-2519 count=0 snapshot=false duration_ms=26
[SYNC-SINGLE] stage=range_fetch requested=2519 result=failed err=single_block_fetch_failed
[SYNC-REQUEST-START] peer=12D3KooW range=2519-2519 snapshot=false snapshot_height=0 timeout_ms=15000
[SYNC-REQUEST-OPEN] peer=12D3KooW range=2519-2519
[SYNC-REQUEST-OPEN-OK] peer=12D3KooW range=2519-2519 duration_ms=4
[SYNC-REQUEST-ENCODE] peer=12D3KooW range=2519-2519
[SYNC-REQUEST-START] peer=12D3KooW range=2519-2519 snapshot=false snapshot_height=0 timeout_ms=15000
[SYNC-REQUEST-OPEN] peer=12D3KooW range=2519-2519
[SYNC-REQUEST-ENCODE-OK] peer=12D3KooW range=2519-2519 duration_ms=1
[SYNC-REQUEST-DECODE] peer=12D3KooW range=2519-2519
[SYNC-REQUEST-OPEN-OK] peer=12D3KooW range=2519-2519 duration_ms=0
[SYNC-REQUEST-ENCODE] peer=12D3KooW range=2519-2519
[SYNC-REQUEST-ENCODE-OK] peer=12D3KooW range=2519-2519 duration_ms=0
[SYNC-REQUEST-DECODE] peer=12D3KooW range=2519-2519
[SYNC-REQUEST-RESULT] peer=12D3KooW range=2519-2519 count=0 snapshot=false duration_ms=15
[SYNC-REQUEST-RESULT] peer=12D3KooW range=2519-2519 count=0 snapshot=false duration_ms=4
[SYNC-SINGLE] stage=range_fetch requested=2519 result=failed err=single_block_fetch_failed
[SYNC-BATCH-STOP] stage=range_fetch local=2518 target=2519 reason=no_sync_peer exclude=4
[SYNC-SERVE-REQUEST] peer=12D3KooW requested=2519-2519 snapshot=false snapshot_height=0
[SYNC-SERVE-RESPONSE] peer=12D3KooW requested=2519-2519 served=0-0 count=0 snapshot=false tip_gap=true historical_gap=false duration_ms=0
[SYNC-SERVE-REQUEST] peer=12D3KooW requested=2519-2519 snapshot=false snapshot_height=0
[SYNC-SERVE-RESPONSE] peer=12D3KooW requested=2519-2519 served=0-0 count=0 snapshot=false tip_gap=true historical_gap=false duration_ms=0
Candidate heartbeat received: D | reported_height=2184 | finalized_height=2184 | local_exec_epoch=2185
Candidate heartbeat received: D | reported_height=2184 | finalized_height=2184 | local_exec_epoch=2185
